ITEM_INSTANCE_TRAN_ID,AREA_ID,AREA_NAME,ITEM_ID,ITEM_NAME,FORM_STATUS,AREA_ACTIVE_STATUS,FORM_ACTIVE_STATUS,FORM_URL,ITEM_CATEGORY_ID,CATEGORY_NAME,CATEGORY_ACTIVE_STATUS,DESCRIPTION,CATEGORY_SECTION_SCORE,CATEGORY_SECTION_POINTS_AVAILABLE,ITEM_QUESTION_FIELD_ID,QUESTION_ACTIVE_STATUS,CATEGORY_SECTION_POINTS_EARNED,QUESTION_TEXT,ANSWER,FORM_POINTS_AVAILABLE,FORM_POINTS_EARNED,PRIMARY_OR_SECONDARY,POINTS_NA,FORM_OVERALL_SCORE,QUESTION_POINTS_AVAILABLE_PRIMARY,QUESTION_POINTS_EARNED_PRIMARY,QUESTION_SCORE_PRIMARY,QUESTION_POINTS_AVAILABLE,QUESTION_POINTS_EARNED,QUESTION_SCORE,QUESTION_HAS_IMAGES,QUESTION_IMAGES_URL,ADD_CASE,NOTES,CASE_ID,CREATED_BY_DISPLAY_NAME,CREATED_DATETIME,MODIFIED_BY,MODIFIED_BY_DISPLAY_NAME,MODIFIED_DATETIME,CREATED_BY_SAM,CREATED_BY_BASIC_NAME,CREATED_BY_SUBDEPARTMENT,CREATED_BY_JOB_FUNCTION,CREATED_BY_JOB_TITLE,CREATED_BY_SUPERVISOR_SAM_STATIC,CREATED_BY_SUPERVISOR_DISPLAY_NAME_STATIC,CREATED_BY_SUPERVISOR_SAM_DYNAMIC,CREATED_BY_SUPERVISOR_DISPLAY_NAME_DYNAMIC,Company,Company_EXD_OBJECT_ID,CREATED_BY_EMPLOYEE_STATUS,Company Attendees,ITEM_OWNER,ITEM_OWNER_DISPLAY_NAME,ITEM_STATUS,CREATED_DAY_OF_MONTH,CREATED_DAY_OF_YEAR,FINALIZED_DAY_OF_MONTH,FINALIZED_DAY_OF_YEAR,QUESTION_CASE_CREATED,QUESTION_CASE_URL,QUESTION_CASE_SYSTEM_STATUS,QUESTION_CASE_CASE_TYPE_STATUS,QUESTION_CASE_THRESHOLD,QUESTION_CASE_THRESHOLD_URL,QUESTION_CASE_TITLE,QUESTION_CASE_ASSIGNEE_SAM,QUESTION_CASE_DUE_STATUS,FORM_BLOCKCHAIN_LOG_URL,FORM_TRIGGER_LOG_URL,FORM_PDF_URL,FORM_CASE_CREATED,FORM_CASE_THRESHOLD,FORM_CASE_THRESHOLD_URL,FORM_CASE_URL,FORM_CASE_SYSTEM_STATUS,FORM_CASE_CASE_TYPE_STATUS,FORM_CASE_TITLE,FORM_CASE_ASSIGNEE_SAM,FORM_CASE_DUE_STATUS,CREATED_DATETIME_DATE,CREATED_DATETIME_YEAR,CREATED_DATETIME_MONTH_NUMBER,CREATED_DATETIME_QUARTER,CREATED_DATETIME_YEARMONTH,CREATED_DATETIME_YEARQUARTER,CREATED_DATETIME_DATERANGE,CREATED_DATETIME_WEEK_NUMBER,CREATED_DATETIME_WEEK,CREATED_DATETIME_MONTHS_SINCE,CREATED_DATETIME_WEEKS_SINCE,CREATED_DATETIME_DAYS_SINCE,CREATED_DATETIME_MONTHS_SINCE_CATEGORY,CREATED_DATETIME_MONTH_NAME,CREATED_DATETIME_DAY_OF_WEEK_NAME,FINALIZED_DATETIME_DATE,FINALIZED_DATETIME_YEAR,FINALIZED_DATETIME_MONTH_NUMBER,FINALIZED_DATETIME_QUARTER,FINALIZED_DATETIME_YEARMONTH,FINALIZED_DATETIME_YEARQUARTER,FINALIZED_DATETIME_DATERANGE,FINALIZED_DATETIME_WEEK_NUMBER,FINALIZED_DATETIME_WEEK,FINALIZED_DATETIME_MONTHS_SINCE,FINALIZED_DATETIME_WEEKS_SINCE,FINALIZED_DATETIME_DAYS_SINCE,FINALIZED_DATETIME_MONTHS_SINCE_CATEGORY,FINALIZED_DATETIME_MONTH_NAME,FINALIZED_DATETIME_DAY_OF_WEEK_NAME
700001,100325,Customer Management,100168,Quarterly Review,Final,Y,N,Reviewed performance and gathered feedback.,100061,Sofia Larsson,N,,4.3,3.9,100704,Y,7.1,Are deliverables meeting expectations?,Some concerns about turnaround time.,2.7,3.8,Other,Y,9.0,2.5,6.4,5.3,1.7,6.8,1.5,,,N,,100028,Avery Ford,2025-08-19 15:57:00,rahul.blake@demomail.test,,2023-08-04 03:51:00,riley.costa@examplecorp.test,,,,Jamie Larsson,quinn.kim@examplecorp.test,Sofia Mercer,marco.silva@acme-fake.test,Jordan Ashby,Delta,100448,N,Beta,noah.ivanov@acme-fake.test,Quinn Whitfield,N,3175,3569,206,5510,N,,,,,Aligned on billing and renewal terms.,,marco.cohen@examplecorp.test,,Discussed timeline and next steps with the account.,aisha.ashby@demomail.test,fatima.patel@acme-fake.test,Y,,,,Alpha,Other,,Gamma,,2024-03-20 12:09:00,8343,7045,Other,Beta,Standard,Delta,6833,653,255,4531,242,Alpha,Quinn Costa,Fatima Kim,2026-01-08 07:29:00,9342,,Other,,,,,,,,,,,
700002,100554,Customer Management,100137,Quarterly Review,Final,N,N,Followed up on the open items from last week.,100305,Jordan Whitfield,Y,,3.2,8.7,100086,N,1.8,How likely are you to continue the engagement?,"Going well, minor tweaks needed.",6.0,2.3,Beta,Y,2.1,4.7,1.7,7.4,5.2,8.2,2.6,,,Y,,100205,Elena Silva,2023-07-21 22:05:00,emerson.ivanov@acme-fake.test,,2024-10-13 19:28:00,chen.rossi@examplecorp.test,,,,,liam.blake@acme-fake.test,Riley Dorsey,drew.reyes@examplecorp.test,Chen Cohen,Other,100372,Y,Other,reese.cohen@demomail.test,Sofia Calder,N,6148,3985,5160,6140,N,,,,,Reviewed performance and gathered feedback.,,quinn.rossi@demomail.test,,Scheduled a check-in for the coming month.,skyler.brooks@examplecorp.test,avery.blake@sampleco.test,Y,,,Other,,,,Beta,,2022-12-15 20:08:00,9974,3916,Beta,Gamma,Alpha,Standard,867,5682,5166,5938,8949,Beta,Jordan Sloan,Mei Rossi,2023-11-17 07:04:00,,,,,,,,,,,,,,
700003,100472,Resource Care,100673,Quarterly Review,Final,Y,N,Discussed timeline and next steps with the account.,100336,Fatima Ford,N,,7.9,5.5,100336,Y,7.7,How is communication with your team?,Happy with the progress.,2.1,1.1,Beta,N,1.7,6.0,2.8,9.7,8.1,8.2,6.7,,,Y,,100115,Elena Garcia,2023-06-09 22:05:00,elena.haddad@examplecorp.test,,2023-03-29 11:22:00,aisha.patel@sampleco.test,,,,,avery.ashby@examplecorp.test,Riley Ashby,riley.silva@examplecorp.test,Chen Sloan,Standard,100046,Y,Delta,avery.mercer@examplecorp.test,Skyler Calder,N,734,1716,3091,3369,Y,,,,,Resolved the outstanding question about scope.,,reese.dorsey@sampleco.test,,Aligned on billing and renewal terms.,fatima.ivanov@demomail.test,rowan.whitfield@demomail.test,Y,Standard,,,,,,,,2023-06-30 02:07:00,7707,7734,Delta,Gamma,Delta,Alpha,6963,6289,9862,8481,688,Alpha,Jamie Mercer,Fatima Haddad,2024-12-31 04:46:00,,,,,,,,,,,,,,
700004,100428,Customer Management,100267,Customer Success Check-In,Final,Y,N,Scheduled a check-in for the coming month.,100231,Yara Rossi,N,,6.9,9.5,100035,N,1.8,How satisfied are you with the service?,"Neutral, watching closely.",9.2,6.6,Delta,N,7.4,6.2,3.8,4.4,4.7,5.9,7.5,,,N,,100210,Mei Whitfield,2025-08-21 18:21:00,reese.haddad@demomail.test,,2024-02-01 17:13:00,diego.mercer@examplecorp.test,,,,Arjun Reyes,noah.nguyen@acme-fake.test,Chen Brooks,chen.silva@examplecorp.test,Mei Calder,Beta,100498,Y,Delta,reese.vance@sampleco.test,Chen Sato,N,8516,6823,5188,3134,Y,,,,,Aligned on billing and renewal terms.,,aisha.ford@sampleco.test,,Reviewed performance and gathered feedback.,jamie.larsson@sampleco.test,mei.vance@demomail.test,N,,Shared the updated proposal for review.,,,,,Standard,Standard,2022-12-02 02:38:00,3009,4389,Alpha,Beta,Beta,Beta,3174,1833,4406,2880,9226,Other,Arjun Rossi,Noah Mercer,2025-07-08 02:05:00,,,,,,,,,,,,,,
700005,100768,Resource Care,100656,Quarterly Review,Final,Y,Y,Scheduled a check-in for the coming month.,100320,Fatima Mensah,N,,8.0,3.2,100739,Y,9.6,Any concerns we should address?,Some concerns about turnaround time.,2.8,5.9,Beta,N,3.0,9.7,7.5,4.2,9.8,2.9,5.6,,,Y,,100247,Marco Mercer,2023-06-14 07:59:00,chen.mercer@examplecorp.test,,2025-03-19 05:59:00,rahul.vance@acme-fake.test,,,,,aisha.brooks@examplecorp.test,Morgan Reyes,aisha.brooks@examplecorp.test,Jamie Haddad,Other,100026,N,Delta,quinn.kim@examplecorp.test,Aisha Mercer,N,9247,4794,8563,8064,N,,,,,Shared the updated proposal for review.,,noah.cohen@acme-fake.test,,Aligned on billing and renewal terms.,quinn.reyes@demomail.test,taylor.sloan@acme-fake.test,N,Alpha,,Delta,Alpha,,,,,2025-11-04 04:10:00,5720,2404,Beta,Delta,Delta,Standard,7846,4925,7828,528,5711,Other,Elena Larsson,Rowan Nguyen,2024-06-09 19:44:00,,293,,,,,,,,,,,,
700006,100608,Resource Care,100121,Customer Success Check-In,Final,N,N,Noted a concern to revisit at the next sync.,100570,Omar Patel,Y,,1.9,6.2,100432,N,6.5,Are deliverables meeting expectations?,Very satisfied overall.,9.1,7.2,Gamma,Y,5.2,6.3,8.2,1.5,2.1,1.1,4.8,,,Y,,100442,Yara Whitfield,2024-01-01 09:15:00,drew.nguyen@examplecorp.test,,2022-12-23 13:15:00,rahul.costa@demomail.test,,,Beta,,omar.nguyen@demomail.test,Elena Ivanov,quinn.haddad@sampleco.test,Casey Haddad,Delta,100487,Y,Standard,skyler.mensah@demomail.test,Marco Mercer,N,9553,2083,7432,1376,N,,,,,Resolved the outstanding question about scope.,,morgan.brooks@demomail.test,,Discussed timeline and next steps with the account.,rahul.mercer@examplecorp.test,emerson.mercer@acme-fake.test,Y,,Aligned on billing and renewal terms.,,,,,,,2025-04-12 18:39:00,495,6805,Delta,Alpha,Alpha,Standard,9634,8244,8644,7028,2505,Gamma,Rahul Reyes,Jordan Whitfield,2022-11-26 02:57:00,,,,,,,1489,,9641,,5165,,,
700007,100522,Resource Care,100717,Wellness Check-In,Final,Y,N,Aligned on billing and renewal terms.,100208,Sofia Garcia,Y,,6.2,1.4,100559,Y,2.8,Any concerns we should address?,Exceeding expectations.,4.7,6.8,Beta,N,9.3,8.4,8.0,7.3,4.7,9.2,8.8,,,N,,100115,Chen Dorsey,2022-12-17 12:34:00,nina.sato@acme-fake.test,,2026-04-08 06:57:00,reese.nguyen@examplecorp.test,,,,,rahul.nguyen@acme-fake.test,Arjun Nguyen,avery.whitfield@examplecorp.test,Rahul Silva,Alpha,100140,Y,Gamma,avery.sato@acme-fake.test,Fatima Cohen,Y,5258,9671,2631,5975,Y,,,Standard,,Noted a concern to revisit at the next sync.,,nina.calder@examplecorp.test,,Aligned on billing and renewal terms.,priya.blake@demomail.test,morgan.ivanov@sampleco.test,Y,,,Gamma,Standard,,,Beta,,2025-11-14 22:13:00,5061,9783,Other,Delta,Standard,Delta,687,4149,1977,3783,668,Beta,Nina Reyes,Taylor Patel,2024-03-24 15:41:00,6020,,,,,,,,,2915,,,,
700008,100494,Customer Management,100619,Wellness Check-In,Draft,N,Y,Discussed timeline and next steps with the account.,100332,Marco Calder,N,,9.5,2.8,100737,Y,3.6,How is communication with your team?,Very satisfied overall.,8.5,3.0,Standard,N,3.2,8.1,1.2,3.9,9.5,3.7,7.0,,,N,,100005,Rahul Garcia,2026-05-09 05:08:00,noah.blake@sampleco.test,,2023-01-07 15:55:00,sofia.costa@acme-fake.test,,,,Yara Blake,quinn.mercer@acme-fake.test,Omar Nguyen,rahul.dorsey@sampleco.test,Reese Blake,Alpha,100073,Y,Standard,quinn.mercer@demomail.test,Liam Brooks,Y,5931,9513,6115,8486,Y,,,,,Discussed timeline and next steps with the account.,,marco.silva@demomail.test,,Resolved the outstanding question about scope.,nina.blake@acme-fake.test,chen.vance@examplecorp.test,N,,,,,,,Beta,,2023-07-05 05:39:00,5413,5613,Delta,Alpha,Alpha,Standard,312,8011,6041,4211,3573,Standard,Skyler Dorsey,Liam Vance,2024-04-22 04:25:00,,,,,,,,,,,,,,
700009,100532,Resource Care,100269,Wellness Check-In,Final,Y,Y,Resolved the outstanding question about scope.,100046,Elena Sloan,N,,8.0,1.4,100296,Y,3.7,How is communication with your team?,Exceeding expectations.,6.1,8.6,Gamma,Y,4.5,2.5,3.6,9.0,1.7,3.2,1.7,,,Y,,100665,Marco Nguyen,2023-02-16 01:50:00,mei.blake@examplecorp.test,,2025-03-18 06:15:00,sofia.rossi@acme-fake.test,,,,,riley.mensah@acme-fake.test,Yara Haddad,marco.calder@demomail.test,Diego Ivanov,Delta,100398,N,Alpha,taylor.rossi@demomail.test,Morgan Mercer,N,9977,9507,7355,9741,N,,,,,Shared the updated proposal for review.,,omar.okafor@demomail.test,,Noted a concern to revisit at the next sync.,alex.blake@examplecorp.test,diego.brooks@sampleco.test,N,,,,,,,Alpha,Standard,2023-04-23 03:33:00,2984,9639,Gamma,Gamma,Standard,Other,1481,610,4357,2564,8535,Gamma,Diego Sloan,Nina Mensah,2025-09-06 03:50:00,,,,,,,,,,,,,,
700010,100512,Customer Management,100768,Wellness Check-In,Final,Y,N,Reviewed performance and gathered feedback.,100288,Casey Patel,N,,6.9,1.3,100389,Y,3.0,How is communication with your team?,Very satisfied overall.,3.9,9.1,Other,Y,2.7,6.1,3.9,5.6,9.1,7.2,9.1,,,Y,,100393,Emerson Blake,2025-03-16 13:42:00,morgan.ford@examplecorp.test,,2026-01-01 17:37:00,jamie.patel@sampleco.test,,,,,rahul.ford@examplecorp.test,Quinn Ivanov,arjun.vance@demomail.test,Casey Kim,Alpha,100355,Y,Alpha,jamie.rossi@examplecorp.test,Jamie Vance,Y,5566,4820,9836,8796,N,,,,,Followed up on the open items from last week.,,emerson.kim@acme-fake.test,,Discussed timeline and next steps with the account.,marco.silva@sampleco.test,rahul.calder@demomail.test,N,,,Standard,,Gamma,,Gamma,,2025-01-01 03:20:00,5865,6644,Gamma,Delta,Standard,Delta,3499,8700,1584,6603,8442,Standard,Sofia Mercer,Marco Mensah,2024-09-19 12:09:00,,,,,,,,,,,,,,
700011,100446,Customer Management,100096,Quarterly Review,Draft,N,N,Noted a concern to revisit at the next sync.,100645,Noah Reyes,N,,7.8,2.3,100475,Y,9.0,How is communication with your team?,"Neutral, watching closely.",3.9,4.5,Delta,N,9.5,4.1,7.3,1.7,4.6,1.2,6.8,,,N,,100181,Riley Vance,2025-04-23 01:56:00,riley.reyes@examplecorp.test,,2025-12-06 05:02:00,emerson.whitfield@examplecorp.test,,,,Rahul Haddad,diego.reyes@demomail.test,Riley Okafor,elena.rossi@acme-fake.test,Arjun Vance,Gamma,100253,N,Delta,yara.cohen@acme-fake.test,Omar Blake,N,9745,9015,926,3140,Y,Gamma,,,,Aligned on billing and renewal terms.,,elena.whitfield@sampleco.test,,Shared the updated proposal for review.,casey.silva@demomail.test,yara.rossi@acme-fake.test,N,,,,,,,,,2025-10-10 17:20:00,3988,9305,Standard,Other,Standard,Beta,1158,2908,4957,3732,1164,Standard,Skyler Sato,Riley Sloan,2023-04-19 21:35:00,,,,,,,,3581,,,,,,
700012,100345,Customer Management,100768,Customer Success Check-In,Draft,Y,Y,Discussed timeline and next steps with the account.,100542,Emerson Vance,Y,,9.6,2.1,100412,Y,1.3,How satisfied are you with the service?,"Neutral, watching closely.",7.7,5.8,Standard,Y,5.1,5.0,9.6,9.9,9.7,6.3,5.3,,,Y,,100739,Sofia Larsson,2025-12-18 01:09:00,aisha.patel@acme-fake.test,,2024-10-05 01:07:00,jamie.mercer@examplecorp.test,Drew Blake,,,Marco Larsson,aisha.sato@acme-fake.test,Priya Blake,morgan.larsson@examplecorp.test,Elena Brooks,Other,100260,Y,Beta,noah.dorsey@sampleco.test,Rahul Larsson,N,7553,447,6757,3527,N,,,,,Aligned on billing and renewal terms.,,drew.patel@demomail.test,,Aligned on billing and renewal terms.,yara.sloan@acme-fake.test,fatima.garcia@acme-fake.test,N,,,Standard,,,,Gamma,,2026-01-18 00:10:00,1171,4943,Gamma,Delta,Gamma,Gamma,5572,8437,6416,413,8416,Other,Alex Dorsey,Skyler Reyes,2026-02-17 11:52:00,,,,,,,,,,,,,,
700013,100613,Resource Care,100453,Wellness Check-In,Final,Y,Y,Discussed timeline and next steps with the account.,100494,Avery Whitfield,Y,,5.4,7.2,100288,Y,4.4,How satisfied are you with the service?,"Going well, minor tweaks needed.",7.2,4.4,Standard,Y,1.9,2.0,2.7,1.2,5.7,3.7,1.2,,,N,,100372,Yara Patel,2024-11-23 14:11:00,quinn.blake@acme-fake.test,,2023-08-17 21:09:00,mei.haddad@examplecorp.test,Priya Okafor,,,,omar.sato@sampleco.test,Sofia Costa,priya.brooks@demomail.test,Casey Okafor,Standard,100651,Y,Gamma,reese.larsson@acme-fake.test,Rahul Vance,Y,1275,3051,4307,5877,N,,,,,Scheduled a check-in for the coming month.,,skyler.garcia@examplecorp.test,,Followed up on the open items from last week.,omar.larsson@examplecorp.test,rahul.blake@acme-fake.test,N,,,,,,Mei Costa,,,2025-03-18 13:18:00,1423,8247,Standard,Delta,Gamma,Delta,6742,2542,9217,2838,2382,Gamma,Morgan Blake,Emerson Rossi,2023-06-02 19:41:00,,,,,,,,,,,,,,
700014,100284,Resource Care,100522,Customer Success Check-In,Draft,N,N,Followed up on the open items from last week.,100704,Yara Mercer,Y,,9.6,4.5,100193,Y,2.9,How likely are you to continue the engagement?,Happy with the progress.,1.6,9.3,Beta,N,7.2,4.4,1.8,9.4,9.7,3.5,1.2,,,Y,,100494,Jamie Kim,2023-02-04 07:13:00,fatima.costa@examplecorp.test,,2024-10-21 12:57:00,drew.whitfield@examplecorp.test,,,,,priya.mensah@sampleco.test,Liam Sloan,taylor.okafor@acme-fake.test,Fatima Ivanov,Delta,100303,N,Delta,arjun.blake@examplecorp.test,Quinn Vance,N,4178,5027,2245,7132,Y,,,,,Resolved the outstanding question about scope.,,elena.ford@acme-fake.test,,Followed up on the open items from last week.,diego.mensah@examplecorp.test,noah.mercer@demomail.test,Y,,,,Gamma,,,,Beta,2024-08-10 08:30:00,6255,3540,Alpha,Other,Other,Beta,5949,7289,7591,2394,495,Gamma,Jordan Blake,Rahul Mensah,2023-12-17 21:16:00,,,,,,,,,,,,,,
700015,100217,Customer Management,100153,Quarterly Review,Final,Y,Y,Resolved the outstanding question about scope.,100683,Elena Reyes,N,,2.3,8.6,100071,N,5.7,How likely are you to continue the engagement?,"Going well, minor tweaks needed.",2.6,9.3,Gamma,Y,1.1,3.7,4.3,4.9,2.0,8.6,1.8,,,N,,100191,Noah Haddad,2026-07-07 18:00:00,skyler.sato@sampleco.test,,2022-10-20 18:15:00,priya.reyes@examplecorp.test,,,,,diego.ford@demomail.test,Fatima Costa,taylor.haddad@demomail.test,Alex Sato,Beta,100554,N,Delta,mei.brooks@acme-fake.test,Skyler Garcia,N,7866,5692,5290,9793,N,,,,,Discussed timeline and next steps with the account.,,mei.brooks@acme-fake.test,,Discussed timeline and next steps with the account.,emerson.cohen@acme-fake.test,rowan.patel@examplecorp.test,N,,,,,,Alex Nguyen,,Standard,2023-08-01 17:56:00,5044,3660,Alpha,Beta,Delta,Beta,6626,7799,4897,9281,9128,Delta,Noah Nguyen,Taylor Ivanov,2024-10-31 02:10:00,,,,,,,,,,,,,,
700016,100616,Resource Care,100647,Quarterly Review,Final,Y,Y,Reviewed performance and gathered feedback.,100587,Jamie Garcia,N,,7.5,5.0,100768,N,4.5,Any concerns we should address?,"Going well, minor tweaks needed.",7.3,9.9,Beta,Y,8.0,9.3,1.6,8.9,9.8,7.7,2.3,,,N,,100552,Alex Okafor,2026-02-09 18:22:00,omar.ashby@demomail.test,,2024-11-02 00:15:00,elena.rossi@examplecorp.test,Rowan Silva,,,,liam.blake@acme-fake.test,Fatima Mercer,taylor.costa@examplecorp.test,Emerson Okafor,Alpha,100538,N,Gamma,arjun.reyes@examplecorp.test,Morgan Kim,N,6785,6092,54,9289,Y,,,,,Resolved the outstanding question about scope.,,arjun.patel@examplecorp.test,,Aligned on billing and renewal terms.,diego.nguyen@sampleco.test,drew.larsson@sampleco.test,N,Beta,,,,,,,Gamma,2025-08-22 22:58:00,5279,3148,Gamma,Delta,Beta,Other,7037,2992,7186,1733,464,Beta,Diego Mensah,Alex Dorsey,2025-05-15 15:52:00,,,,,,,,,,,,,,
700017,100087,Resource Care,100561,Customer Success Check-In,Draft,N,Y,Resolved the outstanding question about scope.,100423,Elena Ivanov,N,,9.9,1.3,100671,N,8.3,Are deliverables meeting expectations?,Very satisfied overall.,2.8,8.8,Beta,Y,5.8,3.0,6.2,7.2,8.4,2.5,1.7,,,N,,100325,Omar Kim,2025-04-02 12:59:00,chen.okafor@examplecorp.test,,2023-05-12 02:10:00,sofia.reyes@acme-fake.test,Aisha Nguyen,,Alpha,,sofia.mensah@examplecorp.test,Liam Costa,elena.patel@examplecorp.test,Elena Silva,Alpha,100770,N,Other,morgan.reyes@acme-fake.test,Mei Sato,N,7645,4533,7965,7597,N,,,,,Noted a concern to revisit at the next sync.,,casey.nguyen@acme-fake.test,Beta,Aligned on billing and renewal terms.,noah.calder@examplecorp.test,arjun.nguyen@examplecorp.test,N,,,,Delta,,Avery Costa,,,2022-11-24 08:25:00,3306,7790,Delta,Other,Delta,Standard,7530,9719,2709,2666,9046,Beta,Omar Mercer,Omar Ashby,2023-10-24 08:34:00,,,,,,,,,,,,,,
700018,100314,Resource Care,100152,Quarterly Review,Final,N,N,Aligned on billing and renewal terms.,100445,Skyler Vance,N,,6.1,5.9,100183,N,2.7,Any concerns we should address?,"Going well, minor tweaks needed.",8.5,2.8,Other,N,7.0,9.9,6.7,9.6,7.1,3.4,4.5,,,Y,,100038,Sofia Silva,2025-11-14 00:55:00,drew.reyes@sampleco.test,,2024-05-24 12:19:00,yara.sato@examplecorp.test,,,,,emerson.ford@sampleco.test,Arjun Brooks,quinn.vance@sampleco.test,Morgan Cohen,Alpha,100252,Y,Alpha,mei.mensah@acme-fake.test,Jamie Sato,Y,3805,5973,7368,6516,Y,,,,,Shared the updated proposal for review.,,taylor.whitfield@sampleco.test,,Discussed timeline and next steps with the account.,reese.rossi@sampleco.test,casey.sato@demomail.test,Y,Gamma,,,,Gamma,Elena Brooks,Gamma,,2023-01-04 20:36:00,9270,6933,Alpha,Standard,Other,Standard,6981,4184,3133,3277,3042,Delta,Arjun Mercer,Noah Okafor,2024-05-03 03:47:00,,,,,,,,,8710,,,,,
700019,100775,Resource Care,100092,Wellness Check-In,Final,N,Y,Discussed timeline and next steps with the account.,100378,Arjun Sato,Y,,2.3,7.2,100613,N,1.3,How satisfied are you with the service?,"Neutral, watching closely.",8.9,3.7,Gamma,N,1.5,2.8,6.0,8.1,7.0,9.8,8.2,,,N,,100123,Diego Rossi,2026-07-07 08:45:00,sofia.kim@examplecorp.test,,2024-05-15 11:38:00,liam.whitfield@sampleco.test,,,,Elena Blake,reese.brooks@sampleco.test,Liam Cohen,nina.rossi@acme-fake.test,Diego Mercer,Standard,100352,Y,Alpha,jordan.rossi@examplecorp.test,Yara Sloan,N,7959,543,6534,6339,Y,Beta,,,,Followed up on the open items from last week.,,nina.ashby@examplecorp.test,,Noted a concern to revisit at the next sync.,avery.sloan@demomail.test,emerson.whitfield@demomail.test,N,,Shared the updated proposal for review.,,,,Yara Silva,,,2025-05-08 16:42:00,7480,1755,Delta,Alpha,Gamma,Gamma,7707,6713,6385,5098,1973,Other,Arjun Reyes,Jordan Mercer,2023-03-07 01:58:00,,,,,,,,,,,,,,
700020,100545,Resource Care,100236,Wellness Check-In,Draft,N,N,Noted a concern to revisit at the next sync.,100188,Elena Brooks,Y,,8.6,5.9,100498,N,2.2,How is communication with your team?,Very satisfied overall.,2.6,3.1,Standard,Y,1.6,4.2,1.4,9.8,6.5,1.0,2.5,,,N,,100233,Fatima Okafor,2024-06-09 06:54:00,arjun.sloan@demomail.test,,2024-11-07 12:41:00,skyler.nguyen@sampleco.test,Sofia Haddad,,Delta,,morgan.reyes@examplecorp.test,Avery Haddad,elena.costa@examplecorp.test,Mei Mercer,Beta,100484,Y,Standard,drew.rossi@acme-fake.test,Avery Cohen,Y,3973,1680,4112,6796,Y,,,,Standard,Followed up on the open items from last week.,,quinn.whitfield@sampleco.test,,Discussed timeline and next steps with the account.,jordan.vance@sampleco.test,omar.mercer@examplecorp.test,Y,,,,,Delta,Aisha Brooks,,Alpha,2023-09-24 01:59:00,4284,5524,Gamma,Alpha,Alpha,Delta,8978,698,9792,5947,2541,Gamma,Quinn Mensah,Rahul Whitfield,2024-08-17 00:37:00,,,,,,,,,,,,,,
700021,100355,Resource Care,100031,Wellness Check-In,Final,N,Y,Resolved the outstanding question about scope.,100619,Yara Larsson,Y,,5.5,6.7,100658,Y,2.2,Any concerns we should address?,Some concerns about turnaround time.,5.7,9.4,Gamma,Y,1.3,7.0,2.3,2.4,1.8,5.8,5.3,,,Y,,100361,Omar Reyes,2026-06-01 13:23:00,riley.sloan@demomail.test,,2024-04-16 18:47:00,rowan.mercer@examplecorp.test,,,Other,,jamie.cohen@acme-fake.test,Emerson Mensah,rahul.rossi@sampleco.test,Avery Mensah,Gamma,100574,Y,Standard,alex.dorsey@examplecorp.test,Fatima Rossi,Y,5075,9521,9564,5852,Y,,,,,Shared the updated proposal for review.,Diego Haddad,casey.okafor@acme-fake.test,,Aligned on billing and renewal terms.,riley.vance@examplecorp.test,liam.silva@sampleco.test,Y,,Discussed timeline and next steps with the account.,,,,,,Gamma,2025-10-19 16:04:00,6080,4523,Gamma,Alpha,Delta,Beta,5328,4324,200,6004,5117,Delta,Reese Cohen,Liam Calder,2023-04-13 11:21:00,,,,,,,,,,,,,,
700022,100500,Resource Care,100281,Wellness Check-In,Final,Y,N,Discussed timeline and next steps with the account.,100145,Diego Haddad,N,,6.1,8.4,100389,Y,6.7,Any concerns we should address?,"Neutral, watching closely.",6.0,2.9,Alpha,N,2.6,2.8,1.2,7.5,2.8,4.2,4.7,,,Y,,100765,Avery Whitfield,2024-08-13 02:44:00,taylor.sloan@sampleco.test,,2023-08-05 04:22:00,yara.rossi@acme-fake.test,,,Other,,emerson.sato@sampleco.test,Omar Patel,marco.mensah@acme-fake.test,Jordan Larsson,Other,100434,Y,Beta,avery.mensah@examplecorp.test,Mei Mensah,Y,4810,936,7175,8599,N,,,,,Scheduled a check-in for the coming month.,,jamie.whitfield@acme-fake.test,,Resolved the outstanding question about scope.,taylor.brooks@sampleco.test,jamie.garcia@demomail.test,Y,,,,,Other,,,,2024-05-10 03:00:00,4100,1672,Gamma,Delta,Other,Gamma,2001,8331,6173,2182,613,Alpha,Nina Brooks,Elena Costa,2025-01-21 07:59:00,,,,,,,,,,,,,,
700023,100177,Customer Management,100019,Wellness Check-In,Final,N,Y,Followed up on the open items from last week.,100387,Drew Haddad,N,,4.7,4.6,100680,Y,2.1,How is communication with your team?,"Going well, minor tweaks needed.",2.3,3.6,Delta,N,8.2,9.6,6.8,4.8,4.2,4.8,5.7,,,Y,,100629,Chen Costa,2024-11-17 04:03:00,morgan.mensah@acme-fake.test,,2024-07-04 08:20:00,alex.brooks@examplecorp.test,,,Beta,,rowan.haddad@examplecorp.test,Quinn Costa,rowan.reyes@sampleco.test,Alex Rossi,Other,100350,N,Standard,fatima.cohen@acme-fake.test,Marco Ford,N,9797,2427,5144,5580,Y,,,,,Shared the updated proposal for review.,,chen.sato@sampleco.test,,Resolved the outstanding question about scope.,jamie.blake@examplecorp.test,yara.ford@acme-fake.test,N,,,Standard,Alpha,,,,,2023-01-06 16:03:00,9251,5559,Delta,Other,Alpha,Beta,8413,8520,9219,7981,7657,Gamma,Quinn Ivanov,Fatima Haddad,2023-05-27 00:50:00,,,,,,,,,,,,,,
700024,100441,Resource Care,100640,Wellness Check-In,Draft,Y,N,Followed up on the open items from last week.,100494,Jordan Dorsey,N,,7.6,5.9,100454,Y,5.9,How likely are you to continue the engagement?,Exceeding expectations.,7.4,1.4,Standard,Y,7.5,5.6,2.2,9.2,2.6,9.4,5.3,,,Y,,100741,Diego Rossi,2024-10-08 16:28:00,fatima.reyes@acme-fake.test,,2023-05-06 08:21:00,alex.ivanov@sampleco.test,Drew Patel,,Beta,,yara.mensah@sampleco.test,Quinn Ivanov,reese.mensah@acme-fake.test,Alex Okafor,Standard,100718,N,Alpha,skyler.nguyen@demomail.test,Emerson Haddad,N,3182,303,4760,3976,N,,,,,Aligned on billing and renewal terms.,,nina.brooks@sampleco.test,,Discussed timeline and next steps with the account.,taylor.ashby@examplecorp.test,riley.patel@sampleco.test,N,,,,,,,,,2022-12-08 13:33:00,8432,62,Other,Delta,Gamma,Standard,2926,4147,4407,6649,6998,Other,Sofia Costa,Emerson Sato,2025-10-26 18:41:00,,,,,,,,,,,,,,
700025,100473,Customer Management,100765,Customer Success Check-In,Final,N,N,Followed up on the open items from last week.,100599,Noah Calder,N,,8.9,1.2,100739,N,8.1,How is communication with your team?,Exceeding expectations.,9.8,7.9,Alpha,N,1.7,2.6,9.8,7.5,6.3,3.6,9.1,,,Y,,100371,Jamie Blake,2024-01-17 16:35:00,riley.haddad@acme-fake.test,,2023-07-04 18:56:00,mei.sloan@examplecorp.test,,,Other,,aisha.costa@acme-fake.test,Jamie Vance,jordan.larsson@examplecorp.test,Diego Vance,Delta,100478,Y,Beta,aisha.kim@sampleco.test,Omar Dorsey,N,9134,6421,1973,8982,Y,,,,,Noted a concern to revisit at the next sync.,,arjun.rossi@demomail.test,,Scheduled a check-in for the coming month.,diego.costa@demomail.test,jamie.silva@examplecorp.test,N,,Followed up on the open items from last week.,,,,,,,2023-02-26 13:17:00,9891,4874,Alpha,Other,Other,Gamma,1329,3326,5050,297,8907,Gamma,Marco Sato,Arjun Vance,2023-12-26 20:53:00,,,,,,,,,,,,,,
700026,100191,Resource Care,100606,Customer Success Check-In,Final,N,N,Scheduled a check-in for the coming month.,100194,Marco Kim,Y,,7.3,9.1,100522,N,1.8,How is communication with your team?,Exceeding expectations.,9.6,5.9,Beta,Y,1.1,7.9,8.5,8.2,9.1,2.1,6.9,,,Y,,100445,Mei Reyes,2025-01-22 11:16:00,arjun.garcia@acme-fake.test,,2025-03-16 06:57:00,fatima.vance@examplecorp.test,,,,,liam.larsson@demomail.test,Quinn Blake,taylor.whitfield@acme-fake.test,Alex Sato,Beta,100578,N,Delta,riley.reyes@acme-fake.test,Emerson Brooks,N,6113,3244,4189,6027,Y,,,,,Shared the updated proposal for review.,,rowan.ashby@sampleco.test,,Noted a concern to revisit at the next sync.,riley.mercer@demomail.test,reese.ashby@sampleco.test,N,,,,,,,,,2024-01-08 23:20:00,7778,2368,Other,Alpha,Other,Other,8454,3845,9449,4255,5013,Gamma,Taylor Cohen,Omar Nguyen,2022-10-16 18:33:00,,5625,,Standard,,,,,,,,,,
700027,100765,Customer Management,100387,Wellness Check-In,Final,Y,Y,Aligned on billing and renewal terms.,100252,Nina Calder,N,,4.0,2.4,100089,Y,2.3,Any concerns we should address?,"Going well, minor tweaks needed.",9.6,6.9,Standard,Y,7.2,6.9,8.4,1.2,6.4,6.8,9.5,,,N,,100271,Priya Ford,2023-12-02 02:37:00,nina.ashby@examplecorp.test,,2024-07-27 17:46:00,marco.ford@acme-fake.test,,,,Avery Patel,mei.dorsey@examplecorp.test,Mei Nguyen,rowan.mercer@acme-fake.test,Reese Costa,Alpha,100205,Y,Standard,morgan.whitfield@demomail.test,Rowan Nguyen,Y,5508,7307,4759,1131,Y,,,,,Shared the updated proposal for review.,,mei.vance@acme-fake.test,,Reviewed performance and gathered feedback.,rowan.dorsey@sampleco.test,yara.brooks@examplecorp.test,Y,,,,Standard,Standard,,,,2023-01-07 14:52:00,8537,6313,Delta,Other,Alpha,Beta,120,9663,9132,9120,3763,Other,Omar Nguyen,Arjun Kim,2026-04-14 14:13:00,,,,,,,,,,,,,,
700028,100462,Customer Management,100461,Customer Success Check-In,Final,Y,N,Reviewed performance and gathered feedback.,100231,Rahul Larsson,N,,6.9,3.2,100153,N,6.7,How is communication with your team?,Happy with the progress.,7.9,8.2,Gamma,N,3.3,9.5,5.3,9.9,1.7,9.5,4.5,,,N,,100275,Liam Larsson,2025-03-29 11:25:00,noah.vance@examplecorp.test,,2022-11-19 11:28:00,rowan.whitfield@sampleco.test,,,,,jordan.vance@demomail.test,Nina Larsson,mei.costa@acme-fake.test,Taylor Ashby,Delta,100169,N,Beta,alex.brooks@sampleco.test,Elena Brooks,N,8121,8881,4643,9007,N,,,,,Resolved the outstanding question about scope.,,omar.ivanov@acme-fake.test,,Aligned on billing and renewal terms.,reese.sato@examplecorp.test,quinn.okafor@acme-fake.test,Y,Other,,,,,,Standard,,2024-11-21 23:49:00,5102,9150,Alpha,Standard,Other,Other,358,6522,6084,57,8950,Beta,Yara Sato,Fatima Vance,2026-05-16 07:04:00,,,,,,,,,,,,,,
700029,100098,Customer Management,100298,Wellness Check-In,Final,Y,Y,Followed up on the open items from last week.,100038,Morgan Whitfield,Y,,8.1,4.6,100721,N,8.5,How is communication with your team?,"Neutral, watching closely.",4.0,4.9,Alpha,N,2.2,6.1,3.4,4.3,8.6,3.9,9.8,,,Y,,100507,Morgan Costa,2023-04-25 15:09:00,marco.ashby@examplecorp.test,,2025-04-05 18:11:00,priya.whitfield@demomail.test,,,,,emerson.cohen@examplecorp.test,Quinn Ford,skyler.mercer@sampleco.test,Casey Mensah,Delta,100529,Y,Alpha,riley.vance@sampleco.test,Diego Ashby,Y,9405,6043,8950,8666,N,,,,,Shared the updated proposal for review.,,sofia.mensah@sampleco.test,,Shared the updated proposal for review.,omar.nguyen@sampleco.test,fatima.nguyen@demomail.test,N,,,,,,,,,2023-05-06 13:11:00,1299,9201,Alpha,Standard,Other,Gamma,6918,9841,3239,5326,5642,Alpha,Elena Rossi,Sofia Blake,2023-06-17 23:15:00,,,,,,,,,,,,,,
700030,100493,Resource Care,100454,Customer Success Check-In,Final,Y,Y,Noted a concern to revisit at the next sync.,100275,Mei Garcia,Y,,8.7,2.3,100647,N,2.0,How satisfied are you with the service?,Some concerns about turnaround time.,7.7,6.5,Beta,Y,4.4,5.2,9.4,8.5,7.7,2.0,7.7,,,Y,,100622,Mei Vance,2026-04-26 19:16:00,marco.vance@demomail.test,,2022-12-09 20:50:00,skyler.dorsey@sampleco.test,,,,,skyler.haddad@examplecorp.test,Rahul Brooks,chen.haddad@sampleco.test,Aisha Cohen,Standard,100565,N,Alpha,jordan.blake@acme-fake.test,Noah Calder,Y,7116,3791,1967,8315,Y,,,,,Noted a concern to revisit at the next sync.,,priya.rossi@examplecorp.test,,Shared the updated proposal for review.,quinn.garcia@acme-fake.test,diego.mercer@acme-fake.test,N,,,,Standard,,,,Alpha,2023-11-03 10:57:00,5026,9915,Other,Standard,Standard,Delta,9120,8341,9526,2118,9105,Other,Mei Calder,Fatima Larsson,2023-11-15 08:53:00,,,,,,,,,,,,,,
700031,100183,Customer Management,100532,Customer Success Check-In,Final,N,Y,Resolved the outstanding question about scope.,100161,Marco Kim,Y,,4.5,9.4,100579,Y,3.5,How satisfied are you with the service?,Exceeding expectations.,2.3,8.3,Other,Y,5.4,3.2,4.5,6.7,3.7,3.9,3.4,,,N,,100382,Priya Cohen,2025-05-08 04:17:00,sofia.reyes@sampleco.test,,2024-12-11 04:51:00,avery.ivanov@examplecorp.test,,,,Jamie Kim,chen.silva@acme-fake.test,Fatima Kim,priya.okafor@demomail.test,Elena Ford,Gamma,100606,N,Gamma,rowan.brooks@examplecorp.test,Arjun Sato,Y,9811,5298,9432,2296,Y,,,,,Shared the updated proposal for review.,,quinn.sloan@acme-fake.test,,Aligned on billing and renewal terms.,avery.okafor@sampleco.test,marco.patel@demomail.test,Y,,,,,,,,Delta,2024-04-20 00:08:00,3249,889,Gamma,Other,Delta,Beta,7354,9827,5760,6712,1893,Gamma,Arjun Rossi,Marco Larsson,2026-03-03 04:02:00,,,,,,,,,,,9399,,Marco Calder,
700032,100651,Resource Care,100730,Customer Success Check-In,Draft,N,N,Reviewed performance and gathered feedback.,100257,Sofia Garcia,Y,,1.4,8.3,100328,Y,7.2,How likely are you to continue the engagement?,Very satisfied overall.,7.2,8.4,Other,N,6.1,5.5,9.7,4.0,2.1,7.5,3.6,,,N,,100551,Avery Vance,2025-09-05 06:16:00,morgan.nguyen@acme-fake.test,,2026-07-27 18:25:00,fatima.reyes@demomail.test,,,,,emerson.larsson@demomail.test,Jamie Vance,liam.vance@demomail.test,Yara Cohen,Beta,100386,Y,Beta,casey.garcia@examplecorp.test,Morgan Blake,Y,5598,6975,1701,2448,Y,,,,,Shared the updated proposal for review.,,fatima.larsson@examplecorp.test,,Shared the updated proposal for review.,mei.reyes@demomail.test,mei.blake@acme-fake.test,N,,,,,,Chen Rossi,,Gamma,2023-08-13 08:10:00,7793,78,Gamma,Standard,Delta,Alpha,7856,7710,9811,4285,7019,Beta,Chen Mensah,Priya Garcia,2023-04-22 13:29:00,,,,,,,,,,,,,,
700033,100128,Customer Management,100172,Quarterly Review,Final,N,Y,Aligned on billing and renewal terms.,100058,Skyler Sloan,Y,,6.0,8.1,100596,Y,3.4,How is communication with your team?,"Neutral, watching closely.",6.6,5.1,Alpha,Y,8.4,4.8,1.8,6.6,7.1,8.0,8.6,,,N,,100162,Mei Haddad,2023-08-10 22:28:00,jordan.ford@examplecorp.test,,2025-03-13 20:02:00,riley.brooks@acme-fake.test,,,,Morgan Sloan,reese.nguyen@demomail.test,Rahul Haddad,liam.kim@demomail.test,Drew Cohen,Beta,100740,N,Beta,emerson.blake@demomail.test,Taylor Larsson,N,3378,3892,5082,9793,N,Alpha,,,,Scheduled a check-in for the coming month.,,marco.ivanov@acme-fake.test,,Discussed timeline and next steps with the account.,avery.silva@demomail.test,omar.okafor@examplecorp.test,Y,,Resolved the outstanding question about scope.,,,,,,,2025-12-26 08:17:00,409,189,Delta,Other,Delta,Other,705,1836,2073,3870,3090,Standard,Marco Whitfield,Chen Costa,2022-11-14 05:07:00,,,,,,,,,,,,,,
700034,100263,Resource Care,100611,Customer Success Check-In,Final,N,Y,Aligned on billing and renewal terms.,100622,Omar Reyes,N,,3.2,5.1,100028,N,1.6,Any concerns we should address?,Very satisfied overall.,6.1,7.8,Other,N,8.8,1.9,9.8,1.8,8.7,3.3,2.6,,,Y,,100053,Mei Silva,2025-11-23 19:50:00,jordan.sato@acme-fake.test,,2024-09-20 03:13:00,diego.kim@examplecorp.test,Quinn Whitfield,,,Diego Calder,priya.okafor@demomail.test,Alex Silva,elena.kim@sampleco.test,Avery Patel,Delta,100009,Y,Beta,nina.sloan@acme-fake.test,Casey Silva,N,8536,1123,3665,5409,N,,,,,Aligned on billing and renewal terms.,,riley.patel@examplecorp.test,,Reviewed performance and gathered feedback.,drew.whitfield@examplecorp.test,taylor.ashby@acme-fake.test,Y,,,Beta,,,,Gamma,,2024-07-31 00:24:00,1653,3474,Gamma,Gamma,Beta,Beta,5578,2340,4913,8280,5090,Alpha,Fatima Cohen,Mei Whitfield,2025-01-10 01:26:00,,,,,,Beta,,,,,,,,
700035,100604,Resource Care,100753,Customer Success Check-In,Final,Y,N,Scheduled a check-in for the coming month.,100165,Mei Vance,N,,9.7,7.3,100442,N,3.1,Any concerns we should address?,"Neutral, watching closely.",8.0,3.5,Standard,Y,6.4,5.3,9.2,9.5,3.7,6.4,6.1,,,N,,100487,Priya Reyes,2023-03-09 18:00:00,emerson.dorsey@sampleco.test,,2023-07-04 23:09:00,skyler.reyes@demomail.test,Skyler Nguyen,,,,jordan.whitfield@demomail.test,Emerson Silva,rowan.whitfield@acme-fake.test,Fatima Ashby,Delta,100047,N,Delta,morgan.brooks@sampleco.test,Fatima Whitfield,Y,7510,651,6989,4908,Y,,,,,Followed up on the open items from last week.,,diego.sato@acme-fake.test,,Noted a concern to revisit at the next sync.,alex.mensah@sampleco.test,liam.rossi@demomail.test,Y,Gamma,,,Alpha,Gamma,,,,2024-05-08 16:05:00,1193,5991,Gamma,Delta,Beta,Standard,7249,6391,4602,6999,4007,Standard,Quinn Larsson,Noah Calder,2025-11-10 08:06:00,,,,,,,,,,,,,Sofia Costa,
700036,100314,Resource Care,100545,Quarterly Review,Draft,N,N,Reviewed performance and gathered feedback.,100651,Emerson Haddad,N,,4.3,3.3,100244,Y,5.4,How likely are you to continue the engagement?,Very satisfied overall.,5.6,2.5,Delta,N,7.0,5.3,8.4,7.3,8.0,7.4,5.5,,,Y,,100639,Arjun Whitfield,2023-09-06 00:57:00,liam.haddad@sampleco.test,,2022-10-31 17:54:00,casey.garcia@examplecorp.test,,,,Sofia Brooks,arjun.dorsey@examplecorp.test,Nina Ivanov,drew.garcia@sampleco.test,Quinn Costa,Other,100552,N,Beta,rahul.whitfield@examplecorp.test,Chen Reyes,N,6265,7505,9542,7983,N,,,,,Scheduled a check-in for the coming month.,,noah.vance@sampleco.test,,Shared the updated proposal for review.,marco.ashby@examplecorp.test,jordan.ivanov@examplecorp.test,Y,,Shared the updated proposal for review.,Other,Other,,,,,2024-05-28 01:41:00,303,3142,Other,Alpha,Gamma,Gamma,9843,8841,1861,6394,814,Other,Yara Garcia,Quinn Whitfield,2025-10-02 18:51:00,,,,,,,,,,,,,,
700037,100029,Resource Care,100466,Wellness Check-In,Final,N,N,Resolved the outstanding question about scope.,100229,Noah Sato,Y,,2.9,7.3,100707,N,4.2,How is communication with your team?,Happy with the progress.,3.8,9.5,Standard,Y,4.6,2.8,1.4,9.0,6.9,3.0,1.1,,,Y,,100246,Alex Okafor,2025-09-20 04:21:00,morgan.garcia@demomail.test,,2025-09-09 00:44:00,aisha.whitfield@sampleco.test,,,Beta,,liam.calder@demomail.test,Quinn Mensah,alex.whitfield@demomail.test,Emerson Sato,Alpha,100638,Y,Delta,drew.whitfield@acme-fake.test,Reese Blake,N,1241,6717,8988,9336,N,,,,,Resolved the outstanding question about scope.,,morgan.reyes@examplecorp.test,,Resolved the outstanding question about scope.,rowan.calder@demomail.test,sofia.rossi@sampleco.test,Y,Gamma,,,,,,,,2023-03-04 00:41:00,4673,5753,Delta,Beta,Beta,Delta,7622,6831,4164,1758,1907,Gamma,Emerson Blake,Reese Patel,2023-01-26 05:44:00,,,,,,,,,,,,,,
700038,100454,Customer Management,100468,Wellness Check-In,Draft,Y,N,Noted a concern to revisit at the next sync.,100278,Jamie Dorsey,Y,,9.5,4.4,100410,Y,4.2,How satisfied are you with the service?,"Going well, minor tweaks needed.",1.7,4.0,Gamma,Y,4.7,9.3,4.1,3.9,5.0,8.6,4.9,,,N,,100303,Jamie Reyes,2024-12-10 14:01:00,skyler.ashby@sampleco.test,,2026-07-27 23:21:00,arjun.mercer@acme-fake.test,,,,,arjun.patel@sampleco.test,Yara Rossi,noah.calder@sampleco.test,Jordan Ford,Gamma,100559,Y,Delta,casey.silva@acme-fake.test,Skyler Ivanov,N,2338,4163,2435,5985,Y,,,,,Reviewed performance and gathered feedback.,,sofia.mensah@examplecorp.test,,Followed up on the open items from last week.,liam.ford@demomail.test,emerson.garcia@sampleco.test,Y,,Aligned on billing and renewal terms.,,,Beta,Jordan Vance,,Other,2023-05-15 12:35:00,293,8996,Alpha,Other,Gamma,Other,7809,4201,3846,330,5029,Beta,Casey Haddad,Morgan Costa,2025-10-08 04:48:00,,,,Delta,,,,,,,,,,
700039,100181,Customer Management,100208,Customer Success Check-In,Final,N,Y,Shared the updated proposal for review.,100582,Emerson Kim,N,,5.1,8.1,100229,N,9.6,How satisfied are you with the service?,"Neutral, watching closely.",6.5,7.7,Other,N,1.5,5.7,5.1,5.8,5.4,6.4,10.0,,,Y,,100157,Nina Rossi,2026-06-25 06:23:00,emerson.haddad@sampleco.test,,2025-11-09 18:20:00,fatima.dorsey@sampleco.test,,,,,elena.blake@sampleco.test,Alex Vance,aisha.whitfield@examplecorp.test,Priya Nguyen,Alpha,100629,Y,Other,drew.patel@acme-fake.test,Casey Dorsey,N,8285,3089,2199,8559,N,,,,,Shared the updated proposal for review.,,reese.costa@sampleco.test,,Resolved the outstanding question about scope.,mei.ivanov@sampleco.test,liam.brooks@sampleco.test,N,Alpha,Resolved the outstanding question about scope.,Gamma,Alpha,Other,Arjun Brooks,Standard,,2026-05-06 17:54:00,7869,5515,Gamma,Standard,Other,Other,9634,6068,5339,3717,8105,Standard,Chen Okafor,Avery Patel,2025-01-13 17:46:00,,,,,,,,,,9046,6841,,,
700040,100042,Customer Management,100405,Customer Success Check-In,Final,Y,Y,Noted a concern to revisit at the next sync.,100561,Chen Garcia,Y,,7.7,8.4,100250,N,9.2,How is communication with your team?,"Going well, minor tweaks needed.",1.4,1.7,Beta,Y,8.1,6.5,8.5,4.9,7.0,5.5,2.4,,,Y,,100393,Elena Cohen,2023-12-20 06:47:00,liam.vance@sampleco.test,,2024-04-20 19:08:00,nina.ashby@demomail.test,,,,,emerson.okafor@examplecorp.test,Jamie Patel,rowan.sato@acme-fake.test,Jordan Calder,Other,100528,N,Delta,alex.costa@examplecorp.test,Quinn Okafor,Y,752,5940,8396,3573,Y,,,,,Resolved the outstanding question about scope.,,nina.cohen@demomail.test,,Discussed timeline and next steps with the account.,alex.sato@sampleco.test,emerson.silva@sampleco.test,N,Standard,Noted a concern to revisit at the next sync.,,,,Aisha Silva,,,2023-07-28 12:07:00,6873,8688,Gamma,Beta,Delta,Beta,7387,3850,9574,5508,4386,Gamma,Nina Ashby,Arjun Larsson,2024-07-20 09:51:00,,,,,,,,,,,,,,
700041,100281,Customer Management,100210,Customer Success Check-In,Final,Y,N,Shared the updated proposal for review.,100496,Quinn Nguyen,N,,7.7,9.1,100696,N,8.8,Are deliverables meeting expectations?,Very satisfied overall.,7.1,6.4,Gamma,N,4.9,1.4,1.0,1.3,4.9,5.5,7.6,,,N,,100263,Quinn Haddad,2025-04-22 09:55:00,skyler.mensah@acme-fake.test,,2025-04-07 09:48:00,skyler.silva@demomail.test,,,,,elena.brooks@sampleco.test,Priya Sloan,liam.mercer@examplecorp.test,Diego Brooks,Alpha,100686,N,Other,avery.vance@examplecorp.test,Avery Calder,N,3633,3760,7392,2963,N,,,,,Followed up on the open items from last week.,Liam Larsson,sofia.garcia@sampleco.test,,Aligned on billing and renewal terms.,alex.larsson@demomail.test,aisha.ford@acme-fake.test,Y,,Resolved the outstanding question about scope.,Other,,Other,,,,2026-06-02 07:53:00,5213,1936,Standard,Delta,Gamma,Alpha,9672,8106,9052,8286,8457,Other,Arjun Sloan,Fatima Dorsey,2025-09-20 09:24:00,,,,,,,,,,,7033,,,
700042,100423,Resource Care,100439,Wellness Check-In,Final,N,Y,Scheduled a check-in for the coming month.,100200,Arjun Garcia,N,,2.4,4.9,100476,N,3.3,Are deliverables meeting expectations?,"Going well, minor tweaks needed.",1.8,5.2,Alpha,Y,2.5,5.5,6.8,8.2,1.7,4.1,1.9,,,N,,100787,Skyler Mercer,2024-06-16 18:39:00,drew.costa@demomail.test,,2026-07-09 00:05:00,sofia.dorsey@sampleco.test,Aisha Garcia,,Other,,diego.blake@demomail.test,Casey Ivanov,emerson.kim@examplecorp.test,Rowan Whitfield,Standard,100009,N,Standard,avery.larsson@examplecorp.test,Jamie Haddad,N,3546,9190,550,1623,Y,,,,,Resolved the outstanding question about scope.,,sofia.costa@sampleco.test,,Scheduled a check-in for the coming month.,morgan.nguyen@demomail.test,jordan.nguyen@acme-fake.test,N,,Followed up on the open items from last week.,,Delta,,Avery Nguyen,Delta,Delta,2024-08-30 01:40:00,7814,7950,Standard,Delta,Standard,Standard,3902,6437,4219,1538,6227,Gamma,Liam Costa,Rowan Costa,2022-10-04 02:21:00,,,,,,,,,,,,,,
700043,100495,Resource Care,100458,Wellness Check-In,Final,N,N,Reviewed performance and gathered feedback.,100328,Nina Ivanov,N,,3.9,6.3,100016,N,3.8,Any concerns we should address?,"Going well, minor tweaks needed.",1.8,5.0,Beta,Y,1.6,5.4,6.0,3.7,2.8,8.3,4.6,,,N,,100156,Reese Cohen,2026-06-20 20:36:00,sofia.mercer@demomail.test,,2025-06-16 07:25:00,diego.okafor@examplecorp.test,Jamie Kim,,,Noah Reyes,morgan.brooks@examplecorp.test,Taylor Blake,taylor.cohen@acme-fake.test,Avery Blake,Beta,100380,N,Beta,chen.sato@examplecorp.test,Jamie Cohen,N,3097,9029,2196,5330,Y,,,,,Reviewed performance and gathered feedback.,,jordan.sato@examplecorp.test,,Shared the updated proposal for review.,fatima.ashby@sampleco.test,alex.ford@demomail.test,Y,,Aligned on billing and renewal terms.,,Alpha,Other,,Alpha,,2024-06-19 13:27:00,8807,2327,Gamma,Standard,Gamma,Other,4815,6911,433,6941,8820,Delta,Liam Reyes,Marco Cohen,2023-07-18 11:47:00,,,,,,,,,2806,,,,,
700044,100747,Resource Care,100100,Wellness Check-In,Final,Y,N,Shared the updated proposal for review.,100303,Diego Brooks,N,,6.0,2.0,100065,Y,4.3,How is communication with your team?,Happy with the progress.,6.7,9.6,Delta,Y,2.9,8.1,3.1,2.7,4.0,2.1,8.2,,,Y,,100378,Diego Sato,2023-12-19 03:09:00,yara.costa@acme-fake.test,,2023-10-17 00:39:00,omar.silva@acme-fake.test,Skyler Dorsey,,,,fatima.calder@examplecorp.test,Omar Cohen,morgan.vance@acme-fake.test,Drew Mercer,Beta,100292,N,Gamma,reese.cohen@examplecorp.test,Drew Nguyen,Y,122,6242,5657,5243,Y,,,,,Discussed timeline and next steps with the account.,,jordan.garcia@demomail.test,,Discussed timeline and next steps with the account.,chen.mercer@examplecorp.test,jordan.blake@acme-fake.test,Y,,,,,,,,,2024-07-29 06:15:00,8797,3427,Standard,Gamma,Beta,Delta,7587,7826,3731,2974,857,Beta,Rowan Nguyen,Taylor Mensah,2025-06-12 10:25:00,,,,,,,,,,,,,,
700045,100758,Resource Care,100325,Customer Success Check-In,Final,N,Y,Scheduled a check-in for the coming month.,100593,Reese Blake,N,,7.9,8.4,100086,N,3.1,How likely are you to continue the engagement?,Very satisfied overall.,2.0,8.0,Alpha,Y,7.0,9.8,8.7,7.2,4.5,6.7,7.4,,,N,,100298,Noah Ashby,2024-02-26 03:35:00,casey.brooks@examplecorp.test,,2024-08-24 18:47:00,morgan.okafor@demomail.test,,,,,mei.ivanov@sampleco.test,Nina Cohen,morgan.cohen@sampleco.test,Aisha Reyes,Beta,100003,N,Standard,diego.mercer@acme-fake.test,Arjun Mercer,Y,2763,447,6001,4896,N,,,,,Reviewed performance and gathered feedback.,,priya.haddad@acme-fake.test,,Discussed timeline and next steps with the account.,marco.reyes@demomail.test,skyler.costa@sampleco.test,N,Alpha,,Other,Delta,,,Delta,,2024-09-27 01:12:00,8104,7830,Beta,Delta,Delta,Standard,6300,5839,6615,6848,1813,Gamma,Liam Whitfield,Fatima Mercer,2026-02-19 04:51:00,,,,,,,,,,,,,,
700046,100672,Customer Management,100423,Quarterly Review,Final,N,Y,Resolved the outstanding question about scope.,100702,Noah Mensah,Y,,6.0,5.3,100089,N,2.7,How satisfied are you with the service?,"Going well, minor tweaks needed.",2.2,5.2,Other,Y,8.0,6.2,9.4,2.0,7.3,7.5,7.7,,,N,,100494,Yara Vance,2024-03-24 19:09:00,aisha.brooks@sampleco.test,,2024-03-30 03:24:00,avery.haddad@sampleco.test,Avery Ivanov,,,,morgan.mercer@sampleco.test,Fatima Ashby,aisha.mensah@sampleco.test,Omar Rossi,Standard,100659,Y,Delta,yara.garcia@demomail.test,Jamie Costa,N,5040,4610,2341,4532,N,,,,,Shared the updated proposal for review.,,arjun.whitfield@demomail.test,,Resolved the outstanding question about scope.,reese.cohen@sampleco.test,jordan.rossi@demomail.test,Y,,,Gamma,Other,,,,,2024-03-13 20:16:00,3276,3354,Gamma,Delta,Gamma,Other,1231,7325,8131,4698,7346,Gamma,Morgan Kim,Rowan Ford,2022-11-30 11:35:00,,,,,,,,,,,,,,
700047,100345,Customer Management,100109,Wellness Check-In,Final,Y,Y,Noted a concern to revisit at the next sync.,100121,Liam Nguyen,Y,,9.2,4.9,100022,N,7.0,How satisfied are you with the service?,Happy with the progress.,1.1,1.8,Standard,Y,5.7,1.7,2.7,4.7,5.9,5.8,3.2,,,Y,,100718,Taylor Sloan,2024-10-11 12:42:00,skyler.kim@examplecorp.test,,2024-03-01 09:16:00,quinn.costa@demomail.test,,,,,elena.calder@acme-fake.test,Elena Silva,chen.mensah@examplecorp.test,Jordan Sloan,Other,100068,N,Delta,casey.ashby@sampleco.test,Fatima Silva,N,5662,5396,8900,8770,Y,Standard,,,,Followed up on the open items from last week.,,mei.larsson@acme-fake.test,,Aligned on billing and renewal terms.,casey.brooks@sampleco.test,morgan.brooks@demomail.test,N,,,Other,Beta,Gamma,,,Other,2023-01-31 14:01:00,3125,2027,Alpha,Alpha,Standard,Other,6889,1327,4864,2880,6634,Delta,Omar Silva,Arjun Ashby,2025-01-19 07:44:00,,,,,,,,,4596,,,,,
700048,100152,Customer Management,100194,Wellness Check-In,Final,N,N,Discussed timeline and next steps with the account.,100498,Nina Garcia,Y,,5.3,3.3,100203,N,3.6,How satisfied are you with the service?,"Going well, minor tweaks needed.",6.5,5.5,Other,N,1.6,3.0,5.1,3.6,3.5,7.7,6.3,,,N,,100399,Priya Mensah,2025-02-28 16:09:00,emerson.rossi@examplecorp.test,,2023-06-07 06:07:00,mei.ashby@examplecorp.test,,,,,taylor.rossi@acme-fake.test,Liam Sloan,sofia.ivanov@examplecorp.test,Rowan Ivanov,Delta,100369,N,Alpha,skyler.vance@demomail.test,Skyler Sloan,Y,2291,9280,368,4287,Y,,,,,Noted a concern to revisit at the next sync.,,sofia.whitfield@examplecorp.test,,Shared the updated proposal for review.,diego.sato@acme-fake.test,rahul.blake@demomail.test,N,,Followed up on the open items from last week.,Delta,,,,,,2024-11-23 22:46:00,1847,9750,Alpha,Delta,Gamma,Standard,4284,1526,2293,1292,8020,Beta,Priya Nguyen,Avery Mensah,2025-11-27 20:15:00,,,,,,,,,,,,,,
700049,100275,Resource Care,100050,Wellness Check-In,Final,N,N,Followed up on the open items from last week.,100369,Drew Mensah,Y,,1.6,9.0,100770,N,7.7,Any concerns we should address?,"Going well, minor tweaks needed.",5.7,4.5,Alpha,N,1.5,3.0,10.0,7.4,5.6,5.7,7.2,,,N,,100299,Liam Patel,2026-02-10 16:33:00,jamie.ford@acme-fake.test,,2023-10-28 15:26:00,priya.sato@acme-fake.test,,,Beta,,fatima.ford@demomail.test,Alex Vance,elena.mercer@acme-fake.test,Riley Calder,Beta,100476,Y,Other,taylor.blake@examplecorp.test,Omar Brooks,Y,7016,2401,9379,220,Y,,,,,Aligned on billing and renewal terms.,,casey.sato@acme-fake.test,,Scheduled a check-in for the coming month.,skyler.ashby@sampleco.test,noah.costa@examplecorp.test,Y,,Aligned on billing and renewal terms.,,,Delta,,Other,,2026-03-29 21:38:00,5475,7631,Gamma,Alpha,Beta,Other,8915,5924,1435,5789,4657,Alpha,Yara Mensah,Emerson Rossi,2023-09-05 14:34:00,,,,,,,,,,,,,,
700050,100519,Customer Management,100782,Quarterly Review,Final,Y,Y,Noted a concern to revisit at the next sync.,100624,Reese Brooks,Y,,8.6,3.4,100350,Y,3.3,How likely are you to continue the engagement?,Exceeding expectations.,1.6,2.1,Other,N,5.3,3.0,6.5,6.7,6.4,9.4,3.4,,,N,,100713,Liam Mensah,2025-05-18 20:24:00,sofia.garcia@examplecorp.test,,2024-11-19 21:40:00,casey.costa@sampleco.test,,,,,emerson.silva@acme-fake.test,Diego Haddad,sofia.calder@acme-fake.test,Chen Ashby,Gamma,100713,Y,Other,elena.sloan@sampleco.test,Priya Silva,Y,2073,6403,7295,1447,Y,,,,,Discussed timeline and next steps with the account.,,skyler.mercer@demomail.test,,Aligned on billing and renewal terms.,drew.haddad@demomail.test,jordan.mensah@sampleco.test,N,,Aligned on billing and renewal terms.,,,Alpha,Nina Reyes,Beta,Beta,2023-06-17 04:06:00,31,9370,Standard,Delta,Beta,Alpha,2917,6633,5978,4910,7873,Gamma,Casey Mensah,Rowan Nguyen,2025-07-17 20:48:00,,,,,,,,,,,,,,
700051,100790,Resource Care,100496,Customer Success Check-In,Final,N,Y,Discussed timeline and next steps with the account.,100291,Casey Mercer,N,,4.0,6.3,100118,N,5.3,Are deliverables meeting expectations?,Some concerns about turnaround time.,4.8,4.2,Other,Y,1.4,8.4,9.9,1.0,7.4,2.6,6.8,,,Y,,100404,Noah Cohen,2022-10-21 20:22:00,rahul.whitfield@acme-fake.test,,2022-10-23 07:17:00,fatima.sloan@acme-fake.test,,,,Yara Silva,marco.brooks@demomail.test,Rahul Haddad,priya.mensah@demomail.test,Diego Patel,Delta,100645,Y,Gamma,marco.calder@examplecorp.test,Morgan Blake,Y,7817,2540,8348,3814,N,Gamma,,,,Aligned on billing and renewal terms.,,arjun.blake@sampleco.test,,Reviewed performance and gathered feedback.,mei.whitfield@sampleco.test,chen.sato@examplecorp.test,N,,,,,,,,,2024-12-21 12:36:00,1148,8991,Delta,Alpha,Delta,Beta,148,9985,7096,1256,5356,Delta,Avery Patel,Jordan Cohen,2024-02-12 11:20:00,,,,,,,,,,,,,,
700052,100191,Resource Care,100215,Quarterly Review,Final,N,Y,Noted a concern to revisit at the next sync.,100432,Chen Dorsey,Y,,3.4,4.9,100054,N,5.8,How likely are you to continue the engagement?,Very satisfied overall.,1.7,3.2,Gamma,N,6.1,4.5,3.4,5.0,7.4,5.3,6.6,,,Y,,100756,Sofia Haddad,2024-11-03 07:09:00,taylor.nguyen@acme-fake.test,,2023-01-22 19:54:00,quinn.whitfield@examplecorp.test,,,,Fatima Sloan,rahul.haddad@demomail.test,Noah Garcia,quinn.larsson@examplecorp.test,Aisha Ashby,Gamma,100568,N,Other,alex.vance@acme-fake.test,Noah Nguyen,N,5950,7336,4015,558,N,,,,,Discussed timeline and next steps with the account.,,liam.mensah@sampleco.test,,Resolved the outstanding question about scope.,emerson.larsson@examplecorp.test,liam.ford@sampleco.test,Y,Gamma,,,,,,,,2023-10-27 23:55:00,665,2909,Other,Delta,Gamma,Other,1493,5541,8913,1306,2106,Gamma,Rowan Patel,Morgan Costa,2025-04-28 02:53:00,,,,,,,,,,,,Alpha,,
700053,100153,Resource Care,100732,Quarterly Review,Final,Y,N,Aligned on billing and renewal terms.,100140,Arjun Sato,Y,,7.7,2.5,100664,Y,9.7,Are deliverables meeting expectations?,Happy with the progress.,1.9,6.7,Standard,N,9.5,1.9,1.2,2.7,5.3,7.8,9.3,,,N,,100026,Diego Vance,2024-12-28 01:17:00,skyler.ivanov@demomail.test,,2025-04-14 10:04:00,aisha.vance@demomail.test,,,,,quinn.reyes@demomail.test,Riley Cohen,nina.costa@examplecorp.test,Reese Ivanov,Beta,100253,Y,Delta,noah.mercer@demomail.test,Rahul Mensah,N,6315,3688,5124,917,N,,,,,Aligned on billing and renewal terms.,,nina.cohen@demomail.test,,Noted a concern to revisit at the next sync.,chen.brooks@sampleco.test,rahul.mensah@demomail.test,N,Alpha,,,,,Priya Reyes,,,2023-05-03 04:33:00,8035,6529,Alpha,Alpha,Other,Beta,2606,1327,8849,1802,8636,Beta,Taylor Patel,Noah Calder,2023-01-20 00:36:00,,,,,,,,,,,,,,
700054,100616,Customer Management,100525,Quarterly Review,Final,N,Y,Scheduled a check-in for the coming month.,100700,Jordan Costa,N,,7.8,1.7,100652,N,7.0,Any concerns we should address?,Exceeding expectations.,10.0,9.8,Other,N,8.2,5.3,7.0,2.4,8.5,4.4,1.1,,,N,,100322,Chen Cohen,2025-11-18 01:53:00,omar.ashby@sampleco.test,,2026-05-16 03:03:00,avery.reyes@acme-fake.test,,,,,alex.brooks@sampleco.test,Rowan Cohen,jamie.ford@sampleco.test,Sofia Larsson,Alpha,100385,N,Alpha,avery.blake@sampleco.test,Emerson Costa,N,1410,3005,5769,5808,N,,,Other,,Resolved the outstanding question about scope.,,skyler.cohen@examplecorp.test,,Shared the updated proposal for review.,elena.sloan@examplecorp.test,riley.larsson@demomail.test,N,,,Gamma,,,Emerson Calder,Beta,Delta,2025-08-02 02:16:00,5868,2299,Standard,Beta,Alpha,Gamma,7247,2718,4991,5140,3179,Delta,Elena Calder,Liam Dorsey,2023-05-14 11:54:00,,,,,,,,,,,,,,
700055,100320,Customer Management,100200,Quarterly Review,Final,Y,N,Noted a concern to revisit at the next sync.,100678,Avery Larsson,Y,,7.5,2.1,100561,N,1.1,Are deliverables meeting expectations?,Happy with the progress.,9.7,6.7,Other,N,7.4,7.1,3.8,7.3,9.9,7.6,7.5,,,N,,100267,Emerson Garcia,2025-06-05 18:38:00,rahul.reyes@demomail.test,,2024-07-15 06:44:00,fatima.silva@demomail.test,,,,,priya.okafor@examplecorp.test,Quinn Brooks,avery.ivanov@examplecorp.test,Sofia Rossi,Beta,100298,N,Beta,priya.blake@examplecorp.test,Omar Rossi,Y,2286,1101,2536,2023,Y,,,,,Noted a concern to revisit at the next sync.,,priya.rossi@acme-fake.test,,Reviewed performance and gathered feedback.,jordan.ivanov@demomail.test,jamie.vance@acme-fake.test,Y,Standard,,,Alpha,,,,,2023-10-27 19:17:00,9320,6228,Other,Standard,Other,Gamma,7587,2861,5786,3686,15,Other,Priya Sloan,Avery Okafor,2026-05-08 08:31:00,,,,Alpha,,,,,,,,,,
700056,100578,Resource Care,100542,Quarterly Review,Final,N,N,Resolved the outstanding question about scope.,100707,Diego Dorsey,Y,,1.5,6.0,100115,N,1.6,Are deliverables meeting expectations?,Very satisfied overall.,5.9,7.0,Gamma,Y,5.2,7.2,3.5,3.8,3.2,5.1,3.4,,,Y,,100079,Drew Mensah,2024-05-31 20:46:00,sofia.garcia@examplecorp.test,,2022-11-14 13:07:00,quinn.rossi@acme-fake.test,,,,Taylor Whitfield,taylor.kim@demomail.test,Alex Larsson,elena.costa@demomail.test,Priya Rossi,Delta,100572,Y,Alpha,nina.cohen@sampleco.test,Rowan Mensah,Y,416,6722,5438,328,N,,,,,Reviewed performance and gathered feedback.,,priya.garcia@examplecorp.test,,Noted a concern to revisit at the next sync.,emerson.kim@acme-fake.test,omar.sato@demomail.test,N,Delta,,,,,Casey Larsson,,Delta,2025-07-20 07:02:00,8196,925,Beta,Gamma,Other,Delta,882,9026,6968,5636,5587,Delta,Jordan Ashby,Rowan Calder,2026-02-25 21:57:00,,,,,,,,,,,,,,
700057,100355,Customer Management,100775,Customer Success Check-In,Final,N,N,Noted a concern to revisit at the next sync.,100786,Aisha Ivanov,N,,9.8,4.4,100680,Y,3.5,Any concerns we should address?,Some concerns about turnaround time.,6.1,3.3,Standard,N,2.3,4.8,4.6,9.3,6.1,9.2,1.1,,,N,,100096,Drew Ivanov,2025-07-07 20:38:00,jamie.garcia@examplecorp.test,,2025-03-19 18:16:00,marco.ivanov@acme-fake.test,,,,Yara Sloan,fatima.sloan@demomail.test,Drew Blake,diego.calder@demomail.test,Skyler Larsson,Standard,100040,Y,Gamma,sofia.nguyen@demomail.test,Casey Blake,Y,1198,836,7279,5837,Y,,,,,Aligned on billing and renewal terms.,,jordan.costa@acme-fake.test,,Aligned on billing and renewal terms.,drew.mensah@demomail.test,arjun.garcia@demomail.test,N,Alpha,,,,,,,Other,2022-10-12 11:02:00,8250,5405,Alpha,Beta,Other,Beta,8204,6490,9936,9744,7202,Other,Priya Dorsey,Taylor Calder,2023-11-20 12:10:00,,,,,,,,,,,,,,
700058,100540,Resource Care,100787,Wellness Check-In,Final,Y,Y,Noted a concern to revisit at the next sync.,100140,Quinn Haddad,N,,6.3,4.3,100421,N,6.2,Are deliverables meeting expectations?,Exceeding expectations.,1.2,3.5,Standard,N,2.0,4.2,6.2,4.8,3.5,7.9,2.8,,,N,,100498,Priya Mensah,2024-03-30 02:11:00,skyler.haddad@examplecorp.test,,2022-10-30 09:18:00,jordan.ashby@sampleco.test,Nina Calder,,,Rowan Mensah,omar.okafor@examplecorp.test,Diego Reyes,reese.blake@acme-fake.test,Reese Costa,Beta,100425,Y,Alpha,morgan.cohen@sampleco.test,Quinn Garcia,N,5647,9566,5624,6389,Y,,,,,Shared the updated proposal for review.,,fatima.okafor@demomail.test,,Noted a concern to revisit at the next sync.,riley.calder@examplecorp.test,sofia.ford@demomail.test,N,,,,,,,,,2024-05-23 23:35:00,6977,3490,Other,Beta,Beta,Delta,3459,3684,3872,5004,7397,Alpha,Rahul Brooks,Noah Brooks,2026-03-25 15:29:00,,,,Alpha,,,,,,86,,,,
700059,100604,Customer Management,100003,Quarterly Review,Final,Y,N,Aligned on billing and renewal terms.,100201,Nina Mensah,N,,6.3,7.7,100445,Y,6.3,How satisfied are you with the service?,"Going well, minor tweaks needed.",4.4,1.1,Gamma,Y,8.4,5.4,3.6,6.5,3.1,3.2,1.6,,,N,,100691,Elena Cohen,2026-05-04 00:27:00,jamie.dorsey@demomail.test,,2023-04-23 06:43:00,riley.nguyen@sampleco.test,,,,,jordan.mensah@examplecorp.test,Mei Kim,yara.larsson@examplecorp.test,Avery Blake,Delta,100439,N,Beta,skyler.costa@demomail.test,Sofia Sato,N,1967,5339,8002,8757,N,,,,,Reviewed performance and gathered feedback.,Morgan Dorsey,reese.reyes@demomail.test,,Noted a concern to revisit at the next sync.,priya.cohen@demomail.test,arjun.costa@sampleco.test,N,,,,,,,Gamma,Delta,2023-08-26 17:56:00,3405,8114,Standard,Other,Gamma,Other,9525,8234,3878,6868,2844,Alpha,Morgan Calder,Quinn Reyes,2023-03-04 21:46:00,,,,,,,,,,,,,,
700060,100512,Customer Management,100087,Quarterly Review,Final,N,Y,Followed up on the open items from last week.,100219,Morgan Patel,N,,2.6,1.5,100128,Y,2.3,Are deliverables meeting expectations?,"Neutral, watching closely.",8.7,3.5,Other,Y,1.1,1.8,3.5,8.7,2.8,8.5,7.9,,,Y,,100155,Mei Blake,2023-12-12 07:23:00,rahul.brooks@acme-fake.test,,2025-03-18 23:59:00,jamie.mensah@sampleco.test,Drew Mensah,,,,emerson.mensah@demomail.test,Chen Ashby,nina.mensah@sampleco.test,Arjun Sato,Gamma,100472,Y,Beta,chen.ford@sampleco.test,Yara Silva,Y,2058,9441,6721,3349,N,,,,,Resolved the outstanding question about scope.,,liam.larsson@acme-fake.test,,Reviewed performance and gathered feedback.,skyler.dorsey@examplecorp.test,taylor.blake@demomail.test,Y,,,,Beta,Beta,,Delta,,2025-02-01 06:43:00,8748,3715,Gamma,Alpha,Beta,Beta,3024,6818,2650,8664,3443,Standard,Drew Nguyen,Chen Ashby,2023-11-14 05:20:00,,,,,,,,,,,,,Avery Larsson,
700061,100191,Customer Management,100495,Wellness Check-In,Final,N,N,Discussed timeline and next steps with the account.,100156,Jordan Sloan,Y,,8.3,3.2,100522,Y,6.3,How likely are you to continue the engagement?,"Going well, minor tweaks needed.",5.0,1.2,Other,Y,5.5,8.2,8.1,4.3,4.8,7.0,6.1,,,Y,,100659,Reese Vance,2025-12-21 02:52:00,drew.reyes@sampleco.test,,2025-10-09 05:38:00,elena.patel@sampleco.test,,,,Alex Dorsey,morgan.mercer@sampleco.test,Elena Silva,jamie.mensah@acme-fake.test,Omar Patel,Standard,100689,Y,Standard,casey.calder@sampleco.test,Rahul Larsson,N,5396,5899,7709,3158,Y,,,,,Reviewed performance and gathered feedback.,,reese.kim@sampleco.test,,Aligned on billing and renewal terms.,marco.mensah@examplecorp.test,yara.ashby@examplecorp.test,N,,,,Gamma,,,,,2024-02-09 00:37:00,8801,5394,Other,Delta,Other,Beta,5566,9192,1464,7837,1490,Alpha,Reese Costa,Mei Silva,2025-10-05 13:37:00,,,,,,,,,,,,,,
700062,100504,Resource Care,100142,Wellness Check-In,Draft,N,Y,Reviewed performance and gathered feedback.,100750,Aisha Ashby,N,,6.0,6.8,100528,N,7.6,How satisfied are you with the service?,"Going well, minor tweaks needed.",3.1,8.8,Other,N,8.1,9.8,5.8,8.9,7.1,1.3,6.7,,,N,,100638,Rowan Vance,2023-05-31 05:33:00,alex.larsson@examplecorp.test,,2026-06-21 20:25:00,marco.cohen@demomail.test,Sofia Ford,,,,chen.larsson@examplecorp.test,Skyler Mensah,avery.mensah@acme-fake.test,Yara Haddad,Delta,100438,N,Standard,riley.sato@sampleco.test,Skyler Vance,Y,9530,1541,7492,9145,N,,,,,Shared the updated proposal for review.,,priya.sloan@demomail.test,,Discussed timeline and next steps with the account.,taylor.patel@examplecorp.test,rahul.haddad@examplecorp.test,Y,Delta,Scheduled a check-in for the coming month.,,,Beta,,,,2026-02-25 17:13:00,8236,3335,Gamma,Beta,Other,Other,7253,1834,7612,9756,8130,Alpha,Skyler Ivanov,Mei Mensah,2022-10-14 07:50:00,,,,,,,,,,,,,,
700063,100169,Customer Management,100593,Quarterly Review,Final,Y,N,Aligned on billing and renewal terms.,100635,Avery Mercer,N,,4.3,5.8,100654,N,4.1,How likely are you to continue the engagement?,"Going well, minor tweaks needed.",7.7,1.1,Beta,N,7.4,6.2,2.2,6.0,7.2,9.8,2.0,,,N,,100730,Sofia Cohen,2026-04-19 20:11:00,yara.sloan@demomail.test,Diego Blake,2026-05-10 04:23:00,diego.costa@acme-fake.test,,,,,sofia.whitfield@acme-fake.test,Quinn Kim,casey.okafor@sampleco.test,Noah Ford,Beta,100380,Y,Gamma,sofia.brooks@examplecorp.test,Reese Cohen,N,2340,8950,4602,9766,Y,,,,,Shared the updated proposal for review.,,riley.ashby@examplecorp.test,Standard,Scheduled a check-in for the coming month.,mei.patel@acme-fake.test,skyler.silva@examplecorp.test,N,Beta,,,,,,,Gamma,2025-04-15 03:00:00,7650,6799,Beta,Alpha,Alpha,Other,4950,7040,9232,1471,1277,Other,Nina Mercer,Mei Ashby,2025-05-21 01:06:00,,,,,,,,,,,,,,
700064,100288,Resource Care,100410,Quarterly Review,Final,Y,Y,Resolved the outstanding question about scope.,100172,Reese Rossi,Y,,1.1,3.6,100667,Y,6.3,Are deliverables meeting expectations?,Very satisfied overall.,9.4,5.9,Beta,Y,3.8,5.6,9.0,2.6,9.2,5.2,7.7,,,N,,100220,Avery Sloan,2025-08-20 02:48:00,sofia.larsson@examplecorp.test,,2025-04-13 23:54:00,avery.vance@examplecorp.test,,,,,avery.brooks@demomail.test,Chen Patel,omar.brooks@acme-fake.test,Avery Silva,Delta,100386,N,Beta,fatima.larsson@acme-fake.test,Riley Silva,N,4128,6452,5777,8381,Y,Beta,,,,Followed up on the open items from last week.,,arjun.ashby@demomail.test,,Followed up on the open items from last week.,drew.mensah@examplecorp.test,chen.rossi@examplecorp.test,Y,,,,Delta,,,,,2026-05-15 20:45:00,1667,4546,Beta,Delta,Gamma,Beta,7829,3347,1785,4722,3745,Alpha,Rahul Sloan,Taylor Calder,2023-04-14 14:32:00,,,,,,,,,,,,,,
700065,100133,Customer Management,100768,Quarterly Review,Draft,Y,N,Followed up on the open items from last week.,100128,Nina Reyes,N,,9.3,2.1,100173,Y,2.6,Any concerns we should address?,Happy with the progress.,4.2,6.6,Delta,Y,8.9,8.9,8.1,9.1,7.8,8.6,1.8,,,N,,100332,Riley Whitfield,2025-02-22 22:33:00,morgan.mensah@sampleco.test,,2024-05-01 13:10:00,rahul.brooks@demomail.test,,,,,chen.costa@demomail.test,Casey Dorsey,chen.okafor@sampleco.test,Mei Silva,Gamma,100125,N,Delta,priya.vance@examplecorp.test,Skyler Sato,Y,2682,687,702,4522,N,Standard,,,,Aligned on billing and renewal terms.,,reese.dorsey@acme-fake.test,,Noted a concern to revisit at the next sync.,aisha.garcia@examplecorp.test,priya.costa@examplecorp.test,Y,,Discussed timeline and next steps with the account.,,Delta,,,,Standard,2025-03-11 10:03:00,3897,452,Other,Standard,Alpha,Delta,6636,7530,8078,9536,8446,Standard,Elena Calder,Morgan Dorsey,2024-06-11 16:17:00,,,,,,,,,,,,,Fatima Ford,
700066,100487,Resource Care,100727,Quarterly Review,Final,Y,Y,Noted a concern to revisit at the next sync.,100332,Casey Calder,N,,8.2,7.0,100743,N,4.7,How likely are you to continue the engagement?,"Going well, minor tweaks needed.",4.4,6.1,Other,N,9.9,5.9,7.6,4.5,10.0,9.8,8.4,,,Y,,100183,Casey Cohen,2023-07-30 19:46:00,emerson.calder@examplecorp.test,,2025-05-29 08:21:00,liam.ford@demomail.test,,,,Elena Ivanov,morgan.mercer@acme-fake.test,Yara Whitfield,emerson.kim@examplecorp.test,Drew Calder,Other,100053,Y,Alpha,arjun.ford@examplecorp.test,Rowan Cohen,Y,4294,1901,4107,952,N,,,,,Reviewed performance and gathered feedback.,,priya.brooks@acme-fake.test,,Noted a concern to revisit at the next sync.,marco.silva@sampleco.test,jamie.mensah@demomail.test,N,,,Other,,,,,,2025-06-23 13:24:00,1353,8448,Standard,Other,Alpha,Other,7584,1250,2075,7961,8753,Alpha,Marco Patel,Priya Mensah,2022-10-01 03:53:00,,867,,,,,,,,,,,,
700067,100022,Resource Care,100640,Quarterly Review,Final,Y,Y,Resolved the outstanding question about scope.,100082,Emerson Reyes,N,,9.0,3.5,100632,Y,2.1,How likely are you to continue the engagement?,"Neutral, watching closely.",8.5,1.9,Delta,N,3.2,5.9,6.4,3.7,4.5,9.7,7.9,,,Y,,100484,Avery Mensah,2023-05-23 11:26:00,liam.brooks@examplecorp.test,,2025-02-01 15:37:00,casey.mercer@sampleco.test,,,,,morgan.mercer@examplecorp.test,Priya Okafor,jamie.okafor@acme-fake.test,Noah Haddad,Other,100232,Y,Delta,jamie.sato@acme-fake.test,Priya Ivanov,N,8704,8957,1578,2732,Y,,,,,Aligned on billing and renewal terms.,,chen.mercer@acme-fake.test,,Shared the updated proposal for review.,drew.costa@demomail.test,rahul.larsson@examplecorp.test,N,Standard,,,,,Aisha Silva,,,2023-05-18 07:51:00,976,7504,Alpha,Other,Alpha,Delta,405,3118,1856,9987,7827,Gamma,Chen Nguyen,Casey Patel,2024-06-19 04:32:00,,,,Alpha,,,,,,,,Standard,,
700068,100751,Resource Care,100369,Wellness Check-In,Final,Y,N,Noted a concern to revisit at the next sync.,100125,Avery Silva,N,,7.0,1.3,100053,Y,7.2,How likely are you to continue the engagement?,"Neutral, watching closely.",4.9,8.0,Standard,N,6.8,7.6,2.5,9.4,1.5,4.7,6.8,,,Y,,100436,Quinn Whitfield,2026-03-29 02:08:00,quinn.mensah@acme-fake.test,,2023-03-20 10:32:00,avery.sloan@sampleco.test,,,Beta,,aisha.patel@demomail.test,Marco Ford,sofia.kim@demomail.test,Skyler Ford,Gamma,100014,N,Beta,jamie.reyes@examplecorp.test,Taylor Nguyen,Y,8400,1339,8853,7408,N,,,,,Followed up on the open items from last week.,,marco.blake@demomail.test,,Reviewed performance and gathered feedback.,nina.silva@demomail.test,chen.haddad@sampleco.test,N,,,,Delta,,,,,2024-02-14 23:47:00,3516,4690,Gamma,Standard,Delta,Gamma,4877,2522,754,4775,3527,Beta,Morgan Garcia,Fatima Rossi,2026-05-02 07:30:00,,,,,,,,,,,,,,
700069,100481,Customer Management,100667,Wellness Check-In,Final,N,Y,Noted a concern to revisit at the next sync.,100380,Chen Cohen,N,,6.0,6.2,100067,Y,2.4,How is communication with your team?,Very satisfied overall.,9.2,1.6,Gamma,Y,3.2,6.0,2.7,3.2,3.2,9.3,9.6,,,Y,,100229,Omar Ashby,2025-06-18 14:46:00,avery.blake@sampleco.test,,2023-11-26 19:28:00,skyler.rossi@examplecorp.test,Casey Calder,,,,morgan.brooks@examplecorp.test,Yara Whitfield,reese.rossi@sampleco.test,Emerson Ford,Beta,100514,N,Other,alex.vance@sampleco.test,Morgan Blake,N,2128,8741,8795,2052,N,,,,,Followed up on the open items from last week.,,liam.okafor@acme-fake.test,,Noted a concern to revisit at the next sync.,reese.ford@demomail.test,aisha.sloan@demomail.test,Y,,,,,,Quinn Calder,,,2023-05-12 02:20:00,409,2322,Beta,Beta,Beta,Other,7984,8035,1382,2784,4127,Alpha,Arjun Costa,Nina Dorsey,2023-07-08 11:27:00,1205,,,,,,,,,,,,,
700070,100699,Resource Care,100021,Customer Success Check-In,Final,N,Y,Aligned on billing and renewal terms.,100348,Noah Garcia,Y,,7.4,1.8,100651,Y,2.2,Are deliverables meeting expectations?,"Neutral, watching closely.",8.7,1.9,Delta,Y,7.1,1.1,5.2,6.9,7.3,1.1,2.1,,,Y,,100191,Priya Ashby,2024-12-11 21:08:00,sofia.mercer@demomail.test,,2022-11-14 04:46:00,noah.nguyen@demomail.test,,,,,nina.silva@sampleco.test,Arjun Ford,mei.reyes@sampleco.test,Yara Silva,Gamma,100299,Y,Gamma,jordan.costa@acme-fake.test,Mei Ivanov,Y,9586,1827,7145,1801,Y,,,,,Shared the updated proposal for review.,,elena.ivanov@sampleco.test,,Shared the updated proposal for review.,aisha.brooks@acme-fake.test,riley.larsson@examplecorp.test,N,,,,,Delta,,Other,,2024-05-29 15:04:00,881,574,Standard,Alpha,Delta,Gamma,4090,5933,4697,5948,9939,Other,Chen Mensah,Jordan Silva,2026-01-09 19:28:00,,,,,,,,,,,,,,
700071,100516,Customer Management,100332,Wellness Check-In,Final,Y,N,Scheduled a check-in for the coming month.,100106,Jordan Cohen,N,,1.8,1.1,100643,N,6.8,How likely are you to continue the engagement?,Happy with the progress.,4.3,9.7,Standard,N,6.3,6.4,7.3,7.8,9.9,9.6,1.5,,,N,,100435,Riley Ashby,2023-11-05 23:51:00,liam.patel@sampleco.test,,2024-07-04 13:27:00,diego.reyes@demomail.test,Emerson Ivanov,,,,sofia.sato@demomail.test,Liam Cohen,omar.vance@demomail.test,Liam Mensah,Delta,100328,Y,Gamma,rahul.haddad@demomail.test,Noah Blake,N,4675,1023,2982,9788,Y,,,,,Scheduled a check-in for the coming month.,,arjun.brooks@demomail.test,,Reviewed performance and gathered feedback.,skyler.mensah@sampleco.test,taylor.vance@demomail.test,Y,,,Gamma,,,,,,2024-10-08 12:41:00,8645,2017,Alpha,Gamma,Delta,Standard,9331,3862,2033,9940,533,Other,Arjun Vance,Drew Ashby,2024-06-13 10:21:00,,,,,,,,,,,,,,
700072,100667,Resource Care,100023,Wellness Check-In,Draft,N,N,Resolved the outstanding question about scope.,100608,Fatima Patel,N,,2.5,3.3,100514,Y,5.2,How is communication with your team?,"Going well, minor tweaks needed.",5.8,5.3,Standard,N,2.5,1.8,8.3,6.1,6.2,7.3,5.8,,,Y,,100393,Avery Sloan,2025-11-18 07:33:00,omar.okafor@acme-fake.test,,2023-12-18 01:58:00,diego.okafor@examplecorp.test,,,,,avery.brooks@acme-fake.test,Reese Nguyen,fatima.ford@acme-fake.test,Quinn Blake,Standard,100645,N,Beta,diego.rossi@demomail.test,Yara Mensah,Y,5011,6693,2291,8390,Y,,,,,Scheduled a check-in for the coming month.,,noah.patel@examplecorp.test,,Shared the updated proposal for review.,mei.patel@sampleco.test,emerson.larsson@sampleco.test,Y,,Discussed timeline and next steps with the account.,Beta,Gamma,Alpha,,,,2023-07-24 05:16:00,9338,1470,Gamma,Beta,Standard,Delta,5630,9996,9836,6218,367,Alpha,Avery Sloan,Yara Rossi,2024-07-18 05:41:00,,,,,,,,,,,,,,
700073,100094,Customer Management,100740,Quarterly Review,Final,N,N,Aligned on billing and renewal terms.,100638,Omar Costa,N,,9.0,1.8,100053,N,3.8,How satisfied are you with the service?,Exceeding expectations.,5.1,4.0,Gamma,Y,4.9,7.1,8.2,7.3,9.8,2.7,6.3,,,Y,,100123,Jamie Patel,2024-03-22 16:35:00,chen.ford@acme-fake.test,,2026-05-07 05:08:00,quinn.calder@examplecorp.test,,,,,fatima.patel@demomail.test,Casey Dorsey,elena.rossi@sampleco.test,Mei Brooks,Beta,100613,Y,Alpha,casey.sloan@sampleco.test,Yara Ivanov,N,5678,4394,6723,3772,Y,,,,,Noted a concern to revisit at the next sync.,,jordan.silva@sampleco.test,,Reviewed performance and gathered feedback.,jordan.okafor@acme-fake.test,fatima.whitfield@demomail.test,N,Standard,,,,,,,Alpha,2025-03-02 19:03:00,9890,4442,Gamma,Standard,Standard,Other,7121,1353,1551,3310,1122,Standard,Mei Brooks,Priya Kim,2025-01-06 21:10:00,,,,,,,,,,,,,,
700074,100660,Resource Care,100183,Wellness Check-In,Final,N,Y,Aligned on billing and renewal terms.,100134,Priya Costa,Y,,5.5,6.5,100632,N,4.0,Are deliverables meeting expectations?,"Going well, minor tweaks needed.",5.3,5.6,Gamma,Y,2.9,6.6,2.1,3.7,1.4,4.1,9.9,,,N,,100328,Fatima Larsson,2026-06-22 03:23:00,fatima.whitfield@examplecorp.test,,2025-10-31 04:21:00,marco.kim@examplecorp.test,,,,,fatima.reyes@examplecorp.test,Emerson Nguyen,priya.vance@acme-fake.test,Liam Costa,Gamma,100759,Y,Other,quinn.dorsey@acme-fake.test,Emerson Rossi,N,4919,2581,557,6871,N,,,,,Reviewed performance and gathered feedback.,,riley.blake@demomail.test,,Reviewed performance and gathered feedback.,riley.ivanov@examplecorp.test,omar.mensah@acme-fake.test,N,,Followed up on the open items from last week.,,Standard,,,Beta,Standard,2023-05-14 13:05:00,4138,7003,Other,Gamma,Delta,Other,8311,2577,6290,6694,7735,Delta,Chen Reyes,Riley Reyes,2025-10-19 22:14:00,,,,,,,,,,,,,,
700075,100730,Resource Care,100199,Wellness Check-In,Draft,Y,N,Reviewed performance and gathered feedback.,100519,Morgan Rossi,N,,8.1,6.2,100401,Y,7.2,Any concerns we should address?,Very satisfied overall.,7.6,2.0,Delta,N,5.2,4.4,5.8,5.0,8.2,2.7,2.1,,,Y,,100552,Priya Costa,2023-10-01 01:45:00,reese.silva@demomail.test,,2025-09-07 10:01:00,skyler.calder@examplecorp.test,,,,,jordan.sloan@acme-fake.test,Arjun Dorsey,arjun.costa@examplecorp.test,Arjun Sato,Delta,100196,N,Other,quinn.ford@sampleco.test,Avery Mensah,N,1900,4619,5490,3986,Y,,,,,Resolved the outstanding question about scope.,,emerson.brooks@sampleco.test,,Followed up on the open items from last week.,aisha.nguyen@examplecorp.test,drew.sloan@examplecorp.test,N,Standard,,,,,Jamie Kim,Beta,,2023-05-04 04:55:00,9865,2912,Standard,Gamma,Other,Delta,6484,8853,2341,9941,6472,Delta,Alex Larsson,Aisha Haddad,2025-06-15 23:06:00,,,,,,,,,,,,,,
700076,100320,Customer Management,100393,Customer Success Check-In,Final,Y,Y,Resolved the outstanding question about scope.,100740,Avery Ford,N,,4.6,9.3,100494,Y,3.8,Are deliverables meeting expectations?,Happy with the progress.,9.0,7.8,Beta,Y,9.1,6.5,8.7,9.8,4.0,2.7,3.4,,,N,,100593,Priya Blake,2023-04-20 07:01:00,morgan.rossi@demomail.test,,2024-08-05 13:01:00,mei.silva@demomail.test,,,,,rahul.larsson@demomail.test,Fatima Garcia,drew.whitfield@sampleco.test,Sofia Haddad,Alpha,100733,Y,Gamma,chen.reyes@demomail.test,Drew Kim,N,5591,2031,6439,7435,Y,,,,,Discussed timeline and next steps with the account.,,aisha.okafor@examplecorp.test,,Aligned on billing and renewal terms.,avery.haddad@examplecorp.test,aisha.patel@sampleco.test,N,,,,Delta,Beta,,,Beta,2024-02-09 13:01:00,6862,6598,Standard,Standard,Other,Beta,154,1842,6094,7773,6338,Other,Morgan Sloan,Morgan Ivanov,2024-06-07 20:03:00,,,,,,,,,,,,Standard,,
700077,100400,Customer Management,100727,Wellness Check-In,Final,Y,Y,Aligned on billing and renewal terms.,100765,Skyler Reyes,N,,3.4,5.3,100587,N,2.3,How satisfied are you with the service?,"Going well, minor tweaks needed.",4.1,9.6,Other,Y,3.4,5.6,4.9,9.9,6.7,3.7,8.4,,,N,,100599,Morgan Haddad,2023-04-25 13:30:00,liam.brooks@sampleco.test,,2026-06-13 22:24:00,diego.cohen@examplecorp.test,,,,,marco.silva@sampleco.test,Jamie Sato,skyler.garcia@sampleco.test,Skyler Haddad,Other,100133,Y,Alpha,quinn.cohen@sampleco.test,Skyler Vance,Y,2167,6198,5888,4533,Y,,,,,Resolved the outstanding question about scope.,,quinn.garcia@acme-fake.test,,Noted a concern to revisit at the next sync.,rahul.brooks@examplecorp.test,yara.okafor@sampleco.test,Y,Delta,Resolved the outstanding question about scope.,Alpha,,Beta,,,Gamma,2024-02-12 09:20:00,1935,3650,Other,Beta,Standard,Standard,326,25,6136,903,2657,Standard,Avery Sato,Chen Rossi,2024-12-23 19:37:00,,,,,,,,,,,,,,
700078,100320,Customer Management,100552,Customer Success Check-In,Draft,Y,N,Scheduled a check-in for the coming month.,100787,Nina Sloan,N,,7.2,7.8,100758,Y,5.5,How is communication with your team?,Exceeding expectations.,1.9,9.2,Alpha,N,1.7,7.3,8.3,6.3,4.0,2.4,4.6,,,N,,100065,Skyler Ivanov,2026-04-21 20:36:00,omar.garcia@demomail.test,,2025-07-09 11:28:00,elena.okafor@examplecorp.test,,,Other,,avery.kim@demomail.test,Fatima Kim,skyler.reyes@demomail.test,Yara Garcia,Beta,100217,N,Alpha,sofia.garcia@demomail.test,Rahul Reyes,N,5500,4062,6345,8994,N,,,,,Scheduled a check-in for the coming month.,,avery.mensah@examplecorp.test,,Noted a concern to revisit at the next sync.,priya.brooks@acme-fake.test,sofia.blake@sampleco.test,Y,,,,,Other,,,,2024-03-20 13:29:00,1580,7117,Beta,Beta,Gamma,Other,5968,8984,7078,4758,5940,Other,Emerson Costa,Nina Garcia,2024-08-20 21:51:00,,,,,,,,,,,,,,
700079,100648,Customer Management,100378,Quarterly Review,Final,Y,N,Followed up on the open items from last week.,100260,Arjun Okafor,Y,,7.0,5.2,100153,N,2.0,Any concerns we should address?,"Neutral, watching closely.",3.8,1.6,Delta,N,10.0,4.2,2.3,8.7,2.0,7.5,3.9,,,Y,,100473,Noah Sloan,2026-02-21 03:18:00,quinn.costa@examplecorp.test,Riley Haddad,2025-01-18 16:10:00,morgan.cohen@examplecorp.test,,,Standard,,chen.nguyen@examplecorp.test,Jamie Ford,marco.patel@demomail.test,Liam Kim,Alpha,100196,Y,Beta,fatima.garcia@acme-fake.test,Avery Silva,N,8656,178,2281,1740,Y,,,,,Noted a concern to revisit at the next sync.,,alex.cohen@acme-fake.test,,Discussed timeline and next steps with the account.,yara.reyes@acme-fake.test,marco.vance@sampleco.test,N,,,,,Delta,,,,2026-04-01 08:57:00,9380,1086,Alpha,Delta,Alpha,Delta,3452,5134,1073,5800,2790,Alpha,Arjun Patel,Emerson Mensah,2025-06-30 11:34:00,,,,,,,,,,,,,,
700080,100139,Resource Care,100314,Wellness Check-In,Final,N,Y,Shared the updated proposal for review.,100178,Liam Blake,Y,,7.2,7.7,100158,Y,5.1,Any concerns we should address?,Some concerns about turnaround time.,8.7,2.5,Gamma,N,9.9,1.4,3.0,8.9,3.3,9.6,2.7,,,N,,100507,Riley Rossi,2023-02-17 09:15:00,taylor.mercer@examplecorp.test,,2023-04-12 20:37:00,chen.okafor@acme-fake.test,,,Beta,,avery.mercer@demomail.test,Elena Ashby,riley.mercer@sampleco.test,Omar Okafor,Delta,100665,Y,Gamma,marco.mensah@acme-fake.test,Taylor Sato,N,7411,1574,1338,3216,N,,,,,Scheduled a check-in for the coming month.,,diego.brooks@sampleco.test,,Discussed timeline and next steps with the account.,aisha.costa@demomail.test,liam.dorsey@examplecorp.test,N,,,,,,,,,2025-02-17 16:06:00,4382,6567,Beta,Delta,Other,Standard,5986,2318,6820,5682,8413,Other,Casey Vance,Mei Blake,2026-05-12 02:44:00,,,,,,,,,,,,,,
700081,100672,Resource Care,100314,Wellness Check-In,Final,Y,N,Aligned on billing and renewal terms.,100699,Jordan Haddad,Y,,3.2,7.6,100678,N,1.7,Any concerns we should address?,Some concerns about turnaround time.,5.2,7.4,Alpha,N,6.8,8.5,2.1,3.2,5.0,1.2,3.8,,,Y,,100307,Drew Mensah,2025-10-17 19:57:00,nina.silva@demomail.test,,2025-12-25 17:42:00,fatima.okafor@sampleco.test,Sofia Ashby,,Standard,,quinn.dorsey@demomail.test,Emerson Calder,skyler.mercer@examplecorp.test,Rowan Mercer,Other,100671,Y,Alpha,alex.cohen@examplecorp.test,Omar Reyes,N,1479,2450,8217,3584,N,,,,,Reviewed performance and gathered feedback.,,morgan.dorsey@demomail.test,,Discussed timeline and next steps with the account.,diego.ford@sampleco.test,liam.sloan@demomail.test,Y,Beta,,,Beta,,Liam Garcia,Beta,Other,2023-09-04 16:18:00,9020,1037,Gamma,Gamma,Delta,Beta,4677,2571,1085,2088,1817,Beta,Marco Ivanov,Morgan Vance,2025-06-13 16:22:00,,,,Alpha,,,,,,,,,,
700082,100733,Resource Care,100585,Quarterly Review,Final,N,Y,Discussed timeline and next steps with the account.,100028,Arjun Calder,N,,8.7,8.1,100418,N,5.6,Any concerns we should address?,Happy with the progress.,6.5,8.6,Alpha,Y,8.1,6.3,9.6,9.3,5.6,8.9,3.1,,,N,,100784,Yara Cohen,2025-03-06 00:14:00,elena.costa@examplecorp.test,,2023-08-14 21:12:00,omar.whitfield@examplecorp.test,,,,Aisha Haddad,taylor.vance@acme-fake.test,Morgan Rossi,omar.nguyen@demomail.test,Nina Dorsey,Alpha,100476,Y,Beta,arjun.patel@demomail.test,Casey Mercer,Y,6901,4050,673,5223,N,,,,,Noted a concern to revisit at the next sync.,,yara.kim@sampleco.test,,Reviewed performance and gathered feedback.,nina.cohen@demomail.test,elena.larsson@examplecorp.test,N,,,Other,Gamma,Alpha,,,,2023-04-26 11:54:00,7493,1864,Alpha,Alpha,Other,Other,8864,666,1627,5302,5435,Delta,Yara Brooks,Quinn Whitfield,2025-06-11 23:58:00,,,,,,,,,,,,,,
700083,100664,Customer Management,100161,Quarterly Review,Final,N,Y,Noted a concern to revisit at the next sync.,100652,Avery Ivanov,N,,2.4,8.4,100288,Y,4.9,Are deliverables meeting expectations?,Exceeding expectations.,9.0,5.7,Standard,Y,5.4,8.0,1.7,1.6,6.8,4.7,3.3,,,Y,,100472,Aisha Vance,2024-11-06 18:23:00,skyler.mensah@acme-fake.test,,2023-05-08 16:25:00,rowan.dorsey@demomail.test,,,,,riley.calder@sampleco.test,Jamie Sloan,chen.calder@examplecorp.test,Morgan Reyes,Other,100271,Y,Other,marco.reyes@sampleco.test,Noah Costa,N,156,5727,684,4508,Y,,Beta,,,Shared the updated proposal for review.,,emerson.blake@examplecorp.test,,Reviewed performance and gathered feedback.,elena.cohen@sampleco.test,omar.silva@examplecorp.test,N,,Resolved the outstanding question about scope.,,Gamma,,,,,2026-02-17 19:11:00,7336,5360,Other,Gamma,Delta,Alpha,8784,525,3429,9451,1017,Beta,Morgan Reyes,Fatima Calder,2025-12-28 07:29:00,,,,,,,,,,,,,Alex Sloan,
700084,100211,Customer Management,100678,Customer Success Check-In,Final,N,Y,Noted a concern to revisit at the next sync.,100595,Alex Haddad,N,,6.3,8.6,100774,Y,4.5,Any concerns we should address?,"Neutral, watching closely.",5.6,3.7,Delta,Y,3.5,1.3,6.2,2.1,9.8,9.1,7.0,,,Y,,100423,Quinn Dorsey,2025-12-01 01:51:00,aisha.calder@sampleco.test,,2024-06-30 05:04:00,morgan.cohen@sampleco.test,,,,Drew Calder,aisha.rossi@acme-fake.test,Mei Sloan,reese.ford@demomail.test,Fatima Okafor,Alpha,100231,Y,Other,quinn.reyes@acme-fake.test,Marco Calder,N,1902,8301,9335,5111,N,,,,,Shared the updated proposal for review.,,noah.sloan@examplecorp.test,,Followed up on the open items from last week.,jamie.garcia@examplecorp.test,alex.costa@sampleco.test,N,Gamma,,,,,,,,2023-03-21 16:34:00,6553,1662,Beta,Other,Delta,Standard,7242,2712,1644,7549,8224,Alpha,Liam Sato,Jordan Ford,2023-09-28 13:38:00,,,,,,,,,,8990,,,,
700085,100750,Customer Management,100365,Quarterly Review,Final,Y,N,Shared the updated proposal for review.,100269,Fatima Ashby,N,,9.3,3.7,100365,N,9.4,How satisfied are you with the service?,Very satisfied overall.,3.2,3.4,Other,Y,10.0,4.3,9.9,2.0,5.5,5.9,7.5,,,N,,100023,Noah Calder,2023-10-20 17:19:00,drew.costa@examplecorp.test,,2023-10-06 13:59:00,alex.whitfield@examplecorp.test,,,,Rowan Sloan,elena.nguyen@examplecorp.test,Jordan Haddad,elena.mercer@examplecorp.test,Taylor Calder,Delta,100178,N,Gamma,quinn.whitfield@sampleco.test,Elena Sato,N,2062,8039,8401,4244,Y,,,Alpha,,Reviewed performance and gathered feedback.,,sofia.rossi@acme-fake.test,,Reviewed performance and gathered feedback.,marco.whitfield@acme-fake.test,omar.nguyen@acme-fake.test,Y,,,,Delta,,,,Beta,2023-11-17 03:20:00,1498,5176,Alpha,Alpha,Standard,Standard,8356,6572,8208,3255,9092,Alpha,Rahul Vance,Diego Larsson,2024-04-15 22:24:00,,,,,,,,,,,,,,
700086,100726,Customer Management,100273,Quarterly Review,Final,Y,N,Discussed timeline and next steps with the account.,100509,Jamie Ashby,N,,3.9,7.6,100528,N,8.6,How likely are you to continue the engagement?,Happy with the progress.,3.7,9.2,Delta,N,8.9,5.5,4.1,1.4,5.4,6.8,4.5,,,N,,100232,Jordan Garcia,2022-10-31 19:51:00,emerson.mensah@examplecorp.test,,2022-11-25 12:08:00,jamie.ivanov@acme-fake.test,Casey Reyes,,,,skyler.haddad@sampleco.test,Priya Costa,noah.sato@examplecorp.test,Skyler Sato,Standard,100683,N,Standard,marco.sloan@acme-fake.test,Fatima Silva,Y,8930,9977,3946,769,N,,,,,Followed up on the open items from last week.,,chen.whitfield@acme-fake.test,,Aligned on billing and renewal terms.,riley.nguyen@demomail.test,fatima.garcia@acme-fake.test,Y,,,Gamma,,Alpha,Quinn Ford,Other,,2025-01-02 14:18:00,7011,5643,Other,Alpha,Standard,Alpha,731,1525,9792,1273,9463,Standard,Chen Ivanov,Mei Sloan,2023-12-09 03:22:00,,,,,,,,,,,,,,
700087,100130,Customer Management,100232,Customer Success Check-In,Final,Y,Y,Scheduled a check-in for the coming month.,100732,Priya Ford,N,,7.3,2.6,100718,Y,7.0,How satisfied are you with the service?,"Neutral, watching closely.",7.2,7.0,Beta,Y,2.2,7.7,9.9,5.3,1.6,9.6,2.1,,,Y,,100490,Yara Ivanov,2023-07-22 08:14:00,fatima.whitfield@acme-fake.test,Aisha Cohen,2026-05-15 06:57:00,yara.ashby@acme-fake.test,,,Gamma,,marco.silva@demomail.test,Casey Costa,quinn.costa@examplecorp.test,Rowan Dorsey,Other,100226,Y,Delta,sofia.ashby@demomail.test,Alex Okafor,N,9360,9856,2745,461,N,,,,,Noted a concern to revisit at the next sync.,,alex.haddad@sampleco.test,,Aligned on billing and renewal terms.,drew.patel@demomail.test,fatima.silva@examplecorp.test,N,,Shared the updated proposal for review.,Standard,,,,,,2023-04-12 03:30:00,352,5174,Other,Gamma,Other,Other,9025,8187,5480,898,479,Other,Mei Patel,Elena Reyes,2026-05-21 12:35:00,,,,,,Beta,,,,,,,,
700088,100103,Resource Care,100739,Quarterly Review,Final,N,N,Aligned on billing and renewal terms.,100717,Elena Calder,N,,5.8,9.0,100478,Y,4.2,How satisfied are you with the service?,"Neutral, watching closely.",9.2,5.7,Delta,Y,3.0,1.9,8.4,5.0,3.1,8.8,2.2,,,Y,,100275,Taylor Blake,2024-11-30 11:53:00,quinn.ashby@sampleco.test,,2023-10-19 23:09:00,casey.nguyen@sampleco.test,,,,,jamie.ford@acme-fake.test,Marco Silva,rowan.cohen@sampleco.test,Yara Vance,Delta,100608,N,Delta,fatima.haddad@acme-fake.test,Arjun Sato,N,3887,9452,1574,5675,Y,,,Beta,,Reviewed performance and gathered feedback.,,liam.reyes@demomail.test,,Discussed timeline and next steps with the account.,drew.nguyen@acme-fake.test,riley.whitfield@demomail.test,N,,,,,,,Alpha,,2023-04-06 12:18:00,3712,2038,Alpha,Delta,Delta,Beta,3294,5294,2743,6050,9292,Delta,Sofia Calder,Liam Cohen,2023-12-11 16:36:00,,,,,,Other,,,2496,,,,,
700089,100572,Resource Care,100365,Wellness Check-In,Final,Y,N,Discussed timeline and next steps with the account.,100028,Drew Rossi,N,,1.5,9.2,100651,Y,7.9,Any concerns we should address?,Exceeding expectations.,3.6,2.1,Other,N,9.2,3.4,1.6,3.8,5.5,2.8,9.5,,,Y,,100643,Jamie Mercer,2025-05-29 14:17:00,casey.whitfield@demomail.test,,2024-01-27 15:38:00,diego.ford@examplecorp.test,,,,,chen.patel@acme-fake.test,Avery Sloan,marco.haddad@sampleco.test,Riley Ford,Other,100271,Y,Beta,elena.garcia@sampleco.test,Noah Larsson,N,6993,3414,7425,7703,N,,,,,Scheduled a check-in for the coming month.,Priya Nguyen,taylor.ashby@examplecorp.test,,Followed up on the open items from last week.,priya.whitfield@acme-fake.test,aisha.costa@sampleco.test,Y,,Discussed timeline and next steps with the account.,,,,,,Other,2024-06-09 06:59:00,6295,5188,Gamma,Alpha,Delta,Other,1462,538,6042,7277,1801,Alpha,Rowan Garcia,Mei Calder,2025-06-16 20:20:00,,,,,,,,,,,,Other,,
700090,100140,Customer Management,100404,Wellness Check-In,Final,Y,Y,Discussed timeline and next steps with the account.,100747,Rowan Okafor,Y,,9.5,5.5,100528,N,1.7,How satisfied are you with the service?,Very satisfied overall.,1.6,6.4,Alpha,Y,4.7,8.2,9.5,5.7,8.7,2.2,9.2,,,N,,100371,Skyler Calder,2023-09-06 18:45:00,diego.mercer@acme-fake.test,,2024-08-22 15:54:00,sofia.brooks@acme-fake.test,,,,,marco.kim@sampleco.test,Avery Whitfield,alex.dorsey@sampleco.test,Reese Ford,Beta,100401,N,Delta,jamie.larsson@demomail.test,Casey Blake,N,511,5437,1286,9811,N,,,Beta,,Reviewed performance and gathered feedback.,,avery.blake@sampleco.test,,Reviewed performance and gathered feedback.,omar.calder@examplecorp.test,taylor.mensah@examplecorp.test,N,,,,,,Rowan Mercer,Standard,,2025-11-01 02:25:00,3066,9773,Delta,Delta,Alpha,Other,3978,5552,723,4149,2208,Standard,Drew Sato,Nina Mercer,2025-01-31 08:53:00,,,,,,,,,,,,,,
700091,100503,Customer Management,100689,Wellness Check-In,Final,Y,Y,Resolved the outstanding question about scope.,100385,Diego Larsson,Y,,3.2,9.5,100035,N,1.5,Any concerns we should address?,Some concerns about turnaround time.,9.3,3.1,Other,N,4.3,8.3,2.0,7.7,4.0,5.5,2.6,,,N,,100392,Casey Nguyen,2024-06-27 12:09:00,rowan.kim@acme-fake.test,Mei Reyes,2024-12-24 14:35:00,quinn.sloan@acme-fake.test,,,,Avery Larsson,arjun.nguyen@demomail.test,Jamie Ford,casey.calder@demomail.test,Noah Calder,Other,100181,Y,Alpha,elena.reyes@examplecorp.test,Taylor Blake,N,1663,8398,9065,3728,N,,,,,Discussed timeline and next steps with the account.,,jamie.garcia@examplecorp.test,,Followed up on the open items from last week.,elena.calder@sampleco.test,diego.costa@sampleco.test,N,,Followed up on the open items from last week.,,,Delta,,,Standard,2024-07-21 20:58:00,1374,5148,Gamma,Standard,Delta,Alpha,2230,6730,5569,4456,2645,Other,Fatima Costa,Yara Okafor,2025-11-23 02:54:00,,,,,,,,,,,,,,
700092,100787,Resource Care,100579,Customer Success Check-In,Final,Y,Y,Noted a concern to revisit at the next sync.,100423,Omar Costa,N,,8.7,1.6,100087,Y,8.0,How likely are you to continue the engagement?,"Neutral, watching closely.",2.8,9.5,Standard,Y,4.7,8.2,6.5,6.0,7.3,3.1,8.8,,,N,,100578,Emerson Silva,2023-08-25 06:08:00,liam.dorsey@examplecorp.test,,2025-05-24 05:06:00,reese.sloan@acme-fake.test,,,,,avery.costa@acme-fake.test,Noah Dorsey,rahul.kim@demomail.test,Diego Dorsey,Standard,100733,Y,Beta,taylor.silva@sampleco.test,Drew Ivanov,N,8143,5688,2039,5180,Y,,,,,Discussed timeline and next steps with the account.,,quinn.ford@examplecorp.test,,Aligned on billing and renewal terms.,reese.larsson@demomail.test,marco.sato@demomail.test,N,,,,,,,,,2023-10-31 08:29:00,2690,6474,Standard,Other,Delta,Other,9289,9784,3644,2774,5863,Standard,Fatima Ivanov,Priya Mensah,2024-05-16 14:43:00,,,,,,,,,,,,,,
700093,100747,Resource Care,100128,Quarterly Review,Final,N,N,Aligned on billing and renewal terms.,100005,Chen Reyes,Y,,3.1,8.7,100784,N,3.7,Any concerns we should address?,Exceeding expectations.,2.1,2.6,Beta,Y,8.7,2.3,6.2,8.6,9.1,2.6,9.9,,,N,,100214,Alex Ivanov,2024-11-12 06:46:00,elena.okafor@sampleco.test,,2025-02-14 10:55:00,drew.silva@demomail.test,,,,,casey.cohen@examplecorp.test,Riley Reyes,elena.costa@examplecorp.test,Marco Blake,Standard,100396,Y,Standard,rowan.patel@sampleco.test,Drew Dorsey,Y,2378,8864,6206,239,N,,,,,Reviewed performance and gathered feedback.,,riley.ivanov@demomail.test,,Scheduled a check-in for the coming month.,liam.ashby@sampleco.test,drew.calder@examplecorp.test,Y,,,,Other,,Noah Costa,,,2026-06-15 09:11:00,4530,2622,Standard,Alpha,Delta,Beta,4089,1529,5099,7341,2183,Gamma,Morgan Whitfield,Rowan Ford,2025-06-15 13:46:00,,,,,,,,,1021,,,Beta,,Reese Whitfield
700094,100601,Resource Care,100786,Wellness Check-In,Final,N,Y,Noted a concern to revisit at the next sync.,100372,Casey Whitfield,Y,,9.4,2.7,100465,N,5.9,Are deliverables meeting expectations?,Some concerns about turnaround time.,2.9,1.6,Gamma,Y,5.9,6.1,6.7,6.9,3.7,3.2,4.2,,,N,,100372,Fatima Mercer,2025-04-04 12:37:00,omar.costa@acme-fake.test,,2023-02-15 09:04:00,rahul.cohen@examplecorp.test,,,,,drew.mercer@sampleco.test,Marco Haddad,yara.silva@demomail.test,Casey Reyes,Other,100599,N,Delta,drew.larsson@sampleco.test,Fatima Blake,N,2340,7063,8119,9208,N,,,,,Shared the updated proposal for review.,,liam.nguyen@acme-fake.test,,Scheduled a check-in for the coming month.,liam.sloan@demomail.test,quinn.rossi@sampleco.test,Y,Delta,Noted a concern to revisit at the next sync.,,,,,Beta,,2025-11-18 22:20:00,3175,1883,Other,Beta,Delta,Beta,7028,4647,4862,6772,2304,Gamma,Nina Silva,Arjun Blake,2025-06-30 21:48:00,,,,,,,,,,,,,,
700095,100568,Resource Care,100694,Customer Success Check-In,Final,N,N,Shared the updated proposal for review.,100210,Mei Sato,N,,4.7,6.1,100500,N,8.9,How is communication with your team?,Some concerns about turnaround time.,3.1,4.9,Delta,Y,1.8,7.2,6.6,4.9,9.9,4.5,4.6,,,N,,100750,Emerson Vance,2026-05-20 08:00:00,fatima.nguyen@examplecorp.test,,2025-08-12 09:24:00,yara.whitfield@sampleco.test,,,,Skyler Dorsey,emerson.mensah@acme-fake.test,Riley Reyes,aisha.brooks@demomail.test,Mei Reyes,Standard,100779,Y,Standard,casey.calder@sampleco.test,Drew Kim,N,9831,3568,798,87,N,,,,,Followed up on the open items from last week.,,riley.cohen@sampleco.test,,Scheduled a check-in for the coming month.,jordan.vance@demomail.test,aisha.ford@demomail.test,N,,,,,,Marco Reyes,,,2023-09-05 16:39:00,5713,1374,Delta,Gamma,Beta,Delta,2268,1552,9776,9036,3095,Standard,Diego Kim,Chen Mensah,2024-01-03 05:37:00,,,,,,,,,,,,,,
700096,100509,Resource Care,100596,Quarterly Review,Final,N,N,Aligned on billing and renewal terms.,100412,Skyler Sloan,N,,3.4,6.2,100476,Y,1.3,How likely are you to continue the engagement?,Happy with the progress.,6.0,1.4,Delta,N,4.5,6.4,7.4,5.4,9.4,2.8,1.9,,,Y,,100784,Liam Kim,2024-12-18 00:07:00,aisha.calder@demomail.test,,2024-12-30 22:37:00,avery.costa@demomail.test,Noah Costa,,,,priya.rossi@demomail.test,Rahul Garcia,aisha.calder@demomail.test,Priya Kim,Other,100432,Y,Delta,casey.cohen@demomail.test,Mei Brooks,Y,2189,3115,9179,294,Y,,,,,Followed up on the open items from last week.,Reese Okafor,yara.sato@acme-fake.test,,Scheduled a check-in for the coming month.,marco.haddad@sampleco.test,casey.kim@acme-fake.test,Y,Gamma,,Delta,,,,,,2024-06-30 16:52:00,9127,4837,Standard,Delta,Alpha,Gamma,2745,4577,4667,5821,7883,Delta,Marco Sato,Rahul Blake,2022-12-29 21:57:00,,,,,,,,,,,,,,
700097,100593,Resource Care,100147,Customer Success Check-In,Final,Y,N,Followed up on the open items from last week.,100026,Mei Haddad,N,,3.6,6.1,100465,Y,7.6,How likely are you to continue the engagement?,"Neutral, watching closely.",7.9,8.3,Standard,Y,2.5,8.2,9.7,2.3,8.5,8.2,3.7,,,Y,,100596,Omar Ford,2026-05-03 00:23:00,chen.ashby@demomail.test,,2023-04-14 16:59:00,priya.calder@examplecorp.test,,,Other,Morgan Vance,casey.dorsey@examplecorp.test,Aisha Whitfield,jamie.sato@examplecorp.test,Elena Calder,Standard,100053,N,Alpha,liam.haddad@examplecorp.test,Taylor Cohen,N,6813,3326,2022,3306,N,,,,,Resolved the outstanding question about scope.,,jamie.blake@sampleco.test,,Resolved the outstanding question about scope.,noah.sloan@demomail.test,priya.garcia@acme-fake.test,Y,,,,Standard,Beta,Riley Rossi,,,2023-11-17 03:42:00,1723,1378,Gamma,Delta,Gamma,Delta,5573,7496,6200,9896,4377,Alpha,Riley Larsson,Skyler Ford,2024-07-31 16:19:00,,,,,,,,,,,,,,
700098,100375,Resource Care,100257,Customer Success Check-In,Final,Y,N,Scheduled a check-in for the coming month.,100599,Arjun Whitfield,N,,7.4,3.0,100467,Y,5.5,Are deliverables meeting expectations?,"Going well, minor tweaks needed.",3.7,4.3,Gamma,N,7.4,6.4,7.4,7.0,7.7,1.8,5.8,,,Y,,100220,Yara Whitfield,2024-11-22 16:21:00,casey.vance@acme-fake.test,,2025-01-07 01:00:00,arjun.reyes@examplecorp.test,,,,,morgan.mensah@sampleco.test,Yara Vance,aisha.okafor@demomail.test,Elena Blake,Other,100369,N,Delta,emerson.sloan@sampleco.test,Rahul Kim,N,7305,6265,4942,656,Y,,,,,Scheduled a check-in for the coming month.,,sofia.cohen@acme-fake.test,,Followed up on the open items from last week.,avery.kim@acme-fake.test,jamie.ford@demomail.test,Y,,,,,,Reese Mensah,Standard,,2023-12-06 07:11:00,5196,7051,Beta,Beta,Other,Delta,5038,5400,4520,8689,9984,Delta,Rahul Reyes,Avery Sato,2025-11-02 16:59:00,,,,,,,,,,,,,,
700099,100665,Customer Management,100727,Quarterly Review,Final,N,Y,Noted a concern to revisit at the next sync.,100522,Casey Patel,N,,2.3,1.3,100219,Y,7.3,How likely are you to continue the engagement?,Very satisfied overall.,6.7,3.6,Standard,Y,5.8,7.8,7.6,5.7,1.6,1.9,7.8,,,N,,100525,Yara Sloan,2023-12-23 17:00:00,jamie.cohen@acme-fake.test,Diego Silva,2023-06-29 17:56:00,taylor.brooks@examplecorp.test,Jordan Silva,,Other,Alex Rossi,jordan.ashby@demomail.test,Sofia Vance,taylor.brooks@acme-fake.test,Taylor Cohen,Standard,100466,Y,Other,quinn.dorsey@demomail.test,Morgan Sato,N,78,2986,7003,955,N,,,,,Shared the updated proposal for review.,,arjun.calder@acme-fake.test,Standard,Reviewed performance and gathered feedback.,jordan.sato@demomail.test,chen.ford@sampleco.test,N,,,Beta,Other,Standard,,Gamma,Delta,2024-07-20 00:23:00,5148,5277,Delta,Gamma,Other,Standard,9236,5703,5297,7068,6675,Gamma,Sofia Ivanov,Priya Kim,2024-11-27 17:33:00,,,,,,,,,,,,,,
700100,100319,Customer Management,100188,Wellness Check-In,Final,N,N,Noted a concern to revisit at the next sync.,100696,Jordan Sato,Y,,10.0,4.0,100305,Y,8.9,Any concerns we should address?,Happy with the progress.,8.9,7.2,Gamma,Y,2.3,8.6,8.4,5.8,1.6,8.3,1.1,,,N,,100516,Avery Dorsey,2024-08-16 21:08:00,diego.kim@sampleco.test,,2024-02-27 08:28:00,jordan.haddad@sampleco.test,,,,Sofia Sloan,nina.sloan@demomail.test,Elena Larsson,chen.calder@demomail.test,Avery Vance,Alpha,100478,Y,Beta,chen.sloan@sampleco.test,Noah Brooks,Y,4377,5591,8596,91,Y,,,,,Shared the updated proposal for review.,,quinn.rossi@examplecorp.test,,Resolved the outstanding question about scope.,priya.brooks@acme-fake.test,chen.patel@sampleco.test,Y,,Resolved the outstanding question about scope.,,,,Morgan Okafor,,,2025-08-01 01:26:00,9215,4559,Beta,Other,Other,Gamma,4424,8349,5840,7556,4753,Standard,Nina Dorsey,Emerson Ivanov,2024-07-04 01:33:00,,,,,,,,,,,,Gamma,,
700101,100400,Customer Management,100372,Customer Success Check-In,Final,N,N,Resolved the outstanding question about scope.,100332,Alex Mercer,Y,,4.7,1.1,100776,N,1.6,Are deliverables meeting expectations?,Very satisfied overall.,3.3,6.6,Delta,N,1.1,6.3,9.8,7.4,8.3,3.4,2.2,,,Y,,100156,Reese Calder,2025-06-15 10:54:00,reese.brooks@acme-fake.test,,2023-07-05 17:53:00,marco.ashby@acme-fake.test,,,,,riley.brooks@examplecorp.test,Quinn Calder,omar.calder@examplecorp.test,Jamie Dorsey,Other,100098,N,Alpha,omar.garcia@examplecorp.test,Rahul Rossi,Y,6977,8726,3504,2801,Y,,,,,Aligned on billing and renewal terms.,,sofia.patel@sampleco.test,,Discussed timeline and next steps with the account.,marco.mensah@sampleco.test,rahul.ashby@demomail.test,N,,,,Gamma,,,Alpha,Standard,2025-04-03 14:06:00,8538,632,Beta,Gamma,Standard,Alpha,6327,3914,6716,4293,3316,Alpha,Yara Okafor,Skyler Calder,2025-08-29 05:33:00,,,,,,,,,,,,,,
700102,100516,Customer Management,100673,Quarterly Review,Final,N,Y,Discussed timeline and next steps with the account.,100016,Jamie Silva,Y,,6.9,4.8,100699,Y,8.9,How likely are you to continue the engagement?,Happy with the progress.,7.8,4.8,Alpha,Y,3.6,2.2,7.9,1.4,5.6,4.2,5.1,,,N,,100514,Rahul Ashby,2026-07-18 21:24:00,skyler.brooks@demomail.test,,2024-01-18 04:24:00,fatima.whitfield@demomail.test,,,,,drew.kim@acme-fake.test,Fatima Brooks,emerson.mensah@examplecorp.test,Nina Cohen,Beta,100751,Y,Other,reese.kim@examplecorp.test,Omar Garcia,Y,682,9835,4358,2822,Y,,,,,Shared the updated proposal for review.,Casey Sloan,avery.mensah@examplecorp.test,,Reviewed performance and gathered feedback.,noah.mensah@sampleco.test,emerson.patel@sampleco.test,N,,,,,,,,,2026-01-08 15:38:00,9872,8985,Standard,Beta,Beta,Other,6062,2973,1217,4896,2343,Gamma,Diego Cohen,Elena Mensah,2026-04-22 17:38:00,,,,,,,,,,,,,,
700103,100140,Customer Management,100194,Wellness Check-In,Final,Y,N,Aligned on billing and renewal terms.,100512,Casey Cohen,Y,,7.3,4.7,100558,Y,9.3,How is communication with your team?,Exceeding expectations.,8.1,1.8,Standard,Y,2.7,3.9,2.1,7.7,1.4,3.1,3.5,,,N,,100453,Fatima Dorsey,2025-11-20 17:23:00,aisha.garcia@acme-fake.test,Jordan Haddad,2024-08-18 16:03:00,jordan.mensah@demomail.test,,,,,marco.haddad@examplecorp.test,Aisha Costa,aisha.mensah@sampleco.test,Rahul Blake,Delta,100236,Y,Delta,nina.mercer@acme-fake.test,Elena Vance,N,6974,7324,3066,9190,N,,,,,Aligned on billing and renewal terms.,,emerson.ashby@acme-fake.test,,Shared the updated proposal for review.,alex.brooks@sampleco.test,jamie.rossi@demomail.test,N,,,Beta,,,,,,2023-01-23 14:04:00,3820,4775,Beta,Standard,Alpha,Alpha,3104,2226,8602,7007,8368,Beta,Skyler Vance,Fatima Nguyen,2025-01-30 15:37:00,,,,,,,,,,,,,,
700104,100697,Resource Care,100503,Quarterly Review,Final,Y,Y,Followed up on the open items from last week.,100162,Sofia Brooks,N,,1.8,8.8,100519,Y,9.9,How satisfied are you with the service?,Very satisfied overall.,9.4,3.9,Gamma,N,3.8,9.6,3.1,5.4,4.5,2.6,8.4,,,N,,100253,Nina Okafor,2026-04-24 20:51:00,jordan.patel@acme-fake.test,,2024-02-10 06:02:00,rahul.cohen@demomail.test,,,Standard,,skyler.haddad@demomail.test,Skyler Sato,skyler.blake@examplecorp.test,Avery Brooks,Other,100021,N,Beta,priya.mensah@examplecorp.test,Reese Vance,N,2282,2380,8303,9793,N,,,,,Noted a concern to revisit at the next sync.,,nina.ashby@acme-fake.test,,Shared the updated proposal for review.,diego.costa@examplecorp.test,jamie.costa@acme-fake.test,N,Standard,,,,Other,,,,2025-12-03 11:49:00,2549,6918,Standard,Delta,Gamma,Gamma,8001,8447,6023,8502,1222,Standard,Skyler Ivanov,Rowan Nguyen,2024-07-31 13:29:00,,,,,,,,,,,,,,
700105,100469,Resource Care,100183,Wellness Check-In,Final,N,N,Followed up on the open items from last week.,100771,Avery Garcia,Y,,8.3,3.6,100665,N,7.4,How satisfied are you with the service?,"Neutral, watching closely.",4.6,9.2,Standard,Y,6.2,3.2,7.4,1.7,8.4,4.7,5.1,,,N,,100654,Drew Silva,2026-01-11 23:41:00,fatima.dorsey@demomail.test,,2024-08-18 10:57:00,jordan.mercer@examplecorp.test,,,,,jamie.ivanov@sampleco.test,Mei Reyes,rowan.whitfield@examplecorp.test,Alex Rossi,Alpha,100420,N,Standard,mei.okafor@demomail.test,Taylor Rossi,N,2363,992,3159,7910,Y,,,,,Resolved the outstanding question about scope.,,quinn.silva@sampleco.test,,Aligned on billing and renewal terms.,taylor.rossi@sampleco.test,aisha.patel@demomail.test,Y,,,,Delta,Other,,,,2026-03-01 06:34:00,4662,5701,Alpha,Beta,Delta,Gamma,3607,3017,8559,5206,9294,Beta,Morgan Ashby,Noah Larsson,2023-02-28 09:17:00,,,,,,,,,,,,,,
700106,100068,Resource Care,100029,Wellness Check-In,Final,Y,N,Shared the updated proposal for review.,100451,Sofia Whitfield,N,,3.0,9.4,100700,N,1.6,Are deliverables meeting expectations?,Happy with the progress.,1.3,7.6,Beta,N,1.5,7.8,7.9,6.2,6.3,1.3,7.7,,,N,,100784,Yara Vance,2024-10-15 22:33:00,marco.reyes@acme-fake.test,,2023-06-27 10:51:00,rahul.reyes@examplecorp.test,,,Other,,morgan.patel@examplecorp.test,Aisha Sato,nina.vance@examplecorp.test,Aisha Costa,Alpha,100340,Y,Beta,rowan.calder@sampleco.test,Quinn Blake,N,9638,414,2716,3203,Y,,,,,Shared the updated proposal for review.,,arjun.costa@examplecorp.test,,Scheduled a check-in for the coming month.,arjun.sloan@examplecorp.test,taylor.rossi@sampleco.test,Y,,,,,Gamma,Quinn Garcia,Delta,Gamma,2023-05-16 04:55:00,7113,9176,Standard,Beta,Gamma,Other,8866,4494,5147,9355,707,Delta,Taylor Rossi,Casey Costa,2026-04-19 09:45:00,,,,,,,,,,,,,,
700107,100023,Customer Management,100771,Wellness Check-In,Final,Y,N,Shared the updated proposal for review.,100007,Sofia Dorsey,Y,,8.0,3.9,100149,Y,6.7,Any concerns we should address?,"Going well, minor tweaks needed.",3.1,4.6,Gamma,Y,7.8,4.3,5.2,1.9,1.9,5.4,9.0,,,N,,100182,Jamie Kim,2025-11-24 14:05:00,diego.larsson@examplecorp.test,,2026-02-27 05:43:00,omar.reyes@acme-fake.test,,,,Riley Reyes,priya.silva@examplecorp.test,Avery Vance,nina.whitfield@sampleco.test,Nina Kim,Delta,100404,Y,Beta,diego.nguyen@examplecorp.test,Sofia Nguyen,Y,8433,7224,4017,4435,Y,,,,,Noted a concern to revisit at the next sync.,,mei.nguyen@sampleco.test,,Reviewed performance and gathered feedback.,emerson.vance@examplecorp.test,rowan.ashby@examplecorp.test,Y,,Aligned on billing and renewal terms.,,,Gamma,Liam Nguyen,Standard,,2023-02-23 08:32:00,7818,9213,Delta,Other,Beta,Delta,6104,9850,9901,2924,1088,Standard,Marco Cohen,Aisha Silva,2023-06-15 15:57:00,,,Gamma,,,,,,,,,,,
700108,100396,Customer Management,100542,Wellness Check-In,Final,Y,N,Noted a concern to revisit at the next sync.,100727,Taylor Ford,N,,3.7,2.6,100021,Y,5.7,How likely are you to continue the engagement?,Very satisfied overall.,3.0,8.7,Beta,N,4.7,1.8,2.9,9.2,1.1,10.0,10.0,,,Y,,100548,Quinn Mercer,2025-04-12 19:41:00,jordan.ivanov@demomail.test,,2023-08-20 09:58:00,avery.cohen@examplecorp.test,,,,Emerson Cohen,arjun.rossi@sampleco.test,Priya Ivanov,priya.nguyen@examplecorp.test,Marco Okafor,Delta,100226,Y,Beta,taylor.mercer@sampleco.test,Yara Blake,Y,9110,4556,8595,9114,N,,,,,Resolved the outstanding question about scope.,,reese.nguyen@acme-fake.test,,Followed up on the open items from last week.,diego.sloan@sampleco.test,liam.sato@acme-fake.test,N,Delta,Aligned on billing and renewal terms.,Standard,Delta,,,,Beta,2022-11-16 07:21:00,5279,2396,Alpha,Other,Beta,Standard,2406,3852,2913,9906,1913,Delta,Avery Okafor,Morgan Rossi,2026-06-12 21:29:00,,,,,,,,,,,,,,
700109,100704,Customer Management,100303,Customer Success Check-In,Final,Y,Y,Reviewed performance and gathered feedback.,100233,Fatima Sato,N,,7.0,6.4,100579,Y,8.1,Are deliverables meeting expectations?,"Neutral, watching closely.",3.8,8.5,Alpha,N,8.6,6.4,7.0,1.4,8.4,1.6,5.7,,,N,,100550,Riley Rossi,2024-07-16 14:51:00,casey.calder@sampleco.test,,2025-04-12 10:22:00,priya.dorsey@sampleco.test,,,,,liam.ivanov@sampleco.test,Morgan Ivanov,reese.mensah@sampleco.test,Taylor Whitfield,Delta,100250,Y,Beta,quinn.mercer@demomail.test,Emerson Brooks,N,9053,3268,6031,1021,N,,,,,Reviewed performance and gathered feedback.,,diego.ford@examplecorp.test,,Resolved the outstanding question about scope.,alex.ivanov@demomail.test,chen.calder@acme-fake.test,N,Alpha,,,,,Omar Silva,Beta,,2025-03-15 23:24:00,6072,8066,Beta,Gamma,Delta,Standard,857,8759,3237,7709,5765,Beta,Yara Ford,Rahul Cohen,2024-10-19 12:48:00,,,,,,,,,,,,,,
700110,100369,Resource Care,100058,Quarterly Review,Final,N,N,Resolved the outstanding question about scope.,100420,Aisha Reyes,Y,,2.2,6.5,100247,N,9.4,How satisfied are you with the service?,"Going well, minor tweaks needed.",6.0,6.2,Delta,N,9.1,6.1,1.1,5.3,6.4,3.5,9.0,,,N,,100551,Rowan Ford,2025-09-22 06:46:00,rowan.ford@demomail.test,,2023-10-12 09:14:00,nina.blake@acme-fake.test,Priya Rossi,,,,rahul.haddad@acme-fake.test,Rahul Cohen,rahul.haddad@examplecorp.test,Taylor Rossi,Standard,100593,N,Alpha,omar.cohen@acme-fake.test,Quinn Sloan,Y,6468,3510,2635,6744,Y,,,,,Noted a concern to revisit at the next sync.,,skyler.ashby@acme-fake.test,,Noted a concern to revisit at the next sync.,priya.dorsey@acme-fake.test,marco.silva@demomail.test,N,Delta,,,,,Sofia Blake,,Gamma,2024-07-07 21:35:00,9570,5381,Alpha,Beta,Other,Gamma,7054,3220,2002,2165,7254,Gamma,Nina Reyes,Morgan Kim,2022-10-04 16:10:00,,,,,,,,,,,,,,
700111,100152,Customer Management,100713,Customer Success Check-In,Final,N,N,Noted a concern to revisit at the next sync.,100512,Emerson Nguyen,Y,,4.6,5.6,100382,N,2.1,Any concerns we should address?,"Neutral, watching closely.",5.1,3.3,Beta,N,7.1,7.5,2.4,4.8,4.6,4.0,6.9,,,N,,100498,Diego Silva,2023-02-24 00:23:00,nina.brooks@acme-fake.test,,2022-12-23 10:56:00,omar.brooks@sampleco.test,Jordan Sloan,,,Aisha Kim,omar.whitfield@examplecorp.test,Rowan Mercer,jordan.ivanov@demomail.test,Riley Reyes,Delta,100468,Y,Beta,rahul.larsson@demomail.test,Taylor Mercer,Y,5479,9259,423,8006,Y,,,,,Scheduled a check-in for the coming month.,,riley.sato@sampleco.test,,Reviewed performance and gathered feedback.,liam.haddad@demomail.test,sofia.larsson@sampleco.test,Y,,,,,,,,,2023-06-11 23:04:00,5098,6449,Beta,Gamma,Beta,Standard,6865,5737,4372,5934,3191,Beta,Rahul Cohen,Fatima Kim,2024-11-02 07:02:00,,183,,,,,,,,,,,,
700112,100031,Resource Care,100790,Wellness Check-In,Final,Y,N,Scheduled a check-in for the coming month.,100730,Arjun Cohen,N,,7.1,9.1,100021,N,4.6,How likely are you to continue the engagement?,"Going well, minor tweaks needed.",5.1,4.1,Other,Y,5.0,7.9,8.7,5.0,8.9,9.5,2.0,,,N,,100438,Noah Sato,2024-05-04 13:33:00,avery.mercer@sampleco.test,,2026-03-17 23:33:00,drew.calder@sampleco.test,,,,,arjun.nguyen@sampleco.test,Nina Blake,omar.mercer@examplecorp.test,Fatima Nguyen,Delta,100182,N,Other,fatima.okafor@examplecorp.test,Skyler Okafor,Y,4644,8570,1452,1913,Y,,,,,Reviewed performance and gathered feedback.,,skyler.kim@acme-fake.test,,Resolved the outstanding question about scope.,aisha.sloan@sampleco.test,jordan.blake@acme-fake.test,Y,,,,Gamma,Standard,,,Alpha,2024-08-13 17:47:00,7911,7210,Delta,Delta,Beta,Standard,6596,8167,7658,9278,8382,Beta,Sofia Sato,Emerson Ivanov,2023-09-22 08:21:00,,5957,,,,,,,,,,,,
700113,100029,Customer Management,100246,Quarterly Review,Final,N,N,Shared the updated proposal for review.,100139,Liam Silva,Y,,2.2,8.5,100067,N,6.9,How is communication with your team?,Very satisfied overall.,3.5,6.6,Beta,Y,10.0,3.2,2.2,7.9,9.0,3.5,2.1,,,N,,100570,Diego Vance,2024-12-15 13:54:00,jordan.ford@examplecorp.test,,2026-01-23 09:01:00,omar.garcia@acme-fake.test,,,Alpha,Omar Sloan,morgan.vance@sampleco.test,Sofia Costa,elena.larsson@acme-fake.test,Casey Mensah,Alpha,100765,Y,Delta,diego.mercer@demomail.test,Nina Vance,N,5427,7336,922,3775,N,,,,,Followed up on the open items from last week.,,quinn.larsson@demomail.test,,Aligned on billing and renewal terms.,elena.kim@demomail.test,jordan.whitfield@examplecorp.test,Y,,,,,,,,,2023-09-05 05:20:00,4225,3973,Alpha,Delta,Gamma,Delta,8644,1210,8404,6955,5399,Beta,Riley Whitfield,Diego Nguyen,2025-03-08 11:25:00,,,,,,,,,,,,,,
700114,100545,Customer Management,100466,Customer Success Check-In,Final,Y,Y,Shared the updated proposal for review.,100790,Elena Silva,Y,,3.4,4.2,100309,Y,6.6,How likely are you to continue the engagement?,Very satisfied overall.,2.7,1.1,Beta,N,4.8,4.2,7.6,2.4,3.8,5.5,4.2,,,Y,,100671,Casey Silva,2023-01-05 07:41:00,arjun.ford@demomail.test,,2025-01-21 20:36:00,chen.ivanov@examplecorp.test,Aisha Blake,,,Casey Calder,sofia.calder@acme-fake.test,Reese Cohen,reese.okafor@acme-fake.test,Skyler Ashby,Delta,100410,N,Alpha,diego.costa@demomail.test,Noah Calder,Y,399,7475,8523,7792,Y,,,,,Discussed timeline and next steps with the account.,,drew.patel@sampleco.test,,Followed up on the open items from last week.,quinn.sloan@examplecorp.test,yara.ashby@examplecorp.test,N,,,Delta,,,,,,2024-06-13 00:02:00,8923,8664,Gamma,Alpha,Gamma,Standard,7327,1371,6948,300,8149,Alpha,Alex Costa,Jordan Ivanov,2025-04-30 10:23:00,,,,,,,,,,,,,,
700115,100362,Customer Management,100446,Wellness Check-In,Draft,N,N,Discussed timeline and next steps with the account.,100125,Casey Mercer,Y,,1.3,8.0,100574,Y,3.6,Are deliverables meeting expectations?,Some concerns about turnaround time.,8.3,5.6,Gamma,Y,9.2,6.4,6.4,6.1,3.9,6.1,5.5,,,N,,100632,Avery Brooks,2025-03-15 18:04:00,aisha.ashby@sampleco.test,,2026-01-04 10:57:00,yara.costa@sampleco.test,,,,,arjun.okafor@examplecorp.test,Skyler Patel,rahul.ford@demomail.test,Omar Rossi,Beta,100055,N,Alpha,aisha.reyes@demomail.test,Rowan Garcia,Y,2705,7103,8358,1923,Y,,,,,Aligned on billing and renewal terms.,,fatima.cohen@examplecorp.test,,Discussed timeline and next steps with the account.,alex.ashby@acme-fake.test,drew.vance@acme-fake.test,N,,Reviewed performance and gathered feedback.,Alpha,,,,Other,Alpha,2025-12-21 01:40:00,1750,8930,Gamma,Alpha,Beta,Alpha,5173,5439,4212,6381,8773,Beta,Sofia Sato,Diego Blake,2026-07-12 17:12:00,,,,,,,,,,,,,,
700116,100700,Resource Care,100224,Customer Success Check-In,Final,N,Y,Followed up on the open items from last week.,100671,Aisha Patel,Y,,5.5,6.5,100098,N,2.8,Are deliverables meeting expectations?,"Going well, minor tweaks needed.",4.3,3.1,Gamma,N,3.8,9.5,7.3,9.5,10.0,6.4,4.0,,,Y,,100784,Emerson Reyes,2023-07-19 12:23:00,liam.whitfield@demomail.test,,2023-11-29 06:32:00,yara.brooks@examplecorp.test,,,,,taylor.cohen@sampleco.test,Nina Rossi,morgan.sloan@demomail.test,Rahul Dorsey,Standard,100047,N,Alpha,emerson.garcia@demomail.test,Marco Mensah,Y,8120,7321,1023,3089,N,,,,,Resolved the outstanding question about scope.,,morgan.calder@examplecorp.test,,Noted a concern to revisit at the next sync.,mei.mercer@examplecorp.test,morgan.costa@demomail.test,Y,Beta,,Standard,,,Riley Silva,,Standard,2024-11-27 23:00:00,6233,4678,Standard,Other,Beta,Other,506,909,7763,8155,4987,Gamma,Rowan Mensah,Aisha Mensah,2022-12-04 11:01:00,,6468,,,,,,,,,,,,
700117,100375,Customer Management,100699,Wellness Check-In,Final,Y,N,Followed up on the open items from last week.,100638,Jamie Sato,Y,,9.5,7.1,100771,N,5.8,How likely are you to continue the engagement?,"Going well, minor tweaks needed.",4.3,3.6,Delta,Y,8.9,2.0,3.5,9.0,5.1,9.6,8.1,,,N,,100721,Taylor Nguyen,2024-12-07 16:02:00,casey.kim@sampleco.test,,2023-11-08 10:41:00,quinn.patel@examplecorp.test,,,Beta,Riley Haddad,liam.haddad@sampleco.test,Rahul Sloan,casey.mensah@examplecorp.test,Taylor Vance,Delta,100264,Y,Alpha,arjun.rossi@examplecorp.test,Rowan Haddad,Y,4801,815,7794,2704,N,,,,,Aligned on billing and renewal terms.,,avery.calder@examplecorp.test,,Shared the updated proposal for review.,reese.garcia@demomail.test,priya.ashby@demomail.test,Y,,,,,,Emerson Ford,,,2024-12-29 13:51:00,2901,3229,Standard,Gamma,Standard,Alpha,7265,1183,7277,6056,2336,Delta,Morgan Silva,Rahul Cohen,2024-07-05 14:05:00,,,,,,,,,,,,,,
700118,100055,Customer Management,100741,Quarterly Review,Final,N,N,Aligned on billing and renewal terms.,100733,Liam Brooks,Y,,1.8,7.6,100765,Y,7.2,How likely are you to continue the engagement?,"Going well, minor tweaks needed.",6.5,1.2,Standard,N,7.0,1.9,9.9,8.6,8.1,3.5,3.2,,,Y,,100529,Omar Sato,2026-05-15 07:52:00,taylor.silva@demomail.test,,2025-10-03 13:02:00,riley.cohen@sampleco.test,,,Other,,noah.vance@acme-fake.test,Noah Ashby,morgan.reyes@demomail.test,Noah Ashby,Delta,100191,N,Gamma,taylor.nguyen@sampleco.test,Riley Mercer,N,5516,9018,6666,6657,Y,,,,,Noted a concern to revisit at the next sync.,,yara.garcia@acme-fake.test,,Followed up on the open items from last week.,jamie.dorsey@examplecorp.test,jamie.kim@acme-fake.test,N,,,,,,Noah Okafor,,,2024-12-07 11:29:00,8203,2279,Beta,Gamma,Gamma,Other,7968,3141,4910,698,7542,Alpha,Fatima Sato,Rahul Okafor,2024-02-24 12:29:00,,,,,,,,,,,,,,
700119,100021,Customer Management,100153,Wellness Check-In,Final,N,N,Scheduled a check-in for the coming month.,100165,Marco Patel,Y,,6.1,5.9,100156,N,5.3,How is communication with your team?,"Neutral, watching closely.",3.5,5.5,Gamma,Y,10.0,1.4,3.5,9.7,7.1,5.9,9.0,,,Y,,100021,Nina Sloan,2023-05-24 17:42:00,jamie.costa@sampleco.test,,2024-11-16 03:25:00,alex.haddad@acme-fake.test,,,,Emerson Nguyen,marco.blake@sampleco.test,Reese Mensah,emerson.sato@acme-fake.test,Diego Calder,Delta,100601,Y,Beta,rahul.garcia@acme-fake.test,Taylor Vance,Y,8782,4935,4823,8135,N,,,,,Scheduled a check-in for the coming month.,,elena.okafor@acme-fake.test,,Scheduled a check-in for the coming month.,elena.brooks@demomail.test,mei.mensah@sampleco.test,Y,,,,,,,,Delta,2025-05-04 20:16:00,8839,9090,Standard,Delta,Beta,Other,7565,54,5791,8771,3774,Beta,Liam Calder,Elena Rossi,2025-08-22 07:25:00,,,,,,,,,7787,,,,,Casey Garcia
700120,100741,Customer Management,100277,Quarterly Review,Final,N,Y,Shared the updated proposal for review.,100561,Mei Costa,N,,8.3,5.9,100569,N,5.0,Are deliverables meeting expectations?,Very satisfied overall.,4.4,1.1,Other,Y,2.7,3.5,1.1,4.2,2.5,4.5,4.8,,,Y,,100651,Jordan Ashby,2025-05-21 04:21:00,jamie.blake@demomail.test,,2024-06-04 12:30:00,skyler.vance@demomail.test,,,Beta,Diego Costa,yara.rossi@examplecorp.test,Diego Dorsey,nina.whitfield@sampleco.test,Morgan Blake,Other,100112,N,Standard,taylor.blake@sampleco.test,Rowan Blake,Y,3193,8943,8788,1858,Y,,,,Beta,Scheduled a check-in for the coming month.,,priya.silva@demomail.test,,Resolved the outstanding question about scope.,skyler.brooks@acme-fake.test,marco.patel@sampleco.test,Y,,,,Standard,,,,,2025-06-16 07:18:00,270,4748,Gamma,Beta,Standard,Delta,2508,8132,5130,4911,8608,Delta,Omar Kim,Avery Haddad,2026-05-04 00:08:00,,,,,,,,,,,,,,
700121,100291,Customer Management,100713,Quarterly Review,Final,Y,N,Aligned on billing and renewal terms.,100415,Sofia Patel,Y,,8.9,4.9,100332,Y,5.3,How is communication with your team?,"Going well, minor tweaks needed.",8.5,9.7,Delta,N,3.1,2.5,8.3,6.0,5.6,4.9,9.2,,,Y,,100640,Chen Dorsey,2023-12-25 03:41:00,jordan.okafor@examplecorp.test,,2024-01-31 16:12:00,nina.costa@acme-fake.test,Jordan Ivanov,,,,skyler.sato@sampleco.test,Morgan Garcia,avery.dorsey@acme-fake.test,Drew Kim,Delta,100494,N,Standard,fatima.reyes@sampleco.test,Mei Mensah,N,2229,710,1585,6750,N,,,,,Discussed timeline and next steps with the account.,,arjun.mercer@sampleco.test,Standard,Discussed timeline and next steps with the account.,noah.ashby@demomail.test,sofia.ivanov@examplecorp.test,Y,,,,,,Elena Sato,,,2025-07-13 11:37:00,5668,1174,Beta,Standard,Other,Other,1569,7073,6937,6845,1931,Delta,Mei Blake,Elena Sato,2025-09-03 06:48:00,,,Beta,,,,,,,,,,,
700122,100161,Resource Care,100328,Wellness Check-In,Final,Y,N,Scheduled a check-in for the coming month.,100233,Aisha Kim,Y,,4.3,5.2,100269,N,1.3,Any concerns we should address?,"Going well, minor tweaks needed.",3.5,5.1,Beta,Y,2.4,2.5,3.8,8.0,9.0,3.5,9.5,,,N,,100295,Morgan Garcia,2024-05-10 16:09:00,emerson.kim@acme-fake.test,,2026-02-26 00:32:00,nina.rossi@acme-fake.test,Riley Haddad,,Alpha,,casey.garcia@sampleco.test,Aisha Okafor,elena.haddad@sampleco.test,Casey Ford,Beta,100031,Y,Delta,jordan.okafor@sampleco.test,Riley Cohen,N,9027,8037,8085,4152,Y,,,,,Aligned on billing and renewal terms.,,marco.larsson@examplecorp.test,,Resolved the outstanding question about scope.,drew.okafor@sampleco.test,jordan.ivanov@examplecorp.test,N,,,,,,Nina Rossi,,,2024-07-03 12:57:00,8157,3113,Standard,Alpha,Beta,Delta,4597,328,1275,7859,4069,Alpha,Morgan Ashby,Quinn Vance,2023-12-06 21:55:00,,,,,,,,,,,,,,
700123,100572,Resource Care,100336,Quarterly Review,Final,Y,N,Discussed timeline and next steps with the account.,100467,Sofia Mercer,N,,3.6,2.8,100177,N,4.0,Any concerns we should address?,Exceeding expectations.,5.9,3.9,Gamma,N,9.1,7.7,1.2,2.3,5.5,1.7,2.2,,,Y,,100219,Marco Calder,2026-06-28 08:00:00,priya.larsson@demomail.test,,2023-09-03 15:58:00,noah.patel@sampleco.test,,,Beta,,yara.mercer@acme-fake.test,Rahul Kim,mei.ashby@acme-fake.test,Yara Haddad,Delta,100281,Y,Other,emerson.ford@sampleco.test,Marco Reyes,Y,1421,2140,5386,3847,N,,,,,Shared the updated proposal for review.,,elena.dorsey@sampleco.test,,Shared the updated proposal for review.,jordan.reyes@examplecorp.test,nina.silva@sampleco.test,N,,,,,,Rowan Haddad,,,2023-01-28 16:50:00,995,3598,Gamma,Delta,Beta,Other,2498,9102,303,8583,6200,Beta,Yara Ivanov,Jamie Sato,2025-01-23 04:28:00,,,,,,,,,,,,,,
700124,100428,Resource Care,100718,Quarterly Review,Final,Y,Y,Shared the updated proposal for review.,100412,Marco Silva,Y,,8.5,6.0,100115,Y,9.8,How likely are you to continue the engagement?,Happy with the progress.,5.0,6.6,Beta,Y,5.1,9.5,2.2,1.6,1.5,5.2,3.5,,,N,,100271,Rahul Blake,2023-07-31 01:53:00,diego.mercer@sampleco.test,,2024-12-05 19:44:00,jordan.silva@sampleco.test,,,,,aisha.mercer@demomail.test,Diego Vance,nina.mercer@demomail.test,Morgan Garcia,Other,100500,N,Delta,nina.kim@demomail.test,Chen Larsson,N,7099,6411,4393,8008,Y,,,,,Discussed timeline and next steps with the account.,,jamie.cohen@examplecorp.test,,Followed up on the open items from last week.,riley.vance@demomail.test,aisha.reyes@examplecorp.test,N,Standard,,Gamma,,,Elena Blake,,,2026-06-06 22:01:00,904,778,Standard,Alpha,Alpha,Beta,303,6084,9845,2549,4812,Delta,Avery Mensah,Reese Patel,2024-10-17 09:20:00,,,,,,,,,,,,,,
700125,100475,Customer Management,100372,Quarterly Review,Final,Y,N,Discussed timeline and next steps with the account.,100204,Omar Ford,N,,7.6,9.7,100140,Y,6.6,How likely are you to continue the engagement?,Some concerns about turnaround time.,3.0,5.4,Other,Y,7.9,1.4,9.8,1.8,9.8,8.8,3.3,,,Y,,100173,Rowan Mercer,2023-02-25 23:35:00,drew.ashby@acme-fake.test,,2024-01-13 22:44:00,casey.garcia@demomail.test,Reese Patel,,Gamma,Alex Reyes,casey.cohen@demomail.test,Casey Reyes,aisha.larsson@sampleco.test,Diego Haddad,Beta,100375,N,Standard,mei.calder@demomail.test,Omar Silva,N,3393,2624,9539,9278,N,,,,,Noted a concern to revisit at the next sync.,,quinn.silva@examplecorp.test,,Scheduled a check-in for the coming month.,fatima.reyes@examplecorp.test,quinn.sato@sampleco.test,Y,Beta,,,,Beta,,,Other,2024-03-18 19:01:00,1384,5078,Gamma,Standard,Other,Gamma,2397,831,6439,2974,5971,Gamma,Yara Blake,Drew Nguyen,2026-02-01 10:28:00,,,,,,,,,,,,,,
700126,100009,Customer Management,100086,Wellness Check-In,Final,N,N,Scheduled a check-in for the coming month.,100094,Aisha Dorsey,N,,5.3,4.1,100647,Y,7.1,Any concerns we should address?,Happy with the progress.,9.8,9.2,Standard,Y,3.9,4.9,2.4,6.3,6.0,1.3,4.4,,,Y,,100068,Rahul Cohen,2023-03-14 10:59:00,omar.haddad@demomail.test,,2025-01-14 05:00:00,chen.ashby@acme-fake.test,,,,,nina.brooks@examplecorp.test,Mei Nguyen,avery.garcia@examplecorp.test,Diego Ivanov,Delta,100468,Y,Standard,marco.larsson@acme-fake.test,Fatima Costa,N,3136,10,2468,6287,N,,,,,Scheduled a check-in for the coming month.,,omar.nguyen@sampleco.test,,Aligned on billing and renewal terms.,aisha.costa@examplecorp.test,mei.reyes@acme-fake.test,N,Delta,,,,,,Beta,Delta,2023-12-05 16:22:00,781,1570,Alpha,Other,Delta,Delta,8876,3039,2300,6269,7390,Standard,Casey Whitfield,Sofia Ashby,2025-04-20 09:14:00,,,,,,,,,,,,,,
700127,100466,Customer Management,100035,Customer Success Check-In,Final,N,Y,Aligned on billing and renewal terms.,100658,Taylor Mensah,N,,3.8,4.2,100161,Y,1.5,How satisfied are you with the service?,Some concerns about turnaround time.,6.5,5.8,Alpha,Y,9.3,3.9,8.4,3.4,9.7,7.1,1.0,,,N,,100278,Nina Blake,2025-11-06 07:54:00,chen.cohen@sampleco.test,,2024-11-08 17:13:00,riley.dorsey@sampleco.test,Casey Kim,,Gamma,Yara Reyes,morgan.kim@acme-fake.test,Mei Reyes,yara.cohen@sampleco.test,Sofia Patel,Delta,100053,Y,Gamma,rahul.vance@sampleco.test,Drew Haddad,Y,5154,9886,6687,3847,N,,,,,Aligned on billing and renewal terms.,,skyler.brooks@sampleco.test,,Noted a concern to revisit at the next sync.,mei.calder@examplecorp.test,rahul.garcia@sampleco.test,Y,,,,,,Drew Okafor,,Delta,2022-12-14 18:51:00,5124,5119,Delta,Delta,Gamma,Other,4683,8330,9980,9785,6853,Standard,Yara Rossi,Jamie Mensah,2024-07-01 08:12:00,,,,,,,,,,,,,,Chen Sato
700128,100115,Resource Care,100733,Wellness Check-In,Final,N,Y,Noted a concern to revisit at the next sync.,100616,Liam Larsson,N,,2.8,9.1,100585,Y,8.4,How likely are you to continue the engagement?,Happy with the progress.,6.9,3.3,Beta,Y,6.8,4.5,5.4,7.1,3.4,3.5,10.0,,,N,,100019,Casey Patel,2025-07-06 11:49:00,drew.sloan@demomail.test,,2025-12-14 21:30:00,liam.dorsey@sampleco.test,Rowan Sloan,,,,jamie.kim@examplecorp.test,Chen Ashby,alex.mensah@sampleco.test,Quinn Kim,Standard,100691,Y,Standard,diego.dorsey@demomail.test,Skyler Cohen,Y,9842,6453,9881,5483,N,,,,,Discussed timeline and next steps with the account.,,drew.patel@sampleco.test,,Noted a concern to revisit at the next sync.,rowan.ashby@sampleco.test,omar.silva@sampleco.test,N,,,,,,Fatima Silva,Alpha,,2024-05-02 01:43:00,9336,187,Other,Standard,Gamma,Delta,4836,8934,9628,4410,844,Beta,Diego Ashby,Rahul Ford,2022-10-14 02:44:00,,,,,,Other,,,,4534,,,,
700129,100244,Resource Care,100726,Wellness Check-In,Final,Y,N,Reviewed performance and gathered feedback.,100247,Casey Rossi,N,,6.5,2.5,100622,N,4.8,How likely are you to continue the engagement?,Exceeding expectations.,2.4,6.4,Delta,Y,6.1,2.4,1.1,7.6,6.8,3.3,1.8,,,Y,,100434,Sofia Calder,2024-12-21 07:46:00,aisha.costa@acme-fake.test,,2025-03-18 08:46:00,yara.blake@examplecorp.test,,,,,chen.dorsey@sampleco.test,Jamie Haddad,jordan.okafor@sampleco.test,Liam Mercer,Delta,100145,Y,Standard,nina.silva@sampleco.test,Casey Brooks,Y,1412,2329,6486,8138,Y,,Beta,,,Shared the updated proposal for review.,,reese.blake@demomail.test,,Followed up on the open items from last week.,jordan.silva@demomail.test,sofia.larsson@acme-fake.test,Y,,Shared the updated proposal for review.,,Beta,,,,,2023-02-07 01:42:00,5065,3514,Other,Alpha,Delta,Gamma,5584,6979,7785,7351,4735,Standard,Marco Larsson,Casey Garcia,2023-11-21 08:18:00,,,,Delta,,,,,,,,,,
700130,100098,Customer Management,100596,Wellness Check-In,Final,Y,N,Aligned on billing and renewal terms.,100009,Nina Rossi,N,,9.6,3.7,100550,Y,3.0,Any concerns we should address?,"Neutral, watching closely.",1.9,2.6,Alpha,N,8.1,5.4,9.4,7.1,4.4,8.1,7.3,,,N,,100023,Casey Cohen,2024-10-26 14:13:00,yara.costa@demomail.test,,2025-08-07 10:09:00,yara.costa@demomail.test,,,Beta,,priya.nguyen@demomail.test,Morgan Sato,alex.mensah@examplecorp.test,Nina Costa,Delta,100253,Y,Gamma,quinn.sloan@sampleco.test,Avery Rossi,Y,7733,1454,4963,7296,N,,,,,Discussed timeline and next steps with the account.,,jamie.blake@acme-fake.test,,Aligned on billing and renewal terms.,reese.mercer@demomail.test,reese.brooks@demomail.test,Y,Gamma,,Standard,,,Priya Ashby,,,2024-01-05 00:41:00,5680,6759,Other,Beta,Gamma,Standard,1107,9209,9813,4883,7562,Standard,Chen Mercer,Elena Calder,2024-02-23 14:32:00,,,,,,,,,,,,,,
700131,100578,Resource Care,100173,Quarterly Review,Final,Y,N,Noted a concern to revisit at the next sync.,100768,Diego Okafor,Y,,4.4,2.3,100770,N,7.5,Are deliverables meeting expectations?,"Going well, minor tweaks needed.",6.1,2.9,Gamma,N,8.6,6.4,8.0,4.1,5.0,2.7,6.7,,,N,,100168,Reese Costa,2023-05-23 13:39:00,quinn.ashby@sampleco.test,,2024-07-22 09:01:00,rowan.whitfield@examplecorp.test,Noah Blake,,,,diego.nguyen@examplecorp.test,Taylor Haddad,taylor.whitfield@sampleco.test,Emerson Kim,Other,100205,Y,Standard,yara.mensah@acme-fake.test,Liam Patel,Y,4379,5380,850,1493,N,,,,,Aligned on billing and renewal terms.,,elena.patel@examplecorp.test,,Discussed timeline and next steps with the account.,omar.brooks@sampleco.test,noah.whitfield@examplecorp.test,N,Standard,,,,,,,,2024-12-14 05:43:00,7930,2496,Delta,Other,Other,Gamma,687,146,4781,5225,5739,Gamma,Casey Ashby,Rowan Cohen,2025-12-24 05:32:00,,,,,,,,,,,,,,
700132,100574,Customer Management,100765,Wellness Check-In,Final,Y,N,Reviewed performance and gathered feedback.,100210,Arjun Blake,Y,,8.0,2.2,100650,Y,6.8,How likely are you to continue the engagement?,Some concerns about turnaround time.,5.5,9.8,Other,Y,5.9,1.4,2.7,10.0,2.9,2.7,9.0,,,N,,100236,Skyler Silva,2023-11-08 07:02:00,morgan.cohen@examplecorp.test,,2023-10-24 05:03:00,elena.patel@examplecorp.test,,,Standard,Taylor Haddad,liam.vance@sampleco.test,Noah Sloan,priya.garcia@acme-fake.test,Liam Mercer,Delta,100339,N,Standard,aisha.costa@sampleco.test,Jordan Patel,N,3611,6486,4267,1307,N,Gamma,,Standard,,Discussed timeline and next steps with the account.,,jamie.vance@examplecorp.test,,Shared the updated proposal for review.,diego.nguyen@sampleco.test,morgan.costa@acme-fake.test,Y,Beta,Resolved the outstanding question about scope.,,,,Alex Blake,,,2024-02-17 03:19:00,2100,456,Other,Standard,Standard,Gamma,8849,5446,1185,8645,5299,Beta,Fatima Sloan,Jordan Haddad,2023-03-11 11:12:00,,,,Other,,,,,,,,,,
700133,100500,Customer Management,100168,Wellness Check-In,Final,N,N,Discussed timeline and next steps with the account.,100275,Aisha Mensah,Y,,6.5,3.4,100434,N,3.8,How satisfied are you with the service?,Exceeding expectations.,4.6,7.4,Gamma,Y,1.9,8.6,1.7,8.9,8.0,2.9,7.0,,,Y,,100380,Mei Sloan,2024-05-18 01:23:00,rahul.nguyen@examplecorp.test,,2023-02-10 00:47:00,skyler.blake@examplecorp.test,,,Standard,,chen.kim@acme-fake.test,Reese Kim,avery.dorsey@examplecorp.test,Reese Sloan,Alpha,100509,N,Delta,taylor.dorsey@sampleco.test,Emerson Ashby,N,2828,1194,1614,2877,Y,,,,,Reviewed performance and gathered feedback.,,fatima.dorsey@sampleco.test,Beta,Resolved the outstanding question about scope.,taylor.nguyen@examplecorp.test,jordan.garcia@demomail.test,Y,,,,Standard,,,Alpha,,2025-03-28 00:56:00,6609,6720,Gamma,Alpha,Standard,Other,63,6472,8096,9176,9101,Gamma,Priya Calder,Sofia Whitfield,2023-03-30 18:39:00,,,,,,,,,145,,,,,Noah Dorsey
700134,100050,Customer Management,100469,Wellness Check-In,Final,N,N,Resolved the outstanding question about scope.,100791,Avery Mensah,Y,,8.5,1.9,100791,N,3.7,How likely are you to continue the engagement?,Some concerns about turnaround time.,5.7,9.4,Gamma,Y,9.7,4.7,7.6,8.5,7.5,1.2,7.9,,,Y,,100340,Diego Reyes,2025-05-23 10:14:00,rahul.ivanov@sampleco.test,,2025-07-16 05:06:00,skyler.brooks@sampleco.test,Mei Patel,,Other,Quinn Nguyen,skyler.mercer@examplecorp.test,Rowan Costa,aisha.haddad@sampleco.test,Nina Calder,Alpha,100669,N,Delta,marco.ford@demomail.test,Diego Blake,Y,9290,9400,3762,3571,Y,,,,,Reviewed performance and gathered feedback.,,noah.ivanov@acme-fake.test,,Discussed timeline and next steps with the account.,morgan.blake@sampleco.test,skyler.garcia@sampleco.test,N,,,,,Beta,,Standard,,2023-12-14 04:15:00,1590,2157,Other,Other,Delta,Beta,386,8298,5702,2676,8273,Standard,Nina Rossi,Sofia Nguyen,2025-06-05 04:51:00,,,,,,,,,,,,,,
700135,100652,Resource Care,100759,Customer Success Check-In,Final,N,Y,Resolved the outstanding question about scope.,100699,Noah Costa,N,,8.8,9.0,100378,N,1.1,Are deliverables meeting expectations?,Happy with the progress.,9.7,5.4,Alpha,N,1.3,5.2,1.6,7.8,9.9,8.6,4.3,,,N,,100162,Jamie Ivanov,2025-05-26 07:24:00,avery.reyes@examplecorp.test,,2023-08-15 20:08:00,reese.okafor@acme-fake.test,,,,,taylor.haddad@examplecorp.test,Priya Nguyen,sofia.garcia@sampleco.test,Elena Haddad,Beta,100667,N,Other,arjun.silva@demomail.test,Alex Silva,N,1901,4843,5191,927,Y,,,,,Noted a concern to revisit at the next sync.,,liam.mercer@sampleco.test,,Noted a concern to revisit at the next sync.,noah.blake@examplecorp.test,skyler.cohen@demomail.test,N,Gamma,Shared the updated proposal for review.,,,Gamma,,,Gamma,2025-05-12 07:47:00,7133,611,Delta,Other,Alpha,Beta,4985,8249,5983,3307,1036,Gamma,Reese Ivanov,Rowan Sato,2024-12-27 10:56:00,,,,,,,,,,,,,,
700136,100232,Customer Management,100271,Wellness Check-In,Final,N,Y,Discussed timeline and next steps with the account.,100468,Omar Sloan,N,,1.5,2.1,100232,Y,8.4,Are deliverables meeting expectations?,"Going well, minor tweaks needed.",5.7,6.8,Delta,N,3.7,3.3,8.3,3.9,5.6,7.5,3.4,,,N,,100629,Jamie Rossi,2022-10-19 00:25:00,priya.costa@examplecorp.test,,2023-12-06 11:05:00,taylor.ford@examplecorp.test,Omar Kim,,,Marco Brooks,skyler.reyes@examplecorp.test,Chen Calder,omar.ford@examplecorp.test,Casey Ivanov,Delta,100635,N,Delta,aisha.silva@examplecorp.test,Morgan Costa,Y,4580,9346,87,4716,Y,,,,,Noted a concern to revisit at the next sync.,,aisha.calder@examplecorp.test,,Resolved the outstanding question about scope.,arjun.silva@sampleco.test,diego.ford@sampleco.test,N,Delta,Followed up on the open items from last week.,,Beta,Gamma,Quinn Larsson,,,2024-09-24 15:45:00,7306,8177,Delta,Beta,Beta,Alpha,4606,9084,8263,6542,7579,Beta,Aisha Sloan,Nina Calder,2026-04-03 22:00:00,,4822,,,,,,,,,,,,
700137,100654,Customer Management,100650,Wellness Check-In,Draft,N,Y,Discussed timeline and next steps with the account.,100490,Drew Garcia,Y,,1.9,8.1,100229,N,1.4,How satisfied are you with the service?,Some concerns about turnaround time.,4.7,7.6,Delta,N,3.1,8.6,7.0,1.8,1.9,1.6,9.4,,,Y,,100412,Noah Mensah,2025-12-15 13:37:00,elena.dorsey@examplecorp.test,,2023-05-23 05:26:00,yara.ford@demomail.test,Omar Blake,,,,marco.nguyen@sampleco.test,Jordan Cohen,elena.whitfield@acme-fake.test,Rowan Garcia,Delta,100014,N,Alpha,nina.cohen@sampleco.test,Arjun Sloan,Y,8121,8869,4807,4765,N,,,,,Followed up on the open items from last week.,,drew.vance@sampleco.test,,Followed up on the open items from last week.,casey.sato@acme-fake.test,nina.calder@demomail.test,N,Standard,,,,,Riley Ashby,,,2025-02-09 18:08:00,8782,4934,Other,Delta,Beta,Alpha,709,9778,2061,1983,5169,Beta,Morgan Cohen,Quinn Sato,2025-03-17 05:57:00,,,,,,,,,,,,,,
700138,100361,Customer Management,100263,Wellness Check-In,Draft,N,Y,Aligned on billing and renewal terms.,100423,Drew Okafor,N,,8.9,7.1,100182,Y,8.5,Are deliverables meeting expectations?,Very satisfied overall.,8.5,7.6,Delta,Y,7.4,8.5,6.0,6.9,6.0,6.9,4.6,,,Y,,100181,Priya Sato,2024-12-05 11:46:00,casey.sloan@acme-fake.test,,2023-01-26 15:48:00,alex.silva@acme-fake.test,,,,,nina.cohen@acme-fake.test,Nina Ivanov,skyler.larsson@demomail.test,Yara Ashby,Standard,100680,N,Standard,morgan.kim@demomail.test,Chen Ashby,Y,3309,2536,1821,5087,Y,,,,,Noted a concern to revisit at the next sync.,,casey.nguyen@examplecorp.test,,Scheduled a check-in for the coming month.,jamie.haddad@demomail.test,omar.nguyen@sampleco.test,Y,,Followed up on the open items from last week.,,,,,,,2025-08-03 08:23:00,2744,8533,Beta,Delta,Gamma,Gamma,9081,8852,1714,5223,9066,Other,Aisha Calder,Morgan Sato,2025-10-29 02:06:00,,,,,,,,,,,,,,
700139,100161,Customer Management,100574,Quarterly Review,Final,N,Y,Scheduled a check-in for the coming month.,100721,Marco Patel,N,,8.4,4.5,100425,Y,9.8,How satisfied are you with the service?,"Going well, minor tweaks needed.",6.4,3.6,Standard,Y,5.6,9.2,8.1,2.3,4.6,2.1,4.6,,,Y,,100291,Reese Cohen,2025-12-24 15:51:00,morgan.patel@demomail.test,,2025-07-20 21:10:00,nina.mensah@demomail.test,,,Other,,marco.brooks@demomail.test,Omar Brooks,avery.patel@acme-fake.test,Liam Dorsey,Gamma,100047,N,Alpha,nina.vance@acme-fake.test,Casey Sloan,Y,8836,8558,4577,4383,N,,,,,Discussed timeline and next steps with the account.,,avery.dorsey@sampleco.test,,Noted a concern to revisit at the next sync.,arjun.reyes@sampleco.test,marco.ashby@sampleco.test,N,,,,Gamma,,,,,2023-12-09 22:49:00,8122,4235,Other,Alpha,Standard,Beta,6500,5457,1365,8649,4681,Beta,Rahul Dorsey,Yara Patel,2023-02-05 12:23:00,,,,,,,,,,,,,,
700140,100375,Customer Management,100055,Wellness Check-In,Final,Y,Y,Aligned on billing and renewal terms.,100348,Jordan Okafor,N,,6.9,7.5,100791,N,4.6,How is communication with your team?,"Going well, minor tweaks needed.",4.4,2.9,Delta,N,2.8,9.7,9.2,1.7,8.6,1.5,5.3,,,Y,,100673,Aisha Ivanov,2023-02-13 12:10:00,jordan.calder@sampleco.test,,2025-10-25 23:06:00,yara.ashby@examplecorp.test,,,,,noah.ivanov@examplecorp.test,Priya Ashby,yara.kim@acme-fake.test,Aisha Garcia,Standard,100182,N,Gamma,quinn.ford@demomail.test,Chen Brooks,Y,7087,7151,6231,6103,N,,,,,Discussed timeline and next steps with the account.,,sofia.okafor@examplecorp.test,,Discussed timeline and next steps with the account.,taylor.sato@sampleco.test,aisha.garcia@sampleco.test,N,Delta,,Alpha,Other,Delta,,,Alpha,2023-03-03 22:47:00,9250,5854,Alpha,Other,Standard,Alpha,2778,8641,4395,1497,5457,Alpha,Taylor Brooks,Noah Silva,2023-09-10 00:14:00,,,,,,,,,,,,,,
700141,100627,Customer Management,100498,Quarterly Review,Final,Y,N,Reviewed performance and gathered feedback.,100256,Jamie Calder,Y,,8.9,2.3,100733,N,8.1,How satisfied are you with the service?,"Going well, minor tweaks needed.",5.8,3.6,Delta,Y,5.3,3.1,9.8,2.5,1.2,2.5,8.9,,,N,,100100,Emerson Brooks,2025-09-27 02:23:00,marco.rossi@sampleco.test,,2023-07-14 12:02:00,sofia.cohen@demomail.test,Emerson Whitfield,,,,chen.mensah@demomail.test,Jamie Dorsey,skyler.larsson@examplecorp.test,Quinn Haddad,Beta,100420,N,Beta,diego.whitfield@sampleco.test,Skyler Garcia,N,8797,5434,9483,3203,Y,,,,,Noted a concern to revisit at the next sync.,,liam.garcia@demomail.test,,Scheduled a check-in for the coming month.,priya.cohen@examplecorp.test,noah.okafor@acme-fake.test,N,,,,,,,,Delta,2023-08-11 19:48:00,9588,5576,Beta,Delta,Alpha,Beta,2808,2866,6811,7081,9877,Gamma,Drew Ivanov,Rahul Reyes,2026-04-18 07:18:00,,,,,,,,,,,,,,
700142,100529,Resource Care,100103,Wellness Check-In,Final,N,Y,Reviewed performance and gathered feedback.,100188,Jamie Blake,Y,,2.9,3.2,100448,N,3.4,How is communication with your team?,"Going well, minor tweaks needed.",2.4,3.3,Gamma,N,1.7,1.8,2.6,1.3,4.1,5.4,1.4,,,Y,,100383,Riley Ivanov,2025-12-02 23:51:00,omar.kim@sampleco.test,,2024-01-20 12:16:00,omar.brooks@demomail.test,,,,Omar Blake,arjun.vance@examplecorp.test,Reese Blake,rowan.patel@examplecorp.test,Sofia Patel,Other,100292,Y,Gamma,marco.blake@examplecorp.test,Emerson Ford,Y,1334,6421,2374,6421,Y,,,,,Shared the updated proposal for review.,,morgan.patel@acme-fake.test,,Noted a concern to revisit at the next sync.,omar.blake@demomail.test,quinn.ford@examplecorp.test,Y,,Reviewed performance and gathered feedback.,,Other,Delta,Nina Mercer,,Standard,2022-11-04 09:32:00,4420,1932,Other,Other,Other,Delta,9872,971,6912,538,778,Other,Skyler Ford,Priya Ivanov,2023-04-06 23:33:00,,2620,,,,,,,,,,,,
700143,100267,Customer Management,100214,Quarterly Review,Final,N,Y,Noted a concern to revisit at the next sync.,100559,Emerson Kim,Y,,7.8,6.6,100750,Y,5.1,How satisfied are you with the service?,Exceeding expectations.,6.3,2.1,Delta,Y,5.9,4.8,4.8,1.9,5.4,9.8,4.3,,,N,,100263,Aisha Mercer,2023-05-03 18:06:00,sofia.reyes@examplecorp.test,,2026-03-03 18:00:00,arjun.kim@acme-fake.test,,,,,chen.rossi@examplecorp.test,Reese Kim,morgan.whitfield@demomail.test,Quinn Okafor,Gamma,100299,Y,Gamma,quinn.reyes@sampleco.test,Sofia Ford,N,6578,7830,7990,6227,N,,,,,Scheduled a check-in for the coming month.,,arjun.okafor@sampleco.test,,Scheduled a check-in for the coming month.,arjun.haddad@examplecorp.test,aisha.nguyen@sampleco.test,Y,,,Alpha,,Beta,Diego Brooks,,,2024-06-22 07:10:00,3195,1512,Alpha,Standard,Standard,Other,3705,4386,2872,3505,9728,Alpha,Priya Calder,Fatima Brooks,2024-05-02 07:34:00,,9578,,,,,,,,,,,,
700144,100149,Customer Management,100667,Wellness Check-In,Final,Y,N,Discussed timeline and next steps with the account.,100250,Mei Whitfield,Y,,1.3,9.8,100232,Y,7.9,Any concerns we should address?,Exceeding expectations.,9.8,6.1,Delta,N,1.5,1.2,6.2,3.0,6.6,8.2,1.8,,,Y,,100787,Rahul Vance,2022-10-10 12:35:00,reese.mensah@sampleco.test,,2024-12-11 11:04:00,emerson.larsson@examplecorp.test,,,,,morgan.sato@acme-fake.test,Jordan Cohen,sofia.kim@demomail.test,Elena Ashby,Standard,100277,Y,Beta,reese.mensah@examplecorp.test,Avery Garcia,Y,2050,7907,9841,2263,Y,,,,,Aligned on billing and renewal terms.,,casey.sloan@sampleco.test,,Discussed timeline and next steps with the account.,priya.blake@demomail.test,elena.rossi@acme-fake.test,N,,,,,,,Alpha,,2023-08-14 03:05:00,6626,9644,Standard,Standard,Beta,Alpha,178,4956,8963,8918,2499,Standard,Elena Kim,Quinn Costa,2024-07-26 11:08:00,,,,,,,,,,,,Other,,
700145,100273,Resource Care,100768,Wellness Check-In,Final,Y,N,Scheduled a check-in for the coming month.,100550,Nina Vance,Y,,3.5,6.0,100439,N,8.0,How likely are you to continue the engagement?,"Going well, minor tweaks needed.",5.3,9.3,Delta,Y,6.8,5.6,6.6,7.9,5.5,2.3,5.6,,,Y,,100082,Alex Cohen,2023-03-03 03:13:00,taylor.rossi@sampleco.test,,2023-07-22 09:48:00,mei.silva@sampleco.test,Riley Cohen,,,,liam.patel@acme-fake.test,Riley Whitfield,rowan.patel@demomail.test,Aisha Dorsey,Alpha,100026,N,Beta,yara.mensah@demomail.test,Casey Reyes,N,9380,792,2635,2724,Y,,,,,Shared the updated proposal for review.,,rahul.reyes@sampleco.test,,Scheduled a check-in for the coming month.,rahul.blake@acme-fake.test,riley.garcia@sampleco.test,Y,,,Beta,,,,,,2025-09-13 08:01:00,1912,1187,Delta,Gamma,Gamma,Alpha,3218,7395,1002,3022,3047,Gamma,Diego Dorsey,Alex Vance,2026-01-02 02:49:00,,,,,,,,,,,,,,
700146,100383,Customer Management,100481,Customer Success Check-In,Final,Y,N,Aligned on billing and renewal terms.,100201,Skyler Silva,N,,9.7,2.6,100217,Y,7.5,How likely are you to continue the engagement?,Happy with the progress.,8.3,7.4,Standard,Y,8.5,5.3,8.1,6.5,4.1,4.4,9.0,,,N,,100627,Rahul Dorsey,2024-09-24 09:10:00,emerson.mensah@examplecorp.test,,2023-11-18 12:19:00,taylor.dorsey@demomail.test,,,Gamma,,quinn.nguyen@examplecorp.test,Casey Cohen,taylor.ashby@examplecorp.test,Mei Silva,Beta,100009,N,Delta,aisha.haddad@examplecorp.test,Sofia Sloan,Y,3147,3904,7762,3373,Y,,,,,Discussed timeline and next steps with the account.,,diego.nguyen@sampleco.test,,Scheduled a check-in for the coming month.,taylor.garcia@acme-fake.test,liam.larsson@sampleco.test,N,,,Beta,,Other,,,,2025-04-05 06:17:00,7507,6483,Beta,Alpha,Delta,Alpha,9389,8019,6361,3918,8840,Delta,Noah Blake,Drew Larsson,2023-03-20 09:54:00,,,,,,,,,,,,,,
700147,100425,Customer Management,100595,Wellness Check-In,Draft,N,Y,Noted a concern to revisit at the next sync.,100457,Omar Sato,N,,7.2,8.2,100558,N,3.1,Any concerns we should address?,Exceeding expectations.,3.1,8.4,Alpha,N,7.4,3.3,2.9,6.0,2.6,9.0,9.3,,,N,,100611,Casey Ashby,2024-01-25 02:52:00,mei.ashby@sampleco.test,,2026-04-02 04:16:00,riley.kim@demomail.test,,,Gamma,Taylor Ford,jamie.sato@sampleco.test,Drew Garcia,arjun.okafor@demomail.test,Elena Kim,Beta,100014,Y,Standard,liam.rossi@acme-fake.test,Jamie Sato,Y,5465,4780,4829,6058,N,,,,,Resolved the outstanding question about scope.,,rahul.haddad@examplecorp.test,,Shared the updated proposal for review.,elena.blake@acme-fake.test,taylor.ivanov@sampleco.test,N,,,,,,Yara Cohen,,,2022-10-17 12:58:00,7063,685,Delta,Beta,Delta,Standard,9864,1573,2400,3814,4503,Alpha,Alex Larsson,Aisha Ashby,2026-06-16 14:09:00,,,,,,,,,,,,,,
700148,100613,Customer Management,100112,Quarterly Review,Final,Y,N,Followed up on the open items from last week.,100578,Liam Mercer,N,,7.2,8.2,100117,Y,9.2,How likely are you to continue the engagement?,Some concerns about turnaround time.,2.4,7.9,Other,N,6.9,3.4,5.9,9.3,1.6,4.0,2.2,,,Y,,100471,Yara Sato,2023-12-02 16:37:00,marco.vance@acme-fake.test,,2026-02-15 11:51:00,omar.cohen@demomail.test,,,Gamma,Casey Mensah,rowan.dorsey@acme-fake.test,Taylor Blake,drew.patel@examplecorp.test,Marco Ashby,Other,100188,Y,Delta,sofia.nguyen@acme-fake.test,Aisha Calder,N,2844,2196,7317,5018,N,,,,,Reviewed performance and gathered feedback.,,casey.sloan@examplecorp.test,,Followed up on the open items from last week.,yara.kim@examplecorp.test,jamie.rossi@acme-fake.test,Y,,,,,,Emerson Brooks,,,2026-06-18 15:59:00,3111,2196,Other,Delta,Standard,Gamma,247,6999,6094,3476,9904,Beta,Morgan Costa,Omar Sato,2024-07-23 10:19:00,,,,,,,,,,,,,,
700149,100435,Customer Management,100686,Wellness Check-In,Final,N,Y,Reviewed performance and gathered feedback.,100554,Elena Blake,N,,5.3,5.8,100403,N,4.3,How satisfied are you with the service?,Very satisfied overall.,6.1,8.1,Beta,N,7.7,6.0,3.3,9.1,3.9,9.1,8.6,,,N,,100067,Rahul Calder,2023-09-17 14:24:00,morgan.patel@demomail.test,,2025-07-13 08:13:00,liam.silva@examplecorp.test,,,,,jamie.dorsey@demomail.test,Elena Dorsey,sofia.patel@sampleco.test,Rahul Dorsey,Gamma,100555,Y,Standard,reese.costa@sampleco.test,Aisha Haddad,Y,7138,2945,8850,8722,N,,,,,Discussed timeline and next steps with the account.,,mei.larsson@demomail.test,,Resolved the outstanding question about scope.,reese.costa@acme-fake.test,noah.silva@sampleco.test,N,,,Gamma,,Gamma,,,,2023-06-27 06:19:00,3161,4302,Alpha,Alpha,Delta,Other,8627,7735,3864,8305,6466,Beta,Quinn Calder,Noah Larsson,2023-05-02 03:46:00,,,,,,,,,,,,,,
700150,100558,Resource Care,100350,Customer Success Check-In,Final,Y,Y,Shared the updated proposal for review.,100393,Rahul Costa,Y,,8.8,9.7,100776,N,3.0,Are deliverables meeting expectations?,Exceeding expectations.,8.0,3.2,Delta,Y,4.3,6.8,2.0,3.9,8.4,3.1,5.8,,,N,,100343,Fatima Ashby,2022-10-29 18:10:00,yara.brooks@demomail.test,,2025-05-28 11:42:00,priya.calder@demomail.test,,,,,jamie.nguyen@examplecorp.test,Morgan Larsson,mei.mercer@demomail.test,Aisha Whitfield,Alpha,100296,Y,Other,yara.silva@demomail.test,Emerson Garcia,Y,1446,6761,3172,2764,Y,,,,,Scheduled a check-in for the coming month.,,jamie.okafor@acme-fake.test,,Resolved the outstanding question about scope.,reese.sato@sampleco.test,chen.cohen@examplecorp.test,N,,Followed up on the open items from last week.,,,Alpha,,,,2022-11-10 03:52:00,595,8572,Delta,Gamma,Other,Standard,8146,6446,1664,6075,7799,Standard,Avery Kim,Jordan Dorsey,2024-01-03 23:26:00,,,,,,,,,,3,,,,
700151,100309,Customer Management,100732,Quarterly Review,Final,Y,Y,Followed up on the open items from last week.,100330,Jordan Reyes,Y,,9.0,5.6,100182,N,4.0,How is communication with your team?,"Neutral, watching closely.",9.7,4.3,Standard,Y,2.9,9.2,8.5,2.2,2.6,3.1,8.0,,,Y,,100155,Skyler Silva,2025-12-19 11:38:00,fatima.reyes@examplecorp.test,,2026-07-19 19:12:00,liam.haddad@sampleco.test,Riley Sato,,Standard,,diego.mercer@sampleco.test,Sofia Larsson,riley.okafor@examplecorp.test,Taylor Blake,Alpha,100130,N,Gamma,jamie.cohen@demomail.test,Aisha Cohen,Y,3289,9122,4968,1066,Y,,,,,Noted a concern to revisit at the next sync.,,emerson.ford@examplecorp.test,,Resolved the outstanding question about scope.,rahul.larsson@examplecorp.test,emerson.blake@acme-fake.test,N,,Resolved the outstanding question about scope.,Gamma,,,,,,2026-01-13 13:55:00,4300,8785,Standard,Beta,Other,Gamma,3311,5957,3806,2800,6377,Standard,Elena Ivanov,Quinn Dorsey,2023-03-19 06:50:00,,,,,,,,,,,,,,
700152,100707,Resource Care,100375,Quarterly Review,Final,N,N,Scheduled a check-in for the coming month.,100149,Elena Haddad,N,,5.0,4.4,100611,Y,3.0,How likely are you to continue the engagement?,Some concerns about turnaround time.,4.3,2.2,Gamma,N,3.1,6.3,4.7,4.6,8.6,4.3,6.0,,,N,,100278,Diego Kim,2023-05-08 14:53:00,diego.calder@examplecorp.test,,2025-05-13 20:52:00,arjun.mensah@examplecorp.test,,,,Omar Okafor,chen.cohen@sampleco.test,Quinn Okafor,arjun.haddad@sampleco.test,Elena Brooks,Standard,100775,Y,Standard,chen.rossi@sampleco.test,Diego Sloan,Y,4934,4913,7687,7751,N,,,,,Shared the updated proposal for review.,,nina.okafor@examplecorp.test,,Discussed timeline and next steps with the account.,marco.okafor@sampleco.test,priya.mercer@acme-fake.test,Y,,,,,Delta,,,,2024-11-26 22:56:00,7237,1560,Beta,Other,Other,Alpha,1410,9886,5751,3763,4252,Other,Nina Dorsey,Skyler Silva,2026-01-09 04:50:00,,,,,,,,,,,,,,
700153,100130,Resource Care,100565,Wellness Check-In,Final,Y,Y,Followed up on the open items from last week.,100068,Fatima Nguyen,N,,2.1,9.9,100743,N,9.8,How likely are you to continue the engagement?,Exceeding expectations.,5.3,9.4,Other,N,9.2,6.6,6.4,4.5,9.4,3.0,6.5,,,Y,,100003,Reese Mercer,2022-11-23 01:19:00,avery.calder@acme-fake.test,,2023-11-24 20:20:00,priya.okafor@sampleco.test,Casey Silva,,Other,,taylor.dorsey@demomail.test,Fatima Patel,priya.garcia@sampleco.test,Rahul Silva,Other,100145,Y,Other,taylor.ivanov@acme-fake.test,Riley Cohen,Y,8511,7812,2831,5429,Y,,,Alpha,Gamma,Discussed timeline and next steps with the account.,,nina.calder@examplecorp.test,,Reviewed performance and gathered feedback.,sofia.nguyen@sampleco.test,chen.okafor@demomail.test,N,Delta,,Alpha,,,,,,2025-01-15 14:23:00,2346,5430,Beta,Gamma,Gamma,Alpha,9663,4389,9811,8387,4747,Alpha,Priya Ford,Skyler Mercer,2024-03-30 16:38:00,,,,,,,,,,,,,,
700154,100112,Customer Management,100414,Wellness Check-In,Draft,N,N,Reviewed performance and gathered feedback.,100133,Quinn Larsson,N,,3.3,7.1,100305,N,5.3,Any concerns we should address?,Very satisfied overall.,9.2,6.7,Beta,Y,8.0,4.3,2.2,3.7,8.0,9.9,4.8,,,Y,,100645,Elena Brooks,2026-07-10 16:46:00,taylor.sloan@sampleco.test,,2024-03-02 14:20:00,jordan.patel@sampleco.test,,,,,jordan.mercer@acme-fake.test,Alex Larsson,alex.nguyen@sampleco.test,Noah Mercer,Beta,100616,N,Delta,reese.nguyen@examplecorp.test,Drew Vance,N,8264,8114,9804,6752,Y,,,,,Followed up on the open items from last week.,,diego.blake@examplecorp.test,,Aligned on billing and renewal terms.,arjun.costa@demomail.test,alex.okafor@examplecorp.test,Y,,Scheduled a check-in for the coming month.,,,,Arjun Reyes,,,2023-11-29 21:34:00,2475,9492,Other,Beta,Beta,Alpha,6493,3553,8729,54,7153,Delta,Riley Sloan,Noah Nguyen,2023-12-16 17:27:00,,,Standard,,,,,,,,,,,
700155,100273,Resource Care,100787,Customer Success Check-In,Final,N,Y,Scheduled a check-in for the coming month.,100572,Skyler Reyes,Y,,8.2,8.0,100257,Y,3.0,How satisfied are you with the service?,"Going well, minor tweaks needed.",2.2,5.5,Standard,N,9.5,6.3,9.8,5.7,8.9,4.4,3.6,,,Y,,100770,Chen Calder,2023-12-29 05:02:00,drew.larsson@sampleco.test,,2026-06-19 22:59:00,liam.whitfield@demomail.test,Morgan Patel,,,,liam.okafor@acme-fake.test,Riley Rossi,marco.cohen@demomail.test,Jamie Cohen,Standard,100153,N,Standard,morgan.okafor@demomail.test,Nina Whitfield,N,5508,5882,8315,2339,N,,,,,Reviewed performance and gathered feedback.,,noah.mensah@examplecorp.test,,Resolved the outstanding question about scope.,yara.patel@examplecorp.test,arjun.silva@acme-fake.test,N,,,,,,Morgan Okafor,,Alpha,2025-06-02 20:16:00,9336,1464,Standard,Alpha,Delta,Standard,3462,1277,4790,6913,5079,Delta,Drew Vance,Quinn Ford,2023-03-22 21:09:00,,,,,,,,,,,,Standard,,
700156,100683,Resource Care,100007,Quarterly Review,Final,N,Y,Resolved the outstanding question about scope.,100528,Arjun Mercer,N,,6.9,2.0,100231,N,3.9,How likely are you to continue the engagement?,Some concerns about turnaround time.,3.7,3.0,Standard,Y,6.6,8.3,1.6,3.5,6.9,8.2,2.8,,,N,,100040,Elena Garcia,2026-05-10 01:14:00,priya.blake@demomail.test,,2025-10-13 05:26:00,jamie.reyes@acme-fake.test,,,,Yara Blake,marco.dorsey@demomail.test,Yara Dorsey,casey.brooks@sampleco.test,Diego Mercer,Beta,100305,Y,Other,rahul.vance@acme-fake.test,Yara Vance,N,9345,1898,2068,4540,Y,,,,Beta,Followed up on the open items from last week.,,priya.blake@examplecorp.test,,Shared the updated proposal for review.,fatima.larsson@demomail.test,yara.okafor@demomail.test,Y,,,Other,,,,,,2024-01-31 07:54:00,8442,5470,Standard,Other,Other,Delta,8477,5920,840,2061,3917,Standard,Reese Ashby,Chen Calder,2023-09-07 12:31:00,,,,,,,,,,,,,,
700157,100031,Resource Care,100220,Wellness Check-In,Draft,N,Y,Noted a concern to revisit at the next sync.,100673,Alex Calder,Y,,3.2,3.4,100606,N,8.1,Are deliverables meeting expectations?,Exceeding expectations.,3.4,9.3,Beta,Y,1.8,8.1,8.3,9.0,1.9,2.5,4.8,,,Y,,100509,Rahul Cohen,2025-03-16 16:03:00,casey.vance@examplecorp.test,,2023-12-02 07:56:00,jamie.reyes@sampleco.test,,,,Emerson Haddad,marco.sato@demomail.test,Jordan Ivanov,arjun.ashby@demomail.test,Marco Blake,Beta,100142,N,Standard,jamie.sloan@acme-fake.test,Morgan Mercer,N,8708,3543,1450,800,Y,,,,,Scheduled a check-in for the coming month.,,omar.sloan@sampleco.test,,Reviewed performance and gathered feedback.,arjun.silva@sampleco.test,yara.patel@acme-fake.test,Y,,,,,,,,Delta,2023-09-23 09:09:00,1624,8453,Beta,Delta,Delta,Beta,4525,381,6403,9128,2563,Delta,Aisha Mercer,Skyler Nguyen,2025-08-05 18:34:00,,,,,,,,,,,,,,
700158,100387,Customer Management,100457,Customer Success Check-In,Final,N,Y,Noted a concern to revisit at the next sync.,100303,Nina Blake,Y,,3.8,4.9,100651,N,4.4,How is communication with your team?,Happy with the progress.,9.8,3.6,Gamma,N,1.2,2.3,9.5,5.3,6.6,2.6,6.7,,,Y,,100494,Skyler Mensah,2025-10-20 19:10:00,arjun.costa@acme-fake.test,,2024-10-21 05:55:00,jamie.patel@sampleco.test,,,,Elena Silva,avery.kim@examplecorp.test,Sofia Larsson,reese.costa@sampleco.test,Yara Calder,Standard,100478,N,Alpha,chen.brooks@examplecorp.test,Alex Silva,Y,403,1551,471,8458,N,,,,,Scheduled a check-in for the coming month.,,mei.costa@sampleco.test,,Scheduled a check-in for the coming month.,riley.okafor@demomail.test,noah.costa@sampleco.test,N,,,,,,,,,2026-06-08 13:48:00,2566,9455,Delta,Gamma,Beta,Beta,794,452,2441,9309,7125,Beta,Sofia Nguyen,Casey Nguyen,2024-02-26 07:27:00,,,,,Delta,,,,6701,,,,,
700159,100498,Resource Care,100704,Quarterly Review,Final,Y,N,Discussed timeline and next steps with the account.,100582,Emerson Costa,Y,,4.4,2.0,100691,N,7.4,How is communication with your team?,Exceeding expectations.,6.2,5.2,Alpha,Y,3.6,3.3,2.8,5.4,1.1,9.1,9.2,,,Y,,100031,Rahul Larsson,2025-05-03 15:32:00,taylor.ashby@acme-fake.test,,2024-10-30 03:34:00,mei.patel@acme-fake.test,,,,Yara Silva,priya.costa@sampleco.test,Yara Ashby,alex.vance@acme-fake.test,Fatima Brooks,Delta,100790,Y,Standard,yara.silva@acme-fake.test,Yara Costa,N,9183,7877,900,2237,Y,,,,,Noted a concern to revisit at the next sync.,,sofia.whitfield@examplecorp.test,,Followed up on the open items from last week.,marco.patel@sampleco.test,liam.blake@examplecorp.test,N,,,,,,,,,2026-05-16 02:57:00,3806,366,Standard,Other,Standard,Gamma,1632,7482,3890,4768,3112,Other,Fatima Patel,Liam Garcia,2023-11-03 20:02:00,,,,,Alpha,,,,,,,,,
700160,100281,Customer Management,100473,Quarterly Review,Draft,Y,N,Resolved the outstanding question about scope.,100565,Reese Haddad,Y,,2.1,6.0,100165,N,8.5,How likely are you to continue the engagement?,"Going well, minor tweaks needed.",4.0,7.7,Delta,Y,6.6,7.1,2.6,5.8,1.2,2.7,8.0,,,Y,,100458,Emerson Haddad,2024-01-27 16:38:00,nina.vance@sampleco.test,,2024-02-16 16:23:00,jordan.reyes@acme-fake.test,,,,Fatima Costa,morgan.brooks@acme-fake.test,Jamie Patel,rowan.calder@examplecorp.test,Aisha Costa,Beta,100221,N,Delta,mei.mensah@acme-fake.test,Casey Whitfield,N,8335,454,2527,3943,N,,,,,Followed up on the open items from last week.,,alex.calder@examplecorp.test,,Noted a concern to revisit at the next sync.,riley.larsson@sampleco.test,yara.nguyen@sampleco.test,Y,Beta,,,,Alpha,,,,2026-03-16 02:15:00,1595,4623,Beta,Other,Alpha,Beta,6905,1033,4375,7440,6710,Gamma,Fatima Mercer,Casey Mensah,2023-02-10 21:19:00,,,,,,,,,,,2289,,,
700161,100493,Customer Management,100343,Wellness Check-In,Draft,Y,N,Reviewed performance and gathered feedback.,100504,Mei Sloan,Y,,1.0,3.5,100585,Y,6.2,Are deliverables meeting expectations?,"Going well, minor tweaks needed.",4.7,5.8,Alpha,Y,3.3,1.1,1.8,3.8,7.1,1.4,7.3,,,N,,100551,Noah Blake,2025-10-17 13:43:00,nina.rossi@acme-fake.test,,2024-06-14 23:06:00,nina.sloan@demomail.test,,,,,omar.dorsey@sampleco.test,Skyler Rossi,priya.whitfield@acme-fake.test,Yara Rossi,Other,100667,N,Alpha,yara.ashby@demomail.test,Jamie Silva,Y,1452,9826,1416,3183,N,,,,,Followed up on the open items from last week.,,fatima.vance@demomail.test,,Aligned on billing and renewal terms.,emerson.blake@sampleco.test,jamie.costa@acme-fake.test,N,,,Delta,Delta,,,,,2025-12-11 12:16:00,1570,5056,Gamma,Other,Other,Alpha,6999,9280,4017,9930,6461,Standard,Morgan Mercer,Sofia Larsson,2025-06-15 16:57:00,,,,,,,,,,,,,,
700162,100303,Resource Care,100335,Customer Success Check-In,Final,N,Y,Scheduled a check-in for the coming month.,100185,Yara Haddad,Y,,2.7,8.4,100420,Y,4.1,Any concerns we should address?,Very satisfied overall.,4.0,6.2,Other,N,3.9,4.8,9.3,6.4,3.8,7.2,3.3,,,N,,100745,Alex Calder,2024-02-09 11:32:00,elena.ashby@examplecorp.test,,2022-12-15 18:48:00,casey.okafor@acme-fake.test,,,,,priya.haddad@examplecorp.test,Reese Ford,mei.blake@acme-fake.test,Noah Haddad,Standard,100038,N,Beta,jordan.ford@sampleco.test,Diego Sato,N,3381,9883,7000,5393,N,,,,,Shared the updated proposal for review.,,arjun.silva@acme-fake.test,,Shared the updated proposal for review.,diego.ford@demomail.test,morgan.reyes@sampleco.test,N,Alpha,Scheduled a check-in for the coming month.,,,,,,,2026-03-05 23:56:00,4422,5637,Delta,Delta,Other,Beta,7084,794,4897,7961,5826,Alpha,Omar Ivanov,Casey Larsson,2026-04-05 14:22:00,,,,,,,,,,,,,,
700163,100686,Customer Management,100120,Quarterly Review,Final,N,Y,Resolved the outstanding question about scope.,100470,Elena Patel,Y,,1.6,9.6,100232,N,1.3,Are deliverables meeting expectations?,Exceeding expectations.,2.6,5.5,Alpha,N,7.6,2.0,3.0,9.1,7.6,7.9,6.9,,,N,,100421,Alex Nguyen,2023-07-03 06:40:00,taylor.ivanov@examplecorp.test,,2022-11-03 23:29:00,elena.calder@acme-fake.test,,,,Jamie Cohen,casey.reyes@demomail.test,Rowan Whitfield,marco.sato@demomail.test,Sofia Whitfield,Other,100121,Y,Standard,rowan.patel@demomail.test,Diego Kim,Y,1593,1967,2409,2117,N,,,,,Followed up on the open items from last week.,,diego.dorsey@acme-fake.test,,Discussed timeline and next steps with the account.,noah.rossi@demomail.test,reese.kim@sampleco.test,Y,,,,Delta,,,Alpha,,2025-02-09 00:31:00,3335,8220,Delta,Delta,Other,Other,4429,5561,7618,3508,4394,Beta,Liam Haddad,Jordan Ford,2023-09-21 11:57:00,,,,,,,,,,,,,,
700164,100652,Customer Management,100619,Wellness Check-In,Final,Y,Y,Followed up on the open items from last week.,100471,Diego Sato,Y,,5.3,5.8,100247,N,2.3,How is communication with your team?,Exceeding expectations.,5.1,7.3,Beta,Y,5.9,6.8,4.4,8.6,3.2,4.4,3.5,,,Y,,100700,Liam Garcia,2022-12-28 07:03:00,rowan.cohen@acme-fake.test,,2024-01-25 17:57:00,rahul.mercer@examplecorp.test,,,,,liam.cohen@sampleco.test,Fatima Cohen,noah.brooks@acme-fake.test,Casey Ashby,Other,100751,N,Other,rowan.patel@acme-fake.test,Emerson Mercer,N,2934,7161,2720,5413,Y,,,,,Shared the updated proposal for review.,,liam.sato@demomail.test,,Discussed timeline and next steps with the account.,mei.blake@acme-fake.test,avery.rossi@demomail.test,Y,,,,Beta,,Mei Cohen,Other,,2026-05-14 19:44:00,6531,3128,Alpha,Beta,Standard,Gamma,3015,79,5465,4202,8737,Other,Arjun Calder,Fatima Whitfield,2025-02-27 11:28:00,,,,,,,,,,,,,,
700165,100471,Resource Care,100647,Customer Success Check-In,Draft,Y,Y,Reviewed performance and gathered feedback.,100380,Nina Dorsey,N,,4.7,8.6,100775,Y,1.6,How satisfied are you with the service?,"Neutral, watching closely.",2.7,8.0,Standard,Y,7.3,1.4,7.6,2.0,6.8,9.4,7.2,,,N,,100429,Emerson Haddad,2025-06-12 16:13:00,diego.mercer@acme-fake.test,,2023-02-16 11:10:00,priya.garcia@demomail.test,,,,,avery.sato@acme-fake.test,Quinn Ivanov,quinn.silva@examplecorp.test,Jamie Silva,Beta,100779,Y,Gamma,rahul.rossi@examplecorp.test,Diego Vance,N,9604,6111,9642,791,Y,,,,,Discussed timeline and next steps with the account.,,nina.reyes@sampleco.test,,Aligned on billing and renewal terms.,taylor.whitfield@examplecorp.test,marco.mercer@acme-fake.test,Y,Delta,,,,,,,,2022-10-02 20:35:00,7765,3871,Delta,Delta,Gamma,Standard,8930,37,2313,388,9603,Beta,Sofia Patel,Nina Blake,2025-06-21 14:53:00,,,,,,,,,,,,,,
700166,100118,Resource Care,100784,Wellness Check-In,Final,Y,Y,Reviewed performance and gathered feedback.,100622,Elena Sloan,N,,2.4,6.2,100528,Y,6.6,How satisfied are you with the service?,Very satisfied overall.,9.6,4.8,Gamma,Y,9.9,1.4,4.5,4.3,5.8,4.2,7.8,,,N,,100286,Reese Ivanov,2023-06-01 00:43:00,fatima.ivanov@demomail.test,,2026-06-03 10:39:00,morgan.ashby@sampleco.test,,,,,aisha.rossi@examplecorp.test,Casey Silva,rahul.ivanov@examplecorp.test,Riley Vance,Other,100507,Y,Alpha,fatima.whitfield@acme-fake.test,Yara Cohen,N,4681,1444,715,2245,N,,,,,Noted a concern to revisit at the next sync.,,drew.vance@examplecorp.test,,Shared the updated proposal for review.,yara.cohen@examplecorp.test,drew.rossi@acme-fake.test,Y,,,,,,,,,2023-12-11 15:08:00,3777,9075,Gamma,Other,Gamma,Alpha,1437,707,9424,168,2889,Standard,Reese Ashby,Alex Dorsey,2024-03-17 18:55:00,,,,,,,,3967,,,,,,
700167,100635,Resource Care,100076,Quarterly Review,Draft,Y,Y,Scheduled a check-in for the coming month.,100638,Elena Ford,Y,,2.7,7.7,100740,Y,6.9,Are deliverables meeting expectations?,"Going well, minor tweaks needed.",6.9,7.6,Alpha,Y,4.7,5.0,3.4,5.3,7.4,6.6,2.8,,,N,,100208,Taylor Brooks,2025-04-01 12:46:00,noah.patel@acme-fake.test,,2023-03-11 06:42:00,noah.okafor@acme-fake.test,,,,,drew.whitfield@demomail.test,Elena Blake,fatima.patel@examplecorp.test,Sofia Haddad,Alpha,100250,Y,Alpha,omar.larsson@examplecorp.test,Casey Mensah,N,118,9326,6266,5513,Y,,,,,Scheduled a check-in for the coming month.,,nina.garcia@acme-fake.test,,Shared the updated proposal for review.,casey.silva@demomail.test,emerson.calder@examplecorp.test,N,,,,,,Jamie Calder,,,2025-04-14 08:01:00,5633,1664,Other,Alpha,Beta,Beta,7677,2474,8888,7634,1998,Beta,Marco Rossi,Noah Blake,2026-06-14 13:15:00,,,,,,,,9677,,,,,,
700168,100292,Resource Care,100707,Wellness Check-In,Final,Y,N,Discussed timeline and next steps with the account.,100221,Diego Cohen,N,,2.4,5.5,100770,Y,6.9,Any concerns we should address?,Very satisfied overall.,6.8,8.0,Standard,N,6.8,9.7,9.3,5.0,9.4,9.6,1.3,,,Y,,100471,Quinn Ford,2024-02-23 15:10:00,quinn.okafor@demomail.test,,2024-02-01 00:28:00,aisha.ashby@acme-fake.test,,,,Riley Calder,liam.whitfield@sampleco.test,Fatima Vance,avery.sloan@sampleco.test,Rahul Cohen,Beta,100606,Y,Gamma,omar.sloan@examplecorp.test,Fatima Calder,N,6674,8251,7372,6207,N,,,,,Resolved the outstanding question about scope.,,mei.nguyen@demomail.test,,Noted a concern to revisit at the next sync.,diego.vance@acme-fake.test,rahul.larsson@examplecorp.test,Y,Standard,Discussed timeline and next steps with the account.,,,,Jamie Costa,,,2022-10-12 03:52:00,2600,3103,Other,Alpha,Beta,Other,9961,462,4436,4084,8753,Gamma,Priya Silva,Skyler Costa,2024-11-27 18:32:00,,,,,,,,,,,,,,
700169,100779,Customer Management,100700,Customer Success Check-In,Final,Y,Y,Resolved the outstanding question about scope.,100496,Yara Sato,Y,,5.2,8.3,100775,Y,1.3,How is communication with your team?,"Neutral, watching closely.",7.4,7.2,Gamma,N,6.2,4.8,1.7,2.6,7.4,4.2,2.5,,,Y,,100432,Casey Blake,2024-05-07 11:18:00,yara.whitfield@acme-fake.test,,2023-12-05 10:30:00,skyler.larsson@sampleco.test,,,,Drew Ivanov,jordan.larsson@demomail.test,Arjun Ashby,riley.calder@acme-fake.test,Yara Mercer,Other,100512,N,Delta,rahul.calder@examplecorp.test,Yara Cohen,N,5631,5695,1504,6451,Y,,,Alpha,,Scheduled a check-in for the coming month.,,mei.patel@examplecorp.test,,Scheduled a check-in for the coming month.,noah.larsson@acme-fake.test,jordan.kim@examplecorp.test,Y,,,Alpha,Gamma,Delta,,,,2023-02-11 23:36:00,8756,9158,Standard,Gamma,Standard,Standard,5379,9404,9175,7001,1526,Delta,Chen Ashby,Avery Costa,2023-05-26 16:58:00,,,,,,,,,,,,,,Casey Mercer
700170,100660,Customer Management,100403,Customer Success Check-In,Final,Y,Y,Scheduled a check-in for the coming month.,100389,Alex Ashby,N,,2.4,1.6,100606,N,9.5,Any concerns we should address?,Some concerns about turnaround time.,4.5,2.2,Delta,Y,6.5,5.0,6.0,3.0,5.6,9.8,8.6,,,N,,100120,Quinn Blake,2026-07-09 04:34:00,morgan.kim@examplecorp.test,,2026-05-30 09:43:00,aisha.nguyen@examplecorp.test,Morgan Patel,,Alpha,,morgan.patel@acme-fake.test,Rahul Garcia,skyler.costa@sampleco.test,Mei Ashby,Gamma,100713,Y,Gamma,taylor.garcia@acme-fake.test,Alex Rossi,Y,9724,6476,1168,7143,N,,,,,Shared the updated proposal for review.,,chen.dorsey@sampleco.test,Gamma,Aligned on billing and renewal terms.,yara.ivanov@sampleco.test,reese.costa@demomail.test,N,,,Gamma,,,,,Alpha,2023-12-18 16:58:00,519,1380,Alpha,Delta,Alpha,Alpha,7957,8034,6951,4342,6748,Gamma,Jordan Whitfield,Nina Sloan,2025-05-16 18:07:00,,,,,Beta,,,,,,,,,
700171,100340,Customer Management,100569,Quarterly Review,Final,N,Y,Noted a concern to revisit at the next sync.,100784,Sofia Cohen,Y,,6.0,1.8,100157,Y,2.4,How is communication with your team?,Some concerns about turnaround time.,2.9,9.6,Gamma,Y,3.5,6.8,4.1,2.8,3.4,9.0,4.0,,,Y,,100412,Priya Ivanov,2023-11-05 07:01:00,rahul.kim@sampleco.test,,2026-03-21 06:50:00,liam.okafor@sampleco.test,Arjun Larsson,,,,fatima.dorsey@sampleco.test,Skyler Patel,riley.ivanov@acme-fake.test,Marco Patel,Other,100336,N,Delta,nina.sato@acme-fake.test,Rahul Sato,N,4538,4303,5015,215,Y,,,,,Aligned on billing and renewal terms.,,riley.silva@examplecorp.test,,Shared the updated proposal for review.,skyler.okafor@acme-fake.test,emerson.okafor@acme-fake.test,Y,,,,,,,,,2025-06-21 16:55:00,2105,3257,Beta,Alpha,Beta,Delta,8738,8277,5693,165,4847,Delta,Drew Kim,Alex Sloan,2023-06-05 11:42:00,,,,,,Standard,,,5426,,,,,
700172,100568,Resource Care,100658,Customer Success Check-In,Draft,N,Y,Noted a concern to revisit at the next sync.,100073,Riley Calder,N,,7.6,1.7,100139,Y,5.5,Are deliverables meeting expectations?,Exceeding expectations.,7.7,7.4,Other,N,1.2,1.4,4.0,4.3,8.0,4.2,6.4,,,N,,100157,Quinn Calder,2023-11-15 15:56:00,riley.silva@acme-fake.test,,2025-08-15 22:33:00,diego.blake@sampleco.test,,,,,morgan.blake@acme-fake.test,Riley Ashby,diego.mercer@sampleco.test,Chen Brooks,Standard,100487,N,Gamma,quinn.calder@sampleco.test,Yara Kim,N,3625,4780,3083,7567,N,,,,,Followed up on the open items from last week.,,jamie.costa@acme-fake.test,,Aligned on billing and renewal terms.,omar.patel@examplecorp.test,fatima.whitfield@acme-fake.test,N,,,,Gamma,Other,,,,2025-02-28 08:59:00,8070,3921,Standard,Beta,Alpha,Standard,1308,3820,5850,1804,2947,Alpha,Avery Haddad,Taylor Whitfield,2025-07-25 12:37:00,,,,,,,,,,,,,,
700173,100751,Customer Management,100016,Wellness Check-In,Final,N,N,Shared the updated proposal for review.,100142,Riley Ashby,N,,7.7,4.2,100385,Y,2.3,How is communication with your team?,Some concerns about turnaround time.,4.1,8.0,Standard,Y,1.6,9.2,3.3,3.6,4.2,3.4,1.5,,,Y,,100003,Priya Ford,2026-03-27 09:13:00,casey.rossi@demomail.test,,2023-04-07 17:36:00,chen.ashby@examplecorp.test,,,,,liam.mensah@acme-fake.test,Aisha Mercer,omar.patel@sampleco.test,Marco Mensah,Gamma,100357,N,Delta,avery.okafor@examplecorp.test,Casey Rossi,Y,4914,599,8821,5185,N,,,,,Shared the updated proposal for review.,,quinn.brooks@sampleco.test,,Followed up on the open items from last week.,emerson.silva@demomail.test,sofia.rossi@examplecorp.test,N,,,Gamma,,,Avery Sloan,,Alpha,2024-09-10 02:19:00,1056,9216,Beta,Alpha,Delta,Gamma,681,6062,3784,2925,7181,Other,Casey Dorsey,Rowan Cohen,2024-11-10 20:40:00,,,,,,,5273,,,,,,,
700174,100221,Resource Care,100643,Customer Success Check-In,Final,Y,N,Followed up on the open items from last week.,100484,Emerson Ivanov,Y,,9.4,9.9,100300,N,6.9,How satisfied are you with the service?,"Neutral, watching closely.",1.8,4.8,Delta,N,9.1,8.6,8.8,7.3,5.1,3.7,3.1,,,N,,100366,Jordan Blake,2025-07-14 15:46:00,omar.vance@acme-fake.test,,2024-05-05 12:54:00,reese.reyes@sampleco.test,,,,,aisha.sato@demomail.test,Elena Sloan,aisha.okafor@examplecorp.test,Taylor Ivanov,Delta,100558,Y,Delta,priya.calder@demomail.test,Avery Nguyen,N,1299,8849,5205,9834,N,,,,,Shared the updated proposal for review.,,skyler.costa@demomail.test,,Aligned on billing and renewal terms.,emerson.brooks@examplecorp.test,emerson.dorsey@demomail.test,Y,,,,,Alpha,Taylor Silva,,,2023-12-15 00:14:00,9379,7890,Beta,Beta,Standard,Beta,2451,6912,4180,3859,6062,Standard,Morgan Sloan,Quinn Ashby,2023-04-29 10:04:00,,,,,,,,,,,,,,Yara Cohen
700175,100133,Resource Care,100019,Wellness Check-In,Final,N,Y,Scheduled a check-in for the coming month.,100309,Sofia Ashby,Y,,3.8,8.7,100446,Y,9.3,Are deliverables meeting expectations?,"Neutral, watching closely.",8.5,7.4,Beta,N,6.7,2.3,5.2,1.7,5.4,1.9,9.7,,,N,,100003,Noah Costa,2024-01-06 11:35:00,emerson.ivanov@acme-fake.test,,2025-02-12 12:29:00,yara.reyes@demomail.test,,,,Arjun Vance,jordan.whitfield@sampleco.test,Liam Larsson,marco.ivanov@acme-fake.test,Liam Sato,Beta,100574,N,Beta,quinn.rossi@demomail.test,Elena Whitfield,Y,9956,8816,9405,2021,Y,,,,,Reviewed performance and gathered feedback.,,rahul.costa@examplecorp.test,,Shared the updated proposal for review.,avery.haddad@acme-fake.test,riley.reyes@demomail.test,Y,,,,,,,Other,Delta,2024-02-20 00:54:00,5268,7317,Delta,Beta,Delta,Delta,2774,3184,8347,2184,3241,Other,Alex Sato,Quinn Dorsey,2026-03-02 17:30:00,,,,,,,,,,,,,,
700176,100721,Customer Management,100559,Customer Success Check-In,Final,Y,Y,Scheduled a check-in for the coming month.,100785,Omar Haddad,N,,7.9,4.3,100208,N,6.3,How satisfied are you with the service?,Some concerns about turnaround time.,7.7,9.7,Gamma,Y,5.2,2.0,8.8,9.3,2.7,1.1,6.3,,,N,,100487,Emerson Vance,2025-10-09 08:03:00,emerson.ford@acme-fake.test,,2024-04-28 16:19:00,quinn.dorsey@acme-fake.test,,,,,riley.vance@demomail.test,Noah Calder,alex.vance@acme-fake.test,Liam Ashby,Other,100257,N,Other,omar.mercer@sampleco.test,Marco Dorsey,N,5944,8196,3500,3033,N,,,,,Reviewed performance and gathered feedback.,,casey.nguyen@examplecorp.test,,Shared the updated proposal for review.,aisha.okafor@acme-fake.test,arjun.mercer@acme-fake.test,Y,,,,,Delta,,,Other,2024-09-28 21:45:00,2758,9630,Other,Delta,Gamma,Alpha,8700,2758,1036,9176,7028,Alpha,Priya Kim,Noah Sato,2025-12-13 17:42:00,,,,Gamma,,,,,,,,,,
700177,100244,Resource Care,100566,Customer Success Check-In,Final,Y,N,Reviewed performance and gathered feedback.,100214,Alex Rossi,N,,5.4,9.2,100475,Y,4.2,How satisfied are you with the service?,Very satisfied overall.,8.7,3.3,Gamma,Y,7.3,3.1,1.2,1.2,7.1,7.9,7.4,,,N,,100193,Marco Garcia,2023-06-01 06:35:00,rahul.haddad@acme-fake.test,,2025-06-11 10:20:00,quinn.ashby@examplecorp.test,,,,,mei.ashby@sampleco.test,Omar Ford,yara.whitfield@demomail.test,Quinn Rossi,Standard,100019,Y,Beta,jordan.ivanov@acme-fake.test,Aisha Patel,Y,7561,1239,7002,7507,N,,,,,Aligned on billing and renewal terms.,,omar.whitfield@sampleco.test,,Noted a concern to revisit at the next sync.,omar.silva@acme-fake.test,liam.mercer@acme-fake.test,Y,,,,,,Chen Larsson,Gamma,,2024-04-16 08:13:00,1069,1575,Gamma,Other,Alpha,Alpha,6240,3138,6810,3034,1180,Other,Quinn Calder,Jamie Reyes,2025-05-27 22:45:00,,,,,,,,,,,,,,
700178,100514,Resource Care,100761,Quarterly Review,Final,N,N,Reviewed performance and gathered feedback.,100645,Diego Sato,Y,,2.2,5.1,100378,Y,3.8,How is communication with your team?,Happy with the progress.,2.6,1.7,Standard,Y,3.4,1.6,7.3,8.6,8.9,4.2,7.6,,,N,,100322,Avery Sloan,2024-08-08 09:25:00,aisha.patel@sampleco.test,,2024-01-14 16:37:00,reese.mensah@acme-fake.test,Jamie Nguyen,,,,elena.mensah@acme-fake.test,Jordan Mercer,skyler.rossi@demomail.test,Jamie Costa,Beta,100460,N,Alpha,aisha.patel@acme-fake.test,Rowan Costa,Y,5102,987,9219,4906,Y,,,,,Noted a concern to revisit at the next sync.,,drew.calder@sampleco.test,,Discussed timeline and next steps with the account.,sofia.calder@acme-fake.test,omar.ashby@demomail.test,Y,,,,,,,,,2025-11-13 10:09:00,5636,9202,Alpha,Delta,Other,Standard,5287,8743,9116,3058,3298,Gamma,Emerson Patel,Morgan Dorsey,2025-11-13 02:25:00,,,,,,,,,,,,,,
700179,100398,Customer Management,100425,Wellness Check-In,Final,N,N,Discussed timeline and next steps with the account.,100432,Quinn Ford,N,,4.3,7.4,100244,N,6.1,Any concerns we should address?,Happy with the progress.,1.2,2.1,Other,Y,6.5,6.0,3.6,5.9,3.7,3.8,4.9,,,N,,100191,Reese Dorsey,2026-05-11 07:46:00,reese.mensah@examplecorp.test,,2022-10-09 17:02:00,jamie.silva@examplecorp.test,,,,Jordan Nguyen,yara.okafor@sampleco.test,Noah Patel,jamie.dorsey@demomail.test,Aisha Rossi,Delta,100200,N,Gamma,omar.dorsey@sampleco.test,Rahul Ford,N,1330,9302,6137,2331,N,,Standard,,,Scheduled a check-in for the coming month.,,morgan.rossi@demomail.test,,Reviewed performance and gathered feedback.,arjun.haddad@acme-fake.test,aisha.larsson@sampleco.test,N,,,,,,Elena Mensah,,,2023-10-05 15:54:00,2686,630,Other,Alpha,Other,Alpha,7764,4524,923,8899,1107,Alpha,Alex Larsson,Reese Patel,2022-10-23 14:09:00,8363,,,Other,,,,,,,,,,
700180,100196,Resource Care,100096,Wellness Check-In,Final,Y,Y,Followed up on the open items from last week.,100246,Noah Reyes,Y,,1.7,7.9,100305,N,9.9,How is communication with your team?,Very satisfied overall.,3.4,9.9,Delta,N,4.3,3.7,8.8,9.2,7.8,6.6,2.1,,,N,,100239,Chen Haddad,2022-12-15 14:57:00,marco.silva@acme-fake.test,,2025-08-14 21:31:00,aisha.silva@sampleco.test,Drew Mensah,,,,omar.vance@sampleco.test,Marco Mensah,chen.haddad@examplecorp.test,Reese Silva,Gamma,100448,N,Delta,taylor.okafor@sampleco.test,Jamie Ford,N,3628,6297,5738,967,Y,,,,,Aligned on billing and renewal terms.,,avery.patel@acme-fake.test,,Discussed timeline and next steps with the account.,arjun.ashby@examplecorp.test,diego.patel@acme-fake.test,Y,,Discussed timeline and next steps with the account.,,Standard,,,Other,,2024-07-09 01:27:00,2332,7378,Standard,Delta,Other,Other,5376,5524,8990,4011,4634,Gamma,Omar Silva,Reese Kim,2025-07-16 22:39:00,,,,,,,,,,,,,,
700181,100454,Resource Care,100451,Quarterly Review,Final,Y,N,Shared the updated proposal for review.,100009,Casey Ashby,Y,,4.5,2.1,100779,N,5.3,How likely are you to continue the engagement?,Exceeding expectations.,6.2,7.4,Standard,Y,3.2,6.5,3.4,2.2,3.1,9.9,6.7,,,Y,,100467,Mei Ivanov,2025-12-03 04:28:00,alex.sato@examplecorp.test,,2024-12-16 04:54:00,noah.patel@demomail.test,Fatima Cohen,,,Jamie Larsson,chen.dorsey@sampleco.test,Jordan Sato,elena.okafor@examplecorp.test,Alex Brooks,Delta,100418,Y,Gamma,chen.cohen@demomail.test,Sofia Reyes,N,3419,2178,444,6735,N,,,,,Discussed timeline and next steps with the account.,,casey.vance@acme-fake.test,,Reviewed performance and gathered feedback.,aisha.kim@sampleco.test,emerson.larsson@examplecorp.test,N,,,Gamma,,,,Delta,,2024-11-27 23:39:00,7818,4544,Beta,Standard,Other,Other,5003,900,2092,4118,1258,Beta,Mei Okafor,Alex Ashby,2026-05-28 22:37:00,,4078,,,,,,,,,,,,
700182,100532,Resource Care,100023,Wellness Check-In,Final,N,Y,Aligned on billing and renewal terms.,100094,Priya Kim,Y,,6.0,9.0,100579,N,7.4,How is communication with your team?,Happy with the progress.,1.4,5.2,Standard,Y,3.4,7.5,7.3,8.5,3.1,4.2,9.4,,,Y,,100590,Aisha Haddad,2022-12-24 12:39:00,priya.ashby@examplecorp.test,,2022-11-27 09:59:00,jamie.nguyen@acme-fake.test,,,,,jordan.dorsey@demomail.test,Quinn Blake,omar.ashby@acme-fake.test,Quinn Reyes,Alpha,100446,Y,Other,riley.sloan@acme-fake.test,Chen Sloan,Y,4078,8751,521,8847,N,,,Gamma,,Discussed timeline and next steps with the account.,,emerson.reyes@sampleco.test,,Resolved the outstanding question about scope.,chen.mensah@sampleco.test,skyler.vance@examplecorp.test,N,Other,,,,,,Gamma,Alpha,2025-08-23 09:00:00,4284,6181,Delta,Alpha,Standard,Delta,9148,8402,8079,444,5108,Standard,Elena Ashby,Liam Costa,2022-12-14 12:57:00,,2319,,,,,,,,,,,,
700183,100403,Customer Management,100204,Wellness Check-In,Draft,N,N,Shared the updated proposal for review.,100233,Sofia Ford,N,,8.9,1.4,100528,Y,6.2,How is communication with your team?,"Going well, minor tweaks needed.",3.1,8.0,Other,Y,4.3,2.9,5.6,4.9,4.7,5.0,5.7,,,Y,,100130,Aisha Sato,2025-11-08 15:32:00,sofia.blake@examplecorp.test,,2025-01-10 04:20:00,yara.rossi@demomail.test,,,Other,,quinn.nguyen@examplecorp.test,Emerson Patel,reese.okafor@acme-fake.test,Yara Mercer,Other,100214,Y,Alpha,riley.reyes@demomail.test,Alex Okafor,N,7716,7456,682,1216,N,,,,,Resolved the outstanding question about scope.,,morgan.mercer@acme-fake.test,,Scheduled a check-in for the coming month.,avery.nguyen@acme-fake.test,elena.haddad@examplecorp.test,Y,,,Beta,,,,Beta,Gamma,2023-05-23 19:32:00,215,4807,Alpha,Other,Gamma,Alpha,5993,1125,5125,380,8560,Delta,Riley Mercer,Liam Kim,2023-05-23 19:21:00,,,,,,,,,,,,,,
700184,100578,Customer Management,100242,Wellness Check-In,Draft,Y,N,Followed up on the open items from last week.,100481,Jamie Ivanov,Y,,6.3,8.3,100322,Y,7.5,How satisfied are you with the service?,"Going well, minor tweaks needed.",3.9,6.4,Gamma,Y,6.3,2.8,1.7,8.8,3.4,8.7,2.9,,,N,,100478,Drew Cohen,2024-09-08 19:27:00,omar.ford@acme-fake.test,,2022-10-14 07:04:00,chen.haddad@sampleco.test,,,Alpha,,chen.mercer@sampleco.test,Skyler Nguyen,avery.dorsey@sampleco.test,Sofia Sato,Gamma,100260,N,Alpha,quinn.kim@sampleco.test,Nina Haddad,Y,1702,6534,2148,3153,Y,,,,,Shared the updated proposal for review.,Yara Sato,rowan.silva@examplecorp.test,,Discussed timeline and next steps with the account.,diego.patel@acme-fake.test,nina.sato@sampleco.test,N,Other,,,,,Taylor Nguyen,,,2022-12-14 02:56:00,636,1300,Alpha,Other,Beta,Alpha,8370,4851,7978,3144,7292,Delta,Rowan Brooks,Aisha Sato,2023-05-17 11:15:00,,,,,,,,,,,,Gamma,,
700185,100528,Resource Care,100632,Wellness Check-In,Final,N,Y,Discussed timeline and next steps with the account.,100699,Jamie Patel,N,,5.2,8.2,100343,Y,6.3,How satisfied are you with the service?,"Going well, minor tweaks needed.",4.5,6.2,Gamma,N,6.4,1.1,9.8,5.9,8.0,2.8,4.1,,,Y,,100439,Avery Cohen,2024-05-04 20:10:00,elena.brooks@acme-fake.test,,2023-08-01 13:04:00,avery.blake@demomail.test,Noah Cohen,,,Priya Calder,rahul.garcia@sampleco.test,Chen Sloan,arjun.whitfield@sampleco.test,Taylor Okafor,Other,100717,Y,Alpha,emerson.rossi@examplecorp.test,Casey Cohen,N,9151,5208,2807,3491,Y,,,,,Discussed timeline and next steps with the account.,,jamie.dorsey@examplecorp.test,,Resolved the outstanding question about scope.,jamie.calder@acme-fake.test,drew.cohen@acme-fake.test,Y,,,,Other,Alpha,,,,2025-06-12 09:24:00,5689,5771,Delta,Beta,Beta,Beta,5281,201,9437,7007,365,Standard,Drew Patel,Sofia Garcia,2023-08-10 09:57:00,,,,,,,,,,,,,,
700186,100322,Customer Management,100481,Wellness Check-In,Final,N,Y,Shared the updated proposal for review.,100219,Jordan Nguyen,Y,,5.5,2.4,100529,Y,9.2,How is communication with your team?,Exceeding expectations.,2.5,1.1,Other,N,3.3,2.4,3.8,6.2,6.9,6.5,4.7,,,N,,100673,Taylor Mercer,2024-02-18 17:55:00,priya.ivanov@acme-fake.test,,2022-12-25 23:15:00,liam.ivanov@sampleco.test,,,,,casey.kim@demomail.test,Chen Reyes,sofia.garcia@sampleco.test,Noah Ivanov,Beta,100691,N,Standard,alex.costa@examplecorp.test,Rahul Silva,Y,1133,7102,9909,9401,Y,,,,,Scheduled a check-in for the coming month.,,taylor.ivanov@demomail.test,,Followed up on the open items from last week.,quinn.okafor@sampleco.test,morgan.vance@demomail.test,Y,,,,,Beta,Yara Ivanov,,Beta,2025-09-16 17:47:00,6635,759,Beta,Other,Gamma,Standard,9879,1629,7831,6689,7042,Delta,Chen Sato,Chen Ford,2023-06-27 13:00:00,,,,,,Alpha,,,,,,,,
700187,100770,Resource Care,100236,Quarterly Review,Final,N,Y,Followed up on the open items from last week.,100784,Alex Haddad,N,,9.4,1.1,100627,Y,2.3,How likely are you to continue the engagement?,Some concerns about turnaround time.,1.9,1.2,Standard,N,8.7,9.1,2.7,4.5,8.0,9.3,8.0,,,Y,,100215,Casey Vance,2023-11-26 22:07:00,drew.ashby@demomail.test,,2026-02-06 22:45:00,jordan.ashby@examplecorp.test,,,,Riley Patel,quinn.ford@sampleco.test,Casey Whitfield,drew.mercer@acme-fake.test,Chen Patel,Alpha,100229,Y,Delta,omar.okafor@examplecorp.test,Arjun Dorsey,N,7503,3142,3594,2347,N,,,,,Shared the updated proposal for review.,,skyler.cohen@sampleco.test,Delta,Scheduled a check-in for the coming month.,elena.nguyen@demomail.test,diego.vance@demomail.test,N,,,Other,,,Omar Larsson,Standard,Alpha,2023-10-25 06:24:00,7018,9150,Other,Beta,Gamma,Delta,2056,6157,3173,5530,1357,Other,Yara Whitfield,Quinn Mercer,2025-09-09 16:14:00,,,,,,,,,,,,,,
700188,100759,Resource Care,100038,Quarterly Review,Final,Y,Y,Followed up on the open items from last week.,100079,Skyler Costa,N,,6.0,3.7,100336,Y,1.4,Are deliverables meeting expectations?,Happy with the progress.,1.5,9.7,Beta,Y,5.6,5.2,2.0,1.2,2.6,2.3,9.7,,,N,,100118,Chen Cohen,2023-05-07 20:53:00,noah.larsson@examplecorp.test,,2025-09-03 21:27:00,yara.ivanov@demomail.test,,,,Mei Garcia,jordan.larsson@demomail.test,Mei Vance,elena.costa@sampleco.test,Aisha Blake,Standard,100645,Y,Delta,morgan.haddad@demomail.test,Mei Reyes,Y,1233,8964,4785,8704,N,,,,,Reviewed performance and gathered feedback.,,riley.rossi@examplecorp.test,,Followed up on the open items from last week.,morgan.larsson@demomail.test,fatima.silva@acme-fake.test,N,,,,,Alpha,Aisha Vance,,,2025-12-30 15:48:00,3093,9281,Delta,Gamma,Alpha,Beta,6479,6670,5453,4540,6637,Other,Liam Ford,Taylor Whitfield,2025-02-08 12:43:00,,,,,,,,,,,,,,
700189,100759,Customer Management,100112,Wellness Check-In,Final,Y,Y,Reviewed performance and gathered feedback.,100330,Taylor Sato,Y,,1.4,3.1,100348,N,7.9,How likely are you to continue the engagement?,"Going well, minor tweaks needed.",9.2,5.2,Alpha,N,3.3,4.6,5.0,4.1,3.3,4.3,4.1,,,N,,100686,Skyler Ashby,2024-04-13 00:30:00,taylor.sato@acme-fake.test,,2023-07-14 23:03:00,jordan.reyes@examplecorp.test,,,,,alex.okafor@acme-fake.test,Jordan Garcia,rowan.mensah@acme-fake.test,Emerson Dorsey,Beta,100214,Y,Beta,riley.cohen@examplecorp.test,Priya Mensah,N,7089,6944,518,7652,Y,,,,,Shared the updated proposal for review.,,quinn.rossi@acme-fake.test,,Aligned on billing and renewal terms.,emerson.mensah@examplecorp.test,elena.patel@acme-fake.test,N,,Shared the updated proposal for review.,,,,,,Alpha,2025-09-19 07:21:00,2419,4265,Other,Alpha,Gamma,Alpha,5383,5174,2142,8215,3233,Alpha,Yara Mensah,Reese Whitfield,2025-04-12 13:14:00,,,,,,,,,,6333,,,,
700190,100133,Resource Care,100094,Wellness Check-In,Final,Y,Y,Scheduled a check-in for the coming month.,100128,Alex Ashby,Y,,1.3,8.9,100418,Y,3.5,How satisfied are you with the service?,Happy with the progress.,8.8,9.9,Alpha,Y,2.7,3.5,4.9,8.8,4.0,8.6,2.3,,,N,,100119,Jordan Garcia,2023-07-30 20:51:00,marco.kim@demomail.test,,2024-12-04 23:13:00,sofia.cohen@examplecorp.test,,,,,casey.costa@examplecorp.test,Riley Dorsey,nina.reyes@sampleco.test,Drew Mensah,Alpha,100680,N,Beta,rahul.kim@demomail.test,Taylor Vance,N,8907,5574,3470,5437,Y,Gamma,,,,Shared the updated proposal for review.,,casey.okafor@sampleco.test,,Noted a concern to revisit at the next sync.,reese.whitfield@sampleco.test,omar.patel@acme-fake.test,N,,Discussed timeline and next steps with the account.,Gamma,Other,Other,,,Standard,2022-11-04 01:44:00,3208,9959,Other,Other,Standard,Delta,2998,5726,5983,1709,6751,Other,Elena Sato,Jordan Ashby,2025-04-15 15:36:00,,,,,,,,,,,,,,
700191,100375,Resource Care,100494,Wellness Check-In,Draft,Y,Y,Aligned on billing and renewal terms.,100210,Liam Ivanov,N,,5.2,8.2,100157,Y,9.0,How is communication with your team?,Happy with the progress.,5.2,5.1,Alpha,N,3.9,1.6,3.7,8.4,4.5,7.7,1.4,,,N,,100442,Fatima Sato,2023-09-17 11:01:00,morgan.larsson@examplecorp.test,,2026-07-21 03:34:00,liam.reyes@sampleco.test,,,,,fatima.rossi@sampleco.test,Emerson Blake,omar.nguyen@acme-fake.test,Taylor Ashby,Other,100383,Y,Alpha,drew.kim@acme-fake.test,Chen Ivanov,Y,6214,4108,7014,6251,N,,,,,Shared the updated proposal for review.,,quinn.patel@acme-fake.test,,Reviewed performance and gathered feedback.,casey.nguyen@demomail.test,jamie.blake@sampleco.test,N,,,,Other,,,Alpha,,2026-02-09 08:54:00,3520,6023,Standard,Delta,Standard,Alpha,5479,1634,4876,9485,4534,Delta,Nina Calder,Jamie Sloan,2025-08-07 05:16:00,,,,,,,,,,,,,,
700192,100244,Customer Management,100700,Wellness Check-In,Final,N,Y,Discussed timeline and next steps with the account.,100476,Skyler Dorsey,Y,,7.2,7.6,100473,Y,6.3,How is communication with your team?,Happy with the progress.,4.5,9.4,Alpha,Y,8.0,2.0,4.1,2.6,7.1,4.5,1.3,,,N,,100745,Chen Ford,2026-04-05 20:42:00,morgan.kim@sampleco.test,,2025-12-25 02:47:00,rahul.ashby@demomail.test,,,Beta,,morgan.ashby@examplecorp.test,Morgan Calder,avery.mensah@examplecorp.test,Omar Mercer,Alpha,100181,Y,Gamma,morgan.okafor@acme-fake.test,Alex Silva,N,1084,1914,7027,9464,N,,,,,Scheduled a check-in for the coming month.,,mei.brooks@acme-fake.test,,Resolved the outstanding question about scope.,yara.rossi@demomail.test,alex.vance@acme-fake.test,N,Beta,,,,,,,,2023-06-02 14:37:00,8518,4225,Gamma,Beta,Alpha,Alpha,5116,1601,2241,4222,7639,Beta,Quinn Silva,Taylor Brooks,2023-08-30 06:03:00,,,,,,Beta,,,,,,,,
700193,100579,Customer Management,100675,Customer Success Check-In,Final,Y,N,Reviewed performance and gathered feedback.,100023,Aisha Ivanov,N,,1.6,9.4,100647,Y,1.5,Are deliverables meeting expectations?,"Neutral, watching closely.",1.4,1.8,Other,N,8.7,4.4,5.2,3.3,4.1,9.2,1.2,,,Y,,100745,Aisha Ivanov,2023-12-24 13:08:00,jordan.whitfield@acme-fake.test,,2025-06-19 08:25:00,mei.nguyen@acme-fake.test,,,,,yara.ashby@sampleco.test,Diego Patel,alex.vance@acme-fake.test,Sofia Kim,Alpha,100707,N,Other,liam.kim@demomail.test,Morgan Okafor,N,6100,307,6685,5462,N,,,,,Aligned on billing and renewal terms.,,mei.garcia@acme-fake.test,,Reviewed performance and gathered feedback.,casey.rossi@sampleco.test,yara.cohen@examplecorp.test,N,,,,,,,,Alpha,2025-02-21 01:20:00,6039,7028,Standard,Beta,Alpha,Delta,1469,4062,8608,7929,9514,Beta,Fatima Reyes,Arjun Ashby,2025-02-20 07:59:00,,,,,,,,,,5936,,,,
700194,100257,Resource Care,100768,Wellness Check-In,Final,N,N,Resolved the outstanding question about scope.,100236,Liam Mercer,Y,,2.1,1.7,100678,N,2.9,How satisfied are you with the service?,Some concerns about turnaround time.,2.1,8.6,Other,N,2.8,5.7,4.8,9.7,2.1,5.3,2.5,,,N,,100565,Avery Cohen,2024-01-02 22:41:00,jordan.garcia@sampleco.test,,2022-10-17 21:12:00,noah.rossi@examplecorp.test,,,,,reese.cohen@sampleco.test,Omar Patel,rahul.whitfield@acme-fake.test,Noah Silva,Alpha,100296,Y,Gamma,emerson.ashby@sampleco.test,Jamie Calder,N,9192,5320,2155,7716,Y,,,,,Aligned on billing and renewal terms.,,reese.vance@acme-fake.test,,Aligned on billing and renewal terms.,taylor.whitfield@demomail.test,yara.cohen@sampleco.test,Y,,,Delta,,Standard,,,Standard,2022-12-31 13:59:00,4083,3535,Beta,Standard,Gamma,Other,6953,8289,6338,2441,320,Alpha,Noah Silva,Chen Ivanov,2026-05-03 23:23:00,,,,,,,,,,,,,,
700195,100121,Customer Management,100555,Quarterly Review,Final,N,Y,Shared the updated proposal for review.,100648,Diego Kim,Y,,2.4,3.4,100098,N,9.9,How satisfied are you with the service?,Happy with the progress.,9.1,4.8,Delta,Y,5.1,8.9,5.7,8.4,3.2,4.6,2.6,,,N,,100155,Aisha Larsson,2022-10-03 04:33:00,casey.ivanov@sampleco.test,,2024-08-20 20:26:00,emerson.silva@demomail.test,,,,,reese.brooks@demomail.test,Priya Rossi,emerson.kim@acme-fake.test,Rahul Ivanov,Gamma,100233,N,Standard,aisha.brooks@acme-fake.test,Mei Vance,Y,6767,7544,3031,1210,N,,,,,Scheduled a check-in for the coming month.,,noah.silva@sampleco.test,,Noted a concern to revisit at the next sync.,taylor.dorsey@sampleco.test,priya.brooks@sampleco.test,N,,Discussed timeline and next steps with the account.,,,,,,,2022-11-03 10:25:00,7426,175,Other,Alpha,Beta,Gamma,2452,4097,7176,1422,940,Delta,Rahul Silva,Liam Blake,2023-12-26 06:00:00,,,,Gamma,,,,,,,,,,
700196,100023,Resource Care,100089,Wellness Check-In,Final,N,N,Followed up on the open items from last week.,100375,Emerson Sato,Y,,7.2,9.8,100400,N,3.0,How likely are you to continue the engagement?,Very satisfied overall.,8.7,9.0,Other,Y,5.5,5.7,10.0,8.3,4.2,10.0,4.5,,,N,,100139,Avery Blake,2025-10-17 14:25:00,skyler.garcia@sampleco.test,,2023-02-27 18:06:00,marco.nguyen@demomail.test,Reese Ashby,,,Reese Ford,omar.haddad@demomail.test,Noah Whitfield,priya.garcia@acme-fake.test,Riley Sloan,Delta,100451,N,Standard,jordan.whitfield@examplecorp.test,Riley Brooks,Y,8385,2829,4582,5586,Y,,,,,Scheduled a check-in for the coming month.,,skyler.haddad@acme-fake.test,,Discussed timeline and next steps with the account.,emerson.cohen@sampleco.test,elena.whitfield@examplecorp.test,Y,,,,,Other,,,,2025-07-05 00:07:00,2961,1004,Standard,Gamma,Beta,Gamma,4478,2828,3433,2719,7455,Other,Rowan Larsson,Mei Costa,2025-09-12 02:56:00,,,,,,,,,,,,,,
700197,100029,Customer Management,100405,Customer Success Check-In,Final,N,Y,Reviewed performance and gathered feedback.,100721,Reese Larsson,N,,3.3,3.9,100700,N,2.6,How satisfied are you with the service?,"Going well, minor tweaks needed.",4.8,4.7,Alpha,N,3.2,9.1,1.8,7.8,5.3,3.2,4.1,,,Y,,100300,Skyler Costa,2022-12-18 12:27:00,emerson.calder@acme-fake.test,,2023-04-29 15:46:00,quinn.okafor@demomail.test,Taylor Calder,,Gamma,,arjun.silva@acme-fake.test,Rowan Costa,mei.mercer@sampleco.test,Aisha Reyes,Other,100365,Y,Alpha,liam.garcia@examplecorp.test,Liam Mensah,N,3040,9741,9062,5777,N,,,,,Resolved the outstanding question about scope.,,avery.dorsey@sampleco.test,,Aligned on billing and renewal terms.,elena.silva@acme-fake.test,aisha.brooks@acme-fake.test,N,,,,,,,,,2023-10-11 12:24:00,1178,9520,Gamma,Standard,Beta,Alpha,8630,5873,3825,5144,1833,Gamma,Morgan Calder,Jamie Mercer,2024-02-12 01:40:00,,,,,,,,,,,,,,
700198,100442,Resource Care,100309,Customer Success Check-In,Final,Y,Y,Scheduled a check-in for the coming month.,100462,Rahul Sloan,N,,2.3,5.7,100172,Y,4.1,How satisfied are you with the service?,Happy with the progress.,8.8,6.5,Delta,N,8.1,8.5,4.6,5.4,6.4,2.1,6.5,,,N,,100100,Priya Nguyen,2025-10-31 11:28:00,marco.kim@examplecorp.test,,2024-08-10 18:21:00,omar.cohen@examplecorp.test,,,,,alex.brooks@demomail.test,Avery Brooks,casey.mercer@demomail.test,Chen Blake,Standard,100714,N,Alpha,aisha.sloan@acme-fake.test,Alex Calder,Y,3772,2395,1241,7521,N,,,,,Noted a concern to revisit at the next sync.,,avery.nguyen@examplecorp.test,,Resolved the outstanding question about scope.,diego.rossi@sampleco.test,morgan.garcia@acme-fake.test,Y,,,,,Beta,,,,2025-04-29 19:45:00,6129,1897,Standard,Beta,Delta,Beta,1759,5427,9027,9856,6847,Other,Chen Haddad,Emerson Sato,2023-11-02 11:39:00,,,,,,,674,,,,,,,
700199,100587,Resource Care,100009,Quarterly Review,Final,Y,Y,Noted a concern to revisit at the next sync.,100366,Taylor Ivanov,Y,,1.3,9.2,100420,N,9.9,Any concerns we should address?,Exceeding expectations.,5.4,4.0,Other,Y,3.6,2.3,4.7,6.7,6.9,1.2,8.2,,,N,,100522,Drew Brooks,2026-05-22 22:36:00,liam.ford@examplecorp.test,,2024-02-17 23:14:00,elena.patel@acme-fake.test,,,,Liam Sloan,omar.cohen@examplecorp.test,Drew Brooks,sofia.cohen@sampleco.test,Casey Ford,Other,100155,N,Alpha,noah.brooks@sampleco.test,Alex Calder,N,1016,9795,7690,3144,Y,,,,,Followed up on the open items from last week.,,rowan.ashby@examplecorp.test,,Scheduled a check-in for the coming month.,nina.garcia@acme-fake.test,morgan.mensah@acme-fake.test,Y,Other,,Gamma,,,,,,2026-03-06 06:27:00,3164,2696,Other,Other,Delta,Other,6131,757,2942,9542,9355,Delta,Noah Vance,Mei Okafor,2024-10-03 14:09:00,,,,,,,,2587,,,,,,
700200,100650,Customer Management,100214,Wellness Check-In,Final,N,N,Shared the updated proposal for review.,100128,Casey Nguyen,N,,5.0,3.8,100550,N,8.9,How satisfied are you with the service?,Exceeding expectations.,1.4,7.9,Gamma,N,3.9,2.0,1.1,3.7,1.8,3.5,1.7,,,N,,100220,Priya Blake,2024-06-19 13:57:00,casey.ashby@acme-fake.test,,2024-11-13 05:01:00,casey.calder@sampleco.test,,,,,omar.reyes@sampleco.test,Omar Sloan,jamie.mercer@demomail.test,Alex Blake,Gamma,100629,N,Alpha,alex.okafor@demomail.test,Priya Dorsey,N,6811,2179,443,6553,N,,,,,Resolved the outstanding question about scope.,,jordan.dorsey@sampleco.test,,Followed up on the open items from last week.,reese.rossi@acme-fake.test,taylor.ford@acme-fake.test,N,Alpha,Discussed timeline and next steps with the account.,,,Other,Omar Sato,Beta,Other,2023-11-22 09:26:00,3227,6037,Standard,Delta,Delta,Other,6362,5101,4994,2697,1326,Other,Riley Reyes,Nina Ivanov,2023-10-29 02:09:00,,,,,,,,,,,,,,
700201,100096,Resource Care,100519,Customer Success Check-In,Final,Y,Y,Scheduled a check-in for the coming month.,100296,Omar Silva,N,,5.1,6.6,100490,N,5.9,Are deliverables meeting expectations?,Very satisfied overall.,8.9,5.9,Gamma,Y,5.1,2.1,5.2,7.5,5.2,8.8,6.9,,,N,,100467,Quinn Larsson,2022-10-09 05:09:00,jordan.calder@examplecorp.test,,2025-04-28 04:18:00,nina.calder@acme-fake.test,,,,,jordan.ashby@acme-fake.test,Riley Calder,jordan.reyes@examplecorp.test,Emerson Blake,Alpha,100675,N,Other,fatima.mensah@demomail.test,Sofia Mercer,N,8607,9419,8556,5697,Y,,,,,Reviewed performance and gathered feedback.,,casey.whitfield@sampleco.test,,Noted a concern to revisit at the next sync.,morgan.ivanov@acme-fake.test,omar.larsson@demomail.test,Y,,Reviewed performance and gathered feedback.,Other,Gamma,,,,,2024-03-25 02:51:00,8377,8401,Standard,Standard,Beta,Other,4914,1114,543,5828,8706,Other,Skyler Kim,Noah Sato,2026-05-24 16:40:00,,,,,,,,,,,,,,
700202,100551,Resource Care,100047,Customer Success Check-In,Final,Y,N,Scheduled a check-in for the coming month.,100203,Mei Haddad,N,,1.2,1.8,100355,N,9.6,How is communication with your team?,Exceeding expectations.,8.4,5.5,Gamma,N,4.5,5.8,6.9,3.1,2.3,9.1,3.7,,,N,,100700,Sofia Dorsey,2026-06-21 12:13:00,sofia.mercer@acme-fake.test,,2023-05-24 17:12:00,yara.ivanov@examplecorp.test,,,,,riley.rossi@examplecorp.test,Rowan Whitfield,marco.larsson@examplecorp.test,Liam Nguyen,Alpha,100071,N,Other,avery.sato@examplecorp.test,Fatima Brooks,Y,7389,4160,708,2916,Y,,,,,Scheduled a check-in for the coming month.,,rowan.patel@acme-fake.test,,Resolved the outstanding question about scope.,priya.mercer@acme-fake.test,drew.vance@sampleco.test,Y,,,,,,,Delta,,2024-01-09 23:23:00,2111,5174,Standard,Other,Gamma,Standard,1475,4942,1621,8311,5445,Beta,Mei Dorsey,Alex Silva,2025-10-01 16:27:00,1256,,,,,,,,,,,,,
700203,100678,Resource Care,100335,Quarterly Review,Draft,N,N,Discussed timeline and next steps with the account.,100147,Avery Costa,N,,4.3,3.1,100336,Y,9.5,How is communication with your team?,Very satisfied overall.,2.3,6.7,Standard,N,7.6,2.3,3.5,4.5,9.3,3.3,4.0,,,N,,100352,Noah Sloan,2025-11-23 16:35:00,chen.ashby@sampleco.test,,2026-02-13 00:28:00,marco.mensah@sampleco.test,,,,,liam.blake@sampleco.test,Morgan Kim,alex.ivanov@sampleco.test,Fatima Silva,Beta,100532,Y,Gamma,emerson.larsson@demomail.test,Drew Nguyen,N,9147,3038,4734,8965,Y,,,,,Reviewed performance and gathered feedback.,,marco.sato@acme-fake.test,,Aligned on billing and renewal terms.,morgan.kim@sampleco.test,morgan.nguyen@acme-fake.test,N,,,,,,,,,2023-06-26 14:50:00,7560,6301,Delta,Beta,Gamma,Other,1204,5641,2209,581,6933,Gamma,Reese Okafor,Mei Costa,2023-02-12 16:47:00,,,,,,,,,,,,,,
700204,100022,Customer Management,100639,Quarterly Review,Draft,N,N,Discussed timeline and next steps with the account.,100582,Quinn Patel,N,,5.6,6.0,100055,N,4.2,Are deliverables meeting expectations?,Happy with the progress.,4.5,5.3,Delta,N,7.9,5.0,3.5,4.2,9.9,5.4,8.5,,,Y,,100529,Aisha Dorsey,2023-10-30 02:42:00,alex.mensah@sampleco.test,,2024-08-23 09:09:00,drew.mensah@sampleco.test,Nina Reyes,,,,marco.dorsey@acme-fake.test,Chen Whitfield,sofia.ivanov@acme-fake.test,Mei Dorsey,Gamma,100496,Y,Gamma,aisha.nguyen@sampleco.test,Fatima Costa,Y,4021,5125,8795,3904,N,,,,Alpha,Aligned on billing and renewal terms.,,jordan.larsson@examplecorp.test,,Noted a concern to revisit at the next sync.,yara.mensah@acme-fake.test,priya.sloan@sampleco.test,N,,Followed up on the open items from last week.,,,,,Gamma,,2023-09-15 07:46:00,5829,1547,Delta,Gamma,Beta,Gamma,9991,6592,4548,3323,4023,Beta,Skyler Mensah,Reese Silva,2023-12-14 06:04:00,,,,,,,,,,,,,,
700205,100076,Resource Care,100421,Quarterly Review,Draft,Y,N,Noted a concern to revisit at the next sync.,100495,Avery Reyes,N,,6.6,5.8,100319,N,9.1,How is communication with your team?,Very satisfied overall.,4.3,7.7,Beta,N,9.1,4.9,3.5,7.9,5.2,4.3,8.9,,,Y,,100291,Skyler Cohen,2024-08-22 08:25:00,reese.ashby@demomail.test,,2026-04-01 18:16:00,casey.patel@examplecorp.test,,,Alpha,Casey Reyes,taylor.dorsey@acme-fake.test,Rowan Haddad,fatima.sato@demomail.test,Rahul Reyes,Standard,100678,N,Other,nina.ashby@acme-fake.test,Taylor Silva,N,3216,8393,8376,5007,Y,,,,,Resolved the outstanding question about scope.,,jordan.larsson@acme-fake.test,,Reviewed performance and gathered feedback.,emerson.okafor@sampleco.test,riley.larsson@examplecorp.test,Y,,,,,,,,Beta,2022-12-12 22:21:00,8884,369,Other,Other,Gamma,Beta,9218,5432,1245,5639,2898,Standard,Aisha Larsson,Omar Costa,2022-11-25 17:58:00,,,,,,,,,,,,,,
700206,100747,Resource Care,100172,Quarterly Review,Final,N,N,Shared the updated proposal for review.,100791,Arjun Mensah,N,,6.8,7.7,100026,Y,9.8,How is communication with your team?,"Going well, minor tweaks needed.",2.9,7.6,Other,N,1.0,7.1,9.6,2.8,6.7,8.8,4.0,,,Y,,100635,Taylor Silva,2025-09-28 19:54:00,diego.patel@demomail.test,,2023-08-14 23:11:00,riley.nguyen@examplecorp.test,,,,,diego.haddad@examplecorp.test,Emerson Nguyen,casey.ford@examplecorp.test,Marco Whitfield,Standard,100375,N,Standard,avery.nguyen@examplecorp.test,Alex Cohen,N,8566,2300,4336,6005,N,,,,,Scheduled a check-in for the coming month.,Chen Reyes,taylor.silva@examplecorp.test,,Aligned on billing and renewal terms.,morgan.haddad@sampleco.test,sofia.ivanov@demomail.test,Y,,,Beta,Gamma,Beta,Nina Silva,Beta,,2024-01-25 11:37:00,7691,1141,Standard,Other,Delta,Beta,2757,5866,628,9116,4348,Standard,Chen Kim,Marco Reyes,2025-02-16 22:45:00,,,,,,,,,,,7276,,,
700207,100219,Resource Care,100599,Customer Success Check-In,Final,Y,Y,Followed up on the open items from last week.,100405,Taylor Brooks,N,,3.2,3.9,100178,N,6.2,Any concerns we should address?,"Neutral, watching closely.",9.7,9.1,Delta,Y,1.9,7.6,8.3,8.7,1.6,7.1,4.8,,,Y,,100092,Jamie Blake,2025-07-06 23:51:00,quinn.patel@acme-fake.test,,2026-02-18 07:44:00,diego.larsson@demomail.test,,,Beta,,priya.whitfield@demomail.test,Yara Costa,yara.okafor@examplecorp.test,Alex Costa,Beta,100375,Y,Standard,taylor.mercer@demomail.test,Diego Brooks,Y,5213,3206,8573,2534,Y,,,,,Noted a concern to revisit at the next sync.,,sofia.okafor@acme-fake.test,,Scheduled a check-in for the coming month.,quinn.cohen@sampleco.test,jamie.blake@examplecorp.test,N,Alpha,Aligned on billing and renewal terms.,,,,,Gamma,,2024-12-14 16:13:00,5874,8183,Other,Other,Alpha,Beta,2194,3658,9876,2572,5495,Standard,Skyler Silva,Yara Sato,2026-04-06 18:12:00,,,,,,,,,,,,,,
700208,100737,Resource Care,100739,Wellness Check-In,Final,N,Y,Scheduled a check-in for the coming month.,100061,Avery Ivanov,N,,4.0,3.3,100787,Y,7.2,How is communication with your team?,"Neutral, watching closely.",2.7,5.6,Gamma,N,9.1,2.5,4.7,5.2,5.9,8.5,5.6,,,N,,100608,Fatima Brooks,2024-04-07 23:36:00,fatima.okafor@sampleco.test,,2026-03-07 03:39:00,morgan.sato@sampleco.test,,,,,sofia.reyes@demomail.test,Sofia Cohen,morgan.silva@sampleco.test,Elena Patel,Gamma,100082,N,Beta,quinn.sloan@examplecorp.test,Nina Silva,Y,9685,3139,9759,484,Y,,Delta,,,Noted a concern to revisit at the next sync.,,emerson.ivanov@demomail.test,,Resolved the outstanding question about scope.,emerson.costa@examplecorp.test,jamie.sloan@demomail.test,N,Alpha,Followed up on the open items from last week.,,,Standard,Riley Sato,,Delta,2023-11-30 01:14:00,9225,8282,Other,Standard,Other,Delta,194,3545,9342,4690,4687,Standard,Drew Larsson,Noah Rossi,2025-06-07 19:42:00,,,,,,,,,,,,,,
700209,100565,Resource Care,100366,Customer Success Check-In,Final,Y,Y,Shared the updated proposal for review.,100058,Elena Vance,Y,,9.4,7.2,100077,Y,8.7,How likely are you to continue the engagement?,"Going well, minor tweaks needed.",1.3,9.2,Gamma,N,6.9,3.3,2.4,2.1,10.0,2.8,9.5,,,N,,100292,Liam Vance,2025-11-16 18:14:00,marco.patel@sampleco.test,,2024-05-29 08:59:00,skyler.silva@demomail.test,,,,,sofia.reyes@acme-fake.test,Emerson Cohen,nina.sloan@examplecorp.test,Rahul Brooks,Other,100288,Y,Other,riley.ivanov@examplecorp.test,Sofia Ford,N,3759,8667,3278,8408,N,,,,,Noted a concern to revisit at the next sync.,,chen.mensah@acme-fake.test,,Resolved the outstanding question about scope.,morgan.patel@sampleco.test,drew.dorsey@demomail.test,N,Alpha,,Other,,,,,,2026-06-21 22:27:00,5823,3911,Alpha,Standard,Standard,Delta,5471,1319,4195,258,5461,Delta,Casey Cohen,Jordan Kim,2026-01-14 11:48:00,,,,,,,,,,,,,,
700210,100495,Resource Care,100086,Wellness Check-In,Final,Y,Y,Discussed timeline and next steps with the account.,100026,Omar Vance,Y,,7.2,4.8,100168,N,6.2,Are deliverables meeting expectations?,Very satisfied overall.,2.2,3.7,Delta,N,7.0,5.8,9.6,6.1,7.1,4.7,3.8,,,N,,100077,Reese Garcia,2024-08-13 07:44:00,alex.brooks@sampleco.test,,2023-02-27 01:19:00,reese.nguyen@acme-fake.test,,,,,liam.sato@demomail.test,Elena Larsson,liam.mensah@examplecorp.test,Priya Vance,Alpha,100303,Y,Beta,casey.sloan@sampleco.test,Rahul Sato,Y,1572,63,9383,226,Y,,,,,Reviewed performance and gathered feedback.,,sofia.haddad@sampleco.test,,Scheduled a check-in for the coming month.,skyler.okafor@examplecorp.test,riley.sloan@sampleco.test,N,Alpha,,,,,Quinn Sloan,,Standard,2025-06-27 17:30:00,5551,3929,Beta,Gamma,Gamma,Alpha,3900,4241,9671,2374,5665,Standard,Omar Ivanov,Rowan Costa,2024-07-03 22:58:00,,,,,,,,,,,,,,
700211,100490,Resource Care,100021,Customer Success Check-In,Final,N,N,Discussed timeline and next steps with the account.,100732,Rowan Costa,N,,8.8,2.9,100404,N,6.4,How is communication with your team?,Very satisfied overall.,7.4,8.8,Alpha,Y,6.5,8.2,3.9,3.5,3.3,8.2,4.4,,,Y,,100139,Skyler Blake,2024-03-30 10:54:00,nina.ford@acme-fake.test,,2023-01-24 16:52:00,chen.calder@examplecorp.test,,,,,omar.nguyen@sampleco.test,Arjun Garcia,diego.silva@demomail.test,Elena Rossi,Alpha,100648,Y,Alpha,sofia.okafor@sampleco.test,Noah Sato,N,2923,7503,6366,3960,N,,,,,Noted a concern to revisit at the next sync.,,omar.costa@examplecorp.test,,Resolved the outstanding question about scope.,liam.ford@acme-fake.test,avery.nguyen@examplecorp.test,N,Standard,,,,Other,,Gamma,,2024-05-04 18:56:00,2115,3185,Beta,Delta,Standard,Standard,276,5036,9655,179,5993,Standard,Rowan Whitfield,Quinn Ashby,2023-04-30 06:49:00,,,,,,,,,,,,,,
700212,100640,Resource Care,100047,Customer Success Check-In,Final,N,N,Scheduled a check-in for the coming month.,100087,Sofia Larsson,Y,,8.3,8.0,100380,N,5.3,Are deliverables meeting expectations?,Very satisfied overall.,3.5,8.6,Beta,Y,7.2,3.1,6.1,4.3,4.8,7.5,1.2,,,Y,,100429,Morgan Haddad,2025-09-26 22:08:00,elena.cohen@examplecorp.test,,2023-03-11 16:40:00,drew.sloan@demomail.test,Avery Patel,,,Nina Sato,elena.sloan@sampleco.test,Liam Dorsey,diego.haddad@acme-fake.test,Marco Kim,Beta,100478,N,Delta,jamie.whitfield@acme-fake.test,Marco Nguyen,N,9094,7732,9797,9997,N,,,,,Reviewed performance and gathered feedback.,,mei.sato@sampleco.test,,Noted a concern to revisit at the next sync.,casey.nguyen@demomail.test,aisha.reyes@examplecorp.test,Y,Standard,,,,,,,,2023-02-07 08:55:00,2596,8884,Standard,Delta,Other,Standard,554,6120,8390,7008,6127,Delta,Drew Reyes,Elena Garcia,2025-02-19 08:16:00,,,,,Alpha,,,,,,,,,
700213,100328,Resource Care,100747,Customer Success Check-In,Final,Y,Y,Shared the updated proposal for review.,100664,Reese Blake,Y,,4.3,2.0,100253,Y,3.1,How is communication with your team?,"Neutral, watching closely.",4.6,2.1,Gamma,Y,6.3,1.2,7.3,9.1,5.0,6.9,7.6,,,N,,100434,Alex Nguyen,2025-09-12 06:39:00,jamie.ashby@demomail.test,,2022-10-20 03:18:00,marco.larsson@demomail.test,,,,,yara.patel@examplecorp.test,Noah Sato,emerson.mensah@demomail.test,Priya Kim,Gamma,100601,Y,Gamma,jordan.mercer@examplecorp.test,Morgan Sloan,Y,1352,4643,6364,9889,N,,,,,Reviewed performance and gathered feedback.,,jamie.patel@acme-fake.test,,Scheduled a check-in for the coming month.,avery.whitfield@sampleco.test,arjun.calder@examplecorp.test,N,,,,,,,Standard,,2023-09-10 10:03:00,6612,8605,Beta,Alpha,Other,Beta,3382,4638,2434,7305,2551,Alpha,Quinn Ford,Riley Rossi,2023-09-21 17:05:00,,,,,,,,,,,,,,
700214,100205,Resource Care,100791,Quarterly Review,Final,Y,Y,Reviewed performance and gathered feedback.,100247,Reese Sato,N,,1.1,8.5,100188,N,7.4,How likely are you to continue the engagement?,Some concerns about turnaround time.,6.2,4.5,Beta,N,7.5,7.9,5.6,4.8,1.4,1.0,3.5,,,Y,,100689,Diego Nguyen,2024-01-17 19:43:00,omar.dorsey@sampleco.test,,2023-06-05 11:48:00,alex.silva@examplecorp.test,,,,Skyler Sato,alex.silva@demomail.test,Quinn Vance,casey.silva@sampleco.test,Aisha Ford,Standard,100691,Y,Other,reese.okafor@examplecorp.test,Emerson Kim,Y,3883,2311,7792,3512,N,,,,,Followed up on the open items from last week.,,sofia.dorsey@examplecorp.test,,Resolved the outstanding question about scope.,rowan.ivanov@examplecorp.test,jordan.vance@demomail.test,Y,,Resolved the outstanding question about scope.,Beta,,,,,,2024-07-14 05:34:00,8131,8656,Beta,Delta,Standard,Other,5349,917,7935,8896,3759,Standard,Jordan Reyes,Marco Okafor,2025-05-29 01:36:00,,,,,,,,,,5569,,,,
700215,100540,Resource Care,100519,Wellness Check-In,Final,N,N,Discussed timeline and next steps with the account.,100726,Fatima Patel,Y,,7.2,4.0,100451,Y,9.7,Any concerns we should address?,Very satisfied overall.,6.2,1.2,Other,Y,4.2,8.7,5.0,1.5,7.2,3.2,7.2,,,Y,,100432,Quinn Mensah,2025-05-19 09:49:00,elena.okafor@examplecorp.test,,2026-01-28 08:59:00,reese.larsson@examplecorp.test,,,,Jordan Patel,chen.reyes@sampleco.test,Marco Whitfield,yara.kim@sampleco.test,Riley Silva,Delta,100046,N,Beta,arjun.sloan@examplecorp.test,Chen Blake,Y,6252,7864,9554,2493,N,,,,,Scheduled a check-in for the coming month.,,skyler.mensah@demomail.test,,Aligned on billing and renewal terms.,marco.ford@acme-fake.test,reese.patel@demomail.test,N,Delta,Reviewed performance and gathered feedback.,,Other,,,Standard,Gamma,2024-04-22 08:28:00,6516,7225,Gamma,Other,Other,Other,3122,2652,2635,871,901,Delta,Diego Nguyen,Jamie Okafor,2024-02-04 17:08:00,,8205,,,,,,,,,,,,
700216,100188,Customer Management,100348,Customer Success Check-In,Final,N,N,Shared the updated proposal for review.,100707,Omar Patel,Y,,9.6,8.8,100576,N,7.1,How likely are you to continue the engagement?,Exceeding expectations.,4.5,3.0,Gamma,N,2.1,6.6,5.6,5.1,9.4,7.1,7.8,,,N,,100733,Diego Patel,2024-05-16 05:10:00,drew.mercer@demomail.test,,2023-07-25 03:25:00,rowan.okafor@examplecorp.test,,,Standard,,skyler.ashby@acme-fake.test,Aisha Vance,noah.patel@sampleco.test,Emerson Patel,Other,100278,Y,Other,elena.sato@sampleco.test,Avery Mensah,Y,9117,1697,9528,9232,Y,,,,,Shared the updated proposal for review.,,chen.nguyen@examplecorp.test,,Scheduled a check-in for the coming month.,morgan.larsson@acme-fake.test,noah.ashby@demomail.test,N,,,Other,,,,,Delta,2026-06-19 09:54:00,6904,9069,Standard,Gamma,Gamma,Gamma,6069,7830,2169,760,4141,Alpha,Rahul Costa,Diego Ashby,2025-09-24 22:57:00,,,,,,,,,,,,,,
700217,100083,Customer Management,100355,Wellness Check-In,Final,N,N,Noted a concern to revisit at the next sync.,100253,Jordan Cohen,Y,,5.9,9.3,100660,Y,7.6,How is communication with your team?,"Neutral, watching closely.",8.2,6.1,Beta,N,2.1,7.5,7.3,6.4,5.2,8.2,6.7,,,Y,,100339,Casey Calder,2026-05-20 02:28:00,riley.sato@sampleco.test,,2026-05-13 21:58:00,mei.sato@sampleco.test,Taylor Patel,,,,skyler.vance@demomail.test,Mei Whitfield,marco.nguyen@sampleco.test,Sofia Haddad,Alpha,100303,N,Standard,jamie.haddad@examplecorp.test,Elena Mensah,Y,6686,9706,9185,4291,N,,,,,Aligned on billing and renewal terms.,,fatima.vance@demomail.test,,Noted a concern to revisit at the next sync.,quinn.mensah@examplecorp.test,quinn.mensah@acme-fake.test,Y,,Aligned on billing and renewal terms.,,,Alpha,Elena Dorsey,Beta,,2024-07-25 00:33:00,3561,5094,Gamma,Beta,Beta,Gamma,8937,3914,874,4691,8298,Gamma,Skyler Rossi,Marco Dorsey,2024-03-19 07:34:00,,,,,,,,,,,,,,
700218,100177,Customer Management,100224,Customer Success Check-In,Final,N,N,Shared the updated proposal for review.,100256,Noah Sloan,N,,6.7,5.6,100275,Y,9.1,How satisfied are you with the service?,Exceeding expectations.,5.6,4.7,Beta,N,7.2,4.7,2.0,4.7,7.9,2.6,7.2,,,Y,,100504,Drew Garcia,2025-08-08 17:26:00,chen.nguyen@demomail.test,,2023-09-16 18:33:00,riley.cohen@sampleco.test,Quinn Dorsey,,,,avery.haddad@examplecorp.test,Marco Okafor,morgan.okafor@demomail.test,Omar Reyes,Other,100215,Y,Alpha,emerson.larsson@acme-fake.test,Fatima Reyes,Y,4963,126,6279,690,Y,,,,,Reviewed performance and gathered feedback.,,aisha.brooks@sampleco.test,,Scheduled a check-in for the coming month.,omar.vance@acme-fake.test,arjun.whitfield@sampleco.test,N,Delta,,Gamma,,,,,,2023-08-06 07:30:00,6733,8083,Standard,Standard,Alpha,Alpha,6169,6993,8138,3418,2186,Beta,Taylor Larsson,Omar Haddad,2026-01-29 08:43:00,,4312,,,,,,,,,,,,Elena Nguyen
700219,100714,Customer Management,100564,Quarterly Review,Final,N,Y,Aligned on billing and renewal terms.,100542,Diego Kim,Y,,7.2,2.0,100382,Y,1.1,Are deliverables meeting expectations?,"Neutral, watching closely.",7.9,3.4,Beta,N,2.6,8.7,4.8,2.5,5.2,5.7,9.6,,,Y,,100264,Chen Okafor,2024-06-15 15:19:00,elena.kim@acme-fake.test,,2025-11-17 19:19:00,sofia.mensah@examplecorp.test,,,,,rowan.ford@acme-fake.test,Taylor Blake,rahul.sato@acme-fake.test,Emerson Ivanov,Gamma,100328,N,Alpha,jamie.cohen@demomail.test,Jordan Garcia,N,290,1181,1105,9374,N,,,,,Shared the updated proposal for review.,,jamie.okafor@sampleco.test,,Noted a concern to revisit at the next sync.,taylor.nguyen@sampleco.test,morgan.nguyen@examplecorp.test,N,,,,,,,,,2025-03-05 22:01:00,2710,3135,Alpha,Alpha,Alpha,Delta,3917,9440,9854,7874,1686,Gamma,Omar Costa,Diego Haddad,2022-12-05 16:04:00,,,,,,,,,,,,,,
700220,100740,Customer Management,100073,Quarterly Review,Final,N,N,Shared the updated proposal for review.,100205,Morgan Ashby,N,,3.7,8.7,100224,N,4.8,Are deliverables meeting expectations?,Some concerns about turnaround time.,7.3,5.8,Alpha,Y,3.5,3.7,4.4,3.5,6.6,1.3,3.9,,,N,,100481,Chen Costa,2023-08-01 21:40:00,quinn.rossi@sampleco.test,,2023-12-15 00:12:00,reese.rossi@acme-fake.test,,,Standard,Casey Vance,jamie.kim@examplecorp.test,Omar Dorsey,taylor.ford@acme-fake.test,Diego Blake,Standard,100675,N,Other,yara.brooks@sampleco.test,Quinn Okafor,N,1327,1836,2987,4859,N,,,,,Shared the updated proposal for review.,,fatima.costa@examplecorp.test,,Scheduled a check-in for the coming month.,taylor.whitfield@examplecorp.test,avery.whitfield@sampleco.test,N,,,,,,,,Beta,2024-05-28 08:18:00,7543,4488,Alpha,Other,Gamma,Alpha,8141,5941,6842,4103,8895,Beta,Noah Brooks,Drew Larsson,2023-12-01 03:04:00,,,,,,,,,,,,,,
700221,100467,Resource Care,100559,Quarterly Review,Final,N,Y,Shared the updated proposal for review.,100555,Jamie Ford,N,,10.0,4.3,100554,N,7.7,Are deliverables meeting expectations?,Very satisfied overall.,7.0,2.4,Standard,N,6.6,4.7,3.5,6.1,9.9,6.8,2.0,,,Y,,100156,Mei Calder,2024-07-13 11:40:00,morgan.ivanov@demomail.test,Riley Reyes,2023-03-07 15:01:00,elena.mensah@sampleco.test,,,,,rahul.ashby@examplecorp.test,Rowan Ashby,reese.rossi@demomail.test,Sofia Okafor,Beta,100029,N,Other,arjun.blake@acme-fake.test,Skyler Nguyen,N,8697,9821,8773,1228,N,,,,Delta,Shared the updated proposal for review.,,skyler.patel@examplecorp.test,,Aligned on billing and renewal terms.,skyler.patel@acme-fake.test,alex.ashby@sampleco.test,Y,,,,Gamma,Beta,,Beta,,2024-07-30 03:27:00,9999,483,Delta,Delta,Alpha,Delta,4059,5822,8442,1201,5982,Beta,Diego Calder,Omar Garcia,2023-10-02 07:42:00,,,,,,,,,,,,,,
700222,100349,Customer Management,100661,Quarterly Review,Final,N,Y,Aligned on billing and renewal terms.,100724,Priya Cohen,N,,5.7,9.4,100552,N,4.5,Are deliverables meeting expectations?,Very satisfied overall.,2.7,9.2,Standard,N,7.1,1.5,9.0,5.5,5.1,7.5,4.4,,,N,,100345,Jordan Patel,2025-09-16 23:35:00,diego.vance@examplecorp.test,,2023-11-08 14:24:00,liam.patel@acme-fake.test,,,Delta,,rahul.kim@examplecorp.test,Liam Mensah,avery.okafor@acme-fake.test,Yara Nguyen,Beta,100448,Y,Delta,priya.costa@examplecorp.test,Aisha Ford,N,9119,8566,4051,1230,Y,,,,,Reviewed performance and gathered feedback.,,drew.ashby@examplecorp.test,,Shared the updated proposal for review.,casey.calder@examplecorp.test,reese.patel@demomail.test,Y,,,,,Other,,,,2022-10-26 16:34:00,2283,3987,Standard,Standard,Alpha,Delta,198,5779,2520,4556,8296,Other,Emerson Ashby,Quinn Calder,2025-02-09 14:45:00,,,,,,,7107,,,,,,,Riley Patel
700223,100566,Resource Care,100542,Customer Success Check-In,Final,N,Y,Reviewed performance and gathered feedback.,100458,Aisha Blake,N,,6.4,7.0,100645,Y,4.2,How likely are you to continue the engagement?,Very satisfied overall.,2.4,3.0,Standard,N,4.2,2.6,1.8,4.1,1.3,8.3,5.6,,,Y,,100286,Aisha Kim,2025-08-23 13:51:00,jordan.sloan@sampleco.test,,2024-07-17 14:16:00,skyler.mercer@sampleco.test,,,,,chen.nguyen@examplecorp.test,Avery Sato,alex.sloan@demomail.test,Casey Ivanov,Gamma,100125,Y,Beta,taylor.blake@examplecorp.test,Jordan Larsson,Y,4910,4998,4846,6747,N,,,,,Resolved the outstanding question about scope.,,jordan.calder@examplecorp.test,,Noted a concern to revisit at the next sync.,diego.ivanov@examplecorp.test,noah.blake@examplecorp.test,Y,,Scheduled a check-in for the coming month.,Alpha,,,Rahul Calder,,,2023-08-29 00:43:00,3622,3650,Delta,Delta,Alpha,Gamma,5042,1953,3330,8532,3263,Standard,Jordan Reyes,Nina Silva,2026-03-19 21:49:00,,,,,,,,,,,,,,
700224,100047,Customer Management,100383,Wellness Check-In,Draft,N,N,Followed up on the open items from last week.,100423,Chen Ivanov,N,,8.4,7.5,100365,Y,3.6,Are deliverables meeting expectations?,Some concerns about turnaround time.,9.8,3.9,Delta,Y,5.7,4.6,5.3,3.9,1.4,4.2,9.6,,,N,,100043,Arjun Haddad,2023-07-24 12:41:00,rahul.whitfield@examplecorp.test,Fatima Costa,2025-06-18 07:35:00,noah.mercer@examplecorp.test,Sofia Nguyen,,,,omar.kim@examplecorp.test,Marco Dorsey,avery.patel@demomail.test,Arjun Blake,Alpha,100559,Y,Other,noah.sloan@acme-fake.test,Liam Ashby,Y,3029,5342,4135,8095,N,,,,,Resolved the outstanding question about scope.,,skyler.haddad@acme-fake.test,,Discussed timeline and next steps with the account.,drew.ashby@sampleco.test,alex.sato@acme-fake.test,N,,,,,Beta,Arjun Patel,,,2025-12-21 08:00:00,9896,6639,Other,Delta,Other,Other,737,60,9009,6103,1003,Standard,Noah Nguyen,Marco Ashby,2024-10-26 03:48:00,,,,,,,,,,,,,,
700225,100627,Resource Care,100033,Customer Success Check-In,Final,N,Y,Aligned on billing and renewal terms.,100291,Drew Dorsey,Y,,4.2,9.2,100173,N,6.0,How satisfied are you with the service?,Happy with the progress.,1.9,3.4,Standard,N,1.8,6.5,1.7,4.1,3.0,8.4,8.4,,,N,,100079,Avery Whitfield,2024-12-16 08:05:00,skyler.sloan@demomail.test,,2026-01-21 22:12:00,drew.blake@sampleco.test,,,Standard,Aisha Cohen,yara.mensah@demomail.test,Jordan Mensah,avery.reyes@examplecorp.test,Liam Rossi,Other,100732,Y,Other,fatima.haddad@examplecorp.test,Chen Garcia,N,8914,9976,3105,290,N,,,,,Shared the updated proposal for review.,,jordan.whitfield@sampleco.test,Alpha,Followed up on the open items from last week.,reese.dorsey@acme-fake.test,drew.reyes@acme-fake.test,N,,,,,,,Other,,2026-05-29 08:42:00,6755,6650,Delta,Alpha,Other,Delta,4238,4394,3214,1622,385,Delta,Diego Sloan,Mei Vance,2023-10-25 17:37:00,,,,,,,,,,,,,,
700226,100460,Customer Management,100082,Quarterly Review,Final,N,N,Resolved the outstanding question about scope.,100031,Emerson Reyes,Y,,2.5,2.8,100398,N,9.3,How satisfied are you with the service?,Happy with the progress.,9.3,7.4,Beta,N,9.0,5.6,5.1,8.3,8.6,4.1,2.5,,,Y,,100003,Mei Blake,2026-07-27 01:35:00,priya.whitfield@examplecorp.test,,2025-02-05 18:01:00,chen.brooks@demomail.test,,,,Jordan Calder,jordan.blake@sampleco.test,Aisha Vance,marco.haddad@demomail.test,Jordan Garcia,Other,100441,N,Gamma,reese.ivanov@examplecorp.test,Sofia Mercer,Y,8522,1548,764,2352,Y,,,,,Followed up on the open items from last week.,,liam.haddad@examplecorp.test,,Followed up on the open items from last week.,skyler.calder@acme-fake.test,rowan.patel@sampleco.test,N,,Aligned on billing and renewal terms.,Other,,,,,,2026-02-17 16:26:00,9291,1553,Standard,Other,Delta,Beta,3764,8019,2216,298,8286,Gamma,Avery Brooks,Quinn Patel,2023-04-12 16:22:00,,,,,,,,,,,,,,
700227,100564,Resource Care,100103,Wellness Check-In,Final,N,Y,Aligned on billing and renewal terms.,100771,Morgan Mensah,Y,,8.7,3.6,100128,Y,9.1,Are deliverables meeting expectations?,"Going well, minor tweaks needed.",7.1,8.2,Standard,Y,5.5,8.8,5.0,4.5,2.1,4.6,3.2,,,Y,,100355,Rahul Cohen,2023-03-06 01:17:00,drew.brooks@demomail.test,,2024-01-18 01:19:00,yara.sloan@acme-fake.test,,,Standard,,skyler.brooks@demomail.test,Noah Whitfield,avery.vance@sampleco.test,Jamie Nguyen,Other,100398,N,Beta,jordan.blake@demomail.test,Sofia Vance,N,6887,9750,660,9295,N,,,,,Followed up on the open items from last week.,,elena.whitfield@sampleco.test,,Resolved the outstanding question about scope.,reese.sato@acme-fake.test,jordan.calder@sampleco.test,N,,Shared the updated proposal for review.,,Gamma,Gamma,,,Alpha,2025-12-23 17:49:00,43,3962,Delta,Gamma,Beta,Beta,2126,2642,7651,2020,7129,Standard,Elena Cohen,Nina Dorsey,2024-03-31 21:05:00,,,,,,,,,,,,,,
700228,100619,Customer Management,100565,Customer Success Check-In,Draft,Y,N,Reviewed performance and gathered feedback.,100026,Quinn Sloan,N,,9.3,3.0,100157,Y,1.7,Are deliverables meeting expectations?,Happy with the progress.,6.1,8.7,Alpha,Y,3.9,9.9,9.0,6.3,8.4,6.1,2.2,,,N,,100611,Yara Calder,2023-03-04 00:27:00,taylor.mensah@acme-fake.test,,2024-02-12 13:44:00,rahul.sloan@examplecorp.test,Liam Nguyen,,Alpha,,avery.kim@examplecorp.test,Chen Mercer,sofia.mercer@sampleco.test,Nina Cohen,Alpha,100516,Y,Alpha,chen.brooks@acme-fake.test,Liam Nguyen,Y,2225,8145,1288,3817,Y,,,,,Scheduled a check-in for the coming month.,,rowan.larsson@sampleco.test,,Shared the updated proposal for review.,quinn.ford@examplecorp.test,emerson.costa@sampleco.test,Y,,,,,,,,,2023-01-11 16:53:00,4830,8145,Other,Standard,Gamma,Delta,6535,2591,256,8035,3465,Beta,Reese Brooks,Emerson Blake,2023-07-02 10:11:00,,,,,,,,1235,,,,,,
700229,100264,Resource Care,100014,Wellness Check-In,Final,Y,N,Scheduled a check-in for the coming month.,100156,Noah Whitfield,Y,,9.9,6.1,100139,Y,3.7,How satisfied are you with the service?,Some concerns about turnaround time.,6.2,9.8,Gamma,Y,5.0,7.1,2.3,8.6,1.5,2.7,5.2,,,N,,100495,Arjun Mercer,2025-01-28 11:46:00,alex.silva@acme-fake.test,,2023-06-04 04:55:00,arjun.patel@sampleco.test,Mei Dorsey,,,Marco Brooks,casey.kim@sampleco.test,Reese Mercer,aisha.silva@acme-fake.test,Drew Vance,Alpha,100194,N,Gamma,liam.brooks@acme-fake.test,Skyler Mercer,Y,2591,2005,1153,3412,N,,Alpha,Other,,Resolved the outstanding question about scope.,,diego.dorsey@sampleco.test,,Followed up on the open items from last week.,avery.rossi@acme-fake.test,aisha.garcia@examplecorp.test,N,,,,,,,Delta,Delta,2025-10-09 18:16:00,4903,7958,Standard,Standard,Delta,Alpha,6272,7620,3649,5402,4254,Gamma,Omar Reyes,Priya Silva,2023-08-11 15:34:00,,,,,,,,,,,,,,
700230,100751,Resource Care,100389,Customer Success Check-In,Final,N,N,Followed up on the open items from last week.,100315,Morgan Nguyen,Y,,7.2,8.1,100224,N,2.4,How satisfied are you with the service?,"Going well, minor tweaks needed.",2.9,1.5,Gamma,Y,7.7,1.5,3.8,9.9,2.3,6.0,5.2,,,Y,,100493,Skyler Brooks,2025-08-22 03:11:00,rahul.kim@sampleco.test,,2025-03-02 07:01:00,jordan.calder@examplecorp.test,,,,,jamie.sato@demomail.test,Mei Rossi,elena.ford@sampleco.test,Quinn Cohen,Gamma,100215,N,Delta,casey.patel@sampleco.test,Rahul Garcia,Y,5480,5434,1570,1919,N,,,,,Discussed timeline and next steps with the account.,,emerson.costa@demomail.test,,Discussed timeline and next steps with the account.,mei.okafor@examplecorp.test,sofia.reyes@examplecorp.test,N,,,,,,,,,2024-09-28 20:04:00,2402,7306,Delta,Alpha,Beta,Gamma,629,6644,8742,8941,2872,Alpha,Riley Reyes,Liam Sato,2026-05-21 14:12:00,,,Beta,,,,,,,,,,,Omar Vance
700231,100724,Customer Management,100130,Wellness Check-In,Draft,N,N,Reviewed performance and gathered feedback.,100061,Elena Costa,N,,4.8,2.3,100140,N,4.7,Are deliverables meeting expectations?,Happy with the progress.,2.7,3.5,Gamma,N,1.3,5.0,9.9,4.1,5.1,2.4,7.8,,,Y,,100355,Chen Reyes,2023-07-14 03:35:00,omar.sato@acme-fake.test,,2023-07-20 11:23:00,sofia.ford@acme-fake.test,Mei Larsson,,,,chen.nguyen@acme-fake.test,Chen Nguyen,emerson.larsson@examplecorp.test,Riley Nguyen,Alpha,100761,N,Delta,fatima.nguyen@demomail.test,Avery Rossi,Y,5680,7465,3132,1485,Y,,,,,Shared the updated proposal for review.,,jamie.mercer@sampleco.test,,Aligned on billing and renewal terms.,riley.ivanov@examplecorp.test,alex.brooks@sampleco.test,N,,Aligned on billing and renewal terms.,,Alpha,,,,,2025-01-05 18:27:00,3004,8983,Delta,Beta,Delta,Other,7454,7466,8061,7284,1332,Alpha,Marco Ashby,Alex Haddad,2023-01-30 06:05:00,,,,,,,,,,,,,,
700232,100292,Customer Management,100665,Customer Success Check-In,Final,N,Y,Reviewed performance and gathered feedback.,100106,Chen Okafor,N,,9.6,8.3,100269,Y,6.7,Are deliverables meeting expectations?,Exceeding expectations.,2.8,3.5,Standard,N,1.7,4.3,4.8,4.7,9.6,4.4,1.1,,,Y,,100730,Taylor Mercer,2023-09-13 14:51:00,mei.brooks@acme-fake.test,,2025-07-18 17:56:00,yara.vance@examplecorp.test,Fatima Rossi,,,Chen Ivanov,nina.vance@demomail.test,Drew Mensah,elena.patel@acme-fake.test,Sofia Patel,Beta,100288,Y,Other,reese.rossi@acme-fake.test,Rahul Kim,Y,1779,1506,6442,539,N,,,,,Scheduled a check-in for the coming month.,,rahul.mercer@demomail.test,,Scheduled a check-in for the coming month.,avery.patel@examplecorp.test,riley.ivanov@acme-fake.test,Y,,Scheduled a check-in for the coming month.,,,,,,,2024-10-02 08:25:00,4609,1160,Beta,Other,Beta,Delta,7827,5163,5829,1758,5189,Other,Priya Kim,Aisha Ivanov,2023-05-22 04:49:00,,,,,,,,,,,,,Fatima Okafor,
700233,100083,Customer Management,100627,Wellness Check-In,Final,Y,Y,Reviewed performance and gathered feedback.,100454,Avery Sloan,Y,,7.1,4.3,100139,N,1.3,How is communication with your team?,Some concerns about turnaround time.,4.6,1.4,Gamma,Y,3.4,7.3,4.9,7.6,7.6,4.6,6.1,,,Y,,100507,Emerson Sloan,2025-08-08 17:19:00,rahul.nguyen@examplecorp.test,,2024-03-23 14:21:00,jordan.rossi@acme-fake.test,Jordan Ford,,Delta,,diego.calder@sampleco.test,Morgan Dorsey,mei.dorsey@examplecorp.test,Liam Nguyen,Gamma,100291,Y,Delta,riley.garcia@acme-fake.test,Riley Ford,N,2703,5319,8907,972,N,,,,,Discussed timeline and next steps with the account.,,mei.mercer@examplecorp.test,,Resolved the outstanding question about scope.,aisha.blake@sampleco.test,priya.mensah@demomail.test,N,,,,,,,,,2024-06-08 21:27:00,4057,4208,Delta,Gamma,Beta,Delta,2208,7793,2161,7989,5938,Gamma,Rowan Ford,Arjun Haddad,2024-03-13 14:25:00,,,,,,,,,,6482,,,,
700234,100407,Customer Management,100253,Wellness Check-In,Final,N,Y,Resolved the outstanding question about scope.,100699,Aisha Reyes,N,,1.4,5.0,100031,Y,3.2,How is communication with your team?,Some concerns about turnaround time.,9.6,2.9,Delta,N,9.8,4.2,3.7,4.8,7.5,8.8,3.3,,,Y,,100178,Marco Haddad,2026-01-26 06:48:00,aisha.sloan@demomail.test,Elena Ashby,2024-09-28 11:10:00,alex.reyes@demomail.test,,,,Sofia Larsson,riley.nguyen@demomail.test,Alex Larsson,aisha.haddad@sampleco.test,Alex Mensah,Gamma,100014,Y,Alpha,aisha.kim@acme-fake.test,Elena Reyes,N,5104,3583,8928,8457,Y,,,,,Scheduled a check-in for the coming month.,,arjun.sloan@sampleco.test,,Followed up on the open items from last week.,marco.ivanov@sampleco.test,jordan.sato@acme-fake.test,Y,,,Beta,Gamma,,,,,2023-04-29 21:44:00,7220,5844,Gamma,Other,Standard,Standard,9554,6699,3224,7300,6255,Other,Casey Calder,Chen Patel,2024-02-14 03:30:00,,,Gamma,,,,,,,,,,,
700235,100355,Resource Care,100256,Customer Success Check-In,Final,N,N,Aligned on billing and renewal terms.,100330,Chen Rossi,N,,1.1,3.0,100182,Y,4.2,How likely are you to continue the engagement?,Some concerns about turnaround time.,9.9,4.9,Beta,N,6.3,6.3,3.6,5.6,4.2,8.3,8.6,,,Y,,100779,Quinn Mensah,2024-10-20 19:29:00,casey.costa@sampleco.test,,2023-12-02 10:05:00,diego.reyes@demomail.test,,,,,casey.ivanov@sampleco.test,Quinn Sato,casey.brooks@examplecorp.test,Liam Okafor,Delta,100401,N,Alpha,liam.whitfield@sampleco.test,Aisha Brooks,Y,1645,5116,6473,4665,Y,,,Standard,,Noted a concern to revisit at the next sync.,,nina.nguyen@examplecorp.test,,Resolved the outstanding question about scope.,quinn.sloan@acme-fake.test,yara.ford@sampleco.test,N,Standard,,,,,,Delta,,2023-10-26 22:27:00,9493,1238,Beta,Delta,Gamma,Beta,7734,9501,2275,9741,9597,Alpha,Marco Ashby,Mei Calder,2026-02-08 15:54:00,,7931,,,,,,,,,,,,
700236,100784,Customer Management,100169,Wellness Check-In,Final,N,N,Scheduled a check-in for the coming month.,100768,Jordan Costa,N,,6.3,4.8,100231,N,1.5,Any concerns we should address?,"Going well, minor tweaks needed.",6.7,6.5,Standard,Y,7.5,9.2,1.1,8.9,9.4,9.9,4.1,,,N,,100765,Rowan Vance,2025-09-10 17:40:00,jordan.garcia@demomail.test,,2025-09-05 14:54:00,elena.sato@acme-fake.test,,,,,taylor.sato@examplecorp.test,Avery Silva,emerson.garcia@demomail.test,Noah Calder,Standard,100643,Y,Gamma,aisha.sloan@demomail.test,Chen Sloan,N,4899,9213,7963,422,N,,,Gamma,,Aligned on billing and renewal terms.,,morgan.ford@examplecorp.test,,Followed up on the open items from last week.,rowan.haddad@examplecorp.test,sofia.mercer@sampleco.test,Y,,,,,,,,,2024-12-03 21:12:00,1923,3608,Beta,Delta,Standard,Delta,4885,4202,859,2892,8292,Other,Elena Nguyen,Rowan Whitfield,2023-05-16 10:34:00,,,,,,,,,,,3327,Alpha,,
700237,100467,Customer Management,100779,Customer Success Check-In,Final,N,Y,Followed up on the open items from last week.,100568,Chen Ashby,N,,2.3,1.8,100776,N,7.2,Any concerns we should address?,Happy with the progress.,8.8,4.7,Delta,Y,7.3,8.1,2.8,2.9,9.8,1.2,8.5,,,N,,100244,Rahul Mercer,2026-07-01 16:29:00,emerson.ford@demomail.test,,2024-04-02 02:01:00,marco.larsson@acme-fake.test,,,,Yara Mercer,sofia.patel@examplecorp.test,Morgan Patel,mei.vance@examplecorp.test,Jordan Cohen,Other,100765,N,Beta,arjun.garcia@acme-fake.test,Liam Ivanov,N,7260,1342,2281,1335,N,,,,,Scheduled a check-in for the coming month.,,alex.dorsey@demomail.test,,Scheduled a check-in for the coming month.,omar.cohen@sampleco.test,chen.ford@acme-fake.test,Y,,Scheduled a check-in for the coming month.,,,,Nina Haddad,,,2024-06-24 11:36:00,4782,5649,Alpha,Delta,Delta,Beta,7621,9782,2379,9576,3337,Standard,Emerson Blake,Casey Kim,2025-06-24 15:10:00,,,,,,,,,,,,,,
700238,100317,Customer Management,100128,Quarterly Review,Final,N,Y,Discussed timeline and next steps with the account.,100638,Jordan Rossi,N,,7.0,7.8,100047,N,9.5,How satisfied are you with the service?,"Neutral, watching closely.",4.4,4.2,Standard,Y,4.2,9.7,2.0,3.9,1.8,4.7,6.3,,,N,,100086,Taylor Silva,2025-02-28 12:44:00,sofia.okafor@examplecorp.test,,2023-08-30 14:33:00,rahul.mercer@acme-fake.test,,,,,aisha.silva@demomail.test,Marco Sato,yara.whitfield@sampleco.test,Chen Costa,Standard,100702,N,Beta,rowan.whitfield@demomail.test,Aisha Larsson,N,1358,7452,9464,4772,N,,,,,Scheduled a check-in for the coming month.,,morgan.costa@acme-fake.test,,Discussed timeline and next steps with the account.,skyler.costa@acme-fake.test,sofia.sloan@examplecorp.test,Y,Standard,,,,Beta,,,Gamma,2025-04-08 03:47:00,6164,6521,Alpha,Beta,Standard,Other,4677,2970,7984,1105,5695,Gamma,Priya Whitfield,Priya Cohen,2026-04-17 19:03:00,,,,,,,,,,,,,,
700239,100490,Resource Care,100298,Wellness Check-In,Final,Y,Y,Noted a concern to revisit at the next sync.,100383,Morgan Mensah,N,,9.7,1.8,100142,N,8.4,Are deliverables meeting expectations?,Some concerns about turnaround time.,9.5,2.5,Gamma,N,2.6,3.0,3.4,2.0,3.1,8.9,9.7,,,Y,,100330,Aisha Vance,2025-06-06 20:49:00,jordan.costa@demomail.test,,2023-02-20 22:37:00,diego.whitfield@acme-fake.test,,,,Aisha Mercer,rowan.whitfield@sampleco.test,Alex Sloan,jamie.mercer@sampleco.test,Elena Dorsey,Other,100125,N,Other,liam.kim@examplecorp.test,Liam Blake,Y,7341,8725,6648,1212,Y,,,,,Discussed timeline and next steps with the account.,,nina.cohen@sampleco.test,,Aligned on billing and renewal terms.,drew.calder@examplecorp.test,jordan.silva@examplecorp.test,N,,,,,,,,Beta,2022-12-25 06:47:00,2052,4667,Other,Gamma,Gamma,Delta,6790,3593,5121,8966,6270,Delta,Fatima Sato,Drew Garcia,2024-07-31 21:11:00,,,,,,,,,,,,,,
700240,100217,Customer Management,100747,Customer Success Check-In,Final,N,N,Followed up on the open items from last week.,100153,Diego Patel,N,,4.7,2.1,100672,Y,7.1,How likely are you to continue the engagement?,"Neutral, watching closely.",3.9,3.9,Standard,Y,5.7,5.0,3.2,1.2,7.5,6.8,9.8,,,N,,100429,Omar Ashby,2025-05-30 20:57:00,emerson.ivanov@sampleco.test,,2025-01-09 07:03:00,avery.brooks@demomail.test,Sofia Ford,,Alpha,,casey.haddad@examplecorp.test,Avery Costa,sofia.whitfield@acme-fake.test,Liam Garcia,Alpha,100421,N,Alpha,arjun.garcia@demomail.test,Diego Mensah,Y,7936,3473,6855,1822,Y,,,,,Discussed timeline and next steps with the account.,,yara.mercer@demomail.test,,Resolved the outstanding question about scope.,arjun.mercer@demomail.test,omar.calder@acme-fake.test,N,Standard,,Delta,,,,,,2023-01-26 12:07:00,7656,7314,Standard,Delta,Delta,Other,1614,4992,6344,600,2633,Beta,Jamie Ford,Rowan Blake,2025-10-21 20:56:00,,1873,,,,,,,4089,,,,,
700241,100177,Resource Care,100092,Customer Success Check-In,Final,Y,Y,Noted a concern to revisit at the next sync.,100250,Nina Costa,Y,,9.2,6.8,100382,Y,4.2,Are deliverables meeting expectations?,Some concerns about turnaround time.,5.0,7.5,Delta,N,2.1,5.7,8.8,7.0,6.0,8.8,1.3,,,Y,,100071,Noah Cohen,2022-12-19 01:58:00,marco.blake@examplecorp.test,,2026-04-14 15:35:00,liam.silva@demomail.test,,,,,fatima.nguyen@examplecorp.test,Noah Calder,yara.haddad@examplecorp.test,Liam Garcia,Delta,100065,N,Delta,priya.okafor@acme-fake.test,Fatima Mercer,N,5423,7992,5244,5818,N,,Delta,,,Followed up on the open items from last week.,,quinn.rossi@acme-fake.test,,Resolved the outstanding question about scope.,emerson.okafor@demomail.test,taylor.larsson@demomail.test,N,,,,,,,,,2026-02-18 15:39:00,7322,8930,Beta,Delta,Gamma,Beta,1295,6745,5566,8173,6540,Gamma,Priya Sato,Avery Costa,2025-08-09 09:33:00,,,,,,,,,,,,,,
700242,100309,Customer Management,100528,Wellness Check-In,Final,Y,N,Discussed timeline and next steps with the account.,100576,Sofia Dorsey,N,,3.2,7.8,100751,Y,1.2,How likely are you to continue the engagement?,Very satisfied overall.,1.4,6.3,Other,Y,1.8,5.3,9.8,3.2,4.1,4.7,3.6,,,N,,100765,Quinn Silva,2024-10-04 17:03:00,noah.patel@demomail.test,,2025-10-10 22:06:00,diego.larsson@sampleco.test,,,,Riley Ivanov,rowan.okafor@examplecorp.test,Fatima Haddad,morgan.nguyen@sampleco.test,Omar Costa,Standard,100125,Y,Alpha,aisha.reyes@demomail.test,Emerson Nguyen,N,4485,7177,3590,1285,N,,,,,Shared the updated proposal for review.,,arjun.sloan@acme-fake.test,,Reviewed performance and gathered feedback.,priya.haddad@examplecorp.test,elena.costa@examplecorp.test,Y,,,,,,,,,2023-10-15 04:54:00,382,5671,Gamma,Beta,Standard,Gamma,4143,4209,6112,4692,8949,Alpha,Jordan Reyes,Sofia Mercer,2024-06-21 08:19:00,,,,,,,,,,,,,,
700243,100322,Resource Care,100420,Customer Success Check-In,Draft,Y,Y,Followed up on the open items from last week.,100098,Skyler Mensah,N,,6.5,7.5,100339,N,9.0,How satisfied are you with the service?,Very satisfied overall.,8.5,6.7,Alpha,Y,1.7,5.9,8.5,9.5,6.6,1.6,9.4,,,N,,100751,Liam Calder,2024-12-06 03:47:00,emerson.silva@acme-fake.test,,2023-05-04 16:02:00,rowan.ivanov@examplecorp.test,,,,,quinn.reyes@demomail.test,Morgan Ford,yara.calder@sampleco.test,Drew Dorsey,Other,100026,N,Alpha,jamie.sato@acme-fake.test,Omar Dorsey,Y,304,2750,7830,5792,N,,,,,Resolved the outstanding question about scope.,,noah.silva@demomail.test,,Shared the updated proposal for review.,chen.nguyen@sampleco.test,elena.blake@sampleco.test,Y,,Shared the updated proposal for review.,,Standard,,,Gamma,,2023-02-10 06:14:00,7001,4296,Gamma,Other,Standard,Gamma,6888,2329,3681,356,9195,Alpha,Marco Mercer,Fatima Patel,2024-10-10 03:23:00,,,,,,,,,,,,,,
700244,100765,Resource Care,100599,Wellness Check-In,Final,Y,Y,Reviewed performance and gathered feedback.,100117,Rahul Cohen,N,,1.0,6.9,100739,Y,3.5,Any concerns we should address?,"Going well, minor tweaks needed.",6.3,5.3,Standard,Y,3.8,9.0,3.2,5.3,2.1,7.1,3.1,,,N,,100490,Skyler Sato,2025-08-05 02:31:00,aisha.larsson@examplecorp.test,,2025-07-26 12:09:00,taylor.calder@acme-fake.test,,,,Alex Ashby,arjun.mercer@demomail.test,Aisha Calder,priya.nguyen@demomail.test,Avery Ashby,Alpha,100271,N,Alpha,emerson.brooks@examplecorp.test,Taylor Calder,Y,1853,9202,2986,8599,Y,,,,,Scheduled a check-in for the coming month.,,riley.patel@examplecorp.test,,Reviewed performance and gathered feedback.,casey.ford@examplecorp.test,riley.sloan@acme-fake.test,N,Delta,Shared the updated proposal for review.,,,,,,Beta,2024-07-09 11:48:00,6260,7826,Standard,Alpha,Delta,Alpha,6863,865,3999,8823,5582,Alpha,Rowan Whitfield,Liam Whitfield,2024-09-16 11:22:00,,,,,,,,,,,,,,
700245,100525,Resource Care,100269,Wellness Check-In,Draft,Y,Y,Noted a concern to revisit at the next sync.,100079,Fatima Silva,N,,8.7,6.2,100079,Y,8.4,Are deliverables meeting expectations?,"Going well, minor tweaks needed.",6.3,9.3,Gamma,N,8.3,2.1,4.3,9.0,1.3,7.3,3.1,,,N,,100336,Priya Mensah,2024-08-03 11:57:00,diego.calder@examplecorp.test,,2025-03-14 22:17:00,yara.rossi@demomail.test,Fatima Whitfield,,,,alex.sato@examplecorp.test,Jordan Reyes,rowan.whitfield@acme-fake.test,Rahul Calder,Gamma,100658,Y,Alpha,skyler.calder@examplecorp.test,Rahul Cohen,N,149,3467,350,6908,N,,,,,Followed up on the open items from last week.,,noah.ashby@sampleco.test,,Aligned on billing and renewal terms.,chen.mercer@examplecorp.test,reese.cohen@sampleco.test,N,Delta,Reviewed performance and gathered feedback.,,,,,,Delta,2026-01-18 20:32:00,6620,9955,Standard,Delta,Alpha,Alpha,1539,5146,3522,8216,1192,Delta,Avery Ford,Drew Kim,2024-08-29 04:55:00,,,,,,,,612,,,,,,
700246,100349,Resource Care,100561,Wellness Check-In,Final,N,N,Discussed timeline and next steps with the account.,100689,Arjun Rossi,Y,,3.3,7.1,100672,N,8.1,How is communication with your team?,Exceeding expectations.,5.7,6.5,Beta,Y,8.4,7.2,8.8,5.6,5.3,8.0,8.3,,,Y,,100157,Omar Kim,2024-01-25 08:29:00,emerson.kim@demomail.test,,2022-12-31 13:17:00,yara.blake@examplecorp.test,,,,,rowan.larsson@examplecorp.test,Sofia Mercer,jordan.rossi@examplecorp.test,Skyler Garcia,Beta,100415,Y,Standard,elena.patel@acme-fake.test,Morgan Ashby,Y,4121,7813,1745,2403,Y,,,,,Noted a concern to revisit at the next sync.,Avery Sato,reese.garcia@acme-fake.test,,Reviewed performance and gathered feedback.,emerson.mercer@demomail.test,arjun.cohen@examplecorp.test,Y,,,,,,Elena Ivanov,,,2025-12-31 17:46:00,8149,2491,Beta,Gamma,Beta,Delta,3576,9737,2031,9918,1982,Delta,Priya Calder,Jordan Cohen,2023-03-09 09:21:00,,,,,,,,,,,,,,Rahul Blake
700247,100724,Customer Management,100188,Customer Success Check-In,Final,N,Y,Noted a concern to revisit at the next sync.,100371,Jamie Mercer,Y,,2.0,8.1,100449,N,6.8,Are deliverables meeting expectations?,Very satisfied overall.,5.6,6.8,Alpha,Y,6.9,1.5,1.0,6.0,6.4,7.3,7.6,,,N,,100256,Arjun Haddad,2024-08-24 21:34:00,jordan.reyes@demomail.test,,2024-04-15 21:18:00,jordan.mercer@demomail.test,,,,,noah.brooks@demomail.test,Riley Nguyen,taylor.blake@demomail.test,Fatima Silva,Alpha,100120,Y,Delta,casey.dorsey@demomail.test,Avery Garcia,N,3012,8507,6868,7806,Y,,,,,Noted a concern to revisit at the next sync.,,casey.mensah@examplecorp.test,,Aligned on billing and renewal terms.,mei.larsson@sampleco.test,aisha.brooks@sampleco.test,Y,Delta,,,,Beta,,,Standard,2024-08-15 08:37:00,4093,4046,Alpha,Other,Delta,Alpha,5238,6810,6280,9816,4284,Beta,Yara Kim,Drew Vance,2025-05-09 15:10:00,,,,,,,,,,,,,,
700248,100550,Resource Care,100439,Wellness Check-In,Final,Y,Y,Noted a concern to revisit at the next sync.,100466,Omar Blake,Y,,3.4,4.0,100535,Y,3.0,How is communication with your team?,"Going well, minor tweaks needed.",4.0,7.4,Gamma,Y,5.2,8.5,6.2,1.6,4.5,9.5,5.3,,,N,,100498,Morgan Blake,2026-07-03 09:59:00,rowan.okafor@demomail.test,,2023-02-06 10:46:00,morgan.vance@examplecorp.test,,,,,emerson.cohen@acme-fake.test,Priya Ford,rahul.sloan@acme-fake.test,Emerson Patel,Standard,100578,N,Other,rahul.mercer@demomail.test,Skyler Silva,Y,7479,3099,3209,5230,N,,,,,Discussed timeline and next steps with the account.,,skyler.okafor@examplecorp.test,,Aligned on billing and renewal terms.,arjun.haddad@sampleco.test,rowan.ashby@demomail.test,Y,,Discussed timeline and next steps with the account.,,,Delta,Noah Nguyen,,,2023-01-03 21:18:00,8971,1988,Standard,Other,Alpha,Delta,7439,238,8411,1235,8212,Delta,Rahul Nguyen,Priya Cohen,2023-12-19 14:17:00,,,,,,,,,,,,,,
700249,100053,Resource Care,100750,Wellness Check-In,Final,Y,Y,Discussed timeline and next steps with the account.,100152,Taylor Calder,Y,,2.5,7.1,100550,Y,6.9,How likely are you to continue the engagement?,Very satisfied overall.,8.7,5.6,Gamma,Y,5.9,4.3,9.6,4.9,7.4,3.0,3.5,,,N,,100429,Nina Sloan,2024-07-14 19:31:00,priya.whitfield@demomail.test,,2024-11-02 14:00:00,nina.kim@sampleco.test,,,,,skyler.ashby@examplecorp.test,Rowan Patel,mei.larsson@examplecorp.test,Aisha Mensah,Beta,100096,Y,Alpha,riley.nguyen@demomail.test,Noah Patel,N,966,8195,7780,9205,N,,,,,Resolved the outstanding question about scope.,,rahul.garcia@examplecorp.test,,Shared the updated proposal for review.,reese.ford@examplecorp.test,alex.calder@acme-fake.test,N,,Discussed timeline and next steps with the account.,Beta,,,,Beta,,2023-03-01 09:11:00,6440,9599,Delta,Standard,Beta,Delta,1239,7843,170,5564,8754,Alpha,Jordan Calder,Elena Sloan,2024-12-06 22:20:00,,,,,,,,,,,,,,
700250,100231,Resource Care,100009,Customer Success Check-In,Final,N,N,Shared the updated proposal for review.,100350,Casey Vance,Y,,3.6,4.9,100210,Y,5.5,How likely are you to continue the engagement?,Some concerns about turnaround time.,5.5,7.5,Standard,N,9.6,1.2,5.2,1.3,1.4,4.4,7.6,,,Y,,100664,Emerson Sloan,2024-06-12 15:17:00,mei.kim@examplecorp.test,,2023-12-25 09:30:00,drew.cohen@acme-fake.test,,,,Elena Kim,reese.mensah@demomail.test,Reese Brooks,arjun.vance@demomail.test,Avery Ashby,Other,100046,N,Delta,avery.ford@acme-fake.test,Jamie Kim,N,5473,5401,8229,4132,N,Gamma,,,,Discussed timeline and next steps with the account.,,jordan.vance@sampleco.test,,Noted a concern to revisit at the next sync.,priya.kim@demomail.test,noah.ivanov@sampleco.test,Y,Alpha,Scheduled a check-in for the coming month.,,,,Arjun Nguyen,Alpha,,2025-09-16 06:12:00,8717,2497,Alpha,Standard,Standard,Beta,4280,7621,4039,595,291,Delta,Taylor Sloan,Omar Haddad,2023-03-22 22:21:00,,,,,,,,,,,,,,
700251,100244,Customer Management,100399,Quarterly Review,Final,N,N,Discussed timeline and next steps with the account.,100087,Casey Haddad,N,,5.3,6.5,100638,N,6.2,How satisfied are you with the service?,Exceeding expectations.,3.8,3.0,Standard,N,1.4,8.9,7.5,3.2,4.9,8.9,7.5,,,N,,100330,Nina Costa,2024-05-05 07:45:00,chen.mercer@demomail.test,,2023-12-27 07:53:00,chen.blake@sampleco.test,Marco Garcia,,,,fatima.whitfield@examplecorp.test,Morgan Ashby,fatima.ivanov@acme-fake.test,Sofia Ivanov,Delta,100233,Y,Gamma,rahul.sato@demomail.test,Morgan Kim,Y,246,5388,7983,9615,N,,,,,Scheduled a check-in for the coming month.,,aisha.silva@sampleco.test,,Followed up on the open items from last week.,reese.reyes@sampleco.test,nina.ivanov@examplecorp.test,N,Other,,Alpha,,Beta,Rahul Ashby,Delta,,2023-06-13 21:36:00,5764,4567,Alpha,Beta,Delta,Other,6792,4370,78,9818,5058,Other,Rowan Brooks,Elena Costa,2023-08-21 13:24:00,,,,,,,,,,,,,,
700252,100643,Resource Care,100421,Quarterly Review,Draft,Y,Y,Noted a concern to revisit at the next sync.,100028,Rahul Garcia,N,,1.6,9.8,100587,N,6.7,Any concerns we should address?,Exceeding expectations.,7.1,3.1,Beta,N,9.5,9.5,3.7,4.6,8.8,5.0,3.9,,,N,,100033,Rowan Calder,2026-06-16 09:53:00,jordan.ashby@sampleco.test,,2025-02-07 23:08:00,riley.rossi@demomail.test,,,,,casey.silva@acme-fake.test,Skyler Patel,reese.silva@demomail.test,Priya Mensah,Other,100298,N,Delta,avery.silva@examplecorp.test,Liam Ford,N,6583,3094,7376,4547,Y,,,,,Scheduled a check-in for the coming month.,,sofia.costa@sampleco.test,,Shared the updated proposal for review.,marco.kim@acme-fake.test,jordan.mensah@examplecorp.test,N,,,,,,,,,2024-11-26 07:54:00,415,5574,Beta,Delta,Delta,Gamma,6870,3332,1297,8891,6205,Standard,Avery Sloan,Omar Rossi,2023-02-28 19:22:00,,,,,,,,,,,,,,
700253,100200,Resource Care,100332,Quarterly Review,Final,N,Y,Discussed timeline and next steps with the account.,100215,Reese Patel,Y,,8.1,5.1,100635,Y,4.7,Are deliverables meeting expectations?,Happy with the progress.,2.1,8.2,Gamma,Y,9.8,9.3,2.8,6.9,7.5,7.9,5.0,,,Y,,100242,Jordan Larsson,2024-07-25 17:44:00,elena.calder@sampleco.test,,2025-09-02 13:10:00,morgan.dorsey@demomail.test,Reese Blake,,,,sofia.patel@examplecorp.test,Reese Okafor,yara.nguyen@sampleco.test,Liam Vance,Gamma,100094,N,Gamma,taylor.sato@examplecorp.test,Alex Whitfield,Y,7954,3427,3781,4136,N,,,,,Reviewed performance and gathered feedback.,,mei.nguyen@acme-fake.test,,Aligned on billing and renewal terms.,avery.okafor@demomail.test,casey.costa@sampleco.test,N,,,,,,,Other,,2023-10-04 02:06:00,2716,4690,Gamma,Standard,Beta,Other,9192,52,3948,7936,6504,Delta,Arjun Brooks,Morgan Dorsey,2024-11-27 20:24:00,,,,,,,,,,,,Beta,,
700254,100121,Customer Management,100169,Customer Success Check-In,Final,Y,N,Noted a concern to revisit at the next sync.,100514,Morgan Haddad,Y,,6.5,6.3,100053,N,1.1,Any concerns we should address?,"Neutral, watching closely.",8.7,7.2,Other,N,4.7,7.4,4.3,2.3,9.5,9.9,1.3,,,N,,100498,Diego Costa,2023-08-11 14:32:00,priya.larsson@demomail.test,,2024-04-22 00:07:00,aisha.mensah@demomail.test,,,,,rahul.whitfield@sampleco.test,Arjun Ivanov,omar.ivanov@sampleco.test,Chen Whitfield,Other,100493,N,Standard,emerson.costa@acme-fake.test,Rahul Garcia,N,86,7264,7026,2268,Y,,,,,Aligned on billing and renewal terms.,,jordan.ivanov@demomail.test,,Discussed timeline and next steps with the account.,alex.brooks@examplecorp.test,avery.rossi@demomail.test,Y,,Aligned on billing and renewal terms.,,,,,,,2024-08-23 23:21:00,3200,699,Beta,Beta,Beta,Delta,6474,9095,3422,7672,968,Beta,Noah Mensah,Casey Brooks,2023-02-15 14:16:00,,,,,,,,4045,,,9129,,,
700255,100317,Customer Management,100758,Customer Success Check-In,Final,N,N,Scheduled a check-in for the coming month.,100221,Liam Dorsey,N,,7.0,1.1,100487,N,7.3,Are deliverables meeting expectations?,"Neutral, watching closely.",3.2,2.1,Other,N,6.5,4.1,9.5,1.4,10.0,7.0,4.3,,,Y,,100210,Casey Reyes,2023-10-23 19:33:00,fatima.blake@acme-fake.test,,2024-09-02 11:21:00,elena.garcia@acme-fake.test,,,,,casey.rossi@demomail.test,Aisha Mercer,priya.ford@sampleco.test,Elena Ivanov,Other,100071,N,Alpha,morgan.cohen@demomail.test,Diego Ashby,N,2642,7031,1530,4301,Y,,,,,Resolved the outstanding question about scope.,,quinn.nguyen@acme-fake.test,,Aligned on billing and renewal terms.,reese.nguyen@acme-fake.test,rahul.mensah@sampleco.test,N,,Resolved the outstanding question about scope.,,,,,,,2025-10-25 04:12:00,406,2769,Gamma,Delta,Gamma,Other,4503,259,4029,3944,1901,Standard,Fatima Calder,Diego Sato,2025-12-01 22:07:00,,,,,,,,,,,,,,
700256,100145,Customer Management,100686,Wellness Check-In,Final,Y,Y,Resolved the outstanding question about scope.,100215,Arjun Ashby,N,,3.1,3.5,100208,N,6.6,Any concerns we should address?,Happy with the progress.,9.2,6.6,Other,N,6.3,8.2,5.3,7.4,5.1,1.1,6.3,,,N,,100700,Alex Mensah,2025-06-26 04:41:00,rowan.mercer@demomail.test,,2023-09-05 17:56:00,skyler.okafor@examplecorp.test,,,,Rowan Garcia,avery.larsson@demomail.test,Elena Costa,avery.garcia@examplecorp.test,Mei Mensah,Gamma,100689,N,Other,sofia.blake@sampleco.test,Sofia Sloan,N,776,2785,9063,7368,N,,,,,Discussed timeline and next steps with the account.,,noah.sloan@examplecorp.test,,Shared the updated proposal for review.,rowan.nguyen@acme-fake.test,taylor.patel@examplecorp.test,N,Delta,,,Alpha,Beta,Fatima Nguyen,,,2024-02-02 16:49:00,2707,1562,Gamma,Beta,Beta,Standard,2996,6867,7747,1913,5118,Standard,Quinn Nguyen,Morgan Mercer,2024-09-14 14:54:00,,,,,,,,,,,,,,
700257,100335,Resource Care,100156,Wellness Check-In,Final,Y,N,Aligned on billing and renewal terms.,100021,Priya Sato,N,,9.8,2.2,100415,N,3.4,How likely are you to continue the engagement?,Exceeding expectations.,3.2,1.8,Beta,Y,9.4,2.5,2.9,4.4,5.2,1.3,9.9,,,N,,100339,Drew Calder,2024-02-10 17:04:00,nina.mercer@acme-fake.test,,2026-04-18 16:49:00,mei.garcia@demomail.test,,,,Alex Vance,skyler.nguyen@demomail.test,Drew Okafor,reese.larsson@examplecorp.test,Rowan Ivanov,Standard,100727,Y,Beta,diego.mercer@demomail.test,Yara Blake,N,9187,7734,132,5329,N,,,,,Reviewed performance and gathered feedback.,,sofia.brooks@demomail.test,,Aligned on billing and renewal terms.,casey.ivanov@acme-fake.test,yara.mensah@sampleco.test,Y,,,,,,,Gamma,,2025-02-08 07:14:00,8676,5046,Other,Standard,Standard,Beta,6569,2690,4089,5802,914,Gamma,Rahul Kim,Sofia Haddad,2026-05-30 02:15:00,,,,,,,,,,,,,,
700258,100311,Resource Care,100038,Quarterly Review,Final,N,N,Shared the updated proposal for review.,100203,Aisha Reyes,N,,5.9,1.9,100624,Y,7.0,Are deliverables meeting expectations?,Some concerns about turnaround time.,7.9,5.9,Delta,N,9.5,3.0,5.4,1.5,4.2,9.3,8.1,,,Y,,100758,Skyler Garcia,2025-04-30 11:00:00,rowan.mensah@acme-fake.test,,2025-05-30 19:23:00,taylor.kim@acme-fake.test,Emerson Dorsey,,,,drew.okafor@demomail.test,Taylor Garcia,priya.blake@demomail.test,Morgan Rossi,Beta,100568,N,Other,marco.garcia@acme-fake.test,Avery Vance,Y,4125,1544,9004,7697,N,Alpha,,,,Resolved the outstanding question about scope.,Drew Sato,priya.nguyen@examplecorp.test,,Shared the updated proposal for review.,drew.dorsey@acme-fake.test,fatima.reyes@acme-fake.test,N,,,Delta,,,,Standard,,2026-03-21 14:57:00,9361,301,Standard,Standard,Delta,Alpha,5776,6751,127,817,4733,Gamma,Riley Rossi,Fatima Ashby,2023-07-15 03:01:00,,,,,,,,,,,,,,
700259,100371,Customer Management,100579,Quarterly Review,Final,N,N,Followed up on the open items from last week.,100696,Rowan Calder,Y,,3.1,3.0,100019,Y,1.3,How satisfied are you with the service?,"Neutral, watching closely.",8.6,2.7,Beta,Y,6.9,8.2,5.7,7.1,6.1,2.4,7.4,,,Y,,100158,Aisha Calder,2022-10-01 09:44:00,chen.cohen@acme-fake.test,,2022-12-25 08:33:00,emerson.blake@acme-fake.test,Alex Okafor,,Other,,reese.ashby@examplecorp.test,Fatima Rossi,alex.ford@sampleco.test,Marco Sato,Beta,100369,N,Alpha,omar.vance@sampleco.test,Mei Whitfield,Y,8490,9557,1192,4212,N,,,,,Shared the updated proposal for review.,,casey.nguyen@sampleco.test,,Resolved the outstanding question about scope.,liam.ford@examplecorp.test,quinn.mercer@sampleco.test,N,,,Standard,Alpha,,Arjun Patel,,,2024-02-26 23:56:00,9476,2693,Beta,Alpha,Other,Standard,4985,9482,539,9597,2080,Delta,Quinn Okafor,Fatima Sloan,2026-06-24 14:00:00,,,,,,,,,6617,,,,,
700260,100707,Resource Care,100152,Quarterly Review,Final,N,Y,Aligned on billing and renewal terms.,100741,Quinn Cohen,N,,7.8,2.6,100244,Y,1.1,How is communication with your team?,Exceeding expectations.,8.1,4.6,Alpha,N,2.2,8.4,9.3,7.4,6.3,9.4,2.5,,,N,,100214,Jamie Garcia,2025-11-07 20:38:00,nina.sloan@sampleco.test,,2025-12-19 12:30:00,yara.ford@demomail.test,Omar Silva,,,Mei Haddad,elena.sato@sampleco.test,Marco Ivanov,arjun.vance@sampleco.test,Nina Haddad,Gamma,100357,N,Other,rahul.whitfield@examplecorp.test,Jordan Cohen,N,5052,2947,5909,644,N,,,,,Noted a concern to revisit at the next sync.,,taylor.brooks@examplecorp.test,,Reviewed performance and gathered feedback.,reese.ivanov@acme-fake.test,sofia.kim@sampleco.test,Y,Delta,,,,Other,,Delta,,2024-04-02 04:42:00,9506,3889,Standard,Alpha,Other,Other,248,4206,1408,2610,4124,Delta,Quinn Calder,Rowan Costa,2022-11-29 00:22:00,,,,,,,,,,,,,,
700261,100221,Customer Management,100115,Customer Success Check-In,Final,N,N,Aligned on billing and renewal terms.,100566,Priya Nguyen,Y,,7.5,1.3,100697,Y,8.8,Any concerns we should address?,Happy with the progress.,2.6,2.2,Standard,Y,9.1,6.3,8.2,4.8,8.8,4.7,3.7,,,Y,,100429,Omar Larsson,2023-09-17 06:15:00,aisha.cohen@examplecorp.test,,2025-09-03 05:52:00,diego.sato@acme-fake.test,,,,,taylor.ashby@acme-fake.test,Noah Sloan,jamie.ivanov@examplecorp.test,Aisha Mensah,Standard,100040,N,Gamma,skyler.dorsey@examplecorp.test,Rowan Ashby,N,8498,9989,3899,5706,N,,,,,Noted a concern to revisit at the next sync.,,chen.garcia@examplecorp.test,,Noted a concern to revisit at the next sync.,quinn.sato@examplecorp.test,nina.blake@sampleco.test,N,,,,,,,,,2025-08-30 03:38:00,3752,1109,Other,Standard,Delta,Standard,4035,8306,8328,2101,1974,Beta,Alex Reyes,Chen Whitfield,2022-12-22 14:05:00,,,Beta,,,,,,,,,,,
700262,100713,Resource Care,100393,Quarterly Review,Final,Y,Y,Discussed timeline and next steps with the account.,100247,Reese Cohen,N,,1.8,5.4,100400,Y,4.4,Are deliverables meeting expectations?,Some concerns about turnaround time.,6.4,5.8,Other,Y,2.7,5.4,5.1,2.2,8.3,6.6,5.6,,,Y,,100460,Sofia Nguyen,2026-06-13 18:01:00,reese.sloan@sampleco.test,,2022-12-12 11:25:00,jordan.cohen@acme-fake.test,,,,Riley Calder,mei.nguyen@acme-fake.test,Noah Okafor,reese.sloan@demomail.test,Jamie Whitfield,Other,100250,Y,Other,sofia.sloan@acme-fake.test,Avery Ivanov,Y,481,8732,4816,5097,Y,,,,,Resolved the outstanding question about scope.,,fatima.mercer@sampleco.test,,Noted a concern to revisit at the next sync.,rowan.kim@acme-fake.test,mei.costa@demomail.test,N,,Discussed timeline and next steps with the account.,,Delta,Delta,,Beta,,2024-11-01 20:39:00,3393,8673,Gamma,Alpha,Beta,Delta,8635,6154,6081,2367,3589,Alpha,Yara Blake,Elena Nguyen,2025-05-11 02:50:00,,,,,,,,,,,,,,
700263,100465,Customer Management,100643,Customer Success Check-In,Final,Y,N,Followed up on the open items from last week.,100507,Morgan Ashby,N,,8.5,4.0,100429,Y,9.8,Any concerns we should address?,Exceeding expectations.,8.2,8.2,Other,Y,8.3,8.9,5.9,2.0,1.8,3.8,1.3,,,Y,,100082,Morgan Costa,2025-11-15 23:32:00,taylor.dorsey@demomail.test,,2024-01-21 12:14:00,jamie.ivanov@acme-fake.test,,,,,omar.sloan@demomail.test,Sofia Sloan,mei.silva@sampleco.test,Yara Ashby,Other,100529,N,Other,omar.ashby@sampleco.test,Nina Mensah,N,5806,4224,9799,7540,Y,,,,,Aligned on billing and renewal terms.,,fatima.cohen@examplecorp.test,,Discussed timeline and next steps with the account.,riley.haddad@examplecorp.test,nina.haddad@acme-fake.test,Y,,,Other,Beta,,Arjun Garcia,,,2024-12-27 01:55:00,5438,5568,Alpha,Delta,Other,Gamma,8859,6725,4378,952,7400,Beta,Rowan Cohen,Quinn Garcia,2023-09-03 21:13:00,,,,,,,,,,,,,,
700264,100350,Resource Care,100787,Wellness Check-In,Final,N,N,Discussed timeline and next steps with the account.,100345,Taylor Silva,N,,5.1,4.2,100009,Y,2.3,How likely are you to continue the engagement?,"Going well, minor tweaks needed.",7.7,9.0,Standard,N,1.8,9.2,3.2,1.8,4.2,6.5,2.3,,,N,,100271,Alex Whitfield,2024-08-13 08:26:00,yara.haddad@demomail.test,Priya Brooks,2026-06-10 01:09:00,fatima.larsson@acme-fake.test,,,,,sofia.nguyen@sampleco.test,Riley Nguyen,quinn.sato@examplecorp.test,Avery Patel,Standard,100496,Y,Delta,chen.nguyen@acme-fake.test,Chen Costa,Y,3733,8151,9835,5459,N,,,,,Resolved the outstanding question about scope.,,riley.vance@sampleco.test,,Resolved the outstanding question about scope.,arjun.blake@examplecorp.test,drew.reyes@demomail.test,Y,,Reviewed performance and gathered feedback.,,,,Fatima Rossi,Standard,,2026-01-13 22:49:00,4124,4255,Beta,Standard,Standard,Other,8512,6720,6271,3755,9954,Alpha,Arjun Blake,Alex Ashby,2024-12-07 16:20:00,,,,,,,,,,,,,,
700265,100325,Resource Care,100094,Wellness Check-In,Final,N,N,Reviewed performance and gathered feedback.,100420,Quinn Haddad,Y,,5.1,3.4,100405,N,9.4,Any concerns we should address?,Happy with the progress.,3.5,5.5,Standard,N,1.1,5.4,8.3,9.9,9.8,3.4,2.0,,,Y,,100421,Rowan Calder,2022-11-15 17:27:00,jamie.calder@demomail.test,,2024-11-22 02:32:00,morgan.blake@sampleco.test,Chen Dorsey,,,,jordan.sato@examplecorp.test,Elena Ivanov,casey.sato@sampleco.test,Diego Patel,Delta,100016,Y,Gamma,fatima.reyes@examplecorp.test,Fatima Mercer,N,4253,3805,2271,803,N,,,,,Resolved the outstanding question about scope.,,jordan.patel@examplecorp.test,,Noted a concern to revisit at the next sync.,emerson.rossi@examplecorp.test,emerson.reyes@demomail.test,N,,Resolved the outstanding question about scope.,Gamma,,,,,,2025-09-27 08:31:00,3621,7049,Gamma,Alpha,Delta,Other,4845,386,4667,6453,8630,Alpha,Riley Mercer,Skyler Ashby,2025-05-13 09:34:00,,,,,,,,,,,,,,
700266,100098,Resource Care,100448,Quarterly Review,Final,Y,Y,Reviewed performance and gathered feedback.,100448,Aisha Silva,Y,,7.1,2.2,100053,N,2.3,How is communication with your team?,Happy with the progress.,7.8,5.4,Alpha,N,9.8,1.0,1.1,5.8,3.3,8.6,3.7,,,N,,100134,Priya Nguyen,2026-05-15 04:17:00,chen.mercer@sampleco.test,,2025-07-01 05:54:00,rahul.nguyen@demomail.test,Elena Ashby,,,,riley.ivanov@examplecorp.test,Omar Cohen,rowan.mensah@sampleco.test,Reese Whitfield,Standard,100587,N,Delta,sofia.sloan@acme-fake.test,Drew Larsson,Y,1043,1377,3827,5967,Y,,,,,Discussed timeline and next steps with the account.,,marco.vance@demomail.test,,Scheduled a check-in for the coming month.,nina.ford@acme-fake.test,liam.whitfield@acme-fake.test,N,,Resolved the outstanding question about scope.,,Other,Alpha,,Other,,2025-09-06 23:20:00,6908,6180,Other,Other,Standard,Standard,1362,3811,5361,2171,3341,Alpha,Drew Silva,Mei Okafor,2026-01-21 06:03:00,,,,,,,,,,,,,,
700267,100029,Resource Care,100399,Customer Success Check-In,Final,N,N,Scheduled a check-in for the coming month.,100204,Quinn Whitfield,Y,,8.7,2.4,100309,N,6.0,Any concerns we should address?,Happy with the progress.,1.1,6.0,Beta,N,2.0,7.3,7.9,1.1,5.2,2.6,5.2,,,N,,100273,Diego Reyes,2024-12-30 10:15:00,chen.calder@acme-fake.test,,2023-09-16 01:57:00,alex.okafor@examplecorp.test,,,,,quinn.vance@sampleco.test,Rahul Blake,casey.brooks@demomail.test,Casey Patel,Other,100087,Y,Delta,liam.costa@demomail.test,Liam Blake,Y,6664,1971,5087,211,Y,,,,,Followed up on the open items from last week.,,marco.sato@examplecorp.test,,Followed up on the open items from last week.,alex.ford@acme-fake.test,fatima.vance@acme-fake.test,Y,,,Other,,,,,,2022-11-17 20:12:00,8964,9002,Standard,Delta,Beta,Other,7616,1218,2298,8570,6808,Other,Emerson Ivanov,Liam Ford,2025-06-25 14:47:00,,,,,,,,,,,,,,
700268,100473,Resource Care,100157,Customer Success Check-In,Final,N,N,Shared the updated proposal for review.,100123,Morgan Silva,Y,,7.1,2.5,100077,Y,9.2,Any concerns we should address?,"Neutral, watching closely.",2.1,1.8,Other,N,8.4,1.6,7.3,6.5,8.3,1.4,2.2,,,Y,,100493,Taylor Whitfield,2025-06-21 17:26:00,alex.reyes@acme-fake.test,,2023-09-09 17:08:00,marco.ford@examplecorp.test,,,,Emerson Haddad,drew.blake@demomail.test,Nina Larsson,fatima.sloan@demomail.test,Emerson Costa,Beta,100652,N,Standard,rowan.vance@acme-fake.test,Liam Costa,Y,2670,5108,894,492,N,,,,,Aligned on billing and renewal terms.,,arjun.rossi@examplecorp.test,,Noted a concern to revisit at the next sync.,reese.patel@examplecorp.test,casey.ford@sampleco.test,N,,,,,,Noah Sloan,,,2025-03-30 10:04:00,305,3330,Standard,Alpha,Other,Alpha,1335,4513,9943,2877,4938,Gamma,Sofia Cohen,Jordan Garcia,2025-02-03 19:43:00,,1275,,,,,,,,,,,,
700269,100787,Customer Management,100522,Quarterly Review,Draft,N,Y,Noted a concern to revisit at the next sync.,100050,Priya Kim,N,,3.5,1.6,100325,N,8.1,Any concerns we should address?,Exceeding expectations.,3.3,1.5,Gamma,N,9.3,9.7,2.9,2.5,3.1,2.9,2.6,,,Y,,100021,Liam Nguyen,2024-11-08 17:51:00,avery.blake@sampleco.test,,2026-01-22 17:12:00,reese.calder@acme-fake.test,Yara Sato,,,Liam Cohen,omar.cohen@sampleco.test,Sofia Mercer,taylor.dorsey@acme-fake.test,Nina Calder,Gamma,100158,N,Other,arjun.nguyen@acme-fake.test,Skyler Sato,Y,6645,8405,3151,1504,Y,,,,,Aligned on billing and renewal terms.,,taylor.sloan@sampleco.test,,Resolved the outstanding question about scope.,jordan.sato@acme-fake.test,chen.dorsey@examplecorp.test,Y,,,,,,,,,2025-04-27 05:47:00,9749,6066,Standard,Other,Other,Other,2252,1982,6301,2441,1340,Standard,Drew Patel,Rahul Sato,2026-01-09 07:36:00,,,,,Standard,,,,,,,,,
700270,100639,Customer Management,100472,Quarterly Review,Final,Y,Y,Discussed timeline and next steps with the account.,100137,Mei Larsson,Y,,5.5,6.2,100201,Y,7.9,How is communication with your team?,Exceeding expectations.,2.6,2.5,Alpha,N,7.7,5.2,2.6,9.1,9.2,8.9,3.4,,,N,,100578,Jordan Whitfield,2025-07-10 05:00:00,quinn.reyes@acme-fake.test,,2024-07-15 06:25:00,omar.haddad@demomail.test,,,,Avery Patel,jamie.kim@acme-fake.test,Casey Mensah,mei.silva@demomail.test,Fatima Okafor,Other,100071,Y,Other,emerson.cohen@examplecorp.test,Jordan Ashby,N,8220,1614,8870,6081,Y,,,,,Noted a concern to revisit at the next sync.,,yara.whitfield@examplecorp.test,,Noted a concern to revisit at the next sync.,diego.rossi@sampleco.test,morgan.calder@acme-fake.test,N,Gamma,,,,,,,,2022-11-22 20:30:00,6943,796,Beta,Delta,Standard,Delta,994,896,8680,3721,3706,Alpha,Skyler Blake,Reese Costa,2024-06-19 20:40:00,,,,,,,,,,,,,,
700271,100566,Resource Care,100651,Quarterly Review,Final,Y,Y,Reviewed performance and gathered feedback.,100466,Priya Cohen,Y,,7.2,6.7,100484,Y,9.0,How is communication with your team?,Exceeding expectations.,7.9,7.7,Other,N,7.3,2.5,4.4,1.9,2.7,2.7,4.2,,,Y,,100352,Sofia Haddad,2025-09-27 12:40:00,noah.ivanov@demomail.test,,2023-02-13 07:18:00,yara.calder@acme-fake.test,,,Delta,,reese.cohen@sampleco.test,Rahul Sloan,priya.okafor@acme-fake.test,Elena Mercer,Gamma,100432,N,Standard,jordan.haddad@sampleco.test,Nina Mensah,N,2863,2604,308,8439,Y,,,,,Scheduled a check-in for the coming month.,,elena.okafor@sampleco.test,,Reviewed performance and gathered feedback.,noah.silva@demomail.test,priya.ford@sampleco.test,N,,Followed up on the open items from last week.,,,,,,,2026-03-22 13:46:00,3013,3075,Beta,Delta,Other,Gamma,9444,5536,6248,7645,2487,Standard,Quinn Garcia,Marco Brooks,2026-01-12 06:35:00,,,,,,,,,,,,,,
700272,100365,Customer Management,100096,Customer Success Check-In,Draft,Y,N,Discussed timeline and next steps with the account.,100735,Quinn Kim,N,,9.7,4.3,100540,N,1.9,How likely are you to continue the engagement?,Some concerns about turnaround time.,5.3,2.3,Delta,Y,7.4,3.4,6.5,9.4,2.0,3.6,6.9,,,Y,,100183,Rahul Blake,2025-08-21 00:20:00,noah.blake@examplecorp.test,,2023-03-31 12:26:00,alex.mensah@sampleco.test,Sofia Ford,,,,diego.costa@demomail.test,Noah Blake,skyler.sato@demomail.test,Alex Nguyen,Gamma,100559,N,Delta,jamie.haddad@demomail.test,Liam Silva,Y,1344,9667,8013,1417,Y,,,,,Followed up on the open items from last week.,Omar Costa,emerson.dorsey@acme-fake.test,,Shared the updated proposal for review.,jordan.cohen@acme-fake.test,fatima.blake@examplecorp.test,N,,,,,,Elena Mercer,,,2026-06-20 01:39:00,9368,4608,Delta,Gamma,Beta,Standard,9742,315,5121,5590,9530,Delta,Casey Mensah,Liam Brooks,2024-11-03 06:19:00,,,,,,,,,,,,,,
700273,100638,Resource Care,100774,Customer Success Check-In,Final,N,N,Scheduled a check-in for the coming month.,100509,Rowan Larsson,N,,3.2,4.5,100196,N,1.1,How likely are you to continue the engagement?,Some concerns about turnaround time.,4.4,2.6,Delta,N,9.6,1.9,7.4,3.0,2.4,1.4,1.1,,,N,,100587,Emerson Silva,2024-02-09 16:13:00,marco.nguyen@acme-fake.test,,2024-05-03 11:41:00,diego.okafor@acme-fake.test,,,Other,Nina Sato,drew.garcia@demomail.test,Fatima Reyes,casey.costa@acme-fake.test,Aisha Vance,Other,100606,Y,Other,riley.sloan@sampleco.test,Avery Mensah,N,1904,2536,2344,3023,N,,,,,Followed up on the open items from last week.,,elena.patel@examplecorp.test,,Followed up on the open items from last week.,mei.sato@sampleco.test,arjun.calder@sampleco.test,Y,Alpha,,,Standard,Delta,,,,2026-04-13 20:39:00,6044,7610,Gamma,Beta,Alpha,Delta,298,2515,9948,6433,8488,Standard,Rowan Larsson,Reese Silva,2024-02-14 17:54:00,3745,,,,,,,,,,,,,
700274,100033,Resource Care,100219,Wellness Check-In,Final,N,N,Followed up on the open items from last week.,100593,Sofia Vance,Y,,8.2,3.9,100561,Y,1.2,Any concerns we should address?,Some concerns about turnaround time.,1.8,7.4,Gamma,N,5.0,5.9,7.9,7.8,7.8,5.1,4.7,,,N,,100115,Yara Nguyen,2025-10-27 20:37:00,jordan.garcia@acme-fake.test,,2026-06-05 12:18:00,priya.blake@sampleco.test,,,,Rowan Ashby,marco.dorsey@demomail.test,Aisha Nguyen,marco.garcia@acme-fake.test,Chen Nguyen,Gamma,100305,Y,Standard,jamie.okafor@demomail.test,Mei Sloan,Y,1974,7620,5379,1825,Y,,,,,Aligned on billing and renewal terms.,,aisha.mensah@demomail.test,,Discussed timeline and next steps with the account.,marco.kim@examplecorp.test,emerson.blake@acme-fake.test,N,Standard,Shared the updated proposal for review.,,,,,Gamma,,2025-02-12 23:33:00,9344,3379,Standard,Alpha,Beta,Beta,1256,4041,6747,1809,1958,Other,Skyler Blake,Nina Ivanov,2026-03-15 23:13:00,,,,,,,,,,,,,,
700275,100449,Customer Management,100741,Wellness Check-In,Final,Y,Y,Resolved the outstanding question about scope.,100590,Diego Ford,N,,2.5,7.0,100169,N,9.8,How is communication with your team?,"Going well, minor tweaks needed.",3.6,8.6,Beta,Y,9.3,4.2,1.1,6.6,1.6,1.9,8.8,,,N,,100169,Chen Patel,2023-03-06 17:58:00,fatima.sloan@acme-fake.test,,2026-02-25 02:27:00,nina.dorsey@sampleco.test,Diego Patel,,,,jordan.whitfield@demomail.test,Riley Garcia,skyler.kim@acme-fake.test,Jamie Reyes,Standard,100100,Y,Other,jordan.reyes@acme-fake.test,Sofia Patel,Y,9742,1807,8261,767,Y,,,,,Noted a concern to revisit at the next sync.,,jamie.costa@demomail.test,,Noted a concern to revisit at the next sync.,jordan.vance@examplecorp.test,priya.garcia@sampleco.test,Y,,,,Other,,,,,2025-12-06 10:11:00,1845,2767,Standard,Gamma,Alpha,Gamma,4074,1615,3783,8657,6274,Gamma,Marco Kim,Riley Costa,2025-12-03 04:30:00,,,,,,,,,,,,,,
700276,100590,Resource Care,100210,Customer Success Check-In,Final,Y,N,Noted a concern to revisit at the next sync.,100065,Aisha Garcia,Y,,3.2,3.3,100073,Y,1.3,How is communication with your team?,Happy with the progress.,3.5,3.7,Alpha,Y,3.5,7.8,5.3,6.5,9.4,8.3,8.6,,,N,,100629,Taylor Mercer,2026-01-12 14:20:00,riley.blake@demomail.test,,2026-04-15 02:45:00,jamie.mercer@examplecorp.test,,,,,morgan.calder@acme-fake.test,Morgan Mercer,arjun.cohen@acme-fake.test,Skyler Sato,Delta,100638,Y,Alpha,aisha.garcia@acme-fake.test,Chen Sloan,Y,5545,9490,4837,3548,N,,,,,Shared the updated proposal for review.,,mei.cohen@acme-fake.test,Other,Discussed timeline and next steps with the account.,emerson.nguyen@sampleco.test,mei.calder@demomail.test,Y,,,,,,,,,2024-01-10 05:16:00,185,6985,Standard,Delta,Gamma,Standard,5937,7709,5175,1265,3141,Delta,Sofia Cohen,Rahul Silva,2024-11-08 17:17:00,,,,,,,,,,,,,,
700277,100026,Resource Care,100538,Quarterly Review,Final,N,Y,Discussed timeline and next steps with the account.,100271,Reese Vance,N,,7.0,8.1,100405,Y,9.4,Are deliverables meeting expectations?,Happy with the progress.,1.7,8.1,Alpha,N,4.1,9.7,4.3,9.5,6.5,1.3,8.6,,,Y,,100538,Jamie Larsson,2025-12-20 04:04:00,taylor.patel@acme-fake.test,,2024-03-15 13:36:00,skyler.rossi@examplecorp.test,,,,,emerson.whitfield@examplecorp.test,Reese Patel,rahul.dorsey@examplecorp.test,Noah Haddad,Standard,100650,N,Alpha,morgan.mensah@demomail.test,Taylor Blake,Y,1238,2998,6115,9832,N,,,,,Followed up on the open items from last week.,,rahul.larsson@demomail.test,,Resolved the outstanding question about scope.,alex.rossi@demomail.test,marco.silva@examplecorp.test,N,,,,,,Fatima Silva,Standard,Alpha,2026-02-05 05:06:00,349,3190,Standard,Other,Delta,Gamma,9664,3134,9654,9919,8961,Other,Fatima Mercer,Drew Larsson,2026-04-05 10:43:00,,,,,,,,,,,,,,
700278,100119,Resource Care,100033,Quarterly Review,Final,N,N,Aligned on billing and renewal terms.,100737,Priya Kim,N,,1.1,5.0,100169,Y,3.3,Are deliverables meeting expectations?,Some concerns about turnaround time.,2.4,1.5,Beta,Y,9.2,1.7,4.9,8.0,4.6,5.2,3.7,,,Y,,100595,Riley Dorsey,2024-01-02 19:01:00,jordan.dorsey@acme-fake.test,,2024-01-16 16:37:00,arjun.whitfield@examplecorp.test,Liam Calder,,,Riley Haddad,skyler.okafor@demomail.test,Mei Sato,morgan.sato@demomail.test,Taylor Haddad,Alpha,100771,N,Alpha,liam.sloan@acme-fake.test,Diego Kim,Y,3615,1118,8511,1231,N,,,,,Aligned on billing and renewal terms.,,diego.vance@demomail.test,,Resolved the outstanding question about scope.,avery.larsson@acme-fake.test,casey.vance@examplecorp.test,N,,,,,Delta,,,,2024-02-03 05:14:00,1633,55,Alpha,Standard,Delta,Standard,3244,8096,2917,2879,4263,Beta,Alex Vance,Jordan Larsson,2025-06-20 05:30:00,,,,,,,,,,,,,,
700279,100465,Customer Management,100221,Quarterly Review,Draft,N,Y,Aligned on billing and renewal terms.,100389,Jamie Blake,N,,4.7,2.3,100565,N,6.4,How likely are you to continue the engagement?,Very satisfied overall.,2.0,5.7,Delta,Y,4.5,7.2,2.0,2.8,3.3,3.9,4.7,,,Y,,100561,Reese Calder,2024-01-19 04:18:00,aisha.silva@acme-fake.test,,2024-07-02 00:36:00,elena.mensah@examplecorp.test,,,Alpha,,omar.mercer@demomail.test,Reese Ivanov,alex.ashby@sampleco.test,Quinn Silva,Alpha,100396,N,Beta,liam.calder@demomail.test,Nina Okafor,N,1649,3530,7494,9247,Y,,,,,Noted a concern to revisit at the next sync.,,taylor.ford@acme-fake.test,,Followed up on the open items from last week.,morgan.calder@demomail.test,marco.ford@demomail.test,Y,Delta,,,,,Alex Sloan,Other,,2023-04-27 22:37:00,5083,4425,Gamma,Beta,Other,Delta,4370,4187,7628,7637,5518,Alpha,Riley Reyes,Diego Ivanov,2023-04-14 21:43:00,,,,,,,,,,,,,,Arjun Ashby
700280,100688,Resource Care,100758,Wellness Check-In,Final,Y,N,Reviewed performance and gathered feedback.,100611,Jamie Okafor,N,,5.7,5.2,100568,Y,2.5,How likely are you to continue the engagement?,Very satisfied overall.,3.6,9.4,Beta,Y,8.9,3.7,5.0,4.5,3.4,8.0,6.0,,,Y,,100470,Quinn Mercer,2023-11-03 00:47:00,elena.calder@examplecorp.test,,2025-06-06 02:28:00,aisha.costa@sampleco.test,,,,,rahul.rossi@examplecorp.test,Emerson Rossi,rahul.sato@examplecorp.test,Drew Costa,Gamma,100726,Y,Gamma,morgan.brooks@sampleco.test,Liam Rossi,Y,6865,3090,8683,6871,N,,,,,Followed up on the open items from last week.,,taylor.kim@sampleco.test,,Noted a concern to revisit at the next sync.,quinn.nguyen@sampleco.test,morgan.patel@demomail.test,N,,,,Gamma,,,Delta,,2023-03-27 09:04:00,7887,9712,Gamma,Delta,Delta,Standard,3806,957,4743,7572,2935,Standard,Casey Blake,Aisha Garcia,2025-04-14 00:50:00,,,,,,,,,,,,,,
700281,100436,Resource Care,100400,Customer Success Check-In,Final,Y,N,Reviewed performance and gathered feedback.,100576,Rahul Brooks,N,,7.6,5.3,100217,Y,1.3,How satisfied are you with the service?,Happy with the progress.,1.6,6.3,Delta,Y,9.1,8.7,5.3,1.3,7.0,9.0,7.4,,,Y,,100299,Diego Larsson,2026-04-08 18:38:00,alex.larsson@demomail.test,,2025-10-31 08:43:00,omar.sloan@sampleco.test,,,,,sofia.garcia@demomail.test,Rowan Garcia,omar.vance@sampleco.test,Alex Whitfield,Other,100286,Y,Beta,emerson.cohen@acme-fake.test,Priya Haddad,Y,6449,6943,4439,6363,Y,,,,,Followed up on the open items from last week.,,sofia.nguyen@demomail.test,,Reviewed performance and gathered feedback.,jamie.ashby@demomail.test,aisha.garcia@sampleco.test,N,,Reviewed performance and gathered feedback.,,,,,,,2026-01-03 09:59:00,8128,4695,Beta,Alpha,Alpha,Beta,8491,1681,3609,2326,2663,Alpha,Arjun Rossi,Quinn Vance,2024-05-01 10:47:00,,,Alpha,,,,,,,,,,,
700282,100371,Customer Management,100199,Quarterly Review,Final,Y,Y,Aligned on billing and renewal terms.,100740,Priya Nguyen,N,,9.1,6.3,100713,N,2.1,Any concerns we should address?,Exceeding expectations.,7.1,9.6,Delta,Y,1.7,5.5,1.6,5.1,6.3,2.1,6.7,,,Y,,100100,Casey Sloan,2023-11-16 19:21:00,alex.vance@sampleco.test,,2022-12-26 20:16:00,omar.silva@acme-fake.test,Chen Blake,,,,casey.mensah@demomail.test,Jamie Patel,riley.sloan@demomail.test,Priya Kim,Delta,100507,N,Alpha,liam.larsson@acme-fake.test,Riley Costa,Y,2779,9019,8206,6302,Y,,,,,Reviewed performance and gathered feedback.,,casey.costa@sampleco.test,,Discussed timeline and next steps with the account.,casey.kim@acme-fake.test,arjun.blake@acme-fake.test,N,,,,,,,Delta,,2023-07-07 14:25:00,1879,4448,Gamma,Other,Delta,Other,2535,378,7775,4212,9404,Delta,Casey Ashby,Emerson Dorsey,2026-05-03 10:59:00,,,,,,,,,,,,,,
700283,100155,Customer Management,100787,Wellness Check-In,Final,N,N,Reviewed performance and gathered feedback.,100339,Riley Vance,N,,6.0,2.3,100201,N,5.0,How likely are you to continue the engagement?,Exceeding expectations.,1.0,6.4,Beta,N,9.3,2.6,6.1,8.3,2.2,5.5,4.4,,,Y,,100369,Emerson Silva,2026-04-04 04:59:00,yara.sato@acme-fake.test,,2025-03-29 16:43:00,liam.nguyen@acme-fake.test,,,Beta,Diego Silva,elena.vance@acme-fake.test,Liam Haddad,taylor.garcia@sampleco.test,Chen Calder,Standard,100403,N,Beta,aisha.rossi@demomail.test,Priya Costa,Y,6740,1824,7944,5271,N,,,,,Discussed timeline and next steps with the account.,Rahul Silva,priya.haddad@demomail.test,,Followed up on the open items from last week.,sofia.dorsey@demomail.test,aisha.brooks@acme-fake.test,Y,Standard,,,Alpha,,,,,2024-10-20 11:19:00,5233,40,Other,Alpha,Other,Other,1233,3106,6969,319,700,Gamma,Aisha Garcia,Reese Haddad,2025-05-07 11:26:00,,,,,,,,,,,,,,
700284,100555,Resource Care,100352,Wellness Check-In,Final,N,N,Scheduled a check-in for the coming month.,100103,Sofia Costa,Y,,2.1,7.9,100325,Y,3.8,How is communication with your team?,Very satisfied overall.,5.3,5.9,Standard,N,6.0,1.2,1.3,5.5,5.5,7.3,8.8,,,N,,100740,Rowan Kim,2025-06-30 00:18:00,quinn.reyes@demomail.test,,2025-12-19 12:10:00,drew.garcia@demomail.test,Jordan Mercer,,Standard,,reese.larsson@acme-fake.test,Chen Costa,reese.cohen@examplecorp.test,Chen Brooks,Delta,100196,N,Other,morgan.whitfield@examplecorp.test,Elena Whitfield,Y,7323,2617,7095,3405,N,,,,,Resolved the outstanding question about scope.,,liam.mercer@examplecorp.test,,Reviewed performance and gathered feedback.,marco.brooks@examplecorp.test,yara.calder@acme-fake.test,N,,,Other,,Standard,,,,2023-05-14 03:23:00,3687,5652,Other,Alpha,Other,Other,8441,7659,6195,8201,6027,Other,Rahul Sato,Reese Larsson,2024-04-16 08:41:00,,,,,,,,,,,,,,
700285,100147,Customer Management,100784,Wellness Check-In,Final,N,N,Discussed timeline and next steps with the account.,100619,Nina Calder,N,,4.6,9.9,100082,N,7.3,How likely are you to continue the engagement?,Happy with the progress.,5.1,3.7,Other,N,8.8,5.5,5.6,1.3,2.8,1.7,5.2,,,Y,,100564,Diego Costa,2026-02-16 05:40:00,chen.rossi@demomail.test,,2024-05-21 01:35:00,yara.ashby@demomail.test,,,,,nina.mensah@demomail.test,Rowan Rossi,yara.patel@sampleco.test,Casey Nguyen,Gamma,100669,Y,Delta,reese.ashby@sampleco.test,Avery Whitfield,Y,9460,4335,4259,591,Y,,,,,Reviewed performance and gathered feedback.,,omar.ford@acme-fake.test,,Resolved the outstanding question about scope.,sofia.reyes@examplecorp.test,chen.ford@examplecorp.test,N,,,,,,,Other,Beta,2023-08-14 09:48:00,8794,7931,Alpha,Other,Delta,Standard,7644,6080,4710,9694,7710,Other,Quinn Ford,Reese Okafor,2025-07-19 02:10:00,,,,,,,,,,,,,,
700286,100399,Customer Management,100019,Quarterly Review,Final,N,N,Resolved the outstanding question about scope.,100652,Casey Sato,N,,4.6,8.3,100157,N,2.9,Are deliverables meeting expectations?,Exceeding expectations.,3.6,5.7,Standard,N,7.5,9.2,6.2,9.0,7.0,7.7,4.5,,,N,,100638,Nina Cohen,2025-03-31 22:22:00,skyler.okafor@demomail.test,,2023-11-26 17:14:00,arjun.rossi@sampleco.test,Diego Silva,,Gamma,,diego.brooks@demomail.test,Aisha Ashby,alex.rossi@examplecorp.test,Yara Ashby,Beta,100014,Y,Beta,elena.mercer@acme-fake.test,Yara Rossi,N,1145,802,6313,7722,N,,,,,Noted a concern to revisit at the next sync.,,rahul.dorsey@sampleco.test,,Noted a concern to revisit at the next sync.,fatima.sato@acme-fake.test,elena.ivanov@acme-fake.test,Y,,,,,,,,Gamma,2023-04-26 15:33:00,7687,1824,Beta,Gamma,Gamma,Standard,2748,8128,3260,3943,9588,Alpha,Diego Calder,Noah Dorsey,2024-07-26 03:39:00,,,,,,,,,,,,,,
700287,100475,Customer Management,100658,Wellness Check-In,Draft,Y,N,Reviewed performance and gathered feedback.,100178,Priya Brooks,Y,,2.2,5.0,100079,Y,5.4,Are deliverables meeting expectations?,Happy with the progress.,5.6,1.0,Alpha,N,8.4,8.8,2.6,9.3,2.6,5.2,3.8,,,N,,100765,Yara Garcia,2025-04-06 18:51:00,casey.nguyen@examplecorp.test,,2023-10-20 10:13:00,arjun.vance@sampleco.test,Diego Patel,,,Omar Sloan,mei.okafor@examplecorp.test,Yara Ford,diego.rossi@acme-fake.test,Emerson Ford,Gamma,100371,N,Delta,fatima.ashby@sampleco.test,Taylor Rossi,Y,5037,3094,4146,6014,Y,,,,,Followed up on the open items from last week.,,diego.patel@demomail.test,,Scheduled a check-in for the coming month.,alex.sloan@acme-fake.test,noah.whitfield@demomail.test,Y,,,,,Alpha,,,,2024-01-09 16:24:00,1833,5156,Beta,Gamma,Beta,Delta,8272,5569,2769,4078,5506,Beta,Rowan Sato,Mei Blake,2026-01-14 01:40:00,,,Standard,,,,4435,,715,,,,,Reese Nguyen
700288,100022,Customer Management,100699,Wellness Check-In,Final,N,N,Scheduled a check-in for the coming month.,100348,Sofia Patel,Y,,7.8,1.7,100349,Y,3.6,How is communication with your team?,"Going well, minor tweaks needed.",1.8,1.4,Beta,N,8.5,5.5,3.1,6.0,1.2,9.5,1.6,,,Y,,100714,Casey Ford,2025-02-26 13:01:00,arjun.whitfield@demomail.test,,2026-07-16 08:25:00,riley.ashby@acme-fake.test,,,,,drew.reyes@acme-fake.test,Yara Mensah,emerson.patel@examplecorp.test,Mei Garcia,Other,100221,Y,Beta,aisha.ivanov@examplecorp.test,Yara Vance,Y,2407,256,6220,9101,Y,,,Delta,,Shared the updated proposal for review.,,nina.sloan@examplecorp.test,,Resolved the outstanding question about scope.,liam.ivanov@sampleco.test,yara.ivanov@acme-fake.test,N,Standard,,Other,Gamma,,,,,2026-06-24 08:05:00,8157,5807,Beta,Other,Delta,Delta,1568,5918,1262,9145,834,Alpha,Skyler Mercer,Marco Ivanov,2023-08-27 17:11:00,,,,,,,,,,,,,,
700289,100398,Resource Care,100590,Customer Success Check-In,Final,Y,Y,Discussed timeline and next steps with the account.,100365,Aisha Okafor,N,,2.3,7.9,100704,Y,5.8,How satisfied are you with the service?,"Going well, minor tweaks needed.",4.6,3.6,Gamma,Y,4.7,6.3,7.6,9.8,9.6,7.9,2.1,,,Y,,100432,Quinn Ivanov,2024-05-06 02:46:00,fatima.rossi@acme-fake.test,,2024-02-08 17:55:00,morgan.okafor@examplecorp.test,,,,,quinn.larsson@acme-fake.test,Morgan Garcia,quinn.garcia@sampleco.test,Priya Dorsey,Other,100514,Y,Delta,elena.calder@acme-fake.test,Elena Larsson,Y,3069,8918,2757,9635,N,,,,,Resolved the outstanding question about scope.,,rahul.calder@acme-fake.test,,Reviewed performance and gathered feedback.,liam.mercer@demomail.test,jamie.nguyen@examplecorp.test,Y,,Aligned on billing and renewal terms.,Delta,,,,Beta,Beta,2022-12-15 01:50:00,9373,7593,Alpha,Other,Gamma,Alpha,8430,493,8959,287,1370,Gamma,Drew Cohen,Yara Patel,2025-11-30 10:03:00,,,,,,,,,,,,,,Sofia Ivanov
700290,100761,Resource Care,100538,Quarterly Review,Final,Y,Y,Resolved the outstanding question about scope.,100650,Riley Blake,N,,1.6,6.5,100149,Y,5.0,Any concerns we should address?,Exceeding expectations.,8.8,7.3,Other,N,1.8,5.5,7.7,2.2,4.1,7.6,3.8,,,Y,,100410,Diego Vance,2025-03-31 17:52:00,taylor.kim@demomail.test,,2025-08-04 09:47:00,jamie.costa@sampleco.test,,,,Chen Okafor,priya.mensah@acme-fake.test,Skyler Blake,liam.larsson@acme-fake.test,Nina Dorsey,Delta,100661,N,Delta,noah.ford@examplecorp.test,Quinn Costa,Y,1284,673,3508,7859,N,,,,,Discussed timeline and next steps with the account.,,taylor.brooks@examplecorp.test,,Shared the updated proposal for review.,fatima.ford@sampleco.test,riley.costa@examplecorp.test,N,,,,,,Avery Haddad,,,2026-01-03 01:24:00,4061,4597,Gamma,Standard,Beta,Delta,3153,2449,9440,2995,3902,Gamma,Nina Mercer,Rahul Garcia,2025-07-10 15:40:00,,,,,,,,,,,,Standard,,
700291,100046,Customer Management,100718,Customer Success Check-In,Final,Y,Y,Followed up on the open items from last week.,100369,Mei Costa,Y,,3.2,4.3,100277,N,8.8,How satisfied are you with the service?,Very satisfied overall.,1.5,8.3,Delta,Y,5.5,8.9,8.7,3.7,6.8,6.7,7.4,,,N,,100453,Noah Silva,2024-05-02 21:15:00,skyler.ashby@examplecorp.test,,2023-09-10 22:05:00,rowan.vance@examplecorp.test,Jordan Ivanov,,,,fatima.ashby@examplecorp.test,Sofia Ashby,reese.rossi@examplecorp.test,Jamie Patel,Standard,100601,N,Delta,rahul.whitfield@sampleco.test,Yara Larsson,Y,6305,2467,2455,3158,Y,,,Delta,Alpha,Resolved the outstanding question about scope.,,diego.rossi@sampleco.test,,Aligned on billing and renewal terms.,fatima.garcia@demomail.test,jamie.ford@demomail.test,N,,,,Beta,,,,Alpha,2023-09-21 18:39:00,9178,3689,Standard,Gamma,Delta,Beta,8791,6461,9669,3019,65,Alpha,Rahul Brooks,Liam Cohen,2024-05-23 22:48:00,,,,,,,,,,,,,,
700292,100418,Resource Care,100372,Customer Success Check-In,Final,N,N,Shared the updated proposal for review.,100768,Rahul Dorsey,Y,,5.4,3.2,100421,Y,2.1,How likely are you to continue the engagement?,Happy with the progress.,5.3,8.3,Standard,N,1.7,6.1,6.9,6.9,9.2,8.6,7.2,,,Y,,100300,Rowan Reyes,2024-04-03 14:12:00,noah.reyes@sampleco.test,,2025-08-12 20:31:00,jordan.larsson@sampleco.test,,,Gamma,Diego Brooks,fatima.brooks@examplecorp.test,Marco Okafor,jamie.silva@sampleco.test,Chen Sato,Other,100466,N,Standard,emerson.mercer@sampleco.test,Sofia Reyes,N,1818,236,2110,7034,N,,,,,Resolved the outstanding question about scope.,,morgan.brooks@acme-fake.test,,Resolved the outstanding question about scope.,priya.mensah@acme-fake.test,quinn.dorsey@examplecorp.test,N,,,,Delta,,,Alpha,,2023-04-09 22:16:00,5511,9601,Delta,Delta,Alpha,Beta,4694,481,5631,5417,4786,Other,Omar Rossi,Mei Ivanov,2025-05-16 18:29:00,,,,,,,,,,,,,,
700293,100659,Resource Care,100300,Customer Success Check-In,Final,N,N,Discussed timeline and next steps with the account.,100487,Priya Rossi,N,,7.5,8.9,100348,Y,6.7,Are deliverables meeting expectations?,Exceeding expectations.,7.2,1.3,Alpha,Y,5.1,6.7,4.1,4.7,4.8,6.4,7.8,,,N,,100667,Skyler Ford,2025-05-25 03:15:00,chen.ashby@sampleco.test,,2023-10-26 19:44:00,yara.silva@acme-fake.test,,,,Rowan Nguyen,omar.nguyen@acme-fake.test,Avery Costa,jordan.reyes@examplecorp.test,Casey Haddad,Gamma,100229,N,Alpha,morgan.vance@sampleco.test,Jamie Nguyen,Y,8769,4261,5965,6514,N,,,,,Discussed timeline and next steps with the account.,,riley.silva@demomail.test,,Resolved the outstanding question about scope.,priya.costa@demomail.test,diego.dorsey@demomail.test,Y,,,Beta,,,,,Other,2023-04-17 15:18:00,997,1835,Other,Gamma,Delta,Gamma,769,5362,6835,600,9342,Alpha,Marco Ashby,Noah Vance,2023-06-27 21:03:00,,,,,,,,,,,,,,
700294,100542,Resource Care,100458,Quarterly Review,Final,N,N,Scheduled a check-in for the coming month.,100639,Alex Nguyen,Y,,6.8,6.5,100156,N,1.7,How is communication with your team?,"Going well, minor tweaks needed.",1.6,5.3,Other,Y,7.1,6.4,8.8,7.9,5.7,2.9,7.2,,,N,,100784,Jordan Ford,2023-10-24 05:43:00,riley.reyes@sampleco.test,,2023-09-06 06:33:00,nina.okafor@acme-fake.test,,,,,taylor.garcia@examplecorp.test,Morgan Silva,sofia.larsson@sampleco.test,Diego Larsson,Delta,100704,N,Delta,taylor.nguyen@acme-fake.test,Avery Ashby,Y,6818,5365,399,4801,N,,,,,Resolved the outstanding question about scope.,,diego.reyes@acme-fake.test,,Aligned on billing and renewal terms.,mei.patel@acme-fake.test,aisha.whitfield@sampleco.test,Y,,,,,,,,,2025-02-16 16:34:00,3093,7754,Delta,Delta,Alpha,Gamma,8765,8579,5904,8908,9027,Delta,Rahul Vance,Nina Mercer,2024-06-09 18:54:00,,,,,,,,,,,8458,,,
700295,100659,Resource Care,100717,Wellness Check-In,Final,N,N,Discussed timeline and next steps with the account.,100123,Liam Haddad,Y,,3.0,6.5,100267,Y,5.5,How satisfied are you with the service?,Happy with the progress.,7.5,1.2,Alpha,N,1.8,9.5,5.9,2.1,1.2,3.9,4.9,,,Y,,100498,Jamie Nguyen,2022-12-01 11:04:00,liam.brooks@demomail.test,,2023-12-21 04:00:00,riley.ashby@demomail.test,Quinn Larsson,,,Emerson Dorsey,priya.cohen@examplecorp.test,Avery Garcia,drew.silva@sampleco.test,Sofia Ivanov,Other,100514,N,Alpha,alex.silva@demomail.test,Sofia Patel,Y,5550,453,5924,6956,N,,,,,Resolved the outstanding question about scope.,,omar.costa@demomail.test,,Aligned on billing and renewal terms.,marco.ford@sampleco.test,elena.ashby@examplecorp.test,N,,,,Alpha,,,Beta,,2023-03-05 14:19:00,7286,4384,Standard,Beta,Other,Delta,8334,9770,7769,5334,4433,Delta,Skyler Kim,Alex Mercer,2025-12-11 10:46:00,,,,,,,,,,,,,,
700296,100250,Customer Management,100441,Customer Success Check-In,Final,N,N,Shared the updated proposal for review.,100638,Nina Dorsey,N,,7.5,2.6,100629,N,3.4,Any concerns we should address?,Happy with the progress.,6.4,10.0,Standard,N,7.3,7.9,9.9,7.9,8.7,7.3,8.6,,,N,,100320,Marco Ford,2022-12-11 07:24:00,jordan.garcia@acme-fake.test,,2024-12-19 23:47:00,rahul.okafor@acme-fake.test,,,,,yara.whitfield@demomail.test,Yara Patel,jamie.sloan@acme-fake.test,Morgan Kim,Alpha,100012,N,Standard,marco.reyes@sampleco.test,Elena Brooks,Y,9779,850,4548,9415,N,,,,,Followed up on the open items from last week.,Taylor Ford,casey.sato@sampleco.test,,Shared the updated proposal for review.,liam.blake@demomail.test,mei.mensah@examplecorp.test,N,,,,,,,,Delta,2025-01-25 00:12:00,6796,9181,Delta,Standard,Other,Beta,7502,4427,4806,961,1791,Alpha,Nina Ashby,Taylor Brooks,2026-01-09 09:24:00,,,,,,,,,,,,,,
700297,100574,Customer Management,100096,Quarterly Review,Final,Y,Y,Discussed timeline and next steps with the account.,100434,Riley Kim,Y,,9.4,1.4,100694,Y,5.7,How likely are you to continue the engagement?,"Going well, minor tweaks needed.",3.5,8.4,Standard,Y,5.9,2.9,4.6,7.0,7.4,1.4,5.1,,,Y,,100572,Noah Garcia,2023-01-15 02:58:00,aisha.blake@sampleco.test,,2024-11-19 17:16:00,casey.costa@examplecorp.test,Aisha Ashby,,,,aisha.mensah@demomail.test,Priya Sloan,aisha.garcia@acme-fake.test,Casey Garcia,Gamma,100204,N,Gamma,skyler.reyes@sampleco.test,Aisha Sloan,N,5339,1631,1045,5147,N,,,,,Shared the updated proposal for review.,,yara.rossi@examplecorp.test,,Shared the updated proposal for review.,casey.sloan@sampleco.test,sofia.kim@examplecorp.test,Y,Delta,Aligned on billing and renewal terms.,,,,,,,2025-04-01 06:02:00,303,9616,Delta,Beta,Beta,Gamma,5871,4129,5439,3371,4213,Beta,Aisha Whitfield,Liam Sloan,2026-02-26 16:51:00,,,,,,,,,,,,,,
700298,100721,Resource Care,100656,Customer Success Check-In,Final,N,Y,Followed up on the open items from last week.,100157,Fatima Silva,Y,,3.5,2.5,100732,Y,7.0,Are deliverables meeting expectations?,Exceeding expectations.,7.6,3.7,Standard,Y,6.3,5.1,2.8,8.8,8.1,9.4,7.5,,,Y,,100387,Arjun Ivanov,2024-03-09 11:57:00,priya.calder@acme-fake.test,,2023-09-14 06:48:00,emerson.silva@demomail.test,,,,,rahul.costa@examplecorp.test,Fatima Haddad,jordan.mensah@sampleco.test,Yara Reyes,Standard,100672,N,Beta,riley.ashby@sampleco.test,Morgan Ivanov,N,9844,5207,727,9152,N,,,,,Shared the updated proposal for review.,,arjun.haddad@examplecorp.test,,Shared the updated proposal for review.,yara.ashby@examplecorp.test,quinn.okafor@sampleco.test,Y,Other,,,,,,Standard,,2023-05-14 15:36:00,7040,4529,Alpha,Delta,Alpha,Delta,7691,3507,2630,4963,8978,Gamma,Aisha Patel,Arjun Ford,2026-05-11 17:17:00,,,,,,,,,,,,,,
700299,100528,Customer Management,100133,Quarterly Review,Draft,Y,N,Followed up on the open items from last week.,100487,Reese Rossi,N,,1.5,2.7,100372,Y,2.6,How satisfied are you with the service?,"Neutral, watching closely.",4.0,9.6,Alpha,Y,9.7,7.6,8.5,5.9,1.9,7.9,3.4,,,N,,100606,Mei Mercer,2023-03-15 23:28:00,rowan.sloan@sampleco.test,,2024-02-18 05:15:00,omar.blake@examplecorp.test,,,,Liam Kim,sofia.rossi@demomail.test,Rahul Mensah,rahul.calder@examplecorp.test,Omar Dorsey,Standard,100050,N,Beta,noah.vance@acme-fake.test,Yara Sato,Y,9709,7219,7303,842,Y,,,,,Discussed timeline and next steps with the account.,,arjun.mercer@demomail.test,,Followed up on the open items from last week.,liam.costa@sampleco.test,reese.dorsey@demomail.test,N,Other,,,,,,,,2024-12-28 06:47:00,7681,6921,Other,Alpha,Beta,Alpha,1165,5187,2251,8760,4057,Gamma,Noah Whitfield,Aisha Calder,2023-11-15 22:42:00,,475,,Gamma,,,,,,,,,,
700300,100759,Resource Care,100654,Customer Success Check-In,Draft,N,N,Reviewed performance and gathered feedback.,100751,Skyler Mensah,N,,2.4,7.2,100667,N,2.9,How likely are you to continue the engagement?,"Going well, minor tweaks needed.",8.4,9.1,Other,Y,4.7,7.4,1.3,9.0,8.3,6.3,4.4,,,N,,100747,Diego Ford,2023-05-16 00:54:00,alex.whitfield@demomail.test,,2024-01-12 05:43:00,quinn.mercer@acme-fake.test,Skyler Costa,,,,casey.cohen@acme-fake.test,Marco Sato,skyler.silva@acme-fake.test,Liam Ivanov,Standard,100478,N,Alpha,nina.dorsey@sampleco.test,Diego Brooks,Y,6412,2415,5524,1027,N,,,,,Scheduled a check-in for the coming month.,,arjun.patel@sampleco.test,,Noted a concern to revisit at the next sync.,elena.vance@sampleco.test,liam.reyes@acme-fake.test,Y,Beta,,,,,,,,2025-07-16 15:58:00,7046,3391,Beta,Delta,Alpha,Other,4472,7245,8485,7956,9393,Gamma,Marco Patel,Alex Calder,2025-02-22 14:10:00,,,,,,,,,,,,,,
700301,100246,Resource Care,100047,Wellness Check-In,Final,N,Y,Noted a concern to revisit at the next sync.,100137,Liam Sato,N,,3.5,6.3,100121,Y,1.2,How likely are you to continue the engagement?,Some concerns about turnaround time.,9.1,3.0,Delta,Y,6.7,7.7,4.9,5.0,7.9,5.5,3.3,,,Y,,100311,Skyler Haddad,2024-02-21 20:39:00,rahul.sato@sampleco.test,,2024-02-07 03:24:00,arjun.reyes@demomail.test,,,,Marco Cohen,sofia.blake@acme-fake.test,Quinn Ford,omar.silva@sampleco.test,Jordan Ashby,Beta,100535,Y,Other,drew.garcia@sampleco.test,Noah Ivanov,N,525,5180,2901,2045,Y,,,,,Aligned on billing and renewal terms.,,alex.sato@acme-fake.test,,Resolved the outstanding question about scope.,elena.patel@demomail.test,skyler.dorsey@sampleco.test,N,Other,,Gamma,,,,,,2025-11-22 21:46:00,3324,6599,Gamma,Beta,Alpha,Beta,5927,7656,120,1148,4555,Gamma,Liam Sato,Elena Calder,2025-11-13 12:57:00,,,,,,,,,,,2782,,,
700302,100656,Resource Care,100203,Wellness Check-In,Final,N,Y,Followed up on the open items from last week.,100759,Jamie Calder,N,,1.9,7.8,100109,N,1.0,How is communication with your team?,"Going well, minor tweaks needed.",9.9,1.9,Beta,Y,1.5,5.1,2.9,3.3,1.7,7.8,2.9,,,N,,100278,Casey Okafor,2025-10-28 19:49:00,diego.ford@demomail.test,,2023-11-02 06:06:00,rowan.dorsey@examplecorp.test,,,Standard,,alex.larsson@sampleco.test,Casey Sloan,reese.okafor@sampleco.test,Elena Rossi,Delta,100659,N,Gamma,yara.brooks@demomail.test,Casey Okafor,N,283,6645,7739,8755,N,,,,,Discussed timeline and next steps with the account.,,yara.sloan@sampleco.test,,Reviewed performance and gathered feedback.,rowan.kim@demomail.test,rowan.ashby@sampleco.test,Y,,,,,,Avery Vance,,,2025-01-19 04:21:00,8625,5301,Delta,Delta,Delta,Gamma,1269,1089,1647,2193,1182,Beta,Avery Ford,Marco Reyes,2023-03-01 10:34:00,,,,,,,,,,,,Beta,,
700303,100040,Resource Care,100640,Wellness Check-In,Final,Y,Y,Shared the updated proposal for review.,100256,Diego Cohen,Y,,6.0,7.0,100753,Y,6.9,How is communication with your team?,Exceeding expectations.,1.3,9.3,Standard,N,4.7,1.5,7.1,1.8,8.2,7.2,5.6,,,N,,100303,Chen Rossi,2023-03-06 05:16:00,skyler.okafor@acme-fake.test,,2022-11-17 20:42:00,aisha.dorsey@acme-fake.test,,,Other,Chen Patel,yara.patel@examplecorp.test,Skyler Sato,drew.cohen@sampleco.test,Aisha Costa,Standard,100790,N,Beta,diego.larsson@examplecorp.test,Emerson Kim,N,7977,1104,556,6186,N,,,,,Shared the updated proposal for review.,,liam.larsson@examplecorp.test,,Aligned on billing and renewal terms.,drew.haddad@examplecorp.test,drew.rossi@sampleco.test,Y,,,,,Gamma,,Delta,,2023-12-16 21:47:00,4357,8881,Beta,Delta,Alpha,Delta,1126,7364,36,2615,1297,Gamma,Sofia Ashby,Mei Silva,2023-05-30 08:57:00,,,,,,,,,,,,,,
700304,100487,Customer Management,100387,Quarterly Review,Final,Y,N,Shared the updated proposal for review.,100087,Emerson Haddad,N,,5.1,6.4,100292,Y,9.9,Are deliverables meeting expectations?,"Going well, minor tweaks needed.",6.1,7.8,Gamma,Y,3.6,5.0,3.1,8.6,4.8,2.2,6.7,,,Y,,100128,Arjun Okafor,2025-04-16 15:41:00,nina.haddad@acme-fake.test,,2023-09-18 07:48:00,noah.brooks@demomail.test,Mei Blake,,Delta,Sofia Rossi,alex.brooks@acme-fake.test,Alex Larsson,yara.nguyen@acme-fake.test,Drew Haddad,Alpha,100393,Y,Gamma,priya.blake@examplecorp.test,Chen Ashby,Y,8478,8997,6508,3517,Y,,,Beta,,Discussed timeline and next steps with the account.,,marco.ashby@demomail.test,,Aligned on billing and renewal terms.,rowan.ford@examplecorp.test,liam.ashby@demomail.test,N,,Aligned on billing and renewal terms.,,,,,,,2025-10-13 03:24:00,3299,2082,Alpha,Gamma,Other,Standard,2100,9858,6910,1340,8398,Alpha,Riley Reyes,Skyler Sloan,2024-10-13 18:10:00,,,,,,,,,,,1014,,,
700305,100183,Resource Care,100561,Wellness Check-In,Final,N,Y,Shared the updated proposal for review.,100201,Liam Sato,Y,,2.8,7.6,100629,N,9.2,How is communication with your team?,Very satisfied overall.,9.1,5.8,Beta,N,8.3,5.1,5.5,1.8,7.6,3.5,8.7,,,N,,100599,Sofia Sato,2022-12-27 02:46:00,emerson.reyes@examplecorp.test,,2025-05-26 13:35:00,sofia.haddad@acme-fake.test,,,,,noah.patel@sampleco.test,Chen Cohen,noah.larsson@sampleco.test,Noah Ford,Standard,100414,N,Standard,emerson.ivanov@acme-fake.test,Jamie Haddad,Y,1872,9443,2071,2917,N,,,,,Scheduled a check-in for the coming month.,,drew.brooks@acme-fake.test,,Resolved the outstanding question about scope.,marco.rossi@acme-fake.test,noah.whitfield@demomail.test,N,,Shared the updated proposal for review.,Standard,,,,,Standard,2025-07-21 14:01:00,7885,2337,Other,Other,Delta,Delta,9092,2193,5041,9653,8884,Alpha,Priya Silva,Diego Blake,2024-11-15 08:40:00,,,,,,,,,,,,,,
700306,100522,Customer Management,100106,Customer Success Check-In,Final,Y,Y,Discussed timeline and next steps with the account.,100434,Reese Sloan,Y,,6.9,7.1,100314,N,3.9,How likely are you to continue the engagement?,"Going well, minor tweaks needed.",8.3,9.5,Beta,N,1.6,5.3,4.6,4.4,3.3,9.0,2.7,,,Y,,100203,Reese Mercer,2023-04-15 19:46:00,quinn.ford@examplecorp.test,,2023-12-17 08:17:00,emerson.calder@demomail.test,,,,,emerson.rossi@sampleco.test,Rowan Mercer,mei.vance@examplecorp.test,Drew Kim,Other,100185,Y,Beta,taylor.haddad@demomail.test,Rahul Reyes,Y,9860,4265,2711,7744,Y,,,,,Reviewed performance and gathered feedback.,,sofia.ivanov@examplecorp.test,,Aligned on billing and renewal terms.,alex.nguyen@examplecorp.test,riley.vance@sampleco.test,Y,,,,Other,Gamma,,,,2026-06-08 23:46:00,6979,5056,Alpha,Delta,Alpha,Gamma,1649,3625,5161,7579,3968,Standard,Taylor Haddad,Emerson Vance,2025-11-04 00:00:00,,,,,,,,,,,,,,
700307,100182,Customer Management,100250,Wellness Check-In,Final,Y,Y,Noted a concern to revisit at the next sync.,100434,Diego Reyes,Y,,2.7,1.3,100076,Y,6.5,How likely are you to continue the engagement?,Exceeding expectations.,7.1,5.4,Alpha,N,3.6,9.4,3.1,2.7,1.1,2.2,4.5,,,N,,100498,Quinn Cohen,2023-03-08 14:34:00,elena.ford@examplecorp.test,,2025-03-22 09:44:00,sofia.reyes@sampleco.test,Noah Okafor,,,,arjun.whitfield@sampleco.test,Emerson Rossi,emerson.ivanov@examplecorp.test,Skyler Okafor,Beta,100204,N,Standard,omar.blake@examplecorp.test,Marco Brooks,N,7933,9593,331,9194,Y,,,,,Resolved the outstanding question about scope.,,sofia.ford@sampleco.test,,Discussed timeline and next steps with the account.,noah.ivanov@examplecorp.test,alex.ford@acme-fake.test,Y,Beta,,,,,,,,2023-02-01 07:52:00,8569,4539,Other,Alpha,Standard,Gamma,6224,5421,9704,8381,4534,Alpha,Fatima Garcia,Jordan Nguyen,2023-10-16 08:06:00,,,,,,,,,,,,,,Alex Sato
700308,100498,Customer Management,100298,Quarterly Review,Final,Y,Y,Scheduled a check-in for the coming month.,100067,Taylor Kim,N,,6.7,5.6,100278,N,6.6,Any concerns we should address?,Happy with the progress.,8.2,4.9,Other,Y,6.3,4.7,4.9,7.7,2.9,1.2,6.5,,,N,,100009,Skyler Brooks,2024-06-03 00:30:00,jamie.cohen@sampleco.test,,2026-06-13 21:54:00,riley.ivanov@sampleco.test,,,,Elena Haddad,noah.mensah@acme-fake.test,Nina Silva,jamie.rossi@acme-fake.test,Quinn Patel,Beta,100640,N,Alpha,rowan.costa@examplecorp.test,Priya Calder,Y,5630,1694,9594,5649,N,,,,,Aligned on billing and renewal terms.,,sofia.ford@sampleco.test,,Scheduled a check-in for the coming month.,omar.sato@acme-fake.test,drew.mensah@demomail.test,Y,,,,,Other,Taylor Haddad,,,2026-05-10 17:30:00,756,8094,Delta,Beta,Standard,Alpha,962,3421,4639,6746,9264,Other,Priya Sloan,Elena Calder,2026-01-25 06:54:00,,,,,,,,,,,,,Priya Larsson,
700309,100436,Customer Management,100405,Quarterly Review,Draft,Y,Y,Shared the updated proposal for review.,100286,Sofia Sato,N,,7.1,3.1,100137,N,5.4,Any concerns we should address?,"Neutral, watching closely.",3.7,4.3,Beta,Y,3.3,9.3,4.8,5.6,6.8,3.7,4.5,,,N,,100652,Yara Garcia,2025-04-10 11:49:00,diego.reyes@examplecorp.test,,2025-07-28 00:53:00,emerson.blake@examplecorp.test,,,,,reese.costa@examplecorp.test,Fatima Mercer,quinn.haddad@demomail.test,Rahul Blake,Other,100707,Y,Standard,riley.cohen@demomail.test,Drew Nguyen,Y,8318,7167,8443,9886,Y,,,,,Followed up on the open items from last week.,,nina.reyes@demomail.test,,Resolved the outstanding question about scope.,quinn.whitfield@examplecorp.test,reese.sloan@acme-fake.test,Y,,,,Other,,,,,2023-07-21 00:30:00,5584,3375,Standard,Delta,Beta,Gamma,357,7756,4752,9237,9299,Delta,Skyler Calder,Omar Dorsey,2024-03-04 17:04:00,,,,,,,,,,,,,,
700310,100325,Resource Care,100664,Customer Success Check-In,Final,Y,N,Reviewed performance and gathered feedback.,100661,Riley Whitfield,N,,5.9,4.4,100566,N,7.1,How is communication with your team?,"Neutral, watching closely.",1.3,8.8,Other,Y,9.5,1.2,2.2,3.3,5.1,3.8,9.3,,,N,,100516,Reese Kim,2024-03-31 13:59:00,drew.patel@sampleco.test,,2023-02-19 07:37:00,liam.kim@acme-fake.test,,,,,nina.mensah@demomail.test,Jordan Rossi,casey.sloan@examplecorp.test,Emerson Nguyen,Other,100380,Y,Gamma,skyler.dorsey@demomail.test,Aisha Nguyen,N,7846,5259,9633,6037,N,,,,,Shared the updated proposal for review.,,elena.blake@sampleco.test,,Aligned on billing and renewal terms.,avery.vance@demomail.test,taylor.ivanov@acme-fake.test,N,Other,Shared the updated proposal for review.,,Alpha,Beta,Diego Mensah,,,2025-11-10 08:43:00,8628,9715,Alpha,Gamma,Gamma,Delta,3800,3552,9951,750,2348,Standard,Aisha Reyes,Riley Nguyen,2024-06-16 10:41:00,,,,,,,,,,,,,,
700311,100554,Resource Care,100033,Customer Success Check-In,Final,Y,N,Shared the updated proposal for review.,100193,Priya Mensah,N,,2.5,3.4,100622,N,5.8,Any concerns we should address?,Exceeding expectations.,2.5,10.0,Alpha,Y,8.6,3.5,8.4,9.6,4.8,8.7,7.1,,,Y,,100161,Marco Brooks,2024-12-28 19:21:00,alex.mensah@demomail.test,,2023-03-21 21:25:00,reese.silva@demomail.test,Noah Patel,,,,mei.whitfield@acme-fake.test,Riley Mensah,skyler.ford@acme-fake.test,Marco Calder,Other,100660,Y,Standard,sofia.blake@demomail.test,Elena Reyes,Y,2369,5175,5631,9749,Y,,,,,Discussed timeline and next steps with the account.,,rowan.patel@examplecorp.test,,Followed up on the open items from last week.,jordan.okafor@demomail.test,chen.brooks@examplecorp.test,Y,,,,,,,,,2023-02-26 07:23:00,7872,6120,Alpha,Standard,Beta,Beta,5875,2681,9639,4992,446,Alpha,Jordan Cohen,Emerson Vance,2022-10-24 13:56:00,,,,,,,,,,,,,,
700312,100791,Resource Care,100466,Customer Success Check-In,Final,N,N,Reviewed performance and gathered feedback.,100252,Skyler Ivanov,N,,1.9,1.4,100471,N,2.3,How satisfied are you with the service?,Exceeding expectations.,3.6,4.3,Other,N,7.1,4.2,5.5,1.3,7.7,9.8,5.8,,,Y,,100117,Rowan Vance,2024-12-08 12:25:00,marco.cohen@demomail.test,,2024-03-30 17:59:00,arjun.ashby@acme-fake.test,,,Standard,,quinn.haddad@demomail.test,Arjun Garcia,yara.reyes@sampleco.test,Marco Sato,Standard,100082,Y,Standard,rowan.costa@acme-fake.test,Yara Rossi,N,7555,5199,2137,9506,Y,,,,,Discussed timeline and next steps with the account.,,rahul.sato@acme-fake.test,,Noted a concern to revisit at the next sync.,casey.costa@acme-fake.test,noah.ashby@acme-fake.test,Y,,,,,,,,,2026-02-12 14:08:00,5308,5243,Standard,Alpha,Gamma,Beta,7498,8521,8445,3441,2957,Gamma,Jordan Reyes,Taylor Haddad,2025-12-10 04:15:00,,,,,,,,,,,,,,
700313,100250,Resource Care,100694,Quarterly Review,Final,Y,Y,Reviewed performance and gathered feedback.,100667,Jamie Costa,N,,9.9,5.5,100566,N,7.8,Are deliverables meeting expectations?,Some concerns about turnaround time.,6.6,7.1,Alpha,Y,6.8,1.7,9.3,2.3,2.5,8.4,8.0,,,N,,100208,Drew Garcia,2023-11-03 17:54:00,alex.vance@acme-fake.test,,2025-10-14 18:08:00,jamie.reyes@sampleco.test,,,,,noah.garcia@sampleco.test,Fatima Brooks,avery.silva@examplecorp.test,Jamie Nguyen,Alpha,100753,N,Other,rahul.ford@sampleco.test,Nina Costa,Y,1571,1292,5811,5153,N,,,,,Shared the updated proposal for review.,,emerson.vance@examplecorp.test,,Aligned on billing and renewal terms.,riley.haddad@examplecorp.test,diego.patel@acme-fake.test,N,,,,,,Taylor Cohen,,,2025-04-07 05:21:00,6755,9681,Other,Other,Delta,Alpha,2786,1765,1127,9552,6017,Standard,Reese Cohen,Alex Ivanov,2025-10-22 20:29:00,,,,,,,,,,,,,,
700314,100250,Resource Care,100021,Quarterly Review,Draft,Y,N,Aligned on billing and renewal terms.,100328,Riley Ashby,Y,,9.8,1.3,100291,N,5.2,Any concerns we should address?,Happy with the progress.,1.6,2.4,Beta,Y,9.4,5.1,9.8,7.1,9.6,4.7,5.5,,,N,,100177,Priya Sato,2025-11-01 23:44:00,drew.whitfield@sampleco.test,,2024-11-12 16:52:00,marco.haddad@demomail.test,,,,,reese.okafor@sampleco.test,Mei Reyes,omar.brooks@acme-fake.test,Liam Nguyen,Alpha,100457,Y,Beta,rahul.rossi@demomail.test,Yara Sato,Y,6971,646,8372,8153,N,,,,,Aligned on billing and renewal terms.,,drew.reyes@examplecorp.test,,Followed up on the open items from last week.,nina.ivanov@demomail.test,priya.cohen@acme-fake.test,Y,,,,,,,,Standard,2024-08-27 17:02:00,7045,5706,Other,Standard,Gamma,Delta,8826,4520,1059,826,6269,Alpha,Alex Mensah,Quinn Kim,2023-09-28 08:50:00,,,,,,,,,,,,,,
700315,100671,Customer Management,100407,Wellness Check-In,Final,Y,N,Noted a concern to revisit at the next sync.,100700,Avery Calder,N,,3.8,5.6,100345,N,4.1,Are deliverables meeting expectations?,Exceeding expectations.,6.0,3.8,Beta,N,3.2,6.4,5.7,5.4,2.4,7.5,4.8,,,N,,100054,Reese Garcia,2025-06-04 01:08:00,taylor.sloan@acme-fake.test,,2023-04-02 13:43:00,jordan.vance@sampleco.test,,,Beta,,casey.whitfield@acme-fake.test,Alex Ford,jamie.costa@examplecorp.test,Casey Rossi,Other,100441,N,Alpha,nina.calder@acme-fake.test,Chen Calder,N,5539,5917,2870,4296,N,,,,,Followed up on the open items from last week.,,jordan.mensah@acme-fake.test,,Resolved the outstanding question about scope.,chen.kim@sampleco.test,skyler.garcia@acme-fake.test,N,Other,Discussed timeline and next steps with the account.,Delta,,,,,,2024-04-13 20:55:00,4302,1391,Delta,Other,Alpha,Alpha,6444,5889,8504,6991,5239,Gamma,Marco Rossi,Noah Nguyen,2025-07-26 21:37:00,,,,,,,,,,,,,,
700316,100429,Resource Care,100439,Customer Success Check-In,Final,Y,Y,Discussed timeline and next steps with the account.,100278,Sofia Patel,N,,5.2,9.2,100484,Y,6.9,How satisfied are you with the service?,Very satisfied overall.,7.9,4.4,Standard,N,6.0,5.1,5.5,9.5,6.5,8.3,8.1,,,Y,,100648,Skyler Reyes,2025-03-19 14:31:00,nina.rossi@acme-fake.test,,2026-05-09 11:29:00,arjun.larsson@sampleco.test,,,,,rowan.okafor@examplecorp.test,Mei Mercer,riley.rossi@sampleco.test,Avery Garcia,Beta,100398,Y,Beta,casey.kim@demomail.test,Fatima Larsson,Y,188,1358,2150,9478,Y,,,,,Followed up on the open items from last week.,,rahul.nguyen@examplecorp.test,,Followed up on the open items from last week.,alex.mercer@demomail.test,rowan.ivanov@demomail.test,Y,Gamma,,,,,,,,2026-01-28 16:51:00,9070,1828,Alpha,Standard,Beta,Alpha,7454,4531,2821,3985,6873,Beta,Aisha Whitfield,Casey Kim,2025-03-12 06:38:00,,,,,,,,,,,,,,
700317,100076,Resource Care,100454,Quarterly Review,Draft,N,N,Followed up on the open items from last week.,100133,Jordan Rossi,N,,5.9,1.2,100648,N,2.7,How satisfied are you with the service?,Some concerns about turnaround time.,8.0,2.2,Beta,N,8.7,7.9,1.7,8.4,2.3,4.4,7.8,,,Y,,100161,Liam Larsson,2026-07-23 13:29:00,rowan.whitfield@examplecorp.test,,2025-08-08 17:41:00,fatima.nguyen@acme-fake.test,,,Standard,,quinn.reyes@acme-fake.test,Omar Okafor,jamie.whitfield@sampleco.test,Rowan Ashby,Gamma,100414,N,Delta,casey.blake@sampleco.test,Yara Mensah,N,6750,7293,2700,8992,Y,,,,,Noted a concern to revisit at the next sync.,Aisha Sato,fatima.kim@acme-fake.test,,Shared the updated proposal for review.,elena.reyes@demomail.test,avery.garcia@sampleco.test,Y,,,,Delta,,,,,2023-08-07 10:48:00,2132,3380,Delta,Other,Gamma,Gamma,3908,2168,452,1492,1094,Alpha,Chen Reyes,Priya Cohen,2026-06-18 15:40:00,,,,,,,,,,,,,,
700318,100565,Customer Management,100205,Quarterly Review,Final,Y,N,Resolved the outstanding question about scope.,100317,Priya Calder,N,,8.4,4.6,100398,N,5.1,Any concerns we should address?,Happy with the progress.,1.4,3.2,Other,Y,2.9,6.7,7.8,3.1,9.2,5.4,2.5,,,N,,100654,Elena Mercer,2022-12-20 04:10:00,drew.brooks@sampleco.test,,2023-11-11 15:24:00,yara.patel@demomail.test,,,,,arjun.silva@examplecorp.test,Chen Sloan,aisha.sato@sampleco.test,Liam Brooks,Beta,100275,N,Beta,jamie.calder@demomail.test,Elena Blake,N,2585,4848,4851,3617,N,,,,,Shared the updated proposal for review.,,aisha.kim@acme-fake.test,,Aligned on billing and renewal terms.,taylor.vance@examplecorp.test,alex.nguyen@acme-fake.test,N,,Scheduled a check-in for the coming month.,Beta,,,,Beta,Gamma,2023-06-06 05:25:00,4888,7873,Delta,Beta,Other,Standard,7802,8353,2747,321,5293,Alpha,Chen Mercer,Fatima Vance,2025-04-13 04:41:00,,,,,,,,,,,,Alpha,,
700319,100401,Resource Care,100204,Customer Success Check-In,Final,N,Y,Noted a concern to revisit at the next sync.,100576,Aisha Ivanov,Y,,4.6,2.2,100470,N,7.5,Any concerns we should address?,Happy with the progress.,8.6,5.6,Beta,N,2.8,9.2,6.5,2.1,8.3,3.7,6.4,,,Y,,100590,Skyler Sato,2026-02-22 17:22:00,rahul.dorsey@examplecorp.test,,2025-05-28 14:11:00,fatima.garcia@sampleco.test,,,,,avery.larsson@examplecorp.test,Reese Sloan,arjun.vance@sampleco.test,Elena Ford,Beta,100578,N,Standard,rahul.rossi@examplecorp.test,Jamie Calder,Y,8048,9236,573,7683,N,,,,,Scheduled a check-in for the coming month.,,diego.brooks@examplecorp.test,,Scheduled a check-in for the coming month.,noah.mercer@examplecorp.test,emerson.cohen@examplecorp.test,Y,,,,,,Elena Mensah,,,2023-02-07 17:09:00,8617,9099,Standard,Gamma,Alpha,Beta,1269,2336,721,4815,8489,Other,Morgan Dorsey,Marco Nguyen,2023-04-07 05:09:00,,,,Gamma,,,,,,,,,,
700320,100161,Customer Management,100271,Quarterly Review,Final,N,Y,Followed up on the open items from last week.,100016,Yara Mensah,N,,4.4,1.8,100782,Y,9.6,Are deliverables meeting expectations?,"Going well, minor tweaks needed.",5.2,1.5,Delta,N,3.4,6.4,4.9,3.9,1.6,1.0,9.3,,,N,,100758,Morgan Sloan,2025-02-24 21:32:00,emerson.haddad@acme-fake.test,,2023-02-05 23:24:00,casey.brooks@examplecorp.test,Nina Reyes,,,Priya Nguyen,taylor.haddad@sampleco.test,Aisha Sloan,chen.calder@examplecorp.test,Avery Haddad,Delta,100415,Y,Standard,avery.mercer@examplecorp.test,Drew Reyes,N,8338,3435,7274,8063,Y,,,,,Shared the updated proposal for review.,,taylor.rossi@sampleco.test,,Noted a concern to revisit at the next sync.,jamie.nguyen@examplecorp.test,mei.sato@sampleco.test,N,,,,,,,,,2026-03-18 14:11:00,2715,3061,Alpha,Alpha,Gamma,Alpha,2115,860,4622,5065,4774,Delta,Omar Silva,Omar Whitfield,2023-02-03 19:22:00,,,,,,,,,,,,,,
700321,100203,Resource Care,100624,Wellness Check-In,Final,Y,Y,Reviewed performance and gathered feedback.,100478,Yara Rossi,Y,,9.5,4.9,100451,Y,6.8,How likely are you to continue the engagement?,Very satisfied overall.,8.6,3.4,Standard,N,9.9,1.5,1.3,1.3,9.7,9.3,9.0,,,Y,,100529,Nina Blake,2022-12-19 15:57:00,casey.whitfield@examplecorp.test,,2025-02-12 17:50:00,elena.haddad@acme-fake.test,,,,Mei Mercer,chen.okafor@sampleco.test,Fatima Rossi,fatima.ivanov@demomail.test,Avery Brooks,Alpha,100267,Y,Gamma,rahul.vance@sampleco.test,Elena Brooks,N,459,1155,4782,9700,Y,,,,,Discussed timeline and next steps with the account.,,mei.mercer@acme-fake.test,,Followed up on the open items from last week.,rowan.nguyen@sampleco.test,aisha.larsson@acme-fake.test,Y,,,Alpha,,,,,,2025-12-18 10:47:00,6613,3088,Standard,Delta,Other,Alpha,4713,6369,8508,9840,3588,Gamma,Rowan Nguyen,Jordan Calder,2023-04-02 23:03:00,,,,,,,,,,,,,,
700322,100320,Customer Management,100762,Quarterly Review,Final,Y,N,Scheduled a check-in for the coming month.,100284,Avery Blake,N,,7.3,7.7,100257,N,9.6,Are deliverables meeting expectations?,Happy with the progress.,9.6,9.8,Beta,Y,6.5,8.1,1.0,6.5,8.5,8.7,2.6,,,Y,,100158,Emerson Okafor,2022-12-06 22:47:00,avery.cohen@examplecorp.test,Fatima Calder,2023-07-12 11:58:00,avery.larsson@demomail.test,,,Beta,,morgan.costa@acme-fake.test,Morgan Cohen,noah.sato@examplecorp.test,Jamie Mercer,Beta,100779,N,Alpha,morgan.nguyen@examplecorp.test,Omar Costa,N,2618,5576,8689,7090,Y,,,,,Resolved the outstanding question about scope.,,emerson.ashby@examplecorp.test,,Resolved the outstanding question about scope.,casey.rossi@examplecorp.test,aisha.ivanov@sampleco.test,Y,Other,Resolved the outstanding question about scope.,,Alpha,Standard,,,,2022-10-03 15:26:00,5829,8631,Standard,Alpha,Alpha,Gamma,7270,8784,1097,1912,9673,Delta,Marco Kim,Marco Mensah,2025-04-19 14:02:00,,,,,,,,,,,,,,
700323,100199,Resource Care,100672,Customer Success Check-In,Final,Y,N,Followed up on the open items from last week.,100239,Rahul Haddad,N,,6.3,9.8,100689,Y,4.2,How likely are you to continue the engagement?,Exceeding expectations.,2.4,8.7,Alpha,N,7.3,6.3,7.8,6.7,1.3,2.0,5.0,,,Y,,100257,Diego Okafor,2023-04-05 07:54:00,rahul.nguyen@sampleco.test,,2024-05-17 04:27:00,jordan.kim@examplecorp.test,,,Beta,,arjun.sato@sampleco.test,Taylor Mercer,noah.rossi@sampleco.test,Emerson Costa,Other,100349,N,Beta,yara.silva@acme-fake.test,Yara Brooks,Y,7003,3433,8285,1423,N,,,,,Shared the updated proposal for review.,,liam.sato@examplecorp.test,,Scheduled a check-in for the coming month.,rowan.cohen@acme-fake.test,emerson.reyes@acme-fake.test,Y,Other,,,Alpha,Alpha,Emerson Mensah,,,2024-09-16 05:48:00,772,7057,Gamma,Alpha,Beta,Gamma,3222,1007,2779,3554,1215,Other,Marco Reyes,Avery Dorsey,2025-02-16 06:45:00,,,,,,,,,,,,,,
700324,100717,Resource Care,100487,Quarterly Review,Final,N,Y,Shared the updated proposal for review.,100035,Skyler Silva,Y,,5.7,3.2,100696,Y,7.0,How likely are you to continue the engagement?,Some concerns about turnaround time.,6.5,5.0,Standard,N,6.9,1.4,2.3,9.4,9.4,9.9,3.0,,,N,,100094,Avery Mensah,2025-06-30 09:12:00,aisha.mercer@acme-fake.test,,2023-01-10 20:42:00,reese.vance@sampleco.test,,,Alpha,,priya.calder@examplecorp.test,Skyler Vance,jordan.mensah@acme-fake.test,Jamie Vance,Alpha,100697,Y,Alpha,avery.kim@sampleco.test,Chen Sloan,N,3289,1372,2203,3766,N,,,,,Noted a concern to revisit at the next sync.,,omar.mensah@acme-fake.test,,Noted a concern to revisit at the next sync.,jamie.vance@sampleco.test,liam.silva@sampleco.test,Y,Alpha,,,,,,,Standard,2023-02-12 08:47:00,1202,7429,Gamma,Delta,Delta,Alpha,7060,4969,4290,9580,4667,Other,Diego Dorsey,Rowan Whitfield,2026-04-16 08:19:00,,,,,,,,,,,,,,
700325,100361,Resource Care,100130,Quarterly Review,Draft,N,Y,Noted a concern to revisit at the next sync.,100750,Diego Mensah,N,,7.8,8.4,100242,N,5.8,How is communication with your team?,Some concerns about turnaround time.,3.5,6.4,Other,Y,2.1,8.6,8.1,4.0,7.9,4.8,8.5,,,N,,100611,Aisha Kim,2026-07-02 10:05:00,priya.vance@acme-fake.test,,2026-05-21 12:17:00,casey.costa@demomail.test,,,Delta,Emerson Brooks,rowan.cohen@demomail.test,Emerson Mensah,skyler.costa@demomail.test,Marco Kim,Delta,100429,Y,Other,avery.sato@examplecorp.test,Nina Nguyen,Y,9374,6161,8468,3552,Y,,,,,Resolved the outstanding question about scope.,,quinn.brooks@sampleco.test,,Aligned on billing and renewal terms.,liam.silva@acme-fake.test,riley.sloan@sampleco.test,Y,,,,Other,,,,,2025-09-27 03:26:00,9797,1208,Alpha,Other,Other,Beta,4123,7679,7944,3147,3213,Delta,Morgan Cohen,Riley Mercer,2025-10-14 08:20:00,,,,,,,,,,,,,Sofia Ashby,
700326,100786,Resource Care,100231,Quarterly Review,Final,Y,N,Scheduled a check-in for the coming month.,100366,Nina Mercer,N,,6.2,5.4,100702,N,1.0,How is communication with your team?,Very satisfied overall.,1.9,5.1,Gamma,N,4.0,6.8,7.3,6.0,2.0,6.4,9.0,,,N,,100292,Liam Garcia,2026-04-15 01:50:00,reese.haddad@examplecorp.test,,2023-04-16 07:44:00,quinn.kim@demomail.test,,,Beta,,aisha.reyes@examplecorp.test,Nina Blake,fatima.sato@demomail.test,Drew Nguyen,Beta,100675,N,Alpha,rahul.silva@demomail.test,Alex Mensah,Y,1348,3464,7062,5118,Y,,,,,Followed up on the open items from last week.,,arjun.larsson@demomail.test,,Followed up on the open items from last week.,yara.ivanov@acme-fake.test,alex.costa@examplecorp.test,N,,,,,Delta,,,,2024-11-26 12:21:00,1507,8101,Other,Gamma,Alpha,Standard,9546,871,8088,8361,9050,Other,Nina Mercer,Jamie Haddad,2024-02-17 03:20:00,,,,,,,,,,,,,,Yara Blake
700327,100165,Resource Care,100217,Wellness Check-In,Draft,Y,N,Aligned on billing and renewal terms.,100204,Marco Sato,Y,,5.0,1.7,100398,N,3.1,Any concerns we should address?,"Neutral, watching closely.",2.1,7.7,Delta,Y,5.5,1.4,7.2,5.4,7.3,5.2,2.0,,,Y,,100210,Morgan Reyes,2026-07-31 03:37:00,reese.dorsey@demomail.test,,2023-09-21 14:17:00,morgan.kim@examplecorp.test,,,Gamma,Omar Ivanov,priya.blake@examplecorp.test,Omar Cohen,sofia.mercer@examplecorp.test,Emerson Okafor,Delta,100400,N,Alpha,yara.kim@acme-fake.test,Taylor Ivanov,Y,4752,5252,6896,4305,N,,,,,Noted a concern to revisit at the next sync.,,taylor.cohen@sampleco.test,,Scheduled a check-in for the coming month.,mei.patel@sampleco.test,skyler.costa@acme-fake.test,Y,Other,,Gamma,,,,,,2026-02-02 11:12:00,3438,7348,Beta,Standard,Other,Delta,8913,209,2895,9702,1277,Beta,Fatima Sloan,Rowan Kim,2024-08-17 17:57:00,,,,,,,,,,,,,,
700328,100009,Resource Care,100659,Customer Success Check-In,Final,Y,N,Reviewed performance and gathered feedback.,100717,Mei Garcia,N,,1.9,4.9,100688,N,1.8,How is communication with your team?,"Going well, minor tweaks needed.",8.5,4.1,Standard,N,8.6,3.8,5.8,3.0,9.3,1.6,6.3,,,Y,,100737,Nina Garcia,2025-05-23 08:31:00,casey.mercer@acme-fake.test,,2023-04-15 06:45:00,elena.haddad@examplecorp.test,Yara Mensah,,,,nina.nguyen@examplecorp.test,Riley Ivanov,drew.garcia@demomail.test,Priya Costa,Alpha,100284,Y,Delta,riley.brooks@sampleco.test,Marco Sloan,Y,579,9994,2548,3151,N,,,,,Aligned on billing and renewal terms.,,nina.ashby@acme-fake.test,,Shared the updated proposal for review.,avery.haddad@examplecorp.test,aisha.sato@demomail.test,Y,Standard,,,,,,Alpha,,2025-09-15 20:00:00,5753,5847,Beta,Gamma,Delta,Alpha,7996,9080,1734,9103,1956,Alpha,Aisha Rossi,Casey Nguyen,2024-06-21 02:21:00,,,,,,,,,,,,,,
700329,100476,Resource Care,100194,Quarterly Review,Final,Y,Y,Followed up on the open items from last week.,100572,Rahul Mercer,Y,,5.7,9.1,100134,N,4.5,How is communication with your team?,"Neutral, watching closely.",7.6,9.6,Alpha,Y,6.3,3.0,1.9,7.5,1.4,5.5,2.7,,,N,,100776,Yara Nguyen,2024-08-29 19:54:00,aisha.sato@acme-fake.test,,2025-12-22 20:46:00,alex.larsson@sampleco.test,,,Standard,Omar Ashby,arjun.mercer@acme-fake.test,Morgan Mensah,alex.larsson@sampleco.test,Drew Patel,Other,100264,N,Other,morgan.dorsey@sampleco.test,Liam Nguyen,Y,2531,8298,9544,6819,Y,,,,,Followed up on the open items from last week.,,drew.ivanov@acme-fake.test,,Noted a concern to revisit at the next sync.,jamie.dorsey@acme-fake.test,casey.brooks@examplecorp.test,N,,,Standard,,,Mei Okafor,,Delta,2022-12-23 20:15:00,8722,1248,Delta,Beta,Other,Alpha,1963,8826,4254,8550,9437,Standard,Aisha Reyes,Omar Rossi,2024-01-15 20:10:00,,,,,,,,,,,,,,
700330,100094,Resource Care,100096,Quarterly Review,Final,Y,N,Followed up on the open items from last week.,100336,Yara Silva,N,,4.9,8.6,100244,Y,8.2,How is communication with your team?,Exceeding expectations.,1.3,4.3,Standard,N,7.3,2.7,8.2,6.1,3.8,8.8,3.2,,,N,,100264,Morgan Ivanov,2024-09-20 12:57:00,quinn.silva@acme-fake.test,,2025-10-24 23:01:00,morgan.haddad@examplecorp.test,,,Alpha,,rowan.kim@examplecorp.test,Yara Cohen,fatima.larsson@demomail.test,Morgan Silva,Other,100470,N,Alpha,alex.haddad@sampleco.test,Mei Haddad,N,4494,9701,6243,1383,Y,,,,,Resolved the outstanding question about scope.,,jamie.whitfield@examplecorp.test,Alpha,Noted a concern to revisit at the next sync.,chen.patel@acme-fake.test,liam.kim@sampleco.test,Y,,,,,,Jordan Calder,,,2024-05-17 14:11:00,2573,7746,Alpha,Other,Standard,Other,1439,746,9586,1522,2138,Delta,Omar Dorsey,Omar Rossi,2023-05-06 11:26:00,,,,,,,,,,,,,,
700331,100608,Resource Care,100185,Quarterly Review,Final,Y,Y,Reviewed performance and gathered feedback.,100149,Reese Nguyen,N,,6.9,7.5,100438,N,6.2,Are deliverables meeting expectations?,Very satisfied overall.,6.4,4.0,Alpha,N,4.2,6.8,2.2,3.1,2.0,5.0,1.9,,,N,,100574,Drew Vance,2024-11-05 06:10:00,priya.dorsey@examplecorp.test,,2022-10-21 04:35:00,yara.patel@sampleco.test,,,Other,,quinn.mensah@demomail.test,Jordan Mensah,alex.mensah@sampleco.test,Diego Ivanov,Standard,100403,Y,Other,liam.ivanov@examplecorp.test,Mei Okafor,N,8225,2061,7353,898,Y,,,,,Reviewed performance and gathered feedback.,,drew.nguyen@sampleco.test,,Shared the updated proposal for review.,arjun.ashby@examplecorp.test,elena.nguyen@sampleco.test,Y,Other,,,,Delta,,,,2023-02-08 00:16:00,776,2876,Standard,Beta,Standard,Delta,7343,2852,6329,1681,6797,Beta,Diego Ashby,Skyler Haddad,2024-08-21 00:27:00,,,,,,,,,,,,,,
700332,100552,Resource Care,100273,Quarterly Review,Final,Y,N,Resolved the outstanding question about scope.,100441,Taylor Mercer,N,,7.4,4.1,100629,N,1.4,How likely are you to continue the engagement?,"Going well, minor tweaks needed.",3.6,5.7,Delta,N,5.5,6.0,3.5,2.1,4.5,3.9,3.3,,,N,,100014,Elena Brooks,2023-02-05 06:22:00,chen.whitfield@sampleco.test,,2025-06-04 11:26:00,nina.garcia@acme-fake.test,,,,,mei.sato@sampleco.test,Jamie Sato,riley.blake@sampleco.test,Liam Costa,Delta,100050,Y,Alpha,taylor.ford@examplecorp.test,Noah Sloan,N,4243,2761,2127,4474,N,,,,,Scheduled a check-in for the coming month.,,emerson.mensah@demomail.test,,Shared the updated proposal for review.,drew.calder@demomail.test,yara.calder@examplecorp.test,Y,Standard,,,Delta,,Riley Sloan,,Delta,2025-06-30 18:34:00,5359,6295,Alpha,Other,Beta,Delta,7309,7805,7460,2926,8067,Beta,Riley Patel,Taylor Sloan,2024-10-12 19:17:00,,,,,,,,,,,,,,
700333,100389,Resource Care,100109,Customer Success Check-In,Final,N,Y,Aligned on billing and renewal terms.,100398,Noah Vance,N,,3.8,6.1,100359,Y,3.9,How likely are you to continue the engagement?,Happy with the progress.,3.2,8.0,Delta,N,6.8,5.9,3.6,1.1,4.4,6.4,1.7,,,N,,100494,Noah Ivanov,2025-07-31 18:53:00,fatima.mensah@acme-fake.test,,2023-03-30 00:04:00,nina.rossi@acme-fake.test,Rowan Cohen,,Gamma,,rahul.mercer@sampleco.test,Skyler Calder,riley.nguyen@examplecorp.test,Omar Ford,Beta,100026,Y,Other,diego.ford@examplecorp.test,Chen Mercer,Y,5192,8346,5968,6164,N,,,,,Shared the updated proposal for review.,,chen.mercer@demomail.test,,Reviewed performance and gathered feedback.,rahul.haddad@sampleco.test,marco.garcia@sampleco.test,Y,Gamma,,,,Delta,Nina Kim,Beta,,2023-10-12 21:15:00,7508,4715,Delta,Standard,Delta,Beta,8428,1085,7849,3350,4676,Gamma,Casey Ford,Quinn Reyes,2023-02-09 14:03:00,,4710,,,,,,,,,,,,
700334,100672,Customer Management,100094,Customer Success Check-In,Final,Y,Y,Scheduled a check-in for the coming month.,100083,Yara Garcia,Y,,7.0,8.0,100415,Y,2.9,How satisfied are you with the service?,Some concerns about turnaround time.,4.7,5.1,Gamma,N,7.4,7.2,8.8,6.1,1.1,5.1,3.1,,,Y,,100525,Aisha Costa,2024-09-03 19:21:00,rowan.vance@demomail.test,,2026-03-01 17:58:00,rowan.reyes@demomail.test,Noah Costa,,Other,,fatima.reyes@demomail.test,Elena Mercer,fatima.haddad@demomail.test,Alex Dorsey,Beta,100362,Y,Other,sofia.ford@acme-fake.test,Emerson Mercer,Y,8675,6546,535,796,N,,,,,Followed up on the open items from last week.,,rowan.larsson@acme-fake.test,,Scheduled a check-in for the coming month.,arjun.mercer@acme-fake.test,arjun.ford@examplecorp.test,N,,,,,,,Beta,,2024-09-06 10:47:00,643,6534,Delta,Other,Alpha,Beta,6810,6012,3869,2330,6249,Gamma,Riley Patel,Reese Ashby,2025-03-29 14:28:00,,,,,,,,,,,,,,
700335,100386,Customer Management,100791,Wellness Check-In,Final,Y,N,Discussed timeline and next steps with the account.,100532,Taylor Okafor,Y,,6.2,2.1,100035,Y,3.5,How is communication with your team?,Happy with the progress.,7.3,5.3,Delta,N,4.4,2.8,4.7,7.5,5.8,3.0,4.6,,,N,,100077,Nina Brooks,2024-12-16 13:14:00,reese.reyes@examplecorp.test,Aisha Calder,2026-05-08 18:06:00,diego.sloan@demomail.test,,,,,taylor.ashby@acme-fake.test,Jamie Sato,aisha.patel@demomail.test,Nina Okafor,Standard,100339,N,Alpha,priya.ford@demomail.test,Rowan Mensah,N,9319,2352,2755,800,N,,,,,Shared the updated proposal for review.,,diego.blake@acme-fake.test,Delta,Shared the updated proposal for review.,taylor.calder@acme-fake.test,skyler.mercer@acme-fake.test,N,,,,,,,,,2024-02-09 23:19:00,8994,3418,Delta,Beta,Delta,Beta,2121,1710,5645,7877,8156,Other,Diego Costa,Priya Dorsey,2024-04-03 10:41:00,,,Standard,,,Other,,,,,,,,
700336,100380,Resource Care,100096,Quarterly Review,Final,Y,N,Reviewed performance and gathered feedback.,100551,Mei Silva,N,,9.9,2.5,100611,N,1.1,How likely are you to continue the engagement?,Some concerns about turnaround time.,2.8,6.7,Standard,N,8.5,9.1,3.9,7.0,2.8,7.7,6.7,,,Y,,100454,Diego Whitfield,2024-01-10 09:30:00,priya.kim@examplecorp.test,,2024-01-30 00:28:00,yara.reyes@acme-fake.test,Aisha Whitfield,,Alpha,Priya Ford,priya.calder@sampleco.test,Noah Okafor,chen.dorsey@acme-fake.test,Marco Brooks,Alpha,100519,N,Alpha,aisha.vance@examplecorp.test,Drew Whitfield,N,5255,4146,8808,8787,N,,,,,Resolved the outstanding question about scope.,,yara.brooks@sampleco.test,,Reviewed performance and gathered feedback.,morgan.mensah@examplecorp.test,rowan.mensah@acme-fake.test,N,Gamma,,,Delta,,,,,2026-05-28 11:37:00,7531,6126,Delta,Delta,Gamma,Delta,9458,2685,3121,1546,7363,Standard,Liam Okafor,Alex Dorsey,2023-06-28 02:22:00,,,,,,,,,,,,,,
700337,100214,Resource Care,100257,Quarterly Review,Final,Y,Y,Aligned on billing and renewal terms.,100442,Liam Ivanov,N,,9.4,6.4,100528,N,1.6,How satisfied are you with the service?,Very satisfied overall.,1.7,2.4,Alpha,Y,6.7,7.1,6.7,6.5,2.6,2.1,8.3,,,Y,,100629,Rahul Larsson,2023-02-25 07:41:00,sofia.calder@acme-fake.test,,2023-04-27 18:21:00,elena.brooks@sampleco.test,,,,,rahul.haddad@examplecorp.test,Avery Mensah,chen.nguyen@demomail.test,Jamie Ford,Beta,100393,N,Delta,reese.costa@demomail.test,Quinn Calder,Y,7963,1958,5530,7963,Y,,,,,Resolved the outstanding question about scope.,,quinn.blake@acme-fake.test,,Aligned on billing and renewal terms.,diego.patel@examplecorp.test,skyler.cohen@sampleco.test,N,,,,,,,,Delta,2024-02-19 14:02:00,2373,2745,Other,Delta,Other,Beta,9319,9946,7039,384,9313,Standard,Taylor Kim,Casey Mercer,2024-08-04 20:59:00,,,,,,,,,,,,,,
700338,100616,Customer Management,100022,Quarterly Review,Final,Y,N,Discussed timeline and next steps with the account.,100445,Rowan Nguyen,N,,5.5,9.4,100359,Y,7.8,How satisfied are you with the service?,Some concerns about turnaround time.,5.0,1.7,Alpha,N,8.6,4.7,5.6,9.1,6.8,1.1,3.2,,,Y,,100330,Elena Ivanov,2024-05-18 16:20:00,riley.brooks@acme-fake.test,,2024-04-06 04:54:00,drew.larsson@demomail.test,Yara Patel,,Standard,Nina Garcia,liam.sloan@acme-fake.test,Arjun Patel,avery.calder@sampleco.test,Reese Costa,Standard,100112,Y,Delta,rowan.brooks@examplecorp.test,Aisha Sloan,N,7337,9412,547,8908,Y,,,,,Followed up on the open items from last week.,,liam.dorsey@sampleco.test,,Noted a concern to revisit at the next sync.,sofia.reyes@examplecorp.test,rahul.brooks@acme-fake.test,N,,Noted a concern to revisit at the next sync.,Other,,,,Other,,2026-02-13 06:07:00,2694,4744,Delta,Alpha,Beta,Standard,90,9929,3181,8095,3988,Standard,Liam Sato,Morgan Haddad,2026-07-04 00:23:00,,,,,,,,,,,,,,
700339,100055,Resource Care,100147,Customer Success Check-In,Final,N,Y,Followed up on the open items from last week.,100382,Casey Silva,Y,,7.2,7.8,100732,Y,6.4,How likely are you to continue the engagement?,"Going well, minor tweaks needed.",1.2,9.2,Standard,Y,8.3,8.7,7.4,8.1,9.7,8.2,6.5,,,N,,100733,Omar Ivanov,2024-02-22 05:18:00,alex.calder@examplecorp.test,,2025-07-31 22:33:00,reese.mensah@examplecorp.test,Arjun Haddad,,,,skyler.patel@examplecorp.test,Quinn Patel,diego.mensah@demomail.test,Jamie Patel,Gamma,100382,Y,Delta,morgan.sato@examplecorp.test,Skyler Ford,Y,2738,2206,3799,2475,Y,,,,,Reviewed performance and gathered feedback.,,arjun.okafor@acme-fake.test,,Reviewed performance and gathered feedback.,rowan.calder@sampleco.test,priya.rossi@sampleco.test,Y,,,,,,,,,2025-09-04 09:09:00,3607,499,Beta,Standard,Standard,Standard,995,4168,2145,6804,2347,Standard,Casey Mercer,Taylor Silva,2023-07-04 23:33:00,,,,,,,,,,,,,,
700340,100145,Customer Management,100371,Customer Success Check-In,Final,N,N,Discussed timeline and next steps with the account.,100699,Chen Silva,N,,5.6,3.8,100003,Y,4.1,How is communication with your team?,Exceeding expectations.,5.2,9.6,Delta,Y,7.1,5.8,6.2,5.4,3.5,5.3,9.1,,,N,,100458,Nina Haddad,2026-04-01 06:54:00,casey.ford@examplecorp.test,,2026-07-28 07:01:00,fatima.rossi@sampleco.test,,,,,nina.sato@acme-fake.test,Morgan Calder,liam.rossi@acme-fake.test,Taylor Brooks,Delta,100221,Y,Other,noah.sato@acme-fake.test,Chen Blake,Y,2081,7425,5470,6140,Y,,,,,Scheduled a check-in for the coming month.,,taylor.vance@examplecorp.test,,Scheduled a check-in for the coming month.,reese.reyes@acme-fake.test,reese.silva@examplecorp.test,N,Gamma,Aligned on billing and renewal terms.,,,,,Standard,Gamma,2023-06-24 21:03:00,9593,9916,Delta,Other,Other,Other,3916,7256,1898,4386,903,Delta,Liam Vance,Emerson Ford,2026-07-26 05:04:00,,,,,,,3577,,,,,,,
700341,100535,Resource Care,100765,Customer Success Check-In,Final,Y,N,Resolved the outstanding question about scope.,100134,Priya Rossi,Y,,8.4,3.7,100495,Y,4.4,Are deliverables meeting expectations?,Some concerns about turnaround time.,8.1,4.1,Beta,Y,9.4,3.0,4.0,7.8,7.5,8.8,6.4,,,Y,,100082,Aisha Patel,2025-09-10 18:11:00,elena.silva@examplecorp.test,,2022-12-27 15:01:00,drew.calder@examplecorp.test,,,,Casey Vance,riley.cohen@acme-fake.test,Yara Nguyen,omar.whitfield@demomail.test,Arjun Sato,Alpha,100627,N,Gamma,fatima.vance@examplecorp.test,Casey Nguyen,N,9451,184,3127,8400,Y,,,,,Followed up on the open items from last week.,,chen.blake@demomail.test,,Followed up on the open items from last week.,marco.dorsey@examplecorp.test,arjun.larsson@examplecorp.test,Y,Beta,,,,,,Beta,,2023-03-23 20:50:00,8599,9644,Standard,Beta,Gamma,Beta,19,9011,2372,2198,9808,Delta,Diego Costa,Chen Whitfield,2022-11-24 03:05:00,,,,,,,,,,,,,,
700342,100271,Customer Management,100173,Wellness Check-In,Final,N,N,Resolved the outstanding question about scope.,100495,Drew Ivanov,Y,,4.8,3.7,100399,N,9.5,Any concerns we should address?,Exceeding expectations.,2.3,8.0,Delta,N,1.7,7.7,3.2,7.8,8.5,4.6,7.5,,,N,,100632,Noah Calder,2025-10-22 00:58:00,priya.haddad@demomail.test,,2024-07-29 12:42:00,fatima.nguyen@examplecorp.test,Omar Kim,,,,casey.brooks@examplecorp.test,Elena Rossi,sofia.nguyen@sampleco.test,Avery Ashby,Delta,100061,Y,Beta,quinn.mensah@acme-fake.test,Diego Larsson,Y,3436,6287,1414,9227,Y,,,,,Followed up on the open items from last week.,,diego.calder@examplecorp.test,,Followed up on the open items from last week.,riley.ford@acme-fake.test,jamie.dorsey@demomail.test,Y,,,,,,,,,2024-09-14 00:00:00,1845,1142,Standard,Beta,Other,Other,6705,1598,7033,6831,9177,Alpha,Yara Costa,Aisha Nguyen,2024-04-08 15:45:00,,,,,,,,,,,,,,
700343,100724,Customer Management,100233,Quarterly Review,Final,N,N,Followed up on the open items from last week.,100478,Quinn Vance,N,,2.9,4.8,100305,Y,1.0,How is communication with your team?,Happy with the progress.,5.7,1.5,Standard,Y,7.9,3.3,8.5,9.5,9.5,6.4,8.1,,,N,,100507,Fatima Rossi,2024-02-24 09:11:00,nina.whitfield@demomail.test,,2024-10-26 01:23:00,elena.blake@acme-fake.test,Rowan Vance,,,,mei.mensah@sampleco.test,Liam Larsson,arjun.sato@acme-fake.test,Riley Cohen,Gamma,100016,Y,Delta,rahul.ivanov@demomail.test,Liam Whitfield,N,5517,2724,2595,2191,N,,,,,Shared the updated proposal for review.,,nina.sato@acme-fake.test,,Resolved the outstanding question about scope.,liam.vance@demomail.test,riley.silva@acme-fake.test,Y,,Reviewed performance and gathered feedback.,,,,,,,2025-09-14 17:46:00,6348,7130,Delta,Standard,Delta,Beta,7445,3029,1927,347,8196,Delta,Sofia Nguyen,Quinn Garcia,2023-01-13 05:02:00,,,Alpha,,,,,,,,,,,
700344,100120,Resource Care,100595,Quarterly Review,Final,Y,Y,Followed up on the open items from last week.,100201,Aisha Sato,N,,5.2,7.8,100629,N,6.8,Any concerns we should address?,Some concerns about turnaround time.,1.8,9.3,Standard,N,2.4,4.3,6.6,9.0,2.4,1.1,3.9,,,Y,,100062,Priya Sato,2025-01-20 01:57:00,omar.blake@demomail.test,,2023-08-10 13:10:00,sofia.sloan@acme-fake.test,,,,,drew.cohen@examplecorp.test,Priya Calder,priya.mercer@examplecorp.test,Omar Patel,Standard,100753,Y,Beta,riley.larsson@acme-fake.test,Yara Silva,N,3142,5355,274,6886,N,,,,,Resolved the outstanding question about scope.,,omar.okafor@demomail.test,,Scheduled a check-in for the coming month.,reese.dorsey@acme-fake.test,mei.garcia@acme-fake.test,Y,Standard,,Standard,Alpha,,Emerson Vance,Beta,,2024-02-16 15:53:00,767,9237,Alpha,Standard,Standard,Standard,5360,4825,9178,2075,1576,Standard,Aisha Nguyen,Priya Whitfield,2025-02-28 05:41:00,,,,,,,,,,,,,,
700345,100415,Customer Management,100487,Customer Success Check-In,Final,N,N,Resolved the outstanding question about scope.,100672,Avery Kim,Y,,2.5,8.5,100574,Y,3.6,Are deliverables meeting expectations?,Exceeding expectations.,7.9,2.2,Gamma,N,3.8,6.5,6.8,6.0,3.3,7.0,5.6,,,Y,,100622,Riley Blake,2025-12-05 13:05:00,arjun.kim@demomail.test,,2025-10-10 18:25:00,fatima.reyes@sampleco.test,,,,,quinn.mensah@sampleco.test,Jordan Okafor,elena.sato@demomail.test,Rahul Blake,Gamma,100423,Y,Delta,mei.larsson@sampleco.test,Diego Vance,N,1275,8056,7933,2690,N,,,,,Resolved the outstanding question about scope.,,yara.larsson@examplecorp.test,,Followed up on the open items from last week.,riley.calder@examplecorp.test,emerson.haddad@examplecorp.test,Y,,,,,,,Standard,Beta,2023-12-15 18:07:00,5507,4293,Other,Delta,Other,Standard,9830,7813,7521,615,6603,Gamma,Mei Patel,Morgan Nguyen,2026-02-13 05:49:00,,,,,,,,,,,,,,
700346,100423,Customer Management,100232,Customer Success Check-In,Final,N,N,Discussed timeline and next steps with the account.,100288,Nina Okafor,N,,2.2,3.0,100330,Y,8.9,How satisfied are you with the service?,"Going well, minor tweaks needed.",8.1,6.1,Other,Y,7.5,3.4,2.8,6.2,7.8,5.6,9.8,,,Y,,100319,Riley Mercer,2025-12-10 19:05:00,reese.okafor@acme-fake.test,,2026-04-18 01:14:00,casey.haddad@acme-fake.test,,,Gamma,,nina.reyes@demomail.test,Rowan Kim,yara.larsson@examplecorp.test,Chen Whitfield,Delta,100435,N,Beta,fatima.costa@demomail.test,Noah Garcia,Y,7389,5370,7960,2489,N,,,,,Aligned on billing and renewal terms.,,chen.brooks@acme-fake.test,,Discussed timeline and next steps with the account.,skyler.sato@acme-fake.test,fatima.sato@acme-fake.test,Y,Alpha,,,Beta,,,,,2025-09-17 17:32:00,7008,5711,Delta,Other,Delta,Standard,7833,5250,7792,8177,5737,Alpha,Liam Brooks,Elena Haddad,2023-10-20 09:51:00,3707,,,,,,,,,,,,,
700347,100650,Customer Management,100165,Quarterly Review,Final,Y,N,Followed up on the open items from last week.,100155,Morgan Cohen,N,,7.7,7.7,100699,N,3.4,How likely are you to continue the engagement?,Happy with the progress.,8.0,4.4,Alpha,N,2.7,2.8,1.1,6.4,3.3,3.9,5.8,,,N,,100125,Priya Ivanov,2025-02-17 04:20:00,casey.sato@demomail.test,,2025-08-29 00:40:00,drew.sato@examplecorp.test,,,,,elena.garcia@acme-fake.test,Skyler Nguyen,diego.mensah@sampleco.test,Arjun Patel,Other,100726,Y,Gamma,elena.sato@acme-fake.test,Avery Patel,N,2917,2928,9469,8539,Y,,,,,Shared the updated proposal for review.,,taylor.brooks@demomail.test,,Aligned on billing and renewal terms.,nina.mensah@demomail.test,fatima.calder@sampleco.test,Y,Alpha,Scheduled a check-in for the coming month.,,,,,Gamma,,2025-09-09 10:25:00,2393,1693,Other,Gamma,Delta,Alpha,8744,2573,3305,8016,6409,Delta,Reese Nguyen,Chen Ford,2025-05-18 03:23:00,,3725,,,,,,,,,,,,
700348,100747,Resource Care,100355,Quarterly Review,Final,Y,Y,Discussed timeline and next steps with the account.,100396,Riley Nguyen,Y,,2.4,5.8,100495,Y,8.4,How is communication with your team?,"Neutral, watching closely.",3.8,3.7,Standard,N,2.7,4.4,6.1,7.8,2.4,3.6,3.4,,,Y,,100478,Diego Mercer,2022-10-18 13:02:00,marco.silva@demomail.test,,2023-01-29 01:09:00,yara.cohen@examplecorp.test,,,,Quinn Ivanov,diego.blake@demomail.test,Reese Patel,drew.okafor@examplecorp.test,Taylor Ivanov,Gamma,100484,Y,Alpha,jamie.garcia@examplecorp.test,Emerson Vance,Y,9477,2094,232,2422,Y,,,,,Reviewed performance and gathered feedback.,,alex.larsson@sampleco.test,,Followed up on the open items from last week.,drew.calder@acme-fake.test,elena.blake@examplecorp.test,Y,,,Standard,,Standard,Alex Blake,,,2024-12-31 16:21:00,5647,4516,Delta,Alpha,Other,Gamma,1696,7789,2826,9284,3584,Alpha,Marco Nguyen,Rahul Garcia,2025-11-03 15:10:00,,,,,,,,,,,,,,
700349,100339,Customer Management,100286,Wellness Check-In,Final,Y,Y,Scheduled a check-in for the coming month.,100771,Skyler Larsson,N,,6.0,6.8,100714,N,9.5,How satisfied are you with the service?,Some concerns about turnaround time.,4.2,8.2,Delta,Y,5.0,5.5,3.8,5.7,2.9,6.0,9.5,,,Y,,100765,Noah Calder,2026-07-09 13:45:00,emerson.mensah@acme-fake.test,,2024-09-19 04:36:00,quinn.mensah@sampleco.test,Taylor Larsson,,Alpha,,noah.silva@demomail.test,Taylor Dorsey,noah.mercer@acme-fake.test,Alex Nguyen,Beta,100215,N,Gamma,mei.vance@acme-fake.test,Quinn Patel,N,3738,6104,6161,8131,Y,,,,,Noted a concern to revisit at the next sync.,,noah.sato@demomail.test,,Scheduled a check-in for the coming month.,marco.haddad@demomail.test,mei.garcia@sampleco.test,N,,Aligned on billing and renewal terms.,,,,,Gamma,,2024-04-07 12:25:00,9102,8070,Beta,Alpha,Delta,Other,4520,789,2450,844,9961,Beta,Mei Sloan,Taylor Garcia,2025-07-08 23:55:00,,,,,,,,,,,,,,
700350,100451,Resource Care,100462,Wellness Check-In,Final,N,N,Aligned on billing and renewal terms.,100062,Taylor Rossi,N,,6.7,9.3,100229,N,1.8,How likely are you to continue the engagement?,Exceeding expectations.,1.7,8.5,Other,Y,5.2,5.5,6.8,7.0,8.4,8.2,9.7,,,N,,100382,Mei Nguyen,2025-12-31 22:29:00,marco.okafor@examplecorp.test,,2022-11-17 22:25:00,aisha.ashby@demomail.test,,,,,aisha.sloan@demomail.test,Quinn Sloan,emerson.rossi@demomail.test,Casey Kim,Standard,100199,N,Other,liam.costa@acme-fake.test,Emerson Ford,N,567,6336,5146,6367,N,,,,,Reviewed performance and gathered feedback.,,mei.patel@sampleco.test,,Reviewed performance and gathered feedback.,fatima.cohen@sampleco.test,quinn.patel@demomail.test,Y,,Aligned on billing and renewal terms.,,Delta,,Arjun Mensah,,,2024-03-31 08:50:00,2634,5737,Standard,Alpha,Other,Delta,4330,4977,1320,4057,6276,Alpha,Yara Sloan,Fatima Larsson,2023-11-09 03:33:00,,,,,,,,,,,,,,
700351,100182,Resource Care,100741,Quarterly Review,Final,Y,N,Noted a concern to revisit at the next sync.,100299,Liam Nguyen,Y,,4.3,7.0,100548,N,2.6,How likely are you to continue the engagement?,"Going well, minor tweaks needed.",9.3,3.5,Alpha,N,4.2,8.6,5.0,3.8,9.8,2.8,7.4,,,N,,100335,Aisha Brooks,2026-03-31 04:04:00,liam.patel@demomail.test,,2024-12-14 16:20:00,jamie.haddad@examplecorp.test,Jordan Garcia,,Gamma,,morgan.whitfield@acme-fake.test,Taylor Ashby,skyler.larsson@sampleco.test,Aisha Haddad,Other,100100,N,Standard,chen.sato@demomail.test,Arjun Patel,N,9746,4740,4155,5996,N,,,,,Resolved the outstanding question about scope.,,yara.mercer@demomail.test,,Aligned on billing and renewal terms.,fatima.garcia@acme-fake.test,fatima.larsson@examplecorp.test,N,,,,Delta,,,Alpha,,2025-11-04 04:02:00,7913,6307,Standard,Standard,Alpha,Beta,500,9093,9673,2528,9209,Delta,Chen Patel,Jamie Costa,2023-04-13 03:03:00,,,,,,,,,,,,,,
700352,100067,Customer Management,100332,Wellness Check-In,Final,N,Y,Shared the updated proposal for review.,100429,Nina Okafor,Y,,6.6,1.5,100699,N,4.9,Are deliverables meeting expectations?,"Neutral, watching closely.",3.5,8.9,Other,N,7.2,5.3,5.6,3.6,1.4,2.5,7.4,,,Y,,100622,Aisha Whitfield,2023-02-22 05:07:00,rowan.costa@demomail.test,,2024-10-01 06:51:00,jordan.ashby@acme-fake.test,,,,,diego.larsson@demomail.test,Taylor Whitfield,aisha.patel@acme-fake.test,Riley Costa,Alpha,100028,N,Beta,emerson.costa@demomail.test,Marco Patel,Y,3521,1823,1609,3422,Y,,,,,Discussed timeline and next steps with the account.,,marco.dorsey@examplecorp.test,,Noted a concern to revisit at the next sync.,rowan.ashby@demomail.test,marco.cohen@examplecorp.test,Y,Gamma,Resolved the outstanding question about scope.,Alpha,,,,,,2023-02-28 07:47:00,9265,5775,Beta,Standard,Standard,Gamma,6099,638,8339,8217,2489,Standard,Jordan Sato,Diego Sato,2023-09-13 17:10:00,,,,,,,,,,,,,,
700353,100555,Resource Care,100554,Quarterly Review,Final,N,Y,Scheduled a check-in for the coming month.,100724,Alex Ford,Y,,8.6,9.0,100332,N,1.1,Any concerns we should address?,Happy with the progress.,9.4,4.7,Gamma,N,3.5,9.1,2.8,8.7,7.0,5.6,7.0,,,Y,,100005,Jamie Silva,2025-05-28 18:04:00,skyler.nguyen@sampleco.test,,2022-12-30 13:00:00,casey.brooks@acme-fake.test,,,,,marco.ford@examplecorp.test,Sofia Larsson,quinn.cohen@demomail.test,Drew Okafor,Standard,100369,Y,Beta,drew.blake@acme-fake.test,Jamie Calder,Y,4156,1190,8266,7787,N,,,,Beta,Scheduled a check-in for the coming month.,,emerson.mensah@acme-fake.test,,Noted a concern to revisit at the next sync.,sofia.sato@sampleco.test,omar.patel@acme-fake.test,Y,,,,,,,,,2025-02-25 14:38:00,8215,8263,Standard,Other,Delta,Alpha,1609,9331,670,2082,362,Standard,Yara Dorsey,Jamie Ivanov,2024-06-25 20:08:00,,,,,,,,,,,,,,
700354,100117,Customer Management,100784,Quarterly Review,Final,N,N,Scheduled a check-in for the coming month.,100325,Priya Dorsey,N,,1.4,1.6,100094,Y,6.5,How satisfied are you with the service?,Some concerns about turnaround time.,5.2,3.4,Beta,Y,9.3,4.5,6.4,9.9,5.4,7.7,5.5,,,N,,100707,Sofia Ford,2024-06-13 20:41:00,elena.sloan@acme-fake.test,,2025-07-04 19:26:00,riley.sato@sampleco.test,,,,,mei.rossi@examplecorp.test,Marco Sato,marco.ashby@demomail.test,Emerson Larsson,Alpha,100741,N,Standard,rowan.whitfield@examplecorp.test,Rahul Ford,Y,4158,4095,7082,1356,Y,,,Gamma,,Shared the updated proposal for review.,,emerson.rossi@examplecorp.test,,Noted a concern to revisit at the next sync.,elena.rossi@demomail.test,jordan.vance@examplecorp.test,Y,,,Standard,,,,Alpha,,2026-03-24 02:57:00,4626,4202,Standard,Standard,Delta,Gamma,5085,9982,5895,4155,4353,Other,Elena Sloan,Priya Silva,2023-12-01 07:04:00,,,,,,,,,,,,,,
700355,100322,Customer Management,100214,Wellness Check-In,Final,Y,N,Aligned on billing and renewal terms.,100702,Emerson Ashby,N,,4.5,3.6,100123,N,2.0,How likely are you to continue the engagement?,"Going well, minor tweaks needed.",1.7,5.8,Alpha,Y,6.1,4.2,5.1,8.5,9.9,1.1,3.4,,,N,,100375,Aisha Mensah,2025-06-30 14:04:00,aisha.silva@acme-fake.test,,2023-05-11 01:45:00,taylor.sato@examplecorp.test,Casey Kim,,,Chen Garcia,riley.garcia@examplecorp.test,Jamie Garcia,aisha.cohen@sampleco.test,Noah Rossi,Beta,100042,N,Standard,marco.rossi@examplecorp.test,Morgan Silva,Y,9665,2045,6437,3557,Y,,,,,Discussed timeline and next steps with the account.,,rahul.brooks@demomail.test,,Discussed timeline and next steps with the account.,liam.cohen@sampleco.test,riley.silva@examplecorp.test,N,,,,,,,,,2024-03-04 22:52:00,7900,5521,Alpha,Standard,Standard,Standard,8619,9211,6716,1378,6930,Delta,Priya Ashby,Marco Nguyen,2026-07-01 06:10:00,,,,,,,,,,,,,,
700356,100065,Customer Management,100403,Wellness Check-In,Final,Y,Y,Shared the updated proposal for review.,100242,Reese Calder,N,,1.5,3.5,100471,Y,8.9,How satisfied are you with the service?,Some concerns about turnaround time.,5.5,8.3,Standard,Y,9.2,4.9,8.3,1.6,9.8,4.0,8.6,,,Y,,100434,Jamie Nguyen,2023-03-18 09:07:00,marco.reyes@acme-fake.test,,2025-05-24 15:06:00,quinn.garcia@sampleco.test,,,Standard,Reese Brooks,arjun.mensah@acme-fake.test,Mei Reyes,reese.ivanov@demomail.test,Reese Mercer,Standard,100468,N,Gamma,jamie.dorsey@sampleco.test,Nina Ivanov,N,914,7260,4010,6119,N,,,Beta,,Shared the updated proposal for review.,,avery.mercer@demomail.test,,Noted a concern to revisit at the next sync.,arjun.garcia@examplecorp.test,mei.rossi@examplecorp.test,N,,,,,Delta,Marco Mensah,,,2024-01-30 23:17:00,6891,7291,Other,Other,Beta,Beta,9417,6060,4870,4607,9354,Delta,Skyler Larsson,Emerson Vance,2024-08-29 09:05:00,,,,Gamma,,,,,,,,,,
700357,100194,Resource Care,100473,Wellness Check-In,Final,Y,Y,Shared the updated proposal for review.,100389,Arjun Sato,N,,3.2,6.8,100740,Y,1.3,How is communication with your team?,"Going well, minor tweaks needed.",8.2,2.4,Standard,N,4.2,7.3,3.7,6.4,7.4,2.4,4.5,,,Y,,100759,Jordan Rossi,2024-10-07 02:35:00,mei.sato@demomail.test,,2024-07-02 06:34:00,marco.cohen@demomail.test,,,,,marco.calder@acme-fake.test,Morgan Okafor,diego.whitfield@sampleco.test,Fatima Rossi,Beta,100665,Y,Gamma,arjun.calder@examplecorp.test,Chen Mensah,N,974,805,8120,9653,N,,,,,Scheduled a check-in for the coming month.,,liam.patel@acme-fake.test,,Resolved the outstanding question about scope.,morgan.vance@acme-fake.test,fatima.patel@demomail.test,N,,,Beta,,,,,,2026-05-20 19:53:00,8477,30,Alpha,Standard,Alpha,Alpha,6140,583,6956,6894,8725,Alpha,Liam Larsson,Jamie Reyes,2024-03-31 11:24:00,,,,,,,,,,,,,,
700358,100683,Customer Management,100200,Customer Success Check-In,Final,N,Y,Resolved the outstanding question about scope.,100147,Aisha Cohen,N,,6.3,6.0,100658,N,1.8,Any concerns we should address?,Exceeding expectations.,2.5,8.3,Delta,Y,8.0,2.8,8.4,8.0,7.5,2.0,6.7,,,N,,100343,Elena Cohen,2025-07-13 17:02:00,yara.blake@examplecorp.test,,2024-09-06 17:12:00,aisha.patel@demomail.test,,,,,liam.nguyen@acme-fake.test,Omar Brooks,reese.cohen@sampleco.test,Avery Brooks,Standard,100436,Y,Delta,liam.dorsey@acme-fake.test,Drew Silva,N,6695,4227,3895,6659,N,,,,,Shared the updated proposal for review.,,morgan.larsson@acme-fake.test,,Shared the updated proposal for review.,drew.haddad@acme-fake.test,jamie.mensah@examplecorp.test,N,,Noted a concern to revisit at the next sync.,,,,,,,2024-03-25 14:05:00,5766,1115,Other,Alpha,Standard,Gamma,1938,9049,5367,6533,4352,Standard,Sofia Blake,Priya Silva,2023-04-09 00:54:00,,,,,,,,,,,,,,
700359,100785,Customer Management,100702,Wellness Check-In,Final,N,Y,Discussed timeline and next steps with the account.,100579,Quinn Costa,Y,,3.3,7.9,100448,Y,9.9,Are deliverables meeting expectations?,Some concerns about turnaround time.,8.8,6.0,Gamma,N,8.1,5.2,3.9,2.1,8.2,1.6,7.0,,,N,,100281,Skyler Mercer,2025-03-29 02:19:00,quinn.vance@acme-fake.test,,2026-03-25 15:32:00,rahul.larsson@acme-fake.test,Taylor Larsson,,,,chen.ivanov@examplecorp.test,Nina Costa,noah.vance@examplecorp.test,Riley Mercer,Standard,100046,Y,Standard,liam.sloan@examplecorp.test,Chen Dorsey,N,7543,5518,3831,366,Y,,,,,Noted a concern to revisit at the next sync.,,jamie.blake@demomail.test,,Scheduled a check-in for the coming month.,arjun.haddad@demomail.test,emerson.ashby@examplecorp.test,Y,Beta,Followed up on the open items from last week.,,,,,,Gamma,2023-11-23 05:50:00,2026,4998,Other,Delta,Beta,Other,6489,2296,6047,1345,614,Alpha,Reese Sato,Reese Reyes,2025-12-02 10:06:00,,,,,,,,,,,,,,
700360,100500,Resource Care,100733,Customer Success Check-In,Final,N,Y,Aligned on billing and renewal terms.,100697,Casey Reyes,N,,2.7,7.4,100671,Y,9.2,Any concerns we should address?,Exceeding expectations.,7.9,3.6,Alpha,N,7.8,8.1,5.3,6.9,5.7,9.8,3.1,,,N,,100514,Marco Ashby,2023-01-07 20:14:00,emerson.brooks@demomail.test,,2023-11-15 15:31:00,liam.okafor@sampleco.test,,,,,quinn.blake@acme-fake.test,Noah Haddad,arjun.brooks@demomail.test,Nina Mensah,Alpha,100028,N,Gamma,elena.ford@sampleco.test,Reese Vance,N,2809,4223,108,4504,Y,,,,,Resolved the outstanding question about scope.,,sofia.blake@examplecorp.test,,Discussed timeline and next steps with the account.,taylor.sato@demomail.test,priya.mensah@acme-fake.test,Y,Alpha,Aligned on billing and renewal terms.,Delta,Beta,,Liam Dorsey,,,2026-05-21 07:50:00,183,1377,Other,Beta,Gamma,Alpha,361,4458,7476,6280,8654,Alpha,Priya Mercer,Rowan Nguyen,2025-08-26 05:24:00,,,,,,,,2097,,,,,,
700361,100177,Resource Care,100252,Wellness Check-In,Final,N,N,Reviewed performance and gathered feedback.,100031,Rahul Nguyen,N,,1.5,7.9,100320,Y,7.4,How likely are you to continue the engagement?,Happy with the progress.,6.0,9.0,Standard,Y,2.2,9.7,8.5,9.3,7.8,2.7,1.9,,,Y,,100572,Jordan Kim,2026-05-31 04:55:00,nina.sloan@sampleco.test,,2024-05-09 21:21:00,arjun.ashby@examplecorp.test,Skyler Blake,,,,yara.ashby@examplecorp.test,Priya Okafor,arjun.ivanov@sampleco.test,Chen Sato,Delta,100256,N,Standard,reese.mensah@demomail.test,Elena Haddad,N,1850,129,5485,3120,N,,,,,Discussed timeline and next steps with the account.,,liam.silva@acme-fake.test,Beta,Discussed timeline and next steps with the account.,yara.whitfield@acme-fake.test,rahul.calder@examplecorp.test,N,Gamma,,Standard,Beta,,,,,2026-02-01 09:21:00,5317,830,Beta,Standard,Other,Alpha,861,7432,7313,4408,4765,Gamma,Noah Silva,Reese Reyes,2023-10-02 14:38:00,,,,,,,,,,,,,,
700362,100033,Customer Management,100231,Customer Success Check-In,Final,Y,N,Reviewed performance and gathered feedback.,100385,Chen Calder,Y,,1.4,5.0,100596,Y,5.8,How satisfied are you with the service?,Happy with the progress.,5.9,3.9,Alpha,Y,7.0,1.7,3.9,7.9,1.1,8.6,6.6,,,Y,,100696,Quinn Costa,2023-01-10 01:11:00,rahul.garcia@demomail.test,,2023-12-12 11:13:00,quinn.ford@acme-fake.test,Omar Rossi,,,,riley.sloan@examplecorp.test,Morgan Brooks,casey.dorsey@demomail.test,Aisha Vance,Standard,100220,N,Gamma,jamie.rossi@demomail.test,Omar Blake,Y,9176,6981,521,5874,Y,,,,,Followed up on the open items from last week.,,marco.blake@sampleco.test,,Aligned on billing and renewal terms.,casey.ashby@examplecorp.test,omar.nguyen@examplecorp.test,N,,,,,,,,,2026-06-15 01:29:00,9693,467,Gamma,Other,Alpha,Other,5141,3803,9969,6278,2426,Other,Arjun Vance,Elena Sato,2024-09-09 02:40:00,,,,,Standard,,,,,,,,,
700363,100683,Resource Care,100109,Wellness Check-In,Final,Y,Y,Shared the updated proposal for review.,100730,Quinn Kim,Y,,5.5,6.5,100087,Y,3.1,How is communication with your team?,"Neutral, watching closely.",3.4,9.8,Other,N,2.6,6.1,3.7,6.9,1.4,3.2,3.8,,,N,,100654,Avery Sato,2025-09-22 13:09:00,reese.whitfield@demomail.test,,2022-11-12 01:38:00,mei.blake@sampleco.test,Reese Ivanov,,,Casey Nguyen,emerson.mercer@acme-fake.test,Skyler Okafor,arjun.brooks@demomail.test,Mei Haddad,Gamma,100558,N,Standard,omar.garcia@demomail.test,Rowan Silva,N,9084,6773,3896,2256,N,,,,,Shared the updated proposal for review.,,morgan.sloan@demomail.test,,Shared the updated proposal for review.,yara.sato@examplecorp.test,fatima.larsson@acme-fake.test,Y,,,Gamma,Delta,,,,,2023-06-19 03:59:00,6863,6562,Alpha,Standard,Standard,Standard,5823,549,1347,6726,2411,Alpha,Sofia Sato,Yara Silva,2025-09-15 13:28:00,,,,,,,,,,,3159,,,
700364,100204,Customer Management,100643,Wellness Check-In,Final,Y,N,Followed up on the open items from last week.,100448,Reese Nguyen,N,,8.2,7.7,100142,Y,1.3,How is communication with your team?,Some concerns about turnaround time.,7.1,4.3,Other,N,8.2,5.8,8.2,4.1,1.3,8.7,7.5,,,N,,100469,Quinn Brooks,2024-07-25 12:22:00,marco.brooks@sampleco.test,,2026-03-03 21:38:00,drew.patel@acme-fake.test,,,,,riley.sato@sampleco.test,Jordan Okafor,drew.vance@demomail.test,Casey Ivanov,Other,100311,Y,Delta,liam.mercer@demomail.test,Taylor Whitfield,N,1881,6977,2553,4878,N,,,,,Aligned on billing and renewal terms.,,jamie.ashby@examplecorp.test,,Resolved the outstanding question about scope.,drew.garcia@acme-fake.test,jamie.ford@sampleco.test,Y,,,,,,,Beta,,2022-10-05 07:18:00,5149,8091,Alpha,Standard,Gamma,Alpha,500,5299,611,1784,7267,Other,Casey Okafor,Casey Costa,2024-07-27 17:45:00,,,,,,,,,,,,,,
700365,100640,Customer Management,100392,Customer Success Check-In,Final,Y,Y,Aligned on billing and renewal terms.,100565,Arjun Mercer,Y,,6.5,4.8,100446,N,8.5,Are deliverables meeting expectations?,"Neutral, watching closely.",8.0,1.9,Delta,N,9.0,4.6,4.0,4.9,3.7,5.8,2.0,,,N,,100309,Elena Haddad,2023-10-10 06:11:00,marco.ashby@sampleco.test,,2025-08-10 00:14:00,yara.garcia@demomail.test,Riley Sato,,Beta,,quinn.silva@examplecorp.test,Mei Sato,omar.kim@sampleco.test,Marco Calder,Gamma,100659,Y,Alpha,alex.costa@demomail.test,Rowan Sloan,Y,8944,6452,8177,8056,Y,,,,,Scheduled a check-in for the coming month.,,chen.ashby@acme-fake.test,,Scheduled a check-in for the coming month.,casey.blake@acme-fake.test,avery.ford@acme-fake.test,Y,Other,,,,,,,,2026-03-23 12:35:00,803,3911,Other,Alpha,Gamma,Standard,28,9033,1151,4113,3655,Delta,Noah Sloan,Fatima Sloan,2025-03-18 02:55:00,,,,,,,,,,,,Other,,
700366,100348,Customer Management,100405,Wellness Check-In,Final,Y,N,Shared the updated proposal for review.,100061,Elena Sato,N,,3.9,4.1,100466,Y,3.8,How is communication with your team?,"Neutral, watching closely.",3.8,4.2,Gamma,N,8.6,7.8,8.2,7.8,4.7,3.4,1.2,,,N,,100627,Avery Ashby,2025-02-10 08:29:00,avery.mercer@acme-fake.test,,2026-02-22 18:22:00,drew.cohen@sampleco.test,,,Alpha,,rahul.reyes@examplecorp.test,Emerson Cohen,liam.brooks@acme-fake.test,Arjun Mercer,Alpha,100205,Y,Alpha,omar.kim@examplecorp.test,Mei Sloan,N,1598,3913,96,3853,Y,,,,,Shared the updated proposal for review.,,omar.brooks@acme-fake.test,,Shared the updated proposal for review.,taylor.mensah@examplecorp.test,taylor.costa@examplecorp.test,N,Gamma,,,,,,,,2026-01-12 05:48:00,8131,6119,Standard,Alpha,Other,Standard,5103,7273,2167,5643,3415,Delta,Sofia Blake,Yara Dorsey,2025-01-10 17:35:00,,,,,,,,,,,,,,
700367,100271,Resource Care,100565,Customer Success Check-In,Final,Y,N,Scheduled a check-in for the coming month.,100172,Alex Reyes,Y,,1.3,6.1,100087,N,3.3,Any concerns we should address?,Some concerns about turnaround time.,2.7,2.7,Delta,Y,4.3,9.1,2.9,8.7,5.6,6.1,2.1,,,N,,100275,Drew Dorsey,2025-09-20 04:33:00,aisha.larsson@acme-fake.test,,2023-07-05 03:01:00,omar.okafor@demomail.test,,,Beta,,alex.rossi@demomail.test,Diego Rossi,emerson.kim@sampleco.test,Taylor Ford,Alpha,100624,N,Alpha,sofia.blake@examplecorp.test,Alex Blake,N,8964,2958,5525,1340,N,,,,,Shared the updated proposal for review.,,nina.sato@sampleco.test,,Scheduled a check-in for the coming month.,rowan.mercer@acme-fake.test,arjun.sato@examplecorp.test,N,,Reviewed performance and gathered feedback.,Beta,Delta,,Rahul Dorsey,,Standard,2025-10-24 00:46:00,5407,5558,Other,Other,Other,Alpha,3095,5906,4479,7954,1294,Beta,Yara Sloan,Omar Garcia,2025-02-11 23:55:00,,,,,,,,,,,,,,
700368,100554,Customer Management,100420,Wellness Check-In,Final,N,Y,Scheduled a check-in for the coming month.,100153,Casey Sato,N,,4.7,3.1,100611,Y,5.3,Any concerns we should address?,"Neutral, watching closely.",3.6,6.3,Other,N,6.1,5.2,6.8,9.5,3.9,4.1,9.6,,,Y,,100325,Morgan Dorsey,2023-12-18 05:07:00,priya.rossi@sampleco.test,,2026-07-07 07:47:00,quinn.dorsey@examplecorp.test,,,,Aisha Mercer,arjun.sloan@sampleco.test,Avery Rossi,casey.kim@acme-fake.test,Taylor Brooks,Beta,100572,Y,Standard,jordan.cohen@demomail.test,Noah Ivanov,Y,2458,8440,8204,1733,N,,,,,Reviewed performance and gathered feedback.,,noah.ivanov@sampleco.test,,Aligned on billing and renewal terms.,emerson.calder@examplecorp.test,reese.costa@sampleco.test,N,,,,,Other,,,Beta,2023-04-29 11:20:00,8647,3191,Delta,Delta,Alpha,Gamma,7117,4731,3995,8682,176,Beta,Morgan Okafor,Quinn Ivanov,2022-10-14 18:07:00,,,,,,,,,,,,,,
700369,100629,Resource Care,100688,Quarterly Review,Draft,Y,N,Resolved the outstanding question about scope.,100335,Noah Silva,N,,2.8,5.1,100516,Y,9.5,Are deliverables meeting expectations?,Very satisfied overall.,9.9,3.1,Standard,N,6.1,9.0,8.8,6.3,9.0,5.1,5.7,,,Y,,100269,Liam Reyes,2023-09-26 22:37:00,aisha.garcia@sampleco.test,,2025-06-18 03:55:00,fatima.haddad@sampleco.test,Priya Rossi,,,Yara Reyes,reese.dorsey@acme-fake.test,Yara Patel,liam.rossi@demomail.test,Aisha Cohen,Standard,100404,Y,Gamma,morgan.vance@sampleco.test,Taylor Calder,N,1898,718,2263,9109,N,,,,,Scheduled a check-in for the coming month.,,priya.okafor@sampleco.test,,Scheduled a check-in for the coming month.,skyler.calder@demomail.test,jamie.patel@acme-fake.test,N,Delta,,,,Alpha,,,Beta,2025-10-08 07:34:00,1539,4019,Gamma,Alpha,Delta,Gamma,5953,8904,935,8746,1051,Alpha,Riley Ford,Fatima Rossi,2024-08-31 17:08:00,,,,,,,,,,7665,,,,
700370,100743,Resource Care,100281,Quarterly Review,Final,N,N,Followed up on the open items from last week.,100019,Jamie Sloan,N,,6.9,7.3,100786,N,5.1,How is communication with your team?,Exceeding expectations.,5.4,8.5,Delta,N,10.0,6.9,2.3,3.3,2.8,1.6,2.6,,,Y,,100067,Sofia Ashby,2022-10-26 23:06:00,chen.blake@acme-fake.test,,2023-07-15 03:32:00,morgan.cohen@sampleco.test,,,Standard,Alex Reyes,mei.larsson@demomail.test,Jordan Sloan,priya.kim@sampleco.test,Reese Ford,Other,100735,N,Delta,liam.mensah@acme-fake.test,Marco Haddad,N,1146,1390,4581,7884,Y,,,,,Noted a concern to revisit at the next sync.,,liam.cohen@examplecorp.test,,Followed up on the open items from last week.,priya.sloan@sampleco.test,noah.mercer@acme-fake.test,Y,,,,Delta,Other,,,,2025-09-16 11:34:00,4547,2429,Beta,Beta,Standard,Standard,1464,1461,1247,4198,1336,Beta,Marco Ivanov,Aisha Mercer,2025-08-10 21:31:00,,,,,,,,,,,,,,
700371,100784,Customer Management,100647,Wellness Check-In,Final,N,Y,Shared the updated proposal for review.,100569,Morgan Brooks,Y,,6.6,3.8,100445,N,7.1,How satisfied are you with the service?,Some concerns about turnaround time.,6.0,7.8,Alpha,N,2.6,1.7,1.8,6.6,7.6,7.1,5.9,,,N,,100740,Fatima Cohen,2025-10-08 11:29:00,chen.brooks@sampleco.test,,2025-04-10 02:11:00,riley.mercer@examplecorp.test,,,,,rowan.ashby@sampleco.test,Skyler Calder,arjun.sloan@demomail.test,Chen Garcia,Alpha,100691,N,Gamma,casey.nguyen@sampleco.test,Jordan Kim,Y,5433,2638,7473,3062,Y,,,,,Shared the updated proposal for review.,,sofia.ford@demomail.test,,Reviewed performance and gathered feedback.,sofia.costa@examplecorp.test,noah.ford@acme-fake.test,Y,,,,Standard,,,,Other,2023-10-28 01:13:00,830,3396,Standard,Delta,Other,Standard,2254,3288,4,8456,8217,Beta,Rahul Reyes,Skyler Kim,2023-07-11 05:10:00,,,,Alpha,,,,,,,,Delta,,
700372,100260,Customer Management,100638,Wellness Check-In,Final,N,Y,Noted a concern to revisit at the next sync.,100253,Riley Blake,N,,3.3,8.9,100548,N,6.5,Any concerns we should address?,Exceeding expectations.,3.7,5.6,Other,N,7.1,8.6,3.4,6.8,6.9,9.5,1.8,,,N,,100177,Liam Ford,2025-03-05 12:54:00,elena.mensah@demomail.test,,2022-10-16 12:16:00,priya.mercer@sampleco.test,Yara Vance,,Beta,,sofia.ivanov@demomail.test,Aisha Kim,elena.garcia@examplecorp.test,Chen Costa,Delta,100504,Y,Standard,drew.calder@acme-fake.test,Sofia Larsson,N,1665,1909,2480,6312,Y,,,,,Discussed timeline and next steps with the account.,,reese.brooks@acme-fake.test,,Aligned on billing and renewal terms.,rowan.ford@sampleco.test,yara.reyes@examplecorp.test,N,,,,Delta,Gamma,Sofia Larsson,Delta,,2025-06-25 07:27:00,435,381,Beta,Gamma,Alpha,Delta,1321,1676,575,8593,5291,Beta,Rowan Mercer,Arjun Dorsey,2024-12-30 15:21:00,,,,,,,,,,,,,,
700373,100033,Resource Care,100311,Wellness Check-In,Final,N,Y,Discussed timeline and next steps with the account.,100765,Jordan Mensah,N,,5.0,8.4,100219,Y,7.9,Any concerns we should address?,"Neutral, watching closely.",6.7,9.7,Other,Y,8.4,3.0,9.2,8.6,2.4,3.9,7.8,,,N,,100372,Jamie Mensah,2026-02-19 03:50:00,mei.okafor@acme-fake.test,,2022-10-21 07:33:00,taylor.kim@acme-fake.test,,,,,diego.blake@demomail.test,Arjun Blake,alex.cohen@sampleco.test,Noah Costa,Alpha,100423,Y,Gamma,alex.reyes@demomail.test,Fatima Okafor,Y,6404,2465,1105,5252,N,,,,,Noted a concern to revisit at the next sync.,,mei.sato@examplecorp.test,,Reviewed performance and gathered feedback.,reese.mensah@demomail.test,elena.mensah@acme-fake.test,N,,,,,,,,,2023-12-08 03:59:00,4643,6819,Delta,Other,Beta,Gamma,5075,6043,7473,769,6296,Delta,Alex Costa,Chen Cohen,2025-05-04 15:45:00,,,,,,,,,,,,,,
700374,100743,Customer Management,100229,Quarterly Review,Final,Y,Y,Aligned on billing and renewal terms.,100194,Jamie Dorsey,Y,,5.7,5.8,100065,Y,2.3,How is communication with your team?,Very satisfied overall.,8.2,2.7,Standard,Y,4.4,9.4,8.8,9.0,1.2,4.6,9.3,,,N,,100786,Nina Sloan,2025-03-09 04:04:00,casey.rossi@demomail.test,,2024-02-24 13:26:00,elena.larsson@demomail.test,,,,,yara.patel@examplecorp.test,Chen Mensah,mei.cohen@acme-fake.test,Drew Rossi,Standard,100645,N,Gamma,yara.ashby@sampleco.test,Reese Nguyen,N,9466,7734,6586,6997,Y,,,,,Reviewed performance and gathered feedback.,,morgan.dorsey@acme-fake.test,,Shared the updated proposal for review.,quinn.garcia@demomail.test,marco.haddad@examplecorp.test,N,Delta,,,,,,,Other,2022-10-06 08:19:00,4832,6511,Alpha,Delta,Alpha,Other,4151,2652,2249,5743,6885,Alpha,Diego Mensah,Emerson Ivanov,2024-11-26 09:06:00,,,,,,,,,7576,,,,,
700375,100073,Resource Care,100548,Customer Success Check-In,Draft,N,Y,Reviewed performance and gathered feedback.,100770,Alex Costa,Y,,3.3,6.8,100292,Y,6.1,How satisfied are you with the service?,Some concerns about turnaround time.,6.9,9.1,Gamma,Y,3.7,7.1,2.8,7.3,6.3,4.5,3.9,,,N,,100643,Fatima Patel,2024-02-26 05:52:00,avery.mercer@sampleco.test,Skyler Vance,2022-11-28 16:42:00,omar.garcia@examplecorp.test,Reese Brooks,,,,elena.reyes@examplecorp.test,Liam Mensah,morgan.cohen@sampleco.test,Rahul Whitfield,Standard,100410,N,Standard,mei.kim@sampleco.test,Casey Sato,N,6859,8362,2623,7088,N,,,,,Noted a concern to revisit at the next sync.,,emerson.ivanov@examplecorp.test,,Resolved the outstanding question about scope.,skyler.vance@acme-fake.test,fatima.vance@acme-fake.test,N,,,,,,Riley Dorsey,,Standard,2025-04-04 21:00:00,1095,9336,Standard,Alpha,Gamma,Gamma,533,1187,6598,4615,6125,Standard,Aisha Ivanov,Sofia Costa,2026-06-05 16:39:00,,,,,,,,,,,,,,
700376,100648,Resource Care,100193,Quarterly Review,Final,N,Y,Aligned on billing and renewal terms.,100396,Marco Patel,Y,,1.0,4.2,100325,Y,4.5,Any concerns we should address?,Happy with the progress.,4.5,9.8,Other,N,9.3,9.2,3.3,1.0,1.5,4.3,1.8,,,Y,,100128,Marco Haddad,2026-04-15 07:42:00,emerson.dorsey@demomail.test,,2024-11-16 17:42:00,avery.sloan@sampleco.test,,,Gamma,Drew Larsson,marco.mercer@sampleco.test,Jamie Sloan,mei.nguyen@acme-fake.test,Rahul Mensah,Other,100675,Y,Gamma,sofia.costa@examplecorp.test,Elena Calder,Y,3978,1242,8311,6318,N,,,Delta,,Noted a concern to revisit at the next sync.,,casey.garcia@demomail.test,,Reviewed performance and gathered feedback.,mei.rossi@sampleco.test,diego.reyes@acme-fake.test,Y,,,,,,Casey Silva,,Gamma,2022-12-01 22:10:00,8856,8645,Delta,Standard,Delta,Gamma,7977,9645,5828,1813,2,Beta,Rowan Reyes,Chen Kim,2023-09-19 15:46:00,,,,,,,,,,,,,,
700377,100330,Resource Care,100465,Wellness Check-In,Final,N,Y,Scheduled a check-in for the coming month.,100576,Skyler Garcia,Y,,9.7,8.3,100776,Y,9.8,Are deliverables meeting expectations?,"Neutral, watching closely.",2.9,9.9,Standard,N,9.3,6.8,2.5,1.3,3.2,6.9,3.8,,,N,,100387,Noah Ivanov,2024-10-13 02:10:00,jordan.sloan@sampleco.test,,2023-02-11 01:10:00,rahul.vance@acme-fake.test,,,,Sofia Cohen,diego.dorsey@demomail.test,Riley Cohen,skyler.blake@acme-fake.test,Yara Costa,Beta,100380,Y,Standard,jordan.vance@examplecorp.test,Omar Vance,N,3229,8216,6583,3356,Y,,,,,Noted a concern to revisit at the next sync.,,fatima.sloan@demomail.test,,Reviewed performance and gathered feedback.,marco.dorsey@acme-fake.test,quinn.sloan@examplecorp.test,Y,Gamma,,Gamma,Delta,Beta,,,,2023-05-06 20:09:00,8111,9931,Beta,Other,Alpha,Standard,6401,1113,1091,1215,8644,Alpha,Yara Silva,Mei Okafor,2022-10-16 21:29:00,,,,,,,,9748,,,,,,
700378,100481,Customer Management,100022,Customer Success Check-In,Final,N,Y,Resolved the outstanding question about scope.,100246,Diego Silva,N,,1.4,6.0,100414,N,1.7,How likely are you to continue the engagement?,Exceeding expectations.,6.6,3.6,Delta,Y,4.7,4.3,3.0,3.9,7.5,9.0,8.4,,,N,,100208,Elena Ivanov,2024-11-14 15:08:00,nina.calder@sampleco.test,,2023-10-06 16:31:00,priya.larsson@examplecorp.test,Noah Ashby,,Other,,diego.reyes@sampleco.test,Liam Costa,avery.cohen@examplecorp.test,Fatima Kim,Standard,100389,N,Gamma,chen.ivanov@acme-fake.test,Nina Ivanov,Y,3132,3846,2527,219,N,,,,,Aligned on billing and renewal terms.,,jamie.sloan@acme-fake.test,,Discussed timeline and next steps with the account.,liam.haddad@acme-fake.test,skyler.nguyen@acme-fake.test,Y,,,,,,,,,2023-02-24 10:04:00,3656,7716,Standard,Beta,Other,Delta,5536,5078,3517,5599,7692,Other,Emerson Mensah,Emerson Dorsey,2023-07-13 08:02:00,,,,,,,,,,,,,,
700379,100393,Resource Care,100418,Wellness Check-In,Final,N,Y,Noted a concern to revisit at the next sync.,100253,Priya Haddad,Y,,1.2,8.6,100336,Y,1.4,How satisfied are you with the service?,Very satisfied overall.,9.7,7.6,Other,Y,6.3,6.4,8.4,4.2,8.6,6.9,5.0,,,N,,100219,Marco Whitfield,2026-02-18 02:04:00,noah.reyes@examplecorp.test,,2023-01-26 19:36:00,rowan.ford@acme-fake.test,,,,,drew.calder@acme-fake.test,Arjun Patel,riley.costa@acme-fake.test,Sofia Cohen,Standard,100058,N,Alpha,sofia.sloan@acme-fake.test,Mei Kim,Y,1891,4192,4792,3570,Y,,,,,Discussed timeline and next steps with the account.,,jordan.sato@acme-fake.test,,Discussed timeline and next steps with the account.,casey.blake@sampleco.test,jordan.garcia@demomail.test,Y,,,Standard,,Other,,,,2025-04-27 22:51:00,8076,1857,Alpha,Alpha,Beta,Standard,87,3659,9320,5688,5806,Beta,Nina Cohen,Rahul Calder,2023-08-18 18:04:00,,,,,,,,,,,,,,
700380,100046,Resource Care,100570,Wellness Check-In,Final,N,Y,Discussed timeline and next steps with the account.,100311,Riley Sato,N,,4.0,3.6,100396,Y,1.7,How is communication with your team?,"Going well, minor tweaks needed.",7.2,6.9,Beta,Y,9.0,3.4,9.6,9.1,4.0,6.3,5.2,,,N,,100221,Aisha Mercer,2025-09-30 04:27:00,rowan.silva@demomail.test,,2023-09-03 10:26:00,skyler.silva@acme-fake.test,,,,Aisha Ashby,chen.vance@acme-fake.test,Riley Calder,aisha.mensah@acme-fake.test,Noah Rossi,Gamma,100595,Y,Delta,arjun.costa@demomail.test,Alex Haddad,Y,7133,436,1300,8839,Y,,,,,Reviewed performance and gathered feedback.,,liam.dorsey@acme-fake.test,,Discussed timeline and next steps with the account.,elena.garcia@acme-fake.test,priya.okafor@examplecorp.test,N,,,,,,,,,2023-04-24 02:47:00,5946,6487,Alpha,Alpha,Standard,Standard,4279,1965,9358,6541,1217,Other,Aisha Sato,Mei Blake,2025-09-02 03:02:00,,,,,,,,,,,,,,
700381,100504,Customer Management,100761,Quarterly Review,Final,Y,Y,Shared the updated proposal for review.,100366,Reese Calder,N,,2.9,6.4,100702,N,5.7,Are deliverables meeting expectations?,Very satisfied overall.,7.9,5.9,Alpha,Y,9.3,1.8,3.6,4.4,1.4,7.8,1.8,,,Y,,100404,Morgan Haddad,2023-01-18 01:59:00,casey.okafor@examplecorp.test,,2023-09-26 07:42:00,nina.dorsey@demomail.test,,,,Chen Costa,fatima.mercer@acme-fake.test,Rahul Okafor,jamie.garcia@demomail.test,Morgan Garcia,Standard,100779,N,Other,casey.blake@sampleco.test,Quinn Rossi,Y,3323,7346,2995,5838,Y,,,,,Aligned on billing and renewal terms.,,rahul.costa@demomail.test,,Aligned on billing and renewal terms.,taylor.ford@acme-fake.test,arjun.mensah@acme-fake.test,Y,,,Beta,,Delta,,,,2026-06-20 08:27:00,2173,411,Alpha,Standard,Delta,Gamma,356,2972,5092,4663,355,Beta,Arjun Ashby,Diego Patel,2023-07-08 17:56:00,,,,,,,,,,,,,,
700382,100442,Resource Care,100117,Customer Success Check-In,Final,N,N,Scheduled a check-in for the coming month.,100112,Riley Calder,Y,,1.1,5.3,100098,N,5.8,Any concerns we should address?,Happy with the progress.,4.0,3.5,Delta,N,8.2,2.8,1.7,7.8,7.6,6.3,6.1,,,Y,,100634,Liam Cohen,2024-02-28 20:38:00,fatima.blake@examplecorp.test,,2022-12-03 23:46:00,drew.costa@examplecorp.test,,,,Sofia Blake,quinn.okafor@examplecorp.test,Quinn Dorsey,mei.reyes@examplecorp.test,Sofia Blake,Alpha,100435,N,Beta,reese.haddad@sampleco.test,Avery Larsson,Y,4968,7900,2012,6239,Y,,,,,Shared the updated proposal for review.,,alex.calder@sampleco.test,,Aligned on billing and renewal terms.,jamie.mensah@acme-fake.test,marco.larsson@acme-fake.test,N,Delta,,,,Gamma,,Other,,2025-03-19 03:14:00,1580,2575,Delta,Gamma,Beta,Delta,4444,2231,6861,2123,2224,Alpha,Yara Whitfield,Nina Haddad,2024-11-07 12:09:00,,,,,,,,,,,,,,
700383,100548,Customer Management,100639,Customer Success Check-In,Final,N,Y,Aligned on billing and renewal terms.,100029,Liam Sato,N,,7.2,8.1,100768,N,3.3,Any concerns we should address?,Very satisfied overall.,2.6,8.5,Delta,Y,5.0,5.9,2.2,2.7,7.3,7.0,5.2,,,Y,,100652,Chen Silva,2025-08-11 20:49:00,mei.silva@acme-fake.test,,2024-03-26 14:05:00,marco.vance@examplecorp.test,,,Standard,Jamie Nguyen,avery.reyes@demomail.test,Quinn Cohen,omar.ashby@sampleco.test,Nina Okafor,Gamma,100224,N,Alpha,rahul.larsson@examplecorp.test,Aisha Brooks,Y,2000,4459,6692,4231,Y,,,,,Followed up on the open items from last week.,,priya.brooks@sampleco.test,,Reviewed performance and gathered feedback.,elena.brooks@examplecorp.test,drew.brooks@sampleco.test,N,,Followed up on the open items from last week.,,Beta,,,,,2023-04-25 22:18:00,3315,6114,Other,Gamma,Delta,Alpha,3032,5634,6130,7216,7563,Delta,Avery Okafor,Quinn Whitfield,2024-05-29 20:45:00,,,,,,,,,,,,,,
700384,100619,Customer Management,100022,Quarterly Review,Draft,N,Y,Resolved the outstanding question about scope.,100242,Avery Sato,Y,,9.3,5.6,100382,N,6.7,Any concerns we should address?,Happy with the progress.,9.1,9.6,Delta,Y,6.0,7.9,7.6,9.7,3.4,5.9,2.6,,,N,,100448,Drew Ivanov,2022-11-10 15:25:00,skyler.brooks@acme-fake.test,,2024-11-12 18:54:00,jamie.nguyen@demomail.test,,,Alpha,Arjun Haddad,yara.sloan@demomail.test,Reese Larsson,rowan.nguyen@examplecorp.test,Aisha Reyes,Other,100442,Y,Gamma,avery.vance@demomail.test,Priya Larsson,N,8054,2954,2020,9447,N,,,Gamma,,Followed up on the open items from last week.,,marco.patel@examplecorp.test,,Noted a concern to revisit at the next sync.,taylor.ford@sampleco.test,priya.calder@acme-fake.test,N,,,,Gamma,Other,,,,2025-09-08 20:34:00,7667,292,Standard,Other,Delta,Gamma,4694,4494,3477,2523,7113,Beta,Sofia Whitfield,Emerson Mercer,2023-12-16 11:46:00,,,,,,,,,,,,,,
700385,100519,Customer Management,100112,Quarterly Review,Final,N,Y,Discussed timeline and next steps with the account.,100260,Emerson Sloan,Y,,6.4,3.5,100162,N,9.4,How likely are you to continue the engagement?,Some concerns about turnaround time.,8.0,2.0,Gamma,N,1.6,9.2,2.0,8.7,6.6,8.0,4.9,,,Y,,100033,Rowan Sloan,2026-06-11 10:02:00,elena.mercer@demomail.test,,2023-01-02 02:12:00,emerson.kim@acme-fake.test,Emerson Brooks,,,,marco.silva@examplecorp.test,Sofia Reyes,liam.dorsey@examplecorp.test,Elena Vance,Alpha,100201,Y,Standard,sofia.calder@sampleco.test,Priya Silva,Y,447,586,2243,2798,N,,,Gamma,,Scheduled a check-in for the coming month.,,aisha.nguyen@acme-fake.test,,Discussed timeline and next steps with the account.,quinn.rossi@examplecorp.test,noah.ivanov@sampleco.test,Y,,,,,Other,,,,2025-01-25 16:07:00,6982,5027,Alpha,Other,Alpha,Beta,6767,8332,9595,984,1336,Beta,Skyler Costa,Avery Brooks,2025-06-28 14:10:00,,,,,,,,,,,,,,
700386,100469,Customer Management,100574,Quarterly Review,Final,N,Y,Discussed timeline and next steps with the account.,100296,Casey Whitfield,Y,,9.0,9.0,100528,Y,8.6,How satisfied are you with the service?,Exceeding expectations.,7.0,5.6,Other,N,4.9,8.9,2.1,3.0,6.2,9.1,4.5,,,N,,100205,Chen Brooks,2024-09-24 02:31:00,reese.calder@acme-fake.test,,2023-04-07 10:16:00,drew.okafor@examplecorp.test,,,,,emerson.okafor@examplecorp.test,Jamie Ivanov,quinn.ashby@examplecorp.test,Omar Dorsey,Beta,100596,Y,Gamma,mei.mercer@demomail.test,Priya Garcia,Y,4141,6497,1366,2805,N,,,,,Reviewed performance and gathered feedback.,,jordan.calder@sampleco.test,,Reviewed performance and gathered feedback.,aisha.dorsey@sampleco.test,emerson.reyes@sampleco.test,Y,,Noted a concern to revisit at the next sync.,,,,,Delta,Beta,2024-10-22 23:03:00,2838,7825,Alpha,Alpha,Delta,Gamma,6126,8278,1347,7211,2114,Alpha,Liam Nguyen,Arjun Costa,2026-05-30 03:00:00,,,,,,,,,,,,,,
700387,100707,Resource Care,100619,Quarterly Review,Final,N,N,Noted a concern to revisit at the next sync.,100473,Chen Calder,Y,,5.1,1.5,100328,Y,7.3,Any concerns we should address?,Very satisfied overall.,9.2,9.0,Other,Y,2.9,5.7,10.0,1.9,4.1,2.4,8.7,,,Y,,100065,Diego Mercer,2026-01-15 13:57:00,chen.mercer@sampleco.test,,2025-08-09 00:18:00,yara.vance@sampleco.test,,,,Jordan Ivanov,sofia.patel@acme-fake.test,Jordan Sato,jamie.ashby@examplecorp.test,Mei Reyes,Other,100012,N,Other,jordan.silva@demomail.test,Taylor Cohen,N,4024,5294,4306,6422,N,,,,,Shared the updated proposal for review.,Taylor Larsson,sofia.ivanov@demomail.test,,Followed up on the open items from last week.,reese.cohen@examplecorp.test,emerson.ashby@demomail.test,N,,,Other,,,,,,2026-01-12 17:06:00,5026,9382,Alpha,Beta,Delta,Delta,525,1347,7851,8889,6531,Beta,Drew Silva,Liam Blake,2024-02-01 17:55:00,,,,,,,,,,,,,,
700388,100139,Customer Management,100435,Customer Success Check-In,Final,N,N,Scheduled a check-in for the coming month.,100247,Riley Nguyen,Y,,8.5,5.9,100785,N,9.1,Are deliverables meeting expectations?,Happy with the progress.,5.4,7.8,Other,N,6.7,9.0,9.8,1.3,4.6,2.1,4.1,,,N,,100009,Reese Vance,2025-05-12 16:29:00,morgan.calder@examplecorp.test,,2026-04-10 15:25:00,rahul.calder@demomail.test,Rowan Rossi,,,,skyler.haddad@acme-fake.test,Aisha Okafor,drew.brooks@acme-fake.test,Fatima Dorsey,Standard,100613,Y,Standard,rowan.costa@examplecorp.test,Nina Mensah,N,3161,7688,4611,7612,N,,,,,Followed up on the open items from last week.,,aisha.haddad@acme-fake.test,,Shared the updated proposal for review.,quinn.okafor@demomail.test,nina.calder@acme-fake.test,Y,Delta,,,,,,,Beta,2024-09-09 09:46:00,4252,5184,Alpha,Beta,Other,Standard,4404,8847,8997,3368,3619,Other,Sofia Sato,Diego Mercer,2023-08-12 20:05:00,,,,,,,,,,3261,,,,
700389,100029,Customer Management,100055,Customer Success Check-In,Final,N,Y,Discussed timeline and next steps with the account.,100185,Taylor Dorsey,Y,,8.6,7.1,100055,Y,5.5,Any concerns we should address?,Exceeding expectations.,5.7,4.9,Delta,N,8.7,4.3,5.5,8.9,1.9,1.8,8.0,,,Y,,100236,Rahul Garcia,2022-10-04 21:37:00,marco.ashby@examplecorp.test,,2023-01-10 02:29:00,diego.whitfield@demomail.test,,,,,mei.dorsey@acme-fake.test,Noah Nguyen,liam.ivanov@examplecorp.test,Elena Sloan,Delta,100314,Y,Alpha,reese.cohen@sampleco.test,Quinn Mercer,Y,5535,9206,6336,7676,N,,,,,Aligned on billing and renewal terms.,,marco.garcia@examplecorp.test,,Scheduled a check-in for the coming month.,fatima.larsson@acme-fake.test,mei.haddad@examplecorp.test,N,Delta,Shared the updated proposal for review.,,,,,,,2025-01-28 08:18:00,6098,5274,Alpha,Other,Gamma,Gamma,9707,7521,3102,249,2662,Delta,Skyler Patel,Skyler Larsson,2026-06-27 08:20:00,,,,,,,,,,,,,,
700390,100465,Customer Management,100023,Quarterly Review,Final,N,N,Aligned on billing and renewal terms.,100026,Elena Kim,N,,9.5,2.9,100284,Y,3.7,How likely are you to continue the engagement?,"Neutral, watching closely.",3.7,4.3,Standard,N,5.7,6.3,2.2,9.6,9.2,4.1,7.4,,,N,,100139,Riley Okafor,2026-04-20 08:08:00,noah.calder@acme-fake.test,,2022-11-15 12:08:00,drew.haddad@acme-fake.test,,,,Diego Ivanov,jamie.patel@demomail.test,Quinn Reyes,omar.patel@sampleco.test,Sofia Reyes,Other,100700,N,Delta,marco.haddad@examplecorp.test,Avery Rossi,Y,5923,5431,6083,5993,Y,,,,,Noted a concern to revisit at the next sync.,,aisha.ashby@demomail.test,,Reviewed performance and gathered feedback.,omar.patel@acme-fake.test,noah.okafor@sampleco.test,N,,,,,,Mei Haddad,,,2024-09-30 22:30:00,6605,3668,Beta,Beta,Gamma,Delta,616,6101,8737,8991,8955,Standard,Liam Ashby,Riley Ivanov,2025-05-07 02:26:00,,,,,,,,,1033,,,,,
700391,100295,Resource Care,100155,Wellness Check-In,Final,Y,N,Discussed timeline and next steps with the account.,100471,Rahul Garcia,Y,,9.6,8.4,100119,N,9.7,How satisfied are you with the service?,Exceeding expectations.,1.6,8.9,Standard,Y,7.1,2.0,2.7,9.8,5.3,2.7,6.1,,,Y,,100490,Quinn Sato,2025-03-16 19:34:00,yara.calder@demomail.test,,2023-04-23 05:50:00,skyler.garcia@examplecorp.test,,,,,aisha.ivanov@demomail.test,Jamie Calder,priya.garcia@acme-fake.test,Diego Mensah,Beta,100434,Y,Other,riley.mensah@examplecorp.test,Drew Costa,Y,2121,926,4123,5857,N,,,,,Discussed timeline and next steps with the account.,,diego.ashby@examplecorp.test,,Discussed timeline and next steps with the account.,riley.whitfield@acme-fake.test,liam.blake@sampleco.test,Y,,Shared the updated proposal for review.,,,Delta,Reese Ivanov,Alpha,Beta,2026-07-08 09:52:00,2006,4881,Delta,Beta,Alpha,Alpha,4502,8133,5834,8252,7278,Other,Liam Patel,Emerson Rossi,2023-04-05 08:58:00,,,,,,,,,,,9511,,,
700392,100023,Customer Management,100675,Wellness Check-In,Final,Y,N,Aligned on billing and renewal terms.,100652,Marco Silva,Y,,3.8,8.0,100023,Y,7.8,How likely are you to continue the engagement?,Exceeding expectations.,5.1,1.7,Alpha,N,2.5,9.1,9.4,3.2,3.9,1.3,4.2,,,N,,100071,Jamie Garcia,2025-11-29 20:41:00,diego.sato@sampleco.test,,2026-06-12 08:13:00,chen.sloan@acme-fake.test,,,,Skyler Reyes,rahul.reyes@examplecorp.test,Rowan Patel,rahul.calder@demomail.test,Aisha Nguyen,Standard,100445,Y,Gamma,alex.larsson@acme-fake.test,Noah Sato,N,9333,7492,1444,4614,Y,,,,,Resolved the outstanding question about scope.,,riley.sato@sampleco.test,,Shared the updated proposal for review.,taylor.sloan@sampleco.test,noah.sloan@demomail.test,N,Standard,,,,,,,,2024-06-14 16:10:00,546,8749,Other,Alpha,Standard,Beta,5253,3316,8204,3280,4872,Other,Arjun Vance,Omar Sloan,2024-09-13 15:19:00,,,,,,,,,,,,,,
700393,100012,Resource Care,100339,Wellness Check-In,Final,N,N,Reviewed performance and gathered feedback.,100260,Priya Reyes,N,,9.9,1.7,100599,Y,5.8,How likely are you to continue the engagement?,Very satisfied overall.,9.1,3.1,Gamma,N,1.0,2.7,4.0,6.3,7.1,3.1,8.4,,,N,,100300,Priya Ford,2024-08-30 22:29:00,casey.dorsey@sampleco.test,,2022-10-13 15:43:00,skyler.mercer@sampleco.test,,,Other,,drew.costa@demomail.test,Aisha Calder,avery.ivanov@examplecorp.test,Sofia Larsson,Alpha,100357,N,Delta,rahul.larsson@acme-fake.test,Elena Mensah,N,6864,6828,7571,7095,Y,,,,,Resolved the outstanding question about scope.,,omar.blake@acme-fake.test,,Scheduled a check-in for the coming month.,avery.haddad@sampleco.test,elena.whitfield@acme-fake.test,Y,,,,,,,,,2023-12-05 00:00:00,4297,2150,Beta,Standard,Other,Alpha,9802,8298,7582,6028,9924,Other,Omar Vance,Mei Dorsey,2023-03-13 22:00:00,,,,,,,,,,,,,,
700394,100322,Customer Management,100092,Customer Success Check-In,Final,N,Y,Scheduled a check-in for the coming month.,100296,Diego Calder,Y,,7.3,3.8,100718,Y,9.2,How likely are you to continue the engagement?,Exceeding expectations.,3.5,1.5,Beta,Y,8.7,6.3,6.6,4.0,7.1,2.3,6.6,,,Y,,100493,Marco Nguyen,2026-05-18 16:52:00,mei.patel@demomail.test,,2024-05-03 09:28:00,arjun.dorsey@examplecorp.test,,,,,diego.rossi@examplecorp.test,Yara Brooks,aisha.ivanov@examplecorp.test,Fatima Dorsey,Gamma,100089,N,Alpha,arjun.rossi@demomail.test,Taylor Whitfield,Y,2377,8197,1368,4879,Y,,,,,Scheduled a check-in for the coming month.,,arjun.ashby@acme-fake.test,,Aligned on billing and renewal terms.,skyler.rossi@demomail.test,taylor.silva@examplecorp.test,Y,,Scheduled a check-in for the coming month.,Beta,Gamma,,,,Other,2026-03-11 01:36:00,38,6634,Beta,Delta,Delta,Delta,4746,1792,7732,169,3586,Other,Aisha Kim,Liam Ford,2025-06-24 01:50:00,,,,,,,,,,,,,,
700395,100120,Resource Care,100137,Customer Success Check-In,Final,Y,N,Discussed timeline and next steps with the account.,100145,Chen Patel,Y,,2.1,6.2,100429,Y,10.0,Are deliverables meeting expectations?,"Neutral, watching closely.",2.5,8.0,Delta,N,4.3,2.2,7.6,7.1,2.6,8.8,4.0,,,Y,,100119,Quinn Rossi,2024-05-12 17:16:00,emerson.ivanov@sampleco.test,,2024-01-28 11:30:00,noah.ivanov@examplecorp.test,,,Gamma,Reese Costa,mei.nguyen@demomail.test,Riley Haddad,chen.patel@acme-fake.test,Alex Vance,Alpha,100514,Y,Beta,reese.larsson@sampleco.test,Jordan Haddad,N,178,537,3745,1386,N,,,,,Aligned on billing and renewal terms.,,aisha.sato@demomail.test,,Scheduled a check-in for the coming month.,omar.sato@sampleco.test,reese.ford@demomail.test,N,,Aligned on billing and renewal terms.,,,Gamma,,Delta,Other,2023-12-10 16:20:00,4978,2885,Gamma,Standard,Beta,Delta,4142,1862,5795,583,9319,Standard,Quinn Ivanov,Jordan Whitfield,2023-08-20 06:16:00,,,,,,,,,,,,,Liam Kim,Emerson Ashby
700396,100660,Customer Management,100472,Wellness Check-In,Final,N,N,Resolved the outstanding question about scope.,100503,Casey Blake,Y,,5.8,3.8,100498,N,6.8,How is communication with your team?,"Neutral, watching closely.",3.0,2.8,Standard,Y,7.8,2.9,10.0,1.3,3.8,1.5,7.2,,,Y,,100022,Liam Sloan,2026-01-22 19:03:00,liam.ivanov@examplecorp.test,,2024-11-22 09:26:00,quinn.costa@acme-fake.test,,,,,fatima.ford@acme-fake.test,Nina Calder,rowan.ashby@sampleco.test,Noah Ford,Standard,100233,Y,Delta,alex.vance@acme-fake.test,Sofia Garcia,N,2387,5888,6998,4845,Y,,,,,Discussed timeline and next steps with the account.,,liam.reyes@examplecorp.test,,Resolved the outstanding question about scope.,riley.garcia@examplecorp.test,jamie.sloan@demomail.test,N,,,Alpha,Alpha,,,,,2023-08-31 05:11:00,1936,2748,Gamma,Beta,Standard,Beta,2603,212,2377,718,7689,Beta,Aisha Patel,Reese Okafor,2026-03-27 11:03:00,,,,,,,,,,,,,,
700397,100087,Resource Care,100071,Wellness Check-In,Final,N,N,Discussed timeline and next steps with the account.,100572,Chen Sloan,N,,6.0,4.4,100619,Y,7.3,Are deliverables meeting expectations?,Happy with the progress.,9.9,4.5,Gamma,Y,6.6,1.0,4.3,1.5,1.9,8.8,1.1,,,N,,100484,Sofia Blake,2022-11-24 12:27:00,reese.mercer@demomail.test,Mei Nguyen,2023-08-05 05:27:00,emerson.haddad@sampleco.test,,,,,morgan.patel@sampleco.test,Yara Rossi,reese.ford@examplecorp.test,Avery Mercer,Gamma,100100,Y,Alpha,skyler.mensah@examplecorp.test,Taylor Garcia,Y,1256,2189,9953,2464,Y,,,,,Shared the updated proposal for review.,,sofia.whitfield@acme-fake.test,,Followed up on the open items from last week.,casey.mensah@examplecorp.test,omar.haddad@acme-fake.test,N,,,,,,Jamie Ashby,,,2024-08-05 00:16:00,7482,6358,Other,Alpha,Alpha,Beta,9673,8617,3243,7006,696,Beta,Rowan Ivanov,Arjun Dorsey,2023-08-04 05:54:00,,,,,,,,,,,8979,,,
700398,100500,Resource Care,100400,Quarterly Review,Draft,Y,N,Aligned on billing and renewal terms.,100079,Avery Garcia,Y,,8.9,3.9,100177,Y,3.6,How likely are you to continue the engagement?,Very satisfied overall.,3.6,9.8,Delta,Y,4.1,1.7,7.4,7.8,1.5,5.0,7.2,,,N,,100645,Aisha Cohen,2024-03-02 11:49:00,rahul.reyes@examplecorp.test,,2023-12-12 11:44:00,nina.mercer@sampleco.test,,,,Omar Cohen,rahul.calder@sampleco.test,Yara Kim,fatima.calder@acme-fake.test,Avery Reyes,Standard,100732,N,Beta,fatima.calder@sampleco.test,Diego Vance,Y,2253,7920,5222,2486,N,,,,,Noted a concern to revisit at the next sync.,,emerson.larsson@examplecorp.test,,Resolved the outstanding question about scope.,morgan.larsson@examplecorp.test,riley.kim@sampleco.test,Y,,,,,,,Beta,,2024-03-02 16:43:00,4006,7524,Gamma,Alpha,Gamma,Standard,318,1640,837,7203,3006,Other,Skyler Mercer,Sofia Kim,2023-05-16 23:14:00,,3059,,,,,,,,,,,,
700399,100790,Customer Management,100421,Wellness Check-In,Final,Y,Y,Discussed timeline and next steps with the account.,100415,Fatima Silva,Y,,9.0,9.6,100392,Y,1.2,How satisfied are you with the service?,"Neutral, watching closely.",2.8,9.7,Gamma,N,9.3,6.9,2.8,5.8,4.6,8.8,5.8,,,N,,100050,Aisha Patel,2025-02-21 05:41:00,rahul.silva@acme-fake.test,,2023-04-21 10:35:00,jordan.sloan@examplecorp.test,,,,,yara.sloan@acme-fake.test,Jamie Dorsey,arjun.okafor@examplecorp.test,Skyler Costa,Beta,100286,Y,Beta,omar.sloan@acme-fake.test,Rahul Sloan,N,2575,7653,413,1014,N,,,,,Followed up on the open items from last week.,,nina.brooks@acme-fake.test,Beta,Reviewed performance and gathered feedback.,rahul.sato@examplecorp.test,fatima.sloan@sampleco.test,Y,,,,,,,,,2022-11-01 07:35:00,866,8723,Other,Beta,Beta,Gamma,336,7550,2505,5285,2847,Beta,Yara Vance,Skyler Vance,2024-01-18 12:30:00,,,,,,,,,,8587,,,,
700400,100355,Customer Management,100359,Quarterly Review,Final,Y,N,Scheduled a check-in for the coming month.,100495,Riley Mercer,N,,9.2,5.7,100648,Y,4.8,How satisfied are you with the service?,Exceeding expectations.,4.4,7.6,Gamma,Y,8.2,7.9,4.4,3.1,5.5,2.0,6.3,,,Y,,100332,Liam Blake,2024-02-08 09:12:00,arjun.nguyen@examplecorp.test,,2025-08-31 12:35:00,jordan.reyes@demomail.test,,,,,priya.mensah@acme-fake.test,Priya Rossi,priya.sato@acme-fake.test,Jamie Costa,Standard,100782,Y,Standard,diego.kim@examplecorp.test,Sofia Whitfield,N,6584,3051,551,5540,N,,Beta,Gamma,,Aligned on billing and renewal terms.,,morgan.whitfield@examplecorp.test,,Followed up on the open items from last week.,yara.calder@demomail.test,aisha.dorsey@sampleco.test,N,,,,,,,,Beta,2023-10-04 11:29:00,6819,7001,Alpha,Standard,Alpha,Delta,1092,9024,6211,1524,438,Gamma,Sofia Costa,Morgan Sloan,2023-12-21 17:08:00,,,,,,,,,,,,,,
700401,100199,Resource Care,100273,Wellness Check-In,Final,N,Y,Noted a concern to revisit at the next sync.,100058,Aisha Brooks,Y,,1.1,1.0,100465,Y,3.3,How likely are you to continue the engagement?,Happy with the progress.,5.2,7.9,Standard,Y,1.9,6.7,6.8,2.2,9.2,7.2,3.5,,,Y,,100288,Omar Dorsey,2025-10-25 18:36:00,rowan.dorsey@sampleco.test,,2025-12-26 23:22:00,rowan.silva@demomail.test,,,Delta,,elena.calder@demomail.test,Skyler Garcia,yara.ashby@demomail.test,Avery Okafor,Standard,100156,Y,Beta,yara.reyes@examplecorp.test,Morgan Nguyen,N,5371,6250,8700,7901,N,,,,,Scheduled a check-in for the coming month.,,omar.ivanov@examplecorp.test,,Resolved the outstanding question about scope.,rahul.whitfield@demomail.test,omar.calder@acme-fake.test,Y,,Noted a concern to revisit at the next sync.,,,,,Beta,,2025-04-28 03:22:00,1690,7752,Beta,Delta,Gamma,Gamma,2590,7411,1940,2125,7707,Standard,Yara Sloan,Chen Ivanov,2023-01-20 06:39:00,,,,,,,,,,,,,,
700402,100665,Resource Care,100256,Wellness Check-In,Final,Y,N,Resolved the outstanding question about scope.,100473,Alex Ford,N,,8.2,3.1,100169,N,3.1,Any concerns we should address?,Very satisfied overall.,4.0,4.2,Other,Y,7.8,7.8,9.9,3.3,8.6,6.0,7.0,,,Y,,100640,Nina Vance,2024-12-06 18:21:00,skyler.cohen@sampleco.test,,2022-12-01 09:39:00,aisha.rossi@sampleco.test,,,Alpha,,chen.garcia@acme-fake.test,Diego Kim,jamie.reyes@examplecorp.test,Reese Calder,Delta,100697,Y,Gamma,avery.kim@acme-fake.test,Chen Haddad,N,2966,955,8041,2688,N,,,,,Aligned on billing and renewal terms.,,fatima.whitfield@demomail.test,,Reviewed performance and gathered feedback.,mei.silva@demomail.test,omar.costa@acme-fake.test,Y,Beta,,,,Alpha,Omar Sato,,Gamma,2025-01-24 20:56:00,2672,4323,Delta,Alpha,Standard,Gamma,4082,9196,1085,2336,3340,Standard,Reese Whitfield,Yara Ashby,2023-04-04 16:04:00,,,,,,,,,,,,,,
700403,100061,Resource Care,100770,Wellness Check-In,Final,N,N,Resolved the outstanding question about scope.,100414,Noah Rossi,N,,3.1,6.3,100699,Y,4.0,How likely are you to continue the engagement?,Very satisfied overall.,2.5,5.4,Beta,Y,4.5,3.4,5.8,1.1,2.9,7.6,6.1,,,N,,100257,Reese Okafor,2022-10-15 06:31:00,quinn.dorsey@acme-fake.test,,2022-11-02 01:09:00,avery.larsson@examplecorp.test,,,,,nina.whitfield@examplecorp.test,Mei Sloan,elena.mercer@examplecorp.test,Reese Okafor,Delta,100100,N,Delta,quinn.cohen@demomail.test,Chen Larsson,Y,2990,4119,612,6569,N,,,,,Reviewed performance and gathered feedback.,,aisha.haddad@demomail.test,,Discussed timeline and next steps with the account.,rahul.reyes@demomail.test,rowan.nguyen@demomail.test,N,,,Standard,Standard,Other,Alex Sato,,,2024-10-04 02:14:00,1310,8954,Beta,Standard,Standard,Beta,4344,5612,1971,3082,9083,Standard,Fatima Kim,Riley Kim,2025-07-14 01:34:00,,,,,,,,,,,,,,
700404,100438,Resource Care,100412,Quarterly Review,Final,N,Y,Followed up on the open items from last week.,100361,Rowan Whitfield,Y,,4.0,9.3,100336,Y,10.0,Are deliverables meeting expectations?,Very satisfied overall.,2.5,1.6,Other,N,7.5,6.1,1.6,1.1,2.2,4.6,8.2,,,Y,,100349,Diego Calder,2024-05-04 13:07:00,skyler.sato@examplecorp.test,,2025-07-03 12:58:00,omar.cohen@examplecorp.test,,,,,reese.sato@examplecorp.test,Mei Cohen,taylor.okafor@demomail.test,Rowan Haddad,Gamma,100611,N,Beta,quinn.brooks@demomail.test,Quinn Sato,Y,6348,7414,1003,2245,N,,,,,Followed up on the open items from last week.,,reese.brooks@sampleco.test,,Noted a concern to revisit at the next sync.,yara.ashby@acme-fake.test,avery.garcia@examplecorp.test,Y,,,Gamma,Standard,,Casey Blake,Standard,,2024-01-11 21:36:00,4327,5296,Standard,Other,Other,Alpha,9303,7025,1605,7650,8389,Gamma,Mei Garcia,Riley Larsson,2025-07-05 02:40:00,,1950,,,,Alpha,,,,,,,,
700405,100434,Customer Management,100077,Wellness Check-In,Draft,N,N,Aligned on billing and renewal terms.,100343,Noah Calder,N,,5.2,5.1,100286,N,5.9,How is communication with your team?,"Going well, minor tweaks needed.",1.3,3.0,Alpha,Y,3.8,5.2,4.1,2.1,6.8,9.7,5.8,,,Y,,100086,Omar Whitfield,2024-08-04 01:20:00,alex.blake@sampleco.test,,2022-10-14 20:36:00,casey.nguyen@examplecorp.test,Jordan Cohen,,Alpha,,skyler.calder@acme-fake.test,Taylor Mercer,alex.calder@demomail.test,Alex Sato,Alpha,100561,N,Beta,aisha.reyes@demomail.test,Riley Larsson,N,7650,1770,273,2475,N,,,,,Shared the updated proposal for review.,,morgan.sloan@acme-fake.test,,Followed up on the open items from last week.,quinn.brooks@sampleco.test,reese.rossi@demomail.test,Y,,Reviewed performance and gathered feedback.,,,,,,,2025-12-07 01:28:00,6140,1746,Gamma,Other,Beta,Alpha,5541,8530,7305,6753,2738,Beta,Taylor Sato,Noah Larsson,2026-04-24 22:38:00,,,,,,,,,,,,,,
700406,100275,Customer Management,100035,Customer Success Check-In,Final,Y,Y,Noted a concern to revisit at the next sync.,100528,Aisha Ford,Y,,7.5,9.0,100019,N,7.9,Any concerns we should address?,"Going well, minor tweaks needed.",4.6,4.8,Gamma,Y,2.0,3.4,6.1,7.5,6.5,7.9,3.9,,,Y,,100498,Arjun Dorsey,2026-03-07 00:44:00,skyler.kim@demomail.test,,2025-11-29 10:35:00,emerson.larsson@demomail.test,Sofia Sloan,,,Alex Ford,yara.cohen@examplecorp.test,Yara Kim,priya.mercer@examplecorp.test,Liam Silva,Standard,100472,N,Beta,rowan.nguyen@demomail.test,Drew Sato,Y,8534,4830,1327,6607,N,,,,,Scheduled a check-in for the coming month.,,diego.okafor@acme-fake.test,,Resolved the outstanding question about scope.,marco.sloan@sampleco.test,sofia.vance@demomail.test,Y,,,,,Beta,,,Beta,2022-10-03 19:04:00,9405,8721,Gamma,Beta,Beta,Gamma,2505,6002,3850,2487,9220,Standard,Jordan Okafor,Morgan Kim,2026-02-04 22:22:00,2044,,Alpha,,,,,,,,,,,
700407,100611,Customer Management,100634,Wellness Check-In,Final,Y,Y,Followed up on the open items from last week.,100319,Jordan Kim,N,,5.0,3.8,100472,Y,6.6,How satisfied are you with the service?,Very satisfied overall.,5.8,8.4,Other,Y,4.2,7.3,5.7,9.4,7.6,5.7,3.2,,,N,,100204,Emerson Whitfield,2024-07-14 04:05:00,quinn.blake@acme-fake.test,,2025-08-15 04:22:00,jamie.okafor@acme-fake.test,,,,,taylor.ashby@demomail.test,Morgan Garcia,jamie.okafor@demomail.test,Emerson Blake,Delta,100031,Y,Delta,sofia.dorsey@examplecorp.test,Marco Okafor,Y,630,4292,270,3537,N,,,,,Noted a concern to revisit at the next sync.,,nina.silva@examplecorp.test,,Reviewed performance and gathered feedback.,yara.ivanov@sampleco.test,diego.larsson@examplecorp.test,N,,,Other,,,,Delta,Standard,2025-10-28 07:41:00,8403,2933,Delta,Gamma,Beta,Alpha,3258,2715,549,3319,7545,Gamma,Casey Sloan,Mei Patel,2024-03-20 11:04:00,,,,,,,,,,,,,,
700408,100372,Customer Management,100123,Customer Success Check-In,Draft,Y,Y,Aligned on billing and renewal terms.,100103,Reese Ivanov,N,,6.4,7.9,100194,Y,5.8,Any concerns we should address?,Happy with the progress.,6.2,4.8,Delta,Y,7.0,4.6,5.0,1.4,9.9,9.7,2.7,,,Y,,100217,Skyler Costa,2024-03-23 01:33:00,morgan.blake@demomail.test,,2026-01-22 09:49:00,liam.dorsey@sampleco.test,,,,,skyler.blake@sampleco.test,Morgan Cohen,marco.cohen@acme-fake.test,Diego Blake,Gamma,100098,Y,Gamma,riley.okafor@demomail.test,Sofia Ivanov,Y,8159,8158,5440,8113,Y,,,Delta,,Aligned on billing and renewal terms.,,nina.reyes@sampleco.test,,Aligned on billing and renewal terms.,rowan.ford@acme-fake.test,marco.dorsey@examplecorp.test,Y,,Discussed timeline and next steps with the account.,,,Other,,Standard,Delta,2025-01-10 06:04:00,4229,8015,Beta,Delta,Beta,Beta,9845,3553,3884,8285,3504,Alpha,Diego Silva,Omar Reyes,2024-01-09 18:03:00,,,,,,,,,,,,,,
700409,100233,Resource Care,100009,Customer Success Check-In,Final,N,N,Followed up on the open items from last week.,100756,Quinn Okafor,N,,9.8,8.2,100726,Y,1.7,Are deliverables meeting expectations?,"Going well, minor tweaks needed.",3.8,10.0,Gamma,Y,4.4,8.8,4.1,4.5,1.6,4.9,5.9,,,Y,,100619,Arjun Ashby,2025-08-23 02:39:00,rowan.vance@demomail.test,,2023-11-21 11:07:00,elena.rossi@demomail.test,,,Alpha,,jordan.sato@acme-fake.test,Riley Ford,diego.blake@demomail.test,Rowan Cohen,Standard,100469,Y,Alpha,jamie.nguyen@examplecorp.test,Casey Blake,N,4240,6068,2292,9988,N,,,,,Reviewed performance and gathered feedback.,,casey.ford@demomail.test,,Shared the updated proposal for review.,reese.ford@examplecorp.test,morgan.ashby@examplecorp.test,Y,Standard,Discussed timeline and next steps with the account.,,,,,,Other,2026-02-11 19:14:00,8965,621,Gamma,Gamma,Gamma,Other,124,2891,2477,8109,3467,Alpha,Aisha Ivanov,Taylor Blake,2026-01-05 22:36:00,,,,,,,,,,,,,,
700410,100224,Customer Management,100117,Quarterly Review,Final,Y,N,Aligned on billing and renewal terms.,100292,Alex Silva,Y,,9.9,5.9,100432,Y,6.9,How satisfied are you with the service?,Happy with the progress.,1.9,6.6,Alpha,N,8.0,6.3,9.8,2.6,5.9,4.8,3.5,,,N,,100639,Avery Ashby,2026-06-23 02:26:00,yara.mensah@acme-fake.test,Noah Blake,2025-04-03 01:54:00,marco.vance@demomail.test,,,,,skyler.haddad@demomail.test,Nina Ford,fatima.reyes@sampleco.test,Casey Costa,Standard,100647,Y,Beta,arjun.ashby@sampleco.test,Rahul Costa,Y,6191,1347,1624,9486,Y,,,,,Noted a concern to revisit at the next sync.,,arjun.dorsey@examplecorp.test,,Reviewed performance and gathered feedback.,skyler.garcia@demomail.test,drew.patel@examplecorp.test,N,,,,,,,,,2026-02-25 00:23:00,2576,8331,Other,Gamma,Other,Alpha,259,2869,9754,348,3184,Gamma,Omar Haddad,Riley Calder,2024-02-03 11:55:00,,,,,,,486,,,,,,,
700411,100336,Resource Care,100031,Quarterly Review,Final,N,N,Followed up on the open items from last week.,100005,Mei Whitfield,Y,,1.9,7.9,100053,N,3.6,Are deliverables meeting expectations?,Very satisfied overall.,8.5,2.9,Alpha,Y,5.4,1.3,9.5,9.5,1.5,10.0,4.3,,,N,,100704,Riley Ivanov,2024-05-04 13:54:00,rahul.blake@acme-fake.test,,2022-11-13 13:41:00,emerson.reyes@demomail.test,Fatima Calder,,,,priya.kim@demomail.test,Riley Sato,morgan.kim@sampleco.test,Alex Mercer,Beta,100246,N,Gamma,jordan.garcia@demomail.test,Chen Brooks,N,2416,552,9310,1334,N,,Delta,Gamma,,Reviewed performance and gathered feedback.,,liam.vance@sampleco.test,,Resolved the outstanding question about scope.,sofia.cohen@acme-fake.test,fatima.whitfield@demomail.test,N,,,Gamma,,,Skyler Nguyen,,,2022-10-26 20:01:00,6046,251,Alpha,Gamma,Standard,Gamma,6157,6348,9669,7253,4516,Other,Yara Blake,Morgan Okafor,2024-03-05 06:05:00,,,,,,,,,,,,,,
700412,100244,Resource Care,100307,Customer Success Check-In,Final,N,N,Resolved the outstanding question about scope.,100286,Quinn Sato,Y,,5.0,9.4,100296,N,7.3,Any concerns we should address?,Exceeding expectations.,1.6,3.7,Alpha,N,4.6,8.4,10.0,3.9,1.9,8.9,6.3,,,Y,,100730,Drew Rossi,2026-07-01 05:46:00,drew.mercer@demomail.test,,2023-09-26 19:00:00,nina.blake@acme-fake.test,,,,Drew Calder,riley.dorsey@sampleco.test,Jamie Blake,skyler.vance@examplecorp.test,Aisha Whitfield,Alpha,100314,N,Beta,nina.ford@acme-fake.test,Avery Brooks,Y,6315,3028,7192,352,Y,,Alpha,,,Resolved the outstanding question about scope.,,omar.ford@acme-fake.test,,Resolved the outstanding question about scope.,jamie.nguyen@demomail.test,quinn.rossi@acme-fake.test,N,,,,,,,Delta,,2025-07-16 09:20:00,1621,1461,Beta,Delta,Standard,Other,2627,9029,8644,9045,6963,Delta,Avery Blake,Morgan Calder,2025-04-22 21:12:00,,,,,,,,,,,,,,
700413,100791,Resource Care,100242,Customer Success Check-In,Draft,N,Y,Reviewed performance and gathered feedback.,100651,Mei Haddad,N,,2.4,6.8,100215,N,5.0,How satisfied are you with the service?,Some concerns about turnaround time.,5.5,5.3,Gamma,Y,8.2,1.2,2.1,5.6,4.3,7.9,3.0,,,N,,100540,Liam Okafor,2022-12-08 16:12:00,priya.dorsey@sampleco.test,,2023-07-19 21:05:00,diego.mercer@acme-fake.test,,,Other,,morgan.nguyen@examplecorp.test,Arjun Mercer,skyler.haddad@examplecorp.test,Elena Brooks,Other,100185,Y,Other,arjun.ashby@examplecorp.test,Liam Sloan,Y,9614,6375,1392,178,Y,,,,,Resolved the outstanding question about scope.,,skyler.patel@demomail.test,,Reviewed performance and gathered feedback.,mei.silva@examplecorp.test,taylor.whitfield@acme-fake.test,N,Standard,,,,,,,,2026-01-12 23:00:00,8195,7154,Beta,Delta,Standard,Standard,2022,4500,9545,4082,6668,Alpha,Avery Nguyen,Drew Rossi,2025-12-29 20:01:00,,,,,,,,,,,,,,Morgan Okafor
700414,100392,Customer Management,100232,Quarterly Review,Final,N,N,Noted a concern to revisit at the next sync.,100361,Priya Calder,Y,,7.1,2.1,100145,N,6.2,How is communication with your team?,Exceeding expectations.,2.3,2.0,Delta,Y,9.6,9.3,6.6,1.4,8.3,9.9,4.8,,,Y,,100466,Priya Mercer,2025-11-08 14:44:00,jordan.larsson@examplecorp.test,,2024-02-24 16:02:00,skyler.garcia@examplecorp.test,,,,,morgan.larsson@examplecorp.test,Rowan Ford,sofia.calder@acme-fake.test,Marco Rossi,Other,100555,Y,Standard,alex.okafor@acme-fake.test,Quinn Brooks,N,5943,4841,1835,121,N,,,,,Followed up on the open items from last week.,,quinn.cohen@examplecorp.test,,Reviewed performance and gathered feedback.,rowan.whitfield@acme-fake.test,avery.dorsey@demomail.test,Y,,,,,,,Delta,,2022-12-14 00:06:00,2782,100,Delta,Gamma,Delta,Standard,5651,8110,4387,8126,4421,Beta,Casey Nguyen,Elena Costa,2023-03-28 22:05:00,,,,,,,1210,,,,,,,
700415,100650,Resource Care,100574,Customer Success Check-In,Draft,Y,N,Aligned on billing and renewal terms.,100758,Chen Rossi,Y,,3.8,6.3,100460,N,3.0,Are deliverables meeting expectations?,Very satisfied overall.,7.3,1.5,Alpha,N,6.9,5.2,9.3,3.3,7.0,5.8,2.1,,,Y,,100407,Sofia Patel,2023-11-05 02:21:00,yara.costa@acme-fake.test,,2024-08-01 02:49:00,taylor.kim@examplecorp.test,,,,,omar.whitfield@acme-fake.test,Rahul Costa,diego.silva@acme-fake.test,Riley Sloan,Standard,100319,N,Other,reese.okafor@examplecorp.test,Chen Whitfield,Y,9574,2753,2460,4985,Y,,,,,Shared the updated proposal for review.,,emerson.dorsey@acme-fake.test,,Scheduled a check-in for the coming month.,morgan.garcia@acme-fake.test,arjun.costa@demomail.test,Y,Gamma,Aligned on billing and renewal terms.,,,Alpha,,,,2026-05-20 04:07:00,4859,8177,Standard,Standard,Delta,Other,1406,7744,3829,1256,8677,Standard,Liam Cohen,Jordan Vance,2022-12-24 18:23:00,,,,,,,,,,,,,,
700416,100425,Resource Care,100514,Quarterly Review,Final,Y,Y,Shared the updated proposal for review.,100046,Jamie Nguyen,Y,,2.9,5.1,100130,N,8.9,How likely are you to continue the engagement?,Some concerns about turnaround time.,9.2,9.8,Gamma,Y,6.9,3.2,2.6,8.8,9.9,1.4,3.5,,,N,,100385,Priya Costa,2026-05-27 17:33:00,reese.dorsey@examplecorp.test,,2024-10-16 13:59:00,morgan.sloan@demomail.test,,,,,reese.garcia@demomail.test,Noah Ivanov,arjun.whitfield@sampleco.test,Noah Garcia,Gamma,100378,N,Alpha,riley.dorsey@examplecorp.test,Drew Rossi,N,6764,3716,1697,2129,N,,,,,Followed up on the open items from last week.,Skyler Mensah,yara.mensah@sampleco.test,,Reviewed performance and gathered feedback.,sofia.sloan@sampleco.test,chen.mensah@examplecorp.test,Y,,Discussed timeline and next steps with the account.,,,,,,Other,2024-11-09 00:48:00,8568,2093,Standard,Other,Other,Gamma,461,7835,4725,1759,7369,Gamma,Jordan Mensah,Aisha Kim,2024-08-29 10:52:00,,,,,,,,,2886,,,Beta,,
700417,100012,Resource Care,100277,Customer Success Check-In,Final,Y,Y,Followed up on the open items from last week.,100718,Rowan Calder,Y,,3.1,4.0,100012,N,1.3,How is communication with your team?,Some concerns about turnaround time.,5.3,9.3,Beta,Y,3.5,4.3,8.6,1.9,7.3,7.6,4.0,,,N,,100493,Aisha Ford,2023-01-06 07:04:00,jordan.okafor@examplecorp.test,,2024-09-08 01:40:00,avery.garcia@acme-fake.test,,,,,sofia.mensah@demomail.test,Fatima Reyes,jamie.sato@examplecorp.test,Arjun Sloan,Beta,100495,N,Alpha,skyler.vance@examplecorp.test,Nina Nguyen,N,3101,6292,2872,5931,Y,,,,,Noted a concern to revisit at the next sync.,,arjun.rossi@acme-fake.test,,Discussed timeline and next steps with the account.,diego.brooks@acme-fake.test,priya.larsson@sampleco.test,Y,,,,Other,,,,,2023-10-22 08:06:00,4687,1231,Standard,Other,Alpha,Other,2551,1554,7059,269,9721,Beta,Avery Cohen,Liam Calder,2024-06-11 09:32:00,,,,,,,,,,,,,,
700418,100561,Customer Management,100246,Wellness Check-In,Draft,N,Y,Reviewed performance and gathered feedback.,100732,Drew Vance,N,,1.8,5.6,100214,Y,1.8,Any concerns we should address?,Some concerns about turnaround time.,7.3,4.7,Delta,Y,9.4,2.1,8.5,4.7,3.9,2.8,7.7,,,N,,100421,Morgan Kim,2023-05-04 17:11:00,rowan.vance@examplecorp.test,,2026-02-23 20:26:00,nina.kim@sampleco.test,,,,,jamie.reyes@demomail.test,Emerson Kim,emerson.mensah@examplecorp.test,Taylor Okafor,Beta,100771,Y,Other,rahul.mercer@examplecorp.test,Chen Vance,Y,1263,1952,2133,6941,N,,,,,Resolved the outstanding question about scope.,,chen.larsson@examplecorp.test,,Aligned on billing and renewal terms.,reese.ford@examplecorp.test,riley.mensah@acme-fake.test,Y,,Reviewed performance and gathered feedback.,,,Beta,,,,2023-04-16 02:18:00,9557,1943,Standard,Standard,Alpha,Alpha,3757,437,1355,2938,4963,Alpha,Fatima Haddad,Quinn Mercer,2022-12-23 05:04:00,,,,,,,,,,,,,,
700419,100196,Customer Management,100782,Customer Success Check-In,Final,Y,N,Resolved the outstanding question about scope.,100611,Jamie Okafor,Y,,6.7,4.7,100220,N,3.1,Any concerns we should address?,"Neutral, watching closely.",1.7,7.5,Beta,N,7.6,2.0,2.2,6.0,1.6,7.6,7.4,,,Y,,100726,Marco Patel,2024-05-27 21:47:00,drew.mensah@acme-fake.test,,2024-08-24 18:26:00,rahul.sato@sampleco.test,Aisha Patel,,,,noah.rossi@examplecorp.test,Alex Vance,reese.vance@examplecorp.test,Morgan Patel,Other,100694,Y,Gamma,jamie.ford@demomail.test,Sofia Ivanov,Y,8135,3767,4323,7050,Y,,,,,Discussed timeline and next steps with the account.,,yara.sato@acme-fake.test,,Shared the updated proposal for review.,jamie.vance@acme-fake.test,taylor.cohen@demomail.test,Y,,,,Gamma,,,,,2026-02-24 11:56:00,7905,8613,Alpha,Beta,Alpha,Other,2183,868,1606,6276,7968,Alpha,Mei Mensah,Quinn Dorsey,2023-02-14 11:50:00,,,,,,,,,,,,,,
700420,100348,Customer Management,100117,Quarterly Review,Final,N,Y,Discussed timeline and next steps with the account.,100130,Jordan Vance,Y,,3.8,8.5,100645,Y,4.3,Any concerns we should address?,Some concerns about turnaround time.,9.4,5.4,Gamma,Y,8.6,7.1,9.0,2.9,1.8,9.4,5.9,,,N,,100587,Mei Whitfield,2022-12-23 19:41:00,omar.garcia@demomail.test,,2023-03-25 00:21:00,aisha.mensah@acme-fake.test,Elena Dorsey,,,,skyler.garcia@examplecorp.test,Skyler Ford,noah.nguyen@acme-fake.test,Rowan Mensah,Delta,100203,Y,Standard,rahul.garcia@demomail.test,Jamie Ivanov,N,6241,7036,2212,5642,N,,,,,Resolved the outstanding question about scope.,,marco.vance@sampleco.test,,Shared the updated proposal for review.,sofia.silva@acme-fake.test,nina.ashby@examplecorp.test,Y,,,,,,,,,2026-04-24 19:01:00,4346,5535,Beta,Other,Beta,Other,4179,5411,7072,8339,4496,Beta,Liam Whitfield,Diego Dorsey,2026-07-10 11:20:00,,,,Gamma,,,,,,,,,,
700421,100014,Resource Care,100640,Customer Success Check-In,Final,N,Y,Noted a concern to revisit at the next sync.,100786,Jordan Rossi,Y,,1.4,7.0,100500,Y,7.4,Any concerns we should address?,Happy with the progress.,8.3,2.0,Gamma,N,6.7,4.8,5.7,1.2,1.4,1.3,1.4,,,Y,,100421,Nina Ford,2026-03-26 08:07:00,alex.whitfield@examplecorp.test,,2023-06-02 17:28:00,alex.okafor@sampleco.test,,,Delta,,sofia.patel@acme-fake.test,Riley Rossi,yara.nguyen@sampleco.test,Taylor Garcia,Gamma,100038,N,Alpha,omar.rossi@demomail.test,Diego Brooks,Y,4272,5197,3425,9635,Y,,,,,Resolved the outstanding question about scope.,,skyler.silva@demomail.test,,Discussed timeline and next steps with the account.,alex.cohen@examplecorp.test,emerson.sloan@acme-fake.test,Y,Standard,,,Delta,,,,,2025-03-10 15:58:00,8195,1800,Other,Standard,Gamma,Alpha,1770,9214,4083,4109,5436,Standard,Emerson Ashby,Jamie Garcia,2024-03-08 08:06:00,,,,,,,,,,,,,,
700422,100220,Customer Management,100733,Wellness Check-In,Final,Y,Y,Reviewed performance and gathered feedback.,100061,Aisha Okafor,Y,,9.2,4.9,100791,Y,3.8,How is communication with your team?,"Going well, minor tweaks needed.",5.0,2.1,Delta,Y,8.6,2.4,3.7,3.3,5.2,5.6,1.1,,,Y,,100554,Morgan Okafor,2023-03-08 17:23:00,reese.calder@sampleco.test,,2024-06-13 11:38:00,fatima.sato@acme-fake.test,Elena Kim,,,,riley.reyes@examplecorp.test,Chen Larsson,liam.vance@examplecorp.test,Jamie Okafor,Beta,100047,Y,Beta,emerson.calder@examplecorp.test,Noah Ashby,Y,8071,381,3208,9556,N,,,,,Shared the updated proposal for review.,,aisha.patel@acme-fake.test,,Resolved the outstanding question about scope.,elena.calder@acme-fake.test,reese.patel@examplecorp.test,N,,,,,Alpha,,,,2024-11-01 08:36:00,9114,9051,Beta,Beta,Alpha,Beta,3352,1196,58,2861,2708,Standard,Skyler Ashby,Noah Ford,2022-12-29 04:01:00,,,,,,,,,,,,,,
700423,100496,Customer Management,100747,Wellness Check-In,Draft,N,N,Scheduled a check-in for the coming month.,100181,Reese Patel,N,,1.2,1.3,100569,N,6.9,Are deliverables meeting expectations?,Exceeding expectations.,2.4,6.2,Other,Y,4.6,7.9,9.5,7.5,6.6,8.5,3.5,,,N,,100661,Nina Nguyen,2023-09-13 22:51:00,sofia.vance@acme-fake.test,,2025-03-31 05:58:00,jamie.ivanov@examplecorp.test,,,,,marco.nguyen@sampleco.test,Nina Cohen,noah.ivanov@acme-fake.test,Emerson Sloan,Beta,100053,N,Alpha,riley.costa@examplecorp.test,Jamie Nguyen,Y,2218,5408,7804,976,N,,,,,Followed up on the open items from last week.,,priya.rossi@examplecorp.test,,Followed up on the open items from last week.,noah.sloan@demomail.test,omar.ivanov@sampleco.test,N,,,,Gamma,,,,,2024-02-17 16:41:00,2686,3918,Delta,Alpha,Delta,Other,2445,8483,3989,696,8825,Alpha,Jordan Nguyen,Emerson Reyes,2023-09-29 04:09:00,,,Delta,,,,,,,,,,,
700424,100516,Customer Management,100029,Wellness Check-In,Draft,Y,N,Shared the updated proposal for review.,100332,Jamie Reyes,N,,2.3,3.4,100307,N,3.3,Any concerns we should address?,"Going well, minor tweaks needed.",5.6,7.5,Standard,N,3.5,6.0,3.7,7.9,9.1,9.6,9.4,,,Y,,100169,Fatima Ford,2025-02-15 23:39:00,marco.brooks@sampleco.test,,2024-03-10 19:02:00,fatima.costa@sampleco.test,,,,,riley.dorsey@sampleco.test,Arjun Ford,rowan.patel@sampleco.test,Emerson Calder,Standard,100779,Y,Gamma,casey.okafor@acme-fake.test,Riley Okafor,N,3101,2237,6602,9720,Y,,,,,Aligned on billing and renewal terms.,,liam.kim@sampleco.test,,Discussed timeline and next steps with the account.,alex.rossi@examplecorp.test,sofia.garcia@demomail.test,Y,,,,,,Sofia Nguyen,,,2023-07-30 02:42:00,562,6625,Gamma,Standard,Gamma,Delta,6086,7008,5180,5282,2084,Other,Rowan Larsson,Rowan Ashby,2025-04-15 18:19:00,,,,,,,,,,,,,,
700425,100299,Customer Management,100404,Quarterly Review,Final,Y,Y,Followed up on the open items from last week.,100046,Mei Whitfield,Y,,9.5,5.2,100291,Y,4.9,How likely are you to continue the engagement?,Very satisfied overall.,4.6,5.5,Delta,N,8.0,2.0,6.8,6.5,3.0,1.4,6.8,,,Y,,100396,Reese Silva,2026-04-08 15:30:00,priya.mercer@sampleco.test,,2024-06-04 10:45:00,reese.kim@sampleco.test,Elena Patel,,,Mei Okafor,casey.rossi@examplecorp.test,Rahul Larsson,arjun.calder@demomail.test,Diego Brooks,Other,100462,N,Delta,yara.sato@acme-fake.test,Aisha Dorsey,Y,9779,2277,5569,8629,Y,,Alpha,,,Noted a concern to revisit at the next sync.,,rowan.mensah@acme-fake.test,,Aligned on billing and renewal terms.,fatima.okafor@acme-fake.test,quinn.silva@examplecorp.test,Y,,,,,,,,Alpha,2024-09-17 17:58:00,4093,950,Gamma,Alpha,Beta,Alpha,1848,9730,7367,6624,616,Beta,Diego Reyes,Diego Cohen,2023-12-16 00:33:00,,,,,,,,,,,,,,
700426,100535,Resource Care,100741,Customer Success Check-In,Final,Y,Y,Resolved the outstanding question about scope.,100619,Chen Whitfield,Y,,3.0,3.8,100303,Y,1.7,How is communication with your team?,Exceeding expectations.,3.9,6.1,Beta,N,9.3,7.9,4.4,2.1,7.2,6.2,6.8,,,Y,,100726,Morgan Silva,2025-02-05 09:00:00,elena.costa@demomail.test,,2026-03-04 21:37:00,casey.silva@acme-fake.test,,,,,arjun.mensah@demomail.test,Skyler Blake,taylor.sato@acme-fake.test,Rahul Mensah,Alpha,100208,N,Delta,alex.ford@examplecorp.test,Alex Ashby,N,396,5886,8046,915,Y,,,,,Discussed timeline and next steps with the account.,,morgan.patel@sampleco.test,,Discussed timeline and next steps with the account.,priya.cohen@acme-fake.test,morgan.sloan@acme-fake.test,Y,,,,,Gamma,,,,2024-09-11 01:04:00,7539,8263,Beta,Other,Alpha,Alpha,7907,2447,7609,312,4293,Alpha,Quinn Vance,Liam Rossi,2024-04-12 14:03:00,,,,,,,,,,,,,Taylor Whitfield,
700427,100574,Customer Management,100196,Wellness Check-In,Final,N,Y,Reviewed performance and gathered feedback.,100759,Arjun Costa,Y,,8.7,4.1,100208,N,9.1,How satisfied are you with the service?,Exceeding expectations.,9.4,8.5,Standard,Y,8.9,2.6,7.2,5.4,3.0,1.2,8.9,,,N,,100398,Skyler Calder,2023-11-11 13:54:00,mei.vance@acme-fake.test,,2024-09-03 16:27:00,rahul.ashby@examplecorp.test,Drew Nguyen,,Delta,,quinn.blake@demomail.test,Avery Mercer,sofia.ashby@sampleco.test,Nina Larsson,Gamma,100295,N,Beta,elena.ivanov@demomail.test,Arjun Ashby,Y,5766,7936,9191,6856,Y,,,,,Resolved the outstanding question about scope.,,mei.ivanov@acme-fake.test,,Shared the updated proposal for review.,skyler.garcia@examplecorp.test,liam.reyes@demomail.test,Y,,,Delta,Alpha,,,Alpha,,2022-10-07 10:01:00,1140,8678,Other,Gamma,Alpha,Standard,2640,2677,6840,5690,5594,Gamma,Reese Larsson,Yara Reyes,2026-07-24 17:51:00,,,,,,,,,,,,,,
700428,100219,Resource Care,100271,Quarterly Review,Final,N,Y,Shared the updated proposal for review.,100226,Skyler Mensah,N,,8.9,4.6,100514,Y,1.1,How likely are you to continue the engagement?,Happy with the progress.,4.9,9.7,Alpha,N,7.6,5.0,4.4,9.9,5.1,7.6,4.8,,,Y,,100634,Reese Reyes,2022-12-17 16:13:00,skyler.sloan@acme-fake.test,,2026-06-28 11:51:00,elena.nguyen@examplecorp.test,Arjun Rossi,,,,drew.costa@acme-fake.test,Drew Larsson,jordan.silva@acme-fake.test,Fatima Silva,Standard,100425,N,Gamma,elena.cohen@demomail.test,Emerson Brooks,Y,9348,8267,6091,9092,N,,,,,Aligned on billing and renewal terms.,,omar.ashby@sampleco.test,,Aligned on billing and renewal terms.,avery.sato@sampleco.test,marco.garcia@demomail.test,N,,Resolved the outstanding question about scope.,Gamma,Beta,,,,Other,2025-06-22 19:55:00,2532,4681,Standard,Standard,Alpha,Beta,8737,9288,7581,5464,6478,Beta,Nina Rossi,Noah Calder,2024-02-01 18:32:00,,,,,,,,,,,,,,
700429,100382,Resource Care,100277,Wellness Check-In,Final,Y,N,Aligned on billing and renewal terms.,100721,Riley Sloan,Y,,4.8,1.2,100538,N,6.5,Any concerns we should address?,Very satisfied overall.,6.0,9.9,Standard,Y,2.7,3.1,5.2,9.9,9.6,9.2,4.9,,,Y,,100629,Alex Silva,2025-04-08 18:15:00,jordan.okafor@demomail.test,,2022-11-21 09:10:00,casey.nguyen@examplecorp.test,,,,,rowan.mercer@examplecorp.test,Riley Cohen,sofia.sato@sampleco.test,Taylor Blake,Delta,100123,N,Alpha,alex.costa@demomail.test,Alex Dorsey,Y,3219,7911,3761,9171,N,,,,,Reviewed performance and gathered feedback.,,mei.whitfield@demomail.test,,Reviewed performance and gathered feedback.,taylor.haddad@sampleco.test,fatima.okafor@examplecorp.test,Y,,,,,,,,,2023-01-01 16:06:00,7816,9045,Delta,Gamma,Other,Alpha,2904,9489,7262,9583,7858,Beta,Avery Silva,Morgan Blake,2024-02-26 09:19:00,,,,,,Other,,,,,,,,
700430,100461,Customer Management,100208,Wellness Check-In,Final,Y,Y,Aligned on billing and renewal terms.,100092,Noah Calder,Y,,7.4,4.8,100423,Y,4.5,Any concerns we should address?,Exceeding expectations.,9.0,4.7,Gamma,N,6.7,6.8,1.8,9.5,6.9,3.0,6.9,,,Y,,100449,Aisha Mercer,2025-08-05 08:53:00,avery.dorsey@examplecorp.test,,2025-12-05 14:32:00,jordan.okafor@examplecorp.test,Liam Kim,,,Drew Patel,taylor.larsson@acme-fake.test,Riley Haddad,marco.nguyen@examplecorp.test,Casey Silva,Gamma,100214,Y,Alpha,emerson.calder@examplecorp.test,Diego Rossi,N,6993,834,7049,3926,N,Alpha,,,,Followed up on the open items from last week.,,nina.calder@demomail.test,,Noted a concern to revisit at the next sync.,casey.reyes@sampleco.test,taylor.haddad@acme-fake.test,N,,Followed up on the open items from last week.,,Beta,,,,,2023-11-22 06:03:00,3878,9112,Other,Standard,Beta,Standard,4147,1911,7726,8198,8316,Alpha,Nina Mercer,Mei Haddad,2025-03-18 18:38:00,,,,,,,,,,,,,,
700431,100096,Customer Management,100519,Quarterly Review,Final,Y,N,Reviewed performance and gathered feedback.,100638,Diego Calder,Y,,6.0,2.9,100689,Y,9.8,Any concerns we should address?,Exceeding expectations.,2.3,1.6,Alpha,Y,3.2,1.7,4.4,6.4,2.0,3.1,6.9,,,N,,100683,Emerson Mercer,2023-03-21 15:02:00,noah.larsson@examplecorp.test,,2025-11-17 00:11:00,rahul.haddad@sampleco.test,,,Delta,Mei Brooks,emerson.okafor@examplecorp.test,Yara Ashby,skyler.ford@acme-fake.test,Sofia Ivanov,Alpha,100774,N,Beta,skyler.dorsey@examplecorp.test,Liam Okafor,Y,260,8578,1720,8772,Y,,,,,Scheduled a check-in for the coming month.,,omar.dorsey@acme-fake.test,,Shared the updated proposal for review.,riley.patel@acme-fake.test,riley.blake@examplecorp.test,N,,,,,,,,Beta,2026-02-04 09:51:00,8847,7324,Other,Gamma,Other,Beta,4130,4248,2586,1296,2068,Alpha,Alex Reyes,Nina Vance,2023-01-10 00:21:00,,,,,,,,,,,,,,
700432,100475,Resource Care,100702,Quarterly Review,Final,N,Y,Noted a concern to revisit at the next sync.,100296,Emerson Larsson,Y,,9.5,6.5,100134,Y,9.1,How is communication with your team?,Some concerns about turnaround time.,7.4,3.4,Other,Y,6.9,2.3,1.1,5.1,8.0,6.6,7.0,,,N,,100771,Taylor Haddad,2023-11-02 03:50:00,skyler.rossi@examplecorp.test,,2024-03-10 00:02:00,mei.sato@acme-fake.test,,,,,mei.sloan@acme-fake.test,Liam Whitfield,casey.sato@acme-fake.test,Nina Rossi,Standard,100385,Y,Gamma,skyler.okafor@demomail.test,Reese Cohen,Y,6682,2255,9169,5518,N,,,,,Reviewed performance and gathered feedback.,,morgan.kim@sampleco.test,Delta,Discussed timeline and next steps with the account.,jordan.haddad@sampleco.test,mei.calder@examplecorp.test,Y,,,,,,,,Other,2024-06-23 01:31:00,3746,6645,Alpha,Delta,Delta,Beta,9818,2767,6747,7345,2294,Standard,Taylor Ford,Jamie Ivanov,2025-01-21 16:04:00,,,,,,Beta,,,,,,,,
700433,100759,Customer Management,100296,Customer Success Check-In,Final,N,N,Noted a concern to revisit at the next sync.,100640,Nina Silva,N,,4.6,8.0,100153,N,2.2,Any concerns we should address?,"Going well, minor tweaks needed.",2.7,1.4,Delta,N,7.2,2.5,1.1,8.8,9.7,9.7,6.8,,,Y,,100256,Jordan Ivanov,2025-09-17 17:30:00,arjun.costa@demomail.test,,2023-06-17 06:46:00,fatima.ashby@demomail.test,,,,Rahul Ashby,alex.sloan@sampleco.test,Skyler Calder,nina.kim@sampleco.test,Aisha Patel,Standard,100118,Y,Beta,omar.patel@examplecorp.test,Noah Ivanov,N,85,5924,5686,3277,Y,,,,,Reviewed performance and gathered feedback.,,quinn.calder@acme-fake.test,,Shared the updated proposal for review.,marco.patel@demomail.test,diego.mercer@sampleco.test,N,,Shared the updated proposal for review.,,,,,,,2024-09-14 19:49:00,8948,7874,Alpha,Beta,Gamma,Beta,7175,5304,7828,313,7241,Beta,Arjun Mensah,Skyler Patel,2024-01-19 23:46:00,,,,,,,,,,8496,,,,
700434,100647,Customer Management,100079,Wellness Check-In,Draft,N,Y,Resolved the outstanding question about scope.,100462,Aisha Ivanov,N,,6.0,9.6,100761,Y,7.6,How satisfied are you with the service?,Happy with the progress.,7.4,4.9,Other,Y,6.0,5.1,2.5,6.9,3.8,4.9,9.9,,,N,,100343,Emerson Costa,2023-04-04 01:39:00,chen.kim@demomail.test,,2022-11-08 20:26:00,omar.mensah@sampleco.test,,,,,arjun.patel@examplecorp.test,Drew Garcia,morgan.sato@examplecorp.test,Riley Sloan,Other,100439,N,Gamma,fatima.sato@sampleco.test,Rahul Costa,N,6836,9311,8623,3375,N,,,,,Reviewed performance and gathered feedback.,,taylor.okafor@examplecorp.test,,Followed up on the open items from last week.,rahul.larsson@examplecorp.test,diego.ashby@examplecorp.test,N,,Aligned on billing and renewal terms.,,Alpha,,,Alpha,,2023-09-26 05:16:00,4033,4532,Beta,Alpha,Delta,Other,3921,7956,288,7621,808,Standard,Drew Dorsey,Morgan Whitfield,2022-12-31 13:31:00,,,,Beta,,,,,,,,,,
700435,100415,Resource Care,100436,Quarterly Review,Draft,N,N,Reviewed performance and gathered feedback.,100328,Arjun Haddad,N,,3.1,2.7,100366,N,2.6,How likely are you to continue the engagement?,Very satisfied overall.,7.5,4.8,Alpha,N,7.2,3.1,1.3,4.0,4.4,4.9,6.8,,,Y,,100092,Sofia Okafor,2023-10-13 02:58:00,rowan.rossi@acme-fake.test,,2024-04-30 06:04:00,rahul.okafor@examplecorp.test,,,Alpha,,drew.nguyen@acme-fake.test,Skyler Larsson,morgan.cohen@sampleco.test,Alex Sloan,Alpha,100014,N,Other,drew.mercer@acme-fake.test,Liam Nguyen,N,458,4963,1106,5402,Y,,,,,Discussed timeline and next steps with the account.,,reese.mercer@sampleco.test,,Noted a concern to revisit at the next sync.,taylor.sato@demomail.test,quinn.mensah@acme-fake.test,Y,Gamma,,Beta,Other,Delta,,Alpha,,2023-09-07 07:01:00,1882,8032,Gamma,Alpha,Gamma,Alpha,7128,5990,1141,1401,9993,Other,Reese Patel,Fatima Sato,2026-05-26 18:12:00,,,,,,,4138,,,,,,,
700436,100726,Customer Management,100396,Wellness Check-In,Final,N,Y,Reviewed performance and gathered feedback.,100595,Omar Patel,Y,,9.5,7.3,100566,N,6.2,How likely are you to continue the engagement?,Happy with the progress.,7.3,5.8,Standard,N,7.0,9.7,6.1,5.9,6.4,3.2,9.6,,,Y,,100604,Skyler Garcia,2025-02-24 19:01:00,marco.ashby@examplecorp.test,,2026-03-29 11:25:00,sofia.ashby@demomail.test,,,Delta,Alex Ashby,chen.rossi@examplecorp.test,Aisha Mercer,quinn.dorsey@demomail.test,Mei Whitfield,Delta,100645,Y,Gamma,liam.ashby@demomail.test,Liam Calder,Y,2579,7797,1747,4929,Y,,,,,Scheduled a check-in for the coming month.,Rahul Nguyen,elena.whitfield@acme-fake.test,,Shared the updated proposal for review.,casey.okafor@sampleco.test,riley.patel@demomail.test,Y,,Scheduled a check-in for the coming month.,Delta,,,Drew Brooks,Alpha,,2022-11-21 16:52:00,4921,7403,Alpha,Beta,Standard,Other,1320,4990,4404,1006,7646,Beta,Liam Vance,Chen Costa,2026-04-01 02:39:00,,,,,,,,,,,,,,
700437,100418,Customer Management,100423,Customer Success Check-In,Final,N,Y,Aligned on billing and renewal terms.,100519,Emerson Patel,N,,8.6,1.1,100466,N,7.9,How is communication with your team?,"Going well, minor tweaks needed.",9.8,1.4,Alpha,N,3.3,4.2,1.1,2.6,2.5,10.0,8.8,,,N,,100410,Riley Patel,2025-10-30 08:19:00,jordan.sloan@acme-fake.test,,2025-07-23 04:11:00,rowan.blake@acme-fake.test,,,Gamma,,diego.sato@sampleco.test,Jamie Ford,jordan.blake@examplecorp.test,Arjun Calder,Beta,100366,N,Other,aisha.vance@demomail.test,Aisha Mercer,Y,9448,1125,9412,2823,N,,,,,Noted a concern to revisit at the next sync.,,aisha.reyes@acme-fake.test,,Followed up on the open items from last week.,rahul.calder@examplecorp.test,omar.costa@examplecorp.test,Y,Beta,,,Delta,,,,,2024-01-17 22:14:00,5488,1395,Gamma,Beta,Delta,Other,4161,32,3079,43,2871,Standard,Rowan Haddad,Arjun Calder,2024-12-18 10:30:00,,,,,,,,,,,,,,
700438,100559,Customer Management,100538,Quarterly Review,Final,N,N,Aligned on billing and renewal terms.,100103,Emerson Garcia,Y,,4.2,2.0,100169,Y,2.0,Any concerns we should address?,Some concerns about turnaround time.,4.7,3.8,Standard,Y,5.1,6.0,3.3,5.6,7.0,8.7,3.2,,,N,,100558,Liam Cohen,2025-12-09 08:37:00,taylor.larsson@sampleco.test,,2026-02-15 12:51:00,priya.garcia@acme-fake.test,Quinn Haddad,,,Aisha Mensah,elena.sloan@examplecorp.test,Noah Patel,fatima.whitfield@acme-fake.test,Chen Ivanov,Other,100106,N,Other,alex.costa@demomail.test,Arjun Costa,Y,4561,3206,8084,9681,Y,,,,Gamma,Noted a concern to revisit at the next sync.,,rahul.cohen@examplecorp.test,,Aligned on billing and renewal terms.,liam.rossi@examplecorp.test,chen.sloan@sampleco.test,N,,,Other,Alpha,Standard,,Delta,,2025-10-06 10:02:00,9740,8991,Beta,Delta,Delta,Other,332,5857,427,3280,4817,Other,Liam Haddad,Marco Garcia,2026-05-18 19:32:00,,,,,,,,,,,,,,
700439,100634,Customer Management,100375,Customer Success Check-In,Final,N,N,Scheduled a check-in for the coming month.,100500,Rowan Garcia,Y,,4.6,7.9,100021,Y,3.4,How likely are you to continue the engagement?,Very satisfied overall.,4.5,1.9,Standard,N,2.7,1.3,7.9,1.2,4.9,6.4,1.7,,,Y,,100727,Casey Patel,2023-08-30 11:57:00,arjun.dorsey@demomail.test,,2023-10-10 02:00:00,fatima.calder@examplecorp.test,,,,Jordan Garcia,yara.haddad@sampleco.test,Fatima Costa,sofia.ford@acme-fake.test,Reese Kim,Delta,100142,Y,Standard,aisha.brooks@sampleco.test,Taylor Calder,N,8559,1689,3231,1619,N,,,,,Discussed timeline and next steps with the account.,,fatima.dorsey@sampleco.test,,Discussed timeline and next steps with the account.,nina.brooks@acme-fake.test,jamie.reyes@demomail.test,Y,,Resolved the outstanding question about scope.,,Other,,,,,2025-03-13 14:46:00,4573,989,Other,Other,Standard,Alpha,8273,3396,8187,992,7507,Standard,Diego Larsson,Avery Larsson,2023-04-21 07:42:00,,,,,,,,,,,,,,Liam Brooks
700440,100196,Resource Care,100038,Customer Success Check-In,Final,N,N,Aligned on billing and renewal terms.,100092,Aisha Rossi,Y,,6.8,5.1,100016,Y,6.6,How likely are you to continue the engagement?,"Neutral, watching closely.",2.5,5.6,Standard,N,9.9,9.1,3.6,6.9,3.1,9.5,9.6,,,N,,100188,Liam Kim,2023-08-02 08:55:00,nina.cohen@demomail.test,,2025-03-25 15:54:00,yara.reyes@sampleco.test,Reese Patel,,,,drew.kim@acme-fake.test,Rahul Rossi,riley.okafor@sampleco.test,Emerson Calder,Gamma,100739,N,Standard,morgan.sato@demomail.test,Quinn Kim,Y,372,9391,3940,4270,Y,,,,,Scheduled a check-in for the coming month.,,skyler.mensah@sampleco.test,,Noted a concern to revisit at the next sync.,alex.whitfield@demomail.test,sofia.silva@demomail.test,Y,,,,Standard,,,,,2026-02-14 01:37:00,9838,3715,Other,Alpha,Alpha,Alpha,3678,1875,4555,3933,8784,Standard,Jamie Nguyen,Jamie Okafor,2025-10-08 06:24:00,,,Standard,,,Standard,,,,,,,,
700441,100776,Resource Care,100073,Wellness Check-In,Final,N,N,Shared the updated proposal for review.,100343,Yara Okafor,Y,,5.2,2.0,100713,N,6.7,Any concerns we should address?,"Neutral, watching closely.",9.4,3.6,Beta,N,9.7,2.0,6.1,2.5,9.5,4.9,5.8,,,Y,,100082,Alex Larsson,2024-01-28 23:41:00,skyler.mercer@examplecorp.test,,2024-08-21 02:07:00,morgan.reyes@examplecorp.test,,,Beta,Fatima Silva,yara.kim@acme-fake.test,Sofia Cohen,drew.ivanov@sampleco.test,Chen Reyes,Standard,100178,Y,Other,mei.mercer@examplecorp.test,Rahul Brooks,N,2445,1015,4623,4814,Y,,,,,Noted a concern to revisit at the next sync.,,jordan.vance@demomail.test,,Discussed timeline and next steps with the account.,omar.rossi@acme-fake.test,rahul.costa@sampleco.test,N,Alpha,Aligned on billing and renewal terms.,,Beta,,Avery Ashby,,,2025-02-13 10:43:00,1759,402,Other,Delta,Gamma,Other,2361,6894,3664,5892,3895,Delta,Yara Sloan,Elena Vance,2023-03-17 11:54:00,,,,,,,,,,,,,,
700442,100680,Resource Care,100067,Customer Success Check-In,Final,Y,Y,Reviewed performance and gathered feedback.,100139,Omar Dorsey,Y,,2.9,7.3,100386,N,9.6,How satisfied are you with the service?,Exceeding expectations.,4.4,7.8,Delta,Y,7.5,9.9,8.3,5.2,7.8,7.3,1.6,,,Y,,100165,Avery Costa,2025-12-03 22:30:00,priya.garcia@acme-fake.test,,2026-01-17 11:07:00,yara.whitfield@examplecorp.test,Riley Calder,,,Liam Rossi,omar.dorsey@acme-fake.test,Jamie Nguyen,omar.mercer@examplecorp.test,Chen Dorsey,Gamma,100117,N,Gamma,arjun.patel@examplecorp.test,Quinn Nguyen,Y,4514,9116,1942,2354,N,,,,,Noted a concern to revisit at the next sync.,,arjun.larsson@examplecorp.test,,Resolved the outstanding question about scope.,riley.rossi@acme-fake.test,rowan.calder@examplecorp.test,N,Standard,,,,,,,,2024-01-03 01:02:00,4296,2504,Beta,Beta,Alpha,Alpha,2915,6470,336,6598,2019,Alpha,Liam Cohen,Taylor Cohen,2024-10-08 16:27:00,,,,,,,,,,,,,,Chen Dorsey
700443,100233,Resource Care,100211,Quarterly Review,Final,Y,Y,Resolved the outstanding question about scope.,100542,Casey Ford,Y,,6.6,8.1,100747,Y,9.4,How satisfied are you with the service?,Some concerns about turnaround time.,5.8,3.7,Other,N,9.8,8.7,10.0,3.4,2.4,2.6,2.3,,,Y,,100671,Skyler Costa,2023-12-24 03:04:00,rahul.blake@sampleco.test,,2023-05-25 05:58:00,elena.ashby@examplecorp.test,,,,,yara.rossi@demomail.test,Arjun Silva,noah.blake@examplecorp.test,Taylor Sato,Gamma,100654,Y,Other,elena.vance@sampleco.test,Rahul Silva,N,6208,159,1762,3078,Y,,,,,Aligned on billing and renewal terms.,,alex.reyes@examplecorp.test,Gamma,Noted a concern to revisit at the next sync.,nina.calder@sampleco.test,alex.mensah@acme-fake.test,Y,,Discussed timeline and next steps with the account.,,Gamma,,,Delta,,2025-04-06 07:49:00,1561,2769,Gamma,Alpha,Alpha,Gamma,3668,7462,5373,8339,6714,Gamma,Jamie Dorsey,Fatima Ashby,2026-04-05 18:48:00,,,,,,,,,,,,,,
700444,100572,Customer Management,100281,Quarterly Review,Final,N,N,Reviewed performance and gathered feedback.,100205,Alex Okafor,Y,,9.9,5.3,100369,N,1.8,How likely are you to continue the engagement?,Exceeding expectations.,4.1,5.1,Gamma,N,6.0,9.2,7.8,2.4,6.5,5.5,2.2,,,N,,100759,Morgan Cohen,2024-11-15 23:48:00,aisha.costa@sampleco.test,,2023-04-12 14:57:00,arjun.garcia@demomail.test,,,Beta,,fatima.vance@examplecorp.test,Noah Vance,aisha.okafor@examplecorp.test,Mei Cohen,Gamma,100407,N,Beta,reese.brooks@sampleco.test,Jordan Whitfield,N,1221,7573,205,4521,N,,,,,Discussed timeline and next steps with the account.,,casey.haddad@demomail.test,,Scheduled a check-in for the coming month.,jordan.sloan@sampleco.test,fatima.patel@demomail.test,Y,,,,,Alpha,,,,2023-01-11 16:40:00,1101,5184,Other,Standard,Alpha,Alpha,3335,2655,7686,6655,3649,Other,Arjun Calder,Casey Okafor,2024-10-02 09:54:00,,,,,,,,,,,,,,
700445,100595,Customer Management,100320,Quarterly Review,Final,N,Y,Scheduled a check-in for the coming month.,100221,Mei Brooks,N,,6.1,6.4,100441,N,9.8,How is communication with your team?,Some concerns about turnaround time.,4.6,5.1,Standard,Y,6.8,7.7,5.4,3.9,2.1,2.0,3.9,,,N,,100158,Alex Sato,2024-08-02 17:52:00,sofia.haddad@sampleco.test,,2025-02-24 08:13:00,jamie.reyes@examplecorp.test,,,Other,,nina.ashby@demomail.test,Chen Vance,chen.haddad@demomail.test,Taylor Ashby,Alpha,100139,Y,Other,elena.costa@examplecorp.test,Morgan Patel,N,6611,6970,2545,4260,Y,,,,,Resolved the outstanding question about scope.,,rowan.kim@demomail.test,,Shared the updated proposal for review.,jamie.ashby@sampleco.test,avery.reyes@demomail.test,Y,,Aligned on billing and renewal terms.,,,,,,Alpha,2024-08-19 18:06:00,3363,6805,Beta,Alpha,Beta,Standard,2009,1148,5606,3949,8811,Gamma,Morgan Haddad,Omar Ashby,2025-07-30 08:03:00,,,,,,,,,,,,,,
700446,100635,Customer Management,100462,Wellness Check-In,Final,N,N,Shared the updated proposal for review.,100369,Quinn Dorsey,Y,,2.7,1.4,100472,Y,9.4,Any concerns we should address?,Exceeding expectations.,5.4,5.2,Delta,N,5.1,7.5,4.8,3.9,6.1,7.3,3.3,,,Y,,100673,Omar Kim,2022-12-22 13:26:00,reese.ashby@examplecorp.test,,2024-07-04 12:45:00,priya.garcia@demomail.test,Marco Sloan,,,Chen Haddad,casey.sloan@acme-fake.test,Nina Sloan,alex.okafor@examplecorp.test,Diego Haddad,Standard,100134,Y,Standard,casey.whitfield@demomail.test,Taylor Rossi,Y,3383,5287,7554,3857,N,,,,,Followed up on the open items from last week.,,nina.costa@acme-fake.test,,Followed up on the open items from last week.,priya.silva@examplecorp.test,mei.sato@sampleco.test,N,Standard,,,Standard,,,Beta,,2025-05-21 14:59:00,3253,6372,Standard,Other,Other,Other,8296,3978,1091,6905,6450,Delta,Marco Larsson,Emerson Sato,2024-09-15 18:46:00,,,,,,,,,,,,,,
700447,100616,Resource Care,100784,Wellness Check-In,Final,N,N,Reviewed performance and gathered feedback.,100158,Omar Patel,N,,4.1,3.1,100407,Y,5.1,How likely are you to continue the engagement?,"Neutral, watching closely.",7.9,1.7,Beta,N,7.5,7.4,8.8,1.1,9.9,2.0,2.7,,,N,,100471,Drew Dorsey,2026-04-02 04:15:00,liam.larsson@demomail.test,,2026-03-09 04:58:00,drew.mensah@acme-fake.test,,,,Riley Calder,drew.whitfield@demomail.test,Riley Mercer,mei.haddad@examplecorp.test,Diego Costa,Alpha,100345,Y,Standard,jordan.blake@examplecorp.test,Liam Rossi,N,348,971,8012,4884,Y,,,,,Resolved the outstanding question about scope.,,riley.whitfield@acme-fake.test,,Aligned on billing and renewal terms.,omar.garcia@examplecorp.test,reese.ashby@demomail.test,N,,,,,Alpha,,Standard,,2023-04-12 11:35:00,2663,3294,Alpha,Standard,Gamma,Beta,1878,9082,9304,1661,7314,Delta,Taylor Ivanov,Fatima Ivanov,2024-10-06 00:17:00,,9669,,,,,,,,,,,,
700448,100292,Customer Management,100233,Quarterly Review,Final,N,N,Noted a concern to revisit at the next sync.,100724,Omar Nguyen,Y,,6.6,1.4,100747,Y,7.2,Any concerns we should address?,Happy with the progress.,7.1,2.2,Other,Y,5.1,9.6,3.6,3.2,3.3,2.4,3.4,,,Y,,100740,Yara Blake,2024-11-03 21:26:00,arjun.rossi@demomail.test,,2024-07-20 04:29:00,noah.nguyen@examplecorp.test,,,,,arjun.okafor@demomail.test,Taylor Kim,fatima.blake@examplecorp.test,Jamie Dorsey,Gamma,100092,Y,Standard,reese.reyes@sampleco.test,Sofia Cohen,N,4867,7652,5306,23,Y,,,,,Followed up on the open items from last week.,,arjun.mensah@sampleco.test,,Reviewed performance and gathered feedback.,aisha.silva@demomail.test,emerson.ashby@acme-fake.test,Y,,Followed up on the open items from last week.,,,,,,Standard,2024-04-20 06:49:00,4286,4806,Gamma,Standard,Alpha,Beta,3049,4274,4921,7370,2210,Other,Nina Reyes,Jordan Cohen,2023-01-23 17:42:00,,,,,,,,,,,,,,
700449,100257,Resource Care,100771,Wellness Check-In,Final,Y,Y,Resolved the outstanding question about scope.,100604,Priya Rossi,Y,,3.3,3.5,100309,Y,2.2,Any concerns we should address?,Happy with the progress.,2.9,1.6,Alpha,Y,6.1,1.8,6.0,5.6,5.2,4.8,5.3,,,Y,,100619,Aisha Okafor,2024-07-31 10:56:00,aisha.patel@acme-fake.test,,2023-05-09 23:54:00,rahul.ashby@sampleco.test,Emerson Nguyen,,Beta,,rahul.rossi@sampleco.test,Priya Cohen,riley.ivanov@demomail.test,Casey Mercer,Gamma,100295,Y,Other,skyler.larsson@sampleco.test,Liam Reyes,Y,7270,2044,6820,6460,N,,,,,Noted a concern to revisit at the next sync.,,quinn.haddad@acme-fake.test,,Aligned on billing and renewal terms.,riley.reyes@examplecorp.test,skyler.rossi@sampleco.test,N,,,Beta,,,,Other,,2025-10-05 00:37:00,497,8348,Alpha,Other,Alpha,Alpha,1106,1305,6561,350,4928,Delta,Arjun Ivanov,Emerson Calder,2025-05-04 16:30:00,,,,,,,,,,,,,Avery Vance,
700450,100040,Resource Care,100292,Quarterly Review,Draft,N,N,Reviewed performance and gathered feedback.,100288,Elena Calder,N,,4.1,6.0,100256,N,1.9,How likely are you to continue the engagement?,Happy with the progress.,8.3,7.9,Beta,Y,2.7,6.1,2.0,6.0,2.9,1.5,3.4,,,Y,,100613,Nina Haddad,2025-08-10 22:01:00,priya.ivanov@examplecorp.test,,2022-12-05 03:27:00,arjun.brooks@sampleco.test,Emerson Sato,,,,priya.reyes@examplecorp.test,Jordan Vance,reese.haddad@acme-fake.test,Chen Larsson,Standard,100288,Y,Standard,liam.costa@acme-fake.test,Chen Haddad,N,1813,7007,8791,4137,Y,,,,,Shared the updated proposal for review.,,morgan.nguyen@demomail.test,,Shared the updated proposal for review.,aisha.brooks@demomail.test,skyler.ashby@sampleco.test,Y,Gamma,,,,,,Alpha,,2024-08-09 01:44:00,8983,188,Other,Standard,Beta,Standard,8067,2090,1607,3965,5057,Alpha,Liam Mensah,Mei Okafor,2026-03-29 14:13:00,,,Standard,,,,,,,,,,,
700451,100221,Customer Management,100496,Wellness Check-In,Final,N,Y,Followed up on the open items from last week.,100726,Nina Blake,Y,,4.1,1.7,100696,Y,7.3,Are deliverables meeting expectations?,Some concerns about turnaround time.,9.3,6.0,Other,N,4.3,5.3,3.2,5.1,9.8,4.3,7.9,,,N,,100458,Avery Mercer,2023-10-11 03:11:00,rowan.dorsey@examplecorp.test,,2026-01-30 08:02:00,fatima.sato@demomail.test,,,Beta,,omar.kim@acme-fake.test,Alex Costa,quinn.blake@demomail.test,Emerson Okafor,Gamma,100155,Y,Delta,elena.ivanov@examplecorp.test,Jordan Silva,Y,1094,3972,16,2351,N,,,,,Followed up on the open items from last week.,,chen.ashby@acme-fake.test,,Reviewed performance and gathered feedback.,mei.cohen@examplecorp.test,alex.ivanov@demomail.test,N,,,,,,,Gamma,,2025-07-01 06:03:00,8297,8058,Beta,Gamma,Alpha,Alpha,2966,1732,741,1370,1539,Gamma,Jordan Rossi,Taylor Ashby,2025-06-26 13:16:00,,,,,,,,,,,,,,
700452,100328,Resource Care,100423,Customer Success Check-In,Final,N,N,Aligned on billing and renewal terms.,100067,Rahul Nguyen,Y,,3.1,9.8,100579,Y,1.7,Are deliverables meeting expectations?,Exceeding expectations.,5.6,9.5,Standard,N,2.5,5.2,4.2,8.1,5.4,7.0,9.1,,,Y,,100595,Yara Rossi,2024-01-14 15:52:00,emerson.calder@demomail.test,,2022-10-02 21:40:00,omar.ford@acme-fake.test,,,,,avery.larsson@sampleco.test,Riley Sato,sofia.rossi@demomail.test,Morgan Dorsey,Standard,100691,Y,Other,aisha.brooks@acme-fake.test,Riley Silva,N,520,9214,1526,805,N,,,,,Shared the updated proposal for review.,,chen.okafor@demomail.test,,Followed up on the open items from last week.,fatima.whitfield@examplecorp.test,sofia.calder@acme-fake.test,N,Alpha,,,Gamma,,,,,2023-07-26 00:49:00,6610,7712,Alpha,Beta,Other,Delta,8890,7666,4722,4048,9228,Delta,Omar Rossi,Drew Mercer,2024-09-15 21:00:00,,,,,,,,,,,,,,
700453,100058,Customer Management,100009,Quarterly Review,Final,N,Y,Followed up on the open items from last week.,100756,Diego Rossi,Y,,2.2,4.3,100317,N,8.5,Are deliverables meeting expectations?,Very satisfied overall.,1.7,1.8,Standard,N,7.4,6.8,3.1,8.7,1.9,9.0,8.4,,,Y,,100667,Noah Ashby,2023-04-04 23:59:00,jamie.silva@acme-fake.test,,2024-07-29 12:25:00,priya.ashby@acme-fake.test,Aisha Haddad,,,,jordan.sloan@sampleco.test,Drew Cohen,fatima.silva@demomail.test,Nina Kim,Alpha,100094,Y,Standard,taylor.silva@examplecorp.test,Diego Larsson,Y,6010,7806,6156,1114,N,,,,,Discussed timeline and next steps with the account.,,jordan.larsson@demomail.test,Beta,Discussed timeline and next steps with the account.,riley.kim@acme-fake.test,chen.okafor@examplecorp.test,Y,,,Beta,,Gamma,,,,2025-09-03 17:18:00,5156,9689,Standard,Delta,Beta,Gamma,5780,7659,7067,2681,691,Gamma,Quinn Reyes,Taylor Haddad,2023-05-20 17:33:00,,,,,,,,,,,,,,
700454,100263,Resource Care,100053,Quarterly Review,Draft,N,Y,Aligned on billing and renewal terms.,100055,Skyler Rossi,N,,5.4,2.9,100392,N,6.6,Any concerns we should address?,Very satisfied overall.,9.9,5.1,Alpha,N,9.4,5.0,5.7,1.4,7.5,5.7,3.4,,,N,,100572,Yara Mensah,2023-01-07 05:48:00,priya.dorsey@examplecorp.test,,2023-07-26 23:32:00,riley.vance@sampleco.test,,,,,skyler.sato@demomail.test,Arjun Vance,elena.sato@examplecorp.test,Chen Kim,Beta,100253,Y,Alpha,marco.kim@acme-fake.test,Priya Haddad,N,5865,6499,1873,6323,Y,,,,,Shared the updated proposal for review.,,emerson.brooks@examplecorp.test,,Scheduled a check-in for the coming month.,taylor.kim@acme-fake.test,chen.kim@examplecorp.test,N,,,,,,,,Beta,2025-11-05 00:41:00,8649,680,Standard,Delta,Alpha,Standard,1652,7234,824,2432,1992,Beta,Alex Cohen,Avery Larsson,2026-04-13 21:01:00,,,,,,,,,,,,,,
700455,100263,Customer Management,100761,Wellness Check-In,Final,N,Y,Aligned on billing and renewal terms.,100038,Emerson Reyes,N,,7.8,7.1,100627,N,7.4,Any concerns we should address?,Exceeding expectations.,4.7,2.8,Standard,N,2.7,1.1,2.0,6.2,9.3,5.3,3.1,,,N,,100599,Quinn Sato,2026-02-24 06:06:00,alex.sato@acme-fake.test,,2023-12-30 20:00:00,rowan.cohen@examplecorp.test,Nina Sloan,,Other,,nina.larsson@demomail.test,Chen Okafor,emerson.okafor@demomail.test,Nina Ashby,Alpha,100576,N,Delta,avery.cohen@acme-fake.test,Priya Kim,N,9078,9401,1366,551,N,,,,,Reviewed performance and gathered feedback.,,morgan.ivanov@demomail.test,,Reviewed performance and gathered feedback.,skyler.haddad@demomail.test,reese.larsson@sampleco.test,Y,Alpha,,,,Gamma,Diego Kim,Gamma,,2024-03-30 12:56:00,409,9485,Alpha,Beta,Alpha,Beta,6904,8822,5075,7649,480,Beta,Marco Garcia,Mei Kim,2026-01-06 21:05:00,,,,,,,,,,,,,,Reese Patel
700456,100156,Resource Care,100540,Quarterly Review,Final,N,Y,Followed up on the open items from last week.,100570,Priya Ashby,Y,,2.3,3.0,100590,N,6.8,How satisfied are you with the service?,"Going well, minor tweaks needed.",7.5,8.3,Beta,Y,2.0,4.6,4.7,3.5,9.5,2.9,3.7,,,Y,,100472,Omar Rossi,2024-10-31 03:09:00,aisha.calder@demomail.test,,2025-06-23 11:54:00,rowan.kim@acme-fake.test,,,Other,Diego Patel,noah.calder@sampleco.test,Omar Larsson,emerson.ford@acme-fake.test,Reese Whitfield,Gamma,100271,N,Gamma,morgan.okafor@sampleco.test,Rahul Brooks,Y,7675,1210,7652,8790,N,,,,,Scheduled a check-in for the coming month.,,diego.kim@examplecorp.test,,Aligned on billing and renewal terms.,emerson.whitfield@examplecorp.test,jamie.cohen@sampleco.test,N,Beta,,,,,,,,2022-10-20 03:34:00,5527,8641,Delta,Standard,Gamma,Standard,9888,3741,250,8080,6838,Standard,Quinn Ford,Riley Dorsey,2024-06-19 04:29:00,,,,,,,,,,,5778,,,
700457,100204,Resource Care,100142,Wellness Check-In,Final,N,N,Aligned on billing and renewal terms.,100569,Noah Dorsey,N,,6.8,1.9,100149,Y,5.8,How likely are you to continue the engagement?,Very satisfied overall.,4.5,8.2,Beta,N,6.4,1.1,2.8,7.8,6.5,7.5,7.8,,,Y,,100745,Aisha Costa,2025-11-19 05:42:00,skyler.ford@acme-fake.test,,2024-03-04 10:16:00,drew.rossi@demomail.test,Yara Costa,,Delta,,chen.blake@examplecorp.test,Arjun Ashby,arjun.haddad@examplecorp.test,Taylor Garcia,Other,100473,N,Standard,arjun.larsson@sampleco.test,Arjun Rossi,N,8402,3038,1407,7442,N,,,,,Scheduled a check-in for the coming month.,,avery.mensah@acme-fake.test,,Resolved the outstanding question about scope.,rahul.ashby@acme-fake.test,jamie.mensah@demomail.test,N,,,,,,Emerson Ivanov,,,2025-08-12 18:56:00,9796,3964,Beta,Alpha,Standard,Standard,6490,2419,5631,7217,7880,Standard,Jamie Ashby,Jordan Silva,2024-04-13 05:35:00,,,,,,,,,,,,,,
700458,100194,Customer Management,100267,Quarterly Review,Final,Y,Y,Scheduled a check-in for the coming month.,100038,Alex Whitfield,Y,,7.0,5.3,100627,N,6.4,Are deliverables meeting expectations?,"Going well, minor tweaks needed.",1.3,3.3,Alpha,N,9.1,6.4,5.3,1.5,2.9,6.9,2.0,,,Y,,100188,Alex Costa,2025-10-04 06:23:00,morgan.cohen@examplecorp.test,,2023-08-24 21:59:00,taylor.garcia@acme-fake.test,,,,,yara.vance@examplecorp.test,Casey Larsson,elena.larsson@sampleco.test,Chen Haddad,Other,100086,Y,Alpha,drew.ashby@demomail.test,Omar Larsson,Y,1251,5828,5861,1368,N,,,,,Reviewed performance and gathered feedback.,,jordan.ford@sampleco.test,,Followed up on the open items from last week.,yara.garcia@demomail.test,sofia.okafor@acme-fake.test,Y,Beta,,Gamma,Gamma,,,,,2025-01-21 22:57:00,512,8769,Beta,Beta,Alpha,Alpha,6928,3137,1095,5980,733,Standard,Arjun Haddad,Morgan Mensah,2025-10-03 20:51:00,,,,,,,,,,,,,,
700459,100750,Resource Care,100094,Wellness Check-In,Final,N,N,Reviewed performance and gathered feedback.,100047,Rowan Garcia,Y,,1.6,2.1,100683,Y,5.1,How is communication with your team?,"Neutral, watching closely.",8.7,7.6,Beta,Y,3.3,6.4,9.3,1.2,5.8,7.5,9.3,,,Y,,100100,Reese Haddad,2025-07-24 09:14:00,diego.blake@demomail.test,,2025-09-18 18:11:00,emerson.mensah@acme-fake.test,Mei Sloan,,,Nina Mensah,chen.kim@examplecorp.test,Omar Garcia,skyler.ford@acme-fake.test,Jordan Sloan,Beta,100771,N,Other,sofia.sloan@demomail.test,Elena Larsson,Y,4253,6637,5847,7596,Y,,,,,Shared the updated proposal for review.,,noah.ivanov@sampleco.test,,Resolved the outstanding question about scope.,skyler.nguyen@examplecorp.test,aisha.calder@examplecorp.test,N,,Scheduled a check-in for the coming month.,Other,,,,,,2025-07-05 23:32:00,8289,8039,Beta,Other,Delta,Beta,3390,1642,8172,2879,3028,Beta,Casey Ashby,Fatima Nguyen,2024-12-12 23:37:00,,,,,,,,,,,,,,
700460,100652,Customer Management,100714,Quarterly Review,Final,Y,N,Shared the updated proposal for review.,100385,Avery Nguyen,Y,,9.8,6.4,100217,Y,7.1,Any concerns we should address?,Some concerns about turnaround time.,7.1,2.7,Alpha,Y,5.0,6.2,8.0,4.8,5.3,2.5,6.5,,,Y,,100432,Elena Silva,2023-08-03 19:37:00,morgan.whitfield@examplecorp.test,,2024-06-18 01:22:00,rahul.mensah@acme-fake.test,,,Beta,,omar.patel@sampleco.test,Omar Kim,drew.ivanov@acme-fake.test,Drew Kim,Other,100145,Y,Alpha,rahul.nguyen@examplecorp.test,Skyler Ivanov,Y,5952,9047,2925,5258,Y,Standard,,,,Shared the updated proposal for review.,,emerson.reyes@examplecorp.test,,Aligned on billing and renewal terms.,riley.costa@acme-fake.test,elena.garcia@demomail.test,N,,,Standard,,,,,Beta,2023-02-28 14:54:00,8540,5580,Other,Alpha,Beta,Standard,7558,9938,2308,8998,284,Gamma,Noah Ford,Aisha Larsson,2023-04-27 08:37:00,,,,,,,,,,,,,,
700461,100330,Customer Management,100462,Wellness Check-In,Final,Y,N,Noted a concern to revisit at the next sync.,100365,Reese Ivanov,Y,,4.9,3.4,100242,Y,8.9,Any concerns we should address?,Some concerns about turnaround time.,9.5,6.9,Delta,Y,1.2,9.6,9.1,6.1,4.4,9.7,2.6,,,Y,,100578,Elena Sloan,2024-04-06 16:47:00,aisha.garcia@acme-fake.test,,2024-05-18 03:42:00,yara.reyes@demomail.test,,,Alpha,,marco.mensah@examplecorp.test,Liam Nguyen,chen.costa@examplecorp.test,Mei Blake,Beta,100593,N,Alpha,mei.larsson@demomail.test,Liam Blake,N,7389,2501,1997,3864,Y,,,,,Scheduled a check-in for the coming month.,,casey.brooks@acme-fake.test,,Discussed timeline and next steps with the account.,chen.sloan@demomail.test,noah.mercer@sampleco.test,N,,,Standard,,,,,Beta,2022-10-15 19:42:00,485,2909,Gamma,Standard,Beta,Beta,1201,866,4374,1647,3653,Delta,Aisha Brooks,Morgan Garcia,2025-03-21 17:43:00,,,,,,,,,,,,,,
700462,100639,Resource Care,100357,Quarterly Review,Final,N,N,Discussed timeline and next steps with the account.,100211,Sofia Rossi,N,,4.0,8.9,100512,N,1.2,How is communication with your team?,"Neutral, watching closely.",8.6,7.4,Standard,N,4.5,6.4,6.0,4.8,8.2,3.1,6.3,,,N,,100352,Jamie Ford,2024-12-01 21:01:00,noah.patel@sampleco.test,,2024-07-22 21:21:00,casey.whitfield@examplecorp.test,,,Delta,,elena.blake@demomail.test,Nina Mercer,jordan.ford@examplecorp.test,Avery Calder,Standard,100361,Y,Delta,marco.garcia@acme-fake.test,Liam Garcia,Y,5433,2791,6475,4614,N,,,,,Followed up on the open items from last week.,,mei.silva@demomail.test,,Shared the updated proposal for review.,sofia.cohen@demomail.test,aisha.calder@demomail.test,N,Other,,,,Alpha,,Delta,,2023-05-10 02:43:00,4688,3334,Beta,Other,Other,Gamma,1501,5858,4761,4194,9479,Standard,Noah Blake,Casey Whitfield,2023-08-31 17:50:00,,,,,,,,,,,,,,
700463,100047,Customer Management,100688,Wellness Check-In,Final,Y,Y,Scheduled a check-in for the coming month.,100507,Casey Haddad,N,,7.5,4.7,100726,Y,5.6,Are deliverables meeting expectations?,"Neutral, watching closely.",2.5,3.8,Alpha,Y,8.3,5.3,3.7,1.8,5.4,3.6,2.3,,,N,,100147,Skyler Haddad,2023-05-23 18:12:00,riley.haddad@acme-fake.test,,2024-03-12 22:49:00,reese.nguyen@acme-fake.test,Mei Kim,,,,marco.blake@demomail.test,Rahul Whitfield,casey.vance@examplecorp.test,Omar Patel,Standard,100582,N,Gamma,quinn.blake@demomail.test,Liam Mensah,N,9123,4599,4163,3030,Y,,,,,Noted a concern to revisit at the next sync.,,morgan.dorsey@sampleco.test,,Shared the updated proposal for review.,reese.ford@examplecorp.test,nina.calder@examplecorp.test,N,,Scheduled a check-in for the coming month.,,,,,,,2022-10-30 04:16:00,2567,3274,Other,Alpha,Delta,Beta,145,7289,9530,3484,3591,Other,Marco Haddad,Aisha Calder,2025-07-28 01:15:00,,,,,,,,,,,,,,
700464,100165,Resource Care,100420,Customer Success Check-In,Final,Y,N,Noted a concern to revisit at the next sync.,100396,Sofia Silva,Y,,6.2,5.1,100680,N,1.5,Any concerns we should address?,Happy with the progress.,3.0,9.6,Other,N,5.6,3.1,4.3,1.6,2.1,9.1,6.4,,,Y,,100516,Priya Ford,2025-07-16 08:24:00,sofia.mercer@demomail.test,,2023-08-30 00:53:00,reese.larsson@demomail.test,,,,Taylor Mercer,arjun.calder@sampleco.test,Fatima Larsson,fatima.costa@sampleco.test,Sofia Larsson,Delta,100393,Y,Delta,diego.kim@demomail.test,Rahul Sloan,N,4898,153,1584,7177,Y,,,,,Shared the updated proposal for review.,,sofia.ford@acme-fake.test,,Scheduled a check-in for the coming month.,omar.ford@acme-fake.test,reese.sato@demomail.test,N,,,,,,,,,2025-08-23 08:13:00,6262,4037,Alpha,Delta,Beta,Delta,3574,9915,3756,8826,2543,Beta,Alex Calder,Aisha Mensah,2023-03-01 04:09:00,,,,,,,,,,,,,,
700465,100288,Customer Management,100277,Quarterly Review,Final,Y,N,Reviewed performance and gathered feedback.,100098,Taylor Dorsey,N,,2.4,5.3,100229,Y,4.2,Are deliverables meeting expectations?,Very satisfied overall.,5.6,5.7,Standard,Y,2.5,2.3,5.8,4.3,9.0,6.0,5.1,,,N,,100587,Noah Cohen,2026-01-21 17:07:00,fatima.ashby@demomail.test,,2025-02-11 01:12:00,diego.sloan@demomail.test,,,,,alex.ashby@sampleco.test,Morgan Brooks,alex.ashby@demomail.test,Sofia Patel,Delta,100574,N,Beta,skyler.cohen@acme-fake.test,Fatima Ivanov,Y,8550,442,6936,513,Y,,,,,Scheduled a check-in for the coming month.,,taylor.haddad@sampleco.test,,Resolved the outstanding question about scope.,riley.dorsey@examplecorp.test,chen.calder@examplecorp.test,N,,,,,Delta,,,,2023-03-06 00:39:00,6890,434,Delta,Standard,Other,Other,8368,1598,8090,1921,8836,Beta,Liam Sloan,Reese Sloan,2023-01-04 13:42:00,,,,,,,,,,,,,,
700466,100260,Customer Management,100688,Wellness Check-In,Draft,Y,N,Noted a concern to revisit at the next sync.,100005,Liam Vance,Y,,1.5,3.0,100601,Y,6.2,How likely are you to continue the engagement?,Very satisfied overall.,4.9,7.1,Beta,N,9.8,9.7,6.5,3.7,8.2,9.4,6.3,,,N,,100743,Quinn Garcia,2024-08-08 17:13:00,alex.ford@demomail.test,,2026-04-20 02:25:00,chen.nguyen@sampleco.test,,,,,diego.reyes@examplecorp.test,Emerson Sato,reese.vance@acme-fake.test,Drew Nguyen,Gamma,100345,N,Other,casey.patel@examplecorp.test,Aisha Silva,N,8622,5911,7321,7939,Y,,,,,Aligned on billing and renewal terms.,,arjun.haddad@acme-fake.test,,Scheduled a check-in for the coming month.,yara.ivanov@examplecorp.test,chen.ivanov@sampleco.test,Y,Beta,,Alpha,,,,,Alpha,2023-11-02 07:38:00,8510,6231,Other,Beta,Other,Beta,9824,8184,3290,3295,3274,Beta,Noah Costa,Jordan Kim,2024-09-18 05:13:00,,,,,,,,,,,,,,
700467,100559,Resource Care,100269,Wellness Check-In,Final,Y,N,Followed up on the open items from last week.,100404,Drew Whitfield,Y,,8.3,4.2,100253,N,4.8,How satisfied are you with the service?,Exceeding expectations.,2.0,4.3,Beta,N,6.6,1.4,4.1,8.4,6.2,2.9,8.8,,,Y,,100558,Alex Brooks,2024-08-20 22:35:00,nina.rossi@sampleco.test,,2024-04-29 09:31:00,nina.vance@sampleco.test,,,Beta,,noah.ashby@sampleco.test,Drew Ashby,casey.okafor@sampleco.test,Skyler Ashby,Alpha,100673,Y,Gamma,fatima.calder@examplecorp.test,Jamie Haddad,N,3414,8645,8270,7584,N,,,,,Reviewed performance and gathered feedback.,,drew.okafor@demomail.test,,Noted a concern to revisit at the next sync.,fatima.rossi@sampleco.test,nina.blake@examplecorp.test,N,,Shared the updated proposal for review.,,Beta,,,,,2026-03-20 05:13:00,1801,589,Gamma,Gamma,Gamma,Standard,6825,7288,1087,6913,2138,Gamma,Rowan Brooks,Diego Reyes,2025-03-24 16:26:00,,,,,,,,,,,,,,
700468,100604,Customer Management,100525,Quarterly Review,Final,Y,N,Discussed timeline and next steps with the account.,100012,Diego Haddad,N,,3.7,9.7,100704,N,1.0,Any concerns we should address?,Happy with the progress.,4.7,8.2,Alpha,Y,5.0,4.0,2.7,1.2,6.3,7.1,8.0,,,Y,,100435,Taylor Whitfield,2026-07-22 10:51:00,skyler.silva@sampleco.test,,2023-08-15 18:20:00,diego.haddad@acme-fake.test,,,,,marco.mercer@examplecorp.test,Mei Ivanov,quinn.brooks@sampleco.test,Mei Patel,Other,100451,N,Standard,liam.ivanov@demomail.test,Marco Cohen,N,7214,2599,5636,245,N,,,,,Noted a concern to revisit at the next sync.,,riley.garcia@demomail.test,Alpha,Followed up on the open items from last week.,omar.mercer@sampleco.test,mei.okafor@demomail.test,N,Alpha,,Other,Standard,,,,Beta,2024-05-24 01:08:00,9799,5269,Standard,Delta,Other,Alpha,5618,7151,7275,876,2908,Gamma,Casey Garcia,Jordan Costa,2022-11-22 09:24:00,,,,,,,,,,,,,,
700469,100076,Customer Management,100291,Wellness Check-In,Final,N,Y,Followed up on the open items from last week.,100284,Liam Garcia,N,,2.9,2.8,100635,N,8.3,Any concerns we should address?,"Neutral, watching closely.",2.3,9.8,Other,Y,5.9,3.5,5.0,9.7,2.4,6.0,6.1,,,N,,100194,Rahul Okafor,2022-11-14 03:32:00,mei.nguyen@demomail.test,,2024-07-10 02:39:00,elena.rossi@sampleco.test,Skyler Okafor,,Other,Casey Reyes,alex.blake@demomail.test,Avery Costa,diego.ford@acme-fake.test,Avery Whitfield,Other,100578,Y,Standard,nina.costa@examplecorp.test,Chen Whitfield,Y,2113,7149,9739,9782,N,,,,,Resolved the outstanding question about scope.,,drew.ivanov@acme-fake.test,,Aligned on billing and renewal terms.,rahul.ashby@acme-fake.test,avery.reyes@demomail.test,Y,,Reviewed performance and gathered feedback.,Standard,,,Mei Haddad,Standard,,2025-01-20 22:55:00,1460,9093,Delta,Gamma,Alpha,Alpha,8253,1726,6466,6875,9475,Alpha,Priya Sloan,Noah Nguyen,2026-07-18 23:52:00,,,,,,,,,,,,,,
700470,100532,Customer Management,100407,Quarterly Review,Final,N,N,Noted a concern to revisit at the next sync.,100671,Avery Calder,Y,,8.2,3.3,100566,N,3.3,Are deliverables meeting expectations?,Exceeding expectations.,5.7,1.7,Gamma,N,3.1,6.4,3.9,5.8,5.0,2.7,3.1,,,Y,,100047,Arjun Ashby,2022-10-29 07:02:00,liam.ashby@sampleco.test,,2022-10-15 03:03:00,yara.costa@demomail.test,Riley Sato,,,,drew.patel@demomail.test,Diego Mercer,avery.haddad@acme-fake.test,Alex Brooks,Standard,100638,Y,Delta,riley.sloan@examplecorp.test,Riley Nguyen,Y,29,1059,9958,753,Y,,,,,Discussed timeline and next steps with the account.,,omar.reyes@acme-fake.test,,Followed up on the open items from last week.,fatima.ivanov@sampleco.test,sofia.sato@sampleco.test,N,Beta,,,,Other,Diego Calder,Gamma,,2023-05-06 11:48:00,4729,7174,Other,Beta,Alpha,Other,2803,6416,9207,964,8110,Other,Taylor Patel,Sofia Ivanov,2025-03-29 07:57:00,,,,,,,,,,,,,,
700471,100247,Resource Care,100112,Quarterly Review,Final,Y,N,Reviewed performance and gathered feedback.,100100,Morgan Larsson,Y,,8.8,6.8,100558,Y,9.7,How likely are you to continue the engagement?,"Neutral, watching closely.",3.0,4.3,Delta,Y,7.1,1.4,4.2,9.8,8.2,4.4,5.6,,,N,,100624,Skyler Okafor,2022-11-08 20:04:00,yara.sato@acme-fake.test,Rowan Patel,2025-05-14 17:15:00,drew.calder@sampleco.test,,,,,nina.okafor@acme-fake.test,Quinn Haddad,jamie.garcia@examplecorp.test,Emerson Sato,Delta,100532,Y,Standard,aisha.sloan@acme-fake.test,Liam Brooks,Y,1499,600,4059,6951,Y,,,,,Resolved the outstanding question about scope.,,omar.calder@examplecorp.test,,Followed up on the open items from last week.,alex.reyes@examplecorp.test,quinn.vance@sampleco.test,Y,,Reviewed performance and gathered feedback.,,,,Jamie Reyes,Other,Standard,2022-12-01 10:22:00,8751,3923,Other,Beta,Standard,Standard,5005,5700,5566,4570,3836,Alpha,Noah Ashby,Jamie Costa,2025-05-10 01:13:00,,,,,,,,,,,,,,
700472,100643,Resource Care,100336,Quarterly Review,Final,Y,Y,Followed up on the open items from last week.,100023,Sofia Brooks,N,,7.2,8.4,100496,N,5.9,How satisfied are you with the service?,Happy with the progress.,3.6,1.4,Alpha,N,5.4,5.9,1.3,9.9,3.4,8.8,4.5,,,N,,100743,Omar Costa,2022-12-08 00:03:00,elena.larsson@sampleco.test,,2024-07-31 09:56:00,elena.ford@demomail.test,,,,,riley.okafor@examplecorp.test,Alex Blake,omar.mensah@sampleco.test,Marco Ford,Standard,100162,Y,Gamma,arjun.sloan@acme-fake.test,Rahul Blake,N,1751,5570,2264,5848,Y,,,,,Discussed timeline and next steps with the account.,,taylor.ivanov@demomail.test,,Scheduled a check-in for the coming month.,skyler.calder@acme-fake.test,taylor.brooks@sampleco.test,N,Gamma,,,,Beta,Noah Larsson,Gamma,,2025-09-29 17:07:00,2251,1490,Beta,Alpha,Other,Gamma,6113,913,7037,2679,3739,Standard,Rahul Ford,Reese Reyes,2023-10-17 01:06:00,,,,,,,,,,,,,,
700473,100504,Resource Care,100375,Wellness Check-In,Final,Y,N,Noted a concern to revisit at the next sync.,100349,Jamie Ivanov,N,,1.1,6.6,100242,N,9.2,Are deliverables meeting expectations?,Very satisfied overall.,8.1,4.1,Standard,Y,6.2,2.8,9.1,3.0,7.5,5.4,1.7,,,N,,100264,Marco Vance,2025-07-20 21:39:00,rowan.costa@examplecorp.test,,2023-10-27 10:56:00,diego.ashby@demomail.test,,,,,casey.costa@examplecorp.test,Quinn Haddad,alex.brooks@demomail.test,Yara Garcia,Alpha,100061,N,Delta,elena.sloan@examplecorp.test,Morgan Patel,N,1992,1004,5543,1289,N,,,,,Followed up on the open items from last week.,,nina.mensah@demomail.test,,Scheduled a check-in for the coming month.,reese.reyes@examplecorp.test,emerson.vance@examplecorp.test,Y,,,,Standard,,,,,2023-06-05 23:48:00,3226,9296,Alpha,Standard,Alpha,Alpha,9896,4357,114,5535,8927,Beta,Omar Garcia,Taylor Rossi,2025-07-12 19:59:00,,,,,,,,,,,,,,
700474,100309,Resource Care,100200,Customer Success Check-In,Final,N,Y,Discussed timeline and next steps with the account.,100121,Mei Silva,N,,5.9,6.1,100229,Y,4.0,Are deliverables meeting expectations?,Exceeding expectations.,1.5,1.9,Beta,Y,8.5,8.5,6.0,8.2,4.0,5.7,6.6,,,N,,100726,Drew Larsson,2025-09-19 20:55:00,yara.kim@sampleco.test,,2024-10-21 09:09:00,priya.nguyen@sampleco.test,Casey Blake,,Beta,Avery Haddad,avery.blake@sampleco.test,Rowan Ashby,yara.calder@demomail.test,Skyler Rossi,Other,100264,N,Gamma,liam.ivanov@sampleco.test,Diego Vance,N,6003,4110,6629,2510,N,,,,,Aligned on billing and renewal terms.,,rowan.ford@sampleco.test,,Resolved the outstanding question about scope.,fatima.mercer@examplecorp.test,chen.dorsey@demomail.test,N,Standard,,,,Beta,,Beta,,2026-07-25 19:51:00,6619,7349,Beta,Gamma,Alpha,Other,3991,5974,6060,2024,5268,Standard,Reese Kim,Diego Mercer,2024-11-20 03:40:00,,,Gamma,,,,,,3999,,,,,
700475,100496,Customer Management,100396,Customer Success Check-In,Final,Y,N,Scheduled a check-in for the coming month.,100005,Yara Brooks,N,,6.0,4.2,100554,Y,7.8,How likely are you to continue the engagement?,Very satisfied overall.,4.7,8.6,Beta,N,1.8,8.4,6.9,2.1,9.1,5.4,4.7,,,N,,100611,Reese Larsson,2023-11-02 08:55:00,marco.mercer@demomail.test,,2026-01-12 17:22:00,aisha.sato@sampleco.test,Fatima Nguyen,,Standard,,nina.cohen@acme-fake.test,Quinn Garcia,sofia.dorsey@demomail.test,Morgan Dorsey,Delta,100495,Y,Other,taylor.dorsey@acme-fake.test,Arjun Costa,N,7639,5455,8944,4573,Y,,,,,Shared the updated proposal for review.,,omar.vance@sampleco.test,,Discussed timeline and next steps with the account.,marco.nguyen@acme-fake.test,drew.whitfield@acme-fake.test,Y,Delta,,,Delta,Beta,,,,2025-09-07 00:46:00,4256,8517,Gamma,Delta,Standard,Standard,8664,3163,5255,1051,7465,Alpha,Arjun Calder,Yara Vance,2022-10-03 10:40:00,,,,,,,4900,,,,,,,
700476,100713,Customer Management,100542,Quarterly Review,Final,Y,Y,Noted a concern to revisit at the next sync.,100200,Rahul Garcia,N,,8.0,7.3,100512,N,3.4,How is communication with your team?,Exceeding expectations.,9.7,6.7,Gamma,N,1.7,7.0,4.9,10.0,9.2,5.5,4.0,,,N,,100273,Fatima Patel,2024-03-18 17:53:00,casey.garcia@examplecorp.test,,2024-05-08 06:56:00,mei.haddad@demomail.test,,,Alpha,,liam.larsson@acme-fake.test,Casey Silva,chen.garcia@sampleco.test,Reese Cohen,Other,100425,N,Alpha,diego.mercer@acme-fake.test,Nina Okafor,Y,6307,1012,3733,6434,N,,,,,Resolved the outstanding question about scope.,,morgan.haddad@acme-fake.test,,Discussed timeline and next steps with the account.,morgan.haddad@examplecorp.test,elena.sato@acme-fake.test,Y,,,,,Standard,,,,2025-11-23 01:20:00,4135,3108,Standard,Other,Delta,Standard,5456,1416,7805,1282,9235,Alpha,Chen Nguyen,Omar Garcia,2024-09-22 05:24:00,,,,,,,,,,7036,,,,
700477,100558,Resource Care,100009,Customer Success Check-In,Final,Y,Y,Shared the updated proposal for review.,100627,Jordan Haddad,N,,3.0,7.5,100654,N,5.9,How satisfied are you with the service?,"Neutral, watching closely.",7.4,3.6,Beta,Y,1.8,4.6,7.2,3.4,5.5,1.3,8.0,,,Y,,100548,Rahul Ivanov,2026-07-03 23:52:00,sofia.rossi@demomail.test,,2023-09-26 18:45:00,nina.mercer@sampleco.test,,,Other,Skyler Garcia,skyler.ashby@acme-fake.test,Rowan Brooks,emerson.reyes@examplecorp.test,Emerson Calder,Gamma,100638,N,Delta,drew.rossi@demomail.test,Marco Mensah,N,9380,8263,904,707,Y,,,,,Followed up on the open items from last week.,,chen.cohen@examplecorp.test,,Reviewed performance and gathered feedback.,skyler.sato@examplecorp.test,liam.reyes@acme-fake.test,N,,,Delta,,,Jamie Sloan,,,2023-03-17 09:25:00,6048,6527,Delta,Beta,Delta,Alpha,5077,7364,8372,1689,2424,Beta,Aisha Dorsey,Taylor Larsson,2025-12-08 15:06:00,,,,,,,,,,,,,,
700478,100768,Resource Care,100021,Customer Success Check-In,Final,Y,N,Scheduled a check-in for the coming month.,100462,Emerson Ashby,Y,,4.1,7.3,100552,Y,2.9,How is communication with your team?,"Going well, minor tweaks needed.",2.6,5.2,Other,N,6.8,9.5,6.6,3.5,4.8,1.8,6.9,,,N,,100538,Riley Haddad,2025-04-07 00:10:00,jordan.nguyen@examplecorp.test,,2025-05-25 15:53:00,morgan.larsson@demomail.test,,,,Morgan Rossi,riley.mensah@examplecorp.test,Rahul Reyes,fatima.rossi@examplecorp.test,Marco Mercer,Other,100403,Y,Standard,avery.haddad@demomail.test,Avery Calder,Y,1693,8406,2025,9910,N,,,,,Shared the updated proposal for review.,,priya.sloan@examplecorp.test,Gamma,Scheduled a check-in for the coming month.,marco.kim@examplecorp.test,nina.cohen@sampleco.test,Y,,,Other,Standard,,,,,2023-05-25 00:52:00,3968,2461,Standard,Alpha,Beta,Other,5761,7019,8738,734,3265,Beta,Diego Haddad,Rahul Rossi,2023-12-09 08:23:00,,,,,,,,,,,,,,
700479,100465,Customer Management,100735,Wellness Check-In,Final,Y,N,Resolved the outstanding question about scope.,100125,Sofia Costa,N,,3.4,3.3,100434,Y,8.9,Any concerns we should address?,Happy with the progress.,7.5,7.9,Alpha,Y,2.0,6.1,5.9,2.2,1.3,1.4,3.2,,,Y,,100739,Mei Blake,2024-07-14 13:16:00,fatima.larsson@demomail.test,,2022-11-25 03:40:00,omar.mercer@acme-fake.test,,,Alpha,,chen.haddad@sampleco.test,Quinn Haddad,rowan.nguyen@examplecorp.test,Elena Cohen,Delta,100211,Y,Standard,rowan.reyes@sampleco.test,Mei Ivanov,N,290,561,2857,7160,Y,,,,,Aligned on billing and renewal terms.,Avery Rossi,marco.ivanov@demomail.test,,Resolved the outstanding question about scope.,priya.rossi@acme-fake.test,casey.kim@sampleco.test,N,,Discussed timeline and next steps with the account.,,,,,,,2023-03-22 11:58:00,7401,1614,Beta,Beta,Alpha,Other,2970,1963,3035,8754,1355,Beta,Alex Haddad,Alex Larsson,2026-05-11 21:39:00,,,,,,,,,,,,,,
700480,100256,Customer Management,100671,Quarterly Review,Final,N,N,Shared the updated proposal for review.,100627,Skyler Garcia,N,,7.6,7.2,100242,N,5.2,Are deliverables meeting expectations?,"Going well, minor tweaks needed.",7.7,4.3,Alpha,N,2.5,6.7,5.3,5.3,7.6,3.8,1.1,,,Y,,100632,Fatima Kim,2024-02-14 05:30:00,alex.costa@sampleco.test,Nina Mensah,2023-06-15 04:25:00,drew.mercer@sampleco.test,,,,Reese Patel,marco.rossi@sampleco.test,Avery Sato,elena.dorsey@examplecorp.test,Emerson Vance,Standard,100320,Y,Alpha,fatima.costa@sampleco.test,Reese Ashby,N,199,328,4684,689,Y,,,,,Followed up on the open items from last week.,,marco.cohen@demomail.test,,Scheduled a check-in for the coming month.,jordan.ivanov@demomail.test,noah.silva@acme-fake.test,Y,,,Delta,,Standard,Fatima Kim,,,2024-09-08 04:57:00,1758,3311,Alpha,Alpha,Alpha,Delta,2546,2631,8596,3545,6575,Standard,Priya Garcia,Quinn Whitfield,2025-08-11 01:18:00,,,,,,,,,,,,,,
700481,100385,Customer Management,100671,Quarterly Review,Final,N,N,Shared the updated proposal for review.,100137,Rahul Ivanov,Y,,1.8,4.7,100616,N,3.9,How likely are you to continue the engagement?,"Neutral, watching closely.",9.4,1.9,Other,N,9.5,1.5,1.3,2.5,4.4,7.2,9.3,,,N,,100269,Arjun Patel,2023-04-27 19:03:00,alex.sloan@demomail.test,,2023-05-14 00:16:00,drew.silva@demomail.test,,,,,yara.mensah@acme-fake.test,Chen Silva,marco.reyes@acme-fake.test,Chen Patel,Gamma,100068,N,Standard,alex.blake@examplecorp.test,Skyler Vance,N,8795,5811,5635,4671,N,Standard,,,,Shared the updated proposal for review.,,casey.haddad@demomail.test,,Aligned on billing and renewal terms.,quinn.brooks@examplecorp.test,priya.dorsey@demomail.test,N,,,Alpha,,,Marco Mercer,,,2026-05-29 19:28:00,7584,2068,Standard,Gamma,Delta,Alpha,9067,3510,1732,1547,5244,Alpha,Priya Costa,Noah Ashby,2025-12-05 11:04:00,,,,,,,,,,4959,,,,
700482,100699,Resource Care,100226,Wellness Check-In,Draft,N,N,Aligned on billing and renewal terms.,100669,Aisha Brooks,N,,8.9,3.1,100168,N,4.8,How is communication with your team?,Happy with the progress.,8.4,8.0,Gamma,N,8.6,1.1,9.5,9.9,9.3,3.1,2.6,,,Y,,100759,Elena Calder,2023-09-16 14:02:00,jamie.mercer@demomail.test,,2026-01-17 22:02:00,noah.sato@acme-fake.test,,,,,quinn.sloan@demomail.test,Arjun Okafor,rowan.costa@demomail.test,Fatima Dorsey,Gamma,100481,N,Standard,liam.garcia@sampleco.test,Taylor Mensah,N,6548,8683,5643,7304,Y,,,,,Resolved the outstanding question about scope.,,avery.dorsey@examplecorp.test,,Resolved the outstanding question about scope.,arjun.ford@demomail.test,riley.reyes@examplecorp.test,Y,,Scheduled a check-in for the coming month.,,,,,Beta,Standard,2023-11-05 05:43:00,3286,1797,Delta,Delta,Standard,Beta,8128,7623,2271,8931,4853,Other,Sofia Silva,Rahul Reyes,2025-07-27 12:37:00,,,,,,,,,,,,,,
700483,100785,Resource Care,100229,Customer Success Check-In,Final,Y,Y,Scheduled a check-in for the coming month.,100627,Aisha Vance,Y,,5.9,8.1,100481,Y,7.5,How likely are you to continue the engagement?,"Neutral, watching closely.",9.6,6.1,Beta,N,5.0,4.8,6.0,1.5,4.2,6.9,6.4,,,Y,,100026,Sofia Cohen,2024-08-21 11:12:00,aisha.garcia@demomail.test,,2024-08-30 22:32:00,rahul.silva@demomail.test,,,,,emerson.reyes@examplecorp.test,Jamie Mercer,skyler.sloan@sampleco.test,Nina Cohen,Alpha,100442,N,Alpha,priya.dorsey@demomail.test,Emerson Cohen,N,8935,6495,2319,8604,N,,,,,Noted a concern to revisit at the next sync.,,liam.mercer@examplecorp.test,,Scheduled a check-in for the coming month.,elena.mensah@acme-fake.test,rahul.rossi@sampleco.test,N,,,,,Gamma,Jamie Mensah,,,2025-06-15 20:54:00,7731,3276,Beta,Standard,Standard,Standard,3740,2076,8515,457,9387,Other,Drew Larsson,Jordan Ford,2024-06-06 09:28:00,,,,,,,,,,,,,,
700484,100382,Customer Management,100361,Customer Success Check-In,Final,Y,N,Resolved the outstanding question about scope.,100263,Quinn Patel,Y,,9.1,6.3,100300,Y,2.5,How satisfied are you with the service?,Exceeding expectations.,7.4,2.6,Delta,N,8.3,2.0,3.1,2.4,9.9,6.8,7.3,,,N,,100125,Noah Okafor,2024-12-16 23:52:00,casey.reyes@demomail.test,,2026-05-28 00:36:00,rahul.rossi@sampleco.test,,,,,morgan.mercer@acme-fake.test,Emerson Calder,elena.mercer@acme-fake.test,Rowan Mercer,Beta,100699,Y,Delta,noah.calder@sampleco.test,Emerson Ashby,N,6195,4028,4943,9714,Y,,,,,Reviewed performance and gathered feedback.,,fatima.haddad@demomail.test,,Shared the updated proposal for review.,drew.mercer@examplecorp.test,rahul.silva@acme-fake.test,N,,Discussed timeline and next steps with the account.,Delta,,,Quinn Ford,Delta,,2026-06-14 14:50:00,862,5447,Alpha,Alpha,Alpha,Delta,5001,337,5520,795,8211,Standard,Noah Costa,Drew Blake,2022-12-05 02:09:00,,,Standard,,,,,,,,,,,
700485,100319,Customer Management,100112,Customer Success Check-In,Final,N,N,Followed up on the open items from last week.,100252,Liam Silva,Y,,5.9,7.5,100247,Y,6.2,How satisfied are you with the service?,Very satisfied overall.,1.0,4.6,Other,N,3.4,3.5,9.0,4.9,5.1,4.8,5.8,,,Y,,100211,Liam Reyes,2026-04-27 23:55:00,taylor.vance@acme-fake.test,,2026-06-13 00:04:00,riley.ashby@acme-fake.test,Priya Rossi,,,,diego.patel@sampleco.test,Reese Rossi,liam.calder@acme-fake.test,Jamie Dorsey,Alpha,100702,Y,Other,rahul.mercer@examplecorp.test,Omar Nguyen,N,827,7021,8761,1087,N,,,,,Noted a concern to revisit at the next sync.,,jordan.ford@examplecorp.test,,Resolved the outstanding question about scope.,morgan.ashby@demomail.test,emerson.kim@sampleco.test,N,,,,,,,,Standard,2022-10-18 17:28:00,9690,3088,Beta,Beta,Alpha,Gamma,3739,1166,7625,300,1808,Beta,Emerson Cohen,Marco Silva,2025-01-15 00:38:00,,,,,,,,,,,,,,
700486,100404,Customer Management,100507,Customer Success Check-In,Final,Y,N,Noted a concern to revisit at the next sync.,100273,Rowan Nguyen,Y,,3.9,9.5,100714,N,3.2,Are deliverables meeting expectations?,Some concerns about turnaround time.,1.0,6.3,Delta,Y,2.5,6.9,2.2,2.6,5.7,5.3,2.4,,,N,,100112,Nina Mercer,2025-05-25 13:13:00,elena.haddad@acme-fake.test,,2025-01-11 09:02:00,chen.ashby@examplecorp.test,,,,,jamie.costa@demomail.test,Marco Cohen,taylor.ford@examplecorp.test,Aisha Kim,Beta,100157,Y,Delta,mei.ivanov@sampleco.test,Diego Calder,N,7207,9414,5858,8875,N,,,,,Reviewed performance and gathered feedback.,,priya.reyes@acme-fake.test,Standard,Followed up on the open items from last week.,nina.silva@examplecorp.test,liam.nguyen@examplecorp.test,N,,,,,,,,,2026-06-12 03:40:00,9471,841,Delta,Other,Standard,Alpha,6468,3491,6820,5567,9885,Beta,Drew Kim,Morgan Vance,2023-10-27 10:12:00,,,,,,,,,,,,,,
700487,100414,Customer Management,100019,Customer Success Check-In,Final,Y,N,Scheduled a check-in for the coming month.,100147,Mei Costa,N,,5.5,9.9,100205,Y,6.9,Any concerns we should address?,Some concerns about turnaround time.,5.1,10.0,Alpha,Y,8.3,6.5,1.6,3.3,1.1,9.2,2.0,,,Y,,100096,Arjun Blake,2023-04-26 23:30:00,drew.sloan@examplecorp.test,,2025-07-18 08:09:00,skyler.larsson@demomail.test,,,,,chen.calder@acme-fake.test,Nina Dorsey,priya.mensah@demomail.test,Marco Okafor,Delta,100496,N,Alpha,jordan.reyes@examplecorp.test,Marco Ivanov,Y,2324,8436,2918,8819,Y,,,,,Aligned on billing and renewal terms.,,mei.mercer@acme-fake.test,,Followed up on the open items from last week.,noah.patel@sampleco.test,rowan.dorsey@examplecorp.test,N,,Discussed timeline and next steps with the account.,Standard,,,,,Gamma,2023-04-03 19:01:00,1369,8473,Alpha,Gamma,Gamma,Gamma,2621,4239,4673,1542,7460,Standard,Taylor Nguyen,Morgan Okafor,2023-06-10 21:55:00,,,,,,,,,,,,,,
700488,100471,Customer Management,100142,Customer Success Check-In,Final,N,Y,Scheduled a check-in for the coming month.,100707,Nina Cohen,Y,,5.2,6.0,100286,Y,7.0,How likely are you to continue the engagement?,Exceeding expectations.,9.5,7.0,Standard,N,3.0,9.8,2.8,5.6,5.0,1.3,4.2,,,Y,,100382,Nina Dorsey,2024-07-30 18:33:00,chen.dorsey@sampleco.test,,2025-06-15 06:53:00,taylor.blake@sampleco.test,,,,,avery.garcia@demomail.test,Taylor Mensah,alex.mercer@acme-fake.test,Aisha Okafor,Alpha,100319,Y,Delta,nina.rossi@sampleco.test,Casey Mercer,N,7473,9688,763,2617,Y,,,,,Followed up on the open items from last week.,,yara.ivanov@demomail.test,,Aligned on billing and renewal terms.,jordan.cohen@sampleco.test,marco.larsson@demomail.test,Y,,,,Delta,,,,,2024-08-28 22:47:00,868,6696,Alpha,Gamma,Delta,Standard,6019,6976,8755,827,4495,Gamma,Omar Costa,Diego Okafor,2024-06-12 22:32:00,,,,,Beta,,,,,,,,,
700489,100551,Customer Management,100173,Quarterly Review,Draft,Y,Y,Shared the updated proposal for review.,100503,Quinn Calder,Y,,3.7,9.2,100595,N,6.6,Any concerns we should address?,Happy with the progress.,5.8,4.4,Delta,Y,2.6,9.6,1.4,8.8,8.7,7.2,9.8,,,N,,100688,Casey Nguyen,2025-01-13 20:10:00,priya.calder@sampleco.test,,2026-02-19 06:49:00,priya.calder@demomail.test,Rowan Brooks,,Alpha,,rowan.reyes@sampleco.test,Jamie Sloan,liam.silva@examplecorp.test,Reese Garcia,Gamma,100096,Y,Beta,arjun.garcia@acme-fake.test,Riley Blake,N,1539,243,650,8679,Y,,,,,Aligned on billing and renewal terms.,,nina.mercer@acme-fake.test,,Scheduled a check-in for the coming month.,priya.garcia@acme-fake.test,reese.okafor@examplecorp.test,N,Standard,,Standard,Gamma,,Marco Blake,,,2025-09-14 06:06:00,937,5714,Gamma,Other,Alpha,Delta,1812,4366,6897,5694,6345,Alpha,Riley Ivanov,Priya Calder,2025-10-03 02:43:00,,,,,,,,,,,2413,,,
700490,100457,Customer Management,100115,Wellness Check-In,Final,N,N,Shared the updated proposal for review.,100667,Rahul Mercer,Y,,9.0,7.1,100545,Y,2.0,How satisfied are you with the service?,"Neutral, watching closely.",3.8,9.6,Alpha,Y,4.8,5.2,3.2,5.1,1.5,7.5,1.4,,,Y,,100606,Alex Ford,2026-03-15 19:29:00,emerson.okafor@examplecorp.test,,2024-12-20 14:14:00,omar.costa@acme-fake.test,Yara Larsson,,,,jamie.nguyen@acme-fake.test,Fatima Brooks,morgan.whitfield@examplecorp.test,Noah Rossi,Standard,100247,N,Alpha,reese.cohen@demomail.test,Reese Ivanov,Y,3295,6761,7790,5357,Y,,,,,Resolved the outstanding question about scope.,,nina.whitfield@examplecorp.test,,Resolved the outstanding question about scope.,skyler.calder@demomail.test,liam.whitfield@sampleco.test,N,,,,,,Aisha Calder,Beta,,2024-02-13 17:54:00,2868,2952,Gamma,Standard,Alpha,Other,5668,7172,1612,6453,2883,Standard,Reese Silva,Casey Ivanov,2023-04-08 17:53:00,,,,,,,,,,,,,,
700491,100185,Resource Care,100699,Customer Success Check-In,Final,N,Y,Resolved the outstanding question about scope.,100774,Jordan Sato,N,,9.8,5.8,100640,N,3.4,How is communication with your team?,Very satisfied overall.,2.1,6.4,Standard,N,5.1,3.2,7.9,9.3,9.6,7.8,2.5,,,N,,100770,Jordan Ashby,2026-03-26 10:18:00,arjun.vance@sampleco.test,,2023-06-01 23:29:00,chen.cohen@acme-fake.test,Taylor Sloan,,Delta,,priya.silva@acme-fake.test,Emerson Calder,skyler.larsson@demomail.test,Skyler Reyes,Delta,100330,Y,Beta,morgan.mercer@demomail.test,Jordan Sloan,Y,8139,8964,557,8773,N,,,,,Discussed timeline and next steps with the account.,,aisha.dorsey@demomail.test,,Followed up on the open items from last week.,sofia.mensah@sampleco.test,rahul.sloan@acme-fake.test,N,,,,,,,Delta,,2024-06-29 00:14:00,3675,5395,Beta,Standard,Alpha,Delta,6230,6519,9391,6851,6848,Beta,Omar Sloan,Noah Sato,2022-12-17 17:35:00,,,,,,,,,,,,,,Emerson Larsson
700492,100208,Resource Care,100484,Wellness Check-In,Final,Y,N,Resolved the outstanding question about scope.,100775,Aisha Ivanov,Y,,8.1,9.0,100750,N,9.3,How satisfied are you with the service?,Happy with the progress.,3.2,3.1,Standard,N,6.6,3.8,3.1,4.9,7.4,3.4,3.8,,,N,,100658,Nina Costa,2022-12-10 20:54:00,nina.nguyen@demomail.test,,2025-01-16 18:20:00,chen.calder@examplecorp.test,,,,,sofia.sloan@demomail.test,Reese Garcia,emerson.ivanov@acme-fake.test,Emerson Ashby,Alpha,100761,Y,Standard,skyler.larsson@sampleco.test,Avery Costa,Y,454,6039,7702,7544,Y,,,,,Shared the updated proposal for review.,,rahul.costa@acme-fake.test,,Aligned on billing and renewal terms.,elena.sloan@sampleco.test,casey.blake@examplecorp.test,Y,,,,,,,Other,,2022-12-12 00:06:00,9046,5499,Other,Gamma,Alpha,Beta,6401,7000,8082,2875,2696,Delta,Omar Okafor,Jordan Mensah,2026-06-11 03:41:00,,,,,,,,,,9173,,,,
700493,100317,Customer Management,100774,Quarterly Review,Draft,Y,N,Scheduled a check-in for the coming month.,100315,Quinn Sloan,Y,,2.3,9.8,100476,Y,7.5,Are deliverables meeting expectations?,Some concerns about turnaround time.,7.8,5.8,Gamma,N,1.0,5.8,7.5,9.0,4.4,8.6,1.5,,,Y,,100076,Noah Calder,2026-06-05 05:55:00,skyler.ivanov@acme-fake.test,,2026-01-28 02:23:00,nina.mensah@demomail.test,Arjun Nguyen,,,,emerson.reyes@demomail.test,Marco Calder,skyler.silva@demomail.test,Nina Ivanov,Alpha,100446,Y,Other,casey.patel@demomail.test,Chen Rossi,Y,290,1351,3636,4112,Y,,,,,Followed up on the open items from last week.,,rahul.larsson@demomail.test,,Resolved the outstanding question about scope.,drew.reyes@acme-fake.test,noah.ivanov@examplecorp.test,N,Other,,,,,,,Gamma,2025-12-13 14:01:00,7896,2210,Alpha,Alpha,Delta,Delta,2676,167,8414,7292,7224,Alpha,Skyler Reyes,Riley Ivanov,2022-11-22 17:35:00,,,,,,,,,,,,,,
700494,100751,Resource Care,100263,Quarterly Review,Final,N,N,Discussed timeline and next steps with the account.,100445,Morgan Reyes,N,,1.9,9.6,100115,Y,1.4,How satisfied are you with the service?,Exceeding expectations.,8.1,1.4,Gamma,Y,6.4,7.8,9.2,5.1,8.6,1.2,4.5,,,N,,100407,Elena Brooks,2023-03-14 01:51:00,fatima.okafor@demomail.test,,2025-12-01 02:29:00,jamie.patel@acme-fake.test,,,Delta,,arjun.whitfield@acme-fake.test,Drew Vance,arjun.vance@demomail.test,Jordan Mensah,Delta,100707,Y,Standard,aisha.nguyen@demomail.test,Priya Nguyen,Y,1239,4848,9461,3445,Y,,,,,Noted a concern to revisit at the next sync.,,aisha.dorsey@demomail.test,,Reviewed performance and gathered feedback.,diego.costa@acme-fake.test,liam.cohen@acme-fake.test,Y,,,,,,,,Standard,2023-04-30 16:53:00,4323,4770,Delta,Standard,Alpha,Other,2245,6106,9629,478,8065,Standard,Riley Kim,Riley Reyes,2024-06-05 21:13:00,,,,,,,,1878,,,,,,
700495,100457,Resource Care,100753,Wellness Check-In,Final,N,N,Shared the updated proposal for review.,100445,Marco Kim,Y,,5.8,3.7,100634,N,1.1,How likely are you to continue the engagement?,Exceeding expectations.,7.4,7.8,Standard,N,1.6,1.2,7.3,3.3,8.9,2.6,8.7,,,Y,,100688,Jordan Okafor,2026-02-18 04:15:00,fatima.vance@acme-fake.test,,2022-10-06 04:13:00,mei.okafor@acme-fake.test,Yara Ivanov,,,Morgan Brooks,mei.nguyen@demomail.test,Drew Dorsey,riley.blake@examplecorp.test,Elena Kim,Standard,100311,Y,Alpha,jamie.costa@demomail.test,Yara Garcia,N,522,8118,9759,5429,N,,,,,Reviewed performance and gathered feedback.,,rowan.patel@examplecorp.test,,Resolved the outstanding question about scope.,yara.larsson@examplecorp.test,noah.rossi@acme-fake.test,Y,,,Gamma,,Other,Liam Vance,,,2025-06-03 06:33:00,9720,3916,Gamma,Beta,Delta,Other,9565,5965,9738,490,4879,Other,Casey Vance,Drew Kim,2023-06-08 01:55:00,,,,,,,,,,,,,,
700496,100761,Customer Management,100555,Wellness Check-In,Final,N,N,Scheduled a check-in for the coming month.,100545,Riley Blake,Y,,7.7,7.6,100640,N,1.8,How likely are you to continue the engagement?,Some concerns about turnaround time.,2.7,3.0,Beta,Y,2.8,5.8,6.6,1.7,8.3,3.2,9.0,,,N,,100068,Rowan Sloan,2023-01-14 01:01:00,sofia.ivanov@demomail.test,,2024-08-26 09:02:00,liam.ford@demomail.test,Sofia Whitfield,,,Rahul Ivanov,omar.garcia@acme-fake.test,Jamie Haddad,morgan.mensah@examplecorp.test,Sofia Kim,Gamma,100335,N,Alpha,chen.calder@sampleco.test,Casey Okafor,N,3491,8493,2482,4651,Y,,,,,Followed up on the open items from last week.,,taylor.ford@examplecorp.test,,Aligned on billing and renewal terms.,mei.vance@examplecorp.test,noah.ford@acme-fake.test,N,,,,,,,Beta,,2026-06-15 02:36:00,76,1011,Alpha,Gamma,Beta,Other,3546,1285,5822,8491,6396,Other,Jordan Sloan,Fatima Brooks,2023-11-06 15:30:00,,,,,,,,,,,,,,
700497,100062,Resource Care,100470,Quarterly Review,Final,N,N,Reviewed performance and gathered feedback.,100753,Liam Silva,Y,,7.8,8.6,100458,N,8.3,How likely are you to continue the engagement?,Very satisfied overall.,3.3,2.0,Other,N,8.4,9.9,5.2,5.9,2.5,2.7,3.7,,,N,,100125,Chen Okafor,2024-01-27 12:49:00,aisha.kim@examplecorp.test,,2022-11-24 22:08:00,aisha.nguyen@acme-fake.test,,,Alpha,,drew.whitfield@examplecorp.test,Avery Nguyen,fatima.patel@acme-fake.test,Jamie Whitfield,Delta,100465,N,Gamma,marco.larsson@demomail.test,Emerson Kim,Y,9315,1075,2357,5447,N,,,,,Resolved the outstanding question about scope.,,fatima.nguyen@demomail.test,,Reviewed performance and gathered feedback.,diego.haddad@acme-fake.test,yara.whitfield@examplecorp.test,N,Delta,,,,,,Beta,,2025-04-07 06:03:00,1640,1751,Standard,Beta,Gamma,Alpha,1506,1807,201,6468,9986,Gamma,Fatima Okafor,Rahul Whitfield,2026-02-15 01:41:00,,,Delta,,,,,,,,,,,
700498,100112,Resource Care,100750,Quarterly Review,Final,N,Y,Shared the updated proposal for review.,100029,Riley Ford,N,,1.2,3.4,100771,Y,6.1,Are deliverables meeting expectations?,Very satisfied overall.,5.4,5.8,Alpha,Y,4.0,7.2,1.4,9.1,3.2,9.2,3.6,,,N,,100199,Skyler Larsson,2022-10-17 14:41:00,avery.calder@acme-fake.test,,2023-05-13 17:04:00,aisha.mercer@acme-fake.test,,,Standard,,emerson.rossi@acme-fake.test,Fatima Costa,rahul.garcia@acme-fake.test,Jordan Garcia,Beta,100403,N,Gamma,drew.mensah@examplecorp.test,Rahul Sato,N,7446,3008,496,8399,Y,,,,,Discussed timeline and next steps with the account.,,nina.garcia@sampleco.test,,Shared the updated proposal for review.,alex.sato@demomail.test,alex.whitfield@examplecorp.test,Y,Alpha,,,,Beta,,,Gamma,2025-12-10 13:45:00,3670,5014,Beta,Other,Gamma,Gamma,8242,1161,2117,943,3650,Standard,Avery Costa,Aisha Okafor,2026-05-04 20:31:00,,,,,,,,,,,,,,
700499,100314,Customer Management,100442,Customer Success Check-In,Final,N,N,Scheduled a check-in for the coming month.,100732,Rowan Blake,Y,,2.7,1.5,100476,N,4.6,How satisfied are you with the service?,"Neutral, watching closely.",9.2,4.3,Delta,N,7.4,7.6,9.0,1.2,4.8,3.6,6.2,,,N,,100787,Sofia Blake,2025-01-05 11:53:00,riley.reyes@examplecorp.test,,2026-01-20 00:37:00,diego.rossi@sampleco.test,,,,,jamie.cohen@examplecorp.test,Taylor Cohen,priya.blake@demomail.test,Quinn Blake,Gamma,100299,N,Standard,rahul.brooks@acme-fake.test,Skyler Haddad,N,7679,5853,5739,3942,N,,,,,Followed up on the open items from last week.,,jamie.cohen@demomail.test,,Reviewed performance and gathered feedback.,mei.cohen@examplecorp.test,aisha.kim@acme-fake.test,N,,,,Delta,,Priya Nguyen,,Standard,2025-10-02 07:50:00,4243,290,Beta,Delta,Delta,Delta,2739,7307,8779,4300,7378,Gamma,Aisha Silva,Casey Dorsey,2024-04-29 16:04:00,,,Other,,,,,,,,,,,
700500,100635,Resource Care,100232,Customer Success Check-In,Final,Y,N,Aligned on billing and renewal terms.,100555,Elena Nguyen,Y,,7.1,4.9,100412,N,8.8,How satisfied are you with the service?,Some concerns about turnaround time.,8.2,6.9,Beta,N,6.0,1.0,9.4,6.8,5.2,1.3,1.8,,,N,,100550,Elena Mercer,2023-06-20 14:59:00,avery.ford@acme-fake.test,,2023-08-14 23:46:00,taylor.brooks@examplecorp.test,,,,,fatima.okafor@demomail.test,Diego Cohen,casey.ford@demomail.test,Mei Ivanov,Alpha,100683,Y,Delta,rowan.ford@sampleco.test,Emerson Rossi,Y,5909,2640,9107,6458,Y,,,,,Reviewed performance and gathered feedback.,,riley.brooks@acme-fake.test,,Followed up on the open items from last week.,omar.reyes@examplecorp.test,liam.garcia@examplecorp.test,Y,,,Gamma,Gamma,,Skyler Sato,Other,,2024-09-04 08:15:00,6383,2357,Gamma,Beta,Other,Gamma,2163,7086,2723,8719,2359,Alpha,Riley Sato,Aisha Brooks,2024-05-15 07:41:00,,,,,,,,,,,,,,
700501,100673,Customer Management,100410,Customer Success Check-In,Final,Y,Y,Resolved the outstanding question about scope.,100475,Skyler Nguyen,Y,,3.2,4.2,100118,Y,8.3,How is communication with your team?,Some concerns about turnaround time.,7.5,9.6,Other,N,1.7,6.5,4.7,1.8,9.2,9.3,5.5,,,Y,,100647,Nina Vance,2025-08-07 23:09:00,marco.larsson@acme-fake.test,,2026-06-01 08:31:00,marco.sato@acme-fake.test,Chen Sloan,,Alpha,,fatima.okafor@demomail.test,Sofia Okafor,mei.rossi@sampleco.test,Alex Vance,Standard,100120,N,Alpha,mei.calder@demomail.test,Emerson Haddad,N,2560,6500,5032,6928,Y,,,,,Scheduled a check-in for the coming month.,,chen.mensah@sampleco.test,,Scheduled a check-in for the coming month.,jamie.sloan@acme-fake.test,mei.nguyen@demomail.test,N,Gamma,,,,Gamma,,Other,Gamma,2026-04-25 13:59:00,772,257,Delta,Delta,Beta,Alpha,9164,1371,6246,8960,9517,Standard,Casey Ivanov,Avery Ivanov,2025-03-30 11:00:00,,,,,,,,,,,,,,
700502,100281,Customer Management,100145,Customer Success Check-In,Final,Y,Y,Noted a concern to revisit at the next sync.,100569,Priya Blake,Y,,7.1,9.5,100145,Y,6.9,How is communication with your team?,Happy with the progress.,2.0,9.5,Other,N,2.2,4.4,5.5,6.3,10.0,8.0,1.7,,,N,,100311,Reese Brooks,2023-01-07 07:41:00,elena.silva@demomail.test,,2026-01-02 20:18:00,diego.okafor@examplecorp.test,,,,,rahul.dorsey@examplecorp.test,Riley Costa,quinn.kim@examplecorp.test,Morgan Mercer,Beta,100083,N,Beta,noah.vance@demomail.test,Jamie Reyes,N,7996,6065,3645,4732,N,,,,Alpha,Noted a concern to revisit at the next sync.,,skyler.brooks@demomail.test,,Discussed timeline and next steps with the account.,casey.nguyen@examplecorp.test,omar.silva@acme-fake.test,Y,Beta,,,Standard,,,,,2023-05-01 04:14:00,6914,6683,Alpha,Delta,Gamma,Alpha,7946,6230,451,4533,3178,Alpha,Nina Ivanov,Quinn Mercer,2026-04-15 07:42:00,,,,Gamma,,,,,,,,,,
700503,100055,Customer Management,100724,Wellness Check-In,Final,N,Y,Resolved the outstanding question about scope.,100559,Skyler Okafor,N,,4.6,9.6,100667,Y,6.0,Are deliverables meeting expectations?,"Neutral, watching closely.",1.3,5.4,Alpha,Y,1.4,1.3,9.1,3.1,3.2,4.6,9.6,,,Y,,100309,Quinn Sato,2025-08-05 19:29:00,quinn.larsson@sampleco.test,,2024-08-05 21:53:00,fatima.brooks@sampleco.test,,,Other,,yara.rossi@demomail.test,Rahul Ivanov,elena.calder@demomail.test,Riley Costa,Delta,100343,N,Beta,avery.rossi@examplecorp.test,Chen Reyes,Y,3634,2606,5072,5532,Y,,,,,Aligned on billing and renewal terms.,,casey.sato@demomail.test,,Shared the updated proposal for review.,omar.garcia@sampleco.test,quinn.garcia@demomail.test,Y,,,,,,,,,2023-12-11 12:12:00,6504,4403,Alpha,Other,Other,Beta,9979,6581,8259,1457,424,Beta,Sofia Silva,Riley Cohen,2024-09-10 04:08:00,,,,,,,,,,,,,,
700504,100134,Resource Care,100178,Quarterly Review,Final,N,N,Noted a concern to revisit at the next sync.,100117,Skyler Reyes,N,,7.5,3.7,100688,N,7.3,How is communication with your team?,Exceeding expectations.,2.4,7.3,Other,N,6.4,9.2,3.7,6.1,3.7,6.2,4.0,,,N,,100691,Morgan Kim,2023-03-12 09:39:00,riley.cohen@demomail.test,,2025-08-27 13:56:00,taylor.haddad@demomail.test,,,,,drew.patel@examplecorp.test,Avery Larsson,noah.nguyen@examplecorp.test,Aisha Calder,Other,100040,Y,Other,noah.calder@demomail.test,Arjun Calder,Y,3980,5309,160,8725,Y,,,Gamma,,Noted a concern to revisit at the next sync.,,skyler.ivanov@acme-fake.test,,Noted a concern to revisit at the next sync.,skyler.mercer@examplecorp.test,diego.brooks@acme-fake.test,N,,Scheduled a check-in for the coming month.,,,,,,,2025-02-11 22:53:00,4424,4627,Delta,Beta,Other,Delta,5073,9710,6145,709,3291,Standard,Elena Ford,Priya Whitfield,2025-12-27 02:42:00,,,,,,,,,,,,,,
700505,100568,Resource Care,100087,Quarterly Review,Final,N,Y,Followed up on the open items from last week.,100435,Yara Whitfield,N,,7.5,7.9,100028,Y,1.6,Are deliverables meeting expectations?,"Going well, minor tweaks needed.",5.8,6.1,Delta,N,5.9,9.1,9.9,2.3,1.3,6.0,7.8,,,Y,,100047,Avery Blake,2022-12-11 21:04:00,noah.dorsey@examplecorp.test,,2025-01-22 08:29:00,mei.vance@acme-fake.test,,,,Aisha Costa,noah.reyes@acme-fake.test,Sofia Kim,drew.blake@demomail.test,Rowan Ford,Beta,100724,Y,Beta,riley.costa@demomail.test,Omar Patel,Y,1036,7551,7942,6484,Y,,,,,Shared the updated proposal for review.,,skyler.blake@acme-fake.test,,Followed up on the open items from last week.,omar.haddad@examplecorp.test,sofia.brooks@examplecorp.test,Y,,,,Gamma,,,,Beta,2023-01-05 21:11:00,9883,8004,Beta,Delta,Delta,Beta,6768,7197,4124,964,7252,Gamma,Aisha Dorsey,Casey Nguyen,2024-12-16 16:06:00,,,,,,,,,,,,,,
700506,100252,Customer Management,100658,Quarterly Review,Final,N,N,Scheduled a check-in for the coming month.,100493,Taylor Larsson,Y,,6.0,2.9,100751,N,1.8,How likely are you to continue the engagement?,Exceeding expectations.,8.4,9.1,Standard,N,7.3,2.9,3.0,4.1,2.4,3.6,3.1,,,Y,,100460,Fatima Larsson,2023-04-15 15:51:00,riley.mercer@acme-fake.test,,2024-01-07 11:46:00,marco.whitfield@examplecorp.test,Mei Garcia,,,,alex.whitfield@acme-fake.test,Aisha Mercer,avery.costa@demomail.test,Avery Silva,Beta,100117,N,Delta,riley.larsson@examplecorp.test,Emerson Ashby,N,3736,5120,8524,9991,N,,,,,Noted a concern to revisit at the next sync.,,marco.brooks@examplecorp.test,,Shared the updated proposal for review.,chen.ford@demomail.test,rowan.larsson@examplecorp.test,Y,Delta,,,,,,,,2024-03-11 12:05:00,1373,8,Beta,Gamma,Alpha,Other,2976,9445,3800,8414,9338,Gamma,Avery Rossi,Noah Sloan,2024-12-15 07:20:00,,,,,,,,,,,9754,,,
700507,100387,Resource Care,100608,Quarterly Review,Final,Y,Y,Discussed timeline and next steps with the account.,100123,Arjun Rossi,Y,,7.1,8.9,100087,Y,9.3,Are deliverables meeting expectations?,"Neutral, watching closely.",4.4,2.9,Standard,N,1.4,9.0,1.5,6.1,8.7,9.7,5.8,,,Y,,100019,Marco Sato,2023-01-10 19:05:00,arjun.ashby@sampleco.test,,2023-09-30 18:11:00,rahul.haddad@demomail.test,,,,,jordan.vance@sampleco.test,Quinn Mensah,aisha.silva@acme-fake.test,Quinn Ford,Alpha,100371,N,Other,casey.calder@acme-fake.test,Elena Vance,N,8628,7509,3870,8085,N,,,,,Discussed timeline and next steps with the account.,,quinn.garcia@acme-fake.test,,Scheduled a check-in for the coming month.,sofia.rossi@acme-fake.test,marco.calder@acme-fake.test,Y,,Resolved the outstanding question about scope.,,,Gamma,,,,2024-10-06 22:03:00,6204,9915,Gamma,Other,Beta,Delta,4763,2030,7702,6490,9450,Alpha,Liam Okafor,Morgan Okafor,2023-04-24 05:29:00,,,,,,,,,,,,,,
700508,100507,Customer Management,100500,Quarterly Review,Final,N,N,Reviewed performance and gathered feedback.,100640,Rowan Rossi,Y,,8.3,2.4,100383,N,7.7,How is communication with your team?,"Going well, minor tweaks needed.",3.3,1.9,Delta,N,6.5,8.1,7.3,2.7,6.5,3.9,1.7,,,Y,,100003,Rahul Vance,2025-04-20 06:35:00,rahul.reyes@demomail.test,,2023-09-04 17:01:00,casey.okafor@acme-fake.test,Rowan Haddad,,,,riley.haddad@acme-fake.test,Emerson Nguyen,casey.ashby@examplecorp.test,Liam Whitfield,Standard,100726,Y,Other,taylor.costa@acme-fake.test,Drew Sloan,Y,6674,4527,9556,5905,N,,,,,Resolved the outstanding question about scope.,,mei.whitfield@sampleco.test,,Followed up on the open items from last week.,mei.reyes@sampleco.test,fatima.reyes@examplecorp.test,Y,,Shared the updated proposal for review.,,Beta,,Priya Sato,Standard,,2025-06-19 04:29:00,8605,835,Delta,Gamma,Alpha,Gamma,1764,4685,5569,7178,5138,Gamma,Aisha Rossi,Casey Silva,2026-06-04 20:18:00,,,,,,,,,,,,,,
700509,100362,Customer Management,100007,Customer Success Check-In,Final,Y,N,Scheduled a check-in for the coming month.,100441,Riley Blake,Y,,7.5,9.9,100570,N,2.1,How likely are you to continue the engagement?,Some concerns about turnaround time.,9.3,8.0,Standard,Y,8.5,2.0,3.4,8.4,3.8,1.4,7.8,,,Y,,100707,Arjun Silva,2025-11-27 05:23:00,liam.larsson@acme-fake.test,,2022-11-16 11:24:00,riley.mensah@sampleco.test,,,,,liam.mensah@acme-fake.test,Rowan Haddad,jamie.reyes@sampleco.test,Casey Costa,Alpha,100473,Y,Alpha,skyler.larsson@demomail.test,Chen Kim,Y,1417,384,8654,5737,N,,,,,Scheduled a check-in for the coming month.,,nina.vance@examplecorp.test,,Discussed timeline and next steps with the account.,priya.larsson@demomail.test,noah.nguyen@examplecorp.test,Y,Delta,,,Standard,,,Other,Delta,2026-03-26 11:50:00,1656,6516,Alpha,Delta,Alpha,Delta,5733,5635,6750,3015,7307,Standard,Quinn Larsson,Jordan Costa,2023-01-30 14:39:00,,,,,,,,,,,,,,
700510,100053,Customer Management,100185,Quarterly Review,Final,Y,N,Shared the updated proposal for review.,100465,Priya Calder,N,,3.1,7.1,100672,Y,8.3,How likely are you to continue the engagement?,Exceeding expectations.,2.8,7.7,Gamma,Y,5.5,4.1,7.3,4.3,9.3,3.2,7.6,,,N,,100183,Alex Costa,2024-12-04 14:16:00,reese.vance@demomail.test,,2023-06-07 08:26:00,noah.mercer@demomail.test,,,,,rahul.blake@demomail.test,Rowan Kim,sofia.sato@examplecorp.test,Marco Haddad,Standard,100120,N,Standard,quinn.nguyen@examplecorp.test,Jamie Mercer,N,2459,2016,4916,4724,N,,,,Gamma,Noted a concern to revisit at the next sync.,,rahul.mensah@examplecorp.test,,Discussed timeline and next steps with the account.,arjun.costa@acme-fake.test,jordan.haddad@demomail.test,N,,,,,Gamma,,,Standard,2025-07-12 02:59:00,2478,6777,Delta,Beta,Standard,Gamma,5786,7237,1635,3233,9073,Beta,Noah Ivanov,Drew Ashby,2023-04-22 00:17:00,,,,,,,,,,,,,,
700511,100661,Resource Care,100103,Quarterly Review,Draft,N,N,Followed up on the open items from last week.,100516,Chen Mercer,N,,4.3,2.7,100484,Y,6.7,How satisfied are you with the service?,Exceeding expectations.,2.4,3.1,Beta,N,5.0,9.9,4.5,5.0,1.4,9.2,2.5,,,N,,100785,Aisha Mensah,2023-12-01 08:31:00,quinn.costa@acme-fake.test,,2023-10-27 07:36:00,reese.mercer@demomail.test,Rowan Blake,,,,reese.blake@sampleco.test,Sofia Ashby,marco.brooks@examplecorp.test,Elena Rossi,Other,100538,Y,Alpha,riley.whitfield@examplecorp.test,Reese Ford,N,1800,863,8323,5397,Y,,,,,Scheduled a check-in for the coming month.,,casey.nguyen@sampleco.test,,Noted a concern to revisit at the next sync.,liam.vance@demomail.test,skyler.ford@examplecorp.test,Y,,Scheduled a check-in for the coming month.,,,,Omar Silva,,,2024-06-26 02:19:00,4946,5047,Delta,Beta,Standard,Beta,2712,6889,6509,7716,3618,Standard,Skyler Ivanov,Noah Reyes,2025-12-23 12:54:00,,,,,,,,,,,570,,,
700512,100522,Customer Management,100067,Quarterly Review,Final,N,Y,Discussed timeline and next steps with the account.,100300,Quinn Silva,N,,1.0,8.5,100435,Y,1.9,Any concerns we should address?,Exceeding expectations.,3.3,3.7,Delta,N,1.9,2.3,7.7,4.2,7.0,2.6,9.8,,,Y,,100253,Rowan Whitfield,2026-06-05 12:04:00,riley.costa@sampleco.test,,2023-01-06 08:05:00,riley.kim@demomail.test,,,Delta,Nina Sato,taylor.larsson@sampleco.test,Arjun Sloan,marco.rossi@demomail.test,Mei Haddad,Standard,100461,Y,Other,diego.mercer@examplecorp.test,Morgan Garcia,N,4944,8516,1693,7723,Y,Standard,Other,,,Noted a concern to revisit at the next sync.,Rowan Okafor,liam.mensah@examplecorp.test,,Resolved the outstanding question about scope.,chen.calder@sampleco.test,noah.silva@examplecorp.test,Y,,,Alpha,,Delta,,,Standard,2024-11-23 09:01:00,7420,1379,Other,Gamma,Alpha,Other,3198,8149,1456,1151,2611,Standard,Arjun Mensah,Elena Mensah,2024-06-04 05:01:00,,,,,Standard,,,,,,,,,
700513,100140,Resource Care,100735,Wellness Check-In,Final,Y,Y,Reviewed performance and gathered feedback.,100096,Sofia Larsson,N,,2.6,2.6,100033,N,6.9,How is communication with your team?,Happy with the progress.,4.7,1.1,Alpha,Y,9.9,3.7,7.1,7.4,3.2,6.9,5.4,,,Y,,100423,Marco Vance,2025-08-04 01:29:00,yara.kim@demomail.test,,2023-04-02 06:06:00,skyler.okafor@examplecorp.test,,,,,reese.rossi@sampleco.test,Fatima Cohen,priya.brooks@examplecorp.test,Yara Mensah,Delta,100217,Y,Alpha,chen.reyes@sampleco.test,Morgan Larsson,Y,1320,6367,7183,482,N,,,,,Reviewed performance and gathered feedback.,,omar.sloan@examplecorp.test,,Noted a concern to revisit at the next sync.,emerson.silva@sampleco.test,priya.larsson@sampleco.test,N,,Followed up on the open items from last week.,Delta,Beta,,,Standard,,2026-07-01 15:52:00,3723,8645,Other,Standard,Standard,Beta,7035,64,5380,6020,3876,Beta,Priya Calder,Riley Blake,2026-01-20 13:52:00,3300,,,,,,,,,,,,,
700514,100224,Resource Care,100389,Quarterly Review,Draft,N,N,Scheduled a check-in for the coming month.,100330,Aisha Brooks,Y,,6.5,2.4,100472,Y,8.3,Any concerns we should address?,Very satisfied overall.,2.0,5.6,Beta,N,4.9,8.6,3.2,7.1,1.3,4.8,7.9,,,Y,,100340,Casey Larsson,2025-04-16 04:30:00,elena.cohen@sampleco.test,,2023-09-29 23:28:00,morgan.larsson@examplecorp.test,Yara Silva,,Standard,,drew.vance@examplecorp.test,Omar Ford,diego.calder@demomail.test,Nina Calder,Gamma,100369,Y,Standard,liam.cohen@examplecorp.test,Diego Silva,N,989,9877,3917,4392,N,,,,,Noted a concern to revisit at the next sync.,,jamie.whitfield@sampleco.test,,Shared the updated proposal for review.,quinn.sloan@acme-fake.test,quinn.costa@sampleco.test,Y,Beta,Scheduled a check-in for the coming month.,,,,,,,2025-06-26 09:32:00,3982,2728,Delta,Alpha,Gamma,Standard,1665,3210,7388,7844,8983,Beta,Mei Brooks,Jamie Sloan,2023-07-26 14:14:00,,,,,,,,,,,,,,
700515,100683,Resource Care,100569,Wellness Check-In,Draft,Y,Y,Discussed timeline and next steps with the account.,100246,Morgan Mensah,Y,,7.4,5.7,100415,N,6.9,How satisfied are you with the service?,Very satisfied overall.,4.9,2.8,Alpha,Y,4.6,8.1,5.4,5.6,8.5,8.5,1.0,,,N,,100700,Sofia Costa,2025-07-02 23:23:00,noah.okafor@demomail.test,,2025-01-28 16:11:00,priya.larsson@sampleco.test,,,Delta,Elena Patel,aisha.dorsey@acme-fake.test,Elena Mercer,arjun.ford@examplecorp.test,Priya Costa,Other,100468,Y,Alpha,marco.patel@sampleco.test,Diego Ivanov,N,677,91,3121,6479,Y,,,,,Aligned on billing and renewal terms.,,jamie.rossi@demomail.test,,Reviewed performance and gathered feedback.,jordan.kim@sampleco.test,aisha.reyes@acme-fake.test,Y,,,Alpha,Beta,Alpha,,,,2026-01-24 15:37:00,3416,6036,Alpha,Alpha,Other,Gamma,4080,553,8259,8970,956,Alpha,Drew Ivanov,Rowan Ashby,2025-10-25 10:13:00,,,,,,,,,,,,,,
700516,100029,Customer Management,100490,Customer Success Check-In,Final,N,N,Reviewed performance and gathered feedback.,100335,Morgan Haddad,N,,5.6,8.1,100432,Y,9.0,How satisfied are you with the service?,"Going well, minor tweaks needed.",5.1,8.3,Other,Y,5.4,1.0,1.2,1.6,4.1,7.7,5.4,,,N,,100576,Noah Sato,2025-04-27 18:43:00,arjun.silva@sampleco.test,,2024-03-10 19:30:00,nina.nguyen@demomail.test,,,Delta,,elena.ivanov@demomail.test,Rahul Calder,morgan.sato@examplecorp.test,Taylor Mensah,Alpha,100683,Y,Alpha,mei.sato@demomail.test,Marco Sloan,Y,7670,8639,111,5784,N,,,,,Scheduled a check-in for the coming month.,,arjun.blake@demomail.test,,Followed up on the open items from last week.,morgan.garcia@acme-fake.test,skyler.garcia@examplecorp.test,Y,,,,,,,Delta,,2023-11-26 20:10:00,5877,9901,Standard,Standard,Other,Gamma,8818,2743,7505,9971,2048,Other,Priya Sato,Diego Rossi,2026-07-27 16:50:00,,,,,,,,,,,,,,Casey Whitfield
700517,100340,Customer Management,100428,Customer Success Check-In,Final,N,Y,Resolved the outstanding question about scope.,100441,Casey Reyes,Y,,4.7,8.1,100320,N,2.3,How is communication with your team?,Happy with the progress.,6.4,2.4,Gamma,Y,5.6,3.1,2.7,5.0,6.5,6.1,5.0,,,N,,100470,Reese Blake,2025-10-13 18:27:00,reese.larsson@examplecorp.test,,2023-10-06 16:10:00,fatima.silva@sampleco.test,,,,,noah.silva@demomail.test,Taylor Rossi,nina.blake@acme-fake.test,Noah Sloan,Beta,100172,Y,Alpha,reese.ivanov@acme-fake.test,Morgan Costa,Y,2085,7971,4586,2288,N,,,,,Scheduled a check-in for the coming month.,,sofia.calder@demomail.test,,Aligned on billing and renewal terms.,casey.sato@demomail.test,reese.silva@demomail.test,N,,,Other,,,,,,2023-01-18 15:16:00,9391,2168,Delta,Other,Standard,Delta,4855,6709,3520,5561,1598,Beta,Taylor Mercer,Rahul Garcia,2026-06-08 21:21:00,,,,,,,,,,,,,,Liam Ashby
700518,100082,Resource Care,100476,Wellness Check-In,Draft,N,N,Scheduled a check-in for the coming month.,100442,Drew Ivanov,Y,,8.9,4.8,100350,Y,8.1,How is communication with your team?,"Neutral, watching closely.",4.5,1.8,Delta,N,1.3,9.7,4.5,3.5,9.1,2.6,6.8,,,N,,100525,Yara Sloan,2023-12-30 12:16:00,elena.blake@acme-fake.test,,2025-05-30 23:07:00,fatima.okafor@demomail.test,,,Beta,,drew.sloan@acme-fake.test,Jamie Rossi,riley.costa@examplecorp.test,Arjun Dorsey,Gamma,100611,N,Gamma,chen.dorsey@examplecorp.test,Yara Calder,N,9990,1801,6890,7828,Y,,,,,Shared the updated proposal for review.,,skyler.ford@demomail.test,,Scheduled a check-in for the coming month.,diego.ivanov@examplecorp.test,aisha.silva@examplecorp.test,Y,Alpha,,,,,,Beta,Other,2024-05-23 02:30:00,1507,7379,Standard,Delta,Other,Other,2798,9461,176,2303,3357,Other,Quinn Ashby,Drew Brooks,2023-05-12 01:19:00,,,,,,Other,,,,,,,,
700519,100635,Resource Care,100152,Quarterly Review,Final,Y,Y,Aligned on billing and renewal terms.,100770,Chen Kim,N,,6.1,2.5,100471,Y,5.7,Are deliverables meeting expectations?,"Neutral, watching closely.",8.2,3.7,Alpha,N,8.7,8.0,9.5,3.2,2.7,4.5,9.4,,,Y,,100604,Noah Larsson,2025-06-30 15:15:00,taylor.costa@demomail.test,,2023-08-27 10:10:00,yara.brooks@demomail.test,Rahul Ford,,,,rahul.calder@demomail.test,Chen Sloan,yara.blake@examplecorp.test,Fatima Kim,Other,100487,Y,Beta,jamie.haddad@demomail.test,Priya Kim,Y,8512,4403,6936,5067,N,,,Other,,Noted a concern to revisit at the next sync.,,morgan.sato@examplecorp.test,,Reviewed performance and gathered feedback.,casey.blake@examplecorp.test,morgan.haddad@examplecorp.test,Y,,,,,,Aisha Kim,,,2023-02-15 08:43:00,1941,7557,Standard,Alpha,Other,Other,2472,5269,1315,5738,3116,Other,Yara Okafor,Noah Cohen,2022-12-14 06:57:00,,,,,,,,,,,,,,
700520,100761,Customer Management,100462,Customer Success Check-In,Final,N,Y,Discussed timeline and next steps with the account.,100232,Diego Mercer,N,,3.6,2.5,100774,N,7.7,Any concerns we should address?,Happy with the progress.,6.0,3.0,Other,Y,6.7,3.5,4.9,4.4,3.2,1.7,2.1,,,N,,100500,Riley Nguyen,2023-02-28 14:24:00,jordan.whitfield@examplecorp.test,,2023-12-17 22:34:00,avery.larsson@examplecorp.test,Rowan Blake,,,,alex.ashby@sampleco.test,Alex Haddad,morgan.ashby@examplecorp.test,Aisha Nguyen,Delta,100042,Y,Alpha,fatima.reyes@acme-fake.test,Riley Rossi,Y,2834,174,7432,8159,N,,,,,Scheduled a check-in for the coming month.,,taylor.mercer@demomail.test,,Scheduled a check-in for the coming month.,casey.patel@examplecorp.test,aisha.blake@sampleco.test,N,Gamma,,Alpha,,,,,Other,2025-01-24 09:23:00,3527,37,Standard,Other,Alpha,Other,9406,600,1157,4304,4737,Beta,Omar Calder,Omar Ivanov,2023-05-07 03:01:00,,,Standard,,,,,,,,,,,
700521,100076,Resource Care,100371,Quarterly Review,Final,N,N,Noted a concern to revisit at the next sync.,100761,Rowan Ford,N,,8.9,9.3,100512,Y,9.9,How satisfied are you with the service?,Exceeding expectations.,2.6,7.4,Other,Y,5.5,9.2,6.9,8.7,1.9,1.8,2.1,,,Y,,100528,Sofia Ford,2025-04-19 21:18:00,rowan.larsson@sampleco.test,,2024-10-01 08:22:00,quinn.larsson@sampleco.test,,,,,taylor.cohen@sampleco.test,Taylor Haddad,arjun.whitfield@examplecorp.test,Chen Rossi,Gamma,100067,N,Standard,emerson.patel@sampleco.test,Arjun Ford,N,859,1190,5527,5447,N,Alpha,,,,Discussed timeline and next steps with the account.,,nina.vance@sampleco.test,,Followed up on the open items from last week.,sofia.ashby@demomail.test,jamie.sloan@demomail.test,Y,Delta,,Delta,,,Taylor Mercer,,Alpha,2026-06-25 02:56:00,1369,7264,Beta,Beta,Beta,Other,7915,9417,7601,9987,4612,Delta,Noah Nguyen,Yara Costa,2024-11-12 23:32:00,,,,,,,,,,,,,,
700522,100181,Customer Management,100680,Quarterly Review,Final,N,N,Resolved the outstanding question about scope.,100295,Omar Dorsey,N,,3.8,2.9,100199,Y,2.1,How is communication with your team?,Exceeding expectations.,7.7,5.9,Other,N,1.8,3.5,2.2,9.8,5.4,7.1,2.1,,,Y,,100507,Alex Whitfield,2022-10-17 14:27:00,skyler.reyes@acme-fake.test,,2025-04-04 16:47:00,diego.mercer@acme-fake.test,,,,,quinn.rossi@sampleco.test,Diego Dorsey,jordan.vance@acme-fake.test,Fatima Brooks,Gamma,100168,N,Alpha,riley.cohen@examplecorp.test,Diego Ashby,N,5335,7510,7093,8237,Y,,,,,Resolved the outstanding question about scope.,,casey.calder@acme-fake.test,,Reviewed performance and gathered feedback.,alex.silva@demomail.test,alex.sato@acme-fake.test,Y,,,Standard,Other,,,Standard,,2023-07-02 05:51:00,5661,9225,Standard,Standard,Gamma,Delta,7241,5188,9059,4100,332,Other,Rahul Mercer,Avery Mercer,2026-05-14 07:51:00,,,,,,,,,,,,,,
700523,100005,Customer Management,100183,Quarterly Review,Final,N,N,Followed up on the open items from last week.,100211,Jordan Blake,Y,,6.2,4.8,100372,N,6.7,How is communication with your team?,Very satisfied overall.,4.7,4.6,Alpha,N,5.9,5.8,8.3,9.7,4.1,8.1,1.9,,,N,,100244,Avery Costa,2023-08-30 21:08:00,sofia.kim@demomail.test,,2023-08-19 19:34:00,marco.ford@demomail.test,Reese Rossi,,,,mei.calder@acme-fake.test,Diego Kim,quinn.brooks@sampleco.test,Reese Larsson,Gamma,100378,N,Delta,liam.sloan@acme-fake.test,Drew Ashby,Y,7037,74,5125,5695,Y,,,,,Aligned on billing and renewal terms.,,marco.okafor@acme-fake.test,,Discussed timeline and next steps with the account.,yara.sloan@examplecorp.test,skyler.ivanov@demomail.test,N,Standard,,Delta,Gamma,,Aisha Ford,,,2024-05-25 14:18:00,2596,8873,Other,Delta,Beta,Standard,5230,2621,8211,7454,8667,Delta,Taylor Nguyen,Sofia Calder,2024-10-03 09:28:00,,,,,,,,,,7911,,,,
700524,100791,Customer Management,100771,Quarterly Review,Final,Y,Y,Followed up on the open items from last week.,100691,Mei Whitfield,Y,,2.6,9.3,100003,Y,7.1,How satisfied are you with the service?,"Going well, minor tweaks needed.",3.4,4.7,Alpha,Y,4.5,8.8,6.3,9.0,7.5,9.2,2.3,,,N,,100750,Riley Ford,2023-09-06 02:26:00,riley.dorsey@examplecorp.test,,2023-07-11 14:41:00,chen.sloan@sampleco.test,,,Gamma,Emerson Brooks,sofia.mercer@demomail.test,Rahul Vance,liam.mensah@sampleco.test,Noah Vance,Beta,100380,Y,Alpha,nina.sato@sampleco.test,Noah Whitfield,N,5528,2975,8080,1157,Y,,,,,Reviewed performance and gathered feedback.,,riley.haddad@demomail.test,,Noted a concern to revisit at the next sync.,emerson.larsson@acme-fake.test,avery.haddad@demomail.test,N,,Resolved the outstanding question about scope.,,Standard,Alpha,,Alpha,,2024-09-17 14:34:00,2800,6123,Delta,Alpha,Other,Delta,8528,3324,2755,5946,8727,Beta,Rahul Nguyen,Rahul Ashby,2024-08-05 07:43:00,6834,,,,,,,,,,,,,
700525,100073,Customer Management,100410,Quarterly Review,Final,N,N,Aligned on billing and renewal terms.,100776,Alex Whitfield,Y,,8.9,6.2,100182,N,4.8,How likely are you to continue the engagement?,Very satisfied overall.,8.2,2.0,Alpha,N,3.8,1.7,2.1,8.1,7.9,5.8,4.0,,,Y,,100201,Mei Nguyen,2024-12-13 19:10:00,noah.costa@sampleco.test,Jamie Patel,2024-11-23 07:15:00,jamie.garcia@acme-fake.test,,,,,marco.brooks@sampleco.test,Arjun Okafor,sofia.blake@demomail.test,Mei Reyes,Gamma,100152,N,Standard,mei.kim@demomail.test,Riley Haddad,Y,2140,7660,5781,1851,Y,,,,,Scheduled a check-in for the coming month.,,taylor.ford@sampleco.test,,Scheduled a check-in for the coming month.,alex.ford@sampleco.test,fatima.kim@examplecorp.test,N,,,,Other,,,,,2024-02-19 21:57:00,2166,4002,Other,Alpha,Other,Delta,7923,6893,6301,8768,4801,Gamma,Aisha Sloan,Reese Blake,2026-07-27 23:55:00,,,,,,,,661,,,,,,
700526,100040,Resource Care,100046,Customer Success Check-In,Final,N,N,Scheduled a check-in for the coming month.,100149,Morgan Larsson,Y,,4.2,4.6,100751,Y,7.0,How satisfied are you with the service?,"Going well, minor tweaks needed.",1.9,5.1,Other,N,1.0,8.5,5.5,7.5,9.9,2.2,3.3,,,Y,,100371,Elena Ashby,2024-09-24 12:03:00,fatima.mercer@sampleco.test,,2022-12-29 09:05:00,aisha.larsson@sampleco.test,,,Alpha,,reese.dorsey@demomail.test,Rahul Costa,alex.dorsey@demomail.test,Jamie Ford,Standard,100246,N,Other,morgan.dorsey@demomail.test,Riley Cohen,Y,2774,5827,2688,7882,N,,,,,Reviewed performance and gathered feedback.,Marco Sloan,alex.whitfield@demomail.test,,Shared the updated proposal for review.,mei.cohen@sampleco.test,rowan.rossi@acme-fake.test,N,,,,Alpha,Alpha,,,,2023-05-08 00:44:00,7319,712,Alpha,Other,Gamma,Delta,3008,7423,6476,1755,6187,Delta,Morgan Reyes,Avery Nguyen,2025-01-20 22:50:00,,,,,,,,,1922,,,,,
700527,100611,Resource Care,100155,Customer Success Check-In,Final,Y,Y,Followed up on the open items from last week.,100162,Fatima Dorsey,N,,10.0,5.0,100756,N,5.3,Any concerns we should address?,Very satisfied overall.,8.6,1.7,Gamma,N,9.4,8.0,1.2,6.1,5.0,5.7,4.7,,,N,,100021,Morgan Vance,2023-11-03 14:23:00,taylor.calder@sampleco.test,,2023-06-17 04:48:00,priya.cohen@sampleco.test,Skyler Kim,,,,reese.calder@sampleco.test,Quinn Vance,mei.calder@examplecorp.test,Diego Haddad,Delta,100484,N,Other,mei.calder@demomail.test,Aisha Nguyen,N,2275,278,5059,7017,Y,,,,,Aligned on billing and renewal terms.,,fatima.calder@examplecorp.test,,Aligned on billing and renewal terms.,yara.nguyen@sampleco.test,jamie.whitfield@demomail.test,Y,,,,,,,,Beta,2026-07-07 13:18:00,9684,9869,Alpha,Other,Alpha,Standard,3174,3992,8951,869,6604,Beta,Liam Mercer,Riley Okafor,2024-05-08 17:53:00,,,,,,,,,,,,,,
700528,100476,Resource Care,100215,Customer Success Check-In,Final,N,N,Scheduled a check-in for the coming month.,100399,Reese Whitfield,N,,5.0,9.3,100314,Y,9.8,Any concerns we should address?,Very satisfied overall.,3.4,5.1,Delta,N,5.5,6.6,4.5,6.8,5.9,6.5,7.2,,,N,,100756,Skyler Sato,2023-07-19 05:57:00,chen.reyes@sampleco.test,,2025-01-21 16:33:00,rowan.kim@examplecorp.test,,,,,alex.mercer@demomail.test,Omar Ivanov,rowan.mensah@examplecorp.test,Nina Garcia,Delta,100062,Y,Delta,yara.ivanov@examplecorp.test,Priya Vance,N,3457,1051,1017,7685,N,,,,,Resolved the outstanding question about scope.,,chen.cohen@demomail.test,Gamma,Shared the updated proposal for review.,noah.sato@demomail.test,nina.vance@demomail.test,Y,,,,,Standard,Reese Garcia,,Standard,2025-10-31 02:43:00,9638,8120,Gamma,Delta,Gamma,Gamma,1636,277,1530,3724,7825,Beta,Jamie Calder,Alex Ashby,2025-11-15 12:27:00,,,Delta,,,,,,,,,,,
700529,100493,Resource Care,100317,Customer Success Check-In,Draft,Y,Y,Reviewed performance and gathered feedback.,100264,Noah Ivanov,N,,6.8,6.0,100707,Y,9.0,How satisfied are you with the service?,"Neutral, watching closely.",3.8,8.6,Alpha,Y,6.3,1.6,1.4,2.5,2.2,9.7,8.4,,,N,,100675,Jamie Patel,2025-01-09 16:48:00,fatima.haddad@demomail.test,,2023-06-07 19:39:00,jordan.reyes@examplecorp.test,Avery Haddad,,,Elena Sloan,priya.sato@examplecorp.test,Arjun Whitfield,nina.silva@sampleco.test,Diego Cohen,Standard,100648,N,Beta,rowan.mercer@sampleco.test,Quinn Dorsey,N,4675,9314,1773,6364,N,,,,,Noted a concern to revisit at the next sync.,,rahul.rossi@sampleco.test,,Noted a concern to revisit at the next sync.,diego.ford@examplecorp.test,priya.ashby@sampleco.test,Y,,,,,,,,,2024-11-25 21:23:00,765,9806,Delta,Alpha,Gamma,Alpha,1379,1422,948,4801,6002,Gamma,Omar Calder,Elena Okafor,2025-11-10 13:50:00,,,,,,,,,,,,,,
700530,100659,Resource Care,100396,Wellness Check-In,Final,Y,Y,Scheduled a check-in for the coming month.,100173,Drew Ivanov,Y,,2.5,1.2,100236,N,3.0,Any concerns we should address?,Some concerns about turnaround time.,7.6,1.2,Gamma,Y,7.5,4.1,8.8,9.5,3.8,3.9,9.6,,,Y,,100403,Liam Calder,2022-10-10 22:45:00,rahul.whitfield@sampleco.test,,2025-03-19 22:01:00,diego.silva@examplecorp.test,Morgan Cohen,,Beta,,morgan.silva@sampleco.test,Alex Whitfield,quinn.silva@examplecorp.test,Diego Reyes,Standard,100632,N,Standard,diego.rossi@sampleco.test,Casey Whitfield,Y,2590,9900,5345,1200,Y,,,,,Discussed timeline and next steps with the account.,,drew.sloan@sampleco.test,,Noted a concern to revisit at the next sync.,arjun.reyes@demomail.test,avery.brooks@sampleco.test,Y,,Resolved the outstanding question about scope.,,,,,,,2025-01-04 04:15:00,1521,7393,Gamma,Beta,Gamma,Delta,9310,8099,1543,5138,6691,Delta,Chen Mercer,Skyler Kim,2024-01-11 16:38:00,,,,,,,,,,,,,,
700531,100029,Resource Care,100372,Wellness Check-In,Final,N,N,Noted a concern to revisit at the next sync.,100782,Nina Cohen,Y,,9.7,4.4,100204,Y,1.9,How satisfied are you with the service?,"Neutral, watching closely.",9.1,4.9,Beta,N,5.9,3.7,3.1,7.4,5.2,4.0,1.0,,,N,,100139,Rowan Kim,2023-08-21 19:12:00,noah.brooks@demomail.test,,2025-02-07 12:13:00,jamie.whitfield@acme-fake.test,,,,,noah.ford@sampleco.test,Elena Sato,sofia.okafor@sampleco.test,Liam Kim,Gamma,100382,N,Alpha,casey.dorsey@examplecorp.test,Jamie Whitfield,Y,2934,3865,5561,406,N,,,,,Scheduled a check-in for the coming month.,,riley.reyes@examplecorp.test,,Discussed timeline and next steps with the account.,riley.costa@sampleco.test,emerson.rossi@sampleco.test,Y,,,,,,,,Delta,2024-03-28 05:17:00,5595,748,Delta,Standard,Delta,Beta,2903,5536,794,4255,7393,Beta,Priya Okafor,Chen Cohen,2025-03-18 04:28:00,,,,,,,,,,,,,,Alex Rossi
700532,100387,Customer Management,100199,Customer Success Check-In,Final,N,Y,Scheduled a check-in for the coming month.,100062,Diego Dorsey,Y,,4.5,6.3,100115,Y,8.2,How likely are you to continue the engagement?,Very satisfied overall.,9.1,2.5,Alpha,N,4.7,7.3,4.4,8.9,2.9,9.4,2.3,,,Y,,100593,Casey Patel,2023-03-06 02:39:00,liam.costa@acme-fake.test,,2024-10-23 17:31:00,emerson.calder@acme-fake.test,Emerson Ashby,,,,aisha.dorsey@examplecorp.test,Casey Sloan,sofia.mercer@examplecorp.test,Avery Brooks,Alpha,100747,Y,Gamma,jordan.patel@demomail.test,Priya Cohen,Y,1975,5749,6607,6236,N,,,,,Shared the updated proposal for review.,,mei.costa@sampleco.test,,Discussed timeline and next steps with the account.,taylor.sato@demomail.test,rahul.garcia@acme-fake.test,Y,,,,Gamma,Standard,,Other,,2025-11-07 13:49:00,2135,8578,Standard,Delta,Gamma,Beta,4306,4395,1749,5878,6426,Gamma,Nina Cohen,Sofia Larsson,2026-01-24 12:44:00,,,,,,,,,,,,,,
700533,100507,Customer Management,100286,Wellness Check-In,Final,Y,Y,Aligned on billing and renewal terms.,100161,Arjun Mensah,Y,,7.3,2.7,100147,N,7.0,Are deliverables meeting expectations?,"Going well, minor tweaks needed.",1.1,9.7,Gamma,N,4.4,5.8,2.1,3.1,4.7,8.0,2.6,,,Y,,100548,Arjun Haddad,2025-10-25 15:06:00,jordan.sato@acme-fake.test,,2024-09-11 18:54:00,chen.blake@sampleco.test,Yara Brooks,,,,rowan.ford@acme-fake.test,Liam Okafor,taylor.blake@acme-fake.test,Emerson Silva,Beta,100737,Y,Gamma,chen.sato@demomail.test,Drew Mensah,N,7873,5997,3794,7876,N,,,,,Followed up on the open items from last week.,,nina.nguyen@examplecorp.test,,Followed up on the open items from last week.,taylor.dorsey@demomail.test,priya.rossi@acme-fake.test,N,,,Alpha,,,,,Beta,2022-10-16 01:31:00,6508,443,Standard,Delta,Alpha,Gamma,3104,745,6736,655,8934,Standard,Skyler Sloan,Riley Ashby,2023-03-16 18:12:00,,,,,,,,,,,,,,
700534,100548,Resource Care,100120,Wellness Check-In,Final,N,Y,Reviewed performance and gathered feedback.,100629,Taylor Larsson,Y,,3.2,7.3,100790,Y,4.6,Any concerns we should address?,Very satisfied overall.,2.6,2.5,Other,Y,7.0,8.5,1.5,5.6,1.4,1.1,4.1,,,N,,100098,Chen Blake,2023-06-11 19:50:00,avery.vance@sampleco.test,,2024-12-30 22:25:00,arjun.costa@demomail.test,,,,,priya.reyes@acme-fake.test,Jamie Silva,fatima.dorsey@examplecorp.test,Mei Kim,Alpha,100700,Y,Gamma,diego.larsson@acme-fake.test,Morgan Okafor,N,8210,6856,2752,8728,Y,,,,Standard,Resolved the outstanding question about scope.,,chen.patel@acme-fake.test,,Noted a concern to revisit at the next sync.,chen.reyes@demomail.test,jordan.mercer@examplecorp.test,N,Gamma,Discussed timeline and next steps with the account.,Alpha,Gamma,Beta,,,Delta,2026-06-25 18:36:00,5308,2523,Standard,Alpha,Delta,Delta,1579,4250,6726,664,1695,Gamma,Sofia Costa,Casey Reyes,2025-03-04 11:03:00,,,,,,,,,,,,,,
700535,100569,Customer Management,100121,Quarterly Review,Final,Y,Y,Noted a concern to revisit at the next sync.,100383,Morgan Sloan,N,,5.4,7.7,100177,Y,1.0,Any concerns we should address?,Exceeding expectations.,9.2,9.0,Other,N,3.7,6.3,5.4,9.0,7.5,5.2,1.5,,,N,,100726,Avery Sato,2022-11-15 06:19:00,marco.nguyen@sampleco.test,,2024-08-14 02:01:00,liam.mercer@acme-fake.test,,,Other,,emerson.sloan@acme-fake.test,Noah Mercer,yara.patel@acme-fake.test,Marco Kim,Gamma,100288,Y,Other,quinn.sloan@demomail.test,Chen Larsson,Y,7678,3672,3023,8510,N,,,,,Aligned on billing and renewal terms.,,jordan.sato@acme-fake.test,,Resolved the outstanding question about scope.,sofia.vance@acme-fake.test,riley.sloan@examplecorp.test,Y,,,,,,,,Beta,2024-04-05 14:03:00,9904,4693,Standard,Alpha,Beta,Delta,7756,3470,2394,9278,7138,Delta,Morgan Costa,Quinn Costa,2026-02-05 12:27:00,,,,,,,,,,,,,,
700536,100667,Resource Care,100448,Wellness Check-In,Final,N,Y,Aligned on billing and renewal terms.,100468,Rahul Mercer,N,,8.8,2.6,100007,N,8.8,How is communication with your team?,"Neutral, watching closely.",2.7,3.0,Delta,Y,7.3,7.6,8.3,3.7,6.1,4.0,2.7,,,N,,100484,Reese Silva,2026-01-20 09:05:00,jordan.haddad@acme-fake.test,,2024-09-06 06:50:00,chen.dorsey@examplecorp.test,,,,Emerson Ivanov,emerson.ivanov@examplecorp.test,Nina Haddad,skyler.ivanov@acme-fake.test,Mei Mensah,Other,100751,N,Gamma,drew.blake@acme-fake.test,Mei Brooks,N,4807,2143,3109,9286,N,,,,,Reviewed performance and gathered feedback.,,elena.reyes@examplecorp.test,,Noted a concern to revisit at the next sync.,omar.garcia@examplecorp.test,omar.nguyen@sampleco.test,Y,,,Standard,,,,Delta,,2023-06-09 20:18:00,4974,3105,Beta,Gamma,Alpha,Alpha,6141,490,3004,2662,8139,Beta,Priya Nguyen,Riley Vance,2026-02-15 10:20:00,,,,,,,,,,,,,,
700537,100418,Customer Management,100487,Wellness Check-In,Final,N,Y,Noted a concern to revisit at the next sync.,100149,Rahul Costa,N,,2.5,1.2,100038,N,1.1,Are deliverables meeting expectations?,Happy with the progress.,3.0,9.4,Other,N,3.2,9.7,8.3,2.4,5.1,1.2,1.8,,,Y,,100460,Fatima Rossi,2023-05-01 01:40:00,emerson.sloan@demomail.test,,2023-12-10 11:11:00,aisha.ashby@demomail.test,,,,,quinn.ivanov@demomail.test,Jordan Okafor,diego.rossi@sampleco.test,Marco Haddad,Gamma,100221,Y,Delta,rowan.costa@sampleco.test,Mei Silva,N,2966,1158,1318,2615,Y,,,,,Reviewed performance and gathered feedback.,,jamie.blake@examplecorp.test,,Scheduled a check-in for the coming month.,taylor.dorsey@acme-fake.test,mei.larsson@sampleco.test,Y,Standard,,,,,Marco Brooks,,,2025-06-17 19:00:00,6691,5636,Delta,Other,Beta,Gamma,3408,2463,1971,1807,7772,Beta,Aisha Reyes,Marco Garcia,2026-03-17 21:10:00,,,,,,,,,,,,,,
700538,100369,Resource Care,100040,Customer Success Check-In,Final,Y,Y,Aligned on billing and renewal terms.,100211,Sofia Nguyen,N,,1.1,7.0,100473,Y,6.9,How likely are you to continue the engagement?,Exceeding expectations.,9.3,4.4,Delta,Y,8.6,3.8,4.8,7.8,6.7,1.2,5.4,,,N,,100595,Liam Calder,2025-03-31 04:52:00,rowan.nguyen@demomail.test,,2024-05-12 20:15:00,noah.garcia@examplecorp.test,,,,,noah.patel@acme-fake.test,Morgan Ford,alex.whitfield@sampleco.test,Alex Brooks,Beta,100193,Y,Standard,diego.calder@acme-fake.test,Nina Rossi,N,2973,2631,8896,9098,Y,,,,,Resolved the outstanding question about scope.,,liam.ashby@sampleco.test,,Reviewed performance and gathered feedback.,elena.dorsey@demomail.test,avery.garcia@demomail.test,N,,Followed up on the open items from last week.,,,Beta,,Gamma,Gamma,2023-11-27 04:07:00,8986,2044,Other,Other,Beta,Alpha,248,5061,9106,2799,4592,Delta,Skyler Sloan,Marco Rossi,2026-05-05 08:14:00,,,,,,,,,,,,,,
700539,100512,Resource Care,100700,Customer Success Check-In,Final,N,N,Shared the updated proposal for review.,100389,Reese Whitfield,Y,,7.5,1.6,100475,Y,5.0,Are deliverables meeting expectations?,Some concerns about turnaround time.,7.5,4.4,Alpha,Y,4.9,3.2,3.0,8.5,1.6,6.4,6.3,,,N,,100519,Yara Ivanov,2025-08-14 15:39:00,emerson.mercer@examplecorp.test,,2026-03-21 21:21:00,arjun.nguyen@examplecorp.test,,,,,jordan.sato@acme-fake.test,Aisha Mensah,riley.larsson@examplecorp.test,Arjun Garcia,Delta,100330,N,Other,morgan.rossi@sampleco.test,Morgan Costa,Y,7318,7608,2586,5752,Y,,,,,Shared the updated proposal for review.,,jamie.ashby@sampleco.test,,Noted a concern to revisit at the next sync.,aisha.larsson@demomail.test,diego.cohen@examplecorp.test,N,Beta,,,,Standard,,Standard,,2024-11-27 04:02:00,2674,1965,Gamma,Gamma,Standard,Standard,2000,7707,5224,5859,3281,Standard,Alex Calder,Reese Costa,2024-07-02 21:25:00,,,,,,,,,,,,,,Sofia Cohen
700540,100578,Resource Care,100121,Quarterly Review,Final,Y,Y,Shared the updated proposal for review.,100434,Diego Calder,N,,5.9,5.2,100119,N,4.1,How is communication with your team?,Very satisfied overall.,9.0,6.0,Alpha,N,6.9,6.2,9.9,9.3,1.9,2.5,6.1,,,Y,,100434,Emerson Silva,2024-04-01 12:46:00,elena.silva@sampleco.test,,2024-05-07 09:49:00,jordan.rossi@sampleco.test,,,Standard,Morgan Cohen,jamie.okafor@demomail.test,Avery Sloan,casey.ashby@demomail.test,Alex Mensah,Alpha,100292,Y,Gamma,morgan.sato@demomail.test,Emerson Patel,N,5343,6944,1205,449,N,,,,,Discussed timeline and next steps with the account.,,nina.dorsey@acme-fake.test,,Shared the updated proposal for review.,fatima.ashby@demomail.test,nina.blake@demomail.test,Y,,Discussed timeline and next steps with the account.,Standard,Beta,,,,Other,2023-01-18 10:37:00,772,8046,Alpha,Beta,Alpha,Standard,1844,7031,1132,132,9462,Alpha,Nina Cohen,Skyler Sloan,2024-09-19 11:00:00,,,,,,Delta,,,,,,,,
700541,100535,Resource Care,100481,Wellness Check-In,Final,N,Y,Scheduled a check-in for the coming month.,100130,Diego Haddad,Y,,7.7,4.0,100145,N,5.3,Are deliverables meeting expectations?,Happy with the progress.,8.6,6.3,Alpha,N,4.8,3.9,6.3,2.4,6.7,8.8,6.7,,,Y,,100348,Priya Okafor,2024-04-01 03:57:00,marco.dorsey@acme-fake.test,,2025-08-24 15:51:00,yara.brooks@acme-fake.test,Skyler Nguyen,,Other,,rahul.reyes@demomail.test,Jamie Cohen,mei.garcia@acme-fake.test,Elena Blake,Beta,100673,Y,Alpha,yara.patel@acme-fake.test,Riley Blake,Y,4848,8054,7766,3942,N,,,,,Shared the updated proposal for review.,,casey.patel@sampleco.test,,Discussed timeline and next steps with the account.,reese.ashby@acme-fake.test,marco.reyes@examplecorp.test,N,Gamma,,,,,,,,2025-08-07 20:54:00,9297,1526,Delta,Delta,Beta,Standard,658,3325,9295,8704,424,Gamma,Chen Calder,Priya Mercer,2025-11-15 04:02:00,,,,,,,,,,,,,,
700542,100473,Customer Management,100239,Wellness Check-In,Final,Y,Y,Aligned on billing and renewal terms.,100250,Riley Calder,N,,4.7,4.9,100675,Y,2.9,How likely are you to continue the engagement?,Some concerns about turnaround time.,2.6,1.6,Delta,N,6.6,3.5,8.9,8.0,5.5,2.9,9.3,,,Y,,100220,Taylor Kim,2025-11-16 01:10:00,yara.larsson@demomail.test,,2024-08-12 00:48:00,chen.haddad@examplecorp.test,,,,,sofia.costa@acme-fake.test,Liam Whitfield,yara.costa@sampleco.test,Arjun Costa,Other,100139,Y,Gamma,casey.nguyen@demomail.test,Arjun Mercer,N,3307,2410,6302,689,N,,,,,Noted a concern to revisit at the next sync.,,reese.sato@examplecorp.test,,Resolved the outstanding question about scope.,marco.garcia@examplecorp.test,yara.sato@acme-fake.test,Y,Standard,,,Other,Standard,,Standard,,2025-02-03 22:14:00,1263,9733,Alpha,Other,Alpha,Alpha,451,3124,5236,4476,6942,Other,Alex Rossi,Drew Vance,2023-06-12 12:58:00,,,,,,,,,,,,,,
700543,100256,Customer Management,100601,Wellness Check-In,Final,N,Y,Noted a concern to revisit at the next sync.,100118,Diego Okafor,Y,,5.9,1.5,100043,Y,1.3,Any concerns we should address?,Very satisfied overall.,2.7,6.1,Delta,Y,1.8,8.9,9.6,3.5,4.5,8.6,6.8,,,Y,,100054,Alex Ashby,2024-10-15 13:52:00,morgan.rossi@acme-fake.test,,2023-10-31 12:59:00,alex.blake@demomail.test,,,,,sofia.blake@examplecorp.test,Avery Rossi,elena.vance@examplecorp.test,Quinn Haddad,Beta,100721,N,Delta,liam.calder@demomail.test,Avery Patel,N,4733,2359,6439,2371,N,,,,,Aligned on billing and renewal terms.,Sofia Cohen,avery.dorsey@demomail.test,,Followed up on the open items from last week.,yara.larsson@examplecorp.test,reese.sloan@sampleco.test,Y,,Discussed timeline and next steps with the account.,Gamma,,,,,,2023-08-03 18:17:00,6101,2782,Other,Beta,Alpha,Gamma,1298,3851,9984,9813,8622,Alpha,Rowan Patel,Taylor Silva,2026-03-26 09:20:00,,,,,,,,,8961,,,,,
700544,100181,Resource Care,100574,Wellness Check-In,Final,Y,N,Aligned on billing and renewal terms.,100332,Omar Blake,Y,,9.2,1.7,100770,N,4.1,How is communication with your team?,Very satisfied overall.,1.1,1.1,Delta,N,3.6,2.2,4.5,1.8,6.3,6.6,8.2,,,Y,,100121,Drew Calder,2023-12-30 02:21:00,omar.sloan@examplecorp.test,,2025-03-28 18:06:00,mei.ashby@demomail.test,Omar Patel,,,,nina.blake@demomail.test,Nina Sloan,quinn.mercer@sampleco.test,Rahul Dorsey,Alpha,100365,N,Gamma,avery.ivanov@sampleco.test,Drew Mensah,Y,8203,1757,4093,2367,N,,,,,Reviewed performance and gathered feedback.,,diego.sloan@sampleco.test,,Resolved the outstanding question about scope.,elena.dorsey@examplecorp.test,liam.sloan@demomail.test,N,,Reviewed performance and gathered feedback.,Gamma,,,Rahul Mensah,,Other,2026-04-03 02:53:00,5290,8471,Standard,Standard,Alpha,Beta,9719,8192,7220,7701,1814,Beta,Noah Okafor,Aisha Rossi,2026-06-02 13:34:00,,,,,,,,,,,,,,
700545,100253,Resource Care,100345,Wellness Check-In,Final,N,N,Noted a concern to revisit at the next sync.,100768,Reese Rossi,N,,6.0,7.2,100271,Y,7.0,Any concerns we should address?,Exceeding expectations.,1.6,3.3,Delta,N,5.5,1.8,3.3,4.3,6.0,6.7,7.8,,,Y,,100332,Sofia Whitfield,2025-11-04 11:04:00,elena.vance@sampleco.test,,2023-08-07 21:31:00,yara.ashby@sampleco.test,,,Alpha,Yara Haddad,fatima.cohen@acme-fake.test,Jamie Ivanov,riley.larsson@sampleco.test,Elena Cohen,Delta,100026,N,Gamma,rowan.larsson@examplecorp.test,Priya Calder,Y,530,4291,9496,4797,Y,,,,,Scheduled a check-in for the coming month.,,taylor.garcia@sampleco.test,,Aligned on billing and renewal terms.,omar.patel@acme-fake.test,quinn.larsson@examplecorp.test,N,,,Delta,,,,,Beta,2025-07-25 09:32:00,3177,4599,Other,Other,Gamma,Standard,392,4489,4112,9061,9676,Standard,Alex Vance,Sofia Larsson,2025-09-29 13:58:00,,,,,,,,,,,,,,
700546,100100,Resource Care,100782,Wellness Check-In,Final,Y,N,Shared the updated proposal for review.,100128,Sofia Garcia,N,,1.5,9.9,100173,N,1.1,Are deliverables meeting expectations?,"Going well, minor tweaks needed.",9.1,6.2,Alpha,N,8.2,4.6,6.3,7.5,9.6,5.5,4.2,,,Y,,100286,Noah Ivanov,2023-02-22 10:04:00,morgan.reyes@examplecorp.test,,2023-10-22 17:58:00,reese.ivanov@examplecorp.test,,,,,diego.blake@examplecorp.test,Diego Kim,riley.dorsey@acme-fake.test,Rowan Mercer,Alpha,100362,Y,Alpha,drew.haddad@sampleco.test,Fatima Kim,Y,2228,1779,4819,6712,Y,,,,,Discussed timeline and next steps with the account.,,fatima.whitfield@demomail.test,,Shared the updated proposal for review.,liam.brooks@examplecorp.test,morgan.brooks@sampleco.test,N,Alpha,,,Beta,,,,,2023-11-27 23:03:00,3758,9297,Other,Alpha,Delta,Alpha,8047,4175,5072,755,4597,Delta,Mei Whitfield,Drew Mercer,2024-11-28 22:00:00,,,,,,,,,,,,,,
700547,100079,Customer Management,100616,Quarterly Review,Final,N,N,Followed up on the open items from last week.,100691,Quinn Whitfield,Y,,4.5,9.4,100632,Y,5.5,Are deliverables meeting expectations?,Exceeding expectations.,3.8,3.4,Gamma,N,4.2,6.6,1.9,4.2,3.9,8.1,9.1,,,Y,,100226,Sofia Patel,2023-12-08 15:24:00,mei.brooks@examplecorp.test,,2024-05-21 19:54:00,yara.reyes@sampleco.test,Alex Sloan,,Other,,alex.dorsey@sampleco.test,Drew Kim,reese.ashby@acme-fake.test,Aisha Larsson,Other,100611,Y,Alpha,avery.haddad@sampleco.test,Reese Rossi,N,2928,537,640,6378,Y,,,,,Resolved the outstanding question about scope.,,priya.costa@acme-fake.test,,Shared the updated proposal for review.,jamie.whitfield@examplecorp.test,chen.calder@sampleco.test,Y,,,,,Alpha,Aisha Larsson,,,2024-06-20 03:02:00,8590,2990,Other,Beta,Delta,Alpha,1954,798,2321,1717,1332,Other,Arjun Cohen,Jordan Rossi,2024-08-29 06:16:00,,,,,,,,,,,8611,,,
700548,100152,Customer Management,100328,Quarterly Review,Final,Y,N,Aligned on billing and renewal terms.,100775,Emerson Ivanov,Y,,2.7,6.3,100613,N,7.5,How satisfied are you with the service?,Happy with the progress.,2.3,9.5,Beta,N,2.4,1.6,3.1,1.3,5.4,5.5,1.8,,,N,,100365,Rowan Rossi,2024-08-10 14:39:00,casey.costa@demomail.test,,2023-08-20 10:49:00,alex.cohen@acme-fake.test,,,,,jordan.haddad@sampleco.test,Chen Reyes,sofia.ashby@acme-fake.test,Sofia Okafor,Other,100761,N,Alpha,jordan.ford@sampleco.test,Elena Haddad,N,1237,7581,7139,6286,N,,,,,Discussed timeline and next steps with the account.,,sofia.mensah@sampleco.test,,Shared the updated proposal for review.,liam.larsson@sampleco.test,chen.patel@examplecorp.test,N,,,,,Other,,,Gamma,2025-05-03 21:00:00,8334,21,Alpha,Gamma,Other,Standard,5578,9445,2012,6322,1500,Beta,Reese Ivanov,Nina Dorsey,2023-12-08 19:18:00,,7658,,,,,7196,,,,,,,
700549,100076,Customer Management,100418,Wellness Check-In,Final,N,N,Noted a concern to revisit at the next sync.,100758,Noah Whitfield,Y,,1.8,6.4,100743,N,6.0,Are deliverables meeting expectations?,Happy with the progress.,8.8,6.4,Alpha,N,1.5,8.4,3.3,5.7,6.1,9.2,4.8,,,Y,,100092,Quinn Reyes,2024-03-13 19:37:00,quinn.rossi@acme-fake.test,,2024-05-18 07:31:00,jamie.ford@sampleco.test,,,Alpha,,aisha.brooks@acme-fake.test,Nina Dorsey,reese.nguyen@demomail.test,Chen Okafor,Standard,100369,Y,Standard,sofia.vance@examplecorp.test,Jordan Ford,Y,2026,3800,6583,8667,Y,,,,,Resolved the outstanding question about scope.,,aisha.ford@demomail.test,,Resolved the outstanding question about scope.,casey.calder@acme-fake.test,nina.sato@demomail.test,Y,,,,,,,Beta,,2026-03-29 21:50:00,8208,948,Beta,Gamma,Alpha,Beta,4243,9664,6313,2844,5168,Gamma,Taylor Costa,Jamie Ford,2025-08-25 02:21:00,,,,,,,,,,,,,,
700550,100694,Customer Management,100065,Customer Success Check-In,Final,N,Y,Resolved the outstanding question about scope.,100535,Elena Blake,N,,4.0,2.9,100224,Y,3.8,Any concerns we should address?,Happy with the progress.,6.6,2.9,Beta,Y,7.7,1.1,8.9,7.6,6.6,1.7,6.3,,,N,,100076,Rowan Sato,2026-07-12 07:35:00,nina.whitfield@acme-fake.test,,2025-07-29 23:23:00,riley.larsson@sampleco.test,,,,,sofia.whitfield@sampleco.test,Taylor Okafor,diego.nguyen@sampleco.test,Skyler Larsson,Other,100253,Y,Delta,marco.vance@sampleco.test,Noah Rossi,Y,9443,645,9406,8058,N,,,,,Reviewed performance and gathered feedback.,,chen.rossi@acme-fake.test,,Followed up on the open items from last week.,nina.calder@acme-fake.test,taylor.sato@sampleco.test,N,,,,,,,,,2025-01-02 14:20:00,680,9015,Other,Gamma,Other,Delta,294,9437,380,7084,4137,Alpha,Quinn Patel,Yara Whitfield,2023-02-20 06:00:00,,,,,,Beta,,,,,,,,
700551,100068,Customer Management,100438,Wellness Check-In,Final,N,Y,Reviewed performance and gathered feedback.,100467,Fatima Ivanov,N,,5.3,4.9,100009,Y,3.1,Any concerns we should address?,Exceeding expectations.,3.0,5.3,Beta,Y,1.8,8.6,9.9,6.9,3.1,3.6,3.6,,,N,,100311,Sofia Sloan,2025-09-05 15:31:00,casey.whitfield@sampleco.test,,2026-04-21 03:19:00,omar.kim@demomail.test,,,Gamma,Elena Sloan,rahul.ford@demomail.test,Omar Garcia,rowan.dorsey@sampleco.test,Avery Kim,Alpha,100436,N,Standard,chen.garcia@examplecorp.test,Avery Ford,Y,2945,2076,5026,3045,Y,,,,,Discussed timeline and next steps with the account.,,jordan.dorsey@acme-fake.test,,Scheduled a check-in for the coming month.,mei.costa@acme-fake.test,skyler.sato@sampleco.test,Y,,,,Other,,Noah Mensah,Gamma,Standard,2025-11-14 10:27:00,1732,7148,Gamma,Delta,Alpha,Delta,5684,5324,2930,6958,9814,Beta,Arjun Garcia,Drew Ivanov,2025-08-29 18:43:00,,,,,,,,,,,,,,
700552,100383,Customer Management,100257,Wellness Check-In,Final,N,Y,Aligned on billing and renewal terms.,100640,Emerson Okafor,N,,1.6,8.6,100021,Y,1.5,How likely are you to continue the engagement?,Happy with the progress.,8.9,6.4,Standard,N,2.2,6.6,1.3,4.6,4.7,10.0,8.8,,,N,,100003,Omar Patel,2022-10-10 13:26:00,sofia.costa@acme-fake.test,,2025-02-08 17:50:00,priya.larsson@sampleco.test,,,Beta,,fatima.calder@sampleco.test,Arjun Sato,skyler.haddad@demomail.test,Elena Larsson,Beta,100158,Y,Standard,taylor.brooks@examplecorp.test,Jordan Patel,N,2319,7796,3243,1533,N,,,,,Resolved the outstanding question about scope.,,emerson.calder@demomail.test,,Shared the updated proposal for review.,liam.patel@demomail.test,mei.ashby@sampleco.test,N,Beta,,,,,,,,2025-08-07 12:13:00,8234,8161,Delta,Other,Beta,Alpha,6315,5211,7850,6959,7357,Delta,Aisha Patel,Fatima Mensah,2023-11-06 23:21:00,,,,,,,,,,,,,,
700553,100468,Resource Care,100771,Wellness Check-In,Final,Y,Y,Noted a concern to revisit at the next sync.,100608,Drew Patel,Y,,2.0,4.7,100436,Y,1.4,How likely are you to continue the engagement?,"Going well, minor tweaks needed.",7.2,9.6,Beta,Y,9.2,2.7,9.8,4.5,7.3,4.5,3.6,,,N,,100380,Reese Whitfield,2023-06-11 14:52:00,omar.sato@examplecorp.test,,2022-11-24 09:29:00,mei.cohen@sampleco.test,Priya Ashby,,,Diego Dorsey,morgan.kim@demomail.test,Rahul Ashby,chen.mensah@acme-fake.test,Reese Garcia,Beta,100134,N,Other,chen.patel@examplecorp.test,Morgan Ivanov,N,5638,4669,8458,4392,N,,,,,Followed up on the open items from last week.,,marco.haddad@acme-fake.test,,Noted a concern to revisit at the next sync.,nina.kim@acme-fake.test,drew.mercer@sampleco.test,Y,,Aligned on billing and renewal terms.,,,Alpha,,,,2023-03-31 03:57:00,1383,1728,Delta,Delta,Alpha,Beta,6103,7495,7820,613,5980,Other,Riley Dorsey,Elena Mercer,2026-05-11 07:52:00,3530,,,,,,,,,,,,,
700554,100446,Customer Management,100441,Customer Success Check-In,Final,N,Y,Discussed timeline and next steps with the account.,100629,Drew Mercer,N,,7.5,1.7,100311,Y,6.0,How is communication with your team?,"Going well, minor tweaks needed.",5.4,4.8,Alpha,N,5.2,8.5,8.1,6.6,8.8,2.1,2.9,,,N,,100372,Jamie Silva,2026-05-10 01:00:00,liam.nguyen@examplecorp.test,,2024-02-11 01:42:00,liam.nguyen@acme-fake.test,,,,,diego.ashby@acme-fake.test,Omar Sato,omar.reyes@examplecorp.test,Emerson Vance,Delta,100552,Y,Delta,yara.sato@acme-fake.test,Chen Okafor,N,3913,6061,4564,438,Y,,,,,Reviewed performance and gathered feedback.,,skyler.mensah@sampleco.test,,Discussed timeline and next steps with the account.,taylor.blake@sampleco.test,fatima.blake@demomail.test,Y,Gamma,Scheduled a check-in for the coming month.,Standard,,,Jordan Kim,,Gamma,2025-04-29 01:10:00,3877,5716,Delta,Beta,Beta,Delta,2562,3103,5640,2262,4569,Beta,Mei Cohen,Fatima Sato,2024-08-21 12:23:00,,,Gamma,,,,,,,,,,,
700555,100619,Resource Care,100686,Quarterly Review,Draft,N,Y,Aligned on billing and renewal terms.,100267,Riley Sloan,N,,3.4,3.5,100320,Y,6.4,How satisfied are you with the service?,Exceeding expectations.,3.0,8.6,Gamma,N,3.8,8.0,4.1,3.3,7.2,4.6,6.6,,,Y,,100751,Rowan Blake,2024-06-23 07:02:00,drew.sloan@demomail.test,,2025-06-17 11:17:00,morgan.ford@examplecorp.test,Mei Costa,,,,fatima.patel@demomail.test,Rahul Sato,fatima.mensah@examplecorp.test,Nina Sato,Gamma,100542,N,Other,morgan.ford@demomail.test,Marco Haddad,N,9633,3534,8975,1868,Y,,,,,Discussed timeline and next steps with the account.,,noah.costa@examplecorp.test,,Shared the updated proposal for review.,noah.sato@examplecorp.test,reese.reyes@demomail.test,Y,,,,Beta,,Alex Whitfield,Delta,Standard,2026-01-07 20:45:00,3747,8813,Alpha,Beta,Gamma,Standard,4000,3560,3160,4284,5990,Delta,Nina Ivanov,Marco Sloan,2025-09-29 12:57:00,,,,,,,,,,,,,,
700556,100779,Customer Management,100762,Wellness Check-In,Draft,N,N,Discussed timeline and next steps with the account.,100264,Yara Ford,N,,1.6,6.3,100118,Y,6.0,How is communication with your team?,"Going well, minor tweaks needed.",8.9,9.8,Alpha,Y,2.1,8.7,4.3,3.9,1.7,1.8,7.6,,,N,,100683,Nina Larsson,2026-04-07 22:37:00,casey.ashby@examplecorp.test,,2023-11-04 05:16:00,aisha.ashby@demomail.test,,,Delta,Arjun Costa,alex.silva@examplecorp.test,Chen Kim,omar.whitfield@examplecorp.test,Sofia Brooks,Gamma,100514,N,Beta,quinn.silva@demomail.test,Liam Sloan,Y,4803,6916,7240,9200,N,,,,,Noted a concern to revisit at the next sync.,,alex.silva@sampleco.test,,Resolved the outstanding question about scope.,jordan.blake@demomail.test,quinn.brooks@sampleco.test,Y,,Scheduled a check-in for the coming month.,,,Beta,,,,2025-07-29 11:15:00,2887,8405,Standard,Delta,Other,Delta,6212,2683,8445,3421,9198,Delta,Omar Garcia,Marco Vance,2026-03-28 03:54:00,,6778,,,,,,,,,,,,
700557,100357,Resource Care,100555,Quarterly Review,Final,Y,Y,Aligned on billing and renewal terms.,100172,Omar Silva,N,,3.7,3.9,100469,N,6.1,How likely are you to continue the engagement?,Some concerns about turnaround time.,1.2,4.3,Standard,N,8.6,7.5,7.6,7.4,3.9,2.1,6.8,,,N,,100776,Alex Vance,2024-06-06 15:51:00,mei.haddad@sampleco.test,,2024-10-17 23:48:00,priya.silva@sampleco.test,,,,,mei.blake@demomail.test,Nina Okafor,reese.nguyen@examplecorp.test,Jordan Larsson,Alpha,100689,Y,Gamma,skyler.ford@examplecorp.test,Chen Cohen,N,961,6057,7275,1199,N,,,,,Shared the updated proposal for review.,,riley.ashby@demomail.test,,Discussed timeline and next steps with the account.,riley.blake@demomail.test,chen.ford@sampleco.test,N,Other,,,,,,,,2023-05-15 14:52:00,9438,1302,Standard,Other,Other,Delta,8626,9916,7477,4437,2039,Beta,Rahul Cohen,Quinn Sloan,2022-12-30 04:13:00,,,,,,,,,,,,,,
700558,100770,Customer Management,100307,Wellness Check-In,Final,N,N,Shared the updated proposal for review.,100462,Drew Mensah,Y,,2.2,3.6,100089,N,8.9,How likely are you to continue the engagement?,Happy with the progress.,8.9,6.7,Standard,Y,3.7,7.9,5.7,6.5,2.0,4.3,4.4,,,Y,,100332,Sofia Kim,2024-04-08 08:15:00,rahul.sato@examplecorp.test,,2026-06-01 00:11:00,riley.reyes@sampleco.test,,,,Taylor Mercer,nina.haddad@examplecorp.test,Jamie Silva,jamie.mercer@sampleco.test,Noah Rossi,Gamma,100415,Y,Gamma,alex.ashby@demomail.test,Drew Blake,N,1583,7847,6000,3062,N,,,,,Followed up on the open items from last week.,,alex.dorsey@sampleco.test,,Resolved the outstanding question about scope.,reese.silva@demomail.test,drew.kim@demomail.test,N,,,Delta,,,,,Standard,2024-01-19 00:10:00,6109,1795,Alpha,Delta,Beta,Delta,5332,689,9728,7605,1172,Beta,Morgan Haddad,Elena Garcia,2023-11-14 09:49:00,,,,,,,,,,,,,,
700559,100635,Resource Care,100471,Customer Success Check-In,Final,Y,N,Resolved the outstanding question about scope.,100273,Noah Costa,N,,1.3,6.5,100745,Y,3.6,Any concerns we should address?,Some concerns about turnaround time.,8.6,5.4,Alpha,N,5.5,3.4,3.2,9.3,7.8,3.5,8.4,,,N,,100299,Priya Blake,2024-03-16 19:17:00,chen.larsson@examplecorp.test,,2026-03-11 10:45:00,rowan.calder@acme-fake.test,,,,,riley.okafor@demomail.test,Marco Kim,jamie.kim@sampleco.test,Morgan Cohen,Gamma,100733,Y,Delta,marco.mercer@examplecorp.test,Emerson Sloan,Y,3228,3060,9298,2583,Y,,,,,Noted a concern to revisit at the next sync.,,morgan.vance@acme-fake.test,,Resolved the outstanding question about scope.,yara.kim@examplecorp.test,noah.sato@acme-fake.test,N,,,,,Gamma,,,,2024-05-02 23:38:00,62,5306,Beta,Beta,Gamma,Standard,6043,3902,6487,7449,8348,Gamma,Aisha Ford,Drew Ashby,2024-02-01 06:10:00,,,,,,,,6433,,,,,,
700560,100717,Customer Management,100634,Quarterly Review,Draft,N,N,Aligned on billing and renewal terms.,100542,Avery Sloan,Y,,3.4,5.2,100629,Y,3.8,How is communication with your team?,Very satisfied overall.,3.1,7.2,Other,Y,9.6,4.5,5.0,4.7,7.8,4.6,7.3,,,Y,,100286,Drew Dorsey,2025-07-10 15:14:00,diego.haddad@demomail.test,,2023-06-20 11:10:00,omar.whitfield@demomail.test,,,,,arjun.calder@examplecorp.test,Rahul Nguyen,reese.nguyen@demomail.test,Sofia Dorsey,Standard,100392,N,Alpha,priya.whitfield@demomail.test,Elena Sloan,N,2417,1313,323,9904,Y,,,,,Reviewed performance and gathered feedback.,Sofia Calder,quinn.larsson@examplecorp.test,,Noted a concern to revisit at the next sync.,omar.ford@demomail.test,priya.dorsey@examplecorp.test,N,,Shared the updated proposal for review.,,,,,,,2026-05-03 13:41:00,5896,4804,Other,Beta,Other,Standard,4925,5846,49,7171,3541,Standard,Noah Ashby,Taylor Whitfield,2026-03-22 17:27:00,,,,,,,,,,,,,,
700561,100700,Customer Management,100315,Wellness Check-In,Final,Y,N,Scheduled a check-in for the coming month.,100053,Taylor Ivanov,Y,,6.3,9.5,100503,Y,4.8,Any concerns we should address?,"Going well, minor tweaks needed.",2.2,4.1,Gamma,N,6.4,7.0,7.3,1.4,2.5,2.4,7.0,,,N,,100071,Nina Blake,2025-11-10 21:24:00,liam.mercer@demomail.test,,2024-12-03 16:10:00,fatima.rossi@acme-fake.test,,,Other,Yara Larsson,diego.sato@acme-fake.test,Avery Rossi,liam.reyes@demomail.test,Casey Sloan,Other,100579,Y,Beta,nina.mercer@acme-fake.test,Jamie Patel,Y,2608,4822,8067,2832,N,,,,,Scheduled a check-in for the coming month.,,priya.silva@sampleco.test,,Scheduled a check-in for the coming month.,sofia.cohen@acme-fake.test,elena.whitfield@sampleco.test,N,,Shared the updated proposal for review.,,Delta,,,,,2025-07-30 08:42:00,9517,4714,Alpha,Other,Other,Gamma,2584,5391,3435,9952,913,Delta,Sofia Ashby,Yara Vance,2025-12-10 21:52:00,1571,,,,,,,,,,,,,
700562,100185,Customer Management,100570,Wellness Check-In,Final,Y,Y,Scheduled a check-in for the coming month.,100193,Priya Ivanov,Y,,1.8,1.5,100650,Y,5.4,Are deliverables meeting expectations?,Happy with the progress.,9.7,8.0,Delta,N,6.8,7.7,1.7,2.5,9.6,2.3,8.9,,,Y,,100634,Sofia Whitfield,2025-02-21 11:16:00,jordan.silva@sampleco.test,,2023-03-02 18:22:00,noah.blake@examplecorp.test,Omar Blake,,,Riley Nguyen,nina.vance@demomail.test,Elena Mensah,casey.mensah@acme-fake.test,Nina Calder,Delta,100582,Y,Alpha,chen.kim@demomail.test,Liam Calder,N,1119,2670,7422,8090,Y,,,,,Reviewed performance and gathered feedback.,,skyler.haddad@sampleco.test,,Reviewed performance and gathered feedback.,reese.mensah@sampleco.test,marco.sloan@demomail.test,Y,,Noted a concern to revisit at the next sync.,Gamma,,,,,Delta,2024-03-24 17:04:00,6908,9404,Alpha,Delta,Alpha,Delta,6450,1916,1859,4424,9375,Delta,Morgan Vance,Morgan Kim,2025-01-08 16:50:00,,,,,,,,,3001,,,,,
700563,100756,Customer Management,100554,Quarterly Review,Final,N,N,Followed up on the open items from last week.,100043,Fatima Ivanov,Y,,4.3,1.0,100118,N,6.0,How is communication with your team?,Happy with the progress.,2.8,6.1,Beta,N,6.9,5.7,3.1,4.2,5.2,2.5,3.9,,,N,,100387,Sofia Mensah,2026-04-25 16:41:00,mei.mercer@acme-fake.test,,2024-07-18 13:38:00,priya.brooks@sampleco.test,,,Other,,diego.nguyen@sampleco.test,Liam Ashby,rowan.vance@acme-fake.test,Priya Whitfield,Standard,100675,N,Standard,quinn.haddad@demomail.test,Casey Brooks,N,6162,8960,2452,5000,N,,,,,Followed up on the open items from last week.,,priya.calder@sampleco.test,,Noted a concern to revisit at the next sync.,taylor.patel@examplecorp.test,sofia.kim@sampleco.test,Y,,,,,,Aisha Reyes,,,2024-07-17 10:08:00,6137,1698,Standard,Other,Alpha,Standard,4287,4633,5149,7309,9430,Delta,Casey Patel,Liam Mercer,2026-02-02 01:24:00,,,,,,,,,,,,,,
700564,100165,Customer Management,100651,Quarterly Review,Final,Y,N,Shared the updated proposal for review.,100325,Drew Vance,Y,,9.5,1.6,100007,Y,3.1,How satisfied are you with the service?,"Going well, minor tweaks needed.",7.9,1.5,Beta,N,6.9,8.1,2.9,9.0,7.7,3.5,9.7,,,Y,,100174,Reese Garcia,2024-01-03 06:17:00,noah.haddad@acme-fake.test,,2023-09-08 02:27:00,arjun.mercer@demomail.test,,,,Quinn Okafor,jordan.haddad@examplecorp.test,Sofia Nguyen,quinn.garcia@sampleco.test,Priya Ivanov,Gamma,100432,Y,Delta,chen.ashby@examplecorp.test,Drew Silva,N,755,3584,6031,6557,N,,,Delta,,Shared the updated proposal for review.,,marco.ivanov@sampleco.test,,Shared the updated proposal for review.,rowan.sloan@acme-fake.test,sofia.ashby@demomail.test,N,,,,,,Fatima Ford,Other,Gamma,2023-01-02 01:53:00,5527,9129,Alpha,Alpha,Delta,Alpha,1030,4796,8478,251,8145,Beta,Reese Calder,Jamie Cohen,2025-06-22 20:39:00,,,,,,,,,,7872,,,,
700565,100590,Resource Care,100528,Quarterly Review,Final,N,N,Reviewed performance and gathered feedback.,100211,Avery Cohen,Y,,2.6,1.5,100487,Y,6.3,Any concerns we should address?,Exceeding expectations.,4.8,3.1,Delta,N,1.2,8.1,1.9,1.1,3.1,5.3,2.7,,,N,,100273,Reese Reyes,2026-07-14 15:01:00,rowan.larsson@acme-fake.test,,2024-01-20 04:35:00,omar.ford@examplecorp.test,Riley Sloan,,,Omar Sloan,liam.mensah@sampleco.test,Casey Nguyen,taylor.ivanov@sampleco.test,Casey Reyes,Other,100149,Y,Beta,taylor.mercer@examplecorp.test,Omar Mensah,Y,9828,7901,9633,4843,N,Other,,,,Reviewed performance and gathered feedback.,Sofia Reyes,nina.dorsey@acme-fake.test,,Aligned on billing and renewal terms.,morgan.whitfield@demomail.test,marco.silva@demomail.test,Y,,,,Beta,,,Gamma,,2023-08-25 04:51:00,7842,9275,Beta,Gamma,Delta,Other,6171,7866,237,9141,9146,Beta,Diego Blake,Diego Ivanov,2025-01-06 20:54:00,,,,,,,,,,,,,,
700566,100196,Customer Management,100694,Customer Success Check-In,Final,Y,N,Reviewed performance and gathered feedback.,100196,Omar Cohen,Y,,9.5,5.5,100246,Y,5.2,How satisfied are you with the service?,Happy with the progress.,4.5,1.4,Other,Y,9.0,2.1,9.7,4.9,9.6,1.5,8.8,,,Y,,100128,Sofia Dorsey,2025-05-30 15:00:00,emerson.blake@acme-fake.test,,2025-09-30 20:42:00,arjun.brooks@sampleco.test,,,Delta,Avery Mercer,emerson.kim@examplecorp.test,Skyler Brooks,avery.ford@sampleco.test,Morgan Whitfield,Delta,100016,Y,Delta,morgan.ivanov@demomail.test,Drew Nguyen,Y,4504,6572,4572,8466,Y,,,,,Scheduled a check-in for the coming month.,,taylor.ivanov@sampleco.test,,Aligned on billing and renewal terms.,quinn.ashby@sampleco.test,liam.mensah@acme-fake.test,Y,Beta,Followed up on the open items from last week.,,,,,Standard,,2023-11-17 10:31:00,8194,219,Gamma,Delta,Other,Alpha,4000,5054,4085,5844,4961,Other,Diego Sloan,Rowan Cohen,2023-05-01 13:46:00,,,Other,,,,,,,,,,,
700567,100305,Resource Care,100200,Quarterly Review,Final,N,N,Reviewed performance and gathered feedback.,100042,Sofia Kim,N,,7.3,6.5,100689,Y,7.4,How is communication with your team?,"Neutral, watching closely.",8.6,1.7,Other,N,1.1,6.5,7.8,2.7,6.3,2.0,6.6,,,N,,100587,Jamie Reyes,2025-05-21 23:41:00,chen.costa@examplecorp.test,,2024-04-09 07:30:00,emerson.ivanov@examplecorp.test,Fatima Calder,,Delta,,riley.sato@examplecorp.test,Drew Garcia,quinn.vance@examplecorp.test,Rowan Nguyen,Other,100161,Y,Alpha,emerson.costa@sampleco.test,Liam Okafor,N,3433,5798,1456,2455,Y,,,,,Scheduled a check-in for the coming month.,,emerson.ashby@examplecorp.test,,Aligned on billing and renewal terms.,quinn.brooks@examplecorp.test,morgan.sato@examplecorp.test,Y,,,,,,,,Standard,2025-07-14 18:49:00,6322,2574,Gamma,Standard,Delta,Standard,6414,5111,6111,3751,4004,Other,Casey Garcia,Aisha Okafor,2024-08-25 08:56:00,,,,,,,,,,,,,,
700568,100737,Customer Management,100372,Customer Success Check-In,Final,N,N,Resolved the outstanding question about scope.,100604,Jordan Whitfield,N,,9.5,6.2,100640,N,5.2,How likely are you to continue the engagement?,Very satisfied overall.,1.8,2.2,Alpha,N,7.2,2.4,8.1,3.4,4.0,1.6,1.5,,,Y,,100436,Sofia Blake,2023-04-12 01:08:00,alex.brooks@acme-fake.test,,2024-02-11 14:43:00,alex.calder@demomail.test,,,Beta,,mei.patel@sampleco.test,Aisha Cohen,drew.okafor@demomail.test,Mei Mensah,Alpha,100619,Y,Beta,alex.cohen@acme-fake.test,Rahul Dorsey,N,4016,2063,6070,4385,N,,,,,Followed up on the open items from last week.,,skyler.vance@acme-fake.test,,Scheduled a check-in for the coming month.,omar.blake@sampleco.test,alex.calder@demomail.test,N,,,,Standard,,,Standard,,2024-11-24 01:27:00,3754,9078,Standard,Other,Other,Beta,9660,5792,2562,1635,6993,Other,Alex Whitfield,Marco Ivanov,2024-05-29 13:52:00,,,,,,,,,,,,,,
700569,100092,Resource Care,100471,Wellness Check-In,Final,N,N,Reviewed performance and gathered feedback.,100601,Marco Cohen,Y,,9.1,7.1,100121,Y,5.1,How satisfied are you with the service?,Happy with the progress.,3.7,9.7,Delta,Y,8.7,8.4,8.2,8.0,2.6,4.5,6.4,,,N,,100555,Marco Sloan,2026-03-31 03:15:00,riley.reyes@acme-fake.test,,2023-03-19 04:51:00,morgan.sato@sampleco.test,,,,,aisha.silva@demomail.test,Alex Larsson,emerson.brooks@examplecorp.test,Chen Blake,Alpha,100172,N,Gamma,elena.mensah@demomail.test,Yara Sloan,N,5944,5779,7278,3396,Y,,,,,Noted a concern to revisit at the next sync.,,reese.calder@sampleco.test,,Scheduled a check-in for the coming month.,avery.rossi@examplecorp.test,priya.garcia@examplecorp.test,N,,,,,,,,,2023-06-14 13:20:00,5595,389,Other,Beta,Beta,Other,9278,5640,1447,2200,6400,Other,Alex Silva,Aisha Mercer,2025-02-24 05:09:00,,,,,,,6307,,,,,,,
700570,100372,Customer Management,100152,Wellness Check-In,Draft,N,Y,Followed up on the open items from last week.,100094,Taylor Okafor,N,,9.3,5.8,100648,N,3.1,Any concerns we should address?,Happy with the progress.,5.2,7.9,Beta,N,6.0,8.9,8.7,8.6,4.0,6.5,7.0,,,Y,,100128,Sofia Blake,2024-03-07 21:04:00,fatima.vance@acme-fake.test,,2024-08-01 08:56:00,jordan.cohen@demomail.test,,,,,chen.garcia@demomail.test,Alex Cohen,alex.mensah@examplecorp.test,Liam Garcia,Delta,100470,Y,Beta,jordan.vance@examplecorp.test,Avery Nguyen,Y,1467,6138,4729,5918,Y,,,,,Aligned on billing and renewal terms.,,morgan.dorsey@sampleco.test,,Followed up on the open items from last week.,avery.ivanov@acme-fake.test,omar.sato@sampleco.test,Y,,,,,,,,,2026-02-12 02:04:00,1356,3019,Beta,Standard,Delta,Other,9329,5090,4436,392,2192,Gamma,Jordan Garcia,Marco Patel,2024-03-18 09:13:00,,,,,,,,,,,,,,
700571,100392,Customer Management,100386,Wellness Check-In,Final,N,Y,Followed up on the open items from last week.,100380,Emerson Mensah,Y,,1.9,4.5,100717,Y,7.8,How is communication with your team?,Some concerns about turnaround time.,4.1,6.4,Gamma,N,3.3,7.6,1.0,7.3,9.7,8.2,8.3,,,Y,,100162,Riley Cohen,2024-01-20 11:12:00,chen.blake@sampleco.test,,2025-02-08 09:56:00,chen.silva@acme-fake.test,,,,,liam.ashby@demomail.test,Rowan Vance,diego.silva@examplecorp.test,Skyler Sloan,Standard,100303,N,Beta,aisha.reyes@demomail.test,Reese Sato,Y,2140,7645,8795,4669,Y,,,,,Scheduled a check-in for the coming month.,,diego.reyes@examplecorp.test,,Scheduled a check-in for the coming month.,jamie.rossi@demomail.test,skyler.dorsey@examplecorp.test,Y,,,,,,,,,2023-07-16 11:20:00,1636,2305,Gamma,Beta,Standard,Standard,7230,6218,8889,6967,1443,Gamma,Rahul Ford,Mei Sato,2026-04-19 20:32:00,,,,Delta,,,,,,,,Delta,,
700572,100169,Customer Management,100040,Wellness Check-In,Final,Y,N,Followed up on the open items from last week.,100193,Emerson Cohen,N,,3.2,6.7,100558,N,1.5,How satisfied are you with the service?,"Going well, minor tweaks needed.",9.9,3.0,Gamma,N,9.0,5.6,3.8,9.4,6.5,6.6,5.3,,,Y,,100236,Casey Brooks,2025-08-26 16:16:00,jamie.dorsey@sampleco.test,,2023-02-17 15:44:00,alex.sato@examplecorp.test,,,,,casey.okafor@sampleco.test,Quinn Garcia,reese.nguyen@acme-fake.test,Aisha Ashby,Delta,100435,Y,Other,diego.rossi@demomail.test,Nina Calder,Y,3854,3568,1735,813,N,,,Alpha,,Noted a concern to revisit at the next sync.,,drew.garcia@demomail.test,,Aligned on billing and renewal terms.,reese.patel@demomail.test,avery.cohen@sampleco.test,Y,,,,Standard,,,,Alpha,2023-12-15 01:54:00,6408,4081,Delta,Gamma,Other,Standard,3648,1637,9285,9870,1424,Other,Casey Whitfield,Liam Whitfield,2023-02-23 11:40:00,,,,,,,,,,,,,,
700573,100420,Customer Management,100784,Customer Success Check-In,Final,Y,Y,Reviewed performance and gathered feedback.,100545,Avery Haddad,N,,3.9,5.3,100639,N,4.6,Are deliverables meeting expectations?,Happy with the progress.,1.2,7.0,Beta,N,1.2,2.3,1.1,2.3,6.0,9.1,5.8,,,Y,,100396,Noah Cohen,2023-09-04 18:15:00,rowan.rossi@demomail.test,,2026-06-25 14:01:00,arjun.nguyen@examplecorp.test,,,,,marco.calder@acme-fake.test,Priya Costa,alex.mercer@demomail.test,Avery Calder,Beta,100619,Y,Other,fatima.whitfield@examplecorp.test,Chen Silva,N,7581,7204,3858,8336,N,Gamma,,,,Aligned on billing and renewal terms.,,diego.brooks@sampleco.test,,Discussed timeline and next steps with the account.,reese.sato@sampleco.test,rahul.vance@sampleco.test,N,,,,,Delta,,,Alpha,2024-08-29 13:32:00,3663,2975,Gamma,Delta,Delta,Alpha,9445,2179,3047,5256,2008,Other,Jordan Mercer,Noah Calder,2026-05-20 02:40:00,7596,,,,,Alpha,,,,,,,Marco Silva,
700574,100761,Resource Care,100737,Quarterly Review,Final,N,Y,Scheduled a check-in for the coming month.,100758,Mei Garcia,N,,3.3,4.7,100606,N,8.0,Are deliverables meeting expectations?,Exceeding expectations.,10.0,5.0,Other,Y,3.7,1.7,3.8,7.3,8.9,2.3,6.7,,,N,,100061,Mei Ashby,2024-05-11 03:12:00,priya.blake@sampleco.test,,2023-08-04 09:06:00,emerson.brooks@demomail.test,Arjun Okafor,,Standard,Diego Nguyen,arjun.sato@acme-fake.test,Elena Mercer,diego.rossi@sampleco.test,Fatima Ivanov,Delta,100403,N,Standard,elena.vance@acme-fake.test,Yara Vance,N,3981,6132,4688,8701,N,,,,,Resolved the outstanding question about scope.,,emerson.brooks@acme-fake.test,,Discussed timeline and next steps with the account.,arjun.haddad@acme-fake.test,emerson.haddad@acme-fake.test,N,,,Gamma,,,,,,2026-05-11 23:43:00,6220,8818,Other,Alpha,Delta,Other,6948,58,8655,9061,4302,Standard,Emerson Rossi,Fatima Ivanov,2023-05-08 23:53:00,,,,,,,,,,,,,,
700575,100047,Resource Care,100624,Wellness Check-In,Final,Y,Y,Followed up on the open items from last week.,100718,Elena Sato,Y,,8.4,8.0,100468,N,6.8,How is communication with your team?,"Going well, minor tweaks needed.",9.4,8.3,Beta,Y,2.5,2.5,7.4,7.4,2.8,8.8,3.6,,,N,,100640,Aisha Reyes,2023-10-16 23:32:00,quinn.garcia@examplecorp.test,,2024-09-15 05:46:00,liam.okafor@demomail.test,,,,,avery.garcia@acme-fake.test,Arjun Cohen,jamie.rossi@sampleco.test,Sofia Mensah,Gamma,100050,N,Other,reese.calder@acme-fake.test,Jamie Costa,Y,251,116,8726,1265,Y,,,,,Followed up on the open items from last week.,,reese.ivanov@sampleco.test,,Resolved the outstanding question about scope.,taylor.mercer@sampleco.test,casey.sloan@acme-fake.test,Y,,,Delta,,,,,,2024-03-17 00:28:00,8292,7397,Alpha,Alpha,Other,Alpha,9494,426,4054,8121,5559,Gamma,Avery Nguyen,Marco Calder,2023-01-27 09:28:00,,,,,Beta,,,,,,,,,
700576,100288,Resource Care,100741,Wellness Check-In,Final,N,Y,Noted a concern to revisit at the next sync.,100369,Arjun Nguyen,N,,5.2,3.9,100550,N,8.5,How satisfied are you with the service?,Exceeding expectations.,4.3,7.1,Delta,Y,6.4,1.8,3.9,5.8,5.8,1.6,8.9,,,Y,,100786,Reese Cohen,2022-10-24 04:49:00,aisha.silva@acme-fake.test,,2025-09-05 04:24:00,skyler.sato@examplecorp.test,,,,,rowan.sloan@sampleco.test,Jamie Mensah,avery.mensah@examplecorp.test,Aisha Larsson,Other,100178,N,Other,casey.nguyen@demomail.test,Rahul Ivanov,N,3573,9733,2729,4788,Y,,,,,Followed up on the open items from last week.,,drew.blake@demomail.test,,Reviewed performance and gathered feedback.,liam.brooks@demomail.test,liam.dorsey@sampleco.test,Y,,Resolved the outstanding question about scope.,,,,Jamie Kim,,Gamma,2025-01-13 10:14:00,6829,1177,Standard,Gamma,Alpha,Other,913,5416,7026,3302,3078,Gamma,Mei Dorsey,Morgan Reyes,2024-10-09 05:51:00,,4977,,,,,,,,,,,,
700577,100595,Resource Care,100253,Wellness Check-In,Final,Y,Y,Shared the updated proposal for review.,100094,Chen Larsson,Y,,1.4,2.2,100704,N,4.2,Any concerns we should address?,Some concerns about turnaround time.,5.6,6.2,Other,N,7.4,1.6,6.0,5.0,6.2,6.1,9.8,,,N,,100771,Nina Reyes,2026-02-21 20:21:00,emerson.vance@demomail.test,,2023-02-06 06:28:00,nina.cohen@demomail.test,,,,Morgan Ashby,yara.vance@examplecorp.test,Jordan Mensah,mei.whitfield@examplecorp.test,Omar Mercer,Delta,100275,N,Other,elena.mensah@demomail.test,Aisha Ashby,Y,7570,1563,212,9759,N,,,,,Shared the updated proposal for review.,,nina.cohen@demomail.test,,Shared the updated proposal for review.,nina.blake@examplecorp.test,omar.brooks@examplecorp.test,Y,,,,,,Jordan Haddad,,,2025-08-29 12:25:00,3678,1222,Standard,Alpha,Delta,Other,2436,3327,1945,5547,8315,Delta,Noah Cohen,Yara Kim,2023-07-31 11:49:00,,,,,,,,,,,,,,
700578,100768,Customer Management,100038,Wellness Check-In,Final,Y,N,Followed up on the open items from last week.,100396,Chen Haddad,Y,,5.9,4.0,100779,N,8.7,How is communication with your team?,Happy with the progress.,4.5,4.0,Other,Y,9.6,5.1,8.5,1.9,8.7,5.1,8.0,,,Y,,100405,Reese Whitfield,2023-01-19 00:31:00,noah.larsson@sampleco.test,Taylor Whitfield,2025-05-09 20:54:00,taylor.larsson@acme-fake.test,Casey Kim,,Alpha,,omar.kim@sampleco.test,Drew Nguyen,jamie.dorsey@examplecorp.test,Diego Vance,Beta,100277,N,Beta,aisha.patel@examplecorp.test,Yara Ford,Y,4786,1075,5488,9454,Y,,,,,Noted a concern to revisit at the next sync.,,avery.brooks@examplecorp.test,,Scheduled a check-in for the coming month.,rahul.cohen@examplecorp.test,arjun.ford@sampleco.test,N,,,Beta,,,Diego Dorsey,,Other,2026-03-14 11:37:00,2600,4114,Alpha,Other,Other,Gamma,9591,7698,6024,8365,1863,Alpha,Sofia Kim,Taylor Vance,2023-10-17 06:12:00,,,,,,,,,,,,,,
700579,100697,Resource Care,100500,Wellness Check-In,Draft,N,N,Aligned on billing and renewal terms.,100082,Priya Ashby,N,,8.0,1.4,100735,N,1.7,How likely are you to continue the engagement?,Happy with the progress.,8.4,9.0,Alpha,N,8.9,2.8,9.9,5.0,8.3,1.4,9.2,,,Y,,100434,Priya Sato,2024-03-15 18:05:00,aisha.dorsey@demomail.test,,2024-06-14 00:33:00,reese.whitfield@examplecorp.test,,,,,rowan.ford@sampleco.test,Skyler Nguyen,nina.silva@acme-fake.test,Noah Patel,Standard,100707,N,Gamma,taylor.garcia@examplecorp.test,Jordan Patel,N,9515,155,6211,2157,Y,,,,,Followed up on the open items from last week.,,rahul.garcia@acme-fake.test,,Shared the updated proposal for review.,alex.larsson@demomail.test,jamie.costa@acme-fake.test,Y,Gamma,,,Beta,,,,,2023-12-14 04:46:00,2163,5583,Gamma,Gamma,Other,Standard,8057,865,4213,2762,6376,Delta,Nina Sato,Riley Costa,2026-06-24 22:58:00,,,,,,,,,,,,,,
700580,100264,Resource Care,100094,Wellness Check-In,Final,Y,Y,Followed up on the open items from last week.,100762,Emerson Nguyen,N,,8.2,2.2,100645,N,7.0,How satisfied are you with the service?,Very satisfied overall.,6.8,1.8,Other,N,3.0,8.1,7.2,5.9,5.1,7.8,5.1,,,N,,100047,Rowan Larsson,2023-05-25 08:27:00,chen.rossi@sampleco.test,,2023-06-21 23:37:00,avery.ashby@sampleco.test,Arjun Ivanov,,Delta,,emerson.larsson@acme-fake.test,Rowan Sloan,quinn.haddad@examplecorp.test,Jordan Mensah,Delta,100504,N,Delta,emerson.blake@examplecorp.test,Priya Brooks,N,5727,6077,4284,2936,Y,,,,,Scheduled a check-in for the coming month.,,arjun.dorsey@sampleco.test,,Followed up on the open items from last week.,casey.kim@acme-fake.test,noah.sloan@examplecorp.test,Y,Gamma,,,,,Riley Calder,,,2024-03-01 21:07:00,7119,3697,Beta,Beta,Gamma,Gamma,3761,2800,5811,5767,4790,Alpha,Emerson Sato,Casey Nguyen,2025-05-28 21:16:00,,,,,,,,,,,,,,
700581,100415,Customer Management,100322,Wellness Check-In,Final,N,Y,Resolved the outstanding question about scope.,100713,Marco Silva,Y,,3.0,4.8,100611,N,8.5,How likely are you to continue the engagement?,Very satisfied overall.,1.3,7.7,Other,N,7.4,1.3,1.1,3.4,8.7,3.4,3.4,,,Y,,100624,Riley Larsson,2025-03-20 16:17:00,emerson.ivanov@examplecorp.test,,2024-04-10 20:17:00,alex.rossi@demomail.test,Elena Larsson,,,,drew.vance@demomail.test,Marco Brooks,jordan.costa@acme-fake.test,Sofia Mercer,Delta,100263,N,Gamma,arjun.reyes@acme-fake.test,Mei Okafor,Y,2060,9778,6102,368,N,,,,,Followed up on the open items from last week.,,rowan.silva@acme-fake.test,,Reviewed performance and gathered feedback.,sofia.calder@demomail.test,aisha.sato@sampleco.test,N,Standard,,,,Alpha,,,,2024-09-20 09:26:00,7311,5761,Alpha,Gamma,Other,Other,1391,1905,5059,3846,3691,Alpha,Reese Calder,Morgan Larsson,2023-11-05 17:21:00,,,,,,,,,,,,,,
700582,100791,Resource Care,100525,Customer Success Check-In,Draft,N,Y,Scheduled a check-in for the coming month.,100753,Quinn Silva,Y,,5.5,8.7,100420,N,8.7,How likely are you to continue the engagement?,"Neutral, watching closely.",5.5,2.2,Delta,Y,9.1,2.7,7.9,1.9,6.9,7.8,4.9,,,N,,100106,Aisha Whitfield,2025-12-10 00:28:00,riley.ivanov@examplecorp.test,,2023-01-08 07:09:00,avery.ford@sampleco.test,Sofia Nguyen,,Gamma,,riley.mensah@examplecorp.test,Jamie Dorsey,diego.dorsey@examplecorp.test,Emerson Ford,Other,100739,Y,Alpha,riley.larsson@sampleco.test,Nina Dorsey,N,7242,6698,241,3038,Y,,,,,Resolved the outstanding question about scope.,,taylor.haddad@demomail.test,,Aligned on billing and renewal terms.,drew.blake@sampleco.test,liam.costa@acme-fake.test,N,Alpha,Noted a concern to revisit at the next sync.,Alpha,,,,,Gamma,2023-01-10 20:52:00,9312,5596,Alpha,Standard,Standard,Gamma,9154,7744,734,4756,1435,Other,Aisha Sato,Skyler Patel,2023-04-20 14:13:00,,,,,,,,,,,,,,
700583,100613,Customer Management,100165,Quarterly Review,Final,Y,N,Resolved the outstanding question about scope.,100694,Sofia Mensah,N,,4.0,2.8,100119,N,9.4,Are deliverables meeting expectations?,Very satisfied overall.,1.7,4.8,Standard,N,4.5,8.3,6.1,2.3,6.9,8.5,1.8,,,N,,100005,Avery Ford,2024-08-06 02:27:00,taylor.garcia@demomail.test,Emerson Rossi,2024-01-13 14:51:00,riley.mensah@demomail.test,Aisha Garcia,,Alpha,,nina.mensah@acme-fake.test,Casey Larsson,rahul.okafor@examplecorp.test,Morgan Blake,Alpha,100332,N,Standard,alex.larsson@acme-fake.test,Fatima Vance,N,8937,4567,2632,974,N,,,,,Aligned on billing and renewal terms.,,quinn.sloan@acme-fake.test,,Resolved the outstanding question about scope.,aisha.dorsey@examplecorp.test,marco.dorsey@sampleco.test,Y,,,,,,,,,2025-11-08 00:30:00,6422,9958,Alpha,Gamma,Delta,Gamma,9043,9018,804,2349,4156,Beta,Omar Rossi,Jordan Sato,2026-07-19 04:11:00,,,,,,,,,,,,,,
700584,100365,Resource Care,100579,Customer Success Check-In,Final,N,N,Followed up on the open items from last week.,100328,Alex Cohen,Y,,2.8,1.3,100559,N,9.9,How is communication with your team?,Some concerns about turnaround time.,10.0,9.2,Alpha,N,4.7,6.2,3.4,8.4,5.5,6.5,1.8,,,N,,100191,Diego Sloan,2025-02-01 21:53:00,sofia.mensah@examplecorp.test,,2025-06-03 18:56:00,jamie.ashby@acme-fake.test,,,,Yara Nguyen,marco.ashby@acme-fake.test,Aisha Haddad,mei.ivanov@sampleco.test,Aisha Nguyen,Delta,100401,N,Gamma,riley.dorsey@sampleco.test,Arjun Garcia,Y,2939,7655,865,9438,Y,,,,,Noted a concern to revisit at the next sync.,,quinn.sloan@acme-fake.test,,Followed up on the open items from last week.,elena.nguyen@demomail.test,jamie.garcia@examplecorp.test,N,,Shared the updated proposal for review.,Standard,,,,,,2025-12-20 18:30:00,2513,4488,Other,Standard,Other,Beta,6396,5502,7439,7575,3130,Alpha,Casey Ivanov,Rowan Sloan,2024-02-21 01:39:00,,,,,,,,,,,,,,
700585,100257,Customer Management,100476,Wellness Check-In,Final,N,Y,Followed up on the open items from last week.,100634,Fatima Silva,N,,8.0,2.7,100182,N,2.5,Any concerns we should address?,Some concerns about turnaround time.,5.8,6.3,Delta,Y,7.6,5.0,5.6,8.7,8.9,4.6,4.7,,,Y,,100671,Rowan Okafor,2023-02-10 01:55:00,fatima.costa@demomail.test,,2022-10-11 20:01:00,nina.ford@demomail.test,,,Standard,,jordan.blake@acme-fake.test,Liam Rossi,arjun.silva@sampleco.test,Chen Reyes,Other,100645,N,Other,chen.blake@acme-fake.test,Quinn Blake,N,4809,9950,8852,7673,N,,,,,Noted a concern to revisit at the next sync.,,aisha.mensah@examplecorp.test,,Discussed timeline and next steps with the account.,casey.sato@examplecorp.test,chen.ashby@sampleco.test,Y,,,,,Other,,,,2023-06-04 12:38:00,8706,815,Delta,Delta,Beta,Delta,4692,2483,5279,8015,3113,Delta,Elena Sloan,Marco Brooks,2023-06-09 08:11:00,,,,,,,,,,,,,,
700586,100672,Resource Care,100098,Customer Success Check-In,Final,N,N,Scheduled a check-in for the coming month.,100599,Diego Sloan,N,,3.7,8.1,100134,N,1.1,How likely are you to continue the engagement?,"Going well, minor tweaks needed.",7.3,5.7,Other,N,7.8,7.1,8.9,9.6,5.7,7.8,9.6,,,N,,100629,Aisha Okafor,2026-01-26 03:10:00,chen.sato@sampleco.test,Rahul Okafor,2023-04-15 04:06:00,casey.costa@acme-fake.test,,,,,sofia.blake@examplecorp.test,Jamie Sato,elena.silva@sampleco.test,Noah Ford,Gamma,100273,N,Standard,casey.okafor@examplecorp.test,Rowan Nguyen,Y,8887,2112,6304,8046,Y,,,,,Noted a concern to revisit at the next sync.,,casey.mensah@sampleco.test,,Scheduled a check-in for the coming month.,skyler.garcia@examplecorp.test,alex.mercer@sampleco.test,N,,Discussed timeline and next steps with the account.,Delta,,,,,,2023-01-16 22:37:00,3495,4769,Standard,Standard,Beta,Beta,5444,6342,5889,4231,8358,Delta,Omar Calder,Marco Calder,2025-10-29 15:55:00,,,,,,,,,,,,,,
700587,100604,Resource Care,100468,Quarterly Review,Draft,N,N,Scheduled a check-in for the coming month.,100016,Noah Nguyen,N,,7.8,4.5,100183,Y,6.6,How is communication with your team?,Happy with the progress.,2.2,5.1,Standard,Y,3.4,6.2,8.5,4.4,9.9,2.1,5.3,,,N,,100382,Jordan Cohen,2023-08-18 18:14:00,sofia.okafor@acme-fake.test,,2023-01-11 17:01:00,omar.silva@examplecorp.test,,,,,liam.kim@examplecorp.test,Omar Rossi,casey.ford@sampleco.test,Liam Okafor,Alpha,100503,Y,Gamma,taylor.mercer@acme-fake.test,Reese Kim,N,1432,34,2849,1697,Y,,,,,Followed up on the open items from last week.,Priya Vance,reese.reyes@demomail.test,,Noted a concern to revisit at the next sync.,emerson.vance@sampleco.test,avery.patel@demomail.test,Y,,,Delta,,,,,,2024-10-16 17:38:00,9362,498,Alpha,Gamma,Beta,Gamma,5465,1348,4449,1144,9632,Gamma,Skyler Silva,Aisha Garcia,2025-01-15 12:57:00,,,,,Other,,,,,,,,,
700588,100700,Customer Management,100038,Quarterly Review,Final,Y,Y,Scheduled a check-in for the coming month.,100446,Arjun Ivanov,N,,8.7,1.9,100252,N,6.7,How satisfied are you with the service?,Some concerns about turnaround time.,4.0,7.8,Gamma,Y,5.9,7.8,5.1,2.3,7.8,5.0,8.3,,,N,,100340,Rahul Okafor,2023-01-30 10:26:00,rowan.rossi@demomail.test,,2025-01-14 08:19:00,diego.nguyen@examplecorp.test,,,,,emerson.mercer@acme-fake.test,Aisha Garcia,mei.larsson@demomail.test,Riley Blake,Beta,100439,N,Standard,jamie.rossi@sampleco.test,Rahul Ivanov,N,5913,5369,9479,8947,Y,,,,,Noted a concern to revisit at the next sync.,,reese.ford@examplecorp.test,,Resolved the outstanding question about scope.,rahul.sloan@examplecorp.test,yara.rossi@sampleco.test,N,,,,,,,,,2023-05-28 02:03:00,3718,7751,Standard,Beta,Delta,Standard,742,2242,1495,2517,1807,Gamma,Reese Costa,Chen Vance,2023-10-20 08:26:00,,,,,,,,,,,,,,
700589,100713,Resource Care,100003,Quarterly Review,Final,Y,N,Discussed timeline and next steps with the account.,100043,Marco Sloan,N,,2.4,5.4,100532,N,1.8,How likely are you to continue the engagement?,"Neutral, watching closely.",7.3,7.8,Standard,N,4.1,7.8,2.6,7.6,1.5,9.8,5.9,,,Y,,100275,Fatima Larsson,2026-03-27 14:08:00,quinn.nguyen@acme-fake.test,,2025-07-20 15:36:00,morgan.mercer@demomail.test,,,Standard,,jordan.patel@acme-fake.test,Arjun Haddad,rahul.silva@demomail.test,Taylor Ivanov,Delta,100718,N,Beta,mei.kim@acme-fake.test,Priya Sloan,Y,3717,897,2227,708,Y,,,,,Aligned on billing and renewal terms.,,avery.nguyen@demomail.test,,Scheduled a check-in for the coming month.,quinn.ford@examplecorp.test,chen.haddad@acme-fake.test,N,,,,Other,Gamma,,,,2022-10-30 07:08:00,9694,2009,Standard,Alpha,Beta,Alpha,2085,3064,7469,9248,8363,Other,Fatima Mensah,Sofia Ivanov,2023-09-25 16:16:00,,,,Standard,,,,,,,,,,
700590,100699,Customer Management,100733,Wellness Check-In,Final,Y,Y,Noted a concern to revisit at the next sync.,100747,Sofia Rossi,N,,5.0,8.1,100593,Y,3.6,How likely are you to continue the engagement?,"Neutral, watching closely.",9.2,6.7,Gamma,Y,7.6,3.7,7.8,8.5,3.2,8.4,7.2,,,Y,,100454,Noah Rossi,2023-01-17 12:05:00,nina.mensah@sampleco.test,,2023-05-25 20:06:00,mei.ashby@examplecorp.test,,,,,arjun.rossi@sampleco.test,Emerson Costa,quinn.whitfield@acme-fake.test,Chen Mercer,Beta,100535,N,Other,noah.rossi@examplecorp.test,Alex Vance,N,7180,8582,1527,9620,Y,,,,,Discussed timeline and next steps with the account.,,arjun.calder@examplecorp.test,,Followed up on the open items from last week.,mei.garcia@examplecorp.test,riley.patel@demomail.test,N,,Discussed timeline and next steps with the account.,Alpha,,Delta,Jamie Kim,Gamma,,2024-06-08 23:24:00,4908,289,Gamma,Delta,Alpha,Standard,2416,2044,6578,446,2608,Beta,Diego Kim,Taylor Ashby,2024-06-22 19:59:00,,,,,,,,,,,,,,
700591,100495,Resource Care,100717,Customer Success Check-In,Final,N,N,Shared the updated proposal for review.,100226,Diego Rossi,N,,1.5,5.1,100204,N,1.5,How likely are you to continue the engagement?,Exceeding expectations.,1.6,4.4,Beta,N,3.8,3.9,7.6,2.1,7.7,9.9,7.3,,,Y,,100214,Noah Costa,2026-02-02 22:45:00,casey.kim@sampleco.test,,2023-01-12 10:31:00,casey.haddad@acme-fake.test,,,Beta,,sofia.cohen@demomail.test,Elena Haddad,mei.sato@examplecorp.test,Alex Nguyen,Beta,100203,N,Beta,sofia.ford@acme-fake.test,Mei Silva,Y,1811,1621,9012,2538,N,,,,,Discussed timeline and next steps with the account.,,jordan.haddad@examplecorp.test,,Scheduled a check-in for the coming month.,quinn.dorsey@acme-fake.test,casey.kim@acme-fake.test,N,,Discussed timeline and next steps with the account.,Delta,Standard,,,,,2024-10-09 16:35:00,5096,5293,Delta,Delta,Beta,Gamma,6564,8458,7464,8561,6847,Alpha,Aisha Rossi,Jordan Cohen,2025-07-28 07:00:00,,,,,,,,7356,,,,,,
700592,100278,Customer Management,100741,Customer Success Check-In,Final,N,Y,Reviewed performance and gathered feedback.,100700,Diego Blake,N,,2.1,9.7,100448,N,8.3,How likely are you to continue the engagement?,"Neutral, watching closely.",9.1,2.7,Standard,N,9.5,3.9,7.9,8.0,4.7,8.2,5.6,,,N,,100169,Jamie Nguyen,2022-11-08 11:18:00,sofia.whitfield@acme-fake.test,,2022-12-25 20:33:00,rowan.ivanov@sampleco.test,Avery Sloan,,,,riley.dorsey@sampleco.test,Noah Whitfield,drew.larsson@acme-fake.test,Jamie Nguyen,Gamma,100221,N,Gamma,avery.reyes@sampleco.test,Fatima Haddad,N,5126,6626,5123,2329,N,,,,,Aligned on billing and renewal terms.,,avery.haddad@acme-fake.test,,Resolved the outstanding question about scope.,fatima.ivanov@acme-fake.test,emerson.mensah@sampleco.test,N,Other,,,,,,Other,Beta,2025-06-07 16:46:00,1705,5146,Gamma,Standard,Alpha,Alpha,9287,5,3817,5730,2043,Other,Emerson Cohen,Chen Haddad,2024-11-19 00:46:00,,,Gamma,,,,,,,,,,,
700593,100470,Resource Care,100298,Customer Success Check-In,Final,N,Y,Shared the updated proposal for review.,100174,Elena Brooks,N,,5.6,9.9,100295,Y,2.2,How likely are you to continue the engagement?,Happy with the progress.,3.6,3.8,Beta,N,6.6,3.5,9.5,1.3,7.6,8.2,2.5,,,Y,,100702,Avery Silva,2023-02-13 09:06:00,reese.sato@sampleco.test,,2024-10-11 18:30:00,rowan.whitfield@examplecorp.test,,,,,taylor.brooks@acme-fake.test,Aisha Ivanov,sofia.haddad@acme-fake.test,Sofia Whitfield,Alpha,100576,Y,Delta,jamie.dorsey@acme-fake.test,Fatima Cohen,Y,8539,1447,3826,4826,N,,,,,Aligned on billing and renewal terms.,,skyler.mensah@sampleco.test,,Discussed timeline and next steps with the account.,sofia.sloan@examplecorp.test,chen.sloan@examplecorp.test,N,,Reviewed performance and gathered feedback.,Standard,,,,Beta,,2025-06-01 11:18:00,7084,5846,Gamma,Delta,Beta,Delta,2406,7453,6638,7544,8358,Gamma,Arjun Ford,Sofia Dorsey,2022-10-08 11:36:00,,,,,,,,,,,,,,
700594,100775,Resource Care,100519,Quarterly Review,Final,Y,N,Scheduled a check-in for the coming month.,100689,Omar Larsson,N,,7.5,6.8,100606,N,7.5,Any concerns we should address?,Very satisfied overall.,9.1,4.2,Delta,N,9.5,6.5,1.3,4.5,2.8,7.7,7.6,,,N,,100454,Nina Cohen,2025-01-09 19:28:00,mei.haddad@sampleco.test,,2024-05-03 19:35:00,omar.mercer@examplecorp.test,,,,Mei Cohen,omar.kim@demomail.test,Casey Dorsey,fatima.ivanov@examplecorp.test,Diego Vance,Beta,100005,Y,Delta,mei.brooks@demomail.test,Rahul Nguyen,Y,6976,5035,9664,6321,Y,,,,,Aligned on billing and renewal terms.,,chen.vance@sampleco.test,,Discussed timeline and next steps with the account.,morgan.mensah@acme-fake.test,noah.rossi@sampleco.test,N,Standard,,,,,,,,2025-04-16 00:25:00,5677,3569,Alpha,Gamma,Beta,Other,3950,6774,1597,7072,9389,Standard,Drew Kim,Yara Nguyen,2023-07-23 12:54:00,,,,,,,,,,,,,,
700595,100686,Customer Management,100791,Quarterly Review,Draft,Y,N,Shared the updated proposal for review.,100005,Alex Brooks,N,,2.2,9.9,100590,N,9.0,How likely are you to continue the engagement?,"Going well, minor tweaks needed.",5.6,6.2,Gamma,N,8.1,5.9,6.5,1.4,8.2,7.9,9.8,,,Y,,100458,Chen Rossi,2022-11-28 09:24:00,nina.okafor@sampleco.test,,2025-03-31 12:37:00,jordan.calder@demomail.test,,,,,mei.cohen@sampleco.test,Jordan Vance,quinn.cohen@sampleco.test,Rowan Blake,Standard,100753,Y,Other,diego.sato@demomail.test,Jamie Whitfield,N,8528,6876,7221,5419,Y,,,,,Reviewed performance and gathered feedback.,,fatima.larsson@acme-fake.test,,Followed up on the open items from last week.,jamie.sloan@examplecorp.test,emerson.dorsey@acme-fake.test,N,,,,Beta,Gamma,,,,2026-06-10 05:47:00,7936,8795,Beta,Beta,Standard,Other,3295,8171,4107,6071,220,Beta,Riley Ford,Arjun Silva,2023-08-31 11:04:00,,,,,,,,,,,,,,
700596,100264,Customer Management,100473,Customer Success Check-In,Final,N,N,Shared the updated proposal for review.,100782,Skyler Ford,N,,4.7,8.1,100669,N,8.6,How satisfied are you with the service?,"Neutral, watching closely.",3.8,5.8,Gamma,Y,1.2,4.2,7.5,1.5,1.7,5.0,4.4,,,Y,,100532,Omar Ivanov,2024-06-20 21:06:00,priya.sloan@demomail.test,,2024-04-09 21:33:00,reese.dorsey@examplecorp.test,,,,,arjun.whitfield@examplecorp.test,Jamie Ford,noah.sato@demomail.test,Drew Costa,Gamma,100357,Y,Other,drew.mensah@demomail.test,Riley Sato,Y,3362,1301,7544,968,Y,,,,Other,Followed up on the open items from last week.,,omar.nguyen@sampleco.test,,Noted a concern to revisit at the next sync.,quinn.sato@examplecorp.test,reese.larsson@demomail.test,Y,Alpha,,,,Beta,,,Delta,2026-07-17 22:23:00,9160,9885,Standard,Gamma,Beta,Delta,227,8721,4149,4694,7354,Delta,Rowan Cohen,Liam Sato,2023-11-20 05:09:00,,,,,,,,,,,,,,
700597,100128,Resource Care,100133,Customer Success Check-In,Final,N,N,Resolved the outstanding question about scope.,100398,Liam Mercer,N,,6.8,5.1,100512,Y,4.5,Are deliverables meeting expectations?,Exceeding expectations.,9.6,2.4,Alpha,Y,3.9,9.0,5.3,5.0,4.3,8.1,5.8,,,Y,,100578,Quinn Mensah,2024-04-27 12:10:00,jordan.larsson@examplecorp.test,,2023-11-01 14:59:00,priya.nguyen@examplecorp.test,,,Alpha,,chen.mercer@sampleco.test,Fatima Blake,diego.reyes@examplecorp.test,Arjun Mensah,Gamma,100317,Y,Other,fatima.calder@demomail.test,Elena Larsson,N,5283,438,8092,1549,N,,,,,Reviewed performance and gathered feedback.,,jamie.patel@sampleco.test,,Resolved the outstanding question about scope.,casey.okafor@acme-fake.test,noah.reyes@demomail.test,N,Beta,,,,,Taylor Nguyen,Gamma,,2024-08-30 03:11:00,9284,6233,Other,Beta,Alpha,Delta,7037,3046,3491,6982,2921,Gamma,Mei Silva,Quinn Whitfield,2023-07-02 21:27:00,,,,,,,,,,,,,,
700598,100096,Customer Management,100169,Customer Success Check-In,Final,N,N,Noted a concern to revisit at the next sync.,100161,Chen Garcia,Y,,2.2,8.2,100595,N,7.5,Are deliverables meeting expectations?,Very satisfied overall.,4.1,3.0,Alpha,N,6.7,8.1,8.8,4.9,6.4,1.2,8.2,,,Y,,100745,Liam Ford,2023-08-10 10:29:00,reese.okafor@examplecorp.test,,2024-08-19 15:32:00,skyler.reyes@demomail.test,,,,,jamie.mercer@sampleco.test,Rowan Dorsey,skyler.mensah@acme-fake.test,Nina Costa,Gamma,100161,N,Alpha,alex.calder@examplecorp.test,Mei Ivanov,N,3629,4125,1373,3463,Y,,Standard,,,Aligned on billing and renewal terms.,,reese.ivanov@examplecorp.test,,Discussed timeline and next steps with the account.,aisha.sloan@demomail.test,diego.whitfield@examplecorp.test,Y,,,,,,Priya Vance,,,2026-04-05 05:37:00,5686,1581,Standard,Delta,Alpha,Other,7029,6978,1302,5826,8189,Other,Diego Mensah,Omar Brooks,2024-11-13 17:06:00,,,,,,,,,,,,,,
700599,100062,Customer Management,100776,Wellness Check-In,Final,N,Y,Reviewed performance and gathered feedback.,100686,Aisha Costa,Y,,5.3,3.2,100451,N,9.4,Are deliverables meeting expectations?,Very satisfied overall.,3.4,5.0,Alpha,N,4.7,7.2,7.1,7.9,2.0,5.1,10.0,,,Y,,100086,Taylor Rossi,2025-04-17 08:48:00,rahul.dorsey@examplecorp.test,,2025-02-23 02:43:00,elena.silva@sampleco.test,,,Delta,,skyler.patel@acme-fake.test,Chen Nguyen,arjun.rossi@acme-fake.test,Reese Mensah,Other,100647,N,Other,nina.sloan@examplecorp.test,Fatima Okafor,N,3353,8716,3064,7110,Y,,,,,Noted a concern to revisit at the next sync.,,rahul.mensah@acme-fake.test,,Followed up on the open items from last week.,priya.okafor@demomail.test,nina.ashby@examplecorp.test,Y,,Resolved the outstanding question about scope.,,,Gamma,,,,2025-08-02 19:40:00,5727,6549,Beta,Alpha,Delta,Beta,8642,5182,470,1683,2949,Gamma,Morgan Sloan,Taylor Sato,2026-01-27 05:11:00,7302,,,,,,,,,,952,,,
700600,100365,Resource Care,100587,Customer Success Check-In,Final,Y,N,Aligned on billing and renewal terms.,100587,Riley Sloan,Y,,4.0,4.0,100250,Y,7.5,Are deliverables meeting expectations?,Very satisfied overall.,5.3,3.6,Alpha,N,2.8,8.2,9.6,2.3,9.8,9.3,2.8,,,N,,100448,Emerson Sloan,2023-08-23 12:44:00,jordan.sloan@demomail.test,,2026-03-30 07:17:00,rahul.rossi@demomail.test,Rowan Brooks,,,Liam Mensah,alex.ford@sampleco.test,Fatima Ivanov,reese.sato@demomail.test,Aisha Patel,Beta,100087,Y,Other,mei.brooks@sampleco.test,Casey Okafor,N,5155,8593,2159,3201,N,,,,,Resolved the outstanding question about scope.,,rahul.rossi@examplecorp.test,,Noted a concern to revisit at the next sync.,elena.larsson@sampleco.test,fatima.kim@acme-fake.test,N,Gamma,Discussed timeline and next steps with the account.,,,,Diego Mercer,,,2025-02-10 15:01:00,2928,2569,Alpha,Gamma,Alpha,Beta,6158,2425,7926,8408,7897,Delta,Avery Garcia,Jordan Ashby,2024-02-04 02:38:00,,,,,,,,,,,,,,
