Entity_Type_ID,Entity_Type_Name,Entity_ID,Owned_by_SAM,Owned_by_Display_Name,Own_Datetime,Created_by_SAM,Created_by_Display_Name,Created_Datetime,Modified_by_Sam,Modified_by_Display_Name,Modified_Datetime,Assigned_to_Sam,Assigned_to_Display_Name,Assign_Datetime,Is_Active,OPPORTUNITY_NAME,OPPORTUNITY_TYPE,OPPORTUNITY_TYPE_EXD_OBJECT_ID,OPPORTUNITY_STAGE,OPPORTUNITY_STAGE_EXD_OBJECT_ID,EXPECTED_CLOSE_DATE,COMPANY,COMPANY_EXD_OBJECT_ID,CONTACT,CONTACT_EXD_OBJECT_ID,INDUSTRY,EIN_NUMBER,NAICS_CODE,LEAD_SOURCE,LEAD_SOURCE_EXD_OBJECT_ID,STATUS,WEBSITE,CONTACT_PHONE_NUMBER,COMPANY_WEBSITE,ACTIVITY_DUE_DATE,MARKET,MARKET_EXD_OBJECT_ID,LEAD_TYPE,LEAD_TYPE_EXD_OBJECT_ID,CONTACT_TITLE,ARR_AMOUNT,LOCATION,LOCATION_EXD_OBJECT_ID,MRR_AMOUNT,NUMBER_OF_RESOURCES,SALES_REPRESENTATIVE,SALES_REPRESENTATIVE_EXD_OBJECT_ID,INDUSTRY_EXD_OBJECT_ID,POTENTIAL_NEED,POTENTIAL_NEED_EXD_OBJECT_ID,DYNAMIC_TEMPLATE,DYNAMIC_TEMPLATE_EXD_OBJECT_ID,PROJECTED_INVESTMENT,PROJECTED_REVENUE,REFERRAL_COMPANY_S_,REFERRAL_COMPANY_S__EXD_OBJECT_ID,JOB_TITLE,JOB_TITLE_EXD_OBJECT_ID,REFERRAL_PARTNER,NEED_SUPPORT_FROM_PARTNER,REFERRAL_PARTNER_EXD_OBJECT_ID,DISCOVERY_CALL,COMPANY_CATEGORY,COMPANY_CATEGORY_EXD_OBJECT_ID,DATE_OF_DISCOVERY_CALL_HELD,DATE_OF_DISCOVERY_CALL_SCHEDULED,DATE_OF_FIRST_INTERVIEW_HELD,SALES_DEVELOPMENT_AGENT,SALES_DEVELOPMENT_AGENT_EXD_OBJECT_ID,SERVICE_CATEGORY,SERVICE_CATEGORY_EXD_OBJECT_ID,REFERRING_COMPANY,REFERRING_COMPANY_EXD_OBJECT_ID,REFERRING_CONTACT,REFERRING_CONTACT_EXD_OBJECT_ID
100140,Opportunity,104883,noah.ashby@sampleco.test,Quinn Silva,2024-05-23 06:40:00,fatima.ford@sampleco.test,Fatima Costa,2022-12-17 04:58:00,noah.sloan@demomail.test,Rowan Okafor,2024-10-09 20:29:00,jamie.ashby@examplecorp.test,,2025-02-28 04:46:00,N,Lakeside Partners LLC - Back Office,,100529,Qualification,100205,,LOT-1913,100256,REF-2333,,,,,Webinar,100296,Active,,,,,,,,,,,Standard,,"30,977",,Aisha Mercer,,,LOT-7946,,New Logo,100383,,,,100149,,100134,,,,,Active Customer,100392,,,,,,Recruiting,,,100481,,102321
100765,Opportunity,104885,rowan.whitfield@demomail.test,Nina Nguyen,2025-03-10 02:27:00,rahul.rossi@demomail.test,Aisha Silva,2026-06-07 10:58:00,fatima.calder@demomail.test,Quinn Whitfield,2024-01-04 21:02:00,diego.mensah@examplecorp.test,,2026-05-18 21:15:00,N,Meridian Health Corp - Payroll,,100570,Negotiation,100137,,TAG-7474,100453,LOT-9945,102525,,,,Webinar,100428,Active,,,,,,100675,,,,"200,374",Beta,100320,"37,560",,Yara Whitfield,101051,,LOT-2279,100730,Renewal,100188,,,,100315,,100745,,,100229,,Prospect,100028,,,,,,Offshore Team,100162,,100461,,104867
100688,Opportunity,104888,rahul.vance@demomail.test,Jordan Calder,2022-11-01 07:42:00,jordan.kim@sampleco.test,Rowan Reyes,2026-06-12 00:04:00,jamie.dorsey@acme-fake.test,Omar Blake,2024-05-26 02:16:00,liam.brooks@demomail.test,,2022-10-14 17:27:00,N,Harbor Logistics Corp - Recruiting,,100453,Negotiation,100673,TAG-4893,LOT-7934,100269,REF-6046,104361,,,,Inbound Call,,Active,,,,,,,,100768,,"35,359",,,"6,120",3570,Sofia Silva,,100675,,100566,Enterprise,,,,,100156,,,,,100545,,Prospect,100359,,,,,,Offshore Team,100246,,100236,,102921
100648,Opportunity,104891,liam.rossi@examplecorp.test,Skyler Costa,2026-05-28 03:11:00,jamie.kim@acme-fake.test,Marco Brooks,2022-11-05 08:17:00,sofia.whitfield@demomail.test,Emerson Reyes,2022-11-06 20:44:00,mei.cohen@examplecorp.test,,2023-06-04 20:20:00,N,Ironwood Media Corp - Managed Services,,,Proposal Sent,100263,REF-8079,LOT-2838,100330,REF-6301,103554,,,,Website,,Active,,,,,,100460,,,,"485,626",Alpha,100632,,904,Marco Cohen,,100096,REF-8767,100349,Standard,100471,,,,100632,,,Other,,100733,,Active Customer,100786,,,,,100319,Consulting,,,100747,,
100519,Opportunity,104892,fatima.garcia@acme-fake.test,Jamie Sato,2023-05-10 01:24:00,jamie.silva@sampleco.test,Alex Sato,2025-04-27 02:31:00,rowan.calder@acme-fake.test,Reese Mensah,2024-06-02 10:42:00,skyler.ashby@examplecorp.test,,2025-02-17 12:11:00,N,Granite Retail Corp - Managed Services,,,Discovery,100660,REF-3401,SKU-2964,100471,TAG-8253,102799,,,,Event,100352,Active,,,,,,100669,,100082,,"221,336",,100423,"12,075",,Drew Reyes,,100320,SKU-8954,,New Logo,,,,,100714,,100345,,,100319,,Prospect,100542,,,,,,Back Office,100611,,100058,,103324
100288,Opportunity,104893,jamie.silva@acme-fake.test,Elena Okafor,2023-02-16 22:52:00,liam.mensah@demomail.test,Marco Patel,2026-03-05 11:28:00,marco.larsson@examplecorp.test,Reese Larsson,2024-08-15 18:55:00,morgan.mercer@demomail.test,,2025-05-09 14:52:00,Y,Atlas Logistics LLC - Offshore Team,,100383,Discovery,100790,,SKU-7833,100784,LOT-1151,103539,,,,Event,,Active,,,,,,100058,,100068,,"337,889",,,"25,036",5672,Chen Mercer,101333,100747,SKU-9355,,Renewal,,,,,100215,,,,,100244,,Prospect,100362,,,,,100429,Back Office,100182,,100635,,
100246,Opportunity,104896,aisha.silva@acme-fake.test,Morgan Reyes,2024-01-20 00:04:00,arjun.blake@acme-fake.test,Skyler Vance,2024-11-23 15:03:00,casey.silva@examplecorp.test,Liam Calder,2025-09-17 13:08:00,riley.reyes@demomail.test,,2024-06-10 05:24:00,Y,Everest Robotics LLP - Consulting,,,Closed Lost,100043,SKU-3270,REF-1826,100286,LOT-2023,103619,,,,Webinar,100568,Inactive,,,,,,100733,,100624,,,Standard,100765,"37,310",,Jordan Sato,,,SKU-2503,100208,Renewal,100038,,,,100134,,100012,Gamma,,100098,,Active Customer,100632,,,,,100177,Offshore Team,100665,,100470,,103437
100147,Opportunity,104899,casey.okafor@acme-fake.test,Morgan Patel,2026-03-19 09:07:00,noah.calder@sampleco.test,Jordan Ford,2023-05-26 18:08:00,omar.mercer@sampleco.test,Aisha Mensah,2026-07-22 05:44:00,avery.larsson@sampleco.test,Liam Haddad,2025-10-29 07:55:00,N,Ironwood Textiles Ltd - Back Office,,,Discovery,100686,TAG-8942,SKU-5508,100672,TAG-5025,102426,,,,Partner,,Active,,,,,,100542,,,,,,,,,Drew Ashby,,100233,,100624,Standard,100658,,,,100790,,100595,Gamma,,100208,,Prospect,100745,,,,,,Payroll,,,100162,,102179
100307,Opportunity,104901,drew.mensah@examplecorp.test,Noah Calder,2026-02-28 19:52:00,riley.haddad@examplecorp.test,Omar Ashby,2025-01-23 03:12:00,emerson.garcia@acme-fake.test,Emerson Okafor,2023-10-26 19:38:00,quinn.reyes@examplecorp.test,,2026-02-07 23:14:00,N,Granite Group Corp - Payroll,,100490,Closed Lost,100239,,TAG-7300,100076,LOT-8717,104299,,,,Referral,100094,Inactive,,,,,,100673,,,,"475,553",,,,4405,Taylor Ivanov,101029,,,100471,SMB,,,,,100191,,,,,100339,,Prospect,100727,,,,,,Managed Services,,,100538,,103575
100014,Opportunity,104902,avery.patel@sampleco.test,Chen Patel,2025-04-01 17:13:00,avery.dorsey@acme-fake.test,Fatima Ford,2025-04-05 01:01:00,jordan.okafor@demomail.test,Elena Blake,2023-01-06 01:25:00,rahul.brooks@examplecorp.test,,2022-12-16 09:21:00,N,Meridian Foods Corp - Managed Services,,,Closed Lost,100203,REF-8238,REF-3203,100420,TAG-3344,103419,,,,Partner,,Inactive,,,,,,,,100498,,"497,375",Alpha,,,9825,Jordan Silva,,100169,,100458,Renewal,100771,,,,100717,,100786,,,100264,,Active Customer,100466,,,,,100220,Payroll,,,100498,,
100710,Opportunity,104904,rahul.ivanov@demomail.test,Sofia Calder,2026-07-29 05:39:00,rahul.sloan@acme-fake.test,Morgan Dorsey,2026-02-18 19:18:00,priya.ivanov@demomail.test,Fatima Patel,2025-09-29 11:34:00,taylor.mensah@sampleco.test,,2025-12-20 12:59:00,Y,Horizon Industries Corp - Payroll,,,Closed Won,100156,,SKU-3936,100445,SKU-1496,103694,,,,Website,,Inactive,,,,,,100756,,100188,,,Gamma,,"7,902",,Mei Silva,101281,,TAG-3972,100579,Enterprise,,,,,100054,,100458,,,100448,,Active Customer,100470,,,,,100217,Staff Augmentation,100490,,100775,,
100434,Opportunity,104907,priya.brooks@examplecorp.test,Reese Rossi,2024-02-11 15:31:00,rahul.ashby@examplecorp.test,Chen Ashby,2023-03-25 06:52:00,morgan.whitfield@examplecorp.test,Elena Kim,2025-02-12 03:47:00,riley.okafor@examplecorp.test,,2024-09-24 12:14:00,N,Meridian Holdings Corp - Consulting,,100173,Closed Won,100157,REF-2521,REF-1360,100260,REF-6982,103271,,,,Cold Outreach,100100,Inactive,,,,,,100152,,,,"298,453",,100532,"13,704",,Taylor Nguyen,,,LOT-4978,,Standard,,,,,100484,,100441,,,100257,,Prospect,100601,,,,,100208,Managed Services,,,100199,,102769
100109,Opportunity,104908,marco.garcia@examplecorp.test,Alex Mensah,2023-07-09 00:40:00,marco.ivanov@sampleco.test,Morgan Larsson,2023-08-11 17:02:00,alex.cohen@demomail.test,Mei Haddad,2024-03-15 02:46:00,rahul.reyes@sampleco.test,,2023-02-05 20:44:00,N,Everest Labs Ltd - Consulting,,100697,Dead,100624,TAG-3165,TAG-1076,100732,TAG-7410,103181,,,,LinkedIn,,Inactive,,,,,,100707,,,,,Other,100217,"4,615",5446,Jordan Costa,101218,,,,Enterprise,100643,,,,100389,,100371,,,100509,,Prospect,100181,,,,,,Managed Services,100275,,100500,,
100247,Opportunity,104911,priya.ashby@demomail.test,Riley Patel,2025-04-08 15:32:00,drew.reyes@acme-fake.test,Jamie Silva,2023-06-22 08:29:00,taylor.vance@sampleco.test,Quinn Costa,2024-03-28 09:37:00,yara.costa@examplecorp.test,,2025-05-07 10:37:00,N,Pioneer Group LLC - Back Office,,,Closed Won,100726,,TAG-5401,100054,TAG-3119,102869,,,,Referral,,Inactive,,,,,,100317,,,,"20,066",Other,100638,"25,509",,Nina Ivanov,,,TAG-3236,100054,SMB,100613,,,,100699,,100786,,,,,Prospect,100700,,,,,,Consulting,100007,,100635,,102506
100208,Opportunity,104912,morgan.nguyen@demomail.test,Marco Whitfield,2026-03-15 20:39:00,fatima.cohen@demomail.test,Mei Mensah,2026-04-12 10:02:00,aisha.kim@demomail.test,Liam Sloan,2023-12-10 11:35:00,chen.silva@acme-fake.test,,2024-04-21 02:38:00,N,Brightpath Labs - Managed Services,,100761,Discovery,100161,,LOT-8040,100071,SKU-4884,104878,,,,Website,100753,Active,,,,,,100359,,,,"235,822",Alpha,100366,"6,873",,Drew Dorsey,,,,100079,Enterprise,100651,,,,100115,,100645,,,100697,,Active Customer,100667,,,,,100185,Recruiting,100448,,100476,,102382
100465,Opportunity,104914,liam.dorsey@examplecorp.test,Avery Haddad,2025-05-12 12:30:00,drew.whitfield@demomail.test,Taylor Sato,2022-10-17 03:03:00,jordan.garcia@examplecorp.test,Rowan Whitfield,2023-11-14 20:34:00,rowan.reyes@acme-fake.test,,2025-09-02 14:19:00,Y,Copper Networks Co - Managed Services,,100439,Closed Won,100139,,LOT-3118,100028,SKU-1532,104801,,,,Event,100697,Inactive,,,,,,100128,,100269,,"14,424",Other,,"36,277",,Fatima Mensah,,,LOT-2957,,SMB,100016,,,,100214,,,,,,,Prospect,100201,,,,,100350,Offshore Team,100253,,100096,,
100058,Opportunity,104917,fatima.nguyen@examplecorp.test,Emerson Dorsey,2025-07-16 09:08:00,skyler.kim@demomail.test,Alex Vance,2024-12-18 22:42:00,priya.silva@examplecorp.test,Jamie Calder,2024-10-18 11:54:00,arjun.okafor@demomail.test,,2025-03-18 00:12:00,N,Granite Labs LLC - Back Office,,100493,Qualification,100257,SKU-3441,SKU-4387,100145,TAG-2891,103346,,,,Event,100640,Active,,,,,,,,,,"426,440",,100181,"17,285",8347,Diego Blake,,100651,LOT-4563,,Standard,100538,,,,100429,,100415,,,,,Active Customer,100137,,,,,100471,Offshore Team,,,100191,,104100
100068,Opportunity,104918,elena.ivanov@sampleco.test,Priya Costa,2024-09-23 19:10:00,noah.okafor@sampleco.test,Rahul Mercer,2026-03-21 18:54:00,liam.whitfield@sampleco.test,Skyler Ashby,2022-10-11 13:14:00,riley.brooks@examplecorp.test,Drew Rossi,2023-04-26 14:47:00,N,Horizon Retail LLP - Offshore Team,,,Closed Lost,100721,,LOT-8221,100542,REF-7424,103351,,,,Webinar,100357,Inactive,,,,,,100412,,,,"223,220",Standard,100140,"35,292",,Omar Dorsey,101538,100675,,100177,Standard,,,,,100398,,,,,100134,,Active Customer,100250,,,,,100291,Managed Services,100403,,100040,,102184
100298,Opportunity,104920,morgan.silva@demomail.test,Quinn Haddad,2022-12-18 12:00:00,rowan.rossi@sampleco.test,Skyler Silva,2023-05-15 13:29:00,casey.silva@examplecorp.test,Alex Calder,2025-03-28 04:31:00,jordan.nguyen@demomail.test,,2022-11-17 14:05:00,N,Delta Group LLP - Back Office,,100487,Closed Lost,100484,,TAG-3668,100516,TAG-6290,103132,,,,Webinar,,Inactive,,,,,,,,100496,,"407,094",Gamma,,"20,211",1157,Omar Blake,101134,100233,LOT-2252,,New Logo,100336,,,,100386,,100305,,,,,Active Customer,100204,,,,,,Staff Augmentation,100432,,100774,,
100089,Opportunity,104921,arjun.sloan@acme-fake.test,Elena Ford,2026-04-21 17:54:00,alex.cohen@sampleco.test,Rahul Nguyen,2022-10-23 22:54:00,arjun.silva@acme-fake.test,Riley Mercer,2023-05-06 23:24:00,rowan.calder@examplecorp.test,,2025-09-26 19:31:00,N,Cobalt Holdings Co - Recruiting,,100035,Dead,100774,,LOT-7196,100468,SKU-7748,102186,,,,Referral,100210,Inactive,,,,,,,,,,"178,570",,100260,"20,782",4365,Nina Sloan,101713,,,,Standard,100542,,,,100125,,,,,100493,,Prospect,100174,,,,,100098,Offshore Team,100371,,100183,,102889
100548,Opportunity,104924,arjun.rossi@demomail.test,Liam Mensah,2024-01-15 17:22:00,rahul.nguyen@sampleco.test,Noah Okafor,2026-05-24 21:40:00,aisha.larsson@examplecorp.test,Mei Vance,2023-08-25 08:33:00,morgan.nguyen@acme-fake.test,,2023-12-09 15:52:00,N,Ironwood Financial Co - Recruiting,,,Negotiation,100031,,TAG-9834,100284,REF-9000,103918,,,,Event,100519,Active,,,,,,,,,,,Other,100784,"33,647",4797,Sofia Whitfield,,100244,,100532,SMB,100538,,,,100737,,100525,,,100185,,Prospect,100730,,,,,100393,Recruiting,100158,,100236,,
100177,Opportunity,104925,reese.larsson@acme-fake.test,Noah Costa,2026-01-09 17:29:00,fatima.vance@demomail.test,Rahul Sato,2026-04-03 11:43:00,casey.ford@examplecorp.test,Chen Sloan,2023-11-01 07:59:00,alex.okafor@examplecorp.test,,2026-03-31 23:39:00,N,Copper Health LLC - Managed Services,,,Closed Lost,100288,,SKU-5449,100415,REF-6148,102629,,,,Cold Outreach,,Inactive,,,,,,,,,,"484,879",Alpha,,"11,677",7121,Diego Dorsey,101069,,LOT-7663,100188,New Logo,100012,,,,100587,,,,,,,Active Customer,100029,,,,,,Payroll,,,100182,,
100239,Opportunity,104927,priya.garcia@examplecorp.test,Yara Larsson,2026-03-11 00:26:00,drew.haddad@examplecorp.test,Diego Mensah,2023-03-31 17:25:00,liam.rossi@demomail.test,Alex Ford,2025-05-04 16:55:00,priya.cohen@acme-fake.test,,2023-06-10 18:21:00,Y,Keystone Logistics Co - Back Office,,,Closed Lost,100496,,LOT-9008,100355,LOT-8836,102770,,,,Webinar,100756,Inactive,,,,,,,,,,"109,775",Other,,,,Alex Ford,101481,,LOT-3494,100442,Standard,100086,,,,100689,,100761,,,100454,,Prospect,100661,,,,,,Managed Services,100428,,100309,,103980
100007,Opportunity,104928,yara.sato@examplecorp.test,Sofia Sloan,2025-06-18 19:42:00,riley.brooks@demomail.test,Elena Dorsey,2023-01-08 23:47:00,fatima.sato@demomail.test,Arjun Whitfield,2023-04-24 14:56:00,mei.vance@demomail.test,,2024-09-10 04:40:00,Y,Beacon Foods LLC - Consulting,,100239,Closed Lost,100058,,REF-1181,100707,LOT-4786,102323,,,,LinkedIn,,Inactive,,,,,,,,100058,,"250,755",Standard,,"12,806",,Elena Okafor,,,REF-7805,100053,New Logo,100478,,,,100616,,100582,,,,,Prospect,100038,,,,,,Consulting,100446,,100468,,
100239,Opportunity,104930,liam.larsson@examplecorp.test,Skyler Ashby,2026-02-28 19:19:00,sofia.ford@demomail.test,Jamie Patel,2023-08-28 04:54:00,sofia.dorsey@demomail.test,Drew Okafor,2025-02-11 11:29:00,drew.blake@demomail.test,,2025-04-07 05:57:00,N,Atlas Dynamics LLP - Offshore Team,,,Qualification,100092,SKU-7578,REF-3205,100345,TAG-1526,103215,,,,Partner,,Active,,,,,,,,,,"195,863",,100007,,,Yara Silva,100809,,,,Renewal,100740,,,,100200,,100400,Gamma,,,,Active Customer,100137,,,,,100042,Offshore Team,100232,,100404,,
100077,Opportunity,104931,quinn.patel@demomail.test,Rowan Blake,2025-03-24 17:40:00,emerson.sato@sampleco.test,Sofia Cohen,2024-03-14 09:45:00,reese.mensah@sampleco.test,Yara Whitfield,2024-12-31 21:59:00,mei.whitfield@examplecorp.test,,2023-07-02 10:41:00,N,Harbor Analytics Corp - Payroll,,100028,Closed Won,100509,,LOT-3806,100713,TAG-9969,103050,,,,Website,100461,Inactive,,,,,,100134,,100183,,"37,391",Delta,100678,"24,690",,Yara Mensah,101556,100532,,100016,SMB,100559,,,,100065,,100087,,,100445,,Active Customer,100380,,,,,,Back Office,,,100194,,
100476,Opportunity,104934,morgan.vance@sampleco.test,Priya Whitfield,2023-09-02 13:47:00,skyler.garcia@acme-fake.test,Yara Brooks,2026-03-09 10:55:00,marco.dorsey@examplecorp.test,Casey Haddad,2026-07-20 08:13:00,marco.cohen@acme-fake.test,,2025-03-24 08:55:00,N,Ironwood Group Co - Consulting,,100168,On Hold,100717,,SKU-1849,100420,REF-4978,102756,,,,Referral,,Active,,,,,,100768,,,,"210,396",,100067,"4,300",6193,Sofia Mercer,,100559,LOT-3765,100493,New Logo,100260,,,,100779,,,,,100076,,Active Customer,100753,,,,,,Recruiting,,,100632,,103636
100574,Opportunity,104936,quinn.sato@sampleco.test,Sofia Blake,2024-04-27 18:20:00,sofia.nguyen@acme-fake.test,Jordan Ashby,2026-01-15 23:03:00,rowan.blake@acme-fake.test,Quinn Reyes,2023-03-12 14:33:00,rahul.dorsey@examplecorp.test,,2024-02-24 02:00:00,N,Cobalt Financial Corp - Consulting,,100658,Closed Won,100694,,REF-2358,100747,SKU-6362,,,,,Webinar,100100,Inactive,,,,,,,,100467,,,Beta,100449,"3,554",,Yara Vance,101576,,LOT-6894,,SMB,100219,,,,100366,,100400,,,100247,,Prospect,100776,,,,,100130,Consulting,100246,,100165,,
100123,Opportunity,104939,omar.kim@examplecorp.test,Omar Costa,2026-03-29 16:36:00,arjun.haddad@sampleco.test,Rahul Calder,2025-01-05 06:58:00,priya.garcia@examplecorp.test,Liam Nguyen,2024-06-22 11:10:00,quinn.patel@acme-fake.test,,2024-09-28 08:05:00,Y,Redwood Dynamics - Recruiting,,,Closed Won,100133,,TAG-7225,100220,,104530,,,,Referral,100550,Inactive,,,,,,,,,,"253,447",Standard,100570,"5,735",2977,Nina Blake,101132,100528,TAG-6620,100460,Enterprise,,,,,100264,,,,,,,Active Customer,100185,,,,,100156,Offshore Team,100554,Delta,100203,,104501
100672,Opportunity,104941,emerson.ashby@demomail.test,Priya Ford,2025-06-28 08:02:00,riley.ashby@sampleco.test,Skyler Haddad,2024-07-16 03:09:00,chen.silva@demomail.test,Rahul Ford,2026-07-23 16:49:00,omar.whitfield@sampleco.test,,2024-11-10 00:50:00,Y,Delta Capital Co - Managed Services,,100382,Qualification,100790,,SKU-2016,100260,SKU-3138,103457,,,,Referral,,Active,,,,,,100475,,100432,,"225,813",,,"13,269",,Diego Kim,,,REF-8381,100750,New Logo,,,,,100232,,,Alpha,,100092,,Prospect,100267,,,,,100466,Managed Services,100023,,100149,,104651
100029,Opportunity,104943,fatima.costa@demomail.test,Noah Dorsey,2024-03-13 20:11:00,drew.mercer@sampleco.test,Mei Silva,2026-01-16 06:58:00,alex.ashby@demomail.test,Jamie Vance,2022-11-24 07:09:00,elena.mercer@demomail.test,,2026-05-25 12:20:00,N,Blue Ridge Capital LLP - Payroll,,,Discovery,100168,LOT-5456,SKU-1279,100112,SKU-7566,103846,,,,Inbound Call,,Active,,,,,,100634,,,,"46,262",,,"23,921",142,Aisha Ivanov,101180,100475,LOT-7813,,Enterprise,,,,,100349,,100062,,,,,Prospect,100714,,,,,100696,Back Office,,,100775,,102899
100263,Opportunity,104945,alex.ford@sampleco.test,Arjun Kim,2025-05-05 00:28:00,drew.reyes@demomail.test,Rowan Costa,2026-02-23 13:36:00,nina.kim@demomail.test,Alex Vance,2024-12-23 21:42:00,riley.calder@demomail.test,,2023-05-15 23:29:00,N,Blue Ridge Partners Corp - Payroll,,100082,Closed Won,100453,,LOT-9984,100743,LOT-9618,103333,,,,Inbound Call,,Inactive,,,,,,100173,,,,"89,572",Gamma,100325,"32,583",,Yara Garcia,,,,100092,Enterprise,100352,,,,100009,,,,,,,Prospect,100061,,,,,100128,Consulting,100120,,100550,,104716
100669,Opportunity,104948,taylor.ashby@sampleco.test,Noah Garcia,2026-03-10 10:10:00,morgan.okafor@examplecorp.test,Fatima Mercer,2023-06-11 02:01:00,skyler.rossi@acme-fake.test,Taylor Garcia,2026-03-21 20:58:00,quinn.blake@acme-fake.test,,2025-04-08 11:28:00,Y,Delta Energy LLC - Consulting,,,Dead,100233,,REF-7105,100753,SKU-5542,103636,,,,LinkedIn,100568,Inactive,,,,,,100484,,,,,Other,100648,"10,611",,Quinn Larsson,,100428,TAG-6053,,New Logo,100003,,,,100509,,,,,100335,,Prospect,100053,,,,,100165,Consulting,100019,,100278,,104851
100624,Opportunity,104951,noah.nguyen@demomail.test,Priya Mercer,2026-07-25 04:03:00,yara.reyes@sampleco.test,Skyler Brooks,2023-04-01 12:24:00,casey.blake@acme-fake.test,Aisha Vance,2025-09-12 01:58:00,emerson.silva@acme-fake.test,,2025-01-04 22:36:00,N,Everest Health Ltd - Staff Augmentation,,100554,Closed Won,100671,SKU-9639,TAG-5117,100205,REF-3624,104100,,,,Website,,Inactive,,,,,,100193,,100033,,"258,714",,,"21,075",7747,Casey Kim,100970,,,,New Logo,,,,,100153,,100220,,,100055,,Prospect,100383,,,,,100721,Consulting,100042,,100700,,
100403,Opportunity,104954,drew.sloan@examplecorp.test,Rahul Sato,2024-01-30 20:57:00,liam.cohen@examplecorp.test,Sofia Garcia,2025-07-29 21:16:00,jamie.mercer@examplecorp.test,Quinn Brooks,2024-10-09 02:57:00,yara.ivanov@demomail.test,,2025-09-05 21:07:00,Y,Atlas Financial Ltd - Consulting,,100678,Proposal Sent,100339,,SKU-2757,100219,SKU-8144,102979,,,,Referral,100162,Active,,,,,,100145,,,,"426,610",,100509,,,Alex Mensah,,,,100244,New Logo,100696,,,,100747,,100352,,,,,Active Customer,100387,,,,,100640,Consulting,100688,,100076,,
100525,Opportunity,104955,skyler.vance@sampleco.test,Riley Sato,2023-06-16 12:00:00,sofia.okafor@sampleco.test,Reese Kim,2026-02-24 23:35:00,casey.mensah@sampleco.test,Aisha Nguyen,2023-06-17 20:36:00,mei.garcia@demomail.test,,2025-02-08 20:43:00,Y,Delta Capital Ltd - Offshore Team,,,Qualification,100643,,TAG-3641,100253,,104065,,,,Webinar,100660,Active,,,,,,100774,,,,"379,279",Standard,100582,"7,239",,Mei Patel,101485,100652,,,Renewal,,,,,100023,,100700,Standard,,100273,,Prospect,100119,,,,,,Recruiting,,,100314,,103095
100675,Opportunity,104957,elena.whitfield@demomail.test,Fatima Nguyen,2023-02-12 15:23:00,jamie.nguyen@acme-fake.test,Jordan Ford,2022-12-05 21:59:00,morgan.mercer@demomail.test,Mei Sato,2024-04-30 12:07:00,sofia.sloan@examplecorp.test,,2025-06-07 13:00:00,Y,Granite Ventures Corp - Staff Augmentation,,,Proposal Sent,100220,,SKU-2245,100083,TAG-2816,104092,,,,Inbound Call,100525,Active,,,,,,100434,,100281,,"457,170",,100661,"2,229",,Omar Calder,101406,100475,TAG-1361,,Standard,,,,,100611,,100352,,,,,Prospect,100737,,,,,100462,Recruiting,100003,,100043,,
100242,Opportunity,104960,sofia.blake@examplecorp.test,Mei Calder,2024-03-20 02:37:00,taylor.patel@examplecorp.test,Aisha Haddad,2023-10-14 05:06:00,nina.ashby@demomail.test,Reese Rossi,2026-03-10 23:48:00,liam.reyes@examplecorp.test,Jamie Calder,2025-07-15 05:02:00,N,Cardinal Logistics Co - Managed Services,,100061,Closed Won,100428,,LOT-8866,100130,LOT-7896,104870,,,,Inbound Call,100756,Inactive,,,,,,100587,,100599,,,Alpha,,"26,963",460,Mei Mercer,101299,,,100512,New Logo,,,,,100350,,100214,,,,,Prospect,100219,,,,,,Managed Services,100098,,100210,,102552
100570,Opportunity,104962,alex.cohen@sampleco.test,Priya Vance,2024-06-11 00:09:00,riley.sloan@demomail.test,Yara Sloan,2023-05-27 20:02:00,arjun.blake@acme-fake.test,Jamie Dorsey,2024-09-15 10:45:00,mei.mercer@demomail.test,,2025-08-26 02:56:00,N,Redwood Holdings Inc - Recruiting,,100791,Dead,100421,REF-8078,LOT-3997,100519,LOT-8116,104530,,,,Inbound Call,100068,Inactive,,,,,,100401,,100634,,"15,414",,100616,"39,543",2365,Yara Sato,,100369,,100196,SMB,100121,,,,100178,,,,,100349,,Prospect,100098,,,,,100178,Recruiting,,,100199,,103859
100574,Opportunity,104964,riley.ashby@sampleco.test,Noah Rossi,2023-03-23 12:46:00,omar.ivanov@demomail.test,Omar Reyes,2026-01-05 13:03:00,fatima.brooks@demomail.test,Emerson Cohen,2022-10-23 11:21:00,marco.ford@sampleco.test,,2024-11-09 09:17:00,Y,Cobalt Solutions LLC - Offshore Team,,100182,Discovery,100629,,SKU-8298,100420,LOT-7805,,,,,Inbound Call,100570,Active,,,,,,100162,,100786,,"76,425",Delta,,"13,395",,Alex Calder,101262,100774,,100365,Renewal,,,,,100325,,100043,,,100425,,Prospect,100587,,,,,,Offshore Team,,,100493,,
100446,Opportunity,104966,marco.ford@sampleco.test,Mei Mensah,2024-11-23 13:54:00,morgan.okafor@examplecorp.test,Mei Reyes,2025-08-26 07:18:00,arjun.larsson@demomail.test,Elena Dorsey,2023-05-15 16:09:00,taylor.nguyen@examplecorp.test,,2025-04-05 18:41:00,N,Atlas Ventures LLC - Staff Augmentation,,100718,Discovery,100735,REF-1170,SKU-2980,100735,SKU-7317,103627,,,,Event,100548,Active,,,,,,100307,,100389,,"267,988",Alpha,,"30,346",,Sofia Ashby,,100696,,100418,Standard,100658,,,,100161,,100699,Gamma,,,,Prospect,100053,,,,,100185,Managed Services,100298,,100453,,
100094,Opportunity,104969,emerson.brooks@acme-fake.test,Noah Blake,2024-02-20 09:02:00,noah.silva@sampleco.test,Skyler Cohen,2024-11-20 11:39:00,morgan.sato@sampleco.test,Priya Sloan,2025-07-28 18:07:00,rahul.ivanov@examplecorp.test,,2024-05-26 06:02:00,Y,Redwood Health LLC - Offshore Team,,100145,Discovery,100162,,TAG-5580,100669,LOT-9109,101911,,,,Cold Outreach,100759,Active,,,,,,,,100561,,"81,783",Delta,,"25,474",,Elena Mercer,101268,,,100745,SMB,100576,,,,100220,,100750,,,,,Active Customer,100382,,,,,100467,Staff Augmentation,100382,,100582,,
100645,Opportunity,104972,skyler.silva@sampleco.test,Drew Mercer,2024-03-28 18:44:00,skyler.garcia@sampleco.test,Reese Sato,2026-05-11 21:25:00,skyler.cohen@examplecorp.test,Alex Costa,2023-07-11 07:52:00,mei.mensah@acme-fake.test,,2023-11-18 02:56:00,N,Northwind Retail Co - Recruiting,,100564,Closed Won,100435,,TAG-5995,100702,LOT-3035,102251,,,,Webinar,100292,Inactive,,,,,,100561,,,,,Other,100023,,,Skyler Mensah,101656,100726,REF-4774,,SMB,100398,,,,100619,,,,,100791,,Prospect,100587,,,,,100652,Staff Augmentation,100267,,100495,,104583
100053,Opportunity,104974,omar.garcia@acme-fake.test,Chen Mercer,2025-04-16 11:58:00,aisha.sato@demomail.test,Skyler Blake,2023-02-26 01:47:00,reese.costa@examplecorp.test,Nina Ivanov,2023-12-14 04:55:00,drew.whitfield@demomail.test,,2026-03-08 23:58:00,N,Delta Health Group - Consulting,,100115,Qualification,100068,,LOT-6492,100759,REF-3202,102707,,,,Cold Outreach,100087,Active,,,,,,100710,,,,"265,827",Delta,100153,"28,043",,Jordan Ford,101325,100787,SKU-5072,100385,New Logo,100418,,,,100103,,,Standard,,100130,,Active Customer,100568,,,,,100221,Back Office,,,100759,,102295
100043,Opportunity,104975,fatima.whitfield@examplecorp.test,Sofia Ford,2023-02-19 08:16:00,arjun.sloan@demomail.test,Taylor Brooks,2025-09-24 16:30:00,taylor.brooks@acme-fake.test,Priya Reyes,2025-04-17 22:51:00,taylor.sato@acme-fake.test,,2024-10-06 08:51:00,Y,Summit Energy Co - Offshore Team,,,Qualification,100257,,TAG-3350,100058,TAG-7708,102334,,,,Website,100094,Active,,,,,,100239,,,,"24,959",,100229,,,Quinn Okafor,,,,,Renewal,100325,,,,100438,,100568,,,100271,,Prospect,100208,,,,,100721,Offshore Team,,,100142,,103943
100396,Opportunity,104977,arjun.costa@examplecorp.test,Alex Sloan,2023-08-11 02:05:00,jordan.garcia@sampleco.test,Sofia Sato,2023-05-15 18:19:00,aisha.calder@sampleco.test,Nina Haddad,2025-12-27 18:32:00,rahul.dorsey@demomail.test,,2023-06-04 13:34:00,Y,Meridian Retail Inc - Recruiting,,100038,Closed Won,100398,TAG-8918,TAG-6528,100661,SKU-8468,102338,,,,Webinar,,Inactive,,,,,,,,100425,,,Alpha,100593,,8968,Diego Silva,101699,100717,LOT-8961,,New Logo,100570,,,,100774,,,,,100152,,Prospect,100439,,,,,,Consulting,,,100512,,
100721,Opportunity,104978,skyler.silva@sampleco.test,Skyler Brooks,2025-10-03 02:09:00,quinn.kim@demomail.test,Skyler Haddad,2023-01-22 16:44:00,nina.whitfield@demomail.test,Arjun Whitfield,2024-09-06 11:17:00,arjun.dorsey@sampleco.test,,2025-04-12 01:41:00,N,Cardinal Retail Co - Recruiting,,,Closed Lost,100415,,REF-2028,100244,REF-4161,102350,,,,Website,,Inactive,,,,,,100121,,,,"313,169",,,"9,483",2844,Riley Ivanov,101463,,TAG-4649,100671,Standard,100065,,,,100503,,100123,,,100568,,Prospect,100478,,,,,100713,Offshore Team,,,100688,,102421
100576,Opportunity,104979,noah.vance@acme-fake.test,Aisha Nguyen,2022-11-07 04:31:00,skyler.sato@acme-fake.test,Rowan Reyes,2025-02-02 02:21:00,omar.brooks@demomail.test,Elena Dorsey,2026-06-13 07:18:00,reese.haddad@acme-fake.test,,2026-03-05 12:25:00,Y,Granite Foods Group - Offshore Team,,100299,Closed Won,100357,,LOT-5574,100418,SKU-6976,104214,,,,Event,100436,Inactive,,,,,,,,100058,,"310,619",,,"36,319",9427,Rahul Brooks,,100357,SKU-6061,100740,Standard,100211,,,,100475,,,,,,,Active Customer,100785,,,,,100554,Payroll,100314,,100119,,103074
100658,Opportunity,104980,quinn.brooks@demomail.test,Drew Okafor,2024-04-24 18:24:00,riley.silva@sampleco.test,Casey Garcia,2023-07-02 05:41:00,omar.okafor@examplecorp.test,Chen Dorsey,2023-01-25 10:36:00,skyler.kim@demomail.test,,2024-06-01 23:04:00,Y,Everest Manufacturing Co - Managed Services,,,Negotiation,100242,,TAG-9410,100317,LOT-8229,103181,,,,LinkedIn,,Active,,,,,,100121,,100117,,,Beta,100031,,896,Reese Cohen,101122,100593,,100490,Standard,100779,,,,100137,,,,,100650,,Prospect,100322,,,,,100667,Payroll,100369,,100389,,103889
100257,Opportunity,104982,riley.mercer@demomail.test,Yara Calder,2023-09-29 21:39:00,quinn.dorsey@demomail.test,Priya Whitfield,2024-07-19 08:24:00,mei.sloan@demomail.test,Skyler Rossi,2026-01-31 23:05:00,avery.haddad@demomail.test,,2025-05-30 02:28:00,Y,Harbor Manufacturing LLC - Staff Augmentation,,100071,Proposal Sent,100203,,SKU-1918,100403,REF-8926,102506,,,,Referral,,Active,,,,,,100596,,,,"91,801",Gamma,100441,"10,772",,Yara Vance,101238,100462,TAG-1553,100509,SMB,,,,,100425,,100606,,,,,Active Customer,100762,,,,,,Payroll,100165,,100055,,
100269,Opportunity,104985,alex.okafor@acme-fake.test,Liam Okafor,2026-04-09 14:58:00,fatima.sloan@sampleco.test,Drew Okafor,2024-10-11 09:41:00,emerson.garcia@acme-fake.test,Nina Sato,2023-10-22 16:46:00,arjun.dorsey@acme-fake.test,,2023-02-22 13:43:00,N,Redwood Logistics Group - Offshore Team,,100109,Negotiation,100478,LOT-7326,SKU-4741,100785,REF-3741,104367,,,,Partner,100689,Active,,,,,,,,,,,,100747,,,Emerson Silva,,100771,LOT-7026,100790,Enterprise,,,,,100494,,100436,Standard,,100188,,Active Customer,100174,,,,,100307,Back Office,100221,,100647,,103019
100569,Opportunity,104988,mei.sato@demomail.test,Jamie Garcia,2025-10-03 13:15:00,reese.ivanov@sampleco.test,Jordan Okafor,2023-08-08 08:29:00,aisha.rossi@sampleco.test,Aisha Blake,2026-04-18 20:02:00,chen.ivanov@sampleco.test,,2024-02-23 06:56:00,Y,Summit Industries Ltd - Consulting,,100434,Negotiation,100288,REF-7674,SKU-2575,100067,SKU-5168,102673,,,,LinkedIn,100421,Active,,,,,,100457,,100555,,"463,647",Beta,,"32,297",8767,Sofia Ivanov,101018,100087,SKU-9362,100106,New Logo,,,,,100747,,100678,,,100751,,Prospect,100296,,,,,100196,Back Office,100120,,100475,,102816
100453,Opportunity,104990,emerson.cohen@demomail.test,Casey Cohen,2024-03-04 09:28:00,arjun.ashby@acme-fake.test,Mei Larsson,2024-09-12 17:11:00,aisha.dorsey@sampleco.test,Rahul Kim,2025-08-18 15:21:00,diego.reyes@examplecorp.test,,2024-11-24 15:21:00,Y,Silverline Energy LLC - Consulting,,100473,Discovery,100366,,SKU-8690,100309,REF-1092,102165,,,,Inbound Call,100423,Active,,,,,,100420,,,,"294,020",,100042,"34,480",,Sofia Dorsey,101440,,,,Enterprise,,,,,100758,,,,,100472,,Prospect,100117,,,,,,Recruiting,100771,,100269,,103083
100564,Opportunity,104992,alex.mercer@demomail.test,Casey Sato,2024-08-01 12:57:00,fatima.sloan@sampleco.test,Arjun Ivanov,2026-03-10 20:14:00,noah.ford@demomail.test,Sofia Haddad,2026-05-15 16:37:00,fatima.haddad@examplecorp.test,,2023-05-17 15:48:00,N,Harbor Health Group - Staff Augmentation,,100047,Negotiation,100672,REF-1485,LOT-1810,100683,TAG-5243,104298,,,,Inbound Call,,Active,,,,,,100568,,,,"123,392",Alpha,100659,,,Casey Haddad,101331,,,100026,Standard,100656,,,,100250,,100436,,,100123,,Prospect,100232,,,,,,Managed Services,100040,,100648,,
100273,Opportunity,104994,rahul.larsson@acme-fake.test,Fatima Okafor,2026-06-16 14:33:00,chen.haddad@examplecorp.test,Skyler Ashby,2026-03-11 04:45:00,jordan.ashby@demomail.test,Riley Cohen,2024-01-19 07:06:00,casey.haddad@acme-fake.test,,2022-10-06 02:36:00,N,Blue Ridge Networks LLC - Recruiting,,,Closed Won,100311,REF-7668,SKU-6705,100244,REF-4876,102426,,,,Webinar,,Inactive,,,,,,,,100420,,"431,544",,100169,,,Sofia Ford,,,,100236,Enterprise,,,,,100786,,100467,,,100336,,Prospect,100211,,,,,100503,Managed Services,100664,,100405,,
100640,Opportunity,104996,diego.nguyen@acme-fake.test,Elena Ashby,2026-02-01 01:32:00,nina.mercer@sampleco.test,Casey Whitfield,2026-02-18 07:43:00,diego.brooks@acme-fake.test,Avery Kim,2024-07-28 13:01:00,mei.costa@sampleco.test,,2024-11-09 11:06:00,Y,Blue Ridge Networks Group - Payroll,,,Closed Won,100065,,TAG-2921,100231,TAG-6844,102416,,,,Inbound Call,,Inactive,,,,,,100165,,,,"75,332",,100503,"10,453",,Morgan Sloan,101344,,TAG-1385,100694,New Logo,100086,,,,100724,,,,,100260,,Active Customer,100478,,,,,100112,Recruiting,100071,,100611,,
100404,Opportunity,104998,fatima.sato@demomail.test,Priya Sloan,2026-06-09 02:57:00,yara.costa@demomail.test,Priya Sato,2026-07-01 10:10:00,aisha.blake@demomail.test,Arjun Sloan,2024-10-18 00:56:00,chen.kim@examplecorp.test,,2026-06-13 10:17:00,N,Harbor Retail Corp - Back Office,,,Discovery,100386,,LOT-7921,100348,REF-5120,103866,,,,Website,,Active,,,,,,,,,,,,,"12,699",,Nina Mercer,101187,,SKU-7186,,SMB,100123,,,,100300,,100130,,,100747,,Active Customer,100257,,,,,,Consulting,100697,,100139,,103264
100028,Opportunity,105000,sofia.mercer@examplecorp.test,Jamie Larsson,2023-11-06 04:33:00,omar.sato@sampleco.test,Mei Haddad,2022-10-30 14:01:00,drew.mensah@acme-fake.test,Mei Whitfield,2026-05-30 02:27:00,mei.kim@examplecorp.test,,2023-10-07 10:16:00,N,Granite Solutions Corp - Back Office,,,Closed Lost,100157,,LOT-9442,100067,REF-4109,102643,,,,Webinar,100671,Inactive,,,,,,,,100273,,,Gamma,100196,"8,508",2801,Yara Garcia,101641,100768,,100319,Enterprise,100029,,,,100121,,100548,,,,,Active Customer,100606,,,,,,Offshore Team,100434,,100559,,
100178,Opportunity,105001,casey.sloan@examplecorp.test,Rowan Vance,2026-04-05 01:54:00,liam.ford@demomail.test,Arjun Sloan,2023-10-29 18:12:00,rowan.brooks@examplecorp.test,Mei Mercer,2024-05-13 17:56:00,avery.blake@acme-fake.test,,2026-06-08 03:40:00,Y,Everest Analytics LLC - Payroll,,100465,Proposal Sent,100476,,LOT-4696,100221,REF-1431,102098,,,,Partner,100281,Active,,,,,,100054,,100396,,,Other,,,,Fatima Haddad,,100683,REF-6533,100519,Enterprise,100137,,,,100648,,100168,,,,,Active Customer,100253,,,,,,Staff Augmentation,100350,,100300,,102581
100737,Opportunity,105003,casey.costa@sampleco.test,Jamie Whitfield,2023-05-01 15:05:00,noah.larsson@demomail.test,Yara Mensah,2023-05-01 17:25:00,alex.haddad@acme-fake.test,Drew Brooks,2024-09-11 10:33:00,diego.kim@sampleco.test,,2022-10-07 09:02:00,N,Copper Solutions Corp - Managed Services,,100300,Closed Won,100382,LOT-8763,LOT-3291,100311,TAG-8176,104154,,,,Cold Outreach,100016,Inactive,,,,,,,,,,"407,239",Gamma,100732,"19,636",,Morgan Mensah,100965,100445,REF-9858,100232,Standard,100414,,,,100504,,100152,,,100361,,Active Customer,100519,,,,,,Consulting,,,100014,,
100257,Opportunity,105005,morgan.garcia@acme-fake.test,Noah Cohen,2025-12-02 13:02:00,mei.garcia@acme-fake.test,Jamie Blake,2025-05-13 20:44:00,nina.garcia@examplecorp.test,Reese Patel,2022-12-12 04:07:00,quinn.cohen@demomail.test,Liam Whitfield,2023-08-02 07:18:00,N,Silverline Retail Ltd - Staff Augmentation,,,On Hold,100330,,SKU-7735,100782,SKU-8069,,,,,Inbound Call,100172,Active,,,,,,100371,,100732,,,Beta,100336,"28,028",,Alex Mercer,100933,100260,TAG-3661,100509,SMB,,,,,100622,,,Gamma,,,,Active Customer,100319,,,,,100094,Consulting,,,100382,,
100747,Opportunity,105007,yara.dorsey@examplecorp.test,Rahul Ashby,2026-01-30 15:11:00,drew.reyes@examplecorp.test,Taylor Patel,2026-05-27 13:03:00,reese.calder@sampleco.test,Alex Vance,2024-09-09 21:36:00,priya.blake@sampleco.test,,2025-04-08 03:36:00,N,Pioneer Robotics - Staff Augmentation,,,Closed Won,100478,LOT-7073,TAG-3820,100756,SKU-9789,103963,,,,Cold Outreach,,Inactive,,,,,,100498,,,,,Alpha,100658,,,Noah Silva,101790,,,100647,SMB,,,,,100145,,100055,,,,,Active Customer,100232,,,,,100224,Managed Services,,,100219,,102192
100054,Opportunity,105010,elena.costa@acme-fake.test,Rowan Dorsey,2023-12-03 03:01:00,noah.ivanov@sampleco.test,Noah Sato,2024-07-04 13:58:00,liam.rossi@demomail.test,Chen Calder,2025-05-15 14:05:00,sofia.brooks@demomail.test,Noah Ford,2026-02-28 11:08:00,N,Granite Financial Group - Consulting,,100232,Negotiation,100790,,SKU-9753,100741,SKU-6497,102746,,,,Webinar,,Active,,,,,,100208,,100123,,"336,943",Gamma,,"29,757",,Jamie Ivanov,101359,100675,REF-5350,100461,Standard,100554,,,,100648,,100737,,,100177,,Prospect,100478,,,,,,Consulting,100130,,100162,,102705
100739,Opportunity,105013,jamie.patel@sampleco.test,Casey Rossi,2025-12-02 17:10:00,priya.mensah@sampleco.test,Rahul Brooks,2026-02-17 20:46:00,omar.nguyen@acme-fake.test,Priya Ivanov,2025-01-21 12:46:00,quinn.haddad@sampleco.test,,2024-07-17 12:13:00,N,Falcon Financial Group - Payroll,,,Closed Lost,100123,,SKU-9047,100185,TAG-6225,101946,,,,Inbound Call,100434,Inactive,,,,,,100201,,,,,Delta,100335,"27,554",,Priya Brooks,,100758,SKU-6105,100257,Renewal,100055,,,,100671,,,,,100320,,Prospect,100204,,,,,,Consulting,100161,,100619,,103795
100345,Opportunity,105014,elena.larsson@examplecorp.test,Noah Haddad,2025-08-17 16:36:00,emerson.brooks@demomail.test,Riley Ashby,2025-01-08 18:10:00,alex.okafor@demomail.test,Casey Rossi,2025-02-20 00:45:00,nina.whitfield@acme-fake.test,,2023-07-13 18:58:00,Y,Horizon Group Group - Staff Augmentation,,100522,Qualification,100759,,REF-8140,100232,SKU-7436,,,,,Website,,Active,,,,,,,,,,,Delta,100109,"2,152",,Arjun Brooks,,100361,,100691,Enterprise,,,,,100185,,,,,,,Active Customer,100215,,,,,100494,Offshore Team,,,100256,,104759
100162,Opportunity,105016,mei.nguyen@acme-fake.test,Nina Sloan,2023-09-30 01:01:00,skyler.haddad@examplecorp.test,Noah Calder,2024-10-04 09:37:00,elena.whitfield@acme-fake.test,Sofia Nguyen,2024-01-06 19:04:00,emerson.sato@acme-fake.test,,2023-09-06 02:25:00,N,Vertex Media Group - Managed Services,,100639,Closed Lost,100365,,TAG-8719,100315,TAG-1716,102627,,,,Partner,100073,Inactive,,,,,,100328,,,,,,,,,Chen Cohen,100936,,LOT-9261,,New Logo,100273,,,,100055,,100694,,,100087,,Prospect,100787,,,,,,Managed Services,100053,,100495,,104121
100640,Opportunity,105019,jordan.rossi@examplecorp.test,Skyler Ashby,2026-05-27 01:42:00,yara.whitfield@examplecorp.test,Fatima Kim,2024-06-24 08:36:00,emerson.mensah@sampleco.test,Chen Mensah,2023-02-13 01:45:00,rahul.costa@demomail.test,,2025-04-22 13:00:00,Y,Summit Robotics Group - Payroll,,100096,On Hold,100089,,TAG-9516,100785,LOT-2043,103384,,,,LinkedIn,100432,Active,,,,,,100454,,100548,,,,,"21,155",5525,Sofia Vance,101442,100305,TAG-9919,100733,SMB,,,,,100756,,,Alpha,,,,Prospect,100224,,,,,100140,Consulting,100786,,100178,,
100710,Opportunity,105021,noah.mensah@demomail.test,Arjun Dorsey,2024-05-31 21:09:00,chen.silva@acme-fake.test,Chen Cohen,2025-03-22 23:56:00,drew.ashby@sampleco.test,Omar Sato,2025-05-17 19:06:00,aisha.vance@sampleco.test,,2025-02-14 22:42:00,Y,Harbor Systems Inc - Offshore Team,,100026,Negotiation,100369,,REF-6286,100199,SKU-9057,102620,,,,Partner,,Active,,,,,,,,,,"393,957",Gamma,100727,,,Diego Okafor,101264,,SKU-8454,100593,SMB,,,,,100629,,,,,100054,,Active Customer,100284,,,,,,Managed Services,100168,,100083,,
100092,Opportunity,105022,skyler.larsson@sampleco.test,Avery Reyes,2024-11-04 16:50:00,rahul.sato@examplecorp.test,Diego Cohen,2023-05-13 18:24:00,taylor.sloan@examplecorp.test,Diego Okafor,2026-07-07 00:15:00,skyler.brooks@examplecorp.test,,2024-04-18 02:22:00,Y,Cardinal Media LLC - Payroll,,100073,Discovery,100047,,SKU-1993,100696,REF-4411,103842,,,,Webinar,100535,Active,,,,,,100257,,100325,,,Delta,100566,"28,300",,Morgan Larsson,101057,,SKU-4307,,New Logo,100320,,,,100735,,,,,,,Prospect,100462,,,,,,Recruiting,100155,,100267,,
100317,Opportunity,105024,quinn.ashby@examplecorp.test,Avery Brooks,2023-10-15 19:24:00,mei.calder@demomail.test,Alex Costa,2023-12-07 04:10:00,arjun.nguyen@examplecorp.test,Reese Reyes,2024-05-09 04:39:00,mei.costa@acme-fake.test,,2024-12-28 18:32:00,Y,Granite Robotics - Offshore Team,,100092,Discovery,100495,SKU-6476,TAG-9217,100470,REF-5505,104284,,,,LinkedIn,,Active,,,,,,100383,,100372,,"498,268",Other,100672,"6,151",,Liam Rossi,101331,100495,,100733,Enterprise,100436,,,,100568,,100587,,,100257,,Prospect,100751,,,,,,Offshore Team,100239,,100439,,
100161,Opportunity,105027,skyler.costa@demomail.test,Liam Reyes,2023-04-07 20:53:00,avery.haddad@demomail.test,Emerson Okafor,2025-04-14 07:56:00,avery.mensah@demomail.test,Noah Calder,2026-02-22 22:23:00,avery.blake@acme-fake.test,,2024-12-01 05:20:00,Y,Keystone Logistics Inc - Back Office,,,Closed Lost,100157,REF-7319,SKU-8723,100362,REF-9484,104562,,,,Partner,100021,Inactive,,,,,,,,,,,Other,,"24,091",2439,Drew Haddad,101029,100548,,100504,Renewal,100509,,,,100038,,,,,100776,,Prospect,100739,,,,,,Consulting,,,100157,,
100436,Opportunity,105028,nina.ivanov@sampleco.test,Nina Garcia,2024-05-04 04:03:00,omar.vance@acme-fake.test,Sofia Mensah,2025-01-23 03:33:00,jamie.sato@sampleco.test,Aisha Larsson,2022-11-24 17:24:00,mei.cohen@demomail.test,,2024-10-30 05:27:00,N,Granite Foods - Staff Augmentation,,100572,Closed Won,100117,,TAG-3655,100791,TAG-6175,102298,,,,Event,,Inactive,,,,,,,,,,"334,167",Gamma,,,,Mei Vance,101418,,TAG-2140,,Enterprise,,,,,100770,,100448,,,,,Prospect,100660,,,,,100345,Consulting,,,100585,,103830
100340,Opportunity,105031,quinn.nguyen@demomail.test,Riley Mensah,2025-01-28 03:04:00,omar.sato@demomail.test,Casey Brooks,2025-03-21 00:36:00,arjun.dorsey@acme-fake.test,Emerson Kim,2022-11-18 02:47:00,marco.reyes@examplecorp.test,,2026-02-11 13:52:00,N,Delta Textiles Inc - Back Office,,,Discovery,100717,LOT-5294,LOT-9571,100468,TAG-9467,103268,,,,Cold Outreach,100658,Active,,,,,,,,100123,,,Beta,,"14,289",,Diego Rossi,101234,,LOT-5254,,Enterprise,,,,,100564,,,Beta,,,,Prospect,100540,,,,,,Staff Augmentation,100076,,100656,,103287
100590,Opportunity,105032,aisha.kim@sampleco.test,Sofia Kim,2023-09-06 00:09:00,morgan.ashby@acme-fake.test,Casey Garcia,2022-12-04 03:02:00,liam.silva@sampleco.test,Marco Ashby,2024-01-28 01:04:00,drew.okafor@demomail.test,,2025-10-24 12:40:00,Y,Evergreen Dynamics Group - Managed Services,,100403,Closed Won,100182,,SKU-1470,100469,SKU-9739,103740,,,,Website,,Inactive,,,,,,,,100142,,"184,729",Alpha,,"31,201",,Liam Garcia,100991,100019,LOT-3729,100328,SMB,100355,,,,100718,,100696,,,,,Active Customer,100428,,,,,100561,Staff Augmentation,100288,,100790,,102806
100727,Opportunity,105033,nina.mercer@examplecorp.test,Casey Costa,2026-07-06 21:22:00,alex.vance@examplecorp.test,Nina Costa,2023-05-14 17:47:00,liam.haddad@demomail.test,Arjun Ashby,2026-07-04 16:29:00,marco.larsson@acme-fake.test,,2026-01-24 22:25:00,N,Meridian Logistics - Offshore Team,,,Qualification,100691,SKU-6875,REF-5890,100193,TAG-4956,103858,,,,Webinar,,Active,,,,,,100552,,,,,Alpha,,"3,564",,Drew Garcia,101364,100016,SKU-3102,100086,SMB,100386,,,,100500,,,,,100139,,Active Customer,100635,,,,,100484,Payroll,100574,,100152,,
100462,Opportunity,105036,arjun.silva@sampleco.test,Emerson Blake,2024-09-20 09:25:00,noah.ford@acme-fake.test,Alex Haddad,2024-01-13 19:32:00,alex.whitfield@examplecorp.test,Casey Haddad,2023-09-24 09:28:00,emerson.mercer@sampleco.test,,2024-02-26 04:20:00,Y,Brightpath Financial - Consulting,,,On Hold,100250,,TAG-6990,100089,SKU-9812,104014,,,,Website,100579,Active,,,,,,100264,,100651,,"163,168",Gamma,,"22,150",,Taylor Calder,101317,100016,LOT-4679,,Enterprise,100253,,,,100375,,100688,,,100740,,Prospect,100595,,,,,,Recruiting,,,100366,,103357
100639,Opportunity,105039,mei.cohen@examplecorp.test,Fatima Sato,2025-11-13 01:19:00,casey.patel@sampleco.test,Aisha Sloan,2026-06-01 20:59:00,rowan.cohen@examplecorp.test,Rahul Dorsey,2024-12-02 01:22:00,taylor.dorsey@sampleco.test,,2025-05-18 11:12:00,N,Pioneer Foods Co - Payroll,,,Proposal Sent,100750,,LOT-5883,100733,REF-1856,103672,,,,Referral,100244,Active,,,,,,,,100273,,,Alpha,,,6246,Elena Blake,,100335,,100077,Standard,,,,,100574,,100493,,,100393,,Prospect,100252,,,,,100785,Back Office,100468,,100387,,103580
100420,Opportunity,105041,aisha.mercer@demomail.test,Rahul Dorsey,2024-08-29 18:47:00,elena.calder@demomail.test,Arjun Brooks,2025-05-12 16:15:00,chen.garcia@examplecorp.test,Diego Vance,2023-09-13 06:12:00,noah.mercer@acme-fake.test,,2023-04-17 19:17:00,N,Atlas Ventures LLP - Payroll,,100219,Closed Won,100009,,SKU-5035,100021,TAG-1719,101903,,,,Inbound Call,,Inactive,,,,,,,,100481,,"461,061",,100675,"18,808",1168,Drew Haddad,101159,100648,,,Standard,100481,,,,100467,,100399,,,100264,,Prospect,100194,,,,,100246,Managed Services,100542,,100779,,
100396,Opportunity,105042,mei.nguyen@demomail.test,Avery Reyes,2023-12-27 02:50:00,sofia.larsson@examplecorp.test,Morgan Nguyen,2023-07-03 09:32:00,omar.garcia@sampleco.test,Emerson Mercer,2024-09-21 08:31:00,noah.calder@sampleco.test,,2023-02-17 08:17:00,Y,Delta Analytics Inc - Offshore Team,,100382,Dead,100387,,REF-2984,100660,TAG-3846,103920,,,,Inbound Call,,Inactive,,,,,,100330,,,,"268,188",Gamma,100271,"8,075",,Jordan Sloan,101552,,,100683,New Logo,,,,,100651,,100028,,,,,Active Customer,100226,,,,,100745,Consulting,100664,,100106,,
100619,Opportunity,105044,avery.brooks@sampleco.test,Aisha Ivanov,2023-10-22 03:42:00,avery.reyes@demomail.test,Rahul Mensah,2023-06-06 07:18:00,rowan.patel@sampleco.test,Quinn Kim,2025-04-23 20:50:00,mei.blake@sampleco.test,,2023-09-21 19:13:00,N,Beacon Labs Corp - Consulting,,,Dead,100156,,LOT-9135,100516,LOT-7606,103037,,,,Event,100168,Inactive,,,,,,,,,,,Gamma,100142,"35,226",,Drew Okafor,101604,100365,REF-8123,100119,Standard,100673,,,,100071,,100123,,,100671,,Prospect,100372,,,,,100696,Recruiting,,,100028,,102264
100185,Opportunity,105046,priya.dorsey@demomail.test,Rowan Patel,2023-11-27 15:34:00,casey.sloan@sampleco.test,Elena Kim,2025-12-21 17:49:00,mei.haddad@examplecorp.test,Casey Silva,2024-05-08 04:19:00,noah.brooks@examplecorp.test,,2025-10-11 07:49:00,Y,Cardinal Retail Inc - Payroll,,100699,On Hold,100396,SKU-9435,SKU-9337,100578,SKU-4106,104425,,,,LinkedIn,,Active,,,,,,100271,,,,,,100022,"24,030",4863,Elena Sloan,,100133,LOT-9309,,New Logo,100307,,,,100552,,,,,100613,,Active Customer,100710,,,,,100330,Staff Augmentation,,,100226,,
100219,Opportunity,105047,jordan.larsson@examplecorp.test,Aisha Rossi,2026-04-04 12:05:00,diego.ashby@acme-fake.test,Quinn Haddad,2023-04-21 07:09:00,quinn.sloan@demomail.test,Jamie Haddad,2026-01-20 03:29:00,emerson.cohen@demomail.test,,2023-03-30 12:04:00,Y,Northwind Retail Corp - Offshore Team,,,Proposal Sent,100756,,LOT-4587,100503,SKU-7643,102337,,,,Partner,100595,Active,,,,,,100372,,100021,,"431,739",Delta,,"3,326",,Skyler Garcia,101364,100393,,100162,Renewal,100100,,,,100660,,100043,,,100142,,Prospect,100281,,,,,100525,Staff Augmentation,,,100117,,104481
100194,Opportunity,105049,drew.nguyen@examplecorp.test,Fatima Garcia,2024-01-15 09:04:00,casey.sloan@sampleco.test,Quinn Ford,2022-12-24 02:19:00,marco.nguyen@demomail.test,Avery Ivanov,2024-10-12 12:31:00,rowan.cohen@sampleco.test,,2023-05-30 07:48:00,N,Copper Health Co - Managed Services,,100737,Discovery,100087,,REF-6436,100281,REF-7606,103691,,,,Inbound Call,100396,Active,,,,,,100215,,,,,,,"22,826",8298,Elena Ivanov,101447,,,100407,Enterprise,100082,,,,100423,,,Gamma,,100076,,Active Customer,100569,,,,,100545,Staff Augmentation,100169,,100369,,
100741,Opportunity,105051,chen.calder@acme-fake.test,Sofia Vance,2024-07-12 20:20:00,emerson.sato@demomail.test,Riley Garcia,2025-06-15 12:08:00,sofia.ivanov@demomail.test,Elena Blake,2025-01-23 04:34:00,chen.kim@acme-fake.test,,2024-10-20 16:49:00,Y,Vertex Industries - Payroll,,,Closed Lost,100120,,REF-3266,100273,SKU-3183,102835,,,,Cold Outreach,100372,Inactive,,,,,,,,100296,,"170,202",,,"21,225",,Skyler Brooks,,,TAG-1419,,Renewal,100022,,,,100046,,,,,,,Active Customer,100242,,,,,,Recruiting,100558,,100737,,
100572,Opportunity,105052,skyler.ivanov@demomail.test,Reese Ivanov,2025-03-23 17:23:00,rowan.whitfield@examplecorp.test,Avery Silva,2024-05-13 07:29:00,elena.okafor@examplecorp.test,Liam Garcia,2022-12-17 01:29:00,rowan.vance@acme-fake.test,,2023-01-12 10:35:00,N,Everest Health LLC - Offshore Team,,100291,Negotiation,100393,SKU-7391,SKU-3608,100667,TAG-8280,104463,,,,Event,100371,Active,,,,,,,,,,"323,547",Standard,100559,"8,363",8845,Marco Patel,101570,,LOT-9200,100320,Standard,100335,,,,100717,,100322,,,100500,,Active Customer,100787,,,,,100305,Back Office,,,100640,,103073
100707,Opportunity,105055,rahul.ivanov@examplecorp.test,Sofia Mensah,2025-02-25 11:42:00,liam.garcia@examplecorp.test,Marco Dorsey,2023-08-24 18:24:00,emerson.sloan@demomail.test,Omar Calder,2026-02-01 07:04:00,jamie.garcia@demomail.test,,2024-05-24 14:19:00,N,Lakeside Media Co - Staff Augmentation,,,Proposal Sent,100507,,TAG-8726,100686,REF-3713,102916,,,,LinkedIn,100157,Active,,,,,,100593,,100340,,"204,834",,100183,"6,863",,Chen Ashby,101231,100476,LOT-4628,100156,Renewal,100503,,,,100264,,100134,,,,,Active Customer,100349,,,,,100441,Staff Augmentation,100771,,100651,,104126
100585,Opportunity,105056,emerson.ashby@demomail.test,Skyler Garcia,2026-03-12 10:32:00,jordan.blake@demomail.test,Quinn Brooks,2026-04-27 03:15:00,emerson.silva@acme-fake.test,Drew Silva,2024-03-07 00:52:00,priya.vance@examplecorp.test,Mei Reyes,2022-10-19 22:09:00,Y,Silverline Industries LLP - Staff Augmentation,,100086,Closed Won,100336,,REF-8816,100382,TAG-5929,104693,,,,LinkedIn,100732,Inactive,,,,,,100217,,100656,,"90,562",,100349,"17,668",,Priya Ford,,100458,LOT-5464,100089,Enterprise,100019,,,,100328,,100753,,,100564,,Active Customer,100509,,,,,100425,Offshore Team,100242,,100311,,
100745,Opportunity,105058,nina.silva@acme-fake.test,Liam Garcia,2026-01-30 07:09:00,fatima.larsson@acme-fake.test,Aisha Patel,2023-03-10 09:53:00,morgan.vance@examplecorp.test,Noah Haddad,2026-03-29 10:48:00,sofia.sloan@acme-fake.test,,2025-11-11 07:38:00,Y,Lakeside Dynamics Corp - Managed Services,,100182,Discovery,100699,,LOT-5592,100425,LOT-4521,104779,,,,Referral,100398,Active,,,,,,,,100688,,,,100519,,,Emerson Nguyen,100911,100165,,,SMB,,,,,100012,,100400,,,100307,,Active Customer,100724,,,,,100559,Payroll,,,100139,,
100616,Opportunity,105061,jordan.ivanov@acme-fake.test,Riley Patel,2026-04-11 09:36:00,chen.brooks@sampleco.test,Jordan Sloan,2025-04-22 08:12:00,avery.rossi@acme-fake.test,Diego Mercer,2024-08-02 06:57:00,skyler.okafor@acme-fake.test,,2024-07-03 02:33:00,N,Meridian Retail Inc - Recruiting,,100727,Closed Won,100188,,TAG-7102,100253,SKU-3834,102491,,,,Website,,Inactive,,,,,,,,100253,,"278,179",,,"26,593",,Noah Dorsey,,,,,Enterprise,,,,,100449,,100442,,,100558,,Active Customer,100739,,,,,,Recruiting,100252,,100050,,104670
100697,Opportunity,105064,priya.mercer@examplecorp.test,Skyler Mercer,2023-05-01 05:09:00,casey.brooks@acme-fake.test,Morgan Silva,2023-07-13 08:26:00,mei.kim@acme-fake.test,Riley Haddad,2025-09-12 10:16:00,avery.patel@sampleco.test,,2024-10-09 04:21:00,Y,Blue Ridge Dynamics Corp - Staff Augmentation,,,Discovery,100590,,REF-1570,100349,TAG-8275,104731,,,,Cold Outreach,100305,Active,,,,,,100161,,100629,,,,,"9,876",9958,Taylor Dorsey,101551,,,100292,Enterprise,,,,,100404,,100264,,,100043,,Prospect,100566,,,,,,Recruiting,,,100256,,103589
100435,Opportunity,105066,omar.blake@acme-fake.test,Rowan Larsson,2025-11-09 11:59:00,morgan.ivanov@acme-fake.test,Casey Cohen,2025-04-12 14:26:00,drew.blake@examplecorp.test,Fatima Calder,2026-04-16 15:08:00,fatima.reyes@acme-fake.test,,2023-03-18 05:14:00,Y,Blue Ridge Retail Inc - Offshore Team,,,Discovery,100217,REF-2914,TAG-2757,100117,SKU-4568,103928,,,,LinkedIn,,Active,,,,,,,,,,"295,353",Alpha,,"5,201",,Sofia Whitfield,,100451,,,Standard,,,,,100003,,,,,100286,,Active Customer,100790,,,,,100791,Recruiting,100632,,100466,,103658
100277,Opportunity,105067,omar.ashby@examplecorp.test,Yara Haddad,2023-12-30 09:36:00,reese.ashby@examplecorp.test,Priya Kim,2025-12-14 08:54:00,alex.brooks@sampleco.test,Diego Whitfield,2026-03-13 22:19:00,quinn.whitfield@demomail.test,,2023-01-12 05:55:00,Y,Lakeside Networks Co - Consulting,,100271,Discovery,100205,,SKU-3523,100046,TAG-3615,102641,,,,LinkedIn,100604,Active,,,,,,100665,,100038,,"286,723",Alpha,,"2,535",,Riley Mercer,101069,100429,,100634,Enterprise,100007,,,,100244,,100435,,,,,Active Customer,100311,,,,,100454,Consulting,100407,,100651,,
100727,Opportunity,105069,quinn.ford@acme-fake.test,Sofia Costa,2025-05-18 06:28:00,avery.kim@examplecorp.test,Taylor Kim,2026-07-04 06:04:00,riley.reyes@examplecorp.test,Mei Okafor,2024-12-04 23:58:00,arjun.mercer@demomail.test,Liam Kim,2024-12-15 08:25:00,Y,Brightpath Retail - Back Office,,100062,Dead,100040,SKU-2475,REF-4336,100721,LOT-4738,104171,,,,Website,,Inactive,,,,,,,,,,,Alpha,,"13,129",,Taylor Vance,,,TAG-7325,100211,SMB,,,,,100651,,100281,,,100599,,Active Customer,100732,,,,,,Managed Services,100787,,100572,,
100330,Opportunity,105071,aisha.cohen@examplecorp.test,Noah Okafor,2023-11-11 21:14:00,reese.mensah@examplecorp.test,Nina Ashby,2023-01-28 01:55:00,yara.ford@acme-fake.test,Yara Cohen,2023-01-03 13:11:00,yara.nguyen@demomail.test,,2025-11-12 22:32:00,Y,Harbor Textiles LLC - Consulting,,100156,Discovery,100465,,TAG-4541,100149,,101927,,,,LinkedIn,100638,Active,,,,,,,,,,,,100619,"29,379",,Taylor Garcia,101538,,,100311,Renewal,,,,,100469,,100779,,,100087,,Active Customer,100155,,,,,100295,Managed Services,100761,,100665,,
100714,Opportunity,105072,chen.whitfield@demomail.test,Chen Mercer,2022-10-23 18:09:00,rahul.dorsey@acme-fake.test,Skyler Larsson,2023-05-07 14:49:00,drew.ivanov@sampleco.test,Arjun Haddad,2024-08-12 10:06:00,sofia.costa@demomail.test,,2025-05-10 10:05:00,N,Cardinal Ventures Group - Staff Augmentation,,100307,Dead,100271,,REF-6450,100178,LOT-8020,103333,,,,Inbound Call,100277,Inactive,,,,,,100118,,100349,,"178,669",,100221,,,Quinn Ford,,100139,,100740,SMB,100503,,,,100741,,,,,,,Prospect,100328,,,,,100221,Offshore Team,100199,,100325,,102597
100643,Opportunity,105075,mei.reyes@demomail.test,Quinn Ford,2023-05-15 20:18:00,yara.brooks@examplecorp.test,Rowan Silva,2023-07-16 00:49:00,liam.kim@acme-fake.test,Marco Blake,2025-10-04 13:03:00,sofia.dorsey@examplecorp.test,,2023-06-16 13:49:00,Y,Delta Robotics LLP - Recruiting,,100596,Discovery,100606,,LOT-9696,100357,REF-5978,104465,,,,Webinar,100369,Active,,,,,,,,,,"219,662",Alpha,,"36,150",,Diego Rossi,101559,100031,,,SMB,,,,,100432,,100507,,,,,Active Customer,100730,,,,,100231,Offshore Team,100568,,100046,,102668
100473,Opportunity,105078,riley.costa@acme-fake.test,Emerson Sato,2022-11-13 21:35:00,chen.brooks@demomail.test,Taylor Kim,2026-03-29 00:54:00,elena.blake@demomail.test,Yara Mercer,2026-05-17 15:08:00,reese.sato@demomail.test,,2023-09-20 21:54:00,N,Horizon Dynamics LLC - Payroll,,,Proposal Sent,100436,,LOT-2686,100117,SKU-6566,103554,,,,Website,100775,Active,,,,,,,,100169,,,Gamma,,,6565,Priya Blake,101631,100436,,100233,Enterprise,100181,,,,100469,,100399,,,,,Active Customer,100407,,,,,,Recruiting,,,100745,,
100242,Opportunity,105079,reese.mensah@sampleco.test,Morgan Garcia,2023-03-18 14:30:00,omar.cohen@demomail.test,Avery Calder,2023-09-26 13:04:00,liam.sloan@examplecorp.test,Taylor Brooks,2025-08-21 07:21:00,taylor.vance@demomail.test,,2022-11-06 10:53:00,Y,Harbor Partners Inc - Back Office,,,Proposal Sent,100548,,TAG-3807,100375,TAG-5377,103129,,,,Partner,,Active,,,,,,,,100565,,"117,339",,,,2206,Taylor Okafor,,100671,,,Standard,100372,,,,100071,,,,,100071,,Active Customer,100118,,,,,100726,Payroll,,,100361,,
100068,Opportunity,105082,mei.larsson@examplecorp.test,Morgan Ivanov,2026-01-06 06:48:00,reese.okafor@acme-fake.test,Jamie Mercer,2022-10-26 13:00:00,elena.ivanov@examplecorp.test,Marco Patel,2024-04-25 03:32:00,aisha.larsson@acme-fake.test,,2026-01-24 20:58:00,Y,Copper Dynamics Inc - Recruiting,,,Discovery,100522,,TAG-3293,100292,LOT-5454,104432,,,,Event,100033,Active,,,,,,100244,,,,,Standard,,"4,344",9760,Noah Cohen,101652,,TAG-5119,,Standard,100220,,,,100319,,100570,Standard,,,,Prospect,100782,,,,,,Consulting,100260,,100252,,
100529,Opportunity,105084,rowan.silva@sampleco.test,Emerson Haddad,2025-06-25 17:07:00,yara.ashby@examplecorp.test,Chen Calder,2026-06-05 11:26:00,drew.ivanov@sampleco.test,Skyler Patel,2023-10-31 10:41:00,yara.kim@examplecorp.test,,2026-06-23 12:31:00,N,Ironwood Robotics Inc - Offshore Team,,100399,Dead,100291,LOT-4186,REF-8321,100033,LOT-7502,103182,,,,LinkedIn,100210,Inactive,,,,,,,,100496,,"450,941",,100751,"21,089",,Jamie Nguyen,101534,,TAG-4253,,New Logo,100303,,,,100314,,,,,100365,,Active Customer,100509,,,,,100068,Back Office,,,100421,,
100686,Opportunity,105087,nina.ashby@acme-fake.test,Alex Ivanov,2023-11-10 12:53:00,diego.haddad@sampleco.test,Casey Whitfield,2026-02-10 18:40:00,fatima.rossi@demomail.test,Alex Brooks,2024-05-03 14:40:00,quinn.haddad@examplecorp.test,,2026-07-06 10:56:00,Y,Cobalt Partners - Recruiting,,100298,Qualification,100366,SKU-6609,TAG-8313,100382,,103797,,,,Cold Outreach,,Active,,,,,,100236,,100608,,"252,811",Standard,,"28,488",,Nina Kim,,100428,SKU-1888,100236,New Logo,100582,,,,100156,,,,,100441,,Active Customer,100423,,,,,100328,Managed Services,,,100650,,103400
100680,Opportunity,105088,yara.sato@sampleco.test,Omar Whitfield,2025-12-13 06:02:00,elena.silva@demomail.test,Drew Nguyen,2025-10-29 19:09:00,morgan.nguyen@sampleco.test,Emerson Sloan,2026-02-17 05:19:00,marco.ashby@sampleco.test,,2026-07-29 00:17:00,N,Copper Industries Inc - Payroll,,,Discovery,100380,,TAG-3941,100054,TAG-4231,101931,,,,Cold Outreach,,Active,,,,,,,,100652,,,,100372,"22,725",2913,Morgan Brooks,101529,100345,,,Enterprise,100473,,,,100564,,100770,,,,,Prospect,100182,,,,,,Recruiting,100199,,100162,,
100574,Opportunity,105091,quinn.haddad@demomail.test,Marco Mercer,2026-01-21 13:57:00,diego.sato@sampleco.test,Rowan Rossi,2025-06-29 15:43:00,mei.silva@acme-fake.test,Diego Ashby,2023-07-12 17:50:00,alex.sato@acme-fake.test,,2025-02-15 09:51:00,N,Cardinal Financial - Back Office,,100568,Qualification,100203,,TAG-7116,100188,LOT-8339,104359,,,,Website,100632,Active,,,,,,,,100595,,"87,669",,100761,,,Marco Mensah,101553,100003,,,Renewal,,,,,100627,,,,,,,Prospect,100730,,,,,,Managed Services,,,100062,,103432
100201,Opportunity,105093,jordan.rossi@examplecorp.test,Jordan Silva,2024-02-05 11:02:00,jordan.costa@sampleco.test,Rowan Vance,2025-11-06 17:31:00,liam.patel@demomail.test,Emerson Ford,2024-05-23 03:51:00,drew.silva@sampleco.test,,2024-08-14 18:17:00,N,Everest Ventures - Back Office,,100454,Dead,100512,SKU-5565,LOT-8382,100512,REF-9259,104229,,,,Website,100564,Inactive,,,,,,100079,,100696,,,,100277,"5,617",,Casey Garcia,101743,100082,TAG-4804,100157,New Logo,100087,,,,100680,,,,,100420,,Active Customer,100355,,,,,100661,Managed Services,,,100244,,101992
100671,Opportunity,105096,skyler.mercer@demomail.test,Mei Silva,2025-04-23 16:56:00,marco.garcia@acme-fake.test,Skyler Rossi,2024-12-01 14:30:00,jordan.blake@demomail.test,Rowan Calder,2023-02-12 03:09:00,drew.kim@demomail.test,,2025-10-13 07:39:00,N,Pioneer Manufacturing Inc - Staff Augmentation,,,Closed Lost,100471,,TAG-8562,100239,LOT-4126,102597,,,,Webinar,,Inactive,,,,,,100161,,100629,,,Alpha,100117,"33,970",,Drew Cohen,,100286,LOT-1498,100246,Standard,,,,,100386,,,,,100071,,Active Customer,100672,,,,,100133,Consulting,100551,,100400,,104749
100478,Opportunity,105099,quinn.nguyen@examplecorp.test,Diego Sloan,2025-11-19 11:03:00,morgan.blake@acme-fake.test,Aisha Sloan,2023-07-05 16:21:00,reese.reyes@sampleco.test,Omar Mercer,2024-07-20 18:43:00,jamie.cohen@demomail.test,,2026-06-16 05:01:00,N,Redwood Health LLC - Staff Augmentation,,100774,Closed Won,100714,REF-1766,TAG-6455,100200,REF-5565,103866,,,,LinkedIn,100332,Inactive,,,,,,,,100094,,"157,369",,100165,"15,443",,Jamie Larsson,101478,,REF-1240,,SMB,,,,,100033,,,,,,,Active Customer,100732,,,,,100525,Payroll,100336,,100362,,
100392,Opportunity,105100,fatima.whitfield@examplecorp.test,Reese Cohen,2023-05-08 07:06:00,rowan.mensah@demomail.test,Drew Brooks,2023-11-20 11:27:00,quinn.patel@sampleco.test,Rahul Dorsey,2025-03-07 06:36:00,drew.silva@demomail.test,,2025-10-07 23:45:00,N,Vertex Financial Corp - Payroll,,100199,Proposal Sent,100061,,REF-7164,100219,SKU-3775,103097,,,,LinkedIn,,Active,,,,,,100472,,100652,,"66,928",Gamma,,,,Skyler Ashby,100800,100461,LOT-9719,,SMB,100038,,,,100119,,100529,Standard,,100640,,Active Customer,100683,,,,,,Payroll,100739,,100664,,103774
100465,Opportunity,105101,omar.haddad@sampleco.test,Skyler Mensah,2026-01-28 14:20:00,morgan.whitfield@sampleco.test,Chen Sloan,2024-12-31 15:42:00,chen.mensah@examplecorp.test,Arjun Ivanov,2023-11-01 11:20:00,aisha.calder@examplecorp.test,,2025-06-27 10:15:00,Y,Delta Networks LLP - Managed Services,,100350,Discovery,100076,,SKU-2177,100021,,104509,,,,Inbound Call,,Active,,,,,,100389,,,,"397,965",,,"4,474",,Rahul Rossi,101753,,TAG-9790,100398,SMB,100624,,,,100142,,100570,,,,,Prospect,100469,,,,,100142,Payroll,100137,,100759,,
100349,Opportunity,105102,avery.rossi@examplecorp.test,Chen Dorsey,2023-10-14 01:35:00,yara.kim@acme-fake.test,Casey Okafor,2025-07-19 06:24:00,reese.sato@acme-fake.test,Rahul Okafor,2024-08-27 22:24:00,chen.haddad@demomail.test,,2022-12-03 23:12:00,Y,Granite Robotics Ltd - Offshore Team,,100147,Closed Won,100257,,SKU-6301,100396,SKU-6946,102570,,,,Referral,100372,Inactive,,,,,,100407,,,,"102,319",,100604,"9,255",,Nina Sloan,101035,,SKU-9674,100724,Standard,100616,,,,100165,,,,,100383,,Active Customer,100434,,,,,100707,Consulting,100339,,100317,,102868
100786,Opportunity,105103,yara.haddad@examplecorp.test,Chen Rossi,2024-08-12 08:48:00,avery.garcia@sampleco.test,Jamie Silva,2026-05-02 14:13:00,marco.dorsey@demomail.test,Jamie Silva,2026-06-19 18:17:00,skyler.okafor@acme-fake.test,,2025-09-29 00:55:00,Y,Silverline Solutions LLP - Payroll,,100401,Discovery,100250,SKU-8734,SKU-1690,100578,LOT-5154,102183,,,,Partner,100087,Active,,,,,,100314,,100494,,,,,,,Emerson Calder,101065,,,,Enterprise,,,,,100707,,100660,,,100509,,Prospect,100438,,,,,,Managed Services,,,100484,,
100570,Opportunity,105104,reese.ivanov@acme-fake.test,Quinn Haddad,2025-11-15 18:14:00,alex.brooks@sampleco.test,Jordan Mercer,2024-10-12 16:23:00,skyler.dorsey@sampleco.test,Mei Cohen,2023-05-06 22:53:00,alex.costa@examplecorp.test,Skyler Kim,2026-01-09 14:12:00,Y,Brightpath Solutions Inc - Payroll,,100643,On Hold,100529,LOT-5388,LOT-5488,100774,REF-9297,103878,,,,Cold Outreach,100555,Active,,,,,,,,,,"386,423",,,"14,429",,Morgan Rossi,101046,100775,,100651,Enterprise,100226,,,,100475,,100721,,,,,Active Customer,100145,,,,,100012,Consulting,,,100432,,
100232,Opportunity,105107,riley.okafor@sampleco.test,Omar Nguyen,2025-04-29 04:23:00,marco.vance@examplecorp.test,Liam Okafor,2023-02-14 22:51:00,liam.calder@acme-fake.test,Chen Sloan,2023-06-13 22:05:00,elena.calder@examplecorp.test,,2022-10-20 17:16:00,N,Vertex Analytics LLP - Payroll,,,Proposal Sent,100172,,REF-1235,100667,REF-3773,102152,,,,Referral,100284,Active,,,,,,,,,,"105,759",Standard,100250,,,Fatima Ivanov,101107,100309,,,Enterprise,100194,,,,100233,,,,,100087,,Prospect,100267,,,,,100776,Payroll,,,100120,,
100548,Opportunity,105109,emerson.blake@examplecorp.test,Drew Cohen,2025-07-04 11:39:00,marco.kim@acme-fake.test,Aisha Sloan,2024-04-17 12:37:00,marco.haddad@examplecorp.test,Liam Calder,2026-01-17 23:36:00,quinn.blake@sampleco.test,,2025-09-27 21:40:00,Y,Cardinal Solutions Ltd - Managed Services,,100359,Qualification,100420,SKU-4965,REF-4626,100659,TAG-8668,104298,,,,LinkedIn,,Active,,,,,,,,100512,,,Beta,100448,"30,394",1675,Elena Haddad,100893,100387,TAG-2914,100432,Renewal,100201,,,,100340,,100741,,,,,Active Customer,100654,,,,,100083,Payroll,100475,,100357,,
100651,Opportunity,105110,noah.blake@demomail.test,Reese Kim,2024-08-22 21:54:00,fatima.whitfield@acme-fake.test,Jordan Vance,2025-10-15 11:35:00,marco.rossi@demomail.test,Jamie Cohen,2025-01-31 04:37:00,omar.vance@sampleco.test,,2024-02-16 00:25:00,N,Ironwood Media - Offshore Team,,100761,Negotiation,100707,SKU-1147,REF-5918,100128,REF-9844,103268,,,,Website,,Active,,,,,,,,100699,,"211,635",,100503,"17,512",,Jamie Haddad,100857,,,100415,SMB,,,,,100423,,100200,,,,,Prospect,100762,,,,,,Payroll,,,100639,,
100250,Opportunity,105112,yara.brooks@demomail.test,Taylor Mercer,2024-03-15 14:55:00,marco.calder@sampleco.test,Jordan Mensah,2026-05-04 14:53:00,riley.blake@examplecorp.test,Omar Calder,2025-04-12 08:13:00,riley.brooks@examplecorp.test,,2023-05-01 22:05:00,Y,Pioneer Holdings Ltd - Staff Augmentation,,,Closed Lost,100702,LOT-2294,LOT-4267,100739,,103817,,,,Webinar,,Inactive,,,,,,100162,,,,"193,150",,100782,"29,784",,Reese Sloan,101745,100462,,100021,Enterprise,,,,,100389,,100686,Other,,100386,,Active Customer,100398,,,,,,Offshore Team,,,100149,,
100260,Opportunity,105113,elena.reyes@demomail.test,Omar Dorsey,2023-09-25 02:27:00,jamie.larsson@sampleco.test,Sofia Dorsey,2025-11-10 04:54:00,sofia.whitfield@sampleco.test,Jordan Mercer,2025-12-06 00:33:00,omar.silva@acme-fake.test,,2025-10-04 00:26:00,N,Pioneer Analytics Ltd - Managed Services,,100092,Closed Lost,100185,,LOT-8768,100140,LOT-5247,102443,,,,Partner,100155,Inactive,,,,,,100392,,100490,,"263,656",Beta,,"29,960",,Aisha Cohen,,,LOT-8779,100196,SMB,100130,,,,100174,,,,,,,Prospect,100635,,,,,,Offshore Team,100659,,100275,,
100047,Opportunity,105116,aisha.mercer@sampleco.test,Yara Blake,2026-05-06 12:31:00,diego.ivanov@sampleco.test,Drew Ivanov,2025-04-09 14:49:00,fatima.nguyen@demomail.test,Quinn Costa,2024-11-05 11:31:00,elena.rossi@examplecorp.test,,2024-02-06 10:55:00,N,Delta Group Co - Payroll,,,Dead,100343,,TAG-5015,100475,SKU-3621,102766,,,,Partner,,Inactive,,,,,,100208,,100710,,"418,422",,,,,Chen Ivanov,101020,100574,,100765,Renewal,,,,,100519,,100134,,,,,Active Customer,100158,,,,,100552,Back Office,100058,,100468,,103398
100007,Opportunity,105117,diego.vance@demomail.test,Chen Nguyen,2025-01-12 00:38:00,priya.brooks@sampleco.test,Diego Ashby,2025-11-29 17:49:00,sofia.haddad@examplecorp.test,Avery Ivanov,2025-08-21 19:04:00,fatima.dorsey@sampleco.test,,2022-12-12 20:05:00,Y,Granite Capital - Payroll,,,Proposal Sent,100713,,REF-4913,100457,REF-2032,103707,,,,LinkedIn,100033,Active,,,,,,,,100622,,"488,477",,100713,"8,681",,Skyler Sloan,101087,100576,,,New Logo,,,,,100428,,100295,,,100478,,Active Customer,100311,,,,,,Back Office,100704,,100661,,102158
100535,Opportunity,105118,jordan.rossi@acme-fake.test,Fatima Silva,2025-11-02 07:16:00,jordan.ford@acme-fake.test,Diego Whitfield,2023-12-04 05:21:00,rahul.mensah@demomail.test,Aisha Kim,2023-04-24 18:39:00,taylor.ashby@acme-fake.test,,2025-04-07 10:18:00,N,Harbor Capital Ltd - Payroll,,,Closed Won,100082,,SKU-4174,100611,TAG-5881,104794,,,,Webinar,100726,Inactive,,,,,,,,,,,,,"11,654",,Noah Silva,,100435,LOT-2460,,Renewal,,,,,100320,,100340,,,,,Prospect,100096,,,,,100183,Back Office,100109,,100067,,104267
100130,Opportunity,105121,diego.haddad@demomail.test,Taylor Calder,2023-06-17 23:37:00,elena.mensah@demomail.test,Emerson Calder,2023-11-14 08:24:00,chen.patel@examplecorp.test,Fatima Rossi,2025-11-12 05:32:00,mei.haddad@acme-fake.test,,2023-05-01 11:36:00,N,Meridian Industries Co - Back Office,,,Qualification,100669,SKU-7426,REF-6304,100058,LOT-8335,102184,,,,Webinar,,Active,,,,,,,,100561,,,Standard,,"4,720",,Marco Reyes,101238,,REF-8396,100735,Renewal,100239,,,,100461,,100664,,,,,Active Customer,100651,,,,,,Recruiting,100528,,100696,,
100145,Opportunity,105123,casey.costa@sampleco.test,Liam Larsson,2023-01-25 07:47:00,quinn.mensah@examplecorp.test,Jordan Rossi,2023-10-24 18:36:00,rowan.haddad@examplecorp.test,Morgan Sato,2026-01-29 18:56:00,morgan.rossi@sampleco.test,,2025-04-02 04:01:00,Y,Silverline Financial Inc - Consulting,,100555,Negotiation,100340,,SKU-5972,100529,SKU-2378,102194,,,,Referral,,Active,,,,,,,,,,,Standard,100021,,,Casey Rossi,100867,,,100366,Standard,,,,,100596,,,,,100038,,Active Customer,100042,,,,,100710,Staff Augmentation,100629,,100157,,104267
100469,Opportunity,105126,riley.garcia@examplecorp.test,Nina Dorsey,2024-08-21 13:02:00,arjun.costa@demomail.test,Diego Sloan,2025-04-04 18:14:00,taylor.patel@demomail.test,Reese Costa,2026-01-09 14:55:00,nina.ashby@examplecorp.test,,2022-11-24 23:15:00,Y,Delta Health LLP - Recruiting,,,Closed Won,100387,,REF-1799,100714,LOT-8690,101958,,,,Cold Outreach,100083,Inactive,,,,,,100178,,100423,,,Delta,100038,"35,568",2796,Taylor Garcia,101632,100362,,100317,New Logo,100288,,,,100295,,100392,,,100257,,Active Customer,100298,,,,,,Managed Services,100123,,100210,,104396
100205,Opportunity,105127,omar.ashby@examplecorp.test,Omar Dorsey,2024-05-03 12:32:00,reese.ashby@demomail.test,Liam Blake,2026-04-06 05:57:00,quinn.larsson@examplecorp.test,Emerson Patel,2026-05-12 00:36:00,sofia.kim@sampleco.test,,2025-12-23 19:49:00,Y,Keystone Labs Inc - Payroll,,100554,Closed Lost,100071,,TAG-8265,100448,TAG-9820,,,,,Inbound Call,100616,Inactive,,,,,,100542,,100522,,,Beta,100472,,699,Reese Rossi,101338,,REF-5283,100322,New Logo,,,,,100208,,100183,,,100786,,Active Customer,100118,,,,,100366,Back Office,100550,,100208,,104683
100585,Opportunity,105128,drew.garcia@sampleco.test,Skyler Okafor,2025-03-27 12:11:00,quinn.cohen@sampleco.test,Diego Ivanov,2024-01-14 18:08:00,reese.calder@demomail.test,Rahul Cohen,2024-09-17 16:36:00,jordan.patel@demomail.test,,2024-12-26 09:35:00,Y,Everest Energy Co - Consulting,,100465,Closed Lost,100193,,SKU-9176,100362,SKU-9014,101937,,,,Event,100155,Inactive,,,,,,,,100273,,"292,288",,100003,"32,638",553,Aisha Ford,101328,100661,REF-3126,,Renewal,,,,,100555,,100303,,,,,Prospect,100357,,,,,,Staff Augmentation,100169,,100229,,104550
100387,Opportunity,105129,taylor.dorsey@demomail.test,Omar Cohen,2024-01-07 07:55:00,arjun.rossi@acme-fake.test,Omar Okafor,2025-03-19 00:52:00,marco.garcia@sampleco.test,Emerson Okafor,2025-01-21 07:58:00,diego.costa@acme-fake.test,,2025-04-17 22:42:00,N,Brightpath Manufacturing Ltd - Offshore Team,,,Discovery,100494,,REF-4694,100481,LOT-5237,103631,,,,LinkedIn,,Active,,,,,,100542,,100460,,,,,"17,828",8022,Emerson Ford,,,,100053,Enterprise,,,,,100366,,100158,,,100365,,Prospect,100029,,,,,,Offshore Team,,,100082,,104367
100538,Opportunity,105132,taylor.garcia@examplecorp.test,Jamie Reyes,2024-06-27 18:02:00,jordan.haddad@sampleco.test,Quinn Dorsey,2026-02-16 20:14:00,diego.haddad@examplecorp.test,Mei Haddad,2026-06-09 18:41:00,arjun.larsson@examplecorp.test,,2025-01-11 04:54:00,Y,Pioneer Industries - Recruiting,,,Closed Won,100638,LOT-9911,REF-4076,100559,LOT-3532,102740,,,,Inbound Call,100660,Inactive,,,,,,,,,,"489,873",Other,,,,Reese Blake,101388,,REF-7805,100191,New Logo,100307,,,,100145,,,Gamma,,100478,,Prospect,100551,,,,,100461,Payroll,,,100385,,104441
100622,Opportunity,105135,liam.costa@examplecorp.test,Noah Silva,2024-02-17 13:59:00,morgan.okafor@sampleco.test,Yara Okafor,2024-10-02 13:29:00,yara.nguyen@demomail.test,Nina Silva,2026-05-09 12:25:00,drew.sloan@sampleco.test,,2022-10-13 10:32:00,N,Beacon Industries Inc - Recruiting,,100509,Dead,100665,SKU-9295,REF-6639,100554,SKU-8140,104170,,,,Event,,Inactive,,,,,,100079,,,,"47,479",,100026,"24,312",,Sofia Dorsey,,,,100162,SMB,100103,,,,100593,,,,,100253,,Active Customer,100372,,,,,100425,Managed Services,100678,,100451,,103118
100732,Opportunity,105138,casey.kim@demomail.test,Avery Ivanov,2025-10-13 08:04:00,taylor.mensah@acme-fake.test,Yara Whitfield,2025-12-23 11:18:00,sofia.nguyen@demomail.test,Rowan Whitfield,2022-11-19 03:21:00,noah.brooks@acme-fake.test,,2024-03-05 11:22:00,N,Falcon Dynamics - Offshore Team,,100103,Negotiation,100305,,LOT-3125,100355,LOT-8138,104593,,,,Website,100174,Active,,,,,,,,100130,,,,,,4881,Morgan Kim,,,TAG-4036,,New Logo,100735,,,,100516,,100542,,,100555,,Active Customer,100273,,,,,100226,Managed Services,100224,,100061,,104267
100149,Opportunity,105140,liam.larsson@examplecorp.test,Sofia Silva,2025-06-24 04:09:00,aisha.garcia@acme-fake.test,Taylor Nguyen,2026-04-27 18:05:00,casey.whitfield@acme-fake.test,Rowan Cohen,2025-01-27 08:54:00,noah.reyes@examplecorp.test,,2026-02-13 09:23:00,N,Harbor Group Co - Staff Augmentation,,100260,Discovery,100067,,REF-1923,100726,LOT-9469,104790,,,,Website,,Active,,,,,,100264,,100771,,"47,415",,100169,"13,081",8588,Noah Costa,100899,100201,TAG-7368,100200,SMB,,,,,100201,,100264,Delta,,100596,,Prospect,100239,,,,,100396,Offshore Team,100465,,100415,,
100545,Opportunity,105143,taylor.okafor@acme-fake.test,Marco Whitfield,2023-06-16 03:48:00,mei.kim@acme-fake.test,Liam Mensah,2025-07-13 19:15:00,skyler.vance@sampleco.test,Sofia Blake,2025-06-13 04:41:00,elena.kim@examplecorp.test,,2024-08-24 10:03:00,N,Meridian Energy Inc - Back Office,,100481,Closed Won,100405,SKU-8959,SKU-8945,100420,REF-5225,102668,,,,Referral,100726,Inactive,,,,,,,,100496,,"191,277",Alpha,,"31,924",,Casey Kim,101220,100211,TAG-8998,,Standard,,,,,100414,,100495,,,100119,,Active Customer,100688,,,,,,Staff Augmentation,,,100458,,
100336,Opportunity,105145,noah.whitfield@acme-fake.test,Riley Cohen,2024-05-07 08:07:00,liam.haddad@sampleco.test,Emerson Larsson,2024-09-05 05:23:00,quinn.mensah@sampleco.test,Liam Nguyen,2026-02-16 05:49:00,mei.ivanov@demomail.test,Elena Nguyen,2025-04-09 19:45:00,N,Brightpath Financial Ltd - Managed Services,,100403,Discovery,100142,,SKU-7775,100740,SKU-2296,102186,,,,Inbound Call,100182,Active,,,,,,100453,,100253,,"42,932",,100009,"12,805",,Nina Sato,101262,100103,LOT-8203,100718,New Logo,100651,,,,100775,,100156,,,100400,,Prospect,100554,,,,,,Managed Services,100425,,100181,,104102
100405,Opportunity,105147,sofia.mensah@sampleco.test,Jamie Reyes,2023-11-15 14:57:00,rahul.nguyen@acme-fake.test,Mei Garcia,2025-08-10 19:35:00,jordan.ford@acme-fake.test,Chen Larsson,2026-07-22 03:17:00,yara.kim@sampleco.test,,2023-05-30 17:41:00,N,Copper Media Corp - Recruiting,,,Discovery,100454,,LOT-8670,100174,REF-3114,103865,,,,Partner,,Active,,,,,,,,100277,,"453,678",,100269,"30,360",3536,Priya Vance,101630,,,100183,Standard,100608,,,,100320,,,,,,,Active Customer,100229,,,,,,Recruiting,100117,,100627,,102581
100650,Opportunity,105150,noah.rossi@acme-fake.test,Marco Vance,2024-08-12 17:31:00,aisha.dorsey@sampleco.test,Diego Kim,2023-01-16 17:44:00,noah.dorsey@examplecorp.test,Liam Kim,2023-05-08 12:03:00,fatima.cohen@demomail.test,,2022-12-10 11:23:00,N,Pioneer Partners Ltd - Recruiting,,,Closed Won,100519,,SKU-8847,100596,REF-1885,101981,,,,Event,100275,Inactive,,,,,,,,100688,,"158,451",Other,100299,,,Elena Patel,100990,,LOT-6126,100771,SMB,,,,,100094,,,,,100481,,Prospect,100118,,,,,100574,Payroll,,,100726,,104258
100286,Opportunity,105151,priya.silva@acme-fake.test,Jordan Mensah,2023-01-01 06:48:00,marco.silva@sampleco.test,Yara Brooks,2023-09-07 18:51:00,jamie.calder@acme-fake.test,Yara Mercer,2024-08-15 01:48:00,rahul.mensah@sampleco.test,,2024-09-10 14:47:00,Y,Atlas Labs LLC - Consulting,,,Closed Won,100429,TAG-4362,TAG-5478,100689,LOT-1657,102754,,,,Webinar,,Inactive,,,,,,100172,,100717,,,Standard,100739,"9,000",3458,Chen Haddad,101205,,,,Standard,,,,,100031,,,,,100224,,Active Customer,100606,,,,,,Payroll,100372,,100786,,102430
100061,Opportunity,105153,quinn.mensah@acme-fake.test,Chen Vance,2026-06-21 22:08:00,liam.ford@examplecorp.test,Quinn Larsson,2025-06-17 21:58:00,alex.rossi@examplecorp.test,Jordan Sato,2022-12-22 02:11:00,jamie.silva@sampleco.test,,2026-07-30 02:56:00,N,Brightpath Networks Corp - Managed Services,,,Closed Lost,100214,,SKU-7953,100257,TAG-3665,103842,,,,LinkedIn,100125,Inactive,,,,,,,,100038,,"446,128",,100226,,,Marco Sato,,,REF-9156,100079,Enterprise,,,,,100019,,100194,,,100211,,Active Customer,100196,,,,,100762,Staff Augmentation,100314,,100774,,102212
100555,Opportunity,105155,quinn.ivanov@acme-fake.test,Fatima Reyes,2026-04-28 12:09:00,sofia.mensah@examplecorp.test,Arjun Okafor,2023-09-25 04:24:00,alex.dorsey@sampleco.test,Nina Garcia,2023-10-25 04:59:00,rahul.dorsey@examplecorp.test,,2025-03-18 13:29:00,Y,Vertex Ventures Group - Staff Augmentation,,100564,Closed Lost,100277,,REF-6298,100743,LOT-6830,104082,,,,Webinar,100133,Inactive,,,,,,100590,,100366,,"259,117",Other,100659,"13,646",,Elena Kim,,100208,,100461,Enterprise,100548,,,,100196,,,,,,,Prospect,100385,,,,,100582,Payroll,,,100741,,102869
100120,Opportunity,105158,arjun.calder@acme-fake.test,Morgan Mercer,2022-10-26 11:41:00,quinn.haddad@examplecorp.test,Riley Cohen,2024-10-07 01:38:00,chen.patel@demomail.test,Alex Ashby,2023-05-04 00:29:00,reese.brooks@sampleco.test,,2023-03-02 01:35:00,Y,Evergreen Health LLP - Offshore Team,,,Qualification,100311,,LOT-3499,100578,TAG-4250,102993,,,,Webinar,100776,Active,,,,,,100174,,100538,,"209,358",,100643,"22,044",9127,Emerson Haddad,101632,100669,LOT-5049,100532,Standard,,,,,100578,,,,,,,Active Customer,100291,,,,,100047,Payroll,100300,,100590,,
100465,Opportunity,105161,avery.vance@examplecorp.test,Rowan Rossi,2023-12-27 18:14:00,rahul.okafor@sampleco.test,Priya Vance,2025-06-05 04:37:00,morgan.ford@examplecorp.test,Reese Silva,2023-01-28 08:37:00,avery.vance@sampleco.test,,2024-02-07 01:27:00,N,Everest Retail Ltd - Consulting,,100366,Qualification,100467,TAG-3048,LOT-4633,100269,REF-4694,102776,,,,LinkedIn,100269,Active,,,,,,,,,,,Standard,100645,"9,221",,Elena Patel,101606,100654,SKU-9105,,Standard,,,,,100484,,100076,,,,,Prospect,100410,,,,,,Managed Services,,,100031,,
100414,Opportunity,105162,omar.brooks@demomail.test,Morgan Brooks,2026-02-05 10:51:00,rahul.blake@examplecorp.test,Marco Rossi,2025-12-06 07:03:00,sofia.haddad@acme-fake.test,Omar Reyes,2025-03-25 05:52:00,elena.garcia@acme-fake.test,,2024-07-24 04:00:00,Y,Blue Ridge Manufacturing Corp - Offshore Team,,,Qualification,100707,LOT-8195,REF-3607,100003,,102763,,,,Cold Outreach,,Active,,,,,,100210,,,,"14,221",Beta,100357,"18,988",,Jordan Vance,101716,,SKU-4370,,Renewal,100552,,,,100579,,,,,100244,,Active Customer,100498,,,,,,Managed Services,100410,,100068,,102576
100185,Opportunity,105163,skyler.nguyen@demomail.test,Nina Mensah,2023-05-18 16:14:00,emerson.mensah@demomail.test,Noah Mensah,2026-04-20 12:04:00,chen.blake@sampleco.test,Jordan Ashby,2023-08-19 21:28:00,morgan.silva@sampleco.test,,2024-09-09 16:20:00,N,Atlas Dynamics Corp - Managed Services,,100300,Qualification,100393,,LOT-1818,100362,TAG-8485,104296,,,,LinkedIn,100239,Active,,,,,,,,100481,,,Delta,100315,"15,459",,Jamie Sato,101373,,LOT-3737,,Standard,,,,,100784,,,Standard,,100675,,Prospect,100314,,,,,100278,Managed Services,100082,,100564,,
100028,Opportunity,105164,fatima.blake@demomail.test,Jordan Nguyen,2024-11-15 03:46:00,nina.mensah@demomail.test,Jamie Patel,2026-01-31 07:59:00,jamie.ivanov@sampleco.test,Arjun Sloan,2022-11-16 17:14:00,morgan.sato@sampleco.test,,2024-06-03 18:02:00,N,Cobalt Energy Inc - Staff Augmentation,,100369,Closed Lost,100264,,REF-6245,100387,SKU-2261,101950,,,,Webinar,100221,Inactive,,,,,,,,100239,,,,100194,"7,254",501,Elena Brooks,,100298,,100730,New Logo,100790,,,,100178,,100339,,,100229,,Prospect,100453,,,,,100247,Offshore Team,,,100400,,103172
100260,Opportunity,105165,noah.silva@sampleco.test,Omar Larsson,2023-11-19 06:29:00,rahul.rossi@examplecorp.test,Elena Mercer,2023-12-28 18:13:00,noah.sato@demomail.test,Casey Mensah,2022-10-03 06:46:00,arjun.vance@examplecorp.test,,2024-10-19 20:49:00,Y,Silverline Financial - Recruiting,,,Dead,100325,,LOT-1502,100441,REF-9691,102666,,,,Website,,Inactive,,,,,,,,,,"415,854",,100021,,4435,Drew Sloan,101652,100215,,100568,Renewal,100026,,,,100434,,,,,100165,,Prospect,100087,,,,,100371,Recruiting,100038,,100498,,
100264,Opportunity,105167,skyler.ford@acme-fake.test,Chen Ford,2024-04-06 09:20:00,elena.ivanov@examplecorp.test,Rowan Okafor,2023-04-29 02:40:00,reese.ivanov@demomail.test,Taylor Ivanov,2024-07-03 09:49:00,sofia.ivanov@demomail.test,,2025-11-03 09:29:00,N,Vertex Systems Inc - Back Office,,100165,On Hold,100087,,LOT-1804,100554,REF-8963,102822,,,,Webinar,100403,Active,,,,,,,,,,,,,,,Arjun Vance,100805,100286,SKU-1271,100694,New Logo,100737,,,,100420,,100399,,,100115,,Active Customer,100496,,,,,,Managed Services,,,100260,,
100743,Opportunity,105170,quinn.larsson@demomail.test,Arjun Sloan,2025-09-26 16:11:00,mei.costa@demomail.test,Emerson Silva,2026-07-18 05:54:00,chen.garcia@demomail.test,Nina Ford,2025-04-08 19:23:00,jamie.vance@acme-fake.test,,2024-10-23 18:43:00,N,Silverline Financial Inc - Managed Services,,100307,Negotiation,100340,TAG-9017,TAG-6409,100512,TAG-9599,102374,,,,Referral,,Active,,,,,,,,100117,,"453,184",,,"8,154",5490,Nina Calder,101103,,,,New Logo,100220,,,,100305,,,,,100109,,Active Customer,100157,,,,,,Staff Augmentation,,,100100,,103195
100555,Opportunity,105171,riley.costa@sampleco.test,Rowan Calder,2025-01-25 20:42:00,morgan.whitfield@examplecorp.test,Quinn Cohen,2026-05-10 09:26:00,chen.garcia@demomail.test,Liam Nguyen,2026-02-07 21:41:00,taylor.sloan@sampleco.test,,2026-03-15 19:17:00,N,Silverline Financial Group - Recruiting,,100498,Closed Lost,100660,TAG-7052,REF-9583,100359,LOT-7443,102783,,,,LinkedIn,,Inactive,,,,,,100669,,100128,,"333,376",,100664,,,Liam Ford,101575,100453,,,Standard,,,,,100098,,100697,,,100421,,Prospect,100445,,,,,100067,Back Office,100629,,100578,,
100465,Opportunity,105174,elena.reyes@examplecorp.test,Sofia Brooks,2025-12-12 23:16:00,morgan.ford@sampleco.test,Diego Larsson,2026-03-05 18:50:00,alex.blake@acme-fake.test,Emerson Mercer,2024-01-01 07:32:00,casey.ivanov@acme-fake.test,,2024-04-13 21:38:00,Y,Brightpath Holdings - Payroll,,100627,Dead,100460,TAG-2382,REF-6078,100134,LOT-9459,102426,,,,Website,,Inactive,,,,,,100016,,100660,,"103,758",Other,100461,"1,701",2379,Jamie Calder,,100385,REF-2079,,Enterprise,,,,,100462,,,Standard,,100680,,Active Customer,100062,,,,,100718,Back Office,,,100476,,
100727,Opportunity,105175,rahul.reyes@demomail.test,Yara Haddad,2025-08-01 08:28:00,drew.reyes@sampleco.test,Arjun Reyes,2024-07-14 17:22:00,rowan.dorsey@examplecorp.test,Rahul Sato,2024-01-31 08:30:00,rowan.costa@sampleco.test,,2024-10-17 03:33:00,N,Beacon Financial - Recruiting,,100678,Negotiation,100232,,SKU-8474,100083,REF-6335,103334,,,,Inbound Call,100231,Active,,,,,,100375,,100412,,,Gamma,,"12,601",2398,Emerson Sato,100815,,,100083,Standard,100042,,,,100183,,100076,,,100399,,Active Customer,100125,,,,,,Back Office,100758,,100601,,102031
100236,Opportunity,105177,riley.whitfield@acme-fake.test,Arjun Okafor,2023-03-16 05:41:00,avery.larsson@demomail.test,Riley Okafor,2023-06-08 23:21:00,omar.mensah@sampleco.test,Sofia Sato,2022-11-08 13:58:00,casey.sato@demomail.test,,2025-04-15 10:23:00,N,Lakeside Dynamics Corp - Consulting,,100574,Qualification,100714,,REF-4294,100042,SKU-1195,104837,,,,Webinar,,Active,,,,,,100325,,100428,,"24,478",Delta,,"3,649",,Alex Ashby,101450,,TAG-4298,,SMB,100208,,,,100260,,,,,100009,,Active Customer,100399,,,,,100490,Offshore Team,100169,,100471,Alpha,102807
100162,Opportunity,105178,diego.ivanov@sampleco.test,Skyler Okafor,2026-05-31 17:17:00,morgan.patel@sampleco.test,Liam Costa,2024-09-16 06:03:00,nina.silva@demomail.test,Reese Silva,2024-11-30 04:54:00,skyler.kim@sampleco.test,,2024-05-30 11:28:00,N,Atlas Energy Corp - Recruiting,,100596,Discovery,100232,,LOT-9679,100650,REF-4694,103862,,,,Inbound Call,,Active,,,,,,100784,,100211,,,Beta,100707,"22,859",,Jordan Ashby,101534,100305,,,SMB,100140,,,,100077,,,,,,,Active Customer,100303,,,,,,Offshore Team,,,100371,,
100737,Opportunity,105180,elena.mercer@demomail.test,Drew Ashby,2025-10-25 18:04:00,mei.ashby@demomail.test,Avery Vance,2024-02-22 08:17:00,jordan.blake@examplecorp.test,Marco Sato,2023-07-17 15:44:00,avery.ashby@acme-fake.test,,2022-10-07 09:13:00,N,Summit Health LLP - Consulting,,,Negotiation,100005,,TAG-7295,100441,SKU-5518,103608,,,,Inbound Call,100423,Active,,,,,,,,,,,,,"37,476",6818,Reese Larsson,,,TAG-7715,100421,Standard,100410,,,,100774,,100378,,,100296,,Active Customer,100278,,,,,,Managed Services,,,100727,,104152
100393,Opportunity,105182,mei.mercer@acme-fake.test,Aisha Nguyen,2022-10-24 06:57:00,rahul.ivanov@demomail.test,Skyler Cohen,2024-09-03 07:31:00,drew.brooks@sampleco.test,Liam Cohen,2024-06-23 18:04:00,riley.nguyen@acme-fake.test,,2024-03-28 15:43:00,N,Blue Ridge Financial Inc - Offshore Team,,,Qualification,100096,,LOT-9202,100244,LOT-9140,102972,,,,Cold Outreach,100401,Active,,,,,,,,100247,,"436,853",Gamma,100509,"25,972",,Priya Rossi,,,,,SMB,100496,,,,100271,,100142,,,100199,,Active Customer,100315,,,,,,Staff Augmentation,100740,,100065,,
100694,Opportunity,105184,mei.silva@sampleco.test,Rahul Calder,2023-02-09 23:02:00,aisha.haddad@examplecorp.test,Emerson Mensah,2024-11-04 10:41:00,aisha.haddad@sampleco.test,Fatima Ivanov,2026-06-20 01:57:00,priya.ivanov@acme-fake.test,,2026-03-18 23:36:00,Y,Ironwood Health Group - Managed Services,,,Qualification,100348,,LOT-3528,100242,SKU-3785,103387,,,,Partner,,Active,,,,,,100215,,,,,,,"7,564",3671,Mei Sloan,101225,100616,,100098,Renewal,100735,,,,100393,,,,,,,Active Customer,100325,,,,,100050,Managed Services,100606,,100423,Delta,103288
100654,Opportunity,105185,noah.sato@sampleco.test,Nina Dorsey,2023-06-16 20:00:00,jamie.sato@acme-fake.test,Reese Sato,2022-11-01 13:51:00,omar.mercer@demomail.test,Nina Okafor,2024-06-12 02:40:00,morgan.blake@sampleco.test,,2025-06-24 17:17:00,N,Silverline Energy Inc - Consulting,,,Closed Won,100758,,REF-2925,100392,LOT-1916,102968,,,,Website,100727,Inactive,,,,,,100173,,100211,,"236,073",Gamma,100047,"38,360",9318,Jamie Sloan,,100627,TAG-4976,,Enterprise,,,,,100322,,,Standard,,,,Active Customer,100194,,,,,,Back Office,,,100566,,104277
100019,Opportunity,105186,noah.costa@acme-fake.test,Taylor Mensah,2023-09-27 03:13:00,nina.cohen@demomail.test,Omar Kim,2026-04-21 10:17:00,liam.sloan@sampleco.test,Avery Whitfield,2026-02-11 06:37:00,noah.sato@demomail.test,,2026-07-23 22:52:00,N,Keystone Partners Corp - Staff Augmentation,,,Proposal Sent,100733,,LOT-6322,100576,SKU-5937,102443,,,,Cold Outreach,100564,Active,,,,,,100659,,100616,,"313,371",,100284,"6,081",,Taylor Mercer,101512,100578,,100275,Standard,,,,,100640,,100423,Standard,,100092,,Prospect,100016,,,,,100790,Offshore Team,100732,,100068,,
100638,Opportunity,105187,chen.ivanov@demomail.test,Fatima Ford,2026-06-03 05:26:00,jordan.sato@acme-fake.test,Riley Larsson,2025-07-09 23:08:00,riley.sloan@demomail.test,Quinn Ivanov,2023-10-26 07:06:00,emerson.mensah@sampleco.test,,2023-08-09 22:56:00,N,Blue Ridge Networks Corp - Managed Services,,,Discovery,100747,,LOT-9641,100779,LOT-9344,103781,,,,LinkedIn,100596,Active,,,,,,,,,,"83,621",,100365,"2,910",,Taylor Patel,100940,,,100503,Enterprise,100343,,,,100109,,,,,,,Prospect,100239,,,,,,Back Office,100634,,100383,,
100688,Opportunity,105188,omar.haddad@acme-fake.test,Riley Patel,2026-04-16 11:22:00,arjun.ashby@acme-fake.test,Jamie Whitfield,2024-10-19 16:22:00,chen.haddad@examplecorp.test,Morgan Sloan,2024-09-02 05:16:00,drew.okafor@examplecorp.test,,2025-04-19 20:27:00,Y,Brightpath Dynamics - Payroll,,,Qualification,100359,SKU-9478,SKU-6388,100349,TAG-5896,104258,,,,Website,100613,Active,,,,,,100407,,,,,Standard,,"38,001",,Omar Nguyen,101414,100481,TAG-3021,100012,SMB,,,,,100779,,100380,Alpha,,,,Active Customer,100152,,,,,,Offshore Team,100601,,100246,,
100535,Opportunity,105190,jamie.dorsey@demomail.test,Jordan Vance,2023-08-20 01:19:00,drew.patel@examplecorp.test,Arjun Mercer,2025-07-23 08:54:00,reese.sloan@sampleco.test,Alex Ford,2025-05-13 13:03:00,emerson.whitfield@acme-fake.test,,2024-01-17 08:19:00,Y,Redwood Industries LLC - Recruiting,,,Proposal Sent,100656,TAG-1806,REF-9562,100067,REF-2227,104785,,,,Referral,100328,Active,,,,,,100007,,100585,,"339,782",Other,,"26,563",4515,Diego Okafor,,,,100472,Standard,100713,,,,100619,,100558,,,,,Active Customer,100675,,,,,100414,Consulting,100751,,100247,,102397
100298,Opportunity,105191,diego.sloan@acme-fake.test,Morgan Mercer,2025-08-03 04:15:00,casey.nguyen@examplecorp.test,Diego Calder,2025-07-31 18:14:00,fatima.larsson@examplecorp.test,Sofia Blake,2024-08-23 21:57:00,morgan.kim@examplecorp.test,,2025-08-01 09:13:00,N,Atlas Partners LLC - Recruiting,,100585,Proposal Sent,100162,,REF-7484,100727,LOT-1575,103179,,,,Webinar,100183,Active,,,,,,100552,,,,,Standard,100700,,,Marco Kim,101745,100100,SKU-6793,100680,SMB,100299,,,,100188,,,Standard,,100291,,Prospect,100458,,,,,,Staff Augmentation,,,100366,,103515
100779,Opportunity,105193,skyler.patel@sampleco.test,Nina Mensah,2023-05-19 10:36:00,yara.costa@sampleco.test,Rahul Garcia,2023-09-10 23:30:00,jordan.sato@sampleco.test,Skyler Nguyen,2024-11-23 03:08:00,omar.ashby@examplecorp.test,,2025-11-18 23:45:00,N,Lakeside Media Co - Payroll,,100119,On Hold,100582,,TAG-5947,100702,SKU-3697,102506,,,,Inbound Call,100493,Active,,,,,,100314,,100438,,"375,043",Delta,,"21,578",,Riley Sloan,100944,,SKU-5110,,SMB,,,,,100457,,100678,,,,,Prospect,100142,,,,,,Offshore Team,100669,,100412,,
100727,Opportunity,105196,fatima.larsson@acme-fake.test,Fatima Silva,2024-01-02 10:53:00,skyler.vance@demomail.test,Rahul Haddad,2024-10-13 03:52:00,noah.ford@demomail.test,Jordan Mercer,2023-09-29 10:38:00,riley.patel@examplecorp.test,,2025-02-01 09:59:00,Y,Evergreen Robotics Inc - Back Office,,100616,Closed Won,100014,,REF-2893,100157,REF-1575,101946,,,,Partner,100106,Inactive,,,,,,100421,,100315,,,,,"12,669",,Priya Whitfield,,,,100678,Renewal,100445,,,,100460,,100528,,,100247,,Prospect,100446,,,,,100340,Managed Services,,,100745,,104272
100468,Opportunity,105197,noah.rossi@examplecorp.test,Priya Sato,2026-04-20 06:22:00,drew.rossi@sampleco.test,Nina Nguyen,2022-11-10 07:16:00,priya.calder@acme-fake.test,Avery Sloan,2022-12-03 18:42:00,riley.reyes@acme-fake.test,,2023-08-22 21:09:00,Y,Redwood Energy Ltd - Payroll,,100673,Proposal Sent,100332,REF-3447,LOT-9972,100375,LOT-9950,101998,,,,Inbound Call,,Active,,,,,,,,,,"68,828",Standard,,"18,998",,Aisha Mensah,,,,100398,Enterprise,,,,,100401,,100385,Other,,100253,,Prospect,100664,,,,,100357,Recruiting,,,100490,,
100019,Opportunity,105199,avery.okafor@acme-fake.test,Casey Vance,2025-01-31 10:55:00,avery.okafor@examplecorp.test,Yara Calder,2024-01-02 09:24:00,aisha.cohen@sampleco.test,Diego Mercer,2023-04-02 19:57:00,noah.costa@examplecorp.test,,2023-11-28 21:17:00,N,Pioneer Energy Corp - Offshore Team,,,Qualification,100125,,REF-2311,100137,LOT-3287,103533,,,,Website,,Active,,,,,,,,,,"24,851",Other,,"32,674",,Diego Costa,101043,,,,Enterprise,100387,,,,100741,,100495,Alpha,,100554,,Active Customer,100224,,,,,,Consulting,100204,,100079,,
100155,Opportunity,105201,skyler.ivanov@examplecorp.test,Avery Garcia,2026-07-30 01:55:00,diego.kim@examplecorp.test,Diego Patel,2024-05-22 09:52:00,nina.ivanov@sampleco.test,Fatima Brooks,2026-03-11 03:33:00,sofia.dorsey@acme-fake.test,,2023-12-08 17:31:00,N,Vertex Networks LLC - Offshore Team,,,Qualification,100295,,REF-6655,100451,REF-1822,102705,,,,LinkedIn,,Active,,,,,,,,,,,Alpha,100434,"8,193",239,Diego Sato,101493,100156,SKU-2657,,New Logo,,,,,100542,,,Gamma,,,,Prospect,100256,,,,,,Managed Services,100153,,100335,,
100428,Opportunity,105204,sofia.sloan@examplecorp.test,Rowan Mercer,2026-03-17 14:11:00,avery.ivanov@examplecorp.test,Mei Blake,2025-02-19 11:41:00,alex.nguyen@demomail.test,Chen Haddad,2023-11-24 11:13:00,yara.cohen@demomail.test,,2026-01-01 18:14:00,N,Brightpath Systems Group - Offshore Team,,,Qualification,100200,,SKU-5730,100601,TAG-4632,103997,,,,Inbound Call,100671,Active,,,,,,100038,,100269,,"204,493",,100590,"18,801",,Rowan Garcia,100808,100123,,,Enterprise,100086,,,,100193,,,,,100672,,Prospect,100053,,,,,,Managed Services,,,100724,,
100768,Opportunity,105207,taylor.ivanov@sampleco.test,Taylor Larsson,2022-12-19 15:19:00,rahul.brooks@demomail.test,Chen Whitfield,2023-08-26 04:05:00,avery.ivanov@sampleco.test,Sofia Brooks,2023-12-01 01:20:00,diego.dorsey@acme-fake.test,,2023-10-12 16:18:00,N,Delta Ventures Corp - Consulting,,,Proposal Sent,100204,LOT-7773,REF-1453,100046,REF-8265,103858,,,,Partner,,Active,,,,,,100046,,100460,,,,,"23,137",7781,Diego Larsson,101243,,,,New Logo,100555,,,,100445,,,,,100465,,Prospect,100307,,,,,100404,Payroll,100012,,100564,,103819
100203,Opportunity,105210,chen.mercer@sampleco.test,Noah Costa,2023-08-30 19:30:00,fatima.calder@sampleco.test,Diego Brooks,2023-12-24 19:10:00,riley.ashby@demomail.test,Priya Cohen,2023-02-25 16:08:00,chen.mensah@demomail.test,,2023-02-11 13:03:00,N,Meridian Logistics Inc - Back Office,,100152,Qualification,100023,,TAG-9167,100470,REF-6071,102910,,,,Webinar,100311,Active,,,,,,,,,,,Gamma,,"7,354",,Avery Reyes,100984,100768,,100021,SMB,100332,,,,100634,,,,,100470,,Active Customer,100239,,,,,100570,Back Office,100405,,100309,,102557
100022,Opportunity,105212,yara.okafor@examplecorp.test,Morgan Mercer,2024-12-14 04:27:00,morgan.mercer@demomail.test,Diego Ashby,2023-11-01 02:20:00,rowan.mensah@examplecorp.test,Noah Patel,2026-04-27 18:28:00,jamie.calder@acme-fake.test,,2024-04-02 11:39:00,Y,Atlas Industries Inc - Staff Augmentation,,,On Hold,100665,,REF-5133,100791,SKU-9542,102501,,,,Website,100348,Active,,,,,,100775,,100250,,,,100298,"11,955",,Jamie Haddad,101420,,,,SMB,100651,,,,100120,,100019,,,,,Prospect,100418,,,,,,Payroll,,,100753,,
100726,Opportunity,105214,diego.sloan@sampleco.test,Omar Nguyen,2023-02-18 14:47:00,alex.ivanov@acme-fake.test,Omar Whitfield,2025-07-21 21:31:00,jordan.blake@demomail.test,Liam Patel,2025-05-19 02:23:00,noah.reyes@demomail.test,,2025-12-08 16:32:00,Y,Cobalt Solutions Ltd - Recruiting,,100758,Closed Lost,100204,LOT-4243,TAG-6267,100181,SKU-7924,101968,,,,Event,,Inactive,,,,,,,,100538,,"368,059",Delta,100372,"33,749",,Marco Dorsey,100882,100352,REF-7767,,SMB,100257,,,,100434,,100421,,,100439,,Active Customer,100115,,,,,100378,Consulting,,,100776,,
100182,Opportunity,105217,aisha.ford@examplecorp.test,Aisha Larsson,2024-02-05 03:35:00,sofia.blake@sampleco.test,Quinn Cohen,2025-07-29 06:39:00,noah.costa@acme-fake.test,Rahul Costa,2025-06-28 04:18:00,drew.okafor@sampleco.test,,2024-05-22 09:25:00,Y,Vertex Foods Group - Recruiting,,100236,Proposal Sent,100471,REF-7942,SKU-7578,100365,REF-2117,103170,,,,Webinar,100770,Active,,,,,,100291,,100194,,"338,294",,,"7,228",864,Mei Patel,101271,100400,LOT-1159,,Enterprise,100031,,,,100724,,100140,,,100016,,Prospect,100400,,,,,100275,Staff Augmentation,100507,,100400,,101934
100089,Opportunity,105220,rowan.nguyen@sampleco.test,Rahul Ivanov,2023-03-20 12:23:00,taylor.silva@demomail.test,Priya Dorsey,2024-01-28 08:31:00,jordan.blake@examplecorp.test,Rowan Whitfield,2023-02-27 00:42:00,liam.blake@examplecorp.test,,2024-02-03 07:04:00,N,Granite Ventures - Offshore Team,,100638,Qualification,100627,,SKU-2705,100086,REF-3140,102224,,,,Cold Outreach,100751,Active,,,,,,100507,,100361,,"406,418",,,,,Aisha Silva,,,,,SMB,100239,,,,100208,,100429,,,100635,,Prospect,100055,,,,,100453,Managed Services,100100,,100079,,103543
100269,Opportunity,105222,riley.ivanov@examplecorp.test,Drew Kim,2024-04-15 18:36:00,chen.costa@acme-fake.test,Skyler Dorsey,2025-01-17 15:35:00,mei.whitfield@demomail.test,Taylor Patel,2023-05-22 03:10:00,rahul.mercer@acme-fake.test,,2024-08-24 17:49:00,N,Northwind Holdings Group - Consulting,,100713,Discovery,100278,,LOT-2999,100559,REF-5566,104587,,,,Inbound Call,,Active,,,,,,,,100466,,"463,176",Standard,100067,"8,536",,Quinn Dorsey,101553,100087,LOT-4697,100453,Enterprise,100303,,,,100155,,100787,,,100210,,Prospect,100613,,,,,100469,Managed Services,,,100654,,103666
100382,Opportunity,105224,avery.ashby@demomail.test,Quinn Kim,2025-06-14 09:05:00,jordan.nguyen@examplecorp.test,Noah Patel,2024-09-20 17:33:00,diego.ashby@sampleco.test,Taylor Cohen,2023-04-29 04:30:00,arjun.blake@demomail.test,,2025-07-11 11:05:00,N,Lakeside Analytics Ltd - Payroll,,,Closed Lost,100785,,LOT-6307,100691,SKU-2815,104153,,,,Webinar,100733,Inactive,,,,,,100053,,,,"183,675",,100215,"38,659",,Mei Whitfield,101630,100779,,100215,New Logo,100106,,,,100529,,100220,Beta,,100638,,Active Customer,100717,,,,,100717,Consulting,,,100528,,
100168,Opportunity,105225,jordan.sloan@sampleco.test,Alex Okafor,2024-09-28 11:12:00,liam.costa@examplecorp.test,Chen Okafor,2023-07-31 11:54:00,skyler.brooks@demomail.test,Diego Brooks,2023-04-03 11:06:00,noah.larsson@examplecorp.test,,2026-03-19 23:24:00,N,Harbor Systems Group - Offshore Team,,,Discovery,100451,SKU-6725,SKU-4852,100252,TAG-1942,102611,,,,Webinar,100582,Active,,,,,,100441,,,,"345,601",Standard,,,192,Yara Mercer,101202,100673,,100473,SMB,,,,,100564,,,Beta,,,,Active Customer,100303,,,,,100042,Back Office,100168,,100161,,
100750,Opportunity,105228,reese.okafor@acme-fake.test,Mei Dorsey,2026-04-02 13:23:00,alex.ivanov@acme-fake.test,Jordan Rossi,2023-11-04 03:28:00,priya.brooks@acme-fake.test,Emerson Brooks,2026-06-30 09:35:00,marco.dorsey@demomail.test,,2025-01-18 01:32:00,Y,Atlas Robotics Inc - Offshore Team,,,Closed Won,100201,TAG-3196,LOT-1144,100196,REF-8035,104543,,,,Event,100558,Inactive,,,,,,,,100691,,,,100396,"26,215",,Rahul Ivanov,101000,100362,REF-1106,100385,Standard,,,,,100680,,100281,,,100761,,Prospect,100694,,,,,,Back Office,,,100516,,
100545,Opportunity,105230,casey.calder@sampleco.test,Avery Mensah,2024-10-23 23:15:00,quinn.patel@demomail.test,Rahul Whitfield,2026-07-24 04:38:00,riley.ashby@demomail.test,Drew Brooks,2025-07-19 23:15:00,jordan.ashby@examplecorp.test,,2022-11-17 14:06:00,N,Lakeside Dynamics Inc - Payroll,,100100,Qualification,100735,,REF-1971,100275,REF-5725,103409,,,,Cold Outreach,,Active,,,,,,,,,,"491,948",,100247,"10,773",4261,Arjun Costa,101752,100361,,100263,Renewal,100399,,,,100639,,100016,,,100236,,Prospect,100005,,,,,,Offshore Team,,,100425,,
100785,Opportunity,105233,drew.garcia@examplecorp.test,Marco Garcia,2023-01-19 13:36:00,taylor.dorsey@examplecorp.test,Marco Blake,2025-07-04 06:20:00,quinn.garcia@acme-fake.test,Nina Garcia,2022-12-09 01:08:00,fatima.sato@demomail.test,,2024-01-05 01:30:00,N,Redwood Networks Ltd - Managed Services,,,Proposal Sent,100650,,REF-3380,100349,SKU-6685,103287,,,,Referral,,Active,,,,,,100003,,,,"366,215",,100438,"5,674",,Elena Garcia,101223,,SKU-7963,100579,Enterprise,100083,,,,100404,,100570,Beta,,,,Active Customer,100083,,,,,100156,Back Office,,,100449,,
100622,Opportunity,105234,riley.vance@acme-fake.test,Avery Garcia,2025-01-05 15:08:00,alex.haddad@demomail.test,Arjun Vance,2024-08-30 18:24:00,mei.sato@sampleco.test,Morgan Okafor,2026-04-11 02:03:00,quinn.calder@examplecorp.test,,2023-07-03 06:07:00,N,Vertex Energy Co - Consulting,,100023,Closed Won,100089,,TAG-4872,100330,LOT-3274,103315,,,,Partner,,Inactive,,,,,,,,100671,,"386,079",,100635,"21,936",,Riley Sato,,100014,,100231,SMB,100204,,,,100635,,100414,,,100787,,Active Customer,100054,,,,,100441,Managed Services,100348,,100629,,
100252,Opportunity,105236,mei.sato@sampleco.test,Fatima Haddad,2024-05-30 19:54:00,morgan.cohen@sampleco.test,Jamie Silva,2025-05-14 19:31:00,marco.sloan@sampleco.test,Skyler Nguyen,2022-10-25 07:01:00,jamie.larsson@examplecorp.test,,2023-04-17 10:02:00,Y,Cobalt Media Co - Consulting,,100484,Proposal Sent,100410,,SKU-3739,100753,TAG-8129,104176,,,,Webinar,,Active,,,,,,100415,,,,"17,822",,,"10,031",3581,Jordan Sloan,101698,100624,,100061,Enterprise,100191,,,,100490,,,,,,,Active Customer,100582,,,,,,Back Office,100432,,100717,,
100784,Opportunity,105237,emerson.calder@sampleco.test,Priya Brooks,2022-11-17 00:03:00,taylor.ford@demomail.test,Reese Kim,2022-10-15 15:56:00,omar.silva@acme-fake.test,Elena Haddad,2023-02-21 21:42:00,nina.rossi@demomail.test,,2023-05-19 08:03:00,Y,Northwind Energy - Staff Augmentation,,,Qualification,100568,,SKU-2678,100194,REF-7372,104138,,,,Partner,,Active,,,,,,,,,,,,,"8,195",2255,Avery Ford,101223,,,100220,Enterprise,100415,,,,100762,,100528,,,100740,,Active Customer,100509,,,,,100046,Consulting,100671,,100481,,103331
100355,Opportunity,105238,chen.reyes@demomail.test,Sofia Sato,2025-12-16 08:10:00,fatima.larsson@sampleco.test,Alex Brooks,2022-10-07 12:10:00,riley.whitfield@demomail.test,Rowan Cohen,2025-11-10 11:44:00,omar.ford@demomail.test,,2023-05-10 08:39:00,Y,Atlas Industries - Managed Services,,100147,Qualification,100759,,REF-5019,100466,LOT-7413,102400,,,,LinkedIn,100092,Active,,,,,,,,100785,,"446,963",,100782,"18,490",,Drew Sloan,100940,,LOT-6889,100542,New Logo,100019,,,,100401,,100156,,,,,Prospect,100336,,,,,100639,Back Office,100613,,100109,,
100201,Opportunity,105241,morgan.ivanov@examplecorp.test,Aisha Kim,2023-04-14 01:16:00,noah.mensah@examplecorp.test,Reese Rossi,2023-04-16 07:53:00,fatima.dorsey@sampleco.test,Taylor Costa,2025-12-02 22:22:00,drew.calder@demomail.test,,2025-05-12 22:58:00,Y,Evergreen Networks LLC - Consulting,,100155,Qualification,100579,,SKU-9121,100471,SKU-1710,102520,,,,Event,,Active,,,,,,,,100208,,"397,096",,,"18,751",2481,Skyler Brooks,,100680,SKU-2568,100578,Enterprise,,,,,100305,,100350,,,,,Active Customer,100014,,,,,100050,Recruiting,100345,,100756,,
100217,Opportunity,105243,alex.sloan@examplecorp.test,Liam Rossi,2023-12-29 17:41:00,jordan.okafor@acme-fake.test,Riley Nguyen,2025-03-03 20:34:00,priya.whitfield@acme-fake.test,Quinn Calder,2024-11-21 03:36:00,omar.reyes@demomail.test,,2023-06-09 15:30:00,Y,Redwood Partners Corp - Consulting,,100244,Closed Won,100372,,SKU-5528,100564,LOT-1293,103020,,,,Partner,100387,Inactive,,,,,,100421,,,,,Gamma,100432,"33,571",,Marco Sloan,101669,,,,New Logo,100494,,,,100320,,,Beta,,100412,,Active Customer,100449,,,,,,Payroll,100654,,100559,,
100263,Opportunity,105245,nina.vance@demomail.test,Nina Dorsey,2025-04-11 17:52:00,alex.nguyen@acme-fake.test,Arjun Mercer,2022-11-08 16:32:00,rowan.brooks@sampleco.test,Diego Okafor,2025-11-19 02:49:00,jordan.calder@acme-fake.test,,2023-01-23 16:14:00,N,Silverline Retail Co - Staff Augmentation,,,On Hold,100697,,REF-7147,100359,TAG-7722,102194,,,,Cold Outreach,,Active,,,,,,100263,,,,,Standard,100717,,,Diego Larsson,101594,100579,REF-5024,100654,SMB,,,,,100538,,100661,,,,,Active Customer,100200,,,,,,Recruiting,,,100791,,102284
100165,Opportunity,105248,yara.mercer@demomail.test,Riley Mercer,2022-10-29 10:25:00,arjun.brooks@examplecorp.test,Jordan Ashby,2024-01-03 10:40:00,priya.reyes@sampleco.test,Fatima Dorsey,2025-10-30 12:18:00,rahul.ford@acme-fake.test,,2023-04-25 08:37:00,N,Falcon Energy Group - Back Office,,100226,Discovery,100648,,TAG-5181,100643,REF-1033,,,,,Inbound Call,,Active,,,,,,,,,,"271,616",Standard,,"16,885",,Reese Silva,101791,,,100322,SMB,,,,,100535,,,Beta,,,,Active Customer,100393,,,,,100211,Managed Services,,,100273,,104794
100103,Opportunity,105249,omar.dorsey@examplecorp.test,Chen Mensah,2026-02-19 07:20:00,avery.sato@acme-fake.test,Rowan Rossi,2022-10-02 04:47:00,sofia.rossi@examplecorp.test,Aisha Brooks,2025-02-09 05:49:00,drew.whitfield@acme-fake.test,,2025-06-08 08:22:00,N,Atlas Partners - Consulting,,,Proposal Sent,100451,,SKU-6743,100606,LOT-6228,103694,,,,Partner,100558,Active,,,,,,,,100548,,,,,,,Avery Nguyen,101393,,LOT-1244,,SMB,100756,,,,100758,,100504,,,100525,,Active Customer,100007,,,,,100446,Staff Augmentation,100710,,100115,,104483
100786,Opportunity,105252,skyler.rossi@acme-fake.test,Yara Cohen,2024-02-21 12:36:00,skyler.sato@examplecorp.test,Jamie Costa,2025-04-26 16:36:00,rahul.ford@demomail.test,Rowan Silva,2023-11-14 10:16:00,nina.cohen@acme-fake.test,Nina Sloan,2025-07-24 10:41:00,N,Cobalt Networks Corp - Consulting,,,Closed Lost,100661,,REF-5495,100296,REF-1405,102980,,,,Partner,,Inactive,,,,,,,,,,"57,066",,,"12,588",3943,Sofia Ivanov,101545,100756,,,Renewal,100229,,,,100555,,100284,,,100441,,Active Customer,100242,,,,,100023,Payroll,100128,,100369,,103894
100188,Opportunity,105255,morgan.patel@acme-fake.test,Casey Silva,2024-08-28 21:10:00,yara.whitfield@examplecorp.test,Emerson Okafor,2025-01-18 08:35:00,drew.silva@examplecorp.test,Noah Mensah,2024-01-19 04:21:00,rahul.reyes@sampleco.test,,2026-06-30 17:20:00,N,Delta Textiles LLP - Payroll,,100428,On Hold,100231,SKU-7123,SKU-8645,100375,TAG-4942,102698,,,,Partner,100106,Active,,,,,,100098,,,,"243,445",Gamma,100247,"6,994",,Rowan Larsson,101281,,LOT-7728,100366,Standard,,,,,100125,,100142,,,,,Prospect,100188,,,,,100552,Recruiting,,,100385,,102261
100252,Opportunity,105256,avery.calder@acme-fake.test,Rahul Brooks,2025-08-22 15:44:00,alex.mercer@examplecorp.test,Omar Costa,2024-11-18 04:42:00,quinn.ashby@sampleco.test,Diego Kim,2024-11-29 22:37:00,drew.calder@examplecorp.test,,2024-04-16 04:50:00,Y,Everest Analytics LLP - Payroll,,100472,Closed Won,100201,SKU-8930,TAG-6002,100336,TAG-3398,104351,,,,Partner,100403,Inactive,,,,,,100765,,100092,,"291,896",Alpha,,,,Aisha Haddad,101002,,SKU-9079,,New Logo,100601,,,,100140,,100311,Beta,,100181,,Prospect,100442,,,,,,Staff Augmentation,100672,,100400,,
100683,Opportunity,105258,sofia.patel@acme-fake.test,Avery Haddad,2024-07-02 22:01:00,skyler.reyes@demomail.test,Sofia Blake,2024-02-17 17:00:00,sofia.haddad@examplecorp.test,Jordan Ivanov,2023-11-27 09:07:00,emerson.dorsey@acme-fake.test,,2026-02-20 05:24:00,Y,Atlas Capital Inc - Offshore Team,,,Discovery,100086,REF-9058,REF-5037,100494,SKU-7637,102936,,,,Inbound Call,100309,Active,,,,,,,,100092,,"397,287",,100568,"25,428",,Sofia Mercer,100932,100673,REF-5553,,Enterprise,,,,,100200,,,Other,,,,Active Customer,100050,,,,,,Recruiting,,,100296,,102894
100103,Opportunity,105260,avery.rossi@acme-fake.test,Emerson Blake,2024-05-06 07:33:00,diego.haddad@demomail.test,Elena Larsson,2025-02-24 17:36:00,noah.haddad@examplecorp.test,Elena Blake,2022-10-01 01:49:00,sofia.nguyen@examplecorp.test,,2023-11-14 07:23:00,Y,Redwood Health Group - Payroll,,100648,Negotiation,100429,,TAG-8943,100117,REF-4824,102237,,,,Referral,100671,Active,,,,,,100073,,,,"232,102",,100735,"5,169",1680,Arjun Dorsey,101102,,REF-7869,100565,Renewal,,,,,100561,,100469,Delta,,,,Active Customer,100555,,,,,100219,Payroll,,,100043,,103920
100732,Opportunity,105261,morgan.garcia@sampleco.test,Casey Okafor,2025-01-24 05:43:00,casey.mensah@sampleco.test,Avery Garcia,2023-10-10 20:06:00,fatima.rossi@sampleco.test,Diego Blake,2023-01-16 05:15:00,liam.whitfield@examplecorp.test,,2025-08-10 19:46:00,N,Horizon Capital Corp - Payroll,,,Proposal Sent,100651,SKU-5950,LOT-9068,100038,LOT-9064,104596,,,,Partner,100542,Active,,,,,,,,100658,,"236,936",Delta,100724,"5,975",,Quinn Okafor,101079,100700,SKU-1800,100595,Standard,100555,,,,100771,,100462,Delta,,100774,,Prospect,100740,,,,,100031,Offshore Team,,,100624,,
100635,Opportunity,105264,sofia.calder@sampleco.test,Sofia Rossi,2025-04-09 00:03:00,rowan.mensah@acme-fake.test,Chen Cohen,2026-04-09 20:32:00,emerson.silva@sampleco.test,Omar Dorsey,2023-01-01 08:50:00,jordan.blake@examplecorp.test,,2023-02-03 21:10:00,Y,Everest Foods Group - Managed Services,,,Proposal Sent,100624,REF-6661,SKU-2376,100158,REF-1837,104132,,,,Referral,100727,Active,,,,,,,,100770,,,Standard,,"17,875",300,Riley Dorsey,101177,,,100568,New Logo,,,,,100784,,100639,,,100735,,Active Customer,100516,,,,,100109,Offshore Team,100152,,100267,,
100673,Opportunity,105265,emerson.garcia@demomail.test,Rahul Nguyen,2025-11-04 19:27:00,priya.sato@acme-fake.test,Sofia Costa,2025-03-02 10:21:00,liam.sloan@examplecorp.test,Morgan Silva,2023-09-04 02:14:00,aisha.kim@examplecorp.test,,2026-02-20 14:46:00,Y,Pioneer Industries Ltd - Back Office,,100322,Qualification,100264,,REF-1053,100629,SKU-8465,103353,,,,LinkedIn,,Active,,,,,,,,,,"482,635",,100438,"3,037",,Arjun Ford,101419,100495,SKU-8434,100717,SMB,100087,,,,100226,,,,,100267,,Prospect,100572,,,,,100762,Managed Services,,,100264,,
100675,Opportunity,105268,alex.brooks@examplecorp.test,Drew Calder,2023-09-27 16:08:00,jordan.rossi@examplecorp.test,Aisha Nguyen,2023-07-25 00:13:00,arjun.brooks@demomail.test,Skyler Silva,2024-01-04 11:37:00,morgan.patel@acme-fake.test,,2025-03-10 05:43:00,Y,Granite Systems Group - Managed Services,,,Proposal Sent,100366,,TAG-8610,100688,SKU-2767,103729,,,,Inbound Call,100558,Active,,,,,,100112,,,,"460,842",,100233,"8,732",4096,Avery Ashby,101598,,,100033,New Logo,100574,,,,100062,,,,,,,Prospect,100400,,,,,,Payroll,100375,,100420,,
100604,Opportunity,105269,chen.sloan@examplecorp.test,Skyler Rossi,2025-03-29 02:02:00,mei.okafor@acme-fake.test,Morgan Mercer,2025-11-22 21:38:00,taylor.costa@demomail.test,Jamie Mercer,2024-03-02 22:35:00,taylor.patel@demomail.test,Morgan Mensah,2025-02-16 15:04:00,N,Delta Ventures Inc - Payroll,,,Dead,100053,SKU-5025,SKU-5273,100173,REF-4625,102678,,,,LinkedIn,100415,Inactive,,,,,,100790,,100103,,,Alpha,100273,,,Arjun Garcia,101023,,LOT-7293,,SMB,100401,,,,100257,,100264,,,,,Active Customer,100428,,,,,100320,Recruiting,,,100365,,102724
100561,Opportunity,105271,marco.reyes@sampleco.test,Morgan Rossi,2022-10-27 00:56:00,rowan.brooks@sampleco.test,Noah Whitfield,2025-06-06 01:06:00,skyler.reyes@acme-fake.test,Sofia Dorsey,2024-06-14 00:20:00,rowan.larsson@examplecorp.test,,2024-03-11 10:25:00,N,Summit Capital Group - Offshore Team,,,Qualification,100659,LOT-9541,TAG-8739,100375,TAG-2589,103769,,,,Partner,,Active,,,,,,100740,,,,"408,489",,100345,"25,226",3465,Yara Calder,100970,100281,,,Enterprise,100739,,,,100454,,100691,,,,,Active Customer,100196,,,,,,Payroll,,,100016,,104703
100348,Opportunity,105274,priya.ivanov@sampleco.test,Jordan Larsson,2025-03-08 14:44:00,casey.vance@acme-fake.test,Avery Blake,2025-03-26 11:57:00,yara.sloan@examplecorp.test,Quinn Ashby,2024-12-24 01:55:00,avery.silva@demomail.test,,2024-06-20 11:20:00,N,Meridian Health Inc - Payroll,,100193,On Hold,100217,,SKU-7284,100182,LOT-5866,102377,,,,Partner,100739,Active,,,,,,,,,,,Standard,,"22,817",,Diego Ivanov,101641,,,100689,Enterprise,100572,,,,100498,,100311,,,100211,,Prospect,100448,,,,,,Back Office,100087,,100496,,
100420,Opportunity,105276,elena.blake@sampleco.test,Drew Rossi,2025-02-03 10:06:00,liam.costa@demomail.test,Diego Costa,2025-04-02 10:21:00,avery.ford@sampleco.test,Fatima Brooks,2024-10-20 10:33:00,mei.okafor@sampleco.test,,2024-03-22 12:41:00,Y,Cardinal Health Inc - Offshore Team,,100378,Discovery,100707,,TAG-2959,100691,REF-5151,102456,,,,Website,100247,Active,,,,,,100724,,100382,,"184,411",Standard,100204,,,Mei Blake,101020,100026,SKU-8024,100415,New Logo,,,,,100404,,100380,,,100661,,Active Customer,100420,,,,,100726,Recruiting,,,100700,,
100604,Opportunity,105278,reese.kim@sampleco.test,Mei Vance,2025-01-04 18:38:00,mei.ashby@examplecorp.test,Omar Haddad,2025-07-23 16:22:00,sofia.brooks@examplecorp.test,Rowan Patel,2024-09-13 14:21:00,avery.calder@demomail.test,,2026-06-09 04:52:00,Y,Pioneer Solutions Ltd - Consulting,,100469,Proposal Sent,100490,,REF-7371,100438,SKU-6757,103338,,,,Referral,,Active,,,,,,100475,,100387,,"304,260",,100639,,3977,Jamie Haddad,101340,100123,TAG-9928,100665,New Logo,,,,,100196,,100457,Standard,,100320,,Active Customer,100005,,,,,100457,Payroll,,,100507,,102606
100785,Opportunity,105281,marco.kim@examplecorp.test,Liam Vance,2024-06-24 08:41:00,drew.costa@demomail.test,Diego Sloan,2023-03-10 11:06:00,taylor.ford@sampleco.test,Rahul Costa,2022-11-22 22:57:00,rahul.ashby@sampleco.test,,2025-10-20 06:28:00,Y,Blue Ridge Textiles LLP - Back Office,,100387,Negotiation,100253,SKU-1068,SKU-5156,100158,TAG-4656,103696,,,,Partner,,Active,,,,,,,,,,,,,"11,102",826,Taylor Larsson,,100191,SKU-5820,,SMB,,,,,100137,,,,,100718,,Active Customer,100759,,,,,100675,Managed Services,,,100094,,102972
100372,Opportunity,105283,mei.garcia@acme-fake.test,Omar Reyes,2026-07-23 00:20:00,quinn.mercer@acme-fake.test,Alex Larsson,2026-05-16 03:18:00,avery.kim@examplecorp.test,Noah Ivanov,2022-12-26 12:44:00,rahul.dorsey@demomail.test,,2023-11-03 03:46:00,N,Northwind Labs LLP - Consulting,,,Closed Won,100256,REF-1358,REF-4373,100291,SKU-2122,102444,,,,Inbound Call,100498,Inactive,,,,,,100741,,,,,Alpha,100348,"3,810",,Jordan Garcia,101238,100271,TAG-6164,100414,New Logo,,,,,100747,,100514,Standard,,,,Active Customer,100750,,,,,,Staff Augmentation,,,100675,,
100307,Opportunity,105285,alex.whitfield@demomail.test,Diego Nguyen,2026-05-14 11:12:00,marco.calder@examplecorp.test,Casey Rossi,2024-02-14 18:23:00,rahul.dorsey@examplecorp.test,Yara Nguyen,2026-03-11 01:43:00,marco.kim@demomail.test,,2025-12-24 18:49:00,Y,Brightpath Robotics Inc - Payroll,,100033,Discovery,100165,,REF-8395,100601,TAG-9138,102716,,,,Inbound Call,100654,Active,,,,,,100565,,100021,,,,,"33,385",,Marco Calder,,100038,,,Renewal,,,,,100226,,,Standard,,100035,,Active Customer,100645,,,,,,Offshore Team,,,100415,,103543
100790,Opportunity,105286,alex.ashby@sampleco.test,Mei Blake,2024-03-05 16:39:00,avery.patel@sampleco.test,Rowan Dorsey,2024-01-16 03:16:00,liam.ashby@demomail.test,Nina Rossi,2025-11-17 07:55:00,alex.mensah@examplecorp.test,,2025-02-13 04:35:00,N,Summit Media Inc - Staff Augmentation,,100339,Closed Lost,100168,SKU-3145,LOT-7740,100288,TAG-6826,101937,,,,Inbound Call,100177,Inactive,,,,,,100152,,100378,,"458,825",,,"37,500",,Skyler Costa,101225,,,100244,New Logo,100675,,,,100421,,,,,100432,,Active Customer,100673,,,,,100142,Consulting,,,100645,,102859
100096,Opportunity,105288,jordan.cohen@demomail.test,Yara Sato,2023-04-28 20:19:00,avery.calder@examplecorp.test,Rowan Sato,2024-05-05 16:29:00,jamie.sato@examplecorp.test,Yara Whitfield,2024-06-19 01:54:00,yara.sloan@demomail.test,,2025-11-13 19:41:00,N,Silverline Robotics - Staff Augmentation,,,Closed Won,100435,,SKU-4691,100300,LOT-5834,103791,,,,Website,100572,Inactive,,,,,,,,,,"263,715",,,"26,452",,Fatima Garcia,,,,,Standard,100119,,,,100634,,,,,100672,,Prospect,100616,,,,,100481,Payroll,100173,,100750,,103635
100033,Opportunity,105291,liam.patel@acme-fake.test,Diego Whitfield,2023-10-20 17:39:00,jordan.costa@examplecorp.test,Fatima Nguyen,2026-02-17 07:59:00,rahul.whitfield@acme-fake.test,Yara Whitfield,2022-11-01 22:56:00,taylor.ivanov@demomail.test,,2023-06-06 22:09:00,N,Beacon Retail - Managed Services,,100680,Discovery,100548,,REF-3517,100439,TAG-8525,101912,,,,Referral,,Active,,,,,,100214,,100775,,"284,620",,100288,,8450,Nina Mercer,101264,100735,,100410,New Logo,100704,,,,100319,,100215,Gamma,,,,Prospect,100055,,,,,100498,Staff Augmentation,100173,,100380,,103112
100247,Opportunity,105292,casey.cohen@demomail.test,Yara Ashby,2023-08-25 15:03:00,fatima.cohen@acme-fake.test,Taylor Sato,2025-07-08 21:12:00,alex.dorsey@examplecorp.test,Nina Kim,2024-11-06 18:05:00,sofia.kim@examplecorp.test,,2026-05-21 18:01:00,N,Evergreen Holdings Co - Offshore Team,,100555,On Hold,100042,,SKU-2940,100648,TAG-2015,102473,,,,Website,,Active,,,,,,100790,,100229,,"183,846",,,"9,767",,Rahul Sloan,101161,100149,REF-3426,100507,Renewal,,,,,100790,,,,,100383,,Active Customer,100392,,,,,,Managed Services,,,100640,,
100509,Opportunity,105293,priya.larsson@acme-fake.test,Emerson Patel,2026-01-10 02:40:00,priya.vance@demomail.test,Omar Whitfield,2025-09-02 01:01:00,arjun.ashby@acme-fake.test,Skyler Nguyen,2025-03-09 02:32:00,riley.sato@examplecorp.test,,2024-02-18 13:01:00,N,Cardinal Financial Group - Managed Services,,100448,Proposal Sent,100224,,SKU-6527,100496,REF-9943,102609,,,,Inbound Call,100619,Active,,,,,,100522,,100717,,"301,970",,100624,"9,571",,Casey Reyes,101197,100071,LOT-4528,100740,Renewal,100494,,,,100378,,100012,Alpha,,100199,,Active Customer,100300,,,,,,Payroll,,,100791,,102840
100112,Opportunity,105296,yara.sloan@demomail.test,Drew Kim,2023-09-21 01:17:00,taylor.nguyen@sampleco.test,Marco Ashby,2023-10-11 09:07:00,jamie.vance@sampleco.test,Priya Whitfield,2024-09-30 06:16:00,chen.sato@examplecorp.test,,2024-02-27 03:41:00,Y,Redwood Holdings LLC - Offshore Team,,100224,On Hold,100047,,LOT-1157,100438,SKU-8975,102838,,,,Inbound Call,,Active,,,,,,100624,,100399,,"364,136",Gamma,,"23,109",3718,Emerson Mensah,,100050,REF-6384,,Standard,100196,,,,100250,,100548,,,100250,,Active Customer,100659,,,,,100128,Managed Services,,,100369,,103585
100130,Opportunity,105299,rahul.rossi@examplecorp.test,Aisha Garcia,2024-06-26 05:36:00,morgan.ashby@examplecorp.test,Elena Ford,2024-11-12 07:07:00,sofia.sloan@acme-fake.test,Liam Silva,2023-09-10 03:01:00,alex.calder@acme-fake.test,,2024-01-15 06:26:00,N,Brightpath Systems Co - Consulting,,,Qualification,100651,LOT-5765,REF-4001,100568,REF-4076,103398,,,,Cold Outreach,,Active,,,,,,100574,,100587,,,,,"34,329",,Mei Vance,101331,,,100775,Standard,,,,,100382,,,,,,,Active Customer,100183,,,,,100611,Recruiting,,,100434,,103047
100157,Opportunity,105302,priya.blake@demomail.test,Casey Garcia,2025-07-01 04:17:00,priya.silva@acme-fake.test,Priya Okafor,2024-01-30 05:43:00,alex.ashby@demomail.test,Drew Reyes,2024-01-05 23:26:00,fatima.ivanov@demomail.test,,2025-08-14 12:23:00,N,Beacon Financial Corp - Recruiting,,100429,Closed Won,100759,,LOT-1382,100288,SKU-4196,104468,,,,Event,100288,Inactive,,,,,,100399,,100750,,,Standard,,,,Drew Calder,,,,100269,SMB,,,,,100555,,100349,,,,,Active Customer,100149,,,,,100661,Staff Augmentation,100119,,100317,,102863
100383,Opportunity,105304,emerson.kim@sampleco.test,Alex Brooks,2024-05-09 20:38:00,rahul.calder@sampleco.test,Rowan Mensah,2024-02-29 14:36:00,skyler.haddad@demomail.test,Rowan Okafor,2023-11-11 10:31:00,noah.cohen@examplecorp.test,,2024-03-13 18:53:00,N,Falcon Systems LLC - Recruiting,,100231,Closed Won,100336,,TAG-2269,100461,REF-8328,102227,,,,Cold Outreach,100273,Inactive,,,,,,,,100305,,"442,917",,100387,,,Jordan Okafor,,100495,TAG-6512,100500,New Logo,,,,,100634,,,,,100661,,Prospect,100257,,,,,100774,Offshore Team,,,100481,,104030
100779,Opportunity,105306,skyler.ivanov@sampleco.test,Rahul Rossi,2023-06-09 13:07:00,casey.dorsey@acme-fake.test,Fatima Okafor,2023-10-24 07:24:00,arjun.silva@demomail.test,Nina Reyes,2024-10-27 21:37:00,reese.garcia@demomail.test,,2026-04-29 14:11:00,Y,Falcon Holdings - Staff Augmentation,,100399,Dead,100311,SKU-6434,REF-1923,100776,,103129,,,,Webinar,,Inactive,,,,,,,,,,"171,539",,100423,"2,581",,Morgan Rossi,100873,100244,SKU-7129,,Enterprise,100439,,,,100043,,100476,,,100611,,Prospect,100335,,,,,100460,Managed Services,,,100123,,
100087,Opportunity,105308,aisha.blake@examplecorp.test,Avery Nguyen,2022-11-08 18:48:00,morgan.cohen@examplecorp.test,Emerson Costa,2023-05-04 00:29:00,mei.mensah@sampleco.test,Elena Dorsey,2026-07-30 21:26:00,mei.blake@demomail.test,,2024-04-22 12:46:00,Y,Brightpath Industries LLC - Managed Services,,,Discovery,100405,,REF-7714,100022,SKU-7605,104170,,,,Website,,Active,,,,,,100012,,100465,,"390,585",Other,100458,"31,275",,Priya Kim,,100226,,100322,Renewal,100303,,,,100188,,100578,Beta,,100718,,Active Customer,100322,,,,,100115,Back Office,100747,,100200,,
100250,Opportunity,105309,rahul.mensah@examplecorp.test,Priya Kim,2024-03-14 22:07:00,liam.haddad@demomail.test,Sofia Rossi,2023-06-28 20:31:00,alex.okafor@examplecorp.test,Jordan Ford,2025-02-22 07:21:00,jordan.whitfield@sampleco.test,,2023-04-26 03:15:00,Y,Northwind Partners Inc - Consulting,,,Closed Won,100735,,SKU-5556,100559,REF-2401,102078,,,,Website,100201,Inactive,,,,,,,,100387,,"64,224",Beta,100652,"36,458",3260,Chen Rossi,,100319,,100457,Renewal,100092,,,,100791,,,,,100740,,Active Customer,100645,,,,,,Offshore Team,,,100572,,
100672,Opportunity,105310,omar.silva@sampleco.test,Drew Mercer,2025-04-13 03:05:00,omar.okafor@examplecorp.test,Avery Garcia,2025-12-06 06:57:00,quinn.reyes@acme-fake.test,Morgan Garcia,2024-05-20 12:00:00,alex.reyes@demomail.test,,2022-12-20 20:39:00,N,Redwood Solutions Corp - Recruiting,,,Discovery,100750,LOT-2568,REF-5131,100765,REF-5558,104297,,,,Referral,100106,Active,,,,,,,,,,"433,634",Alpha,100022,"36,957",8239,Alex Brooks,,100599,,,New Logo,100215,,,,100718,,,,,100654,,Active Customer,100211,,,,,100106,Recruiting,,,100314,,104609
100073,Opportunity,105311,nina.kim@demomail.test,Liam Rossi,2024-03-01 14:22:00,yara.reyes@demomail.test,Emerson Patel,2023-10-12 07:22:00,alex.vance@sampleco.test,Drew Costa,2024-12-11 22:43:00,diego.calder@acme-fake.test,,2024-09-01 01:43:00,Y,Harbor Foods LLP - Consulting,,,Closed Won,100651,REF-6664,TAG-5170,100613,TAG-1004,104657,,,,Inbound Call,100673,Inactive,,,,,,,,,,"401,633",,100688,"28,453",,Rahul Haddad,,100678,,,Standard,100552,,,,100162,,100211,,,100449,,Prospect,100538,,,,,,Staff Augmentation,100005,,100498,,103603
100133,Opportunity,105313,emerson.whitfield@examplecorp.test,Casey Brooks,2023-11-04 22:32:00,emerson.ashby@demomail.test,Chen Ashby,2023-11-26 00:11:00,quinn.larsson@sampleco.test,Fatima Ford,2025-07-04 12:05:00,fatima.mensah@sampleco.test,,2023-07-05 14:08:00,Y,Keystone Robotics LLP - Payroll,,100665,Closed Lost,100699,,REF-2763,100291,REF-3693,103324,,,,Webinar,100525,Inactive,,,,,,100622,,100273,,"96,166",,,"16,019",,Rowan Ford,101493,100250,TAG-1265,,Standard,100476,,,,100651,,100569,Gamma,,,,Active Customer,100672,,,,,,Managed Services,100761,,100203,,103018
100233,Opportunity,105316,rowan.sloan@sampleco.test,Rowan Blake,2023-12-25 10:38:00,quinn.garcia@demomail.test,Skyler Garcia,2026-06-17 10:14:00,drew.cohen@acme-fake.test,Morgan Ashby,2023-03-27 08:17:00,alex.silva@examplecorp.test,,2024-10-19 23:08:00,N,Granite Networks Co - Consulting,,100005,Qualification,100058,,REF-4211,100478,SKU-9178,103278,,,,Inbound Call,100357,Active,,,,,,100399,,100441,,,Gamma,100576,"28,475",,Noah Ivanov,,100790,REF-7752,100320,Renewal,100372,,,,100558,,,Delta,,,,Prospect,100569,,,,,,Consulting,100086,,100177,,103771
100776,Opportunity,105318,elena.ivanov@examplecorp.test,Morgan Calder,2024-05-02 18:10:00,rowan.whitfield@demomail.test,Arjun Larsson,2025-03-14 04:11:00,aisha.haddad@acme-fake.test,Rahul Ford,2025-10-05 20:58:00,taylor.garcia@sampleco.test,,2022-11-27 15:08:00,N,Atlas Manufacturing LLC - Payroll,,100470,Closed Won,100686,,LOT-3345,100658,TAG-3853,103238,,,,Cold Outreach,100009,Inactive,,,,,,100231,,100737,,"301,486",,100596,"37,273",,Noah Sloan,101682,100053,SKU-2915,100608,SMB,,,,,100193,,,,,,,Prospect,100435,,,,,100535,Consulting,,,100771,,
100576,Opportunity,105320,elena.nguyen@demomail.test,Alex Cohen,2026-05-18 15:27:00,riley.ivanov@sampleco.test,Fatima Kim,2023-09-02 15:25:00,jordan.dorsey@demomail.test,Rahul Mensah,2026-04-15 22:04:00,avery.blake@demomail.test,,2026-04-22 15:24:00,Y,Atlas Holdings Corp - Payroll,,,Discovery,100026,,LOT-3549,100697,SKU-6997,102126,,,,Inbound Call,,Active,,,,,,,,,,"71,075",,,"3,491",8782,Drew Mensah,101076,,REF-9669,100061,Enterprise,,,,,100415,,,,,,,Prospect,100529,,,,,100761,Consulting,100117,,100740,,
100481,Opportunity,105322,arjun.whitfield@acme-fake.test,Noah Okafor,2023-06-24 08:56:00,elena.cohen@sampleco.test,Quinn Whitfield,2023-03-07 06:34:00,nina.costa@acme-fake.test,Liam Ashby,2024-01-10 05:28:00,jamie.okafor@examplecorp.test,,2025-12-09 07:12:00,Y,Cobalt Dynamics - Back Office,,,Closed Lost,100224,,LOT-4390,100177,SKU-2450,104121,,,,Partner,,Inactive,,,,,,,,,,"88,741",,,,4656,Drew Blake,101778,100188,LOT-8326,,New Logo,,,,,100675,,100130,,,100220,,Active Customer,100299,,,,,100087,Recruiting,100023,,100300,,103885
100257,Opportunity,105324,avery.nguyen@acme-fake.test,Rahul Ashby,2025-01-24 06:00:00,quinn.haddad@acme-fake.test,Riley Calder,2025-10-31 15:00:00,omar.mercer@sampleco.test,Jamie Sato,2026-06-01 20:06:00,priya.cohen@examplecorp.test,,2023-02-19 09:46:00,Y,Copper Logistics LLC - Offshore Team,,100445,Closed Won,100369,LOT-4396,SKU-2389,100461,LOT-6743,103112,,,,Cold Outreach,,Inactive,,,,,,100439,,,,,,100264,,,Nina Ashby,101595,,,,New Logo,,,,,100503,,100475,,,,,Active Customer,100031,,,,,100512,Managed Services,100441,,100787,,104003
100542,Opportunity,105326,rahul.garcia@examplecorp.test,Marco Brooks,2023-09-28 04:23:00,skyler.costa@demomail.test,Drew Sato,2022-11-27 23:12:00,omar.reyes@examplecorp.test,Elena Nguyen,2024-03-20 23:10:00,alex.calder@examplecorp.test,,2026-06-19 08:02:00,Y,Atlas Dynamics LLP - Staff Augmentation,,100495,Closed Won,100606,,LOT-1633,100702,SKU-9464,102207,,,,Event,100071,Inactive,,,,,,100309,,100490,,"477,424",,100208,"17,590",,Noah Mensah,101707,100470,,100043,Renewal,,,,,100079,,,,,,,Active Customer,100564,,,,,100214,Payroll,100315,,100205,,104501
100168,Opportunity,105327,riley.calder@demomail.test,Casey Kim,2023-03-03 20:18:00,marco.sloan@demomail.test,Rahul Ford,2026-04-20 05:29:00,marco.okafor@demomail.test,Emerson Larsson,2025-03-26 22:37:00,diego.dorsey@examplecorp.test,,2026-05-04 18:49:00,N,Copper Financial Corp - Consulting,,,Qualification,100174,,LOT-5816,100753,LOT-4268,102601,,,,Website,,Active,,,,,,100288,,,,"13,280",,100231,"18,345",,Rahul Kim,,100493,SKU-8939,100054,Standard,100465,,,,100250,,100634,Beta,,,,Prospect,100165,,,,,,Managed Services,,,100407,,102272
100239,Opportunity,105329,aisha.sato@examplecorp.test,Mei Ashby,2024-01-09 05:21:00,liam.sloan@examplecorp.test,Marco Blake,2023-07-27 14:30:00,arjun.whitfield@acme-fake.test,Yara Nguyen,2025-04-16 14:57:00,jordan.larsson@acme-fake.test,,2022-10-10 09:55:00,Y,Silverline Capital Inc - Consulting,,100774,Proposal Sent,100257,,LOT-7252,100355,REF-6627,104875,,,,Inbound Call,100457,Active,,,,,,100332,,,,"129,128",,100481,"34,185",,Arjun Ford,,,LOT-3162,,Standard,100355,,,,100256,,,,,100233,,Active Customer,100585,,,,,100065,Consulting,,,100201,,102200
100733,Opportunity,105331,omar.patel@sampleco.test,Elena Mercer,2023-04-06 01:38:00,noah.ashby@sampleco.test,Diego Mercer,2024-08-11 08:31:00,quinn.calder@sampleco.test,Quinn Rossi,2026-03-17 22:10:00,taylor.whitfield@examplecorp.test,,2025-09-22 23:37:00,N,Summit Ventures Corp - Managed Services,,100083,Qualification,100178,LOT-2978,REF-8341,100120,LOT-7455,102058,,,,Event,100221,Active,,,,,,100699,,100622,,,Beta,100700,"20,083",,Mei Whitfield,100846,100120,,,Enterprise,100565,,,,100392,,100040,,,,,Prospect,100514,,,,,100564,Recruiting,,,100412,,104586
100718,Opportunity,105333,mei.haddad@acme-fake.test,Arjun Larsson,2025-03-17 03:46:00,fatima.brooks@demomail.test,Alex Vance,2026-07-29 06:11:00,marco.ivanov@sampleco.test,Morgan Blake,2026-01-16 18:54:00,chen.rossi@sampleco.test,,2026-04-18 03:23:00,Y,Harbor Logistics LLC - Staff Augmentation,,,Discovery,100412,REF-5476,SKU-3856,100717,,103229,,,,Website,100339,Active,,,,,,100566,,100776,,"287,590",Other,100493,"15,769",4067,Aisha Brooks,100865,,SKU-6238,100335,SMB,100608,,,,100054,,100365,,,100656,,Prospect,100156,,,,,,Staff Augmentation,,,100348,,
100750,Opportunity,105336,avery.ivanov@sampleco.test,Liam Dorsey,2024-12-29 06:11:00,reese.calder@acme-fake.test,Arjun Brooks,2022-11-10 03:23:00,drew.costa@acme-fake.test,Taylor Cohen,2025-11-28 11:05:00,jordan.ford@examplecorp.test,Alex Ashby,2026-01-14 18:20:00,Y,Beacon Partners Inc - Offshore Team,,,Closed Won,100362,,LOT-9237,100096,LOT-1062,103387,,,,Website,100253,Inactive,,,,,,100050,,,,,Gamma,100471,"17,448",,Omar Patel,101162,,,,Renewal,,,,,100366,,,Standard,,100784,,Prospect,100420,,,,,,Back Office,100082,,100165,,104739
100503,Opportunity,105339,fatima.haddad@examplecorp.test,Alex Costa,2024-03-07 17:04:00,liam.haddad@acme-fake.test,Reese Larsson,2024-10-03 23:11:00,quinn.rossi@acme-fake.test,Jamie Blake,2022-12-22 18:29:00,taylor.okafor@acme-fake.test,,2025-12-19 19:22:00,Y,Pioneer Group Ltd - Payroll,,100606,Discovery,100398,,LOT-1575,100112,SKU-9433,103862,,,,Partner,100498,Active,,,,,,100519,,100320,,"146,759",Alpha,,"7,156",9044,Priya Silva,,,,,Renewal,,,,,100393,,,,,100648,,Active Customer,100466,,,,,,Offshore Team,,,100699,,
100178,Opportunity,105340,mei.ashby@demomail.test,Sofia Patel,2024-09-28 04:40:00,elena.haddad@acme-fake.test,Omar Reyes,2023-08-25 16:19:00,nina.vance@examplecorp.test,Reese Reyes,2024-02-11 20:18:00,rahul.larsson@demomail.test,,2023-03-10 02:26:00,N,Keystone Retail Inc - Back Office,,100009,Closed Won,100619,,REF-4559,100770,LOT-5736,103592,,,,Webinar,100660,Inactive,,,,,,100352,,100050,,,,100425,,,Chen Whitfield,100876,100469,LOT-6241,100569,Renewal,100375,,,,100776,,100507,Delta,,100481,,Active Customer,100585,,,,,100277,Managed Services,100383,,100305,,103787
100514,Opportunity,105341,diego.dorsey@demomail.test,Jordan Cohen,2023-08-22 10:47:00,reese.ford@acme-fake.test,Casey Rossi,2026-01-16 11:28:00,chen.larsson@examplecorp.test,Marco Reyes,2026-06-08 13:12:00,alex.ivanov@examplecorp.test,,2023-01-13 15:51:00,N,Lakeside Financial LLP - Back Office,,,Qualification,100242,,REF-9949,100576,LOT-1255,102091,,,,Inbound Call,,Active,,,,,,100425,,100448,,"453,594",,,"23,556",754,Riley Dorsey,101401,,,100046,Renewal,,,,,100498,,100578,,,100470,,Prospect,100568,,,,,100246,Managed Services,100398,,100345,,104681
100741,Opportunity,105342,mei.ashby@examplecorp.test,Jordan Rossi,2024-07-15 14:12:00,marco.ford@examplecorp.test,Mei Haddad,2026-03-15 22:58:00,yara.rossi@examplecorp.test,Rowan Calder,2025-08-07 23:38:00,jamie.mensah@sampleco.test,,2023-03-08 05:30:00,N,Harbor Group Ltd - Offshore Team,,,Discovery,100133,,TAG-3982,100071,REF-2767,102868,,,,Referral,100012,Active,,,,,,,,100471,,,Beta,,"10,343",,Arjun Dorsey,,100320,,100339,Renewal,100152,,,,100787,,,,,100449,,Active Customer,100697,,,,,,Back Office,,,100191,,102516
100387,Opportunity,105343,priya.kim@sampleco.test,Liam Whitfield,2026-05-07 14:15:00,emerson.rossi@sampleco.test,Quinn Cohen,2024-09-09 13:34:00,jamie.ford@examplecorp.test,Yara Calder,2023-06-23 04:05:00,elena.ashby@sampleco.test,,2022-12-03 07:50:00,N,Redwood Textiles - Offshore Team,,100545,Closed Won,100570,,TAG-3561,100564,SKU-7804,103488,,,,LinkedIn,,Inactive,,,,,,100153,,,,,,,,,Drew Vance,101455,,,100775,SMB,,,,,100761,,100177,Standard,,100139,,Active Customer,100466,,,,,100570,Back Office,100405,,100448,,103401
100387,Opportunity,105346,noah.mercer@demomail.test,Fatima Patel,2025-06-01 23:40:00,omar.garcia@sampleco.test,Emerson Rossi,2024-05-20 02:19:00,reese.calder@sampleco.test,Riley Kim,2022-11-27 18:29:00,aisha.silva@demomail.test,,2025-02-20 04:10:00,N,Pioneer Analytics LLP - Recruiting,,100188,Closed Won,100648,,TAG-6003,100434,SKU-9432,103253,,,,Website,,Inactive,,,,,,,,100461,,,,100672,"30,151",2359,Yara Sato,101575,,REF-3972,100386,New Logo,,,,,100267,,100664,Delta,,100465,,Active Customer,100067,,,,,100371,Consulting,100425,,100325,,103762
100169,Opportunity,105347,nina.larsson@sampleco.test,Skyler Rossi,2026-06-16 21:20:00,quinn.rossi@examplecorp.test,Rahul Silva,2024-05-07 16:51:00,marco.mensah@acme-fake.test,Aisha Ashby,2023-02-27 09:44:00,mei.mercer@sampleco.test,,2025-07-04 06:57:00,Y,Summit Industries Corp - Back Office,,100054,Closed Won,100003,,REF-1245,100188,LOT-7065,,,,,LinkedIn,100635,Inactive,,,,,,100380,,100328,,"303,158",Other,,"17,246",,Reese Kim,101176,,,100210,SMB,100106,,,,100548,,100634,,,,,Active Customer,100420,,,,,,Offshore Team,,,100632,,
100593,Opportunity,105350,quinn.ivanov@demomail.test,Arjun Okafor,2025-03-22 02:16:00,nina.garcia@acme-fake.test,Elena Rossi,2024-04-01 01:14:00,yara.ford@examplecorp.test,Liam Ford,2024-10-15 16:00:00,jamie.nguyen@sampleco.test,,2023-07-11 12:12:00,Y,Meridian Solutions LLC - Back Office,,100601,Discovery,100787,,TAG-5545,100611,LOT-4453,102135,,,,Inbound Call,100691,Active,,,,,,,,,,,,100484,"34,342",4818,Liam Ford,101658,100295,SKU-8961,100672,Enterprise,,,,,100574,,,,,100153,,Prospect,100073,,,,,100083,Managed Services,100125,,100717,,
100561,Opportunity,105353,diego.dorsey@demomail.test,Taylor Calder,2022-10-03 21:02:00,elena.calder@acme-fake.test,Skyler Brooks,2024-01-25 17:01:00,chen.vance@acme-fake.test,Avery Whitfield,2025-06-05 18:30:00,mei.okafor@sampleco.test,,2025-09-21 09:04:00,Y,Summit Networks Group - Managed Services,,,Proposal Sent,100199,SKU-4716,SKU-8357,100774,LOT-6787,103725,,,,Referral,100669,Active,,,,,,100487,,,,,Beta,100593,"32,766",6817,Morgan Costa,100820,100328,REF-6099,100128,Standard,100458,,,,100103,,,,,100791,,Prospect,100747,,,,,100468,Consulting,100656,,100622,,102627
100369,Opportunity,105354,jamie.mensah@sampleco.test,Skyler Larsson,2022-12-22 15:44:00,marco.rossi@acme-fake.test,Yara Blake,2024-09-29 20:59:00,aisha.mercer@sampleco.test,Quinn Okafor,2023-05-22 13:36:00,marco.cohen@sampleco.test,,2023-11-11 02:23:00,N,Summit Industries LLC - Payroll,,,Closed Lost,100619,TAG-3975,SKU-1667,100733,REF-3943,103434,,,,Event,100253,Inactive,,,,,,100535,,100461,,,Beta,,"13,141",56,Nina Nguyen,,100214,TAG-5372,100771,New Logo,,,,,100174,,,,,100578,,Prospect,100077,,,,,100094,Consulting,100382,,100516,,104523
100295,Opportunity,105356,fatima.whitfield@sampleco.test,Rahul Cohen,2023-02-07 07:34:00,marco.ivanov@examplecorp.test,Omar Sato,2025-09-21 14:02:00,omar.cohen@acme-fake.test,Arjun Ivanov,2025-02-06 04:02:00,rowan.dorsey@examplecorp.test,,2023-05-22 06:35:00,Y,Granite Group LLC - Back Office,,,Closed Won,100226,,LOT-5683,100382,LOT-7194,102736,,,,Inbound Call,100606,Inactive,,,,,,100599,,100672,,"160,707",,,,,Jordan Whitfield,101491,100278,REF-8273,100201,SMB,,,,,100115,,100707,,,100481,,Active Customer,100710,,,,,100707,Consulting,,,100193,,103997
100691,Opportunity,105357,noah.blake@examplecorp.test,Marco Mensah,2025-08-20 00:04:00,alex.costa@acme-fake.test,Elena Sloan,2025-07-10 01:47:00,fatima.okafor@sampleco.test,Noah Ivanov,2024-10-19 19:42:00,avery.mercer@sampleco.test,,2024-01-11 06:50:00,Y,Keystone Group LLP - Managed Services,,,Dead,100219,,LOT-6236,100404,SKU-6121,103521,,,,Inbound Call,100271,Inactive,,,,,,100643,,100082,,"261,024",,,"18,486",,Marco Patel,101576,100298,,100292,SMB,100204,,,,100162,,100315,,,100119,,Prospect,100005,,,,,100745,Recruiting,100494,,100572,,104045
100299,Opportunity,105360,alex.whitfield@sampleco.test,Rahul Reyes,2023-10-05 07:56:00,avery.ivanov@demomail.test,Riley Whitfield,2023-08-08 06:46:00,liam.dorsey@acme-fake.test,Riley Ford,2024-05-17 23:24:00,emerson.mercer@sampleco.test,,2026-07-01 09:52:00,Y,Delta Partners - Managed Services,,,Negotiation,100348,,SKU-7992,100478,TAG-1740,104277,,,,LinkedIn,100494,Active,,,,,,,,100640,,"448,745",,100026,"1,118",7862,Chen Rossi,100882,,,,Enterprise,,,,,100242,,,,,,,Prospect,100325,,,,,,Managed Services,100246,,100759,,
100645,Opportunity,105362,diego.whitfield@acme-fake.test,Noah Calder,2024-02-24 00:29:00,reese.brooks@acme-fake.test,Casey Sloan,2022-11-26 01:18:00,quinn.okafor@demomail.test,Reese Silva,2023-11-08 02:40:00,elena.patel@sampleco.test,,2022-11-22 21:57:00,Y,Northwind Robotics Co - Back Office,,100236,Dead,100042,,SKU-7510,100532,LOT-7331,103061,,,,Referral,,Inactive,,,,,,,,,,"66,211",,100112,"23,635",4076,Quinn Reyes,,100203,,,New Logo,,,,,100038,,100299,,,100369,,Active Customer,100732,,,,,100375,Staff Augmentation,,,100689,,102137
100156,Opportunity,105364,marco.larsson@examplecorp.test,Liam Brooks,2024-10-12 15:49:00,jamie.silva@acme-fake.test,Morgan Ashby,2026-06-19 10:03:00,nina.vance@sampleco.test,Marco Ivanov,2024-10-05 23:16:00,quinn.garcia@examplecorp.test,,2025-11-30 14:30:00,N,Falcon Solutions Corp - Managed Services,,100561,Qualification,100727,REF-1672,REF-7783,100756,REF-9469,103589,,,,Webinar,,Active,,,,,,100021,,100264,,"485,411",,100378,"10,055",5407,Jamie Patel,101520,100330,LOT-6691,,SMB,100718,,,,100680,,100650,Beta,,100047,,Prospect,100650,,,,,100296,Offshore Team,100400,,100031,,104606
100291,Opportunity,105365,quinn.kim@sampleco.test,Diego Mercer,2022-12-09 00:09:00,emerson.ashby@demomail.test,Sofia Patel,2024-02-01 03:47:00,noah.brooks@demomail.test,Jordan Mensah,2024-04-03 12:31:00,elena.costa@examplecorp.test,,2023-10-04 05:44:00,Y,Blue Ridge Industries Inc - Managed Services,,100596,Proposal Sent,100350,REF-8787,REF-3608,100058,REF-9681,102179,,,,LinkedIn,100158,Active,,,,,,100224,,,,"110,832",Delta,100645,"23,679",,Elena Sato,,,,100656,SMB,100012,,,,100714,,100174,,,100673,,Prospect,100226,,,,,,Consulting,,,100423,,103069
100201,Opportunity,105367,liam.ashby@demomail.test,Rahul Brooks,2022-12-14 00:56:00,morgan.blake@demomail.test,Drew Okafor,2025-08-18 04:49:00,arjun.dorsey@demomail.test,Alex Brooks,2025-12-26 17:36:00,avery.vance@sampleco.test,,2022-11-17 01:26:00,Y,Pioneer Analytics Ltd - Consulting,,100504,Dead,100578,,LOT-5669,100380,LOT-2291,103631,,,,Website,100098,Inactive,,,,,,,,100574,,"383,480",Standard,100616,"38,998",,Priya Haddad,,100256,,,SMB,,,,,100500,,,,,100457,,Prospect,100288,,,,,,Recruiting,,,100669,,103774
100415,Opportunity,105369,drew.mercer@examplecorp.test,Elena Dorsey,2023-06-10 13:37:00,quinn.ford@acme-fake.test,Reese Ford,2026-06-24 03:58:00,reese.ashby@acme-fake.test,Rahul Blake,2025-10-13 19:41:00,elena.calder@examplecorp.test,,2026-04-13 23:18:00,N,Ironwood Health Co - Staff Augmentation,,100314,Closed Lost,100658,,LOT-1672,100558,REF-5954,104670,,,,LinkedIn,100665,Inactive,,,,,,100392,,,,,,,"7,043",6003,Emerson Mensah,101058,,,,Renewal,100672,,,,100658,,100604,,,,,Prospect,100317,,,,,100613,Payroll,,,100587,,104593
100375,Opportunity,105370,aisha.nguyen@acme-fake.test,Nina Ford,2025-05-27 15:38:00,elena.rossi@examplecorp.test,Drew Blake,2024-04-01 04:04:00,mei.sloan@acme-fake.test,Avery Reyes,2025-10-05 07:07:00,marco.sloan@examplecorp.test,,2026-07-14 06:34:00,N,Granite Group LLC - Offshore Team,,100319,Qualification,100688,TAG-6476,LOT-7558,100652,SKU-7781,103539,,,,Inbound Call,,Active,,,,,,100673,,100590,,,,100299,"11,129",,Omar Silva,101690,100369,LOT-5022,100750,Enterprise,,,,,100538,,100196,Other,,,,Active Customer,100332,,,,,,Payroll,100305,,100569,,103802
100441,Opportunity,105373,liam.costa@acme-fake.test,Nina Whitfield,2025-05-13 01:02:00,rowan.sloan@sampleco.test,Sofia Sato,2023-06-07 12:00:00,sofia.vance@examplecorp.test,Sofia Patel,2023-11-26 23:22:00,rowan.patel@acme-fake.test,Elena Rossi,2026-07-25 13:32:00,Y,Silverline Media LLP - Offshore Team,,100071,Qualification,100022,,REF-3479,100572,LOT-8652,103707,,,,Inbound Call,,Active,,,,,,,,,,,Standard,100449,"26,148",9316,Nina Nguyen,,100727,LOT-5554,100768,Renewal,,,,,100196,,100214,,,100730,,Active Customer,100172,,,,,,Staff Augmentation,100130,,100529,,103196
100645,Opportunity,105374,quinn.brooks@sampleco.test,Rahul Ford,2023-02-15 20:40:00,quinn.vance@examplecorp.test,Avery Rossi,2023-05-25 07:35:00,morgan.larsson@demomail.test,Emerson Blake,2022-10-19 10:01:00,yara.larsson@sampleco.test,,2024-11-14 05:52:00,N,Cardinal Networks Co - Managed Services,,,Proposal Sent,100200,,SKU-3030,100155,,102790,,,,Referral,,Active,,,,,,100185,,100050,,,Beta,100441,,,Arjun Kim,,,,100335,SMB,,,,,100627,,,,,,,Prospect,100307,,,,,,Recruiting,,,100650,,103697
100658,Opportunity,105377,taylor.ford@acme-fake.test,Fatima Ashby,2023-05-17 08:47:00,priya.ashby@demomail.test,Skyler Reyes,2026-02-02 19:25:00,casey.patel@demomail.test,Nina Blake,2024-04-03 22:52:00,nina.calder@demomail.test,,2023-04-16 09:50:00,Y,Pioneer Group Group - Staff Augmentation,,100484,Closed Won,100092,,REF-3811,100750,,,,,,Referral,100094,Inactive,,,,,,,,100396,,"128,110",,,"17,874",,Avery Nguyen,,,REF-6290,100446,Renewal,100079,,,,100118,,,,,100787,,Prospect,100284,,,,,100791,Staff Augmentation,100420,,100745,,102666
100627,Opportunity,105379,chen.haddad@demomail.test,Chen Haddad,2025-09-30 03:02:00,priya.ashby@demomail.test,Rahul Mercer,2025-08-30 19:11:00,quinn.vance@sampleco.test,Skyler Nguyen,2023-01-21 14:07:00,sofia.vance@examplecorp.test,,2023-07-09 23:20:00,N,Silverline Energy - Back Office,,100077,Qualification,100200,,LOT-5714,100398,REF-4579,103924,,,,Webinar,,Active,,,,,,,,,,"235,957",,100214,,,Diego Reyes,101606,100590,LOT-3052,100717,Standard,100115,,,,100112,,100596,,,100604,,Active Customer,100438,,,,,100016,Payroll,100031,,100100,Standard,104194
100043,Opportunity,105380,morgan.silva@acme-fake.test,Aisha Sato,2023-02-28 07:45:00,quinn.okafor@examplecorp.test,Skyler Reyes,2025-08-02 21:33:00,rowan.silva@sampleco.test,Jordan Mensah,2026-06-22 03:42:00,arjun.ford@demomail.test,,2026-01-26 11:11:00,N,Silverline Analytics - Recruiting,,,Closed Lost,100205,,TAG-9370,100667,SKU-7941,104173,,,,Website,100362,Inactive,,,,,,,,,,,,100790,"39,534",,Chen Dorsey,,100106,REF-5873,100451,Standard,,,,,100639,,100412,,,100727,,Active Customer,100787,,,,,100420,Managed Services,,,100512,,104536
100727,Opportunity,105383,fatima.nguyen@examplecorp.test,Rowan Vance,2025-05-20 10:36:00,liam.reyes@demomail.test,Yara Whitfield,2026-01-21 12:20:00,aisha.kim@examplecorp.test,Reese Okafor,2026-02-17 00:03:00,arjun.larsson@acme-fake.test,,2025-05-09 05:36:00,Y,Everest Logistics Corp - Back Office,,,Closed Won,100178,LOT-5762,REF-4247,100153,SKU-6114,102212,,,,Website,,Inactive,,,,,,100185,,100336,,"168,580",,100525,"4,771",,Aisha Garcia,,100750,LOT-4730,100512,Renewal,100153,,,,100106,,100635,,,,,Active Customer,100425,,,,,,Offshore Team,100204,,100322,,104838
100509,Opportunity,105384,priya.kim@examplecorp.test,Skyler Costa,2023-02-20 11:36:00,fatima.nguyen@demomail.test,Taylor Mercer,2026-06-11 16:41:00,priya.brooks@examplecorp.test,Marco Patel,2023-12-20 04:28:00,yara.whitfield@demomail.test,,2023-07-25 04:35:00,N,Ironwood Health Ltd - Offshore Team,,100697,Dead,100043,,SKU-5230,100519,LOT-7446,102234,,,,Inbound Call,,Inactive,,,,,,,,100691,,"99,420",Gamma,,,,Casey Cohen,100940,100158,REF-7835,,SMB,100786,,,,100790,,,,,100740,,Active Customer,100152,,,,,100449,Consulting,100369,,100246,,
100648,Opportunity,105386,drew.larsson@demomail.test,Drew Mensah,2023-04-09 02:03:00,jamie.ford@acme-fake.test,Morgan Garcia,2026-07-18 09:11:00,omar.dorsey@demomail.test,Quinn Larsson,2025-06-19 07:38:00,marco.silva@demomail.test,,2023-03-14 04:57:00,N,Ironwood Holdings Co - Back Office,,100613,Dead,100236,,REF-5210,100145,,104186,,,,Referral,100014,Inactive,,,,,,100735,,,,"23,802",Other,100435,"19,027",,Arjun Reyes,101349,100214,SKU-4338,100493,Enterprise,100012,,,,100509,,100205,,,,,Prospect,100100,,,,,100545,Recruiting,100634,,100286,,
100031,Opportunity,105388,arjun.ford@demomail.test,Noah Silva,2025-06-25 03:27:00,omar.ford@sampleco.test,Sofia Sloan,2025-11-19 07:45:00,reese.dorsey@examplecorp.test,Rahul Haddad,2025-10-12 08:57:00,noah.silva@examplecorp.test,,2023-04-18 00:39:00,N,Cobalt Solutions LLP - Staff Augmentation,,100257,Closed Won,100401,,SKU-9420,100311,TAG-1359,103422,,,,Website,100320,Inactive,,,,,,100149,,,,"407,219",,,,6557,Morgan Patel,101050,100699,REF-7695,100432,SMB,100457,,,,100694,,100239,Gamma,,,,Active Customer,100348,,,,,100727,Back Office,100320,,100119,,104068
100291,Opportunity,105389,yara.mercer@sampleco.test,Morgan Silva,2025-03-23 12:55:00,morgan.nguyen@examplecorp.test,Taylor Vance,2022-11-25 14:23:00,aisha.calder@examplecorp.test,Drew Patel,2026-06-05 10:32:00,quinn.sato@examplecorp.test,,2023-01-03 03:02:00,N,Meridian Ventures LLC - Consulting,,,Closed Lost,100211,LOT-5714,TAG-8525,100542,TAG-4074,104811,,,,Webinar,100142,Inactive,,,,,,100425,,,,"190,539",Standard,100174,"20,776",,Quinn Patel,,,SKU-8909,,Standard,100454,,,,100275,,,,,100470,,Prospect,100401,,,,,,Payroll,,,100137,,104858
100112,Opportunity,105390,sofia.sato@acme-fake.test,Fatima Okafor,2026-07-16 01:35:00,aisha.whitfield@demomail.test,Jordan Reyes,2024-09-20 06:59:00,avery.costa@demomail.test,Diego Reyes,2025-12-03 11:59:00,fatima.sato@acme-fake.test,,2024-12-24 21:45:00,N,Horizon Robotics - Managed Services,,100741,Dead,100710,,SKU-2132,100608,SKU-2674,104073,,,,Webinar,,Inactive,,,,,,100062,,,,"464,589",,100345,"15,560",,Jamie Calder,,,,100273,New Logo,100686,,,,100739,,100083,,,,,Prospect,100578,,,,,100267,Recruiting,100762,,100260,,103422
100298,Opportunity,105392,nina.sloan@sampleco.test,Rahul Ford,2024-10-06 22:17:00,alex.ivanov@demomail.test,Emerson Larsson,2023-08-12 21:52:00,priya.silva@acme-fake.test,Fatima Mensah,2024-12-13 01:41:00,rahul.brooks@sampleco.test,,2025-06-26 14:14:00,N,Pioneer Networks Co - Payroll,,,Discovery,100298,REF-9533,SKU-2611,100252,TAG-7066,102209,,,,Referral,100672,Active,,,,,,,,,,"75,377",,,"38,647",,Yara Reyes,101293,100522,SKU-6524,,New Logo,,,,,100393,,100217,,,100629,,Prospect,100320,,,,,,Recruiting,100714,,100640,,103997
100651,Opportunity,105395,nina.dorsey@sampleco.test,Nina Silva,2025-10-22 16:27:00,priya.ivanov@acme-fake.test,Marco Mensah,2025-09-21 16:34:00,rahul.sloan@examplecorp.test,Fatima Whitfield,2023-07-03 22:38:00,alex.silva@demomail.test,Emerson Sloan,2023-04-18 16:05:00,Y,Harbor Group LLP - Payroll,,100727,Closed Lost,100033,,TAG-1151,100503,REF-2954,103196,,,,Cold Outreach,,Inactive,,,,,,,,,,,,100385,"13,731",,Alex Sloan,100863,,LOT-3357,100174,Standard,100067,,,,100340,,,,,100784,,Prospect,100199,,,,,,Back Office,100208,,100196,,
100348,Opportunity,105398,aisha.costa@acme-fake.test,Priya Silva,2025-04-15 18:09:00,nina.blake@sampleco.test,Yara Okafor,2024-12-01 21:28:00,drew.whitfield@acme-fake.test,Aisha Larsson,2024-10-30 01:45:00,arjun.mercer@sampleco.test,,2023-06-29 02:19:00,N,Ironwood Retail Group - Consulting,,,Discovery,100140,TAG-6359,REF-7331,100471,,102693,,,,Partner,100236,Active,,,,,,,,100768,,"492,920",Delta,100457,"6,996",,Mei Sloan,101272,100172,LOT-4049,100490,SMB,100673,,,,100545,,,Other,,,,Prospect,100193,,,,,100196,Offshore Team,100058,,100432,,104626
100231,Opportunity,105401,liam.silva@examplecorp.test,Taylor Blake,2023-10-25 03:20:00,morgan.sato@demomail.test,Skyler Silva,2024-09-16 11:50:00,casey.garcia@demomail.test,Jordan Costa,2026-04-18 14:24:00,omar.mercer@examplecorp.test,,2025-10-13 09:17:00,Y,Granite Group Co - Payroll,,100421,Negotiation,100595,,SKU-6004,100172,LOT-5182,102105,,,,Cold Outreach,,Active,,,,,,,,,,,Standard,100639,"8,335",,Arjun Sato,,,TAG-3227,100199,Standard,100352,,,,100656,,,,,100033,,Active Customer,100244,,,,,100133,Offshore Team,100457,,100634,,103673
100128,Opportunity,105404,sofia.dorsey@demomail.test,Skyler Garcia,2025-04-26 20:07:00,mei.calder@acme-fake.test,Drew Ivanov,2025-04-17 03:04:00,priya.vance@demomail.test,Casey Rossi,2025-03-28 21:37:00,rowan.whitfield@examplecorp.test,,2025-12-25 09:50:00,N,Cobalt Group Co - Offshore Team,,100578,Negotiation,100260,REF-8565,LOT-5084,100613,TAG-5371,104360,,,,Event,100086,Active,,,,,,100172,,,,,Other,,,414,Mei Silva,101541,100542,,,Standard,100053,,,,100551,,100242,,,100733,,Active Customer,100732,,,,,100067,Back Office,100435,,100098,,102513
100355,Opportunity,105407,sofia.sato@sampleco.test,Mei Kim,2025-09-16 16:58:00,marco.ashby@sampleco.test,Casey Silva,2025-12-30 10:14:00,elena.calder@examplecorp.test,Mei Whitfield,2025-08-03 00:12:00,elena.vance@sampleco.test,,2024-01-19 02:01:00,Y,Pioneer Group Corp - Payroll,,,Proposal Sent,100185,,SKU-9503,100624,TAG-4166,102275,,,,Cold Outreach,100250,Active,,,,,,,,,,"264,825",,,"39,138",,Noah Reyes,101103,,,100629,SMB,100349,,,,100348,,,Delta,,100335,,Prospect,100739,,,,,,Consulting,100446,,100247,,104769
100582,Opportunity,105409,sofia.mercer@examplecorp.test,Fatima Whitfield,2025-05-31 15:36:00,rahul.kim@demomail.test,Riley Whitfield,2022-10-16 19:00:00,chen.larsson@demomail.test,Skyler Mercer,2022-11-05 21:58:00,morgan.mercer@acme-fake.test,,2024-09-21 18:17:00,Y,Lakeside Partners Co - Payroll,,,Closed Won,100461,,TAG-8089,100320,TAG-9016,104604,,,,Webinar,100564,Inactive,,,,,,,,100014,,,,100462,"7,446",,Alex Sloan,100920,100393,,,Renewal,,,,,100244,,100714,,,,,Active Customer,100092,,,,,100193,Offshore Team,100572,,100152,,103549
100348,Opportunity,105410,arjun.cohen@sampleco.test,Aisha Calder,2025-10-27 13:18:00,chen.blake@sampleco.test,Mei Dorsey,2025-09-08 22:42:00,noah.ashby@examplecorp.test,Noah Sato,2023-02-28 21:05:00,drew.reyes@demomail.test,,2023-11-26 09:50:00,Y,Evergreen Energy Ltd - Payroll,,,Closed Lost,100215,,SKU-1208,100762,TAG-1503,102886,,,,Partner,,Inactive,,,,,,100714,,,,,Beta,,,,Yara Ford,101477,,TAG-1578,,New Logo,100733,,,,100435,,100611,,,,,Prospect,100112,,,,,100500,Offshore Team,,,100134,,103645
100173,Opportunity,105413,rowan.garcia@demomail.test,Morgan Ashby,2025-05-10 11:31:00,sofia.costa@acme-fake.test,Noah Ashby,2026-06-10 04:27:00,rowan.larsson@sampleco.test,Skyler Patel,2026-05-11 19:47:00,aisha.sato@examplecorp.test,,2023-07-12 05:22:00,Y,Redwood Networks Ltd - Managed Services,,100568,Qualification,100765,,TAG-6884,100721,REF-7586,102057,,,,Webinar,,Active,,,,,,100319,,,,"107,184",,,"26,987",6015,Jordan Garcia,,100727,,100096,Standard,100399,,,,100147,,,Gamma,,100295,,Prospect,100246,,,,,100733,Consulting,100260,,100149,,103520
100229,Opportunity,105416,casey.mercer@sampleco.test,Yara Kim,2025-11-02 10:28:00,reese.rossi@sampleco.test,Quinn Costa,2023-01-28 14:44:00,reese.ford@demomail.test,Noah Cohen,2024-08-07 22:31:00,taylor.brooks@examplecorp.test,,2023-08-05 03:45:00,Y,Silverline Media LLP - Staff Augmentation,,100094,Qualification,100155,,REF-3864,100697,SKU-7835,102460,,,,Partner,100747,Active,,,,,,,,100790,,,,,"2,947",,Priya Mercer,101134,100343,LOT-2787,,Enterprise,100295,,,,100196,,,,,100498,,Prospect,100177,,,,,100233,Payroll,100604,,100165,Alpha,104354
100707,Opportunity,105418,riley.sloan@demomail.test,Alex Cohen,2026-05-31 14:00:00,priya.mensah@sampleco.test,Casey Sato,2026-07-06 09:04:00,yara.haddad@sampleco.test,Diego Ashby,2023-06-04 10:12:00,reese.costa@examplecorp.test,,2026-07-19 23:21:00,N,Lakeside Energy - Offshore Team,,100739,Discovery,100495,,REF-9806,100593,LOT-3597,103020,,,,LinkedIn,,Active,,,,,,100585,,,,"421,211",,100038,"18,287",,Omar Rossi,101259,100139,SKU-7475,100658,SMB,100572,,,,100165,,,,,100414,,Active Customer,100672,,,,,100436,Staff Augmentation,100558,,100435,,104500
100590,Opportunity,105421,elena.ashby@acme-fake.test,Sofia Ivanov,2024-02-01 08:31:00,casey.garcia@acme-fake.test,Elena Larsson,2025-01-14 22:05:00,chen.dorsey@acme-fake.test,Yara Nguyen,2025-07-29 22:31:00,omar.ashby@demomail.test,,2022-11-19 12:14:00,Y,Copper Foods Inc - Payroll,,,Proposal Sent,100514,,REF-7219,100669,REF-7538,102116,,,,Inbound Call,100568,Active,,,,,,,,,,"350,196",,,"18,237",,Riley Whitfield,101701,100219,REF-3882,100336,Renewal,100415,,,,100253,,,,,100599,,Active Customer,100314,,,,,100496,Staff Augmentation,,,100250,,
100504,Opportunity,105422,jamie.sato@sampleco.test,Omar Calder,2023-04-02 23:48:00,alex.mensah@examplecorp.test,Riley Silva,2024-08-15 06:13:00,chen.costa@sampleco.test,Rowan Patel,2026-04-02 10:12:00,taylor.cohen@acme-fake.test,,2023-12-26 22:49:00,N,Brightpath Manufacturing Inc - Offshore Team,,100401,Discovery,100569,REF-9161,SKU-3767,100053,SKU-3632,103679,,,,Event,,Active,,,,,,,,100345,,,Standard,,"18,725",,Quinn Silva,101497,100535,TAG-4746,,SMB,100739,,,,100683,,,Delta,,100686,,Prospect,100199,,,,,,Consulting,100340,,100559,,
100253,Opportunity,105425,quinn.patel@examplecorp.test,Rowan Sato,2025-04-03 01:30:00,omar.sloan@sampleco.test,Sofia Ford,2023-05-12 19:32:00,sofia.vance@sampleco.test,Riley Sato,2025-08-05 01:27:00,aisha.vance@sampleco.test,,2025-06-16 22:01:00,Y,Granite Partners LLP - Offshore Team,,100582,Closed Lost,100673,,SKU-5584,100555,TAG-1915,102070,,,,Cold Outreach,100751,Inactive,,,,,,100745,,100750,,"452,205",,100383,"28,435",187,Skyler Calder,,100601,TAG-5527,,SMB,100420,,,,100616,,100361,,,100785,,Active Customer,100654,,,,,100659,Offshore Team,100645,,100375,,
100314,Opportunity,105428,emerson.silva@acme-fake.test,Taylor Vance,2026-06-23 10:54:00,aisha.patel@examplecorp.test,Reese Whitfield,2024-05-27 22:54:00,rahul.cohen@acme-fake.test,Omar Rossi,2024-03-10 05:46:00,chen.reyes@demomail.test,,2026-04-19 09:51:00,N,Falcon Holdings - Payroll,,100699,Closed Lost,100665,,SKU-4010,100775,,102806,,,,Cold Outreach,100273,Inactive,,,,,,100336,,100071,,"249,797",Alpha,,"36,124",,Marco Dorsey,,100504,,100756,Enterprise,100232,,,,100696,,,,,100303,,Prospect,100548,,,,,100436,Payroll,100005,,100317,,103483
100469,Opportunity,105429,reese.dorsey@demomail.test,Aisha Mensah,2024-04-08 15:58:00,jordan.cohen@acme-fake.test,Skyler Ivanov,2022-11-28 08:26:00,riley.ford@acme-fake.test,Alex Costa,2023-04-09 15:37:00,rahul.sato@demomail.test,,2025-04-24 10:09:00,N,Meridian Solutions Co - Payroll,,100219,Closed Lost,100593,LOT-4984,SKU-6007,100739,REF-5147,102557,,,,Event,,Inactive,,,,,,,,,,,Delta,,,,Chen Vance,101379,,REF-6142,100263,Enterprise,100770,,,,100601,,100046,,,100134,,Prospect,100540,,,,,100355,Recruiting,,,100181,,
100092,Opportunity,105431,emerson.rossi@sampleco.test,Yara Mensah,2023-12-03 03:04:00,elena.reyes@demomail.test,Alex Vance,2025-12-21 17:06:00,casey.sato@acme-fake.test,Chen Larsson,2025-04-08 15:55:00,liam.ashby@sampleco.test,,2024-02-15 15:25:00,N,Blue Ridge Holdings Ltd - Offshore Team,,100177,Discovery,100071,REF-5544,TAG-3321,100467,SKU-9181,103379,,,,Cold Outreach,100535,Active,,,,,,100371,,100445,,,,100667,"5,226",3227,Rowan Ford,101021,100593,,100616,Standard,100753,,,,100689,,100021,,,,,Active Customer,100449,,,,,,Payroll,,,100393,,104766
100771,Opportunity,105434,liam.patel@sampleco.test,Casey Ashby,2024-01-20 09:58:00,quinn.nguyen@examplecorp.test,Skyler Larsson,2023-07-25 03:34:00,alex.silva@sampleco.test,Noah Mensah,2022-12-11 18:04:00,liam.garcia@examplecorp.test,Emerson Blake,2022-12-10 20:35:00,Y,Falcon Textiles Group - Payroll,,100271,Closed Won,100438,REF-5890,SKU-8544,100751,LOT-3825,104348,,,,Referral,,Inactive,,,,,,,,100214,,"106,491",Beta,100648,"36,363",9957,Riley Silva,101528,100236,TAG-5186,,Standard,100472,,,,100500,,100472,,,100257,,Prospect,100369,,,,,100253,Consulting,100658,,100028,,103205
100453,Opportunity,105436,jordan.okafor@sampleco.test,Marco Dorsey,2024-11-26 06:58:00,arjun.ford@demomail.test,Skyler Rossi,2023-04-12 13:07:00,chen.sloan@examplecorp.test,Casey Whitfield,2026-04-30 23:05:00,taylor.cohen@acme-fake.test,,2025-09-18 19:41:00,Y,Beacon Holdings Co - Managed Services,,100121,Negotiation,100467,,LOT-1573,100033,SKU-1756,102189,,,,Event,,Active,,,,,,,,,,,,,,,Marco Garcia,,,LOT-6046,,SMB,100608,,,,100741,,100204,Standard,,,,Prospect,100038,,,,,,Offshore Team,100428,,100675,,101940
100660,Opportunity,105437,casey.calder@demomail.test,Aisha Calder,2026-05-31 06:28:00,mei.brooks@acme-fake.test,Drew Brooks,2025-08-11 19:56:00,reese.okafor@demomail.test,Sofia Cohen,2024-02-06 10:23:00,yara.garcia@acme-fake.test,,2023-12-02 20:36:00,Y,Keystone Health LLP - Back Office,,100389,Qualification,100298,,SKU-8726,100215,REF-8501,102719,,,,Website,100671,Active,,,,,,,,,,,Alpha,100453,"2,130",,Rowan Silva,100970,,,100661,Standard,100656,,,,100750,,,,,,,Prospect,100199,,,,,,Back Office,,,100205,,102969
100365,Opportunity,105438,priya.rossi@examplecorp.test,Avery Ashby,2025-12-12 09:07:00,priya.vance@acme-fake.test,Priya Kim,2026-06-11 09:33:00,reese.whitfield@sampleco.test,Nina Sato,2023-08-15 11:20:00,casey.silva@demomail.test,Morgan Ford,2025-09-13 08:03:00,N,Delta Retail Corp - Consulting,,,Discovery,100699,,TAG-3859,100120,LOT-7048,103920,,,,LinkedIn,100214,Active,,,,,,,,100640,,"479,271",Beta,100061,"4,399",,Taylor Whitfield,101435,100461,,100606,Standard,100062,,,,100071,,,,,100362,,Prospect,100415,,,,,,Managed Services,100739,,100142,,102824
100730,Opportunity,105441,avery.brooks@examplecorp.test,Sofia Nguyen,2025-09-08 18:26:00,riley.ashby@demomail.test,Rowan Vance,2025-05-26 18:05:00,riley.haddad@demomail.test,Aisha Mercer,2025-05-14 22:07:00,emerson.reyes@demomail.test,,2024-01-18 03:08:00,N,Horizon Retail LLC - Staff Augmentation,,100415,On Hold,100303,,TAG-2800,100203,SKU-7415,,,,,Partner,100257,Active,,,,,,100634,,,,"316,632",Alpha,,"9,366",1671,Riley Okafor,101272,100436,REF-6899,100365,Enterprise,100023,,,,100366,,,,,100130,,Prospect,100339,,,,,100673,Managed Services,,,100339,,104084
100559,Opportunity,105443,fatima.ford@examplecorp.test,Priya Ivanov,2023-03-21 10:18:00,mei.okafor@sampleco.test,Riley Rossi,2025-08-31 01:43:00,rowan.sato@sampleco.test,Quinn Nguyen,2025-12-14 11:38:00,jamie.patel@examplecorp.test,,2026-07-07 02:08:00,N,Beacon Solutions LLC - Managed Services,,100770,Discovery,100498,TAG-5750,REF-7642,100702,LOT-2829,102361,,,,Inbound Call,100029,Active,,,,,,,,100775,,"479,403",,100779,"38,403",,Priya Cohen,101687,100332,LOT-8628,,New Logo,100210,,,,100585,,100436,Standard,,,,Active Customer,100619,,,,,100434,Managed Services,,,100378,,
100770,Opportunity,105445,jamie.ashby@demomail.test,Jordan Haddad,2023-10-26 09:38:00,taylor.dorsey@demomail.test,Jordan Larsson,2024-09-14 04:44:00,taylor.haddad@acme-fake.test,Liam Garcia,2025-11-16 15:19:00,avery.nguyen@acme-fake.test,,2025-12-22 01:12:00,N,Redwood Holdings Group - Consulting,,100299,Closed Won,100727,TAG-6582,REF-6008,100121,REF-8709,103527,,,,Referral,100322,Inactive,,,,,,100005,,100672,,"143,870",,,,,Morgan Okafor,,100460,,100457,Enterprise,100355,,,,100595,,100762,,,100181,,Prospect,100475,,,,,100139,Recruiting,,,100019,,
100278,Opportunity,105446,marco.patel@demomail.test,Morgan Okafor,2025-10-27 08:16:00,aisha.rossi@examplecorp.test,Nina Rossi,2024-11-22 19:24:00,emerson.costa@sampleco.test,Fatima Cohen,2026-01-04 19:32:00,emerson.nguyen@acme-fake.test,,2024-03-26 08:45:00,N,Beacon Analytics Corp - Managed Services,,,Discovery,100348,SKU-6550,REF-5495,100339,TAG-9728,101940,,,,Partner,,Active,,,,,,,,,,"404,091",,100570,,,Alex Sloan,101082,,,,Standard,,,,,100667,,100181,,,,,Active Customer,100648,,,,,100564,Consulting,,,100349,,
100295,Opportunity,105447,nina.rossi@sampleco.test,Alex Mensah,2024-04-22 12:20:00,alex.nguyen@sampleco.test,Aisha Kim,2024-07-26 05:11:00,diego.ford@demomail.test,Morgan Whitfield,2024-06-27 08:20:00,skyler.patel@sampleco.test,,2024-12-20 03:34:00,Y,Summit Foods Co - Offshore Team,,100561,Closed Lost,100675,,TAG-6219,100172,LOT-9849,102676,,,,Referral,,Inactive,,,,,,100386,,100425,,,Beta,100659,"12,256",,Morgan Rossi,,100421,REF-1288,100348,Renewal,,,,,100191,,,Standard,,100461,,Prospect,100660,,,,,100688,Staff Augmentation,100578,,100503,,104316
100273,Opportunity,105448,jordan.nguyen@acme-fake.test,Aisha Brooks,2024-02-03 09:46:00,liam.blake@demomail.test,Sofia Ford,2022-12-19 23:19:00,quinn.calder@demomail.test,Skyler Cohen,2022-10-16 13:09:00,aisha.costa@acme-fake.test,,2023-11-10 12:26:00,N,Brightpath Capital Corp - Offshore Team,,100753,Closed Won,100162,TAG-1779,REF-9775,100247,SKU-7560,104505,,,,LinkedIn,100435,Inactive,,,,,,,,100389,,,Delta,,,,Mei Cohen,101531,,,,Renewal,100445,,,,100438,,100263,,,,,Prospect,100404,,,,,,Recruiting,100236,,100683,,103443
100208,Opportunity,105449,drew.sloan@acme-fake.test,Nina Whitfield,2025-08-07 15:05:00,quinn.blake@acme-fake.test,Diego Reyes,2024-05-29 20:49:00,mei.sloan@sampleco.test,Sofia Kim,2026-06-05 08:51:00,avery.vance@acme-fake.test,,2025-01-14 15:38:00,N,Beacon Solutions Group - Staff Augmentation,,100219,Closed Lost,100332,SKU-7099,TAG-6532,100117,LOT-6674,102513,,,,Inbound Call,,Inactive,,,,,,100405,,100355,,,,,"16,486",,Fatima Patel,101784,,REF-7452,,Renewal,100790,,,,100252,,100730,,,,,Prospect,100169,,,,,100595,Back Office,100495,,100759,,102137
100398,Opportunity,105452,jamie.ashby@demomail.test,Liam Larsson,2023-01-10 13:18:00,elena.whitfield@sampleco.test,Sofia Ford,2025-09-20 18:45:00,diego.mensah@demomail.test,Morgan Vance,2025-07-27 13:47:00,morgan.larsson@examplecorp.test,,2026-01-18 09:00:00,Y,Northwind Ventures Corp - Recruiting,,100790,On Hold,100446,REF-5493,LOT-9226,100420,,103317,,,,Cold Outreach,100472,Active,,,,,,,,100454,,"184,955",Other,,,9864,Skyler Rossi,101373,100117,TAG-3830,100606,Renewal,100161,,,,100496,,100307,,,100242,,Active Customer,100047,,,,,100770,Payroll,100758,,100713,,
100029,Opportunity,105453,emerson.brooks@examplecorp.test,Avery Reyes,2025-02-17 07:41:00,noah.sloan@examplecorp.test,Marco Rossi,2025-11-13 18:04:00,jamie.ashby@acme-fake.test,Nina Dorsey,2024-10-08 15:33:00,nina.nguyen@demomail.test,,2022-11-02 02:48:00,Y,Vertex Logistics LLP - Recruiting,,100277,Closed Won,100352,REF-9386,LOT-7362,100507,TAG-7861,101983,,,,Website,,Inactive,,,,,,,,,,,,,,,Casey Sloan,101354,100319,REF-1197,100357,Standard,,,,,100718,,100038,,,100156,,Active Customer,100096,,,,,100694,Consulting,100281,,100739,,102147
100325,Opportunity,105454,fatima.kim@demomail.test,Sofia Okafor,2024-04-29 19:09:00,elena.garcia@demomail.test,Drew Okafor,2024-08-03 15:03:00,rowan.ford@sampleco.test,Quinn Sato,2025-12-01 17:45:00,rahul.kim@sampleco.test,,2023-04-04 21:10:00,Y,Granite Dynamics LLC - Offshore Team,,100161,Closed Lost,100412,,LOT-3184,100472,LOT-4450,,,,,Partner,,Inactive,,,,,,100026,,100096,,"95,303",,,921,5179,Yara Ivanov,101021,,REF-4502,,SMB,,,,,100236,,100076,,,,,Active Customer,100121,,,,,,Recruiting,100415,,100299,,
100023,Opportunity,105455,riley.okafor@sampleco.test,Emerson Mercer,2023-09-23 04:28:00,nina.sato@examplecorp.test,Morgan Rossi,2024-12-31 04:51:00,omar.sato@examplecorp.test,Marco Sloan,2024-02-04 00:53:00,diego.blake@examplecorp.test,,2024-02-09 03:49:00,Y,Silverline Foods Inc - Recruiting,,100355,Proposal Sent,100335,,SKU-2307,100350,SKU-9161,102881,,,,Cold Outreach,,Active,,,,,,100678,,100031,,"390,496",,100157,"28,610",,Noah Silva,100846,,,100438,New Logo,,,,,100435,,,,,100336,,Active Customer,100361,,,,,100629,Back Office,100608,,100281,,103866
100007,Opportunity,105456,casey.calder@examplecorp.test,Jordan Patel,2024-08-26 14:39:00,alex.larsson@examplecorp.test,Arjun Larsson,2023-08-08 21:15:00,liam.vance@examplecorp.test,Riley Ivanov,2026-07-04 18:50:00,morgan.whitfield@demomail.test,,2025-10-22 00:50:00,Y,Harbor Labs - Payroll,,,Discovery,100476,,REF-1073,100181,TAG-1068,103097,,,,Event,,Active,,,,,,,,100191,,"100,313",Gamma,100232,"20,592",,Yara Rossi,101197,,LOT-2388,100751,Renewal,100389,,,,100348,,100239,Beta,,100065,,Active Customer,100462,,,,,100661,Back Office,100648,,100775,,
100504,Opportunity,105457,sofia.whitfield@examplecorp.test,Rowan Kim,2024-09-25 14:53:00,riley.haddad@sampleco.test,Quinn Garcia,2025-05-03 19:59:00,quinn.sloan@demomail.test,Reese Sloan,2024-07-14 20:46:00,rowan.larsson@acme-fake.test,,2026-01-04 18:10:00,N,Meridian Partners Group - Payroll,,,Qualification,100582,LOT-6154,REF-6925,100340,REF-2581,103765,,,,LinkedIn,,Active,,,,,,,,100361,,"160,572",,,"27,110",7298,Arjun Calder,101739,100458,,100244,Standard,100702,,,,100613,,100221,Standard,,100256,,Active Customer,100732,,,,,,Payroll,100529,,100012,,
100629,Opportunity,105460,emerson.kim@sampleco.test,Avery Mercer,2023-02-15 13:34:00,emerson.dorsey@acme-fake.test,Jamie Okafor,2024-03-10 01:36:00,fatima.okafor@demomail.test,Aisha Nguyen,2024-09-07 05:30:00,liam.patel@acme-fake.test,,2024-06-03 21:50:00,Y,Evergreen Networks Ltd - Payroll,,,On Hold,100509,TAG-2761,LOT-2118,100785,TAG-3167,103241,,,,LinkedIn,,Active,,,,,,100481,,,,"210,718",,100173,"14,995",,Yara Dorsey,100965,100147,,100658,Enterprise,,,,,100414,,100398,,,,,Prospect,100439,,,,,100420,Managed Services,,,100696,,102275
100158,Opportunity,105463,emerson.ford@sampleco.test,Riley Nguyen,2023-09-20 20:58:00,nina.calder@acme-fake.test,Diego Mercer,2025-06-08 04:04:00,arjun.whitfield@examplecorp.test,Morgan Nguyen,2026-03-14 21:03:00,yara.ashby@demomail.test,,2024-03-06 15:18:00,Y,Falcon Robotics Corp - Consulting,,,Closed Won,100418,,SKU-5107,100467,REF-2164,102693,,,,Partner,100658,Inactive,,,,,,100552,,100133,,,Gamma,100787,"27,420",,Reese Reyes,,,REF-9392,100476,SMB,,,,,100659,,,,,,,Active Customer,100094,,,,,100498,Offshore Team,100335,,100542,,101964
100733,Opportunity,105466,drew.larsson@examplecorp.test,Omar Cohen,2026-01-27 00:31:00,mei.nguyen@acme-fake.test,Chen Blake,2023-09-17 00:08:00,chen.dorsey@sampleco.test,Jordan Garcia,2024-06-24 05:11:00,avery.dorsey@demomail.test,,2025-05-10 22:58:00,N,Vertex Ventures - Offshore Team,,,Proposal Sent,100765,,TAG-8583,100068,REF-1410,,,,,Website,,Active,,,,,,,,,,"197,377",,,"21,412",,Liam Okafor,101658,100579,LOT-8065,100671,Enterprise,100022,,,,100214,,100068,,,,,Active Customer,100134,,,,,,Staff Augmentation,,,100349,,102597
100314,Opportunity,105468,omar.mercer@sampleco.test,Casey Whitfield,2024-09-17 05:41:00,sofia.reyes@sampleco.test,Aisha Sloan,2025-10-24 16:39:00,jamie.costa@examplecorp.test,Rowan Blake,2026-01-12 03:59:00,arjun.larsson@sampleco.test,,2024-04-21 21:59:00,Y,Cardinal Logistics - Staff Augmentation,,,Discovery,100033,REF-9618,REF-5234,100142,REF-1484,,,,,Website,,Active,,,,,,,,100667,,"335,350",Alpha,100100,"24,002",,Chen Mercer,101658,100659,LOT-7423,100016,Enterprise,,,,,100173,,,,,,,Active Customer,100162,,,,,,Consulting,100292,,100236,,102686
100432,Opportunity,105471,mei.sato@acme-fake.test,Avery Dorsey,2025-03-31 13:24:00,avery.vance@demomail.test,Rahul Blake,2025-01-30 23:16:00,marco.mercer@acme-fake.test,Chen Nguyen,2025-09-16 01:28:00,arjun.sloan@demomail.test,,2024-02-11 19:16:00,Y,Cobalt Retail Group - Recruiting,,100619,Proposal Sent,100183,SKU-8102,LOT-6542,100414,LOT-3448,103989,,,,LinkedIn,,Active,,,,,,,,,,"419,515",,,"23,785",4550,Chen Sloan,101609,100548,REF-4294,100451,Renewal,,,,,100407,,,,,100599,,Active Customer,100260,,,,,100652,Payroll,100487,,100585,,
100596,Opportunity,105473,noah.whitfield@examplecorp.test,Diego Haddad,2026-03-08 17:20:00,arjun.dorsey@sampleco.test,Omar Reyes,2023-11-28 12:17:00,morgan.silva@acme-fake.test,Morgan Ivanov,2024-01-01 15:31:00,yara.costa@sampleco.test,,2022-11-04 00:51:00,N,Delta Ventures Group - Staff Augmentation,,,Negotiation,100226,,LOT-6976,100239,SKU-7175,104783,,,,Cold Outreach,,Active,,,,,,,,,,"453,587",,100231,"34,526",5294,Casey Patel,101442,100469,REF-1671,100147,Standard,100651,,,,100751,,100686,Standard,,,,Prospect,100121,,,,,100654,Back Office,,,100647,,
100330,Opportunity,105476,arjun.brooks@acme-fake.test,Arjun Vance,2024-09-16 12:08:00,alex.brooks@demomail.test,Chen Okafor,2024-06-08 13:29:00,omar.ford@sampleco.test,Alex Costa,2024-08-19 13:04:00,aisha.dorsey@sampleco.test,,2025-06-29 11:02:00,Y,Lakeside Dynamics LLP - Consulting,,,Closed Won,100200,,LOT-7132,100253,REF-9258,104766,,,,Referral,100762,Inactive,,,,,,100073,,,,"431,200",,100559,"21,946",,Casey Patel,,,,100476,Enterprise,,,,,100470,,,,,100675,,Prospect,100193,,,,,,Back Office,100765,,100065,,102810
100654,Opportunity,105477,aisha.costa@demomail.test,Quinn Blake,2022-12-13 11:34:00,taylor.whitfield@acme-fake.test,Marco Reyes,2025-01-18 21:26:00,rowan.costa@acme-fake.test,Rowan Mercer,2026-03-05 15:11:00,diego.okafor@acme-fake.test,Drew Rossi,2024-04-12 14:28:00,N,Meridian Analytics Group - Managed Services,,100651,Negotiation,100173,,SKU-7924,100054,SKU-4525,103778,,,,Inbound Call,100053,Active,,,,,,,,,,,Gamma,100774,"14,458",2492,Mei Vance,101073,100613,SKU-7910,,Renewal,100350,,,,100165,,100542,,,100096,,Active Customer,100643,,,,,100451,Offshore Team,,,100509,,102303
100055,Opportunity,105480,marco.ashby@acme-fake.test,Rowan Mercer,2025-07-28 11:19:00,emerson.haddad@demomail.test,Aisha Patel,2026-05-21 22:16:00,avery.okafor@sampleco.test,Rowan Cohen,2023-12-14 05:02:00,jordan.ivanov@demomail.test,,2023-09-07 16:46:00,Y,Blue Ridge Group LLP - Offshore Team,,100288,Proposal Sent,100694,,SKU-2453,100494,REF-1651,102154,,,,Cold Outreach,,Active,,,,,,100325,,,,"429,185",,,"13,807",,Priya Reyes,100887,100035,LOT-6953,100165,Renewal,,,,,100678,,,,,100284,,Prospect,100375,,,,,100667,Payroll,,,100086,,103249
100596,Opportunity,105483,skyler.patel@demomail.test,Taylor Mensah,2024-12-15 14:49:00,arjun.ford@demomail.test,Rahul Nguyen,2023-02-27 11:06:00,skyler.mercer@examplecorp.test,Alex Brooks,2023-03-06 08:54:00,jamie.sato@examplecorp.test,,2023-05-20 23:11:00,Y,Northwind Health Inc - Back Office,,100758,Closed Lost,100608,,LOT-8495,100035,LOT-7570,,,,,Inbound Call,100407,Inactive,,,,,,100645,,100574,,"50,901",,,"19,093",5828,Morgan Sloan,101023,,,,Standard,,,,,100552,,100035,,,,,Active Customer,100733,,,,,100532,Consulting,100686,,100361,,
100675,Opportunity,105485,aisha.rossi@demomail.test,Sofia Ivanov,2025-07-11 12:23:00,chen.rossi@demomail.test,Elena Mercer,2023-02-27 09:40:00,liam.nguyen@examplecorp.test,Morgan Okafor,2025-02-14 22:29:00,jamie.vance@examplecorp.test,,2025-12-23 10:21:00,Y,Delta Textiles LLP - Offshore Team,,,Closed Won,100572,,REF-3732,100264,REF-1117,103943,,,,Cold Outreach,100273,Inactive,,,,,,100023,,100271,,,,100656,"13,953",,Emerson Dorsey,,100349,,,Renewal,100068,,,,100707,,,,,100336,,Active Customer,100054,,,,,100493,Staff Augmentation,100201,,100089,,103768
100572,Opportunity,105487,taylor.dorsey@examplecorp.test,Priya Sloan,2023-04-14 06:27:00,alex.rossi@acme-fake.test,Mei Mensah,2023-03-28 16:55:00,quinn.ivanov@examplecorp.test,Priya Nguyen,2024-12-23 08:22:00,aisha.silva@examplecorp.test,,2024-10-07 11:42:00,N,Meridian Industries - Payroll,,100328,Dead,100156,,TAG-4949,100288,REF-9601,101928,,,,Referral,100470,Inactive,,,,,,100759,,100284,,"197,724",,100733,,,Emerson Mercer,101211,,,,Standard,,,,,100350,,100385,,,,,Active Customer,100487,,,,,100193,Offshore Team,,,100717,,
100120,Opportunity,105490,omar.sloan@examplecorp.test,Skyler Brooks,2023-04-11 02:13:00,sofia.whitfield@examplecorp.test,Casey Costa,2023-05-13 05:40:00,nina.brooks@sampleco.test,Rowan Sloan,2025-08-09 10:35:00,alex.ivanov@sampleco.test,,2026-03-02 01:24:00,N,Granite Systems Corp - Recruiting,,100616,Qualification,100349,,REF-1533,100735,LOT-6455,102898,,,,Webinar,100281,Active,,,,,,100140,,,,"310,250",Gamma,100691,"6,605",,Casey Ivanov,,,,,New Logo,100328,,,,100529,,,,,100616,,Prospect,100401,,,,,100400,Offshore Team,100123,,100732,,103333
100328,Opportunity,105493,noah.ivanov@sampleco.test,Fatima Brooks,2024-05-26 13:29:00,sofia.ford@examplecorp.test,Riley Blake,2023-06-21 19:16:00,taylor.brooks@demomail.test,Alex Ashby,2023-02-03 16:10:00,chen.vance@examplecorp.test,,2024-03-11 00:54:00,Y,Delta Analytics LLC - Payroll,,100652,Closed Won,100252,,REF-6542,100448,LOT-5616,,,,,Event,,Inactive,,,,,,,,100183,,"122,904",,100156,"36,900",,Priya Silva,,100300,SKU-8530,,Standard,100453,,,,100277,,100576,,,,,Active Customer,100718,,,,,,Recruiting,100451,,100643,,102993
100428,Opportunity,105496,nina.mensah@sampleco.test,Yara Mensah,2023-12-27 21:01:00,rowan.garcia@examplecorp.test,Nina Costa,2024-06-28 03:12:00,nina.brooks@acme-fake.test,Quinn Dorsey,2024-03-08 21:30:00,arjun.rossi@acme-fake.test,,2024-07-08 08:14:00,N,Harbor Media - Consulting,,100696,Qualification,100194,,SKU-4613,100487,REF-4573,103460,,,,Event,,Active,,,,,,100460,,100014,,"199,726",,,"33,381",,Elena Blake,,100787,,100208,Enterprise,100462,,,,100469,,,,,100299,,Prospect,100055,,,,,100470,Back Office,,,100362,,
100694,Opportunity,105498,fatima.cohen@demomail.test,Yara Dorsey,2026-04-09 15:28:00,rahul.mercer@demomail.test,Marco Okafor,2023-02-20 19:14:00,morgan.blake@examplecorp.test,Liam Larsson,2023-01-11 04:41:00,mei.ivanov@examplecorp.test,,2025-04-04 12:31:00,Y,Ironwood Foods Group - Offshore Team,,,Closed Lost,100140,LOT-4599,LOT-9154,100031,TAG-6867,102284,,,,Referral,,Inactive,,,,,,,,,,,,100077,,,Avery Nguyen,101051,,,100704,Renewal,,,,,100053,,100319,,,100686,,Active Customer,100365,,,,,,Offshore Team,100460,,100145,,103056
100178,Opportunity,105501,drew.larsson@demomail.test,Diego Mercer,2022-11-11 04:39:00,noah.sato@examplecorp.test,Casey Kim,2025-11-30 16:26:00,aisha.mercer@examplecorp.test,Skyler Vance,2022-11-29 09:59:00,rahul.larsson@examplecorp.test,,2025-05-25 10:07:00,Y,Granite Health Inc - Recruiting,,100771,Negotiation,100158,,REF-5302,100340,REF-5214,103450,,,,Cold Outreach,100400,Active,,,,,,100619,,100214,,"258,272",,100134,"17,202",,Chen Blake,101191,,,100263,Enterprise,100762,,,,100540,,100147,,,,,Active Customer,100776,,,,,,Recruiting,,,100366,,104693
100704,Opportunity,105502,marco.brooks@sampleco.test,Fatima Ford,2024-02-09 08:01:00,aisha.cohen@examplecorp.test,Priya Sloan,2023-11-11 03:58:00,omar.whitfield@demomail.test,Yara Nguyen,2026-01-22 09:06:00,casey.mensah@acme-fake.test,,2023-03-23 11:20:00,N,Silverline Dynamics LLP - Managed Services,,100309,Discovery,100244,,SKU-6492,100446,SKU-1819,103422,,,,Partner,100196,Active,,,,,,,,100038,,"40,761",,100650,"5,664",,Avery Brooks,101758,100139,SKU-2979,100550,Standard,,,,,100717,,100009,Gamma,,,,Prospect,100352,,,,,100756,Consulting,100366,,100100,,104666
100601,Opportunity,105504,drew.vance@acme-fake.test,Diego Whitfield,2023-05-15 07:47:00,jamie.haddad@sampleco.test,Riley Mercer,2023-09-04 18:08:00,taylor.okafor@acme-fake.test,Noah Garcia,2023-11-06 12:39:00,diego.whitfield@demomail.test,,2023-11-01 09:36:00,N,Cobalt Industries Inc - Managed Services,,100568,Closed Won,100246,,REF-4675,100775,SKU-6391,103224,,,,Website,100538,Inactive,,,,,,,,100022,,"443,378",,100332,"15,312",8783,Alex Mensah,101746,100305,TAG-4407,,SMB,100172,,,,100137,,,Alpha,,,,Prospect,100538,,,,,100412,Staff Augmentation,100335,,100570,,
100466,Opportunity,105507,taylor.ivanov@sampleco.test,Fatima Ivanov,2026-01-14 23:33:00,noah.rossi@demomail.test,Taylor Brooks,2026-01-27 18:27:00,avery.vance@examplecorp.test,Avery Vance,2024-04-06 22:54:00,omar.okafor@acme-fake.test,,2026-01-11 08:06:00,N,Ironwood Textiles - Staff Augmentation,,100704,Proposal Sent,100582,,SKU-5739,100134,LOT-6023,102065,,,,Event,100269,Active,,,,,,,,,,,,,"5,159",7878,Jordan Rossi,101421,,,100009,SMB,100140,,,,100733,,100231,,,100532,,Active Customer,100194,,,,,,Offshore Team,100654,,100178,,104437
100177,Opportunity,105509,priya.costa@sampleco.test,Marco Blake,2025-07-08 04:32:00,priya.ivanov@examplecorp.test,Morgan Blake,2024-05-21 12:25:00,jordan.cohen@demomail.test,Morgan Patel,2023-10-10 03:10:00,noah.ford@demomail.test,,2024-08-30 11:22:00,N,Evergreen Dynamics LLC - Managed Services,,,Closed Won,100596,REF-5744,TAG-3980,100688,TAG-7325,,,,,Referral,100779,Inactive,,,,,,100295,,100522,,"181,030",,,"36,496",,Taylor Brooks,101333,100121,,100199,SMB,,,,,100029,,,,,100648,,Active Customer,100702,,,,,100275,Payroll,100232,,100724,,102298
100322,Opportunity,105510,jamie.ivanov@demomail.test,Diego Nguyen,2022-12-19 15:22:00,liam.larsson@acme-fake.test,Noah Nguyen,2023-02-10 14:05:00,aisha.ashby@sampleco.test,Chen Ford,2023-02-21 22:16:00,morgan.brooks@sampleco.test,,2024-06-29 15:34:00,Y,Evergreen Capital LLC - Staff Augmentation,,,Closed Won,100737,,SKU-4376,100019,REF-7575,104476,,,,Webinar,100284,Inactive,,,,,,100042,,,,,,100134,"20,919",,Nina Larsson,100953,,,100325,Standard,100552,,,,100026,,,,,100512,,Prospect,100758,,,,,100493,Offshore Team,100247,,100420,,102488
100382,Opportunity,105512,aisha.mercer@acme-fake.test,Noah Sloan,2025-10-23 06:40:00,liam.calder@demomail.test,Mei Patel,2023-04-15 01:12:00,rahul.sato@examplecorp.test,Rahul Mensah,2025-12-29 07:42:00,nina.vance@acme-fake.test,,2023-08-04 16:39:00,Y,Northwind Textiles LLP - Recruiting,,,Discovery,100675,,TAG-8650,100401,LOT-5353,104699,,,,LinkedIn,100691,Active,,,,,,100303,,,,"34,011",,100038,,2226,Rowan Whitfield,101781,,SKU-8760,,Enterprise,100263,,,,100086,,100643,,,,,Prospect,100753,,,,,100756,Back Office,,,100169,,104145
100786,Opportunity,105515,liam.larsson@acme-fake.test,Rowan Larsson,2026-06-25 21:28:00,arjun.vance@examplecorp.test,Noah Haddad,2023-12-20 17:56:00,yara.larsson@demomail.test,Diego Vance,2022-10-15 06:00:00,sofia.ford@acme-fake.test,,2025-10-06 04:01:00,Y,Ironwood Foods Co - Staff Augmentation,,100161,Qualification,100467,,SKU-1167,100257,SKU-9548,102607,,,,Webinar,,Active,,,,,,100730,,,,,Standard,100022,,639,Avery Ashby,101182,100157,,100257,Standard,,,,,100599,,,Standard,,,,Prospect,100512,,,,,,Offshore Team,100173,,100516,,104331
100475,Opportunity,105517,fatima.okafor@sampleco.test,Alex Cohen,2024-09-28 18:59:00,rowan.calder@acme-fake.test,Liam Cohen,2023-02-07 15:24:00,alex.vance@sampleco.test,Mei Cohen,2025-10-14 18:11:00,aisha.ashby@acme-fake.test,,2024-11-14 20:12:00,Y,Falcon Retail Inc - Staff Augmentation,,100263,Closed Lost,100713,,SKU-9913,100133,LOT-4736,102326,,,,Inbound Call,100361,Inactive,,,,,,100314,,100339,,"458,927",,,"2,783",,Fatima Rossi,100966,100291,TAG-3290,,Enterprise,100061,,,,100758,,100145,Other,,100570,,Active Customer,100137,,,,,100741,Recruiting,100204,,100139,,
100512,Opportunity,105520,aisha.costa@sampleco.test,Alex Reyes,2023-07-28 19:24:00,liam.mensah@sampleco.test,Marco Nguyen,2024-08-05 03:49:00,alex.larsson@acme-fake.test,Yara Vance,2025-08-13 17:22:00,taylor.cohen@acme-fake.test,,2023-03-23 16:15:00,N,Redwood Energy Group - Payroll,,100253,Discovery,100528,,SKU-4906,100295,SKU-8776,104512,,,,LinkedIn,,Active,,,,,,,,100699,,"457,951",,100585,"24,166",4802,Omar Reyes,100963,100244,,100707,Standard,100073,,,,100405,,,,,100335,,Prospect,100079,,,,,100169,Recruiting,100028,,100246,,
100784,Opportunity,105522,diego.calder@sampleco.test,Sofia Sato,2023-03-19 08:39:00,yara.sloan@demomail.test,Diego Ivanov,2024-06-11 23:10:00,jamie.ford@examplecorp.test,Diego Whitfield,2026-02-21 23:36:00,quinn.kim@acme-fake.test,,2022-10-02 08:21:00,N,Cobalt Manufacturing LLC - Recruiting,,,Discovery,100529,,LOT-8925,100172,LOT-1185,104459,,,,LinkedIn,100046,Active,,,,,,,,100083,,"218,266",Delta,,"6,047",6632,Rahul Ivanov,101481,,,100115,Enterprise,100398,,,,100067,,,,,100300,,Active Customer,100465,,,,,100173,Recruiting,,,100055,,
100264,Opportunity,105525,arjun.ashby@examplecorp.test,Mei Sloan,2023-12-08 21:37:00,yara.vance@sampleco.test,Priya Reyes,2022-10-13 04:03:00,omar.sato@examplecorp.test,Fatima Rossi,2023-06-17 15:10:00,diego.silva@demomail.test,,2023-02-04 06:03:00,Y,Granite Capital Group - Managed Services,,,Discovery,100096,SKU-2646,TAG-1251,100040,SKU-6464,102716,,,,Referral,100028,Active,,,,,,100574,,100181,,"164,215",,100153,"26,615",,Taylor Cohen,101317,100079,,100246,SMB,,,,,100291,,,,,,,Active Customer,100629,,,,,100399,Recruiting,,,100003,,104040
100548,Opportunity,105528,rowan.mensah@demomail.test,Skyler Kim,2024-09-25 04:19:00,sofia.larsson@sampleco.test,Emerson Dorsey,2024-04-28 01:03:00,reese.patel@demomail.test,Sofia Ivanov,2023-10-06 13:00:00,noah.haddad@sampleco.test,,2023-10-14 23:43:00,N,Horizon Networks Inc - Recruiting,,,Closed Won,100031,,TAG-4059,100193,TAG-5542,104656,,,,Inbound Call,,Inactive,,,,,,,,100054,,"445,728",Standard,100125,"21,975",3801,Liam Costa,101531,,,100120,SMB,100336,,,,100278,,100683,,,100504,,Active Customer,100759,,,,,100569,Managed Services,,,100055,,
100295,Opportunity,105531,rahul.cohen@acme-fake.test,Quinn Vance,2023-04-17 12:53:00,casey.mercer@acme-fake.test,Arjun Ivanov,2022-12-01 19:50:00,reese.reyes@examplecorp.test,Marco Mercer,2026-04-04 06:00:00,alex.larsson@acme-fake.test,,2024-11-29 00:12:00,Y,Delta Retail Inc - Back Office,,100660,Proposal Sent,100309,,LOT-6194,100054,REF-8028,102525,,,,Partner,,Active,,,,,,100172,,100415,,,Delta,100016,"12,971",8420,Omar Cohen,101452,,,,Renewal,,,,,100130,,100678,,,100369,,Active Customer,100572,,,,,,Managed Services,100732,,100173,,102008
100292,Opportunity,105533,rowan.kim@acme-fake.test,Liam Patel,2025-09-20 00:18:00,casey.mensah@sampleco.test,Riley Ashby,2025-12-27 06:11:00,riley.silva@demomail.test,Chen Brooks,2025-07-04 05:48:00,arjun.garcia@examplecorp.test,,2023-08-24 15:18:00,N,Granite Capital Group - Staff Augmentation,,,Proposal Sent,100519,,SKU-8687,100671,LOT-5079,102512,,,,Referral,,Active,,,,,,100112,,100295,,"347,412",,100007,"11,161",2361,Avery Haddad,101317,,LOT-5704,,New Logo,100779,,,,100273,,100400,Delta,,100478,,Active Customer,100387,,,,,100664,Back Office,,,100596,,101974
100661,Opportunity,105536,rowan.larsson@examplecorp.test,Drew Haddad,2024-04-20 03:56:00,avery.mensah@sampleco.test,Casey Costa,2024-11-18 18:55:00,sofia.mensah@acme-fake.test,Yara Nguyen,2022-11-18 22:45:00,liam.patel@sampleco.test,,2024-09-06 20:53:00,Y,Beacon Robotics Ltd - Back Office,,100494,Proposal Sent,100438,,TAG-8956,100365,TAG-4618,103032,,,,Referral,100691,Active,,,,,,100761,,100761,,"283,859",,,"18,449",,Chen Mensah,,,,100671,Renewal,100040,,,,100570,,,Beta,,100178,,Active Customer,100632,,,,,100762,Managed Services,100616,Standard,100643,,
100624,Opportunity,105537,diego.ashby@sampleco.test,Omar Patel,2026-01-31 06:23:00,taylor.mensah@sampleco.test,Skyler Ashby,2024-04-30 12:14:00,fatima.sato@acme-fake.test,Jordan Calder,2025-06-04 12:40:00,elena.ford@acme-fake.test,,2023-11-16 19:59:00,N,Brightpath Health LLP - Payroll,,100740,Closed Won,100369,SKU-3450,REF-6720,100639,TAG-9426,104126,,,,Website,100404,Inactive,,,,,,,,100305,,,,,,,Jordan Patel,101461,100014,REF-2904,100574,New Logo,,,,,100694,,100215,,,100697,,Active Customer,100177,,,,,,Recruiting,,,100694,,
100587,Opportunity,105538,morgan.okafor@examplecorp.test,Avery Mercer,2024-05-14 19:04:00,diego.ivanov@demomail.test,Jamie Mercer,2022-10-31 12:09:00,drew.mercer@examplecorp.test,Morgan Garcia,2026-06-21 14:29:00,priya.dorsey@acme-fake.test,,2025-12-24 15:53:00,N,Everest Robotics Group - Back Office,,100040,Discovery,100554,,TAG-8228,100770,LOT-5004,102361,,,,Inbound Call,,Active,,,,,,100405,,100372,,"418,335",,100436,"35,330",,Rowan Blake,101529,,,100343,SMB,100077,,,,100774,,100611,,,100073,,Active Customer,100707,,,,,,Back Office,100100,,100435,,
100348,Opportunity,105539,jamie.silva@demomail.test,Chen Mercer,2025-01-01 18:50:00,morgan.kim@demomail.test,Noah Haddad,2024-12-26 18:39:00,alex.ashby@acme-fake.test,Nina Brooks,2024-07-11 06:11:00,rowan.okafor@demomail.test,,2023-08-24 22:14:00,Y,Vertex Logistics LLC - Payroll,,100425,Closed Lost,100436,,TAG-4776,100229,REF-9083,102477,,,,Website,,Inactive,,,,,,100412,,,,,Gamma,,"29,088",,Emerson Cohen,101531,100188,REF-9549,100514,Standard,100232,,,,100707,,100291,,,100643,,Active Customer,100596,,,,,,Staff Augmentation,,,100522,,
100250,Opportunity,105540,mei.costa@acme-fake.test,Jordan Kim,2023-02-08 12:09:00,taylor.whitfield@examplecorp.test,Riley Costa,2025-01-28 21:16:00,omar.whitfield@examplecorp.test,Reese Mensah,2023-07-12 22:51:00,omar.vance@examplecorp.test,,2025-10-22 15:40:00,Y,Silverline Analytics Corp - Consulting,,100467,Closed Won,100200,TAG-6087,LOT-3518,100561,LOT-9248,104170,,,,Inbound Call,100201,Inactive,,,,,,100200,,100233,,"254,017",,100043,,,Emerson Reyes,101690,100647,,,New Logo,100438,,,,100071,,,,,,,Prospect,100453,,,,,100403,Offshore Team,100608,,100386,,
100421,Opportunity,105543,reese.brooks@acme-fake.test,Reese Brooks,2022-11-05 08:02:00,casey.blake@sampleco.test,Mei Mensah,2025-07-26 16:48:00,jordan.whitfield@sampleco.test,Elena Mercer,2023-10-11 22:32:00,emerson.larsson@acme-fake.test,,2026-01-20 10:40:00,N,Vertex Systems LLC - Recruiting,,100403,Closed Lost,100058,REF-4761,SKU-8510,100500,REF-6960,103551,,,,Inbound Call,100651,Inactive,,,,,,100608,,100627,,"411,851",,100570,"34,299",,Taylor Silva,101151,100434,TAG-6222,100162,Standard,,,,,100005,,,,,100470,,Prospect,100296,,,,,100220,Payroll,100286,,100298,,103395
100339,Opportunity,105545,nina.haddad@sampleco.test,Reese Whitfield,2024-04-13 14:34:00,diego.kim@demomail.test,Morgan Sato,2023-05-09 01:59:00,omar.ford@acme-fake.test,Rowan Vance,2023-11-28 10:31:00,arjun.costa@demomail.test,,2023-12-13 03:57:00,Y,Vertex Financial Corp - Offshore Team,,100054,Closed Won,100275,,LOT-8332,100568,SKU-6518,103865,,,,Website,,Inactive,,,,,,,,100727,,"279,224",,100545,"34,487",,Yara Whitfield,100909,100765,,,Renewal,100469,,,,100047,,100587,Beta,,,,Active Customer,100535,,,,,100201,Recruiting,100460,,100606,,
100162,Opportunity,105546,casey.reyes@demomail.test,Aisha Okafor,2025-11-29 19:20:00,avery.nguyen@demomail.test,Noah Rossi,2026-06-29 02:29:00,avery.blake@examplecorp.test,Fatima Kim,2022-11-01 09:41:00,marco.ashby@acme-fake.test,,2023-09-03 17:07:00,Y,Pioneer Robotics Inc - Staff Augmentation,,,Discovery,100741,,TAG-1989,100082,REF-5356,102204,,,,Inbound Call,100745,Active,,,,,,,,,,"354,694",Delta,100496,"29,788",9138,Arjun Blake,100905,100372,,100718,New Logo,,,,,100739,,100412,,,,,Active Customer,100026,,,,,100220,Consulting,100169,,100204,,
100117,Opportunity,105548,noah.sloan@examplecorp.test,Quinn Whitfield,2025-05-14 12:39:00,emerson.reyes@sampleco.test,Drew Sloan,2023-11-10 12:48:00,quinn.nguyen@examplecorp.test,Taylor Sato,2025-10-07 18:25:00,skyler.dorsey@sampleco.test,,2023-08-17 11:45:00,N,Granite Logistics Co - Staff Augmentation,,100555,Closed Lost,100232,REF-1904,LOT-1354,100648,REF-6782,104519,,,,Inbound Call,100613,Inactive,,,,,,,,,,,,,"19,965",,Diego Kim,,,,100077,Standard,100389,,,,100574,,,,,100405,,Active Customer,100229,,,,,100352,Back Office,100576,,100273,,102318
100451,Opportunity,105550,mei.vance@sampleco.test,Riley Costa,2024-09-29 20:08:00,yara.cohen@sampleco.test,Taylor Costa,2022-10-20 04:54:00,fatima.sloan@acme-fake.test,Yara Haddad,2026-07-14 17:49:00,quinn.brooks@demomail.test,,2024-08-22 04:40:00,Y,Brightpath Group - Managed Services,,,Discovery,100671,,SKU-4398,100236,,102094,,,,Inbound Call,,Active,,,,,,100142,,100009,,"250,582",,100233,"15,256",,Fatima Haddad,101580,100599,,100590,Standard,100217,,,,100375,,100645,,,,,Prospect,100484,,,,,100393,Managed Services,100257,,100375,,103279
100239,Opportunity,105551,elena.whitfield@acme-fake.test,Morgan Ashby,2023-04-20 20:04:00,liam.calder@acme-fake.test,Arjun Mercer,2023-02-06 02:45:00,sofia.whitfield@demomail.test,Riley Patel,2024-09-24 15:41:00,fatima.kim@demomail.test,Riley Whitfield,2024-07-30 11:16:00,Y,Summit Retail LLP - Payroll,,,Discovery,100574,TAG-7637,TAG-3092,100117,LOT-7833,102307,,,,Cold Outreach,,Active,,,,,,,,,,"481,689",,100574,"6,917",7940,Omar Larsson,,100094,TAG-8615,100047,Standard,100538,,,,100702,,,,,100635,,Active Customer,100770,,,,,100750,Staff Augmentation,,,100683,,
100309,Opportunity,105553,jordan.ford@examplecorp.test,Aisha Haddad,2023-06-04 03:58:00,rowan.brooks@sampleco.test,Skyler Brooks,2023-07-31 06:25:00,elena.garcia@demomail.test,Priya Mensah,2023-02-14 14:03:00,marco.ivanov@examplecorp.test,,2026-05-21 00:42:00,Y,Everest Holdings Co - Payroll,,,Discovery,100529,,REF-3615,100449,LOT-6512,102129,,,,Inbound Call,100292,Active,,,,,,,,,,"201,907",Other,100572,"35,899",,Rowan Nguyen,101700,,,,Standard,100639,,,,100042,,,,,,,Active Customer,100469,,,,,100469,Managed Services,100273,,100005,,103176
100007,Opportunity,105556,casey.blake@sampleco.test,Liam Garcia,2023-07-13 02:29:00,aisha.okafor@examplecorp.test,Riley Sloan,2023-10-22 11:37:00,elena.brooks@demomail.test,Yara Mercer,2024-06-28 23:28:00,casey.cohen@sampleco.test,,2025-08-22 02:50:00,Y,Beacon Analytics Corp - Back Office,,100161,Proposal Sent,100656,,TAG-6758,100277,REF-6077,104409,,,,Webinar,,Active,,,,,,100460,,100761,,"481,061",Standard,100161,"34,394",,Arjun Sloan,101051,100119,LOT-2229,100481,New Logo,,,,,100528,,,Other,,100542,,Prospect,100343,,,,,100332,Managed Services,100761,,100128,,
100551,Opportunity,105559,nina.brooks@sampleco.test,Liam Blake,2023-06-18 12:49:00,riley.sloan@examplecorp.test,Fatima Sloan,2024-04-24 18:10:00,aisha.sloan@examplecorp.test,Rahul Brooks,2025-11-19 21:38:00,marco.brooks@examplecorp.test,,2023-03-22 07:08:00,N,Granite Foods LLC - Consulting,,,Negotiation,100165,,SKU-2623,100410,SKU-2995,103369,,,,Partner,100401,Active,,,,,,100200,,,,"118,037",,100407,"33,162",319,Morgan Garcia,100932,,,,Enterprise,100012,,,,100336,,100035,,,100005,,Prospect,100119,,,,,100648,Staff Augmentation,,,100332,,103128
100647,Opportunity,105560,alex.sato@examplecorp.test,Emerson Ashby,2025-04-17 20:28:00,jamie.costa@acme-fake.test,Skyler Vance,2024-04-17 02:58:00,priya.kim@acme-fake.test,Riley Ford,2024-03-12 22:13:00,taylor.vance@examplecorp.test,,2024-11-07 18:00:00,N,Evergreen Financial Inc - Staff Augmentation,,100601,Qualification,100352,SKU-8713,TAG-2345,100473,TAG-1091,104639,,,,Website,,Active,,,,,,,,,,"200,850",,,"3,286",5049,Diego Costa,100942,,REF-1145,100086,Standard,100286,,,,100182,,,,,100383,,Active Customer,100086,,,,,100432,Offshore Team,,,100058,,
100403,Opportunity,105563,riley.garcia@demomail.test,Emerson Sloan,2023-12-08 01:36:00,rahul.reyes@examplecorp.test,Skyler Silva,2026-05-07 18:35:00,diego.brooks@acme-fake.test,Casey Patel,2026-06-29 15:17:00,alex.whitfield@demomail.test,,2024-07-03 02:12:00,Y,Silverline Financial Ltd - Staff Augmentation,,,On Hold,100317,,LOT-6550,100765,LOT-8077,102309,,,,Referral,100019,Active,,,,,,100428,,,,"158,707",,100743,"4,181",,Elena Cohen,101666,100774,TAG-7977,100791,Enterprise,100100,,,,100149,,100264,,,100286,,Prospect,100372,,,,,100182,Back Office,100016,,100596,,104338
100550,Opportunity,105566,elena.brooks@demomail.test,Quinn Sloan,2025-03-24 15:47:00,alex.brooks@sampleco.test,Avery Ford,2026-05-16 00:28:00,nina.costa@demomail.test,Alex Nguyen,2024-05-09 20:33:00,jordan.whitfield@acme-fake.test,Quinn Silva,2026-07-27 02:15:00,Y,Redwood Dynamics Corp - Payroll,,,Discovery,100441,,REF-3173,100432,TAG-8396,104343,,,,Partner,100009,Active,,,,,,100071,,,,"254,946",,100432,,8339,Marco Ashby,100863,,SKU-3283,,Renewal,100125,,,,100441,,100498,,,100672,,Prospect,100503,,,,,,Consulting,,,100193,,102025
100058,Opportunity,105568,rahul.rossi@acme-fake.test,Nina Vance,2024-04-01 09:42:00,drew.sato@sampleco.test,Jordan Mercer,2025-02-03 21:15:00,morgan.brooks@sampleco.test,Drew Vance,2024-10-18 09:58:00,reese.silva@sampleco.test,,2024-03-01 19:43:00,N,Vertex Retail Inc - Payroll,,100421,Qualification,100019,,LOT-8669,100296,TAG-3341,102711,,,,LinkedIn,,Active,,,,,,100021,,,,,Alpha,,"32,743",5919,Avery Vance,101234,,,,Enterprise,,,,,100256,,,,,,,Prospect,100740,,,,,100210,Back Office,,,100340,,102754
100442,Opportunity,105569,fatima.whitfield@sampleco.test,Noah Cohen,2025-07-12 00:52:00,drew.okafor@examplecorp.test,Taylor Blake,2026-02-10 22:14:00,reese.mercer@demomail.test,Rahul Rossi,2025-09-09 19:55:00,arjun.ford@acme-fake.test,,2024-05-05 08:06:00,N,Meridian Health Corp - Recruiting,,100016,Closed Won,100256,,TAG-5422,100071,SKU-9132,102293,,,,LinkedIn,,Inactive,,,,,,100343,,,,,Beta,100357,"28,397",8226,Yara Whitfield,100860,,,100776,Renewal,,,,,100340,,100503,,,100697,,Active Customer,100724,,,,,,Payroll,100652,,100535,,104462
100493,Opportunity,105572,noah.nguyen@examplecorp.test,Aisha Ford,2024-10-25 09:01:00,yara.blake@examplecorp.test,Priya Vance,2024-01-22 12:01:00,chen.dorsey@acme-fake.test,Quinn Blake,2025-03-10 21:07:00,priya.okafor@acme-fake.test,,2023-12-03 21:12:00,Y,Atlas Solutions Group - Managed Services,,100210,Closed Won,100155,LOT-4065,SKU-1410,100624,SKU-3327,102886,,,,Website,,Inactive,,,,,,,,,,"44,752",,,,,Rowan Rossi,,100717,,100758,Standard,,,,,100622,,,,,100415,,Active Customer,100545,,,,,100724,Recruiting,100775,,100155,,
100702,Opportunity,105574,skyler.patel@demomail.test,Chen Mensah,2026-01-14 09:31:00,omar.dorsey@sampleco.test,Liam Vance,2022-10-30 16:03:00,rahul.rossi@demomail.test,Chen Sato,2024-11-11 15:12:00,arjun.haddad@examplecorp.test,,2025-11-01 01:17:00,N,Pioneer Retail Group - Consulting,,,Discovery,100161,REF-3653,REF-7853,100089,REF-5913,,,,,Partner,100046,Active,,,,,,100650,,100005,,,Gamma,100128,"6,750",,Fatima Patel,101364,100239,LOT-4789,100211,Standard,,,,,100622,,,,,100361,,Active Customer,100468,,,,,100117,Recruiting,100106,,100582,,
100453,Opportunity,105575,chen.mercer@acme-fake.test,Fatima Rossi,2025-02-18 05:40:00,chen.sato@examplecorp.test,Sofia Kim,2023-12-23 18:05:00,diego.ashby@acme-fake.test,Arjun Cohen,2024-04-19 08:41:00,mei.larsson@acme-fake.test,,2024-05-02 19:27:00,N,Redwood Retail LLP - Consulting,,100260,Discovery,100564,,TAG-1589,100566,,104258,,,,Website,,Active,,,,,,,,,,"391,163",Beta,100638,"27,689",,Fatima Garcia,101606,,TAG-2183,,Standard,,,,,100434,,100525,,,100448,,Prospect,100130,,,,,100382,Recruiting,,,100759,,
100311,Opportunity,105578,casey.silva@examplecorp.test,Reese Okafor,2024-11-03 20:25:00,casey.vance@acme-fake.test,Diego Haddad,2023-02-22 07:10:00,avery.mercer@examplecorp.test,Diego Ivanov,2024-02-17 10:04:00,diego.larsson@acme-fake.test,,2026-03-06 04:31:00,N,Silverline Ventures LLC - Managed Services,,,Discovery,100382,REF-9642,REF-2609,100675,REF-1476,,,,,Referral,100128,Active,,,,,,100055,,100570,,,,100696,"7,785",,Nina Whitfield,,100774,REF-2800,100503,New Logo,100257,,,,100453,,100357,,,100028,,Prospect,100441,,,,,100732,Managed Services,,,100538,,102512
100061,Opportunity,105579,casey.patel@examplecorp.test,Aisha Reyes,2024-04-29 07:11:00,sofia.okafor@acme-fake.test,Casey Sloan,2023-10-14 06:17:00,fatima.patel@acme-fake.test,Diego Ashby,2023-12-08 12:42:00,morgan.brooks@sampleco.test,,2025-12-18 12:10:00,N,Everest Partners Corp - Staff Augmentation,,100035,On Hold,100196,,REF-1793,100472,TAG-7670,101952,,,,Partner,,Active,,,,,,100232,,,,"168,986",Delta,100204,"39,233",,Marco Calder,,100317,LOT-8267,,Enterprise,100300,,,,100608,,100434,,,,,Active Customer,100435,,,,,100445,Back Office,100604,,100472,,103631
100454,Opportunity,105582,emerson.kim@demomail.test,Elena Vance,2023-08-15 09:40:00,quinn.ashby@sampleco.test,Emerson Ashby,2022-12-08 12:12:00,reese.mercer@sampleco.test,Noah Vance,2026-07-17 22:15:00,fatima.sloan@sampleco.test,,2025-08-10 09:26:00,N,Cobalt Solutions LLC - Payroll,,100378,Closed Won,100493,,SKU-6473,100465,SKU-4675,,,,,Webinar,,Inactive,,,,,,100770,,100177,,"25,632",Other,100519,"29,681",,Omar Silva,100991,100319,,100155,New Logo,,,,,100311,,,,,100727,,Active Customer,100469,,,,,,Payroll,,,100516,,104661
100683,Opportunity,105583,drew.kim@demomail.test,Morgan Silva,2026-01-23 09:36:00,casey.vance@examplecorp.test,Skyler Garcia,2024-04-25 23:36:00,rahul.okafor@acme-fake.test,Aisha Brooks,2023-11-05 06:26:00,casey.silva@sampleco.test,,2026-01-30 16:59:00,N,Atlas Partners LLP - Offshore Team,,,Closed Won,100700,,SKU-8154,100362,REF-4139,102869,,,,Inbound Call,,Inactive,,,,,,100352,,100295,,"407,344",Gamma,,"29,950",,Priya Sato,101125,100673,,100671,Standard,100369,,,,100139,,100671,Gamma,,100770,,Prospect,100606,,,,,,Consulting,,,100689,,104777
100119,Opportunity,105585,avery.cohen@acme-fake.test,Noah Ford,2025-04-27 15:13:00,fatima.rossi@examplecorp.test,Nina Whitfield,2023-02-08 07:14:00,morgan.rossi@acme-fake.test,Nina Nguyen,2024-09-14 08:48:00,chen.garcia@examplecorp.test,,2024-02-07 16:27:00,N,Delta Analytics Group - Managed Services,,100082,Proposal Sent,100123,,SKU-9435,100468,SKU-9136,102681,,,,Cold Outreach,,Active,,,,,,,,100137,,"334,397",Delta,100548,"38,080",,Reese Calder,101220,100528,,100634,Standard,100421,,,,100404,,100672,,,100278,,Active Customer,100538,,,,,100405,Offshore Team,100253,,100770,,104004
100451,Opportunity,105588,elena.blake@examplecorp.test,Elena Kim,2026-06-03 12:07:00,arjun.silva@demomail.test,Mei Cohen,2024-03-23 00:42:00,fatima.dorsey@sampleco.test,Rahul Calder,2024-11-23 19:48:00,quinn.okafor@demomail.test,Yara Ivanov,2026-05-18 11:03:00,N,Cobalt Labs Ltd - Payroll,,100145,Closed Lost,100750,TAG-7383,SKU-1015,100121,LOT-6102,101974,,,,Partner,100371,Inactive,,,,,,,,100768,,"471,635",,100120,"26,610",,Rowan Dorsey,101576,,,,New Logo,100791,,,,100336,,,Gamma,,100407,,Active Customer,100035,,,,,100733,Managed Services,100210,,100745,,
100256,Opportunity,105590,noah.silva@sampleco.test,Emerson Costa,2024-08-09 22:20:00,reese.brooks@sampleco.test,Riley Patel,2023-04-17 06:43:00,quinn.whitfield@examplecorp.test,Fatima Kim,2023-11-09 13:00:00,yara.sloan@sampleco.test,,2024-10-05 09:02:00,N,Brightpath Networks - Back Office,,100375,Discovery,100579,,LOT-1726,100244,LOT-1749,104664,,,,Inbound Call,100702,Active,,,,,,100096,,100106,,,,,"11,785",,Emerson Okafor,,100629,TAG-2409,,Renewal,,,,,100680,,100130,,,,,Prospect,100654,,,,,100740,Offshore Team,100199,,100454,,102014
100153,Opportunity,105592,rahul.dorsey@demomail.test,Omar Costa,2023-08-06 17:37:00,yara.reyes@demomail.test,Priya Reyes,2024-12-15 18:14:00,emerson.nguyen@acme-fake.test,Sofia Okafor,2025-03-25 04:23:00,riley.ford@examplecorp.test,Marco Silva,2024-02-08 12:11:00,Y,Beacon Analytics Co - Recruiting,,100638,Dead,100727,,SKU-1271,100436,SKU-2287,103372,,,,Webinar,100038,Inactive,,,,,,100639,,,,,Gamma,100385,,,Rowan Mercer,101029,100173,,100484,New Logo,,,,,100707,,100292,,,100774,,Prospect,100487,,,,,,Offshore Team,,,100468,,104533
100339,Opportunity,105595,arjun.nguyen@demomail.test,Arjun Larsson,2025-04-24 05:50:00,drew.ashby@acme-fake.test,Jordan Kim,2023-04-06 21:16:00,noah.ivanov@sampleco.test,Riley Nguyen,2025-10-06 18:47:00,nina.larsson@demomail.test,,2023-12-09 02:06:00,N,Keystone Energy - Recruiting,,,Closed Lost,100267,,TAG-8502,100624,SKU-8060,104354,,,,LinkedIn,100247,Inactive,,,,,,100714,,,,,Other,,"38,213",,Fatima Ford,100857,,TAG-6817,100551,New Logo,100528,,,,100250,,100277,,,100791,,Active Customer,100219,,,,,100475,Consulting,,,100490,,102847
100593,Opportunity,105596,alex.reyes@acme-fake.test,Sofia Cohen,2025-01-26 09:29:00,aisha.silva@examplecorp.test,Nina Silva,2023-12-21 19:53:00,emerson.whitfield@sampleco.test,Jamie Cohen,2024-01-17 18:13:00,elena.silva@sampleco.test,,2026-05-03 04:01:00,Y,Everest Ventures - Offshore Team,,100551,Closed Won,100140,,LOT-8976,100263,LOT-3057,103933,,,,Event,,Inactive,,,,,,,,,,"13,923",,,"37,775",,Quinn Okafor,101026,100317,REF-7550,,New Logo,100386,,,,100275,,100152,,,,,Prospect,100094,,,,,,Consulting,100550,,100466,,102972
100590,Opportunity,105597,arjun.mensah@demomail.test,Alex Okafor,2023-11-11 22:29:00,chen.larsson@demomail.test,Avery Cohen,2025-11-17 07:57:00,avery.ashby@acme-fake.test,Chen Silva,2024-09-01 02:39:00,fatima.larsson@demomail.test,,2023-07-12 10:08:00,N,Beacon Foods LLC - Recruiting,,,Proposal Sent,100429,,REF-6443,100071,SKU-9874,,,,,LinkedIn,100155,Active,,,,,,100441,,,,"331,009",Other,,"3,569",,Emerson Mensah,,100739,SKU-5009,,SMB,,,,,100647,,,,,100031,,Active Customer,100145,,,,,100133,Staff Augmentation,,,100535,,103906
100155,Opportunity,105600,jamie.sato@demomail.test,Yara Silva,2026-01-12 03:41:00,noah.calder@acme-fake.test,Jordan Garcia,2023-11-01 00:53:00,diego.mensah@examplecorp.test,Yara Costa,2025-04-19 08:49:00,fatima.reyes@examplecorp.test,,2024-09-06 13:28:00,N,Vertex Health Ltd - Recruiting,,100493,Dead,100680,,REF-3524,100232,TAG-1175,102391,,,,Website,100656,Inactive,,,,,,100606,,,,,Alpha,100359,"29,219",,Elena Silva,101724,100339,REF-4065,100275,New Logo,100153,,,,100137,,,,,,,Prospect,100271,,,,,,Back Office,100596,,100009,,102607
100775,Opportunity,105601,aisha.rossi@acme-fake.test,Drew Costa,2026-02-19 10:36:00,sofia.haddad@examplecorp.test,Noah Costa,2024-04-30 23:30:00,skyler.reyes@examplecorp.test,Avery Patel,2024-11-11 21:50:00,rahul.sato@acme-fake.test,,2024-02-22 04:14:00,N,Copper Partners Co - Recruiting,,,Negotiation,100458,TAG-6663,TAG-9687,100758,REF-2056,102889,,,,Partner,100494,Active,,,,,,,,,,"142,341",Gamma,100372,"14,484",5576,Aisha Sato,101190,100659,TAG-1788,100307,Enterprise,,,,,100352,,100120,,,,,Prospect,100147,,,,,,Staff Augmentation,,,100252,,103688
100656,Opportunity,105603,quinn.mensah@acme-fake.test,Priya Costa,2023-04-23 23:57:00,rowan.sloan@demomail.test,Avery Sloan,2024-10-25 15:07:00,reese.sloan@acme-fake.test,Avery Blake,2025-01-21 11:58:00,riley.haddad@acme-fake.test,Yara Whitfield,2023-12-23 22:56:00,N,Everest Financial Inc - Managed Services,,,On Hold,100357,,REF-7821,100585,LOT-5100,102473,,,,Referral,,Active,,,,,,100169,,,,"110,737",,,"5,674",,Liam Vance,101079,100665,LOT-1885,,Renewal,100083,,,,100730,,100632,,,100787,,Active Customer,100730,,,,,,Payroll,100787,,100387,,
100369,Opportunity,105604,omar.ivanov@acme-fake.test,Diego Whitfield,2022-10-21 07:10:00,sofia.blake@examplecorp.test,Drew Ashby,2024-08-30 21:33:00,priya.mensah@acme-fake.test,Reese Silva,2026-05-24 05:15:00,sofia.ashby@sampleco.test,,2023-11-24 13:52:00,Y,Pioneer Labs Co - Consulting,,100611,Proposal Sent,100319,SKU-7831,TAG-2491,100457,TAG-6671,103638,,,,Referral,100172,Active,,,,,,100429,,,,"186,807",,,"25,447",,Avery Ivanov,101252,100383,REF-4442,,SMB,100275,,,,100047,,100014,,,100428,,Prospect,100142,,,,,,Payroll,100471,,100478,,
100296,Opportunity,105605,jordan.cohen@sampleco.test,Yara Vance,2023-05-25 14:32:00,morgan.dorsey@sampleco.test,Chen Costa,2024-07-15 03:54:00,yara.calder@acme-fake.test,Morgan Kim,2024-06-16 03:25:00,jamie.okafor@acme-fake.test,,2022-11-06 09:53:00,Y,Evergreen Manufacturing LLC - Staff Augmentation,,,Closed Won,100046,,REF-8857,100661,REF-2731,104002,,,,Cold Outreach,100252,Inactive,,,,,,100576,,,,"227,108",,100569,"13,552",,Quinn Sloan,101035,100441,,100183,New Logo,100434,,,,100768,,100076,,,100568,,Prospect,100178,,,,,,Back Office,,,100016,,
100118,Opportunity,105606,avery.ford@sampleco.test,Mei Cohen,2025-07-04 16:49:00,jordan.vance@demomail.test,Rahul Ford,2025-09-25 05:53:00,yara.rossi@acme-fake.test,Jordan Costa,2023-05-05 12:29:00,emerson.mercer@acme-fake.test,,2025-08-30 22:49:00,Y,Summit Analytics Corp - Consulting,,100185,Proposal Sent,100759,,LOT-9435,100387,LOT-6790,102286,,,,Webinar,100765,Active,,,,,,,,100065,,,,,"11,155",,Arjun Silva,101048,100512,REF-7952,,New Logo,100509,,,,100507,,100158,Gamma,,,,Active Customer,100118,,,,,,Back Office,100382,,100525,,104558
100054,Opportunity,105609,chen.sato@sampleco.test,Taylor Mensah,2024-10-20 00:04:00,marco.blake@acme-fake.test,Diego Reyes,2025-09-25 00:03:00,nina.sloan@examplecorp.test,Noah Mercer,2025-06-24 12:20:00,mei.calder@sampleco.test,,2023-10-12 09:06:00,N,Delta Group Co - Back Office,,,Closed Won,100012,LOT-9357,REF-6082,100263,TAG-7485,102240,,,,Cold Outreach,100552,Inactive,,,,,,100335,,100441,,"485,285",,,,8779,Alex Calder,101051,100776,,100181,New Logo,,,,,100448,,,,,100466,,Active Customer,100137,,,,,100590,Consulting,100435,,100420,,
100244,Opportunity,105611,fatima.ivanov@demomail.test,Avery Larsson,2024-05-17 01:23:00,chen.mensah@acme-fake.test,Aisha Garcia,2022-11-26 23:58:00,chen.reyes@demomail.test,Aisha Nguyen,2025-06-22 12:53:00,aisha.okafor@sampleco.test,,2023-08-14 13:40:00,Y,Brightpath Retail - Managed Services,,,Closed Lost,100372,,TAG-3187,100094,REF-5058,102126,,,,Event,100512,Inactive,,,,,,,,,,"188,960",Beta,100345,"30,412",,Emerson Patel,101553,,,100047,Renewal,100401,,,,100787,,100393,,,100686,,Prospect,100675,,,,,,Staff Augmentation,,,100307,,
100405,Opportunity,105614,jordan.blake@examplecorp.test,Riley Mercer,2023-08-28 16:49:00,sofia.larsson@demomail.test,Drew Blake,2024-03-18 09:27:00,sofia.larsson@examplecorp.test,Jamie Cohen,2023-11-22 21:04:00,noah.silva@acme-fake.test,,2025-07-24 17:39:00,N,Lakeside Holdings Corp - Payroll,,100509,Closed Won,100200,LOT-5252,TAG-8425,100420,LOT-5777,102643,,,,Event,100275,Inactive,,,,,,100229,,100120,,"336,085",,100669,"21,727",,Rowan Brooks,101610,,,100420,New Logo,100224,,,,100774,,100568,,,,,Active Customer,100448,,,,,100718,Recruiting,,,100714,,104796
100016,Opportunity,105616,casey.rossi@acme-fake.test,Alex Brooks,2026-01-26 16:28:00,rahul.rossi@examplecorp.test,Rowan Nguyen,2022-12-01 20:01:00,avery.nguyen@sampleco.test,Noah Sloan,2023-05-17 20:57:00,aisha.rossi@examplecorp.test,,2026-07-08 15:29:00,Y,Ironwood Robotics Corp - Consulting,,,Closed Won,100740,,TAG-3315,100169,LOT-9874,101950,,,,Partner,100519,Inactive,,,,,,,,,,"201,262",Other,100590,"23,873",9392,Elena Ashby,101755,100540,LOT-2892,100332,SMB,,,,,100672,,100257,,,100357,,Prospect,100768,,,,,,Managed Services,100656,,100461,,104632
100149,Opportunity,105617,arjun.okafor@examplecorp.test,Noah Larsson,2023-05-24 16:21:00,liam.vance@demomail.test,Rowan Calder,2024-07-10 04:59:00,riley.blake@acme-fake.test,Reese Silva,2022-12-26 21:35:00,chen.ivanov@sampleco.test,,2025-07-11 18:52:00,Y,Everest Textiles Inc - Offshore Team,,100659,Closed Lost,100106,,TAG-2233,100103,TAG-4503,103668,,,,Inbound Call,,Inactive,,,,,,100599,,100667,,"23,797",,100550,"31,871",,Casey Blake,101057,,,,Enterprise,,,,,100357,,,,,,,Active Customer,100215,,,,,,Payroll,,,100350,,104515
100068,Opportunity,105619,marco.sato@demomail.test,Riley Silva,2024-09-28 10:24:00,chen.reyes@examplecorp.test,Omar Okafor,2022-11-24 00:27:00,elena.ivanov@demomail.test,Reese Brooks,2023-09-10 21:20:00,skyler.ivanov@examplecorp.test,,2023-07-23 10:29:00,Y,Summit Analytics LLP - Payroll,,,Discovery,100378,TAG-2526,LOT-2779,100528,REF-6658,101950,,,,Partner,100429,Active,,,,,,100281,,100224,,"314,403",Delta,100291,"14,669",,Noah Cohen,101773,100403,,100432,Standard,,,,,100435,,100336,,,100446,,Prospect,100782,,,,,,Back Office,,,100683,,104696
100128,Opportunity,105622,priya.sloan@examplecorp.test,Emerson Haddad,2022-12-12 17:38:00,diego.larsson@acme-fake.test,Skyler Rossi,2023-06-16 13:52:00,aisha.ivanov@examplecorp.test,Omar Brooks,2025-07-13 22:30:00,drew.costa@demomail.test,,2025-12-29 23:51:00,Y,Northwind Holdings Corp - Payroll,,,Closed Won,100387,,REF-1183,100076,TAG-5236,,,,,LinkedIn,100401,Inactive,,,,,,,,,,,,100654,,,Aisha Silva,101409,100432,REF-8888,,Renewal,,,,,100784,,100784,,,100149,,Active Customer,100392,,,,,,Offshore Team,,,100399,,104279
100494,Opportunity,105623,taylor.calder@demomail.test,Casey Vance,2023-02-20 23:23:00,liam.mercer@sampleco.test,Omar Garcia,2024-02-28 19:09:00,casey.whitfield@acme-fake.test,Rowan Sato,2024-04-06 13:28:00,liam.rossi@demomail.test,,2023-04-26 06:06:00,Y,Cobalt Solutions Group - Consulting,,,Negotiation,100053,LOT-8697,TAG-8105,100671,REF-3821,104806,,,,Event,100574,Active,,,,,,,,100133,,"173,176",Delta,100328,"5,367",,Aisha Rossi,101346,100033,,,Enterprise,100457,,,,100145,,100449,Other,,100572,,Active Customer,100745,,,,,100157,Consulting,100401,,100545,,102246
100639,Opportunity,105626,taylor.patel@examplecorp.test,Nina Sato,2026-01-05 08:36:00,reese.vance@demomail.test,Reese Kim,2023-08-25 06:53:00,fatima.nguyen@demomail.test,Morgan Cohen,2022-10-09 09:06:00,marco.ashby@sampleco.test,,2024-10-04 11:27:00,Y,Ironwood Health LLC - Back Office,,100651,Closed Won,100432,SKU-6323,SKU-9907,100014,REF-4834,104835,,,,Partner,100466,Inactive,,,,,,100325,,100139,,"176,176",,,"37,009",,Aisha Sato,101656,,,100574,SMB,,,,,100098,,,,,100153,,Prospect,100311,,,,,100178,Payroll,100181,,100643,,
100359,Opportunity,105628,casey.sloan@demomail.test,Omar Vance,2025-10-16 08:16:00,jordan.silva@sampleco.test,Priya Whitfield,2023-02-13 15:40:00,taylor.blake@acme-fake.test,Yara Sato,2025-04-22 05:07:00,taylor.kim@sampleco.test,,2024-03-08 09:13:00,Y,Silverline Foods Group - Managed Services,,,Closed Won,100561,,TAG-7283,100359,LOT-8419,101983,,,,Webinar,,Inactive,,,,,,,,,,,Alpha,100208,"29,453",,Arjun Costa,101094,100398,REF-6776,,Standard,100652,,,,100565,,,,,,,Prospect,100784,,,,,100466,Managed Services,100645,,100106,,102816
100155,Opportunity,105629,jordan.okafor@examplecorp.test,Alex Costa,2022-11-09 10:46:00,marco.brooks@acme-fake.test,Rowan Sloan,2025-11-03 08:52:00,casey.rossi@demomail.test,Emerson Haddad,2023-03-22 16:47:00,fatima.ashby@examplecorp.test,,2025-03-07 12:52:00,N,Brightpath Networks Corp - Consulting,,100403,Proposal Sent,100003,,TAG-1160,100727,LOT-1170,102521,,,,Inbound Call,100629,Active,,,,,,,,,,"396,621",Other,100118,"23,105",,Skyler Kim,,,TAG-7284,,Enterprise,100396,,,,100453,,100565,,,,,Prospect,100404,,,,,100595,Payroll,100784,Delta,100263,,103187
100220,Opportunity,105630,priya.silva@demomail.test,Reese Ashby,2026-01-08 07:27:00,nina.nguyen@demomail.test,Reese Ford,2024-12-31 16:41:00,taylor.mensah@acme-fake.test,Diego Ford,2024-01-26 07:08:00,emerson.silva@examplecorp.test,,2025-04-13 05:11:00,N,Summit Partners Corp - Managed Services,,100062,Closed Won,100418,,SKU-1468,100432,SKU-8287,103758,,,,Webinar,,Inactive,,,,,,100194,,100165,,"322,423",,,"19,889",,Sofia Haddad,101327,100208,,100496,New Logo,100565,,,,100629,,,,,,,Active Customer,100596,,,,,100410,Recruiting,100079,,100038,,102724
100732,Opportunity,105631,aisha.mercer@demomail.test,Riley Nguyen,2024-02-12 07:22:00,sofia.nguyen@acme-fake.test,Taylor Vance,2024-06-21 08:47:00,marco.sloan@acme-fake.test,Marco Larsson,2024-07-02 10:17:00,sofia.cohen@demomail.test,,2024-07-15 11:30:00,Y,Summit Ventures LLC - Payroll,,100697,Discovery,100423,,REF-1635,100606,REF-5794,,,,,Inbound Call,100694,Active,,,,,,,,100203,,"476,512",,100398,"24,898",,Omar Reyes,101748,100121,REF-4307,,New Logo,100224,,,,100328,,100112,,,100317,,Active Customer,100451,,,,,,Payroll,100640,,100462,,104070
100498,Opportunity,105633,elena.sloan@demomail.test,Sofia Reyes,2023-10-22 19:51:00,omar.okafor@acme-fake.test,Fatima Sato,2024-05-12 16:16:00,noah.vance@demomail.test,Priya Silva,2023-08-25 16:38:00,chen.dorsey@sampleco.test,,2026-02-14 07:38:00,Y,Beacon Partners - Staff Augmentation,,100047,Closed Lost,100671,,REF-9977,100688,REF-3163,103159,,,,Cold Outreach,100640,Inactive,,,,,,100352,,100177,,,Beta,,"16,027",,Quinn Sloan,101466,100667,,100284,New Logo,,,,,100724,,100372,,,100284,,Active Customer,100043,,,,,,Staff Augmentation,100689,,100119,,104073
100142,Opportunity,105634,morgan.blake@demomail.test,Priya Rossi,2025-11-07 02:30:00,alex.sato@examplecorp.test,Chen Okafor,2025-05-08 21:56:00,priya.okafor@sampleco.test,Avery Costa,2023-07-30 08:02:00,arjun.mercer@sampleco.test,,2025-01-04 09:13:00,N,Pioneer Retail Corp - Consulting,,100201,On Hold,100153,,LOT-8224,100619,SKU-7283,102824,,,,Webinar,100601,Active,,,,,,100134,,100298,,"371,517",,100173,"12,970",2103,Sofia Sato,101325,100613,LOT-6402,100540,SMB,100019,,,,100046,,100578,Delta,,100558,,Prospect,100550,,,,,100451,Back Office,100183,,100740,,103746
100125,Opportunity,105635,morgan.costa@sampleco.test,Chen Garcia,2025-02-18 03:34:00,arjun.costa@demomail.test,Skyler Vance,2023-04-12 15:10:00,fatima.whitfield@examplecorp.test,Fatima Silva,2023-02-18 04:01:00,priya.haddad@examplecorp.test,,2023-07-28 04:54:00,Y,Northwind Financial Group - Offshore Team,,100012,Negotiation,100322,,TAG-8749,100694,SKU-9526,102984,,,,Website,,Active,,,,,,,,,,,,,"24,013",,Emerson Vance,101753,100260,SKU-8190,,New Logo,100201,,,,100550,,,,,100349,,Active Customer,100451,,,,,,Recruiting,100040,,100791,,104626
100572,Opportunity,105637,reese.vance@sampleco.test,Arjun Rossi,2026-07-19 00:21:00,jordan.larsson@examplecorp.test,Marco Mercer,2025-03-10 07:08:00,skyler.sloan@demomail.test,Aisha Calder,2023-11-14 02:39:00,diego.costa@examplecorp.test,,2024-05-18 20:45:00,Y,Redwood Dynamics Group - Managed Services,,100208,Discovery,100718,,REF-1601,100542,LOT-4579,102305,,,,LinkedIn,100155,Active,,,,,,100073,,100263,,,Gamma,100750,"33,283",,Arjun Sloan,100843,100009,,100654,Standard,100054,,,,100054,,,,,100713,,Active Customer,100349,,,,,,Staff Augmentation,100296,,100340,,103403
100181,Opportunity,105640,sofia.haddad@acme-fake.test,Morgan Sloan,2025-10-22 01:39:00,priya.garcia@demomail.test,Jordan Patel,2023-01-21 20:29:00,marco.cohen@acme-fake.test,Yara Ford,2023-09-02 06:08:00,quinn.kim@examplecorp.test,,2024-09-03 03:12:00,Y,Summit Holdings LLC - Offshore Team,,100106,Closed Lost,100564,,LOT-6477,100446,TAG-7795,104174,,,,Inbound Call,100727,Inactive,,,,,,,,100407,,"240,890",,,"32,644",6119,Rowan Patel,101427,,,,Enterprise,100267,,,,100596,,100415,,,100286,,Prospect,100244,,,,,,Back Office,,,100721,,
100569,Opportunity,105641,jamie.ashby@acme-fake.test,Mei Okafor,2022-10-19 03:23:00,liam.dorsey@acme-fake.test,Noah Whitfield,2023-02-21 12:22:00,rahul.rossi@demomail.test,Marco Patel,2023-04-16 00:38:00,rahul.vance@demomail.test,,2024-11-08 08:16:00,N,Horizon Holdings Inc - Staff Augmentation,,100098,Discovery,100457,LOT-9015,SKU-6441,100043,SKU-9272,103019,,,,Partner,,Active,,,,,,100550,,,,,Gamma,100465,"23,596",,Sofia Blake,,,REF-7676,100675,Standard,,,,,100336,,,,,,,Prospect,100652,,,,,,Staff Augmentation,,,100405,,103885
100768,Opportunity,105643,sofia.reyes@examplecorp.test,Casey Mercer,2024-09-23 23:52:00,jordan.costa@examplecorp.test,Chen Cohen,2024-01-04 22:21:00,fatima.dorsey@acme-fake.test,Skyler Ashby,2023-06-25 19:40:00,marco.mensah@examplecorp.test,,2024-02-04 07:28:00,N,Evergreen Capital Group - Managed Services,,100587,Closed Lost,100400,,TAG-4676,100134,TAG-4865,104755,,,,Event,100751,Inactive,,,,,,,,100564,,"202,681",,,,7463,Casey Vance,101646,100121,TAG-2012,100335,SMB,100339,,,,100335,,,,,,,Active Customer,100596,,,,,100441,Offshore Team,,,100083,,
100120,Opportunity,105644,priya.sato@examplecorp.test,Rahul Whitfield,2024-04-15 05:58:00,fatima.haddad@examplecorp.test,Skyler Brooks,2025-02-15 20:16:00,liam.larsson@acme-fake.test,Jamie Okafor,2024-08-14 15:05:00,liam.ivanov@demomail.test,,2023-07-10 11:33:00,N,Harbor Robotics Corp - Staff Augmentation,,100130,Dead,100177,,LOT-4739,100317,SKU-3704,104626,,,,Partner,100226,Inactive,,,,,,100414,,,,"316,118",Beta,,"37,904",,Fatima Larsson,100922,100493,,100787,Renewal,100383,,,,100647,,100785,,,100314,,Prospect,100317,,,,,,Managed Services,,,100639,,102859
100782,Opportunity,105647,noah.ivanov@examplecorp.test,Sofia Blake,2024-06-26 20:12:00,casey.brooks@examplecorp.test,Taylor Haddad,2025-09-05 23:41:00,alex.vance@examplecorp.test,Chen Cohen,2026-04-30 08:09:00,riley.cohen@acme-fake.test,,2022-10-18 03:29:00,Y,Lakeside Financial LLC - Managed Services,,100221,Discovery,100281,,SKU-9367,100339,SKU-1645,104587,,,,Event,100759,Active,,,,,,100532,,,,"12,902",,,,8538,Fatima Vance,100899,,TAG-4934,,SMB,100405,,,,100386,,100522,Gamma,,100469,,Prospect,100747,,,,,,Back Office,100140,,100178,,103118
100128,Opportunity,105650,jordan.garcia@demomail.test,Jamie Sato,2025-01-25 20:38:00,skyler.mercer@sampleco.test,Priya Blake,2026-03-03 11:29:00,diego.cohen@examplecorp.test,Rowan Ivanov,2026-06-01 22:33:00,nina.kim@examplecorp.test,,2024-12-16 05:45:00,N,Falcon Group - Recruiting,,,Qualification,100389,TAG-9877,REF-8803,100257,SKU-6602,102902,,,,Webinar,,Active,,,,,,100309,,,,"378,261",Beta,100473,"2,137",,Yara Ashby,101103,,,100446,SMB,,,,,100469,,100753,,,,,Prospect,100739,,,,,100055,Consulting,,,100315,,102393
100776,Opportunity,105652,marco.mercer@sampleco.test,Drew Dorsey,2024-11-06 21:05:00,sofia.sloan@demomail.test,Drew Okafor,2026-04-01 16:38:00,fatima.reyes@sampleco.test,Jamie Ivanov,2024-04-08 00:53:00,omar.ashby@demomail.test,,2024-02-11 19:29:00,N,Atlas Foods Corp - Offshore Team,,100713,Proposal Sent,100566,,LOT-4325,100632,LOT-4701,104639,,,,Partner,,Active,,,,,,,,100658,,"143,371",Gamma,,"3,684",,Reese Cohen,,100696,,100073,Standard,,,,,100790,,,,,,,Active Customer,100082,,,,,100092,Recruiting,,,100559,,102256
100271,Opportunity,105655,fatima.okafor@acme-fake.test,Drew Mensah,2023-07-31 07:00:00,elena.ashby@examplecorp.test,Sofia Whitfield,2024-03-03 07:20:00,aisha.dorsey@demomail.test,Jamie Okafor,2023-11-21 09:05:00,emerson.ashby@demomail.test,,2024-10-09 14:37:00,Y,Copper Group Inc - Managed Services,,100362,Closed Won,100548,,SKU-5296,100336,REF-9522,103911,,,,Webinar,100566,Inactive,,,,,,,,,,"479,131",Beta,100109,"20,847",,Aisha Reyes,101556,100350,REF-6726,,Renewal,100707,,,,100267,,,,,100067,,Prospect,100542,,,,,,Managed Services,,,100741,,104789
100281,Opportunity,105658,alex.haddad@examplecorp.test,Riley Silva,2024-04-06 06:27:00,skyler.cohen@demomail.test,Taylor Patel,2023-02-11 00:01:00,nina.kim@acme-fake.test,Jamie Sato,2026-07-01 01:59:00,casey.ford@sampleco.test,,2025-08-31 04:19:00,Y,Pioneer Capital Group - Recruiting,,,Dead,100142,,SKU-5067,100522,SKU-4747,102127,,,,Inbound Call,100273,Inactive,,,,,,100507,,,,"283,964",,,"34,207",,Yara Ford,101308,100509,REF-1646,100062,Standard,,,,,100619,,,,,100740,,Prospect,100786,,,,,100420,Back Office,100458,,100542,,
100232,Opportunity,105660,alex.sato@acme-fake.test,Diego Ford,2023-06-05 03:57:00,reese.rossi@acme-fake.test,Reese Sato,2023-09-01 18:17:00,emerson.whitfield@sampleco.test,Riley Haddad,2024-07-06 03:10:00,fatima.mensah@sampleco.test,,2023-07-16 21:37:00,N,Northwind Networks Inc - Managed Services,,,Discovery,100468,,LOT-7931,100400,SKU-1551,102516,,,,Cold Outreach,100349,Active,,,,,,100559,,100566,,,Other,100751,"31,077",,Chen Kim,101122,100514,TAG-8424,,New Logo,100775,,,,100651,,,,,100040,,Active Customer,100472,,,,,,Managed Services,,,100328,,
100782,Opportunity,105663,diego.whitfield@sampleco.test,Sofia Silva,2026-03-05 00:13:00,noah.whitfield@demomail.test,Yara Haddad,2023-11-29 18:50:00,drew.cohen@acme-fake.test,Jamie Silva,2025-12-19 11:02:00,casey.brooks@demomail.test,,2024-06-27 05:23:00,Y,Lakeside Capital - Payroll,,100382,Closed Lost,100596,,LOT-5701,100038,REF-5713,104814,,,,Event,,Inactive,,,,,,,,,,"229,472",Delta,100369,"37,870",,Noah Sloan,,100661,SKU-2400,100383,SMB,,,,,100339,,100357,,,100244,,Active Customer,100448,,,,,100478,Staff Augmentation,100604,,100009,,104418
100089,Opportunity,105664,fatima.silva@acme-fake.test,Marco Rossi,2023-10-30 20:09:00,noah.okafor@demomail.test,Arjun Mercer,2023-04-25 16:34:00,drew.whitfield@demomail.test,Rowan Brooks,2026-06-20 17:42:00,quinn.calder@acme-fake.test,,2024-03-05 03:02:00,N,Lakeside Retail Co - Staff Augmentation,,100130,Closed Won,100645,REF-5852,LOT-9210,100739,TAG-8373,104084,,,,Webinar,,Inactive,,,,,,100068,,100669,,"478,538",Delta,,"32,129",8398,Noah Haddad,101069,100378,,,Enterprise,100257,,,,100496,,100286,,,100741,,Prospect,100161,,,,,,Managed Services,,,100745,,103697
100068,Opportunity,105666,quinn.garcia@examplecorp.test,Marco Cohen,2024-06-09 06:12:00,nina.costa@examplecorp.test,Liam Haddad,2022-10-14 01:58:00,jamie.ford@examplecorp.test,Morgan Garcia,2025-04-22 06:54:00,liam.kim@acme-fake.test,,2026-01-27 17:43:00,N,Delta Labs LLC - Back Office,,100012,On Hold,100412,SKU-5042,TAG-5730,100739,REF-4662,103878,,,,Inbound Call,100727,Active,,,,,,100303,,100260,,"429,404",,,"27,352",,Noah Sato,101340,100514,SKU-9117,100188,SMB,100178,,,,100697,,100548,,,100439,,Prospect,100203,,,,,100619,Payroll,,,100559,,
100220,Opportunity,105668,avery.rossi@acme-fake.test,Quinn Rossi,2025-03-09 21:17:00,rowan.sloan@acme-fake.test,Riley Mensah,2023-09-16 10:39:00,jamie.ford@sampleco.test,Casey Costa,2025-11-02 00:09:00,priya.cohen@examplecorp.test,,2025-07-08 13:00:00,Y,Cobalt Labs - Recruiting,,100423,Closed Lost,100457,,REF-2410,100784,REF-4463,103771,,,,Referral,,Inactive,,,,,,100029,,100200,,"245,112",Beta,100115,,,Nina Cohen,101004,100473,LOT-4840,,Renewal,100296,,,,100264,,,,,,,Active Customer,100616,,,,,100380,Staff Augmentation,100425,,100564,,103672
100768,Opportunity,105671,aisha.reyes@examplecorp.test,Mei Mercer,2025-03-17 04:37:00,casey.ford@examplecorp.test,Riley Costa,2025-11-20 11:02:00,arjun.kim@acme-fake.test,Noah Mensah,2026-05-17 03:45:00,sofia.silva@examplecorp.test,,2024-12-26 06:23:00,Y,Granite Group - Offshore Team,,,Closed Lost,100299,SKU-7482,TAG-1768,100359,LOT-3147,104099,,,,Partner,100115,Inactive,,,,,,,,100434,,,,,,2201,Sofia Whitfield,101478,,,100273,Renewal,100393,,,,100429,,100260,,,,,Active Customer,100378,,,,,,Staff Augmentation,,,100073,,
100525,Opportunity,105674,arjun.sato@acme-fake.test,Marco Blake,2024-10-27 18:17:00,taylor.costa@demomail.test,Avery Rossi,2023-09-21 02:14:00,rowan.brooks@acme-fake.test,Nina Mensah,2025-01-18 11:10:00,yara.reyes@examplecorp.test,,2023-11-08 08:44:00,Y,Summit Financial LLC - Payroll,,100247,Proposal Sent,100106,,LOT-1707,100643,LOT-5022,102047,,,,Webinar,100224,Active,,,,,,,,100710,,"170,457",,,"36,969",,Aisha Silva,101657,100756,,,Renewal,100454,,,,100123,,,,,,,Prospect,100601,,,,,100054,Managed Services,100359,,100231,,104729
100730,Opportunity,105677,riley.patel@examplecorp.test,Quinn Reyes,2023-05-12 20:18:00,casey.mensah@sampleco.test,Marco Nguyen,2023-02-21 03:27:00,emerson.ivanov@examplecorp.test,Priya Sloan,2025-05-10 13:08:00,emerson.sloan@acme-fake.test,,2025-01-28 14:14:00,N,Harbor Robotics Co - Recruiting,,,Proposal Sent,100147,,REF-8136,100003,LOT-2545,103567,,,,Webinar,,Active,,,,,,100130,,,,,Other,100156,"13,423",,Morgan Haddad,101742,,SKU-7431,,New Logo,100152,,,,100504,,100648,Standard,,100273,,Prospect,100768,,,,,100741,Consulting,100365,,100305,,104036
100740,Opportunity,105679,omar.whitfield@acme-fake.test,Priya Ivanov,2026-03-26 14:42:00,casey.rossi@examplecorp.test,Priya Ivanov,2022-12-10 06:45:00,taylor.dorsey@sampleco.test,Drew Patel,2024-03-18 06:45:00,alex.sato@sampleco.test,,2024-07-24 12:16:00,N,Meridian Manufacturing LLP - Consulting,,,Negotiation,100320,,SKU-7971,100551,REF-3549,102030,,,,Website,,Active,,,,,,100576,,,,"13,769",,100264,"9,971",6142,Avery Silva,101098,,LOT-3561,100432,SMB,,,,,100460,,100704,,,,,Prospect,100133,,,,,100758,Payroll,,,100232,,
100468,Opportunity,105682,avery.kim@sampleco.test,Nina Cohen,2023-08-02 09:18:00,skyler.ford@demomail.test,Riley Mercer,2026-04-30 17:18:00,rahul.blake@acme-fake.test,Noah Silva,2024-05-06 11:41:00,marco.garcia@demomail.test,,2025-01-18 14:32:00,Y,Copper Systems LLP - Offshore Team,,100412,On Hold,100700,,REF-1116,100552,REF-5463,104004,,,,Partner,,Active,,,,,,,,100467,,,Beta,,"9,506",7135,Marco Reyes,100815,100616,LOT-4573,,New Logo,100697,,,,100683,,,,,100449,,Active Customer,100647,,,,,100055,Consulting,,,100298,,
100038,Opportunity,105683,chen.ford@examplecorp.test,Mei Cohen,2024-08-29 03:04:00,liam.larsson@sampleco.test,Rowan Brooks,2026-03-08 04:45:00,quinn.kim@acme-fake.test,Nina Garcia,2025-08-13 22:51:00,omar.silva@acme-fake.test,,2026-04-24 23:22:00,N,Cardinal Dynamics Inc - Recruiting,,100211,Closed Won,100585,LOT-3601,LOT-4119,100019,REF-3395,103132,,,,Partner,100442,Inactive,,,,,,100172,,100561,,"284,342",Alpha,100604,"8,803",5316,Noah Costa,101056,,SKU-7437,,Enterprise,,,,,100029,,100271,,,,,Prospect,100460,,,,,,Consulting,100386,,100378,,104454
100162,Opportunity,105684,quinn.vance@examplecorp.test,Rowan Mercer,2024-02-05 17:14:00,yara.rossi@demomail.test,Nina Whitfield,2025-03-25 03:09:00,avery.okafor@examplecorp.test,Aisha Patel,2024-05-18 06:34:00,nina.larsson@sampleco.test,,2025-12-26 19:36:00,N,Evergreen Group Group - Recruiting,,,Closed Won,100286,,SKU-1267,100412,SKU-8081,103041,,,,Cold Outreach,,Inactive,,,,,,,,,,"347,080",Alpha,,"38,160",,Arjun Silva,101688,100157,TAG-1423,,Renewal,100380,,,,100418,,,,,100399,,Prospect,100161,,,,,,Consulting,,,100211,,
100357,Opportunity,105685,nina.reyes@sampleco.test,Priya Mensah,2023-10-03 00:22:00,casey.calder@sampleco.test,Nina Haddad,2025-01-14 06:45:00,avery.patel@sampleco.test,Drew Sloan,2023-11-10 10:35:00,avery.rossi@sampleco.test,,2026-07-18 09:56:00,N,Cobalt Industries LLP - Staff Augmentation,,100199,Proposal Sent,100647,REF-9058,TAG-1323,100200,,104121,,,,Inbound Call,,Active,,,,,,100300,,100490,,,,100295,"22,968",,Aisha Ford,100870,,,100619,Standard,100576,,,,100652,,100461,Delta,,100585,,Prospect,100177,,,,,,Recruiting,,,100714,,
100305,Opportunity,105687,quinn.kim@sampleco.test,Diego Larsson,2025-12-19 22:57:00,casey.costa@acme-fake.test,Quinn Reyes,2024-09-27 06:47:00,riley.rossi@sampleco.test,Emerson Okafor,2023-11-28 03:17:00,avery.reyes@examplecorp.test,,2023-09-08 04:47:00,N,Granite Energy Co - Managed Services,,100098,Proposal Sent,100082,LOT-2950,SKU-2301,100696,LOT-5219,103481,,,,Webinar,100495,Active,,,,,,100133,,,,"127,756",,100428,"26,305",,Skyler Blake,,100410,LOT-8137,100494,Enterprise,,,,,100281,,100067,Delta,,100782,,Active Customer,100231,,,,,100332,Managed Services,100566,,100219,,102337
100545,Opportunity,105689,emerson.blake@examplecorp.test,Jamie Haddad,2023-06-25 06:35:00,drew.brooks@demomail.test,Rahul Costa,2025-02-14 22:28:00,mei.okafor@demomail.test,Drew Haddad,2023-01-27 13:59:00,casey.mensah@acme-fake.test,,2023-02-28 13:33:00,Y,Falcon Networks Corp - Offshore Team,,100680,Discovery,100476,,LOT-9641,100710,TAG-8951,102031,,,,Partner,,Active,,,,,,100012,,100003,,,Alpha,,"39,289",606,Liam Larsson,101259,100669,,100770,Enterprise,100305,,,,100221,,,,,100434,,Prospect,100103,,,,,100365,Payroll,100570,,100392,,102754
100332,Opportunity,105692,morgan.vance@examplecorp.test,Morgan Rossi,2024-03-09 06:58:00,skyler.okafor@demomail.test,Sofia Reyes,2023-07-17 22:33:00,nina.blake@sampleco.test,Rahul Okafor,2025-08-03 18:37:00,omar.garcia@examplecorp.test,,2025-07-26 02:56:00,N,Delta Dynamics Co - Payroll,,,Discovery,100509,,REF-8068,100007,LOT-3777,104584,,,,Cold Outreach,100507,Active,,,,,,100540,,100026,,"382,661",Other,100178,"32,385",,Chen Ford,101595,,,,Enterprise,100726,,,,100465,,100461,,,100335,,Prospect,100604,,,,,100168,Offshore Team,100336,,100298,,
100611,Opportunity,105694,elena.costa@demomail.test,Yara Blake,2024-08-30 14:38:00,marco.larsson@acme-fake.test,Morgan Garcia,2025-05-08 12:44:00,rowan.sato@examplecorp.test,Mei Ivanov,2025-09-03 09:22:00,quinn.ford@examplecorp.test,,2023-08-22 13:43:00,N,Atlas Textiles Group - Managed Services,,100721,Qualification,100554,,LOT-6974,100495,TAG-1608,102666,,,,Referral,100211,Active,,,,,,,,,,"115,802",,100224,"15,451",,Jordan Nguyen,101496,,TAG-6175,,Enterprise,,,,,100352,,,,,100425,,Prospect,100106,,,,,,Back Office,100396,,100596,,
100680,Opportunity,105696,alex.dorsey@examplecorp.test,Mei Okafor,2023-01-06 23:22:00,sofia.costa@sampleco.test,Emerson Blake,2026-05-20 22:48:00,quinn.rossi@examplecorp.test,Arjun Ashby,2024-04-10 02:40:00,rowan.vance@examplecorp.test,,2025-11-20 13:58:00,N,Cobalt Partners LLP - Managed Services,,100404,Discovery,100750,,SKU-8397,100082,,101894,,,,Event,,Active,,,,,,100400,,100555,,,,,"9,875",6129,Fatima Calder,101344,100658,TAG-9564,100616,New Logo,100751,,,,100399,,,,,100350,,Prospect,100315,,,,,,Offshore Team,100765,,100613,,
100476,Opportunity,105697,jamie.ashby@examplecorp.test,Aisha Vance,2026-02-26 20:59:00,drew.haddad@demomail.test,Yara Costa,2023-06-05 15:32:00,noah.silva@demomail.test,Jordan Silva,2026-05-12 23:24:00,rowan.okafor@sampleco.test,,2026-04-05 06:42:00,Y,Brightpath Retail Ltd - Payroll,,100174,Proposal Sent,100449,SKU-2256,REF-5440,100689,LOT-6714,104272,,,,Event,100730,Active,,,,,,100535,,100759,,"252,028",,,"9,649",4634,Morgan Sloan,,100309,LOT-7451,100203,Enterprise,100271,,,,100046,,,,,,,Prospect,100068,,,,,,Recruiting,100768,,100566,,
100040,Opportunity,105698,avery.ford@sampleco.test,Mei Reyes,2025-04-23 02:42:00,liam.blake@examplecorp.test,Marco Silva,2024-12-28 15:54:00,aisha.nguyen@demomail.test,Aisha Reyes,2025-06-26 18:49:00,nina.ivanov@sampleco.test,,2023-10-20 04:16:00,N,Atlas Ventures Ltd - Staff Augmentation,,100791,On Hold,100311,,TAG-2826,100396,REF-8986,103291,,,,Website,,Active,,,,,,100454,,100023,,"175,700",Standard,100120,,,Alex Sato,101751,,LOT-2795,100322,Enterprise,100648,,,,100667,,100590,,,,,Prospect,100389,,,,,100177,Back Office,,,100092,,
100343,Opportunity,105699,jamie.blake@sampleco.test,Noah Mensah,2024-03-26 20:06:00,reese.sato@demomail.test,Avery Mensah,2023-07-26 20:03:00,rowan.nguyen@demomail.test,Priya Costa,2025-05-28 16:32:00,chen.haddad@examplecorp.test,,2026-02-21 05:55:00,N,Atlas Networks Corp - Managed Services,,100121,Qualification,100528,,SKU-8942,100613,TAG-3128,102374,,,,LinkedIn,100137,Active,,,,,,,,,,"482,805",,100542,"1,431",,Casey Mensah,101751,100392,REF-7380,100130,SMB,100047,,,,100428,,100458,,,100579,,Active Customer,100181,,,,,,Payroll,100005,,100613,Alpha,
100229,Opportunity,105702,noah.costa@examplecorp.test,Drew Vance,2025-02-03 16:58:00,jamie.patel@examplecorp.test,Mei Rossi,2025-07-07 23:58:00,casey.larsson@examplecorp.test,Jamie Patel,2025-04-09 09:24:00,jordan.sloan@sampleco.test,,2024-07-04 19:02:00,Y,Brightpath Partners Corp - Payroll,,,Discovery,100188,,LOT-6339,100691,LOT-4327,103272,,,,Event,,Active,,,,,,100699,,100529,,"179,680",Gamma,100570,"39,348",,Rowan Reyes,,100162,,,Standard,,,,,100092,,100277,,,100441,,Active Customer,100423,,,,,,Payroll,,,100120,,104445
100275,Opportunity,105704,yara.ashby@acme-fake.test,Rahul Dorsey,2025-03-13 09:24:00,noah.vance@demomail.test,Sofia Ivanov,2024-04-13 05:15:00,yara.okafor@sampleco.test,Sofia Sato,2026-02-15 09:24:00,liam.dorsey@acme-fake.test,,2026-04-12 03:44:00,N,Northwind Foods Co - Managed Services,,100458,Discovery,100140,REF-9261,LOT-5969,100421,LOT-1236,102821,,,,LinkedIn,100142,Active,,,,,,100393,,100779,,"204,216",Alpha,100246,"32,056",,Jordan Dorsey,100994,100454,TAG-2736,,SMB,100481,,,,100462,,,,,100211,,Prospect,100593,,,,,100439,Staff Augmentation,100155,,100449,,102921
100231,Opportunity,105706,rahul.sloan@examplecorp.test,Skyler Silva,2023-05-07 11:38:00,emerson.larsson@examplecorp.test,Marco Kim,2025-12-19 16:06:00,aisha.mensah@acme-fake.test,Morgan Dorsey,2025-01-27 13:17:00,sofia.sato@examplecorp.test,,2024-02-09 20:40:00,Y,Ironwood Networks Group - Back Office,,100031,Closed Won,100229,,TAG-8702,100478,LOT-7929,103238,,,,Website,,Inactive,,,,,,100357,,100286,,,Other,100047,"35,965",,Riley Larsson,101197,,,100003,Enterprise,100385,,,,100775,,,,,,,Prospect,100732,,,,,100529,Consulting,,,100215,,103631
100441,Opportunity,105707,rahul.ford@acme-fake.test,Emerson Kim,2025-06-01 14:52:00,omar.blake@acme-fake.test,Casey Dorsey,2025-01-13 12:44:00,jamie.costa@sampleco.test,Fatima Ivanov,2024-12-24 00:52:00,alex.reyes@examplecorp.test,,2023-06-23 19:50:00,N,Harbor Media Corp - Offshore Team,,100696,On Hold,100380,LOT-3748,TAG-2488,100559,SKU-1017,104670,,,,Inbound Call,100570,Active,,,,,,,,100471,,,,100043,"31,879",,Yara Okafor,,,REF-3529,100016,Standard,,,,,100119,,,,,,,Prospect,100771,,,,,100724,Consulting,100169,,100208,,104493
100185,Opportunity,105709,fatima.silva@acme-fake.test,Rahul Okafor,2025-07-03 13:53:00,sofia.larsson@demomail.test,Sofia Blake,2024-09-01 15:58:00,yara.costa@examplecorp.test,Reese Brooks,2025-12-05 10:29:00,chen.brooks@examplecorp.test,,2024-03-24 00:21:00,N,Harbor Ventures Inc - Managed Services,,,Closed Lost,100500,,TAG-3655,100568,SKU-7569,104437,,,,Webinar,,Inactive,,,,,,100336,,,,"313,797",,,"1,185",4752,Skyler Rossi,101290,,,,Renewal,100425,,,,100412,,100578,,,100253,,Active Customer,100410,,,,,,Recruiting,100157,,100263,,104546
100087,Opportunity,105711,reese.vance@sampleco.test,Taylor Sato,2026-05-10 19:47:00,emerson.nguyen@sampleco.test,Chen Larsson,2023-04-24 21:05:00,quinn.haddad@examplecorp.test,Aisha Nguyen,2024-01-02 10:05:00,elena.dorsey@acme-fake.test,,2023-09-01 08:48:00,Y,Granite Foods LLC - Offshore Team,,,Closed Lost,100267,,REF-9465,100173,REF-7738,102651,,,,Webinar,100654,Inactive,,,,,,100038,,,,,Delta,100352,"22,545",,Riley Okafor,101201,100387,,,Enterprise,,,,,100387,,100398,,,100065,,Active Customer,100299,,,,,,Managed Services,100077,,100425,,104435
100264,Opportunity,105714,avery.patel@demomail.test,Skyler Mercer,2025-08-14 09:06:00,alex.reyes@acme-fake.test,Jordan Sloan,2022-10-24 18:05:00,nina.rossi@examplecorp.test,Avery Okafor,2023-05-20 10:40:00,drew.silva@demomail.test,,2025-08-27 06:44:00,Y,Horizon Holdings Co - Payroll,,100779,Closed Won,100103,,REF-6405,100732,,103481,,,,Cold Outreach,,Inactive,,,,,,100208,,,,"56,951",Beta,100771,,,Alex Cohen,101684,100733,SKU-7304,,New Logo,,,,,100435,,100073,,,,,Active Customer,100253,,,,,100469,Staff Augmentation,,,100465,Beta,103884
100471,Opportunity,105717,nina.mercer@acme-fake.test,Casey Ashby,2026-07-05 05:57:00,jamie.sato@acme-fake.test,Liam Mercer,2026-03-15 03:19:00,reese.ivanov@acme-fake.test,Marco Blake,2025-12-23 10:27:00,jordan.calder@acme-fake.test,,2024-04-18 05:25:00,N,Blue Ridge Foods LLP - Staff Augmentation,,,Discovery,100697,,TAG-8849,100221,LOT-3687,102081,,,,LinkedIn,100393,Active,,,,,,,,100345,,"292,043",Alpha,100021,"21,909",,Diego Larsson,,,SKU-8030,,SMB,100561,,,,100399,,,,,,,Prospect,100468,,,,,100277,Staff Augmentation,100516,,100740,,
100208,Opportunity,105720,noah.brooks@demomail.test,Riley Whitfield,2022-11-07 04:36:00,aisha.haddad@examplecorp.test,Skyler Calder,2025-09-15 13:27:00,emerson.mensah@sampleco.test,Yara Nguyen,2025-02-11 18:36:00,yara.blake@acme-fake.test,,2025-09-02 01:24:00,Y,Harbor Partners LLP - Recruiting,,100747,Qualification,100462,,REF-6592,100756,REF-8975,,,,,Partner,,Active,,,,,,100296,,,,,,,"25,140",,Chen Kim,,100012,SKU-1816,100065,Standard,100252,,,,100438,,100117,,,100494,,Active Customer,100453,,,,,,Offshore Team,,,100673,,
100469,Opportunity,105723,noah.cohen@demomail.test,Liam Silva,2022-11-06 11:56:00,skyler.brooks@sampleco.test,Elena Kim,2025-10-11 08:24:00,diego.cohen@acme-fake.test,Alex Reyes,2023-05-28 13:20:00,omar.vance@demomail.test,,2024-04-21 04:32:00,N,Ironwood Dynamics LLC - Managed Services,,100236,Closed Won,100494,,SKU-1701,100038,SKU-1595,102659,,,,Partner,100680,Inactive,,,,,,100348,,,,,,,"38,170",,Quinn Blake,,,LOT-1658,,Standard,100545,,,,100130,,100291,,,,,Prospect,100449,,,,,,Managed Services,100350,,100550,,
100263,Opportunity,105725,yara.nguyen@examplecorp.test,Riley Vance,2022-11-21 00:32:00,jordan.dorsey@demomail.test,Taylor Cohen,2025-10-12 12:07:00,emerson.reyes@acme-fake.test,Rahul Costa,2023-06-01 14:20:00,arjun.sloan@demomail.test,,2025-05-28 19:33:00,N,Vertex Holdings - Recruiting,,100660,Qualification,100659,,REF-9481,100273,TAG-2364,103136,,,,LinkedIn,100509,Active,,,,,,100130,,,,"292,264",Gamma,100145,"1,676",,Omar Nguyen,101736,100210,SKU-6160,,Standard,,,,,100570,,,,,100639,,Active Customer,100023,,,,,100242,Staff Augmentation,,,100191,Standard,
100140,Opportunity,105728,riley.dorsey@demomail.test,Rowan Costa,2026-03-30 15:52:00,emerson.garcia@sampleco.test,Yara Reyes,2025-06-12 14:23:00,skyler.okafor@acme-fake.test,Chen Ashby,2024-07-26 20:16:00,taylor.cohen@examplecorp.test,,2024-04-05 16:19:00,N,Harbor Systems LLP - Payroll,,100096,Qualification,100403,REF-9201,SKU-7796,100332,LOT-9166,102350,,,,Webinar,100634,Active,,,,,,100665,,100717,,"202,061",,100161,"6,612",,Alex Dorsey,101779,100494,REF-4800,100650,Standard,100267,,,,100053,,,Other,,100465,,Prospect,100616,,,,,,Offshore Team,,,100616,,102388
100774,Opportunity,105731,nina.mensah@sampleco.test,Aisha Blake,2025-07-18 17:02:00,yara.ivanov@examplecorp.test,Reese Haddad,2024-11-25 15:28:00,skyler.calder@examplecorp.test,Yara Haddad,2023-06-15 23:35:00,reese.mensah@sampleco.test,,2024-06-03 03:58:00,N,Beacon Capital Ltd - Recruiting,,100564,Discovery,100454,SKU-3159,TAG-9773,100405,LOT-7006,102926,,,,Cold Outreach,100071,Active,,,,,,100735,,100362,,"400,872",Alpha,100193,"6,693",,Casey Dorsey,101168,,TAG-6249,,Standard,100058,,,,100050,,,Beta,,100432,,Active Customer,100389,,,,,100473,Recruiting,100231,,100139,,104828
100448,Opportunity,105732,rahul.sato@acme-fake.test,Marco Silva,2023-03-12 23:23:00,sofia.silva@examplecorp.test,Aisha Ivanov,2023-12-24 16:40:00,chen.haddad@demomail.test,Skyler Nguyen,2023-07-08 23:02:00,arjun.sloan@sampleco.test,,2025-06-25 06:28:00,N,Brightpath Networks LLP - Managed Services,,,Closed Won,100226,,TAG-7919,100200,LOT-5947,102480,,,,LinkedIn,100263,Inactive,,,,,,100152,,100348,,,,100445,"13,420",,Aisha Sloan,101645,100120,,100089,Enterprise,,,,,100498,,100366,,,,,Active Customer,100710,,,,,100710,Consulting,,,100343,,102028
100325,Opportunity,105733,taylor.garcia@examplecorp.test,Nina Sato,2022-11-03 20:29:00,avery.haddad@acme-fake.test,Taylor Ford,2023-05-31 00:40:00,rowan.haddad@demomail.test,Rahul Nguyen,2026-01-30 00:31:00,elena.mercer@acme-fake.test,,2026-06-13 02:31:00,Y,Northwind Partners Co - Managed Services,,100398,Closed Lost,100106,REF-3664,SKU-2017,100507,TAG-3977,101977,,,,Inbound Call,,Inactive,,,,,,,,100599,,"69,189",Delta,,,6580,Marco Haddad,,100120,,100156,Renewal,,,,,100042,,,,,100232,,Active Customer,100115,,,,,100119,Staff Augmentation,,,100389,,
100040,Opportunity,105736,marco.sato@demomail.test,Arjun Sato,2026-02-07 09:08:00,diego.vance@acme-fake.test,Quinn Larsson,2023-05-07 22:12:00,omar.costa@sampleco.test,Jamie Costa,2025-01-25 14:41:00,casey.kim@demomail.test,,2026-06-20 18:46:00,N,Pioneer Capital Group - Payroll,,100790,On Hold,100639,REF-2552,REF-6520,100606,LOT-1230,103047,,,,Webinar,,Active,,,,,,,,,,,,100714,"6,689",251,Elena Ivanov,100957,,SKU-9731,,Renewal,100309,,,,100496,,100387,,,,,Prospect,100372,,,,,100490,Managed Services,100604,,100214,,104725
100550,Opportunity,105738,drew.rossi@sampleco.test,Casey Whitfield,2023-08-02 08:48:00,emerson.ivanov@demomail.test,Morgan Dorsey,2025-04-03 08:35:00,rowan.cohen@acme-fake.test,Mei Okafor,2023-08-02 23:58:00,elena.blake@examplecorp.test,,2022-10-03 16:32:00,N,Evergreen Logistics Co - Managed Services,,100449,Dead,100345,,REF-4460,100403,TAG-9998,104152,,,,Event,,Inactive,,,,,,,,,,,Beta,,"10,962",9484,Jamie Silva,,100098,TAG-9164,,Renewal,100314,,,,100267,,100465,,,100359,,Prospect,100205,,,,,,Payroll,100092,,100232,,104853
100552,Opportunity,105740,diego.silva@sampleco.test,Jordan Cohen,2023-06-13 11:32:00,yara.vance@acme-fake.test,Chen Haddad,2025-12-27 05:14:00,reese.haddad@sampleco.test,Riley Whitfield,2024-08-11 09:59:00,reese.sloan@examplecorp.test,,2023-12-27 20:55:00,N,Harbor Financial Inc - Payroll,,100026,Negotiation,100231,,TAG-4919,100545,TAG-1360,102579,,,,LinkedIn,100073,Active,,,,,,,,,,"367,193",Other,100425,"15,849",,Chen Larsson,101102,,,,New Logo,,,,,100286,,,,,100352,,Prospect,100307,,,,,100336,Back Office,100292,,100608,,103363
100361,Opportunity,105741,chen.brooks@demomail.test,Morgan Calder,2025-10-14 11:45:00,riley.cohen@examplecorp.test,Omar Nguyen,2024-07-05 04:41:00,quinn.patel@demomail.test,Alex Sloan,2024-01-31 01:54:00,avery.dorsey@acme-fake.test,,2024-03-25 07:49:00,Y,Redwood Retail LLP - Staff Augmentation,,100236,Closed Lost,100448,,TAG-4625,100635,LOT-3260,104629,,,,LinkedIn,,Inactive,,,,,,,,100418,,"374,076",Alpha,100467,"26,185",,Fatima Garcia,101180,,SKU-8818,,New Logo,100656,,,,100640,,100596,,,,,Prospect,100554,,,,,100208,Staff Augmentation,100496,,100359,,
100277,Opportunity,105742,nina.sato@acme-fake.test,Quinn Kim,2023-12-23 04:01:00,liam.mensah@examplecorp.test,Fatima Haddad,2024-04-25 11:20:00,aisha.ford@demomail.test,Nina Dorsey,2025-08-28 08:00:00,omar.vance@sampleco.test,,2024-05-30 15:38:00,Y,Brightpath Industries LLC - Payroll,,100784,Closed Won,100694,,REF-3734,100710,SKU-9517,104297,,,,Referral,100233,Inactive,,,,,,,,100418,,,Beta,,"25,197",,Fatima Sloan,101259,100768,LOT-1543,,SMB,100286,,,,100493,,,,,100582,,Active Customer,100185,,,,,,Staff Augmentation,100317,,100599,,102848
100182,Opportunity,105745,fatima.larsson@demomail.test,Taylor Larsson,2024-08-12 15:42:00,avery.dorsey@demomail.test,Nina Nguyen,2024-06-28 18:29:00,mei.cohen@acme-fake.test,Riley Sloan,2024-08-28 08:04:00,rowan.reyes@acme-fake.test,,2026-06-13 17:01:00,N,Keystone Logistics Corp - Consulting,,,Discovery,100273,,TAG-3592,100366,SKU-4766,103822,,,,LinkedIn,,Active,,,,,,100242,,,,,Delta,,,,Rowan Calder,101238,,,,Enterprise,100043,,,,100117,,100305,,,100660,,Active Customer,100548,,,,,100743,Managed Services,,,100689,,102456
100244,Opportunity,105748,sofia.rossi@demomail.test,Omar Calder,2026-03-29 06:23:00,jordan.nguyen@acme-fake.test,Aisha Brooks,2026-01-11 19:43:00,reese.whitfield@examplecorp.test,Casey Garcia,2023-06-03 23:42:00,arjun.haddad@sampleco.test,,2024-10-07 16:28:00,N,Evergreen Logistics Corp - Consulting,,,Discovery,100559,,TAG-7035,100790,SKU-1014,103041,,,,LinkedIn,100339,Active,,,,,,100471,,,,,Other,100613,"12,430",,Morgan Silva,,100405,,,New Logo,100112,,,,100239,,100210,,,100109,,Active Customer,100119,,,,,100257,Payroll,100407,,100425,,102953
100328,Opportunity,105749,nina.rossi@acme-fake.test,Aisha Dorsey,2025-04-08 13:10:00,jamie.vance@demomail.test,Priya Brooks,2026-06-03 16:36:00,riley.vance@examplecorp.test,Omar Ford,2025-06-24 05:06:00,riley.brooks@acme-fake.test,,2025-01-13 02:28:00,Y,Evergreen Manufacturing Group - Offshore Team,,100014,Closed Won,100782,,SKU-2217,100343,TAG-4157,103866,,,,Event,100256,Inactive,,,,,,100528,,,,,,100691,"34,289",8617,Omar Cohen,100988,,TAG-8049,100162,SMB,100133,,,,100096,,,,,,,Active Customer,100161,,,,,,Staff Augmentation,100375,,100357,,103580
100307,Opportunity,105752,reese.cohen@sampleco.test,Arjun Ashby,2025-12-14 00:15:00,liam.larsson@demomail.test,Alex Sloan,2024-10-14 08:12:00,avery.dorsey@demomail.test,Riley Cohen,2025-12-31 05:54:00,jamie.nguyen@sampleco.test,,2023-08-20 00:36:00,Y,Copper Manufacturing Inc - Managed Services,,,Proposal Sent,100651,,REF-5507,100229,LOT-6475,102342,,,,Cold Outreach,100665,Active,,,,,,100393,,,,"153,324",,,,,Diego Whitfield,100813,,LOT-8546,100392,SMB,100776,,,,100613,,,Other,,100745,,Prospect,100724,,,,,100400,Offshore Team,100743,,100335,,104258
100117,Opportunity,105755,diego.sato@demomail.test,Rahul Costa,2024-10-19 00:01:00,quinn.mercer@acme-fake.test,Morgan Cohen,2022-11-28 10:49:00,alex.mensah@examplecorp.test,Yara Ford,2023-12-14 16:07:00,drew.calder@sampleco.test,Rowan Ivanov,2026-03-19 10:47:00,N,Meridian Logistics Group - Payroll,,100267,Discovery,100713,,LOT-4514,100253,SKU-6905,104103,,,,Referral,,Active,,,,,,,,100694,,,,,"32,003",4426,Omar Rossi,100978,,TAG-6916,100355,Standard,,,,,100535,,100031,,,100267,,Prospect,100438,,,,,100758,Back Office,100741,,100286,,
100165,Opportunity,105756,rowan.brooks@demomail.test,Nina Reyes,2025-04-20 16:40:00,diego.ivanov@demomail.test,Rowan Whitfield,2026-05-02 19:27:00,fatima.whitfield@examplecorp.test,Rahul Cohen,2024-12-24 02:50:00,nina.okafor@sampleco.test,,2026-01-19 11:26:00,N,Brightpath Capital Ltd - Managed Services,,100432,Discovery,100664,,TAG-1771,100382,LOT-3353,103655,,,,Referral,100335,Active,,,,,,,,100750,,,,,"5,229",,Chen Mensah,,,TAG-3699,,Standard,,,,,100733,,,,,100471,,Prospect,100616,,,,,,Back Office,,,100453,,
100432,Opportunity,105757,diego.reyes@acme-fake.test,Aisha Blake,2025-06-10 18:39:00,yara.mensah@sampleco.test,Arjun Brooks,2023-03-12 17:50:00,elena.reyes@examplecorp.test,Reese Rossi,2025-03-20 18:05:00,jamie.ivanov@acme-fake.test,,2025-10-02 07:44:00,N,Vertex Networks Co - Back Office,,100519,Closed Won,100271,,TAG-8833,100021,SKU-7995,102046,,,,Inbound Call,,Inactive,,,,,,100587,,,,"395,048",Gamma,100065,"22,276",,Jamie Whitfield,,,LOT-4738,,New Logo,,,,,100785,,100307,,,,,Active Customer,100174,,,,,100382,Staff Augmentation,,,100613,,103884
100177,Opportunity,105760,priya.calder@acme-fake.test,Rowan Ashby,2024-08-15 22:20:00,jamie.dorsey@demomail.test,Quinn Whitfield,2023-12-19 21:34:00,quinn.cohen@examplecorp.test,Arjun Haddad,2025-09-24 21:39:00,quinn.vance@acme-fake.test,,2024-11-04 11:32:00,N,Harbor Networks Corp - Managed Services,,100118,Discovery,100062,,SKU-6593,100250,LOT-8772,103661,,,,Event,,Active,,,,,,100215,,,,,Alpha,,"9,285",,Emerson Whitfield,101531,,,100073,SMB,,,,,100019,,,Standard,,100172,,Active Customer,100462,,,,,100035,Managed Services,,,100385,,
100092,Opportunity,105763,emerson.sato@acme-fake.test,Yara Vance,2026-02-17 07:01:00,fatima.dorsey@acme-fake.test,Taylor Patel,2025-01-06 23:25:00,jamie.blake@sampleco.test,Sofia Costa,2022-11-22 20:25:00,aisha.calder@sampleco.test,,2026-04-17 21:21:00,N,Copper Robotics LLP - Back Office,,,Discovery,100786,SKU-5987,REF-8354,100380,TAG-8499,103520,,,,LinkedIn,,Active,,,,,,100288,,100269,,"458,364",,100398,,,Arjun Ivanov,100819,,,100765,Renewal,,,,,100576,,100400,Delta,,100564,,Active Customer,100299,,,,,,Payroll,100449,,100362,,102219
100552,Opportunity,105764,arjun.ivanov@examplecorp.test,Chen Brooks,2024-09-09 15:36:00,nina.ivanov@sampleco.test,Arjun Rossi,2024-06-21 01:14:00,emerson.mercer@examplecorp.test,Mei Okafor,2024-03-22 12:35:00,priya.rossi@demomail.test,,2024-11-04 02:24:00,Y,Evergreen Industries Group - Back Office,,100053,Closed Lost,100699,,REF-4009,100619,SKU-3641,101958,,,,Event,100128,Inactive,,,,,,100758,,100298,,"303,681",Delta,,"15,992",940,Jordan Mercer,101404,100033,,100759,New Logo,100178,,,,100566,,100183,,,100315,,Prospect,100697,,,,,100399,Staff Augmentation,,,100298,,102984
100362,Opportunity,105766,priya.dorsey@sampleco.test,Marco Patel,2026-02-17 14:19:00,aisha.silva@acme-fake.test,Quinn Okafor,2024-08-10 06:04:00,taylor.vance@acme-fake.test,Jamie Reyes,2024-04-20 21:30:00,yara.mercer@examplecorp.test,,2022-12-23 23:58:00,N,Cardinal Dynamics Co - Staff Augmentation,,100380,Negotiation,100162,,LOT-8911,100601,REF-1641,,,,,Event,100120,Active,,,,,,,,,,,,100021,"28,875",2653,Diego Ivanov,101252,100689,LOT-6918,100739,New Logo,100083,,,,100288,,100077,Other,,,,Active Customer,100648,,,,,,Payroll,,,100616,,104837
100745,Opportunity,105768,liam.silva@sampleco.test,Taylor Costa,2023-08-08 05:16:00,quinn.ashby@demomail.test,Alex Larsson,2025-04-21 04:23:00,priya.dorsey@examplecorp.test,Chen Mensah,2025-07-15 02:20:00,yara.brooks@demomail.test,,2025-06-11 19:57:00,N,Cardinal Ventures Ltd - Recruiting,,,Qualification,100672,,TAG-2482,100119,SKU-9324,103629,,,,Website,100145,Active,,,,,,,,100735,,,,100771,"16,920",,Yara Rossi,101224,100401,SKU-6615,100787,Renewal,,,,,100267,,,,,100298,,Active Customer,100730,,,,,100460,Back Office,100700,,100077,,104880
100439,Opportunity,105771,jordan.vance@examplecorp.test,Priya Silva,2023-08-27 08:03:00,priya.rossi@sampleco.test,Avery Sato,2024-05-12 16:23:00,drew.mensah@examplecorp.test,Skyler Nguyen,2022-11-02 20:50:00,aisha.garcia@examplecorp.test,,2025-05-13 05:39:00,N,Horizon Media LLC - Recruiting,,100439,Closed Won,100149,LOT-1924,LOT-2126,100669,LOT-6628,104783,,,,Inbound Call,100082,Inactive,,,,,,100599,,100325,,"366,588",,,"22,805",6146,Marco Garcia,,,,,Enterprise,,,,,100548,,100428,,,,,Active Customer,100389,,,,,,Managed Services,100055,,100286,,102591
100169,Opportunity,105774,taylor.sloan@examplecorp.test,Nina Calder,2025-10-30 06:57:00,skyler.garcia@demomail.test,Elena Garcia,2025-03-05 14:24:00,alex.whitfield@examplecorp.test,Fatima Reyes,2025-01-23 11:41:00,sofia.dorsey@acme-fake.test,,2025-02-21 21:31:00,N,Northwind Foods Co - Managed Services,,100420,Closed Won,100776,,REF-9726,100242,SKU-4008,104059,,,,Webinar,,Inactive,,,,,,100199,,,,"81,539",Standard,,,,Alex Ford,101235,100389,,,Renewal,,,,,100291,,100236,,,100233,,Active Customer,100021,,,,,100156,Payroll,100264,,100119,,102928
100339,Opportunity,105777,noah.brooks@examplecorp.test,Nina Mercer,2023-03-18 05:36:00,skyler.okafor@acme-fake.test,Fatima Blake,2025-03-07 02:43:00,noah.nguyen@sampleco.test,Reese Calder,2025-06-25 08:27:00,fatima.rossi@acme-fake.test,,2024-02-06 14:21:00,N,Granite Energy Ltd - Recruiting,,100790,Closed Won,100495,TAG-2233,SKU-5029,100016,SKU-2614,102171,,,,Partner,,Inactive,,,,,,100244,,100412,,"435,535",,100273,"33,144",2653,Rahul Kim,101524,100054,,100201,Standard,100551,,,,100787,,,,,100236,,Prospect,100704,,,,,100647,Payroll,100415,,100271,,102498
100339,Opportunity,105778,noah.patel@sampleco.test,Casey Larsson,2024-02-19 19:08:00,riley.dorsey@examplecorp.test,Noah Cohen,2023-11-22 09:47:00,taylor.garcia@sampleco.test,Jordan Blake,2023-10-26 01:05:00,elena.ivanov@examplecorp.test,,2024-01-30 12:20:00,N,Atlas Logistics LLC - Back Office,,100178,On Hold,100784,,SKU-2114,100211,LOT-9628,103740,,,,Webinar,100528,Active,,,,,,100532,,100667,,"18,492",,100528,"24,976",,Rahul Rossi,,100145,REF-5320,100244,Enterprise,100790,,,,100718,,,,,,,Prospect,100250,,,,,,Offshore Team,,,100601,,
100638,Opportunity,105781,elena.costa@acme-fake.test,Casey Kim,2024-02-19 16:17:00,skyler.sloan@sampleco.test,Sofia Blake,2024-04-18 10:24:00,riley.blake@examplecorp.test,Marco Nguyen,2024-08-22 14:20:00,drew.ashby@demomail.test,,2024-09-27 08:48:00,Y,Cardinal Energy - Consulting,,,Closed Won,100468,REF-2416,SKU-5313,100784,TAG-7601,104796,,,,Referral,100162,Inactive,,,,,,,,100016,,"276,857",Delta,,"6,771",2823,Elena Patel,101645,100640,LOT-2992,100040,New Logo,,,,,100651,,100077,,,,,Prospect,100295,,,,,,Recruiting,100137,,100330,,102746
100743,Opportunity,105782,casey.patel@acme-fake.test,Mei Rossi,2025-05-18 13:03:00,jamie.ashby@demomail.test,Reese Dorsey,2023-12-01 09:07:00,chen.haddad@examplecorp.test,Reese Rossi,2023-03-15 23:49:00,reese.rossi@acme-fake.test,,2024-02-19 16:18:00,N,Ironwood Foods - Payroll,,100303,Qualification,100412,LOT-7260,REF-8201,100288,TAG-6839,102541,,,,LinkedIn,,Active,,,,,,100382,,100328,,"45,162",,100242,"25,731",,Riley Reyes,,100756,,100246,Enterprise,,,,,100133,,,,,100762,,Active Customer,100478,,,,,,Recruiting,100414,,100569,,102187
100601,Opportunity,105784,emerson.mensah@demomail.test,Marco Whitfield,2022-11-26 12:34:00,taylor.nguyen@examplecorp.test,Riley Dorsey,2022-12-15 11:39:00,drew.haddad@demomail.test,Emerson Vance,2024-12-15 18:53:00,casey.calder@sampleco.test,,2024-09-12 11:27:00,Y,Atlas Manufacturing - Managed Services,,,Qualification,100204,,LOT-8927,100339,REF-1284,101956,,,,Partner,100055,Active,,,,,,100774,,100512,,"425,955",,100211,"17,614",,Arjun Silva,101565,,SKU-5356,100420,New Logo,,,,,100651,,100275,,,100217,,Active Customer,100522,,,,,100286,Managed Services,,,100168,,
100298,Opportunity,105787,quinn.mensah@sampleco.test,Mei Costa,2025-03-01 18:58:00,riley.silva@sampleco.test,Marco Whitfield,2023-11-12 02:22:00,fatima.ford@acme-fake.test,Taylor Mensah,2025-11-15 18:14:00,taylor.ford@acme-fake.test,,2022-10-23 02:02:00,Y,Harbor Dynamics Corp - Staff Augmentation,,100478,Closed Won,100242,,REF-6150,100717,TAG-2441,103146,,,,Event,,Inactive,,,,,,100362,,,,,Gamma,,"35,203",,Jordan Larsson,,100528,,,New Logo,,,,,100040,,,,,100468,,Active Customer,100191,,,,,,Recruiting,100601,,100330,,103573
100504,Opportunity,105789,jamie.mercer@demomail.test,Jordan Mensah,2025-04-28 18:33:00,nina.larsson@examplecorp.test,Rahul Kim,2023-04-21 14:31:00,marco.kim@sampleco.test,Jamie Ashby,2022-12-26 08:05:00,omar.rossi@demomail.test,,2023-12-07 18:28:00,Y,Pioneer Ventures Group - Managed Services,,100038,Qualification,100565,,SKU-5226,100570,SKU-5542,102032,,,,Partner,100751,Active,,,,,,,,100446,,"335,781",,,"38,838",453,Nina Ashby,101306,100761,,100273,New Logo,100286,,,,100023,,100332,,,100747,,Prospect,100100,,,,,100472,Payroll,,Delta,100023,,
100079,Opportunity,105791,morgan.mensah@sampleco.test,Quinn Mercer,2023-03-10 10:19:00,diego.kim@examplecorp.test,Quinn Brooks,2024-01-09 15:24:00,rowan.whitfield@examplecorp.test,Quinn Ivanov,2023-05-22 16:09:00,rowan.ford@acme-fake.test,,2024-02-14 01:57:00,Y,Copper Energy Corp - Offshore Team,,100568,Negotiation,100365,REF-5349,REF-8562,100157,SKU-8637,104351,,,,Partner,100683,Active,,,,,,,,100415,,"449,542",,100415,,,Taylor Rossi,101366,,,100540,Renewal,,,,,100481,,100696,,,100548,,Prospect,100023,,,,,,Staff Augmentation,,,100495,,102436
100627,Opportunity,105793,arjun.reyes@demomail.test,Liam Cohen,2026-01-20 23:11:00,arjun.blake@demomail.test,Aisha Nguyen,2026-01-06 14:41:00,elena.sato@demomail.test,Elena Mensah,2026-04-13 15:16:00,alex.cohen@demomail.test,,2023-03-06 14:12:00,Y,Evergreen Partners Ltd - Staff Augmentation,,100350,Closed Lost,100503,,REF-7782,100458,TAG-7141,104690,,,,Webinar,,Inactive,,,,,,,,100740,,"344,311",,100352,,,Priya Okafor,100951,100165,,100529,New Logo,100194,,,,100616,,,,,,,Prospect,100383,,,,,100710,Recruiting,100348,,100436,,104637
100232,Opportunity,105794,chen.garcia@sampleco.test,Liam Sato,2025-01-16 10:57:00,rahul.ivanov@examplecorp.test,Yara Nguyen,2024-01-03 21:32:00,taylor.kim@demomail.test,Fatima Whitfield,2024-06-20 00:03:00,casey.patel@examplecorp.test,,2025-12-20 01:40:00,Y,Northwind Financial Inc - Offshore Team,,100365,Closed Won,100119,,TAG-5140,100156,REF-1781,104703,,,,Referral,100665,Inactive,,,,,,100401,,100161,,"245,175",Delta,100365,,7998,Sofia Haddad,101140,100733,TAG-8072,100396,New Logo,100168,,,,100224,,100507,Alpha,,,,Active Customer,100494,,,,,100704,Consulting,,,100651,,104573
100339,Opportunity,105795,jordan.haddad@demomail.test,Elena Whitfield,2025-10-20 08:23:00,mei.calder@demomail.test,Mei Reyes,2022-11-08 16:24:00,elena.larsson@demomail.test,Yara Mercer,2024-10-28 11:10:00,skyler.garcia@acme-fake.test,,2024-09-13 14:55:00,Y,Redwood Energy Ltd - Consulting,,100185,Discovery,100775,,REF-8960,100460,SKU-4234,103655,,,,Website,100786,Active,,,,,,,,100208,,,,,"26,703",,Chen Garcia,,,,100182,Standard,100139,,,,100400,,,,,100565,,Prospect,100735,,,,,100112,Consulting,100699,,100106,,102443
100147,Opportunity,105797,jamie.ivanov@acme-fake.test,Drew Whitfield,2024-08-31 07:29:00,jordan.ashby@acme-fake.test,Taylor Larsson,2023-01-01 03:18:00,nina.dorsey@examplecorp.test,Morgan Mensah,2022-10-01 17:07:00,taylor.vance@examplecorp.test,,2024-02-03 15:04:00,Y,Cobalt Robotics Co - Offshore Team,,100570,Closed Won,100421,REF-7222,SKU-9183,100106,TAG-9002,102680,,,,Inbound Call,,Inactive,,,,,,100691,,100050,,"328,281",Beta,100281,"11,471",,Omar Costa,100988,100362,,,SMB,,,,,100067,,100055,,,,,Active Customer,100009,,,,,100199,Consulting,100672,,100624,,103697
100640,Opportunity,105799,quinn.reyes@demomail.test,Rowan Ford,2026-06-04 14:19:00,yara.nguyen@sampleco.test,Yara Nguyen,2025-03-28 21:47:00,aisha.dorsey@demomail.test,Rahul Silva,2026-02-12 23:43:00,casey.nguyen@demomail.test,,2025-08-21 04:33:00,Y,Copper Financial Group - Consulting,,100661,Closed Won,100730,TAG-2219,REF-3426,100319,REF-3663,104340,,,,Cold Outreach,100493,Inactive,,,,,,100392,,100003,,"429,584",,,"19,910",9947,Rowan Ivanov,101552,,REF-4037,,SMB,100229,,,,100683,,,,,,,Active Customer,100421,,,,,,Consulting,100724,,100727,,
100481,Opportunity,105800,reese.mercer@sampleco.test,Jordan Rossi,2026-05-18 02:56:00,yara.patel@demomail.test,Noah Ashby,2025-10-24 11:49:00,elena.brooks@acme-fake.test,Jordan Larsson,2024-05-22 01:21:00,noah.silva@sampleco.test,,2023-01-20 22:19:00,N,Lakeside Energy LLC - Recruiting,,100606,Discovery,100385,,LOT-5735,100750,LOT-4335,,,,,Inbound Call,,Active,,,,,,100699,,100205,,,Alpha,,"5,996",,Chen Kim,101368,,REF-7780,100528,New Logo,100493,,,,100678,,100305,,,100339,,Prospect,100519,,,,,,Managed Services,100519,,100260,,
100616,Opportunity,105803,mei.patel@acme-fake.test,Casey Okafor,2025-05-31 05:02:00,aisha.larsson@examplecorp.test,Noah Brooks,2024-07-11 21:53:00,marco.brooks@examplecorp.test,Alex Costa,2024-04-26 03:43:00,morgan.kim@examplecorp.test,,2026-07-15 05:30:00,Y,Cobalt Industries - Offshore Team,,100005,Closed Won,100330,,LOT-6936,100350,TAG-9937,104302,,,,Webinar,100694,Inactive,,,,,,,,100252,,"395,412",,100352,"29,678",,Emerson Mensah,,100348,LOT-5505,100340,Standard,100047,,,,100253,,100542,,,100062,,Active Customer,100691,,,,,,Recruiting,100717,,100790,,102985
100699,Opportunity,105806,mei.larsson@acme-fake.test,Alex Sloan,2024-05-21 18:42:00,avery.kim@sampleco.test,Mei Okafor,2023-04-13 22:49:00,alex.dorsey@acme-fake.test,Elena Ford,2026-02-02 03:02:00,morgan.costa@sampleco.test,,2025-12-22 22:28:00,Y,Ironwood Holdings Co - Recruiting,,,On Hold,100350,,LOT-7361,100077,LOT-2390,103214,,,,Inbound Call,,Active,,,,,,,,100211,,"72,374",Other,,"10,768",,Arjun Mercer,101364,100357,SKU-5715,100519,Standard,,,,,100250,,,Other,,,,Prospect,100647,,,,,100551,Offshore Team,100496,,100300,,102315
100420,Opportunity,105808,jamie.haddad@acme-fake.test,Taylor Haddad,2023-06-09 13:53:00,emerson.dorsey@examplecorp.test,Omar Kim,2023-06-13 08:11:00,marco.cohen@acme-fake.test,Jamie Costa,2024-02-25 05:09:00,priya.nguyen@examplecorp.test,,2024-01-04 14:26:00,Y,Copper Labs Co - Recruiting,,,Closed Won,100404,REF-1838,SKU-6229,100558,REF-7628,104484,,,,Referral,,Inactive,,,,,,,,100094,,"39,986",,100219,"19,304",,Rahul Costa,,,,100257,Standard,100436,,,,100771,,,,,100768,,Prospect,100142,,,,,,Recruiting,100263,,100382,,102298
100109,Opportunity,105811,omar.brooks@sampleco.test,Yara Sloan,2025-04-11 22:48:00,marco.ivanov@demomail.test,Priya Nguyen,2024-12-16 08:33:00,elena.rossi@acme-fake.test,Jordan Cohen,2025-05-04 18:01:00,diego.kim@sampleco.test,,2022-12-06 07:36:00,N,Vertex Ventures Inc - Managed Services,,100257,Closed Lost,100031,LOT-5751,SKU-5659,100149,LOT-2657,103865,,,,Referral,,Inactive,,,,,,100664,,,,,,,,,Yara Whitfield,101541,100174,LOT-9086,100278,Enterprise,,,,,100375,,,,,,,Active Customer,100446,,,,,100314,Back Office,100507,,100332,,103308
100410,Opportunity,105812,chen.vance@sampleco.test,Liam Mensah,2024-08-22 14:33:00,chen.ashby@acme-fake.test,Marco Brooks,2022-11-03 03:19:00,emerson.silva@sampleco.test,Morgan Blake,2026-07-16 16:04:00,priya.mensah@sampleco.test,,2024-09-06 01:27:00,N,Evergreen Labs - Consulting,,,Qualification,100130,REF-1184,LOT-4195,100629,LOT-9003,101892,,,,Event,,Active,,,,,,100710,,,,,,,"39,361",,Drew Ivanov,100909,,SKU-4646,100582,Enterprise,,,,,100421,,100495,Delta,,100123,,Active Customer,100554,,,,,100033,Staff Augmentation,,,100311,,
100420,Opportunity,105813,emerson.blake@acme-fake.test,Omar Haddad,2025-08-29 15:58:00,liam.garcia@demomail.test,Casey Mensah,2025-07-18 01:42:00,quinn.nguyen@sampleco.test,Reese Mensah,2025-10-15 07:44:00,taylor.rossi@demomail.test,,2025-11-30 03:25:00,N,Blue Ridge Robotics Corp - Offshore Team,,,On Hold,100028,,TAG-7231,100295,SKU-2355,104560,,,,LinkedIn,,Active,,,,,,100595,,100068,,"139,059",,,"20,579",1498,Fatima Reyes,100800,,,,New Logo,100469,,,,100043,,100638,,,,,Prospect,100643,,,,,,Back Office,100599,,100689,,102135
100741,Opportunity,105815,jordan.kim@sampleco.test,Rowan Cohen,2025-02-24 16:11:00,marco.ford@acme-fake.test,Skyler Mercer,2025-11-27 14:57:00,yara.vance@acme-fake.test,Aisha Ashby,2023-05-13 21:48:00,chen.nguyen@sampleco.test,Priya Ford,2023-12-24 07:41:00,Y,Vertex Media LLP - Payroll,,100476,Dead,100031,,SKU-1582,100622,TAG-4445,104359,,,,LinkedIn,100469,Inactive,,,,,,,,100574,,,Other,100155,"39,036",,Jordan Sato,101751,100542,,100335,Renewal,100643,,,,100357,,100548,,,,,Prospect,100054,,,,,100169,Back Office,100058,,100403,,101977
100525,Opportunity,105817,casey.okafor@demomail.test,Chen Ford,2026-07-31 00:06:00,casey.nguyen@acme-fake.test,Liam Cohen,2024-08-04 23:30:00,aisha.nguyen@examplecorp.test,Avery Kim,2024-09-17 07:06:00,noah.cohen@demomail.test,,2023-09-17 07:22:00,N,Lakeside Ventures Corp - Back Office,,100311,On Hold,100745,,REF-8556,100559,SKU-2234,102639,,,,Referral,100680,Active,,,,,,,,,,"209,888",,100307,,,Arjun Mensah,,,,100414,SMB,100730,,,,100743,,,Standard,,100145,,Active Customer,100680,,,,,,Payroll,,,100429,,103557
100142,Opportunity,105820,alex.okafor@acme-fake.test,Priya Okafor,2024-07-09 23:24:00,rahul.whitfield@examplecorp.test,Casey Nguyen,2025-08-13 19:07:00,liam.cohen@demomail.test,Drew Vance,2026-04-07 11:54:00,alex.mensah@acme-fake.test,,2026-01-29 11:49:00,N,Falcon Dynamics LLC - Staff Augmentation,,,Qualification,100211,TAG-7573,TAG-9689,100007,LOT-9202,101956,,,,LinkedIn,100745,Active,,,,,,100378,,,,"272,269",,100672,"39,465",,Noah Calder,100920,100133,SKU-9852,100473,Standard,,,,,100043,,100079,,,,,Prospect,100445,,,,,,Back Office,,,100200,,
100096,Opportunity,105823,avery.mensah@acme-fake.test,Rahul Garcia,2023-04-24 13:49:00,nina.ford@acme-fake.test,Arjun Reyes,2023-04-07 16:24:00,emerson.mensah@examplecorp.test,Drew Nguyen,2025-06-20 12:56:00,taylor.garcia@examplecorp.test,,2023-11-23 11:43:00,Y,Pioneer Dynamics Group - Consulting,,,Discovery,100307,REF-3462,SKU-6290,100538,SKU-5880,104272,,,,LinkedIn,100220,Active,,,,,,,,100529,,"164,317",Other,100296,"27,656",,Jordan Ivanov,,,TAG-1105,100061,Enterprise,100745,,,,100371,,,,,,,Prospect,100185,,,,,100587,Payroll,,,100758,,103310
100050,Opportunity,105824,sofia.garcia@demomail.test,Mei Dorsey,2023-09-11 18:07:00,diego.haddad@examplecorp.test,Mei Patel,2025-02-03 21:39:00,taylor.okafor@sampleco.test,Sofia Brooks,2025-08-01 21:59:00,mei.calder@examplecorp.test,,2025-11-23 19:50:00,N,Redwood Systems Co - Recruiting,,100378,Discovery,100298,TAG-2878,REF-9237,100191,SKU-1701,103682,,,,Cold Outreach,100242,Active,,,,,,,,,,"220,549",,,"36,061",,Arjun Haddad,101688,100029,,100188,Renewal,100169,,,,100656,,100648,,,100700,,Prospect,100199,,,,,100021,Back Office,100656,,100246,,104057
100079,Opportunity,105826,chen.silva@sampleco.test,Arjun Ivanov,2024-04-28 05:12:00,rahul.haddad@demomail.test,Arjun Haddad,2025-12-27 05:25:00,yara.brooks@sampleco.test,Nina Silva,2023-11-16 23:16:00,liam.calder@acme-fake.test,,2026-03-07 15:00:00,Y,Lakeside Textiles Co - Managed Services,,100613,Qualification,100359,,SKU-1637,100739,SKU-3539,104647,,,,Cold Outreach,,Active,,,,,,100448,,100365,,"407,538",Alpha,,"16,081",,Omar Ivanov,101487,,REF-1920,100654,Standard,100418,,,,100369,,100635,,,100790,,Active Customer,100383,,,,,100165,Managed Services,100645,,100003,,102627
100593,Opportunity,105828,yara.patel@sampleco.test,Arjun Reyes,2023-01-13 08:10:00,jordan.sloan@sampleco.test,Rahul Blake,2025-10-20 09:21:00,mei.larsson@acme-fake.test,Priya Dorsey,2023-02-03 21:39:00,riley.vance@acme-fake.test,,2023-09-20 04:26:00,Y,Vertex Retail Ltd - Offshore Team,,100645,Discovery,100389,,LOT-3183,100432,LOT-7771,102878,,,,Partner,100552,Active,,,,,,,,100303,,"490,850",Other,100168,"1,160",,Omar Nguyen,101666,100375,SKU-6912,100765,SMB,,,,,100554,,100098,,,,,Active Customer,100366,,,,,100233,Offshore Team,100436,,100053,,
100055,Opportunity,105830,elena.haddad@acme-fake.test,Diego Costa,2023-11-13 08:32:00,chen.vance@examplecorp.test,Nina Dorsey,2024-11-20 17:21:00,riley.rossi@acme-fake.test,Emerson Blake,2025-09-28 01:31:00,jamie.sloan@examplecorp.test,,2025-05-22 00:48:00,Y,Everest Ventures - Managed Services,,,On Hold,100188,,LOT-7843,100458,REF-2513,104383,,,,Referral,100647,Active,,,,,,100043,,,,"205,475",,,"31,115",2346,Noah Nguyen,101643,,LOT-1796,100647,Enterprise,100619,,,,100585,,100264,,,,,Prospect,100648,,,,,100352,Consulting,100672,,100593,,
100638,Opportunity,105831,priya.sato@examplecorp.test,Jordan Haddad,2022-12-25 16:37:00,noah.haddad@demomail.test,Rowan Mercer,2022-10-24 08:43:00,quinn.mensah@demomail.test,Omar Vance,2022-11-26 06:32:00,marco.calder@demomail.test,,2023-08-22 15:53:00,N,Meridian Group LLC - Recruiting,,,Dead,100415,,LOT-6894,100061,SKU-5617,104840,,,,Website,,Inactive,,,,,,100606,,,,,,100507,,2963,Elena Blake,101439,,SKU-5239,100473,Enterprise,100339,,,,100665,,100385,Standard,,100382,,Prospect,100156,,,,,,Back Office,,,100648,,104819
100278,Opportunity,105833,arjun.blake@demomail.test,Sofia Ashby,2024-05-03 14:36:00,aisha.reyes@sampleco.test,Fatima Sato,2023-12-16 06:31:00,diego.calder@examplecorp.test,Riley Silva,2025-02-23 15:40:00,morgan.haddad@examplecorp.test,,2024-04-01 12:00:00,N,Cobalt Solutions Ltd - Payroll,,100396,Closed Won,100554,,REF-1105,100638,TAG-4732,102401,,,,Webinar,100040,Inactive,,,,,,,,100315,,,,100205,"16,841",4770,Sofia Brooks,,,LOT-7624,100210,Enterprise,,,,,100545,,100224,,,100221,,Active Customer,100582,,,,,,Payroll,,,100226,,102881
100448,Opportunity,105834,jamie.rossi@demomail.test,Fatima Mercer,2023-12-18 21:13:00,casey.nguyen@demomail.test,Alex Okafor,2023-07-20 21:57:00,sofia.ivanov@acme-fake.test,Diego Dorsey,2023-08-07 02:12:00,avery.reyes@sampleco.test,,2026-07-01 14:24:00,Y,Silverline Retail Inc - Offshore Team,,100117,Qualification,100115,TAG-5474,TAG-2090,100717,LOT-9572,104779,,,,LinkedIn,,Active,,,,,,100174,,,,"163,796",Delta,100281,893,1881,Reese Silva,,100782,,100785,Standard,100019,,,,100053,,100157,,,,,Active Customer,100686,,,,,100538,Back Office,100123,,100244,,103348
100372,Opportunity,105836,noah.ashby@sampleco.test,Noah Reyes,2026-07-15 20:43:00,omar.costa@demomail.test,Fatima Mensah,2025-11-24 18:40:00,emerson.blake@sampleco.test,Drew Nguyen,2024-06-14 02:47:00,arjun.patel@examplecorp.test,Riley Costa,2025-06-13 12:49:00,Y,Redwood Holdings Corp - Consulting,,,Proposal Sent,100031,,REF-9032,100606,REF-3588,102759,,,,Webinar,100412,Active,,,,,,100250,,,,,,100660,"19,812",5622,Riley Haddad,101699,100362,SKU-6795,100689,Renewal,100147,,,,100191,,100771,Gamma,,100357,,Active Customer,100286,,,,,100380,Staff Augmentation,,,100710,,104186
100299,Opportunity,105837,chen.reyes@acme-fake.test,Drew Cohen,2025-05-14 12:28:00,jordan.blake@sampleco.test,Aisha Larsson,2025-04-04 01:19:00,elena.mercer@demomail.test,Quinn Reyes,2023-02-02 19:12:00,sofia.costa@demomail.test,,2023-01-16 21:18:00,N,Beacon Systems - Consulting,,,Qualification,100221,,SKU-9476,100050,LOT-4705,103422,,,,Event,,Active,,,,,,100340,,,,,Other,,"32,951",,Chen Vance,101152,,REF-6130,100194,Standard,,,,,100661,,100221,,,,,Prospect,100380,,,,,100498,Payroll,,,100246,,
100396,Opportunity,105839,omar.blake@examplecorp.test,Chen Garcia,2025-06-02 12:14:00,omar.ashby@demomail.test,Morgan Haddad,2024-05-03 20:25:00,mei.dorsey@sampleco.test,Priya Ford,2025-04-17 12:54:00,marco.cohen@examplecorp.test,,2025-09-23 23:24:00,Y,Northwind Manufacturing Corp - Consulting,,,Qualification,100579,,TAG-7325,100540,LOT-3893,104372,,,,Event,100585,Active,,,,,,100475,,100606,,,,,"11,705",4607,Jordan Haddad,100802,,,,New Logo,100134,,,,100740,,,,,100435,,Prospect,100156,,,,,100756,Payroll,,,100790,,103403
100231,Opportunity,105840,taylor.brooks@demomail.test,Omar Mensah,2025-08-27 06:38:00,chen.garcia@sampleco.test,Reese Costa,2024-09-07 13:46:00,diego.vance@acme-fake.test,Taylor Kim,2022-12-16 07:17:00,rowan.sloan@acme-fake.test,,2023-02-24 18:09:00,N,Cobalt Energy Co - Payroll,,100599,Closed Won,100109,LOT-6822,TAG-9354,100627,LOT-8768,102307,,,,Inbound Call,100449,Inactive,,,,,,100026,,100068,,"455,563",,100683,,,Skyler Okafor,101545,100775,REF-9770,,New Logo,100558,,,,100514,,100732,,,,,Active Customer,100471,,,,,,Back Office,,,100357,,
100369,Opportunity,105841,rahul.costa@demomail.test,Rahul Calder,2024-12-15 09:42:00,avery.vance@sampleco.test,Avery Larsson,2026-06-18 01:31:00,quinn.vance@sampleco.test,Emerson Garcia,2023-01-30 02:04:00,arjun.mercer@examplecorp.test,,2024-09-28 11:21:00,Y,Redwood Capital Ltd - Back Office,,100003,Discovery,100465,SKU-4788,SKU-1982,100205,TAG-7798,103949,,,,Event,100156,Active,,,,,,100042,,100435,,"215,448",,100561,"25,967",2712,Fatima Patel,,,,,Renewal,,,,,100398,,100383,Standard,,100652,,Active Customer,100053,,,,,,Back Office,100519,,100325,,104582
100790,Opportunity,105844,taylor.vance@demomail.test,Liam Rossi,2024-10-02 17:33:00,avery.whitfield@acme-fake.test,Elena Silva,2025-01-18 08:18:00,rowan.dorsey@demomail.test,Alex Dorsey,2023-07-22 17:54:00,taylor.ashby@acme-fake.test,,2024-09-15 20:07:00,Y,Summit Analytics LLC - Back Office,,,Closed Won,100555,,LOT-7426,100128,REF-4281,102357,,,,Webinar,100680,Inactive,,,,,,,,100047,,,Beta,100570,,2376,Chen Larsson,101530,,SKU-6858,,Renewal,,,,,100418,,,,,100119,,Prospect,100453,,,,,100369,Payroll,100785,,100622,,104651
100019,Opportunity,105846,aisha.larsson@acme-fake.test,Alex Calder,2025-05-04 06:12:00,omar.vance@examplecorp.test,Alex Brooks,2023-12-30 17:10:00,diego.whitfield@acme-fake.test,Reese Ford,2023-02-26 08:59:00,liam.larsson@acme-fake.test,,2023-09-16 04:42:00,N,Evergreen Robotics Corp - Recruiting,,100109,On Hold,100317,,SKU-3108,100418,LOT-6888,102406,,,,Partner,100182,Active,,,,,,100724,,100061,,"465,451",,100550,"36,973",,Fatima Ashby,101452,,SKU-7194,,New Logo,,,,,100717,,100446,Other,,100593,,Active Customer,100732,,,,,100606,Payroll,100220,,100112,,103430
100478,Opportunity,105847,sofia.sloan@demomail.test,Riley Mensah,2025-11-04 03:37:00,nina.blake@examplecorp.test,Emerson Mercer,2023-10-07 23:44:00,skyler.nguyen@examplecorp.test,Liam Blake,2025-09-09 04:32:00,yara.kim@acme-fake.test,,2026-02-27 21:11:00,N,Silverline Robotics LLP - Managed Services,,,Closed Won,100478,,REF-4729,100656,REF-7372,103317,,,,Event,100503,Inactive,,,,,,,,100420,,"92,628",,100012,"7,481",,Priya Ford,101379,100016,,100332,SMB,100652,,,,100401,,,,,,,Prospect,100055,,,,,,Recruiting,,,100386,,104432
100214,Opportunity,105848,liam.sloan@examplecorp.test,Aisha Vance,2023-04-26 00:31:00,elena.okafor@sampleco.test,Elena Vance,2026-01-24 01:05:00,taylor.patel@acme-fake.test,Riley Ashby,2024-01-20 02:08:00,nina.garcia@examplecorp.test,Rahul Mercer,2023-01-18 12:25:00,Y,Delta Networks Co - Managed Services,,100271,Discovery,100680,LOT-6975,REF-3774,100232,REF-4352,103082,,,,LinkedIn,,Active,,,,,,100350,,100473,,"219,048",Alpha,,"34,310",,Alex Dorsey,,100291,TAG-6792,,New Logo,,,,,100514,,100468,,,100375,,Prospect,100385,,,,,100504,Back Office,,,100130,,103527
100244,Opportunity,105849,avery.patel@sampleco.test,Quinn Silva,2023-11-22 03:05:00,jordan.calder@demomail.test,Avery Mensah,2025-03-29 08:38:00,skyler.costa@sampleco.test,Arjun Sato,2024-06-26 20:51:00,marco.dorsey@demomail.test,,2026-04-14 04:03:00,N,Redwood Group Corp - Offshore Team,,100278,Discovery,100284,LOT-9995,LOT-6831,100073,SKU-7362,103288,,,,Partner,100570,Active,,,,,,,,100400,,"390,732",Alpha,,"38,423",,Marco Haddad,,,LOT-1059,,Renewal,100286,,,,100632,,,,,100079,,Active Customer,100750,,,,,100650,Staff Augmentation,,,100542,,
100145,Opportunity,105850,arjun.garcia@demomail.test,Fatima Haddad,2023-05-01 19:02:00,riley.dorsey@demomail.test,Reese Silva,2022-10-19 14:56:00,taylor.patel@examplecorp.test,Elena Costa,2024-08-27 13:09:00,priya.mensah@examplecorp.test,,2024-11-27 21:35:00,Y,Cardinal Systems LLC - Offshore Team,,100457,Proposal Sent,100512,,SKU-4884,100648,REF-3475,102939,,,,Website,100732,Active,,,,,,,,100215,,,,100669,"13,192",5729,Skyler Dorsey,101386,,REF-9041,100656,New Logo,100106,,,,100357,,,Gamma,,100273,,Active Customer,100498,,,,,100229,Offshore Team,,,100068,,104245
100205,Opportunity,105851,alex.reyes@acme-fake.test,Nina Ashby,2024-09-08 21:26:00,rowan.ashby@demomail.test,Jamie Vance,2022-11-26 23:52:00,reese.costa@examplecorp.test,Jamie Reyes,2024-06-21 20:36:00,mei.dorsey@demomail.test,,2022-10-02 13:40:00,N,Cobalt Logistics LLC - Consulting,,100555,Dead,100645,,LOT-9128,100574,TAG-5447,102431,,,,Cold Outreach,,Inactive,,,,,,,,100528,,"247,614",Standard,,"6,975",,Riley Ashby,,100086,,100203,Standard,100147,,,,100232,,100106,,,,,Active Customer,100047,,,,,100467,Staff Augmentation,100678,,100009,,103440
100529,Opportunity,105853,alex.sloan@demomail.test,Quinn Kim,2022-12-26 15:13:00,riley.larsson@demomail.test,Morgan Nguyen,2024-10-19 20:10:00,omar.haddad@demomail.test,Chen Calder,2024-12-24 17:34:00,marco.cohen@demomail.test,,2025-12-25 21:58:00,N,Granite Logistics LLC - Staff Augmentation,,100156,Qualification,100314,SKU-2474,LOT-6737,100587,LOT-8873,102127,,,,Partner,100787,Active,,,,,,100292,,100457,,,,100647,"25,075",3304,Emerson Mensah,,100201,REF-9219,100490,Standard,,,,,100311,,100352,,,100231,,Prospect,100555,,,,,,Consulting,,,100410,,103182
100737,Opportunity,105855,rowan.dorsey@demomail.test,Morgan Kim,2023-03-02 16:49:00,sofia.cohen@demomail.test,Diego Cohen,2025-02-21 04:22:00,jordan.sloan@acme-fake.test,Emerson Ford,2025-03-02 19:03:00,sofia.calder@demomail.test,,2024-05-30 05:55:00,N,Redwood Dynamics Corp - Consulting,,100194,Closed Won,100315,,REF-7725,100256,REF-7722,104845,,,,Inbound Call,,Inactive,,,,,,100726,,100558,,,Other,,"17,603",,Fatima Sato,100967,100229,,100439,Renewal,,,,,100595,,100100,,,,,Prospect,100404,,,,,100616,Managed Services,100315,,100389,,
100774,Opportunity,105856,jamie.cohen@demomail.test,Taylor Ford,2026-05-28 10:51:00,riley.reyes@acme-fake.test,Casey Costa,2025-11-15 10:11:00,nina.ford@acme-fake.test,Jordan Sloan,2025-10-21 23:22:00,elena.garcia@sampleco.test,,2024-08-13 08:36:00,Y,Blue Ridge Manufacturing Ltd - Consulting,,,Discovery,100538,,LOT-3321,100303,LOT-5299,,,,,Website,,Active,,,,,,100382,,100079,,,,100054,"16,820",,Nina Ashby,,100461,LOT-4672,100460,Standard,100579,,,,100031,,100554,Other,,100193,,Active Customer,100494,,,,,100073,Managed Services,100785,,100512,,
100579,Opportunity,105859,jamie.whitfield@sampleco.test,Casey Mercer,2025-03-29 04:50:00,taylor.brooks@acme-fake.test,Casey Brooks,2025-06-05 15:20:00,avery.haddad@examplecorp.test,Drew Whitfield,2025-03-11 15:06:00,priya.blake@acme-fake.test,,2025-03-11 08:24:00,Y,Cobalt Solutions LLP - Back Office,,100217,Qualification,100498,,LOT-9325,100309,SKU-1154,104296,,,,Webinar,100449,Active,,,,,,,,100193,,"342,107",Delta,100325,,7149,Priya Reyes,100970,,,100435,Enterprise,,,,,100448,,100420,,,100288,,Prospect,100007,,,,,,Staff Augmentation,100550,,100145,,
100658,Opportunity,105862,priya.reyes@sampleco.test,Casey Calder,2024-04-08 08:41:00,emerson.mercer@acme-fake.test,Casey Nguyen,2023-07-02 04:51:00,chen.blake@acme-fake.test,Skyler Brooks,2024-02-22 17:12:00,reese.whitfield@examplecorp.test,,2025-03-12 07:00:00,N,Redwood Robotics Co - Managed Services,,100031,Discovery,100569,,SKU-3585,100332,TAG-1912,103904,,,,Event,,Active,,,,,,100771,,100753,,"243,570",,100545,,,Chen Ford,,,TAG-8163,100028,Enterprise,100366,,,,100599,,100569,Beta,,,,Prospect,100065,,,,,100053,Offshore Team,,,100438,,104840
100065,Opportunity,105863,nina.cohen@demomail.test,Elena Ivanov,2023-03-01 18:52:00,diego.okafor@demomail.test,Avery Blake,2026-05-18 11:50:00,rowan.calder@demomail.test,Liam Brooks,2023-02-21 11:03:00,sofia.patel@sampleco.test,,2025-01-20 10:45:00,N,Summit Partners LLP - Offshore Team,,100418,Proposal Sent,100415,,TAG-1602,100291,,104094,,,,Partner,100073,Active,,,,,,100478,,100475,,,Alpha,,"10,378",7210,Noah Reyes,101121,100686,,,SMB,,,,,100616,,,,,,,Prospect,100089,,,,,,Payroll,100142,,100435,,
100467,Opportunity,105866,taylor.whitfield@demomail.test,Noah Mercer,2026-03-05 17:07:00,aisha.brooks@acme-fake.test,Priya Haddad,2026-06-22 13:31:00,elena.ashby@sampleco.test,Emerson Sloan,2026-01-16 07:05:00,emerson.dorsey@demomail.test,,2023-09-03 13:43:00,Y,Brightpath Labs Corp - Recruiting,,,Proposal Sent,100509,TAG-7690,SKU-2956,100053,REF-1452,102555,,,,Partner,,Active,,,,,,100210,,100103,,"166,604",Alpha,100253,"2,724",5684,Mei Cohen,101149,100593,,100659,SMB,,,,,100208,,,Standard,,100355,,Active Customer,100519,,,,,100208,Offshore Team,100007,,100579,,103288
100494,Opportunity,105869,riley.blake@acme-fake.test,Rahul Ashby,2023-10-01 11:44:00,fatima.vance@demomail.test,Morgan Sato,2022-10-26 13:28:00,quinn.rossi@acme-fake.test,Reese Costa,2025-03-21 14:44:00,riley.okafor@acme-fake.test,Jordan Mercer,2026-07-21 20:30:00,Y,Atlas Retail Group - Offshore Team,,,Closed Lost,100369,,SKU-5314,100320,TAG-2268,103437,,,,LinkedIn,100375,Inactive,,,,,,100590,,,,"421,722",,100349,"36,797",3260,Yara Blake,101766,,,,SMB,,,,,100658,,100522,,,100660,,Active Customer,100590,,,,,100273,Recruiting,100053,,100257,,104457
100522,Opportunity,105871,jamie.reyes@acme-fake.test,Taylor Nguyen,2024-01-17 13:04:00,priya.ford@acme-fake.test,Aisha Sato,2025-02-18 05:11:00,alex.sato@sampleco.test,Omar Sato,2026-05-19 05:57:00,nina.costa@sampleco.test,,2024-10-19 11:14:00,N,Atlas Solutions Inc - Recruiting,,,Closed Lost,100352,,TAG-4607,100068,REF-5451,104174,,,,Referral,,Inactive,,,,,,100250,,100432,,"394,193",,,"4,472",8929,Jamie Sloan,101177,100295,,100770,Enterprise,,,,,100158,,,,,100565,,Prospect,100629,,,,,,Recruiting,100414,,100658,,
100142,Opportunity,105874,emerson.calder@examplecorp.test,Jordan Nguyen,2025-07-22 21:08:00,arjun.mensah@sampleco.test,Diego Cohen,2023-11-08 00:02:00,avery.ivanov@acme-fake.test,Yara Mensah,2022-11-19 01:06:00,rowan.ivanov@sampleco.test,,2025-12-05 11:53:00,N,Delta Analytics LLP - Consulting,,100423,Qualification,100758,SKU-8441,TAG-9034,100516,REF-4395,103842,,,,Webinar,,Active,,,,,,,,,,"40,367",Beta,,"4,376",,Arjun Ashby,101177,,,100671,Renewal,100199,,,,100741,,100182,Standard,,100525,,Active Customer,100599,,,,,100398,Recruiting,100599,,100551,Gamma,
100267,Opportunity,105876,drew.mensah@sampleco.test,Noah Sloan,2025-03-17 15:51:00,elena.sloan@sampleco.test,Riley Ivanov,2024-09-17 13:03:00,reese.kim@acme-fake.test,Morgan Ashby,2024-05-02 00:00:00,quinn.ford@acme-fake.test,,2023-08-20 19:27:00,N,Atlas Media Ltd - Back Office,,,Closed Lost,100357,,LOT-6784,100029,REF-7924,103982,,,,LinkedIn,100460,Inactive,,,,,,100200,,,,"427,025",Beta,100145,,,Alex Dorsey,101673,,,100704,SMB,100065,,,,100576,,,,,,,Active Customer,100634,,,,,,Offshore Team,100779,,100572,,103551
100579,Opportunity,105879,morgan.patel@demomail.test,Reese Mercer,2026-04-22 18:49:00,noah.reyes@acme-fake.test,Noah Ashby,2024-05-03 20:57:00,liam.larsson@examplecorp.test,Emerson Whitfield,2022-12-23 22:41:00,sofia.sloan@sampleco.test,,2026-04-19 21:31:00,Y,Keystone Foods Group - Back Office,,,Negotiation,100458,REF-7733,REF-5286,100535,TAG-4728,104245,,,,Webinar,100587,Active,,,,,,,,100291,,,Gamma,100371,"35,900",,Yara Mercer,,100366,,100476,New Logo,,,,,100336,,100120,Standard,,100627,,Prospect,100328,,,,,,Offshore Team,100768,,100246,,103449
100771,Opportunity,105880,omar.costa@examplecorp.test,Liam Garcia,2024-03-19 16:36:00,casey.blake@demomail.test,Quinn Kim,2022-10-22 12:46:00,mei.okafor@examplecorp.test,Avery Dorsey,2023-02-23 20:57:00,reese.whitfield@sampleco.test,,2024-07-25 17:25:00,N,Harbor Systems LLP - Offshore Team,,,Qualification,100713,,REF-1125,100579,TAG-6284,102787,,,,Inbound Call,100219,Active,,,,,,100031,,100507,,,Other,100005,"32,273",7792,Avery Mensah,,,,100665,Renewal,100651,,,,100566,,100399,,,,,Prospect,100031,,,,,,Managed Services,,,100348,,104481
100652,Opportunity,105883,skyler.sloan@examplecorp.test,Riley Garcia,2024-02-10 02:23:00,arjun.kim@demomail.test,Omar Brooks,2023-10-27 22:31:00,morgan.haddad@acme-fake.test,Rowan Dorsey,2023-01-22 23:01:00,jordan.okafor@demomail.test,,2023-12-11 05:51:00,Y,Meridian Foods Inc - Offshore Team,,,Closed Won,100735,,LOT-4019,100103,SKU-7705,104214,,,,Inbound Call,100174,Inactive,,,,,,,,100516,,"163,555",Alpha,,,4573,Avery Brooks,101046,100737,,100267,Renewal,100260,,,,100514,,100415,,,,,Prospect,100551,,,,,,Managed Services,,,100303,,102664
100288,Opportunity,105885,omar.patel@examplecorp.test,Chen Ivanov,2025-02-06 00:55:00,avery.whitfield@examplecorp.test,Aisha Nguyen,2026-03-29 01:38:00,quinn.larsson@examplecorp.test,Reese Reyes,2022-11-28 07:03:00,rowan.brooks@examplecorp.test,,2025-08-15 11:16:00,N,Copper Financial Corp - Consulting,,,Discovery,100696,,TAG-2657,100307,REF-5367,102735,,,,Inbound Call,100717,Active,,,,,,100590,,100421,,"387,724",Beta,,,,Omar Ford,,100038,,,New Logo,100542,,,,100490,,100652,,,100596,,Active Customer,100305,,,,,,Staff Augmentation,100743,,100639,,103457
100188,Opportunity,105886,taylor.cohen@demomail.test,Fatima Mensah,2024-08-31 10:28:00,mei.kim@acme-fake.test,Aisha Costa,2025-10-04 18:41:00,aisha.sato@sampleco.test,Taylor Sloan,2024-09-29 21:45:00,rowan.ford@examplecorp.test,,2025-11-06 07:44:00,Y,Summit Systems LLP - Offshore Team,,,Closed Lost,100582,,LOT-1541,100191,LOT-3058,101950,,,,Referral,100595,Inactive,,,,,,100043,,100340,,"127,701",,100336,"34,574",1456,Avery Dorsey,100967,100026,LOT-2180,,Renewal,100768,,,,100608,,100236,,,,,Prospect,100548,,,,,,Managed Services,,,100473,,
100322,Opportunity,105887,jordan.ivanov@acme-fake.test,Mei Dorsey,2023-03-27 14:11:00,jordan.mensah@demomail.test,Casey Kim,2024-02-17 14:56:00,yara.okafor@demomail.test,Liam Dorsey,2026-02-21 01:16:00,emerson.dorsey@sampleco.test,,2023-08-24 07:34:00,N,Ironwood Logistics Inc - Staff Augmentation,,100299,Proposal Sent,100585,,TAG-9438,100199,REF-4310,103028,,,,LinkedIn,,Active,,,,,,,,100651,,"244,048",Beta,,,6166,Jamie Silva,100796,,,,Standard,,,,,100152,,100436,,,100058,,Prospect,100366,,,,,,Recruiting,,,100350,,103328
100398,Opportunity,105890,elena.ashby@examplecorp.test,Sofia Ashby,2025-07-31 00:51:00,priya.nguyen@sampleco.test,Drew Ashby,2023-05-26 11:36:00,mei.haddad@examplecorp.test,Drew Brooks,2022-12-04 05:11:00,emerson.patel@examplecorp.test,,2025-08-23 02:21:00,N,Blue Ridge Networks LLC - Staff Augmentation,,100529,Negotiation,100721,LOT-1145,REF-8940,100429,REF-9759,102028,,,,Webinar,100650,Active,,,,,,100165,,100572,,"62,749",,,"5,992",,Arjun Nguyen,100902,100473,,100298,Standard,100062,,,,100252,,,Alpha,,100548,,Active Customer,100648,,,,,100490,Back Office,100496,,100299,,104255
100428,Opportunity,105892,drew.cohen@acme-fake.test,Marco Patel,2025-06-06 10:14:00,diego.whitfield@acme-fake.test,Liam Vance,2025-09-26 13:47:00,riley.mercer@acme-fake.test,Taylor Dorsey,2024-11-18 06:16:00,chen.blake@examplecorp.test,,2026-01-15 14:36:00,Y,Blue Ridge Textiles - Consulting,,,Proposal Sent,100067,,TAG-6098,100775,TAG-6740,102127,,,,Website,100247,Active,,,,,,100613,,100246,,"87,670",,,,,Fatima Whitfield,101315,100028,,100659,SMB,100460,,,,100699,,,Alpha,,,,Active Customer,100203,,,,,100542,Offshore Team,,,100743,,
100047,Opportunity,105894,liam.calder@sampleco.test,Casey Okafor,2024-12-26 21:41:00,diego.haddad@sampleco.test,Riley Ivanov,2024-01-05 10:36:00,reese.patel@acme-fake.test,Chen Patel,2025-03-16 04:49:00,taylor.ivanov@acme-fake.test,,2025-10-08 21:50:00,N,Granite Foods Co - Managed Services,,100650,Negotiation,100428,,REF-2435,100073,LOT-2002,104102,,,,Webinar,100410,Active,,,,,,,,100147,,"41,378",,,"22,332",,Taylor Vance,,100161,,,SMB,,,,,100673,,100147,,,,,Active Customer,100493,,,,,100343,Back Office,,,100528,,
100092,Opportunity,105896,reese.blake@acme-fake.test,Aisha Blake,2023-04-01 03:26:00,taylor.silva@acme-fake.test,Drew Haddad,2023-11-25 07:54:00,chen.kim@examplecorp.test,Casey Rossi,2023-06-01 17:48:00,aisha.ford@examplecorp.test,,2022-12-16 20:43:00,N,Atlas Foods Inc - Payroll,,100231,Negotiation,100140,,SKU-3603,100647,LOT-3023,104814,,,,LinkedIn,100003,Active,,,,,,,,,,"79,839",,100399,"36,058",,Aisha Blake,,100007,,100096,Standard,,,,,100613,,,,,,,Prospect,100182,,,,,100242,Offshore Team,100348,,100572,,104591
100325,Opportunity,105898,alex.whitfield@examplecorp.test,Liam Mensah,2025-12-15 23:37:00,sofia.patel@acme-fake.test,Reese Ivanov,2024-05-16 21:54:00,liam.ivanov@acme-fake.test,Jordan Sato,2025-03-10 09:39:00,yara.vance@acme-fake.test,,2025-05-06 15:25:00,N,Vertex Manufacturing - Back Office,,100211,Closed Lost,100278,REF-8422,LOT-7580,100123,SKU-5786,103174,,,,Inbound Call,100651,Inactive,,,,,,,,,,,,100053,"26,674",,Skyler Sloan,101048,,LOT-8640,,Renewal,,,,,100727,,100782,Gamma,,100457,,Prospect,100700,,,,,100775,Recruiting,100009,,100380,,103427
100574,Opportunity,105901,jamie.ivanov@examplecorp.test,Chen Mercer,2024-06-25 13:01:00,diego.vance@demomail.test,Casey Sato,2024-09-18 06:43:00,marco.brooks@acme-fake.test,Marco Silva,2024-09-07 08:41:00,fatima.ashby@demomail.test,,2022-11-15 11:47:00,Y,Vertex Ventures LLP - Consulting,,100458,Discovery,100468,,SKU-9033,100555,REF-5467,104152,,,,Partner,100401,Active,,,,,,,,100688,,"479,206",,,,5758,Reese Sato,,100315,,,Renewal,,,,,100403,,100299,,,100275,,Prospect,100727,,,,,,Back Office,,,100624,,104163
100165,Opportunity,105902,jordan.blake@demomail.test,Quinn Okafor,2026-03-31 17:19:00,drew.dorsey@sampleco.test,Liam Whitfield,2023-09-12 04:18:00,quinn.rossi@examplecorp.test,Omar Sato,2026-07-10 21:44:00,elena.kim@sampleco.test,,2026-01-27 01:05:00,N,Delta Energy Corp - Recruiting,,100153,Discovery,100730,,LOT-2837,100319,TAG-9377,103287,,,,Website,100210,Active,,,,,,100118,,100405,,"24,387",,,"14,798",,Morgan Sloan,101590,100656,SKU-4237,100123,Renewal,100765,,,,100782,,100047,,,100634,,Prospect,100291,,,,,100650,Payroll,,Delta,100448,,
100761,Opportunity,105904,aisha.cohen@demomail.test,Nina Rossi,2024-01-12 01:12:00,taylor.sato@sampleco.test,Casey Silva,2024-04-03 11:50:00,chen.reyes@examplecorp.test,Nina Sato,2024-07-30 08:18:00,omar.patel@acme-fake.test,,2024-01-25 22:49:00,Y,Everest Retail Inc - Offshore Team,,100689,Qualification,100776,,SKU-8379,100471,LOT-7175,104732,,,,Cold Outreach,,Active,,,,,,,,,,"128,281",,,"11,328",7554,Yara Ivanov,101518,,,100561,Renewal,100779,,,,100343,,,,,,,Prospect,100710,,,,,,Consulting,100462,,100247,,104649
100253,Opportunity,105906,emerson.haddad@examplecorp.test,Jordan Patel,2025-10-02 11:30:00,rahul.kim@sampleco.test,Rowan Reyes,2025-08-17 05:28:00,rowan.vance@demomail.test,Marco Okafor,2026-04-13 03:41:00,quinn.garcia@examplecorp.test,,2025-01-01 06:25:00,N,Summit Group LLC - Offshore Team,,100292,Dead,100673,,TAG-6661,100691,REF-2275,104075,,,,Cold Outreach,,Inactive,,,,,,,,,,,,100570,"18,633",7437,Rahul Mensah,101745,,,100606,Enterprise,100529,,,,100112,,100661,,,100271,,Prospect,100168,,,,,100717,Payroll,,,100277,,103294
100380,Opportunity,105907,rowan.blake@acme-fake.test,Reese Nguyen,2024-02-13 09:17:00,mei.mercer@acme-fake.test,Riley Ford,2022-12-25 05:55:00,marco.calder@acme-fake.test,Elena Nguyen,2024-07-09 14:24:00,liam.haddad@demomail.test,,2022-12-16 15:55:00,Y,Silverline Ventures - Back Office,,100721,Closed Won,100660,,LOT-3848,100383,REF-5147,102171,,,,Website,100092,Inactive,,,,,,,,100252,,"33,632",,100640,"3,530",1923,Fatima Reyes,100853,,,,Renewal,100134,,,,100231,,100779,,,,,Prospect,100220,,,,,100590,Offshore Team,,,100616,,102821
100016,Opportunity,105908,skyler.mensah@acme-fake.test,Priya Whitfield,2022-12-18 01:35:00,quinn.reyes@sampleco.test,Mei Nguyen,2024-10-22 19:35:00,avery.rossi@demomail.test,Chen Whitfield,2024-03-31 07:16:00,quinn.sloan@acme-fake.test,,2023-05-21 14:23:00,Y,Harbor Robotics LLC - Back Office,,,Dead,100389,SKU-5278,TAG-8580,100660,SKU-2238,,,,,Webinar,,Inactive,,,,,,,,100707,,"264,283",Gamma,,"15,366",8308,Elena Dorsey,101556,100519,SKU-4683,100038,SMB,100500,,,,100299,,100133,,,100432,,Prospect,100012,,,,,,Staff Augmentation,100399,,100019,,101924
100161,Opportunity,105910,skyler.patel@acme-fake.test,Elena Sloan,2024-01-08 08:32:00,emerson.reyes@sampleco.test,Elena Patel,2024-05-23 05:37:00,jamie.ford@sampleco.test,Mei Costa,2022-11-07 21:36:00,jamie.larsson@sampleco.test,,2024-12-08 16:17:00,Y,Pioneer Financial LLP - Consulting,,,Negotiation,100291,TAG-4133,REF-7801,100787,LOT-8136,102764,,,,Event,,Active,,,,,,100174,,100303,,,,100768,"1,989",2065,Elena Brooks,,,SKU-7382,100109,Enterprise,100559,,,,100134,,,,,100253,,Prospect,100365,,,,,100495,Back Office,,,100503,,
100400,Opportunity,105913,jordan.kim@sampleco.test,Rahul Whitfield,2026-05-17 13:25:00,rowan.dorsey@demomail.test,Nina Haddad,2024-09-24 02:44:00,chen.silva@examplecorp.test,Casey Ashby,2023-10-05 13:17:00,fatima.mercer@examplecorp.test,,2023-11-03 11:22:00,Y,Keystone Industries LLC - Back Office,,,Qualification,100233,,REF-8540,100134,REF-8387,104067,,,,LinkedIn,,Active,,,,,,,,,,"33,325",,100121,,,Jamie Patel,101679,100493,,100548,SMB,100572,,,,100691,,100652,Other,,100784,,Active Customer,100236,,,,,,Back Office,100596,,100068,,
100740,Opportunity,105914,casey.ford@demomail.test,Yara Larsson,2023-03-26 13:06:00,priya.mensah@sampleco.test,Aisha Vance,2022-12-02 13:06:00,chen.ivanov@demomail.test,Sofia Dorsey,2025-11-12 09:23:00,sofia.dorsey@demomail.test,,2024-03-05 01:05:00,Y,Redwood Labs Group - Recruiting,,100590,Closed Won,100007,,SKU-9936,100043,LOT-3431,102440,,,,Inbound Call,,Inactive,,,,,,,,,,,Delta,100616,"25,719",,Liam Larsson,101753,100387,REF-8222,100776,SMB,,,,,100545,,,,,,,Active Customer,100428,,,,,,Managed Services,100735,,100611,,102409
100231,Opportunity,105915,marco.kim@demomail.test,Emerson Ashby,2022-11-10 15:05:00,marco.mercer@examplecorp.test,Priya Nguyen,2023-05-24 12:33:00,taylor.cohen@demomail.test,Chen Kim,2025-01-08 23:29:00,marco.calder@examplecorp.test,,2025-08-20 10:56:00,N,Cardinal Dynamics Group - Payroll,,100065,Proposal Sent,100407,REF-3125,LOT-2103,100174,LOT-9892,103363,,,,Referral,100005,Active,,,,,,100554,,100322,,,,,"29,709",,Chen Reyes,100800,100660,SKU-9991,,New Logo,,,,,100667,,100611,,,,,Prospect,100629,,,,,100332,Staff Augmentation,100053,,100123,,103115
100031,Opportunity,105917,casey.haddad@sampleco.test,Aisha Nguyen,2024-05-19 13:30:00,rahul.vance@examplecorp.test,Morgan Ford,2023-04-01 13:16:00,avery.sloan@sampleco.test,Omar Kim,2024-04-15 10:50:00,rahul.mercer@demomail.test,,2023-11-20 11:35:00,N,Ironwood Media LLC - Consulting,,100619,Dead,100226,SKU-7930,LOT-1552,100174,LOT-5048,102557,,,,Cold Outreach,,Inactive,,,,,,100028,,100538,,"422,813",Gamma,100481,"4,910",8804,Arjun Brooks,,,TAG-8954,,New Logo,,,,,100576,,100472,,,100654,,Prospect,100182,,,,,100593,Staff Augmentation,,,100713,,102404
100454,Opportunity,105919,priya.costa@examplecorp.test,Fatima Silva,2026-03-31 18:21:00,jamie.whitfield@sampleco.test,Sofia Kim,2024-04-09 11:32:00,omar.brooks@acme-fake.test,Quinn Dorsey,2023-05-29 03:43:00,casey.reyes@acme-fake.test,,2024-06-14 19:25:00,N,Harbor Group Inc - Offshore Team,,100322,Closed Lost,100762,,SKU-6627,100050,REF-8339,104760,,,,Referral,100599,Inactive,,,,,,,,100665,,,,,"3,579",6948,Rahul Kim,101771,100336,,100737,Enterprise,100210,,,,100650,,100498,,,,,Prospect,100532,,,,,100003,Payroll,100761,,100428,,102901
100352,Opportunity,105922,liam.rossi@acme-fake.test,Skyler Silva,2025-10-05 12:30:00,alex.ford@acme-fake.test,Omar Ashby,2023-08-25 05:59:00,jordan.okafor@sampleco.test,Mei Ivanov,2025-12-26 23:35:00,noah.blake@acme-fake.test,,2024-09-13 14:41:00,Y,Cobalt Foods Inc - Staff Augmentation,,,Discovery,100399,,REF-7915,100775,LOT-4861,104706,,,,Referral,,Active,,,,,,,,100743,,,,,"5,444",,Chen Brooks,101547,,TAG-7428,100077,New Logo,,,,,100648,,,,,100647,,Prospect,100094,,,,,100026,Managed Services,,,100514,,103328
100215,Opportunity,105925,riley.silva@acme-fake.test,Liam Costa,2022-12-28 21:08:00,reese.calder@demomail.test,Riley Costa,2025-03-29 08:50:00,rowan.vance@acme-fake.test,Emerson Reyes,2025-01-05 04:12:00,liam.reyes@demomail.test,,2023-10-14 22:10:00,N,Everest Solutions Group - Offshore Team,,,Discovery,100382,,REF-6738,100771,REF-8819,102975,,,,Event,,Active,,,,,,100350,,100710,,"190,653",,100199,"1,860",,Alex Mensah,,100686,,,New Logo,100162,,,,100140,,100375,,,,,Prospect,100183,,,,,,Recruiting,100200,,100572,,101918
100033,Opportunity,105926,morgan.nguyen@acme-fake.test,Mei Costa,2025-07-27 13:17:00,mei.blake@sampleco.test,Skyler Silva,2025-07-20 01:24:00,noah.nguyen@sampleco.test,Priya Cohen,2023-09-20 03:53:00,mei.mensah@demomail.test,,2023-05-22 23:17:00,N,Brightpath Foods LLP - Staff Augmentation,,,Dead,100420,,REF-8119,100263,REF-5972,103576,,,,Cold Outreach,,Inactive,,,,,,100768,,100640,,,,,,,Diego Ford,101515,100550,,100675,New Logo,100675,,,,100137,,,,,100156,,Active Customer,100106,,,,,,Payroll,,,100035,,
100587,Opportunity,105927,mei.ivanov@demomail.test,Priya Costa,2024-04-28 01:49:00,casey.brooks@sampleco.test,Priya Haddad,2022-12-13 05:31:00,casey.patel@acme-fake.test,Yara Cohen,2022-10-03 04:59:00,priya.cohen@examplecorp.test,,2022-11-22 13:28:00,Y,Ironwood Retail Corp - Payroll,,100503,Proposal Sent,100559,,TAG-6002,100215,TAG-3649,102787,,,,LinkedIn,100460,Active,,,,,,100050,,100092,,"221,790",,,"2,804",9285,Jamie Dorsey,101207,,,100751,Enterprise,,,,,100634,,100155,,,,,Prospect,100542,,,,,,Staff Augmentation,,,100125,,102240
100288,Opportunity,105930,skyler.kim@demomail.test,Fatima Haddad,2026-07-19 06:38:00,alex.rossi@sampleco.test,Sofia Larsson,2026-06-20 14:20:00,noah.sato@acme-fake.test,Casey Brooks,2023-09-09 02:04:00,nina.rossi@sampleco.test,,2023-06-02 08:00:00,N,Copper Retail Group - Staff Augmentation,,100733,Discovery,100415,LOT-9325,TAG-4109,100678,LOT-7136,103010,,,,Partner,,Active,,,,,,,,,,,,100415,"3,051",,Jamie Ivanov,101655,,,100449,Renewal,,,,,100221,,100158,,,100470,,Active Customer,100457,,,,,100103,Back Office,,,100418,,104051
100115,Opportunity,105932,marco.ivanov@examplecorp.test,Nina Sato,2023-02-12 23:33:00,skyler.reyes@demomail.test,Priya Okafor,2024-12-04 01:53:00,elena.patel@examplecorp.test,Casey Reyes,2024-05-08 10:22:00,jordan.dorsey@demomail.test,Taylor Nguyen,2024-07-21 02:06:00,Y,Falcon Robotics LLC - Payroll,,100147,Proposal Sent,100702,,TAG-5419,100275,REF-4508,102983,,,,Event,100462,Active,,,,,,100103,,,,"43,485",,100345,"32,044",,Avery Whitfield,101018,100168,TAG-8772,100292,SMB,100673,,,,100784,,,,,100686,,Active Customer,100462,,,,,100660,Back Office,100019,Delta,100423,,104183
100457,Opportunity,105933,morgan.ford@acme-fake.test,Elena Patel,2022-10-13 23:12:00,drew.mercer@examplecorp.test,Riley Rossi,2025-03-09 22:19:00,drew.patel@examplecorp.test,Rahul Cohen,2022-10-01 16:34:00,morgan.blake@examplecorp.test,,2025-12-18 03:48:00,Y,Ironwood Robotics LLP - Managed Services,,100661,On Hold,100596,LOT-2512,SKU-2299,100256,SKU-1728,103205,,,,Inbound Call,100242,Active,,,,,,100700,,,,"130,568",,100540,"24,390",,Nina Cohen,101259,,LOT-4122,,New Logo,100271,,,,100770,,100247,,,,,Prospect,100007,,,,,100643,Staff Augmentation,,Delta,100083,,
100073,Opportunity,105935,reese.rossi@acme-fake.test,Jamie Garcia,2025-05-26 19:13:00,noah.cohen@examplecorp.test,Noah Cohen,2026-03-01 17:56:00,rowan.ford@examplecorp.test,Reese Ford,2022-10-26 08:51:00,alex.blake@demomail.test,,2026-06-24 05:48:00,Y,Delta Capital LLC - Offshore Team,,,Negotiation,100554,,TAG-9308,100735,TAG-1101,103450,,,,Webinar,100407,Active,,,,,,100737,,,,"130,460",Alpha,,"9,278",,Taylor Larsson,,100514,REF-3417,,Enterprise,100493,,,,100047,,100688,,,100519,,Active Customer,100654,,,,,100785,Offshore Team,100278,,100257,,104751
100250,Opportunity,105936,diego.sloan@sampleco.test,Casey Sato,2025-03-31 07:42:00,noah.ashby@sampleco.test,Mei Patel,2022-12-01 14:14:00,drew.dorsey@demomail.test,Quinn Reyes,2022-11-21 02:15:00,morgan.nguyen@examplecorp.test,,2026-05-14 00:34:00,Y,Blue Ridge Capital Inc - Staff Augmentation,,100053,Closed Lost,100382,,TAG-2163,100467,SKU-1354,103683,,,,Event,100403,Inactive,,,,,,100453,,100468,,,,,"13,274",7370,Taylor Patel,,100730,,,SMB,100065,,,,100428,,,,,,,Active Customer,100762,,,,,100500,Recruiting,100702,,100576,,103713
100714,Opportunity,105938,omar.mercer@demomail.test,Drew Garcia,2026-01-21 01:58:00,skyler.calder@demomail.test,Rahul Sato,2024-01-19 14:39:00,alex.cohen@acme-fake.test,Jordan Haddad,2023-02-14 01:52:00,riley.ashby@examplecorp.test,,2025-09-10 07:45:00,Y,Copper Ventures Co - Consulting,,100460,Qualification,100288,,REF-5496,100322,TAG-8691,104870,,,,Webinar,100661,Active,,,,,,100016,,100652,,"457,712",,,,,Sofia Mensah,101207,,LOT-7150,100423,Standard,100487,,,,100718,,100476,,,100453,,Prospect,100475,,,,,,Managed Services,,,100578,,103032
100158,Opportunity,105941,reese.okafor@acme-fake.test,Rahul Nguyen,2025-09-19 00:29:00,arjun.costa@sampleco.test,Avery Calder,2025-06-11 06:51:00,diego.vance@sampleco.test,Casey Costa,2024-04-06 18:14:00,avery.whitfield@acme-fake.test,,2024-10-06 02:31:00,Y,Keystone Group Group - Consulting,,100273,Closed Lost,100392,REF-3808,SKU-9663,100439,SKU-5316,104593,,,,Inbound Call,,Inactive,,,,,,100155,,100442,,"304,530",,100109,"30,393",,Fatima Reyes,101067,100697,SKU-8103,100737,Enterprise,,,,,100519,,,,,100130,,Prospect,100389,,,,,100638,Back Office,,,100250,,103238
100031,Opportunity,105943,aisha.brooks@examplecorp.test,Riley Patel,2026-05-26 12:03:00,riley.ford@acme-fake.test,Liam Garcia,2025-08-27 05:01:00,skyler.kim@demomail.test,Marco Garcia,2022-10-06 22:29:00,arjun.dorsey@examplecorp.test,,2025-02-19 16:14:00,N,Lakeside Capital Inc - Managed Services,,,Proposal Sent,100714,,LOT-7777,100317,SKU-5525,103541,,,,Cold Outreach,100512,Active,,,,,,100165,,100446,,"292,532",,,"2,338",,Emerson Ashby,101007,,,,New Logo,100407,,,,100128,,,,,,,Active Customer,100590,,,,,,Consulting,,,100522,,103140
100403,Opportunity,105944,avery.okafor@sampleco.test,Yara Okafor,2025-07-22 02:19:00,jamie.cohen@acme-fake.test,Casey Costa,2022-12-31 11:33:00,avery.mercer@demomail.test,Nina Ford,2023-12-25 06:57:00,rowan.blake@examplecorp.test,,2025-06-19 10:36:00,N,Keystone Manufacturing - Back Office,,100335,Qualification,100741,,LOT-8276,100415,TAG-7219,102542,,,,Website,100551,Active,,,,,,100554,,,,,,100399,"38,079",,Emerson Larsson,,,,100407,Enterprise,,,,,100077,,100021,,,100348,,Active Customer,100309,,,,,,Consulting,100120,,100468,,
100561,Opportunity,105947,sofia.whitfield@examplecorp.test,Skyler Ivanov,2026-07-07 05:25:00,marco.okafor@examplecorp.test,Marco Whitfield,2023-04-18 16:27:00,skyler.vance@demomail.test,Avery Ford,2025-12-05 16:32:00,rowan.vance@acme-fake.test,,2025-06-29 07:20:00,N,Horizon Health LLC - Recruiting,,,Closed Won,100593,,TAG-8043,100710,TAG-3105,104309,,,,Partner,100096,Inactive,,,,,,,,100307,,"346,276",,100568,"11,239",,Omar Sloan,101084,100587,,100404,Enterprise,100220,,,,100260,,100465,Standard,,100761,,Active Customer,100035,,,,,,Recruiting,100277,,100512,,
100016,Opportunity,105949,reese.ford@demomail.test,Sofia Garcia,2025-11-15 17:20:00,sofia.ivanov@demomail.test,Sofia Calder,2025-03-31 04:02:00,mei.reyes@acme-fake.test,Liam Mercer,2023-06-17 06:34:00,reese.ford@sampleco.test,,2025-11-13 14:07:00,N,Ironwood Industries - Recruiting,,100634,Discovery,100418,LOT-9599,TAG-2213,100672,TAG-8605,104102,,,,Webinar,100264,Active,,,,,,100680,,,,"32,751",Alpha,100784,,8482,Priya Calder,100972,100632,REF-7551,100077,New Logo,100756,,,,100247,,100343,,,100494,,Prospect,100278,,,,,100385,Back Office,,,100231,,102326
100335,Opportunity,105950,jamie.rossi@sampleco.test,Nina Costa,2023-12-13 00:02:00,avery.blake@acme-fake.test,Fatima Ashby,2024-02-04 05:00:00,jamie.kim@acme-fake.test,Drew Nguyen,2024-04-29 01:56:00,liam.okafor@demomail.test,,2025-11-27 22:45:00,Y,Keystone Financial Ltd - Payroll,,,Closed Lost,100236,,REF-7178,100478,LOT-9697,103701,,,,Cold Outreach,100256,Inactive,,,,,,,,,,,Other,100311,"30,143",,Liam Cohen,100860,100273,SKU-6070,100622,New Logo,100112,,,,100117,,,,,100461,,Active Customer,100475,,,,,,Consulting,,,100481,,
100387,Opportunity,105951,liam.sato@sampleco.test,Taylor Brooks,2024-03-25 11:12:00,omar.calder@demomail.test,Liam Whitfield,2023-10-06 15:15:00,mei.ashby@examplecorp.test,Jamie Nguyen,2026-03-19 12:35:00,mei.sato@examplecorp.test,,2024-08-17 07:57:00,N,Brightpath Retail Ltd - Back Office,,100590,Closed Lost,100532,,LOT-8698,100087,REF-5553,,,,,Inbound Call,100014,Inactive,,,,,,100717,,100325,,,,100361,"28,822",,Drew Reyes,,,,,SMB,100046,,,,100033,,100155,,,,,Active Customer,100068,,,,,100174,Back Office,,,100503,,102187
100435,Opportunity,105952,sofia.nguyen@acme-fake.test,Emerson Okafor,2024-09-02 00:49:00,morgan.sloan@demomail.test,Taylor Ford,2025-11-29 02:35:00,liam.okafor@examplecorp.test,Omar Kim,2023-08-31 23:46:00,chen.dorsey@acme-fake.test,,2023-02-24 01:26:00,N,Keystone Textiles Group - Payroll,,100514,Discovery,100194,,SKU-6099,100389,LOT-2209,104715,,,,Website,100348,Active,,,,,,100260,,,,"185,459",,,,,Skyler Reyes,101748,100112,,100401,SMB,100130,,,,100139,,100554,,,100689,,Prospect,100689,,,,,,Staff Augmentation,100425,,100061,,
100033,Opportunity,105955,fatima.calder@demomail.test,Mei Ivanov,2023-07-26 05:36:00,yara.ivanov@demomail.test,Alex Calder,2026-01-07 11:25:00,chen.blake@examplecorp.test,Arjun Patel,2024-02-07 06:13:00,rowan.ivanov@sampleco.test,,2025-03-08 03:27:00,N,Beacon Robotics Corp - Offshore Team,,,Proposal Sent,100181,,REF-7534,100155,LOT-2404,,,,,Partner,100532,Active,,,,,,,,100372,,"256,007",,,"10,861",5407,Fatima Rossi,101677,,LOT-6662,,SMB,100661,,,,100182,,,Other,,100639,,Prospect,100292,,,,,,Recruiting,,,100385,,101961
100355,Opportunity,105957,yara.mensah@sampleco.test,Reese Cohen,2023-02-20 12:17:00,emerson.costa@demomail.test,Yara Sato,2024-10-18 03:57:00,rowan.calder@acme-fake.test,Jamie Calder,2025-07-21 12:06:00,casey.costa@examplecorp.test,Noah Okafor,2023-05-28 18:25:00,Y,Blue Ridge Ventures Group - Offshore Team,,,Closed Lost,100288,,LOT-4848,100786,TAG-5897,103427,,,,Referral,100309,Inactive,,,,,,100012,,,,,Delta,100786,"13,497",,Chen Ashby,101299,100320,LOT-2858,,Renewal,100469,,,,100031,,100634,Other,,,,Prospect,100311,,,,,,Staff Augmentation,,,100468,,103708
100660,Opportunity,105960,riley.mercer@acme-fake.test,Drew Mensah,2024-09-28 13:51:00,noah.cohen@sampleco.test,Riley Cohen,2023-12-05 12:05:00,arjun.rossi@acme-fake.test,Casey Mercer,2023-11-28 02:54:00,noah.ford@examplecorp.test,,2025-04-03 04:45:00,N,Pioneer Robotics LLC - Consulting,,100250,Closed Lost,100392,,TAG-1735,100134,,101985,,,,Website,,Inactive,,,,,,100442,,,,"477,574",,100250,"26,757",,Casey Blake,100990,,,100220,Renewal,100387,,,,100453,,100665,Gamma,,,,Prospect,100758,,,,,,Managed Services,100089,,100035,,104578
100565,Opportunity,105962,priya.dorsey@examplecorp.test,Jamie Patel,2025-02-26 03:45:00,chen.ford@demomail.test,Sofia Rossi,2023-09-12 06:10:00,chen.sloan@sampleco.test,Reese Silva,2026-05-21 01:14:00,marco.calder@demomail.test,,2023-06-25 13:39:00,N,Delta Textiles Group - Managed Services,,100493,Closed Lost,100608,LOT-1349,LOT-3619,100286,TAG-9417,103398,,,,LinkedIn,100211,Inactive,,,,,,100191,,100137,,"393,386",Gamma,100487,"27,133",,Arjun Nguyen,101282,100421,,100401,SMB,100339,,,,100643,,,,,100465,,Prospect,100263,,,,,100139,Back Office,100298,,100786,,102401
100393,Opportunity,105963,casey.costa@acme-fake.test,Omar Sloan,2025-03-23 20:22:00,omar.silva@sampleco.test,Marco Reyes,2024-09-14 10:16:00,elena.ford@examplecorp.test,Skyler Silva,2026-03-02 23:57:00,arjun.cohen@acme-fake.test,,2026-05-29 07:04:00,N,Atlas Partners Ltd - Managed Services,,,Closed Won,100718,,LOT-2279,100125,SKU-5835,104294,,,,Webinar,100009,Inactive,,,,,,100407,,,,"246,654",,,"7,524",4457,Alex Nguyen,101076,100468,,100361,SMB,,,,,100211,,,Other,,100528,,Active Customer,100481,,,,,,Staff Augmentation,100244,,100386,,
100471,Opportunity,105965,diego.reyes@acme-fake.test,Quinn Cohen,2024-05-26 01:08:00,fatima.calder@sampleco.test,Diego Vance,2024-01-07 04:06:00,skyler.rossi@sampleco.test,Alex Sato,2022-10-21 12:50:00,casey.calder@demomail.test,,2024-06-24 19:49:00,N,Meridian Systems Corp - Staff Augmentation,,100191,Negotiation,100495,,LOT-2932,100339,LOT-5782,104142,,,,Inbound Call,100220,Active,,,,,,100158,,100226,,"360,010",,100396,,878,Emerson Sato,101739,,SKU-8444,100498,Renewal,,,,,100683,,,,,,,Prospect,100700,,,,,100412,Offshore Team,100629,,100599,,103409
100217,Opportunity,105966,jordan.okafor@sampleco.test,Arjun Ford,2024-02-27 11:13:00,avery.mercer@demomail.test,Nina Larsson,2026-06-07 20:19:00,elena.blake@acme-fake.test,Liam Nguyen,2023-05-25 15:56:00,nina.vance@acme-fake.test,,2024-04-28 04:26:00,Y,Keystone Logistics Co - Back Office,,100217,Negotiation,100669,,TAG-7462,100325,REF-1629,104251,,,,Event,100525,Active,,,,,,100473,,100721,,"344,267",Other,,"36,586",,Fatima Dorsey,101231,100188,,,New Logo,100743,,,,100726,,100579,,,100613,,Prospect,100643,,,,,,Consulting,,,100710,,
100014,Opportunity,105969,chen.sato@demomail.test,Fatima Okafor,2025-07-09 13:00:00,jordan.blake@sampleco.test,Alex Calder,2022-11-13 20:32:00,elena.ivanov@sampleco.test,Morgan Brooks,2022-10-10 20:11:00,fatima.dorsey@demomail.test,,2026-02-07 17:06:00,N,Brightpath Foods Corp - Back Office,,100028,Negotiation,100296,,SKU-8217,100208,REF-6801,104194,,,,Webinar,,Active,,,,,,,,100156,,"354,020",,100087,"19,580",4997,Drew Rossi,,100284,LOT-8612,100519,SMB,100387,,,,100040,,100462,,,100595,,Prospect,100753,,,,,100449,Managed Services,100068,,100445,,
100468,Opportunity,105971,quinn.blake@examplecorp.test,Arjun Vance,2023-07-13 09:50:00,fatima.garcia@sampleco.test,Morgan Ivanov,2024-06-11 11:15:00,arjun.okafor@sampleco.test,Chen Sloan,2024-02-03 06:32:00,rowan.blake@acme-fake.test,,2026-04-16 21:52:00,Y,Granite Holdings Inc - Back Office,,100320,Closed Won,100448,,SKU-2252,100220,,,,,,Inbound Call,100260,Inactive,,,,,,,,100570,,"239,662",Standard,100252,"32,615",,Avery Costa,,,REF-7466,100538,New Logo,100660,,,,100300,,,,,,,Prospect,100305,,,,,100700,Recruiting,,,100273,,
100590,Opportunity,105972,mei.okafor@acme-fake.test,Avery Dorsey,2024-02-14 03:21:00,avery.reyes@sampleco.test,Riley Calder,2025-06-13 06:33:00,jordan.sloan@examplecorp.test,Rowan Okafor,2026-01-08 00:06:00,riley.ashby@acme-fake.test,,2025-06-15 08:51:00,Y,Evergreen Robotics Corp - Offshore Team,,100585,Closed Won,100540,,TAG-2041,100220,REF-3114,103253,,,,Partner,100552,Inactive,,,,,,100281,,,,"423,496",,100094,"24,791",,Jordan Larsson,100908,,TAG-4405,,Standard,100291,,,,100565,,100343,,,,,Active Customer,100392,,,,,,Payroll,,,100193,,
100067,Opportunity,105973,morgan.dorsey@acme-fake.test,Morgan Patel,2024-09-17 06:52:00,noah.patel@sampleco.test,Arjun Sloan,2025-05-14 16:41:00,noah.whitfield@acme-fake.test,Jordan Kim,2023-08-10 15:34:00,chen.costa@sampleco.test,,2024-11-16 08:04:00,N,Northwind Financial Ltd - Offshore Team,,,Closed Won,100062,,REF-7350,100040,SKU-7001,104452,,,,Website,100570,Inactive,,,,,,,,100016,,"107,216",,100569,,5092,Liam Cohen,101056,100094,,100599,New Logo,,,,,100784,,,,,100220,,Prospect,100369,,,,,,Recruiting,,,100675,,103369
100109,Opportunity,105976,riley.silva@sampleco.test,Reese Reyes,2022-11-22 19:44:00,rahul.mensah@sampleco.test,Avery Mensah,2025-02-19 03:35:00,liam.ashby@examplecorp.test,Liam Silva,2025-03-19 08:12:00,arjun.silva@examplecorp.test,,2025-10-09 01:20:00,Y,Summit Ventures Co - Staff Augmentation,,,Closed Won,100068,,LOT-4807,100242,LOT-4717,104327,,,,LinkedIn,100608,Inactive,,,,,,,,,,"44,728",Other,100640,"29,177",2476,Jamie Larsson,,100545,SKU-6987,100053,SMB,100062,,,,100647,,,,,,,Prospect,100468,,,,,100737,Offshore Team,100380,,100732,,102689
100423,Opportunity,105978,marco.sloan@acme-fake.test,Yara Ford,2024-10-10 05:32:00,sofia.patel@examplecorp.test,Jordan Rossi,2023-05-01 07:38:00,quinn.nguyen@demomail.test,Marco Larsson,2024-09-22 09:46:00,rahul.rossi@demomail.test,,2024-09-05 09:51:00,Y,Redwood Networks LLP - Offshore Team,,,Closed Lost,100415,SKU-8231,SKU-4895,100300,TAG-3386,104214,,,,Cold Outreach,100639,Inactive,,,,,,100647,,,,,,100753,"2,603",5209,Elena Mercer,101481,100178,SKU-3996,,SMB,,,,,100721,,100357,Gamma,,,,Active Customer,100570,,,,,100087,Managed Services,100691,,100139,,104523
100494,Opportunity,105981,jordan.rossi@acme-fake.test,Emerson Garcia,2023-11-16 11:18:00,aisha.rossi@acme-fake.test,Mei Garcia,2024-12-31 11:28:00,jordan.ivanov@sampleco.test,Sofia Sato,2023-03-19 17:35:00,drew.haddad@demomail.test,,2023-03-17 03:07:00,N,Lakeside Media Ltd - Staff Augmentation,,100224,Closed Won,100535,SKU-8039,TAG-8284,100529,TAG-4572,102694,,,,Referral,100295,Inactive,,,,,,100548,,,,,,100648,"35,811",,Omar Cohen,101156,,,100359,SMB,,,,,100529,,100058,,,,,Prospect,100194,,,,,100253,Offshore Team,,,100065,,103214
100152,Opportunity,105984,aisha.mercer@acme-fake.test,Rahul Ford,2023-09-29 04:19:00,priya.sloan@acme-fake.test,Arjun Sloan,2025-11-21 14:29:00,sofia.kim@demomail.test,Elena Sato,2024-06-15 06:52:00,marco.dorsey@sampleco.test,,2023-02-23 07:29:00,Y,Beacon Networks LLP - Offshore Team,,100404,Negotiation,100073,,SKU-6580,100445,TAG-4376,,,,,Website,,Active,,,,,,100638,,,,"64,827",,100765,"3,294",,Elena Whitfield,,,TAG-1686,100109,Standard,100750,,,,100532,,100493,,,100415,,Prospect,100199,,,,,,Staff Augmentation,100587,,100596,,104543
100203,Opportunity,105985,rahul.okafor@sampleco.test,Morgan Mercer,2023-11-16 04:28:00,casey.patel@demomail.test,Noah Silva,2026-07-30 00:13:00,drew.brooks@examplecorp.test,Marco Haddad,2023-01-18 02:51:00,marco.cohen@demomail.test,,2026-06-20 15:50:00,Y,Pioneer Retail Inc - Offshore Team,,100271,Dead,100073,,REF-6823,100067,LOT-7890,103008,,,,Website,100458,Inactive,,,,,,100031,,100309,,,,100400,"13,928",,Elena Reyes,,,,100608,SMB,,,,,100710,,,,,100660,,Prospect,100702,,,,,100117,Managed Services,100470,,100759,,104374
100328,Opportunity,105987,reese.kim@examplecorp.test,Taylor Mercer,2024-05-04 16:47:00,nina.brooks@sampleco.test,Yara Larsson,2023-06-29 20:36:00,omar.ford@examplecorp.test,Quinn Dorsey,2025-05-01 19:34:00,emerson.haddad@sampleco.test,,2023-07-13 05:40:00,N,Blue Ridge Textiles LLC - Payroll,,,Negotiation,100429,REF-8655,REF-5049,100062,REF-9404,,,,,Inbound Call,,Active,,,,,,100361,,,,,,,"26,785",3509,Casey Blake,101153,,,,New Logo,100756,,,,100661,,100658,,,,,Active Customer,100046,,,,,100134,Recruiting,,,100638,,102045
100320,Opportunity,105989,arjun.whitfield@sampleco.test,Fatima Sloan,2025-12-05 08:39:00,liam.patel@acme-fake.test,Chen Sato,2024-02-18 13:52:00,morgan.vance@examplecorp.test,Chen Garcia,2023-12-30 23:57:00,taylor.whitfield@examplecorp.test,,2023-05-25 21:12:00,N,Granite Foods Ltd - Payroll,,,Proposal Sent,100181,,LOT-3336,100155,SKU-8820,104875,,,,Event,100142,Active,,,,,,100106,,100194,,"276,608",,100717,,,Nina Cohen,,100551,,,Enterprise,100593,,,,100415,,100355,,,100457,,Prospect,100590,,,,,100246,Managed Services,,,100155,,
100109,Opportunity,105990,alex.mensah@demomail.test,Morgan Kim,2023-03-19 07:53:00,riley.patel@examplecorp.test,Drew Calder,2022-10-06 20:31:00,aisha.whitfield@sampleco.test,Rahul Sato,2025-04-14 05:05:00,casey.whitfield@acme-fake.test,,2023-05-26 16:12:00,Y,Falcon Labs LLP - Managed Services,,,Closed Won,100250,REF-7426,SKU-6426,100362,TAG-1693,104752,,,,Inbound Call,,Inactive,,,,,,100688,,,,"343,036",,,"37,589",2093,Reese Blake,101491,100574,TAG-9506,100507,Renewal,,,,,100504,,100472,Delta,,100117,,Prospect,100291,,,,,,Back Office,,,100432,,
100103,Opportunity,105993,skyler.patel@acme-fake.test,Quinn Cohen,2022-10-06 13:18:00,taylor.dorsey@demomail.test,Emerson Dorsey,2025-05-05 13:29:00,marco.patel@examplecorp.test,Alex Haddad,2023-06-21 02:57:00,chen.ashby@examplecorp.test,,2025-10-17 02:21:00,Y,Keystone Financial - Payroll,,100317,Discovery,100191,SKU-5724,REF-6718,100247,LOT-5937,103359,,,,LinkedIn,100570,Active,,,,,,100264,,100525,,"356,036",,100012,"15,521",,Alex Cohen,101500,100688,,,SMB,,,,,100267,,100253,,,,,Prospect,100678,,,,,100273,Consulting,,,100174,,104437
100613,Opportunity,105995,jordan.reyes@demomail.test,Casey Dorsey,2024-07-10 02:48:00,skyler.rossi@examplecorp.test,Mei Ashby,2024-03-10 11:34:00,liam.mercer@examplecorp.test,Casey Larsson,2025-04-13 15:48:00,avery.ivanov@acme-fake.test,,2025-02-11 18:27:00,N,Silverline Foods Group - Payroll,,,Closed Lost,100648,LOT-3180,REF-8605,100747,SKU-8382,104399,,,,Cold Outreach,100401,Inactive,,,,,,,,100632,,,Delta,100257,"17,538",4770,Casey Nguyen,101592,100117,TAG-2033,,Renewal,100372,,,,100322,,,,,100246,,Active Customer,100494,,,,,,Recruiting,,,100688,,102339
100149,Opportunity,105997,nina.okafor@sampleco.test,Omar Larsson,2025-07-23 21:15:00,omar.patel@sampleco.test,Marco Reyes,2022-11-29 03:31:00,casey.ford@sampleco.test,Rowan Okafor,2024-12-03 00:38:00,liam.silva@examplecorp.test,,2024-07-08 01:03:00,Y,Silverline Textiles Corp - Offshore Team,,100595,Closed Won,100707,,TAG-7685,100529,LOT-7485,104712,,,,Website,100624,Inactive,,,,,,100688,,,,,,100740,"29,338",,Priya Sato,101024,100457,,,Renewal,,,,,100117,,,,,100747,,Prospect,100019,,,,,,Back Office,,,100340,,102196
100449,Opportunity,105998,morgan.calder@examplecorp.test,Mei Okafor,2024-11-20 22:28:00,jordan.cohen@acme-fake.test,Morgan Dorsey,2023-09-03 22:07:00,omar.reyes@examplecorp.test,Yara Blake,2023-08-24 22:14:00,riley.sato@examplecorp.test,,2025-05-18 03:42:00,Y,Falcon Analytics Group - Back Office,,100771,Discovery,100404,,LOT-6790,100183,TAG-3013,103862,,,,Website,,Active,,,,,,,,100345,,"410,239",,100226,"30,447",,Taylor Whitfield,,100776,,100735,SMB,,,,,100098,,100441,Beta,,,,Active Customer,100125,,,,,100096,Payroll,,,100568,,102113
100770,Opportunity,106000,skyler.reyes@examplecorp.test,Casey Haddad,2023-02-03 23:03:00,omar.sloan@sampleco.test,Avery Nguyen,2025-08-22 05:24:00,drew.sato@examplecorp.test,Riley Sloan,2026-03-01 06:51:00,omar.kim@acme-fake.test,,2023-06-16 02:45:00,N,Meridian Industries Group - Back Office,,100735,Discovery,100555,,REF-1152,100487,SKU-9999,104664,,,,Cold Outreach,100232,Active,,,,,,100303,,100387,,"191,201",Delta,100178,"35,667",,Elena Garcia,101349,100174,LOT-5222,100415,New Logo,100475,,,,100700,,100142,,,100083,,Active Customer,100601,,,,,100152,Staff Augmentation,100717,,100311,,102120
100183,Opportunity,106001,rahul.mercer@sampleco.test,Skyler Garcia,2025-05-22 15:35:00,quinn.cohen@acme-fake.test,Alex Nguyen,2024-04-30 04:42:00,skyler.ivanov@sampleco.test,Elena Mercer,2026-04-01 13:15:00,taylor.mensah@sampleco.test,,2024-01-30 18:39:00,N,Ironwood Media LLC - Payroll,,,Qualification,100217,,TAG-4352,100407,,102098,,,,LinkedIn,,Active,,,,,,100155,,,,"335,336",Gamma,100239,"27,074",,Yara Garcia,,100267,,100726,Enterprise,,,,,100418,,,Standard,,,,Active Customer,100247,,,,,100420,Payroll,100083,,100264,,
100214,Opportunity,106003,rowan.reyes@sampleco.test,Jordan Silva,2024-06-24 05:05:00,jamie.ivanov@acme-fake.test,Jordan Calder,2025-11-11 20:38:00,liam.garcia@acme-fake.test,Skyler Larsson,2025-01-09 13:39:00,casey.sato@acme-fake.test,,2024-01-24 14:26:00,Y,Horizon Labs LLC - Back Office,,,Proposal Sent,100231,SKU-5689,SKU-2194,100659,SKU-8201,103379,,,,LinkedIn,,Active,,,,,,,,100169,,"302,763",Standard,100654,"16,007",4528,Yara Kim,101655,,TAG-9317,100504,New Logo,100500,,,,100194,,100183,,,100401,,Prospect,100325,,,,,100220,Staff Augmentation,100496,,100062,,104204
100115,Opportunity,106005,quinn.kim@sampleco.test,Quinn Cohen,2023-09-16 06:35:00,omar.vance@sampleco.test,Liam Dorsey,2023-06-28 15:07:00,drew.kim@demomail.test,Nina Mensah,2025-06-20 15:04:00,marco.mensah@acme-fake.test,,2025-03-25 09:56:00,N,Lakeside Solutions Co - Offshore Team,,100774,Qualification,100123,,SKU-6652,100244,REF-2053,103638,,,,Event,100309,Active,,,,,,,,100613,,"263,056",Standard,100226,,,Reese Vance,101140,100252,,100400,Enterprise,100185,,,,100639,,100696,,,100042,,Active Customer,100624,,,,,100457,Staff Augmentation,100403,,100221,,103575
100139,Opportunity,106006,casey.calder@sampleco.test,Skyler Costa,2024-04-16 14:01:00,rowan.cohen@sampleco.test,Skyler Sloan,2023-07-30 04:44:00,sofia.ivanov@demomail.test,Yara Garcia,2026-07-15 17:28:00,rowan.mercer@acme-fake.test,,2026-04-22 03:18:00,N,Meridian Textiles Ltd - Back Office,,100079,Negotiation,100071,SKU-8241,REF-8747,100314,,103999,,,,Referral,100779,Active,,,,,,,,,,,Delta,100142,"14,481",,Avery Whitfield,,,,,SMB,,,,,100405,,,,,,,Prospect,100067,,,,,100745,Payroll,100098,,100650,,104472
100434,Opportunity,106008,fatima.sloan@sampleco.test,Quinn Ivanov,2023-05-10 17:20:00,riley.calder@acme-fake.test,Drew Mercer,2024-05-12 03:19:00,drew.nguyen@acme-fake.test,Diego Vance,2025-09-16 14:18:00,aisha.costa@examplecorp.test,,2026-02-16 17:40:00,Y,Silverline Robotics Ltd - Managed Services,,100231,Closed Won,100029,,LOT-1523,100117,SKU-3488,104157,,,,LinkedIn,100250,Inactive,,,,,,100496,,100208,,"121,347",Beta,100295,,7771,Sofia Calder,101604,100021,,,Renewal,100420,,,,100349,,100349,,,,,Prospect,100449,,,,,100155,Recruiting,,,100468,,104538
100472,Opportunity,106011,riley.brooks@acme-fake.test,Casey Dorsey,2025-03-28 22:12:00,avery.blake@examplecorp.test,Rahul Sloan,2024-06-24 00:43:00,jamie.silva@acme-fake.test,Elena Mensah,2023-04-29 12:26:00,rowan.dorsey@examplecorp.test,,2025-10-02 15:21:00,Y,Beacon Ventures Group - Staff Augmentation,,,Closed Lost,100548,,SKU-4356,100161,REF-3813,103895,,,,Event,100673,Inactive,,,,,,,,100096,,"459,498",,100173,"32,452",,Aisha Brooks,101132,100784,TAG-6306,,Renewal,100407,,,,100339,,100096,,,100436,,Prospect,100627,,,,,,Consulting,100061,,100762,,
100697,Opportunity,106013,emerson.rossi@examplecorp.test,Noah Reyes,2023-05-31 12:38:00,jordan.patel@acme-fake.test,Avery Reyes,2026-04-05 20:34:00,mei.kim@sampleco.test,Mei Reyes,2024-12-07 14:20:00,sofia.rossi@sampleco.test,,2025-06-08 02:34:00,N,Ironwood Analytics Group - Staff Augmentation,,,Negotiation,100635,REF-5698,SKU-5412,100349,LOT-9746,104270,,,,Cold Outreach,,Active,,,,,,100498,,,,"165,364",Other,100299,"9,359",,Casey Ford,101736,,SKU-2265,,SMB,100263,,,,100739,,,,,100130,,Active Customer,100525,,,,,,Payroll,,,100263,,
100273,Opportunity,106014,arjun.okafor@acme-fake.test,Mei Cohen,2024-08-15 12:18:00,aisha.haddad@examplecorp.test,Jamie Mercer,2024-01-11 13:29:00,taylor.dorsey@sampleco.test,Morgan Vance,2024-07-03 11:44:00,nina.whitfield@demomail.test,,2026-04-14 20:34:00,N,Redwood Group - Offshore Team,,100717,Proposal Sent,100461,,LOT-6530,100457,REF-6520,101977,,,,Referral,100415,Active,,,,,,100145,,100726,,,,,"33,142",,Taylor Garcia,101097,,SKU-5344,100669,Standard,100564,,,,100776,,,,,,,Active Customer,100514,,,,,100509,Payroll,100244,,100469,,103910
100535,Opportunity,106015,nina.cohen@examplecorp.test,Aisha Okafor,2025-02-08 15:37:00,arjun.costa@sampleco.test,Drew Sato,2023-08-09 10:19:00,reese.calder@sampleco.test,Avery Calder,2025-06-24 10:40:00,alex.dorsey@demomail.test,,2023-08-17 17:33:00,N,Lakeside Robotics LLP - Managed Services,,100295,Closed Won,100203,,TAG-4078,100627,LOT-5405,103227,,,,Referral,100503,Inactive,,,,,,100535,,,,"330,123",Gamma,,,7868,Omar Patel,100794,,SKU-6990,100673,Renewal,100079,,,,100671,,,,,,,Prospect,100062,,,,,100357,Consulting,,,100453,,
100673,Opportunity,106018,marco.vance@demomail.test,Sofia Larsson,2025-05-29 00:22:00,taylor.ivanov@sampleco.test,Riley Mercer,2024-12-06 22:28:00,riley.vance@examplecorp.test,Casey Kim,2023-02-22 09:44:00,nina.dorsey@demomail.test,,2023-05-03 07:27:00,N,Summit Industries LLC - Consulting,,100651,Proposal Sent,100178,,REF-6578,100686,LOT-5809,104327,,,,Event,100438,Active,,,,,,,,100481,,,,,"31,383",,Yara Silva,101041,100193,REF-7449,,Standard,,,,,100535,,,,,,,Active Customer,100031,,,,,100155,Offshore Team,,,100026,,102409
100257,Opportunity,106019,liam.okafor@acme-fake.test,Skyler Okafor,2024-03-19 11:07:00,riley.haddad@acme-fake.test,Reese Calder,2025-06-14 12:07:00,jamie.kim@acme-fake.test,Jordan Haddad,2026-04-26 03:38:00,reese.vance@examplecorp.test,,2025-03-10 01:24:00,N,Northwind Logistics Inc - Offshore Team,,,On Hold,100718,,TAG-4037,100003,LOT-4519,102979,,,,Website,100467,Active,,,,,,,,100691,,"132,952",,,"22,025",3287,Fatima Nguyen,,100201,LOT-6517,100449,SMB,100098,,,,100439,,100303,,,100624,,Active Customer,100028,,,,,,Recruiting,,,100181,,104699
100224,Opportunity,106022,yara.dorsey@acme-fake.test,Rahul Cohen,2025-07-28 04:25:00,emerson.blake@sampleco.test,Priya Dorsey,2022-12-05 11:57:00,yara.mensah@examplecorp.test,Taylor Costa,2023-12-24 13:44:00,sofia.nguyen@demomail.test,,2024-11-25 02:00:00,N,Lakeside Robotics LLP - Managed Services,,,Closed Lost,100260,,TAG-2278,100021,LOT-4340,103661,,,,Inbound Call,100040,Inactive,,,,,,100478,,100252,,"274,024",,100153,"5,978",5041,Skyler Reyes,101152,,,,New Logo,,,,,100109,,100366,,,100162,,Prospect,100300,,,,,100269,Consulting,,,100439,,102745
100165,Opportunity,106023,rowan.brooks@demomail.test,Casey Larsson,2026-01-11 14:38:00,drew.sloan@examplecorp.test,Sofia Costa,2024-04-07 00:18:00,avery.ashby@demomail.test,Diego Sloan,2024-10-22 17:17:00,rowan.sato@examplecorp.test,,2025-02-24 16:40:00,Y,Summit Industries LLP - Payroll,,,Closed Won,100601,TAG-2038,TAG-8216,100700,LOT-5635,102328,,,,Cold Outreach,,Inactive,,,,,,100578,,,,,,,"4,373",,Chen Blake,101266,100469,,100229,SMB,100471,,,,100622,,100691,,,,,Active Customer,100407,,,,,,Offshore Team,100683,,100221,,
100484,Opportunity,106026,noah.ivanov@sampleco.test,Sofia Silva,2025-09-07 09:00:00,jamie.whitfield@sampleco.test,Diego Kim,2025-02-15 01:58:00,riley.vance@examplecorp.test,Priya Silva,2023-11-22 09:10:00,aisha.mensah@examplecorp.test,,2026-05-02 15:48:00,N,Keystone Textiles LLP - Staff Augmentation,,100697,Dead,100094,,LOT-1078,100686,REF-6271,104644,,,,Cold Outreach,,Inactive,,,,,,100256,,,,,,100120,,8609,Omar Sato,101176,,REF-2173,100446,New Logo,100478,,,,100012,,,,,,,Active Customer,100616,,,,,,Staff Augmentation,,,100758,,104621
100622,Opportunity,106029,mei.larsson@examplecorp.test,Morgan Sloan,2025-11-12 08:23:00,diego.ashby@demomail.test,Avery Okafor,2023-05-22 03:27:00,taylor.blake@demomail.test,Omar Blake,2024-03-15 05:51:00,priya.nguyen@demomail.test,,2026-05-31 23:11:00,N,Keystone Media Group - Staff Augmentation,,,Closed Lost,100478,,REF-6331,100467,TAG-2293,103302,,,,Website,100475,Inactive,,,,,,,,100740,,"87,285",Beta,,,2311,Arjun Silva,101406,100073,,,Renewal,,,,,100019,,100401,,,100632,,Prospect,100435,,,,,100507,Offshore Team,100357,Alpha,100446,,
100112,Opportunity,106030,mei.haddad@sampleco.test,Fatima Haddad,2025-04-03 23:33:00,reese.kim@acme-fake.test,Drew Rossi,2023-06-20 04:56:00,diego.blake@acme-fake.test,Morgan Reyes,2025-06-04 16:16:00,morgan.haddad@acme-fake.test,,2024-06-22 07:19:00,N,Everest Industries LLC - Consulting,,,Negotiation,100172,SKU-6350,LOT-7084,100498,LOT-5935,102530,,,,LinkedIn,,Active,,,,,,,,100065,,,,,"14,819",,Elena Costa,,,,100208,Standard,,,,,100371,,100665,,,100713,,Prospect,100012,,,,,100726,Offshore Team,,,100130,,103008
100535,Opportunity,106033,noah.patel@examplecorp.test,Sofia Sato,2025-06-02 14:41:00,yara.blake@sampleco.test,Liam Ashby,2024-01-27 02:39:00,omar.cohen@sampleco.test,Taylor Blake,2024-01-20 12:27:00,rowan.rossi@sampleco.test,Emerson Sloan,2022-10-19 00:08:00,Y,Horizon Networks Group - Payroll,,100348,Discovery,100109,,SKU-7790,100387,REF-3916,103080,,,,Website,100366,Active,,,,,,100404,,100632,,"237,126",,,,,Drew Costa,,100587,LOT-1699,100481,Renewal,,,,,100627,,100203,,,100599,,Active Customer,100432,,,,,100509,Managed Services,100678,,100200,,104454
100188,Opportunity,106036,sofia.whitfield@examplecorp.test,Marco Okafor,2022-12-24 13:32:00,quinn.reyes@sampleco.test,Noah Haddad,2024-10-18 09:56:00,omar.blake@sampleco.test,Jordan Sato,2023-09-16 04:15:00,arjun.rossi@examplecorp.test,,2023-03-14 04:29:00,N,Cardinal Media Corp - Offshore Team,,100751,Dead,100790,LOT-1521,SKU-2403,100697,SKU-7456,103598,,,,Referral,100401,Inactive,,,,,,100345,,,,"11,015",,,"23,480",,Drew Mensah,101312,,REF-8059,,Renewal,100468,,,,100420,,100699,,,100242,,Prospect,100467,,,,,,Recruiting,,,100106,,102409
100471,Opportunity,106039,mei.vance@sampleco.test,Yara Silva,2025-11-06 13:23:00,omar.haddad@sampleco.test,Emerson Vance,2026-04-04 05:29:00,casey.ashby@demomail.test,Yara Sloan,2024-07-21 04:16:00,riley.okafor@examplecorp.test,,2026-05-06 08:06:00,N,Ironwood Financial - Staff Augmentation,,100267,Qualification,100599,,LOT-3474,100369,LOT-1227,103056,,,,Webinar,100145,Active,,,,,,,,100393,,"373,650",Delta,100217,"34,670",,Rahul Sato,101411,100256,LOT-6026,100529,Renewal,100246,,,,100675,,100616,Beta,,,,Active Customer,100152,,,,,,Managed Services,100040,,100410,,
100322,Opportunity,106042,priya.garcia@demomail.test,Aisha Ivanov,2024-10-14 01:22:00,alex.blake@demomail.test,Morgan Sloan,2025-02-02 22:05:00,avery.silva@acme-fake.test,Priya Sloan,2026-01-09 15:19:00,taylor.ford@acme-fake.test,,2025-06-22 22:33:00,N,Silverline Ventures Inc - Payroll,,100726,Proposal Sent,100529,,LOT-5917,100420,SKU-7069,102709,,,,Website,100634,Active,,,,,,100335,,,,"200,459",,100103,"28,117",9310,Elena Sloan,101256,100348,TAG-6913,,Enterprise,,,,,100145,,,,,,,Active Customer,100200,,,,,100133,Consulting,,,100019,,
100201,Opportunity,106045,rowan.mensah@examplecorp.test,Emerson Sato,2025-09-26 12:28:00,riley.ashby@sampleco.test,Avery Whitfield,2026-04-14 07:26:00,priya.ford@acme-fake.test,Reese Larsson,2023-08-15 10:59:00,arjun.vance@demomail.test,,2023-05-01 06:54:00,N,Copper Logistics - Consulting,,100019,Negotiation,100169,SKU-5477,LOT-5011,100770,LOT-6524,103855,,,,Event,,Active,,,,,,100758,,,,,,100658,"4,873",,Marco Vance,,,SKU-8000,,SMB,100182,,,,100611,,,,,100361,,Prospect,100162,,,,,,Consulting,100629,,100083,,101924
100309,Opportunity,106048,reese.whitfield@sampleco.test,Alex Silva,2025-08-31 18:29:00,noah.whitfield@acme-fake.test,Jordan Calder,2026-01-23 09:55:00,sofia.silva@examplecorp.test,Rahul Larsson,2025-01-14 05:27:00,mei.garcia@demomail.test,,2023-01-06 00:09:00,Y,Everest Retail Corp - Staff Augmentation,,100031,Proposal Sent,100451,,TAG-1111,100242,REF-2469,103689,,,,Cold Outreach,100349,Active,,,,,,100169,,,,"168,648",Standard,100787,"8,008",,Arjun Nguyen,101605,100442,TAG-5175,100335,Renewal,,,,,100775,,,,,100622,,Prospect,100053,,,,,,Back Office,,,100613,,
100092,Opportunity,106050,nina.calder@acme-fake.test,Drew Patel,2026-04-18 20:27:00,avery.mensah@examplecorp.test,Elena Vance,2023-05-28 23:23:00,yara.haddad@demomail.test,Nina Dorsey,2024-12-24 09:55:00,omar.blake@demomail.test,,2025-10-06 11:45:00,Y,Meridian Financial Group - Payroll,,,Closed Lost,100727,SKU-5834,REF-7563,100551,REF-1215,102240,,,,Referral,100675,Inactive,,,,,,100404,,100177,,"442,518",,100137,"32,100",2551,Avery Sloan,,,,,SMB,100699,,,,100221,,100035,Beta,,100554,,Active Customer,100689,,,,,100142,Offshore Team,,,100211,,103451
100281,Opportunity,106053,fatima.reyes@examplecorp.test,Yara Garcia,2024-10-13 20:48:00,casey.reyes@sampleco.test,Chen Calder,2023-07-22 13:34:00,arjun.larsson@demomail.test,Mei Costa,2026-04-20 10:00:00,avery.kim@examplecorp.test,Emerson Sato,2023-12-24 04:37:00,Y,Ironwood Foods - Offshore Team,,100089,Discovery,100702,,REF-3984,100730,REF-3052,102460,,,,Referral,100490,Active,,,,,,100300,,100172,,"148,214",,100673,"2,799",,Riley Ivanov,101176,100414,LOT-7089,100461,Enterprise,,,,,100400,,100079,,,100512,,Prospect,100014,,,,,,Managed Services,100745,,100775,,
100632,Opportunity,106054,marco.blake@acme-fake.test,Casey Ivanov,2024-09-04 22:04:00,aisha.haddad@examplecorp.test,Alex Haddad,2023-10-28 14:17:00,nina.okafor@demomail.test,Emerson Dorsey,2026-01-29 08:57:00,avery.costa@acme-fake.test,,2024-06-08 01:19:00,N,Cardinal Health LLP - Staff Augmentation,,100478,Closed Won,100741,,SKU-5807,100509,REF-9577,102184,,,,Partner,100415,Inactive,,,,,,,,100332,,"226,846",,100061,"26,783",,Nina Mercer,101152,,,100460,Standard,,,,,100385,,100691,,,,,Prospect,100671,,,,,100565,Staff Augmentation,100500,,100624,,
100412,Opportunity,106057,omar.garcia@examplecorp.test,Aisha Mensah,2025-03-07 21:52:00,riley.ashby@demomail.test,Mei Nguyen,2024-07-10 00:16:00,nina.ashby@examplecorp.test,Drew Mensah,2024-02-07 15:49:00,sofia.ivanov@examplecorp.test,,2025-07-05 19:59:00,Y,Copper Analytics - Recruiting,,100062,Closed Won,100572,,LOT-1148,100345,REF-3507,103985,,,,Website,,Inactive,,,,,,,,,,,,100751,"3,263",,Rowan Ivanov,100843,100021,REF-9078,100343,Renewal,100671,,,,100790,,100147,,,100476,,Prospect,100761,,,,,,Offshore Team,100759,,100229,,102673
100635,Opportunity,106058,avery.ford@sampleco.test,Morgan Haddad,2024-12-23 04:50:00,diego.sloan@sampleco.test,Aisha Ford,2026-05-02 00:27:00,drew.haddad@acme-fake.test,Priya Sato,2023-07-27 14:43:00,riley.kim@examplecorp.test,,2026-02-15 16:34:00,Y,Lakeside Group LLP - Managed Services,,100177,Closed Lost,100221,LOT-7612,SKU-6974,100576,LOT-1193,,,,,LinkedIn,100726,Inactive,,,,,,100292,,100062,,"405,728",Alpha,100579,"6,420",8882,Aisha Cohen,101067,100514,SKU-2307,,SMB,,,,,100570,,100054,,,,,Active Customer,100650,,,,,100775,Back Office,100420,Alpha,100121,,104800
100599,Opportunity,106059,rowan.costa@sampleco.test,Elena Haddad,2025-12-21 11:41:00,aisha.sato@sampleco.test,Reese Cohen,2026-02-01 14:33:00,noah.calder@examplecorp.test,Noah Cohen,2025-04-22 01:10:00,diego.cohen@sampleco.test,,2025-03-20 11:22:00,Y,Blue Ridge Labs Corp - Managed Services,,,Closed Won,100028,TAG-8181,LOT-2429,100454,SKU-1828,103627,,,,Cold Outreach,,Inactive,,,,,,,,,,"460,741",Standard,100555,"36,449",,Emerson Kim,,100096,,,New Logo,,,,,100514,,100200,,,,,Active Customer,100512,,,,,,Managed Services,,,100743,,104759
100322,Opportunity,106061,reese.larsson@examplecorp.test,Taylor Ford,2024-01-13 03:16:00,casey.cohen@acme-fake.test,Liam Ford,2023-11-14 08:42:00,morgan.ford@demomail.test,Drew Ashby,2023-05-04 03:21:00,mei.blake@examplecorp.test,,2024-03-15 22:20:00,N,Everest Industries Co - Managed Services,,,Negotiation,100172,LOT-9736,TAG-5790,100372,SKU-1306,102705,,,,Cold Outreach,,Active,,,,,,,,100035,,,,100552,"29,415",,Rowan Haddad,,100507,REF-2554,100123,SMB,100770,,,,100311,,100622,,,100145,,Prospect,100611,,,,,100140,Offshore Team,100281,,100275,,102688
100741,Opportunity,106064,avery.ivanov@sampleco.test,Noah Rossi,2024-06-26 13:52:00,liam.calder@demomail.test,Morgan Blake,2022-10-26 13:24:00,chen.larsson@examplecorp.test,Fatima Dorsey,2022-12-18 02:05:00,drew.reyes@acme-fake.test,,2023-04-02 06:44:00,N,Brightpath Manufacturing Inc - Staff Augmentation,,,Proposal Sent,100559,LOT-7441,LOT-1293,100224,SKU-8444,102476,,,,LinkedIn,100466,Active,,,,,,,,100200,,,Alpha,100380,"21,388",,Emerson Ivanov,101452,100669,REF-1683,,Standard,100629,,,,100476,,,,,100545,,Active Customer,100558,,,,,,Consulting,100572,,100495,,
100174,Opportunity,106065,omar.cohen@examplecorp.test,Omar Sloan,2026-01-06 15:19:00,liam.mercer@demomail.test,Emerson Brooks,2023-08-31 07:39:00,quinn.sato@demomail.test,Casey Larsson,2026-07-21 18:33:00,riley.whitfield@demomail.test,,2024-04-30 06:13:00,N,Delta Holdings Corp - Staff Augmentation,,,Dead,100606,,REF-2699,100555,REF-7097,103535,,,,Event,100319,Inactive,,,,,,,,,,,Standard,100405,"33,468",,Reese Blake,101534,,,100022,SMB,,,,,100465,,,,,100490,,Prospect,100232,,,,,100439,Offshore Team,100747,,100632,,104014
100608,Opportunity,106066,liam.ashby@examplecorp.test,Omar Silva,2024-03-25 07:30:00,reese.blake@sampleco.test,Mei Dorsey,2025-06-20 14:45:00,chen.cohen@demomail.test,Riley Cohen,2024-07-01 16:07:00,morgan.vance@acme-fake.test,,2026-03-15 11:48:00,Y,Copper Group Corp - Payroll,,100704,Closed Lost,100173,TAG-3313,TAG-8291,100471,REF-1875,102049,,,,Cold Outreach,,Inactive,,,,,,100410,,,,"28,156",,100023,"11,723",,Liam Patel,100838,100790,,100071,New Logo,100231,,,,100768,,100264,,,100087,,Active Customer,100089,,,,,,Back Office,,,100448,,104758
100779,Opportunity,106068,aisha.larsson@examplecorp.test,Nina Calder,2024-09-09 01:04:00,emerson.mensah@acme-fake.test,Rahul Brooks,2023-11-15 16:18:00,reese.blake@sampleco.test,Jordan Calder,2025-01-10 00:24:00,jordan.ford@acme-fake.test,,2023-12-05 11:20:00,N,Falcon Capital Corp - Recruiting,,100451,Closed Lost,100638,,LOT-8191,100509,LOT-1452,103630,,,,Inbound Call,100193,Inactive,,,,,,100233,,,,,Gamma,,"7,144",,Elena Calder,100805,,TAG-5769,100050,Standard,100730,,,,100473,,,,,100096,,Active Customer,100423,,,,,,Staff Augmentation,100239,,100770,,104801
100073,Opportunity,106070,morgan.dorsey@sampleco.test,Priya Vance,2024-02-01 19:03:00,aisha.dorsey@demomail.test,Aisha Costa,2026-02-08 21:57:00,emerson.costa@demomail.test,Fatima Silva,2023-05-11 20:07:00,casey.nguyen@acme-fake.test,,2025-02-28 01:49:00,N,Delta Retail Corp - Managed Services,,,Closed Lost,100765,,TAG-4353,100726,SKU-2335,104596,,,,Partner,100434,Inactive,,,,,,100396,,100465,,"306,522",,,"14,874",2487,Noah Patel,101518,100147,SKU-7828,100153,Enterprise,100211,,,,100087,,100125,Gamma,,100236,,Active Customer,100026,,,,,100253,Managed Services,100468,,100260,,
100494,Opportunity,106072,drew.mercer@sampleco.test,Mei Vance,2025-11-20 22:37:00,yara.sloan@demomail.test,Arjun Ford,2026-02-02 17:59:00,morgan.whitfield@sampleco.test,Sofia Whitfield,2023-07-23 03:14:00,avery.ashby@demomail.test,Noah Mercer,2025-09-30 07:40:00,Y,Brightpath Group Corp - Consulting,,,On Hold,100634,,SKU-6424,100035,SKU-8866,103190,,,,Inbound Call,100232,Active,,,,,,100784,,,,"12,942",Beta,,,7504,Emerson Reyes,,100399,LOT-5248,,Renewal,100639,,,,100423,,100490,,,100253,,Prospect,100555,,,,,100152,Recruiting,,,100415,,
100386,Opportunity,106073,taylor.ashby@sampleco.test,Jamie Larsson,2026-01-01 06:27:00,jamie.mercer@examplecorp.test,Riley Blake,2023-01-17 20:11:00,taylor.nguyen@demomail.test,Noah Reyes,2023-11-08 14:36:00,aisha.ford@demomail.test,,2026-05-16 16:16:00,Y,Lakeside Solutions Group - Consulting,,100050,Qualification,100199,,SKU-1760,100309,TAG-9633,102928,,,,LinkedIn,100664,Active,,,,,,100475,,100478,,"186,726",Beta,100263,"28,872",4136,Avery Ivanov,101197,100487,,100115,Enterprise,100558,,,,100286,,,,,100156,,Active Customer,100023,,,,,100680,Staff Augmentation,100429,,100710,,104018
100664,Opportunity,106076,rahul.sato@sampleco.test,Yara Okafor,2023-05-08 16:26:00,priya.dorsey@sampleco.test,Arjun Silva,2023-06-21 16:11:00,skyler.vance@demomail.test,Emerson Sloan,2024-03-04 21:18:00,emerson.ashby@acme-fake.test,,2022-11-14 14:19:00,Y,Evergreen Dynamics Inc - Managed Services,,100392,Discovery,100733,SKU-7288,TAG-4071,100439,LOT-5399,103040,,,,Inbound Call,100770,Active,,,,,,100414,,100152,,"324,042",,100142,"30,430",6716,Jamie Calder,101115,100120,REF-2148,,New Logo,100454,,,,100466,,100512,Standard,,100291,,Prospect,100386,,,,,100574,Managed Services,100661,,100410,,
100578,Opportunity,106078,nina.sloan@acme-fake.test,Taylor Ashby,2026-02-27 11:27:00,fatima.garcia@examplecorp.test,Elena Silva,2025-03-03 07:56:00,quinn.calder@acme-fake.test,Noah Whitfield,2022-11-28 13:54:00,riley.rossi@examplecorp.test,,2025-07-15 15:55:00,N,Meridian Solutions - Managed Services,,100250,Closed Won,100751,,TAG-3554,100535,LOT-9033,102461,,,,LinkedIn,100193,Inactive,,,,,,100741,,,,,,100173,"14,699",,Yara Ashby,101479,100231,,100100,SMB,,,,,100204,,100405,Standard,,100385,,Active Customer,100782,,,,,,Back Office,,,100242,,102699
100392,Opportunity,106081,chen.blake@demomail.test,Nina Rossi,2026-07-24 02:27:00,priya.mercer@sampleco.test,Diego Ashby,2026-01-22 17:21:00,priya.silva@acme-fake.test,Avery Haddad,2026-04-27 11:52:00,liam.sato@sampleco.test,,2023-08-09 21:00:00,Y,Copper Textiles Co - Payroll,,100278,Dead,100791,SKU-5314,LOT-6541,100100,SKU-8242,103910,,,,Webinar,,Inactive,,,,,,,,100784,,"70,953",,,"2,762",,Taylor Vance,,100718,,,New Logo,100378,,,,100232,,100077,,,100785,,Prospect,100203,,,,,100458,Offshore Team,100516,,100490,,
100185,Opportunity,106082,aisha.ivanov@sampleco.test,Reese Nguyen,2026-07-30 17:01:00,marco.calder@sampleco.test,Elena Ashby,2024-10-27 03:51:00,fatima.reyes@acme-fake.test,Skyler Brooks,2023-04-19 17:48:00,jordan.costa@sampleco.test,,2022-12-23 14:28:00,Y,Redwood Analytics Co - Managed Services,,100418,Discovery,100435,,SKU-5967,100550,REF-9110,103698,,,,Referral,100389,Active,,,,,,100774,,100162,,,Beta,,"5,066",,Jordan Ford,100947,,,,SMB,,,,,100595,,100718,,,100007,,Active Customer,100062,,,,,,Managed Services,100399,,100726,,
100169,Opportunity,106084,jordan.rossi@sampleco.test,Chen Patel,2024-04-25 20:04:00,rahul.garcia@acme-fake.test,Priya Ivanov,2024-03-18 11:43:00,rowan.sato@acme-fake.test,Emerson Cohen,2023-01-04 10:42:00,jordan.larsson@demomail.test,,2023-10-16 22:31:00,N,Keystone Robotics LLP - Managed Services,,100284,Closed Won,100096,,REF-5008,100352,SKU-8920,103338,,,,Partner,100155,Inactive,,,,,,100317,,,,,,100118,,7131,Reese Vance,,100231,,100471,New Logo,,,,,100303,,100696,,,,,Prospect,100648,,,,,,Consulting,,,100375,,103150
100730,Opportunity,106087,priya.kim@acme-fake.test,Avery Larsson,2022-11-02 08:42:00,mei.rossi@demomail.test,Nina Reyes,2024-04-30 01:59:00,nina.ford@acme-fake.test,Priya Calder,2024-05-11 09:40:00,mei.calder@sampleco.test,,2023-05-17 06:28:00,Y,Summit Textiles LLC - Staff Augmentation,,,Closed Won,100574,SKU-5250,REF-4442,100284,REF-8347,104105,,,,Website,100242,Inactive,,,,,,100470,,100564,,,,,,,Avery Okafor,101105,,SKU-8048,,Enterprise,100328,,,,100210,,100311,Delta,,100208,,Active Customer,100023,,,,,100168,Back Office,100263,,100473,,
100286,Opportunity,106090,priya.ford@sampleco.test,Rahul Ashby,2025-04-01 23:41:00,rahul.dorsey@examplecorp.test,Chen Mensah,2023-04-14 11:27:00,mei.whitfield@demomail.test,Aisha Rossi,2024-01-27 04:49:00,diego.whitfield@sampleco.test,,2026-07-21 09:36:00,Y,Redwood Networks Corp - Back Office,,,Closed Won,100014,,SKU-3316,100407,SKU-3851,102065,,,,Webinar,,Inactive,,,,,,100423,,,,,,,"38,811",3350,Avery Okafor,101497,100629,,,Standard,,,,,100086,,,,,100645,,Prospect,100038,,,,,,Payroll,100161,,100061,,
100295,Opportunity,106092,arjun.nguyen@examplecorp.test,Diego Mercer,2023-02-05 14:31:00,marco.larsson@sampleco.test,Noah Vance,2026-05-07 06:58:00,riley.dorsey@sampleco.test,Priya Ashby,2025-06-02 04:01:00,morgan.sloan@acme-fake.test,,2025-12-30 01:38:00,N,Granite Manufacturing Ltd - Managed Services,,100038,Dead,100529,SKU-7764,LOT-5783,100787,REF-1901,102958,,,,Cold Outreach,100473,Inactive,,,,,,100398,,100314,,"203,369",Delta,100219,"5,637",,Casey Ivanov,101646,100119,,100758,Enterprise,100438,,,,100664,,,,,,,Active Customer,100606,,,,,100087,Recruiting,,,100214,,
100694,Opportunity,106093,priya.costa@sampleco.test,Arjun Whitfield,2024-12-05 14:01:00,fatima.nguyen@acme-fake.test,Noah Garcia,2024-04-15 12:28:00,chen.vance@demomail.test,Omar Sloan,2025-12-28 03:06:00,priya.mercer@acme-fake.test,,2026-03-25 10:38:00,Y,Meridian Group LLP - Staff Augmentation,,,Discovery,100332,,SKU-9807,100762,LOT-1382,104180,,,,Website,100739,Active,,,,,,100775,,,,"212,755",,100389,"19,313",,Jamie Haddad,101160,100599,,100142,Enterprise,100094,,,,100446,,,,,,,Prospect,100691,,,,,100671,Consulting,100702,,100153,,103699
100089,Opportunity,106094,chen.rossi@demomail.test,Alex Cohen,2026-01-12 12:25:00,morgan.rossi@demomail.test,Rowan Ford,2025-07-31 05:12:00,skyler.calder@sampleco.test,Rahul Okafor,2023-06-07 13:56:00,fatima.rossi@demomail.test,,2025-01-25 07:17:00,N,Horizon Foods LLC - Payroll,,,Discovery,100451,,TAG-9777,100519,SKU-5284,103485,,,,LinkedIn,,Active,,,,,,,,100336,,"381,389",Delta,,"2,739",,Taylor Sato,101065,,LOT-1869,100727,New Logo,100271,,,,100739,,,,,,,Prospect,100307,,,,,,Offshore Team,100236,,100762,,
100412,Opportunity,106097,chen.haddad@demomail.test,Jordan Ivanov,2023-04-29 08:48:00,rowan.patel@demomail.test,Skyler Dorsey,2023-08-02 04:12:00,noah.okafor@examplecorp.test,Diego Sato,2024-09-14 12:07:00,priya.calder@examplecorp.test,,2025-03-21 15:06:00,N,Pioneer Health Ltd - Recruiting,,,Qualification,100791,,LOT-5564,100467,LOT-3659,104335,,,,Referral,,Active,,,,,,,,100451,,"111,222",,,"32,046",,Omar Brooks,100860,,LOT-8716,,Standard,100244,,,,100086,,100421,,,,,Prospect,100271,,,,,,Consulting,100696,Other,100398,,
100328,Opportunity,106099,rahul.mercer@sampleco.test,Fatima Reyes,2023-05-26 02:50:00,nina.vance@sampleco.test,Quinn Nguyen,2025-02-02 16:28:00,mei.dorsey@demomail.test,Emerson Sato,2023-09-19 16:24:00,yara.okafor@sampleco.test,,2025-12-13 01:17:00,N,Ironwood Networks Group - Recruiting,,,Discovery,100423,,TAG-9746,100019,SKU-1709,104321,,,,Referral,100182,Active,,,,,,100503,,100606,,,Gamma,100683,"11,318",1073,Elena Garcia,101308,,SKU-8368,100784,New Logo,,,,,100659,,100355,,,100458,,Active Customer,100173,,,,,100665,Recruiting,100133,,100094,,
100558,Opportunity,106102,rahul.larsson@demomail.test,Priya Ivanov,2024-02-19 13:31:00,mei.ivanov@demomail.test,Emerson Rossi,2025-06-28 21:39:00,quinn.larsson@demomail.test,Diego Silva,2025-10-07 17:23:00,jordan.kim@sampleco.test,,2025-08-30 22:33:00,N,Cobalt Foods LLP - Consulting,,,Closed Won,100040,,SKU-2456,100519,TAG-1657,102665,,,,LinkedIn,100231,Inactive,,,,,,,,100291,,"77,950",Alpha,,"25,342",,Noah Nguyen,100850,100205,,,New Logo,100271,,,,100465,,,,,100396,,Prospect,100348,,,,,,Recruiting,100119,,100740,,
100475,Opportunity,106105,noah.haddad@examplecorp.test,Rowan Vance,2022-10-31 04:46:00,casey.nguyen@demomail.test,Taylor Costa,2024-03-08 17:10:00,omar.ashby@examplecorp.test,Chen Silva,2023-04-26 06:06:00,yara.costa@examplecorp.test,,2024-09-11 07:50:00,N,Pioneer Health Co - Offshore Team,,,Qualification,100671,SKU-6718,REF-4912,100172,SKU-5580,104637,,,,Website,,Active,,,,,,100168,,,,,,100349,,304,Yara Sato,100913,100372,TAG-1315,,SMB,,,,,100442,,100658,,,100073,,Prospect,100178,,,,,100496,Recruiting,100471,,100428,,
100718,Opportunity,106108,alex.ashby@examplecorp.test,Noah Nguyen,2023-11-16 05:38:00,jamie.sloan@acme-fake.test,Alex Blake,2025-12-16 08:36:00,jordan.okafor@sampleco.test,Yara Costa,2023-11-13 23:42:00,rahul.sloan@examplecorp.test,Elena Mensah,2026-06-02 17:16:00,Y,Keystone Labs Corp - Offshore Team,,100098,Qualification,100203,SKU-9074,REF-9568,100019,SKU-7390,102784,,,,Cold Outreach,,Active,,,,,,,,100325,,,,100727,"3,835",,Mei Okafor,101570,100721,,100661,Renewal,,,,,100094,,,Delta,,100382,,Active Customer,100516,,,,,,Managed Services,,,100181,,
100532,Opportunity,106109,marco.larsson@sampleco.test,Rahul Brooks,2023-01-24 07:39:00,skyler.mercer@sampleco.test,Priya Ashby,2024-05-17 12:34:00,drew.dorsey@sampleco.test,Aisha Sato,2023-06-24 17:20:00,riley.vance@acme-fake.test,,2025-07-20 10:14:00,Y,Pioneer Ventures Ltd - Recruiting,,,Closed Won,100118,,SKU-5813,100469,TAG-5333,102779,,,,Cold Outreach,100724,Inactive,,,,,,,,,,"181,743",,100432,"8,707",,Elena Patel,100841,100396,TAG-8523,100552,Enterprise,100077,,,,100624,,,,,,,Prospect,100023,,,,,100696,Consulting,,,100007,,103251
100219,Opportunity,106112,taylor.larsson@acme-fake.test,Priya Blake,2023-03-22 20:59:00,morgan.garcia@demomail.test,Quinn Okafor,2025-08-29 20:03:00,skyler.nguyen@sampleco.test,Rahul Nguyen,2025-02-18 06:52:00,quinn.vance@sampleco.test,,2025-11-16 06:30:00,N,Everest Labs Ltd - Back Office,,100133,Discovery,100454,,TAG-5015,100400,TAG-7346,101968,,,,Website,100226,Active,,,,,,100503,,,,"126,934",,100645,,,Fatima Patel,101331,100484,,,SMB,100392,,,,100496,,100667,,,100561,,Prospect,100650,,,,,100300,Back Office,,,100552,,102267
100022,Opportunity,106114,noah.ford@acme-fake.test,Fatima Haddad,2024-06-24 13:19:00,marco.sato@acme-fake.test,Elena Garcia,2022-10-11 17:00:00,jordan.ford@demomail.test,Arjun Calder,2022-10-04 17:56:00,chen.ashby@examplecorp.test,,2025-09-23 14:42:00,Y,Meridian Logistics Inc - Offshore Team,,,Discovery,100112,,REF-3437,100601,TAG-6347,102473,,,,Cold Outreach,100130,Active,,,,,,,,100494,,"369,297",,,"32,733",,Aisha Ashby,,100691,,,Standard,100608,,,,100634,,100564,,,100253,,Prospect,100117,,,,,100295,Offshore Team,100632,,100371,,
100096,Opportunity,106115,mei.rossi@demomail.test,Yara Ivanov,2024-12-24 02:02:00,chen.mensah@demomail.test,Rahul Sato,2024-12-15 01:32:00,avery.sloan@examplecorp.test,Casey Cohen,2024-09-19 10:30:00,jordan.ashby@acme-fake.test,,2026-07-19 20:08:00,Y,Falcon Retail Group - Recruiting,,100121,Proposal Sent,100156,,TAG-5292,100740,LOT-9413,103288,,,,Inbound Call,,Active,,,,,,,,,,"245,756",,100487,"1,227",,Mei Sato,,100149,,,SMB,100522,,,,100172,,100068,Delta,,,,Active Customer,100211,,,,,,Managed Services,100498,,100028,,
100214,Opportunity,106116,emerson.silva@demomail.test,Marco Brooks,2026-07-21 10:31:00,noah.sloan@sampleco.test,Taylor Nguyen,2023-12-12 16:54:00,marco.sato@demomail.test,Sofia Patel,2025-07-14 09:43:00,skyler.nguyen@demomail.test,,2026-05-07 02:44:00,N,Lakeside Solutions - Staff Augmentation,,,Dead,100750,LOT-2116,LOT-9966,100315,SKU-7776,102559,,,,Website,,Inactive,,,,,,,,100410,,"285,054",Alpha,100606,"4,880",,Nina Sato,101501,100079,LOT-1589,,Standard,100704,,,,100320,,100516,Other,,100622,,Active Customer,100490,,,,,100438,Managed Services,,,100639,,102987
100012,Opportunity,106118,sofia.brooks@sampleco.test,Sofia Ashby,2022-10-09 08:07:00,drew.mercer@sampleco.test,Nina Dorsey,2026-07-10 03:30:00,elena.ivanov@demomail.test,Casey Ashby,2026-01-07 06:50:00,casey.ashby@sampleco.test,,2026-05-20 00:15:00,N,Vertex Health LLP - Offshore Team,,,Discovery,100784,REF-3315,TAG-7219,100033,LOT-5829,103711,,,,Inbound Call,100350,Active,,,,,,100073,,100380,,,,,"5,287",,Chen Costa,,,LOT-5119,100441,SMB,,,,,100236,,100565,,,100791,,Active Customer,100343,,,,,100372,Consulting,100468,,100558,,103666
100462,Opportunity,106119,reese.larsson@acme-fake.test,Aisha Reyes,2023-05-09 09:01:00,taylor.vance@demomail.test,Yara Mercer,2025-05-30 09:48:00,nina.silva@acme-fake.test,Liam Dorsey,2025-05-01 08:32:00,yara.whitfield@examplecorp.test,,2026-03-30 09:40:00,N,Meridian Energy Ltd - Offshore Team,,100169,Discovery,100665,REF-7240,SKU-9151,100558,REF-2226,,,,,LinkedIn,100103,Active,,,,,,,,100257,,,,100638,"6,898",,Drew Mensah,100862,100785,,100664,Standard,100269,,,,100336,,100535,,,,,Active Customer,100076,,,,,100412,Recruiting,100021,,100174,Standard,102427
100047,Opportunity,106120,omar.dorsey@sampleco.test,Alex Sato,2023-11-29 20:42:00,skyler.mercer@examplecorp.test,Jordan Sato,2023-04-25 13:35:00,taylor.cohen@demomail.test,Nina Sloan,2023-07-07 20:16:00,quinn.mercer@examplecorp.test,,2025-02-10 07:22:00,Y,Granite Retail Ltd - Offshore Team,,100432,Closed Lost,100137,LOT-3050,SKU-6815,100472,TAG-1096,103991,,,,Partner,100336,Inactive,,,,,,100320,,100033,,,,100407,"16,836",,Mei Brooks,101259,,TAG-7308,100115,Standard,,,,,100552,,,,,100758,,Prospect,100555,,,,,,Managed Services,100470,,100147,,102627
100328,Opportunity,106122,fatima.ashby@acme-fake.test,Reese Dorsey,2026-04-26 02:49:00,rowan.ashby@sampleco.test,Liam Haddad,2025-11-28 19:30:00,aisha.okafor@sampleco.test,Reese Okafor,2026-06-07 20:11:00,sofia.mercer@demomail.test,Casey Sloan,2026-04-28 08:18:00,N,Pioneer Retail Inc - Offshore Team,,100125,On Hold,100250,,SKU-9387,100504,LOT-4040,102120,,,,Cold Outreach,100319,Active,,,,,,100156,,,,"172,602",,,"35,816",,Taylor Nguyen,101483,100058,LOT-4334,100317,Enterprise,,,,,100214,,100559,Gamma,,100751,,Active Customer,100522,,,,,100317,Consulting,100253,,100606,,103346
100335,Opportunity,106125,jordan.nguyen@examplecorp.test,Emerson Dorsey,2025-01-03 23:58:00,diego.ivanov@sampleco.test,Fatima Vance,2023-04-05 12:28:00,reese.sato@acme-fake.test,Omar Silva,2025-04-24 09:56:00,diego.silva@examplecorp.test,,2023-06-10 02:48:00,Y,Brightpath Capital Inc - Recruiting,,,Closed Lost,100253,TAG-5123,REF-2298,100448,TAG-4259,102171,,,,Event,100765,Inactive,,,,,,,,,,"296,706",,100322,"16,650",,Jamie Garcia,,,TAG-3375,,New Logo,100286,,,,100724,,100435,,,100153,,Prospect,100053,,,,,,Consulting,100704,,100210,,102153
100053,Opportunity,106128,riley.whitfield@demomail.test,Jordan Calder,2023-04-18 23:11:00,aisha.sato@sampleco.test,Riley Nguyen,2025-09-25 06:55:00,yara.dorsey@demomail.test,Arjun Okafor,2024-05-13 05:28:00,skyler.okafor@demomail.test,,2023-05-25 23:49:00,N,Cardinal Industries Co - Consulting,,,Qualification,100026,,TAG-8116,100490,SKU-1774,104509,,,,Cold Outreach,,Active,,,,,,100596,,100471,,"261,929",Standard,100244,"18,746",7129,Rowan Reyes,101553,,LOT-6754,100743,Renewal,,,,,100392,,100382,,,100743,,Active Customer,100145,,,,,100435,Payroll,100098,,100137,,103575
100247,Opportunity,106130,noah.larsson@demomail.test,Avery Kim,2026-07-16 01:00:00,chen.patel@acme-fake.test,Mei Whitfield,2024-04-14 02:07:00,fatima.calder@acme-fake.test,Jordan Vance,2026-01-18 02:55:00,skyler.patel@demomail.test,,2023-09-12 05:49:00,N,Redwood Robotics Co - Payroll,,100672,Closed Won,100791,,SKU-8157,100730,TAG-2071,104406,,,,Cold Outreach,,Inactive,,,,,,,,,,"488,386",,100658,"12,386",,Liam Ford,100981,,,100224,Enterprise,100768,,,,100665,,,Standard,,,,Active Customer,100751,,,,,100652,Offshore Team,100185,,100550,,104613
100040,Opportunity,106131,yara.ashby@acme-fake.test,Chen Ford,2023-09-19 13:54:00,rowan.whitfield@demomail.test,Emerson Reyes,2024-08-13 02:43:00,emerson.whitfield@examplecorp.test,Marco Garcia,2026-04-24 06:26:00,riley.cohen@examplecorp.test,,2026-05-20 10:40:00,N,Beacon Retail Corp - Back Office,,100292,Discovery,100410,,SKU-3560,100263,TAG-8108,103648,,,,Referral,100558,Active,,,,,,100369,,,,"147,411",Beta,,"12,306",4647,Liam Costa,,,SKU-7383,100768,New Logo,,,,,100340,,,,,100156,,Prospect,100365,,,,,100147,Staff Augmentation,100579,,100770,,102189
100349,Opportunity,106134,noah.rossi@examplecorp.test,Skyler Patel,2025-02-22 22:35:00,riley.nguyen@sampleco.test,Chen Patel,2025-10-27 13:00:00,sofia.costa@sampleco.test,Quinn Ford,2023-06-26 09:53:00,yara.rossi@demomail.test,,2024-12-13 05:30:00,Y,Silverline Foods LLP - Offshore Team,,,Qualification,100393,,REF-3840,100747,LOT-4007,104582,,,,Webinar,100199,Active,,,,,,100484,,,,,,100555,,,Drew Costa,101262,,LOT-8102,100680,Enterprise,,,,,100672,,,,,,,Prospect,100579,,,,,,Payroll,100596,,100214,,104548
100396,Opportunity,106136,omar.patel@examplecorp.test,Reese Sloan,2023-11-16 09:38:00,nina.cohen@examplecorp.test,Diego Cohen,2023-10-31 19:39:00,elena.mensah@acme-fake.test,Arjun Haddad,2024-05-18 00:19:00,jamie.sloan@examplecorp.test,,2025-08-15 14:39:00,Y,Brightpath Retail Inc - Back Office,,,On Hold,100288,,LOT-2835,100348,LOT-6276,103328,,,,Event,,Active,,,,,,100380,,,,"408,814",Beta,100375,"15,431",,Rahul Calder,,100281,REF-7234,,Enterprise,,,,,100739,,100414,,,100707,,Prospect,100565,,,,,100414,Managed Services,,,100152,,102509
100221,Opportunity,106137,aisha.reyes@demomail.test,Mei Ashby,2023-11-05 03:18:00,rahul.brooks@demomail.test,Sofia Ivanov,2023-04-21 02:09:00,riley.brooks@demomail.test,Sofia Silva,2026-06-22 23:37:00,skyler.mensah@sampleco.test,,2024-05-24 13:00:00,N,Delta Solutions Inc - Managed Services,,,Discovery,100632,,TAG-4375,100109,SKU-7414,104003,,,,Cold Outreach,100096,Active,,,,,,100457,,,,"447,607",Other,,"29,920",,Mei Patel,,,,100702,Renewal,,,,,100765,,100714,,,100134,,Prospect,100021,,,,,100776,Back Office,,,100438,,104840
100325,Opportunity,106139,aisha.larsson@demomail.test,Avery Sato,2024-10-15 20:36:00,omar.rossi@sampleco.test,Priya Sato,2024-07-31 13:03:00,marco.dorsey@examplecorp.test,Taylor Costa,2026-02-21 00:24:00,noah.vance@demomail.test,Sofia Costa,2026-04-26 18:15:00,Y,Ironwood Manufacturing Group - Back Office,,100467,Negotiation,100415,,REF-7577,100096,SKU-8012,104703,,,,Webinar,100083,Active,,,,,,100671,,100382,,"36,841",Delta,100514,"26,179",,Sofia Silva,101122,100650,SKU-7078,,Renewal,100155,,,,100770,,100667,,,,,Active Customer,100375,,,,,100525,Payroll,100309,,100733,,103871
100671,Opportunity,106142,aisha.sloan@demomail.test,Casey Ford,2026-06-15 04:29:00,jamie.rossi@demomail.test,Riley Ford,2025-05-29 21:38:00,nina.ashby@acme-fake.test,Noah Nguyen,2023-08-24 01:40:00,sofia.sloan@demomail.test,Nina Sloan,2025-01-12 02:32:00,N,Ironwood Robotics LLP - Consulting,,100512,Proposal Sent,100552,,REF-6303,100361,TAG-4926,102152,,,,Inbound Call,100555,Active,,,,,,100378,,,,,Alpha,100697,"27,076",,Avery Larsson,,100453,,,Enterprise,,,,,100121,,,Delta,,100639,,Active Customer,100291,,,,,,Consulting,100774,,100688,,103298
100349,Opportunity,106143,taylor.ivanov@examplecorp.test,Skyler Sato,2024-04-17 17:03:00,nina.larsson@examplecorp.test,Quinn Dorsey,2023-12-11 16:09:00,elena.vance@examplecorp.test,Avery Okafor,2023-10-20 06:31:00,priya.silva@demomail.test,,2024-12-21 01:15:00,N,Pioneer Capital LLC - Payroll,,100250,Negotiation,100281,,TAG-4814,100490,TAG-6410,104615,,,,LinkedIn,100718,Active,,,,,,100669,,,,,Standard,,"35,783",,Morgan Ivanov,101770,,LOT-4344,,Standard,100481,,,,100028,,100112,Standard,,100155,,Active Customer,100739,,,,,100076,Consulting,,,100335,,103920
100396,Opportunity,106145,aisha.rossi@demomail.test,Elena Blake,2024-01-31 07:59:00,rahul.garcia@demomail.test,Drew Calder,2024-06-28 23:41:00,diego.nguyen@acme-fake.test,Drew Calder,2026-02-26 10:05:00,fatima.okafor@acme-fake.test,,2023-08-08 18:28:00,N,Silverline Media Co - Offshore Team,,100460,Qualification,100782,,TAG-2063,100194,LOT-6184,103174,,,,Partner,100441,Active,,,,,,,,,,,,,887,,Fatima Garcia,,100182,LOT-9005,,Standard,,,,,100694,,100672,,,100791,,Prospect,100296,,,,,100161,Staff Augmentation,100570,Alpha,100156,,
100727,Opportunity,106148,rowan.patel@demomail.test,Emerson Silva,2025-10-09 02:21:00,avery.ashby@acme-fake.test,Priya Kim,2023-01-26 06:24:00,noah.sato@acme-fake.test,Alex Larsson,2023-11-02 05:43:00,reese.haddad@examplecorp.test,,2025-10-03 05:14:00,Y,Ironwood Retail Co - Managed Services,,100713,Dead,100470,,SKU-2700,100565,LOT-8745,104876,,,,Partner,,Inactive,,,,,,,,,,"420,887",Beta,100714,"32,592",,Mei Haddad,,,,,New Logo,,,,,100033,,100196,,,100267,,Prospect,100561,,,,,,Staff Augmentation,,,100786,,103338
100043,Opportunity,106149,alex.reyes@sampleco.test,Liam Reyes,2026-01-22 03:46:00,jordan.whitfield@acme-fake.test,Skyler Ford,2025-03-29 22:27:00,chen.costa@sampleco.test,Drew Larsson,2023-05-06 20:42:00,rowan.costa@demomail.test,,2025-09-17 02:26:00,N,Harbor Group Co - Recruiting,,100305,Closed Won,100516,LOT-2658,REF-8288,100012,REF-7419,104357,,,,Event,100697,Inactive,,,,,,,,100606,,"394,189",Beta,,"26,039",,Liam Rossi,101776,100721,,,New Logo,100120,,,,100418,,100291,,,,,Prospect,100199,,,,,100322,Consulting,100383,,100134,,103871
100516,Opportunity,106152,casey.calder@examplecorp.test,Reese Cohen,2026-01-12 14:20:00,morgan.reyes@examplecorp.test,Noah Ford,2022-11-12 10:38:00,rowan.whitfield@examplecorp.test,Rowan Brooks,2023-04-10 11:39:00,jordan.calder@sampleco.test,,2024-02-15 07:18:00,N,Blue Ridge Ventures Group - Payroll,,100595,Closed Won,100096,,SKU-8985,100096,LOT-2000,102843,,,,Cold Outreach,100128,Inactive,,,,,,100224,,100779,,,Delta,100735,"22,775",,Mei Rossi,101041,,,100675,New Logo,,,,,100467,,100624,,,100753,,Active Customer,100671,,,,,,Back Office,100445,,100398,,
100035,Opportunity,106153,fatima.mercer@sampleco.test,Chen Calder,2023-08-22 22:17:00,drew.mercer@acme-fake.test,Emerson Ashby,2025-03-23 01:16:00,noah.patel@acme-fake.test,Skyler Brooks,2023-03-02 05:41:00,arjun.ivanov@sampleco.test,,2024-03-18 21:35:00,Y,Falcon Dynamics - Staff Augmentation,,100613,Qualification,100494,,REF-5539,100355,LOT-2414,104286,,,,Partner,100550,Active,,,,,,100047,,,,"88,613",Other,,,,Rahul Okafor,101001,,,,Enterprise,100785,,,,100404,,100741,,,100372,,Prospect,100593,,,,,,Staff Augmentation,100134,,100762,,
100153,Opportunity,106154,marco.ford@sampleco.test,Chen Haddad,2025-11-03 05:45:00,yara.nguyen@sampleco.test,Mei Vance,2025-12-29 02:48:00,alex.vance@demomail.test,Alex Nguyen,2024-08-12 06:27:00,fatima.okafor@examplecorp.test,Chen Silva,2024-09-12 12:14:00,N,Vertex Robotics LLP - Managed Services,,,Closed Won,100109,,REF-7132,100782,SKU-1241,103299,,,,Referral,,Inactive,,,,,,100579,,100182,,,,,"22,947",,Jordan Mercer,101552,,,,New Logo,100311,,,,100125,,,Gamma,,,,Prospect,100432,,,,,100278,Consulting,,,100429,,103578
100128,Opportunity,106156,skyler.nguyen@sampleco.test,Omar Okafor,2025-10-29 03:13:00,marco.vance@acme-fake.test,Skyler Costa,2023-06-26 02:37:00,riley.vance@examplecorp.test,Rowan Brooks,2023-10-12 04:28:00,rowan.haddad@examplecorp.test,,2024-08-18 11:20:00,Y,Keystone Analytics - Offshore Team,,100445,Qualification,100215,,LOT-9654,100765,REF-7364,103694,,,,Inbound Call,,Active,,,,,,,,100201,,"116,198",Standard,100733,"28,226",3319,Yara Calder,100863,,LOT-1848,100281,Enterprise,100210,,,,100410,,100699,,,,,Prospect,100776,,,,,,Back Office,100458,,100125,,104746
100741,Opportunity,106159,reese.ashby@examplecorp.test,Yara Blake,2023-10-21 16:57:00,morgan.mercer@acme-fake.test,Diego Patel,2025-12-12 05:05:00,quinn.calder@sampleco.test,Arjun Ivanov,2023-02-01 22:09:00,rahul.whitfield@sampleco.test,,2024-07-07 00:33:00,Y,Keystone Energy LLP - Payroll,,,On Hold,100442,REF-6458,TAG-8013,100761,TAG-9861,101961,,,,Cold Outreach,,Active,,,,,,,,100398,,,,100432,"24,805",,Morgan Larsson,,100629,,100366,Enterprise,100079,,,,100169,,,,,,,Active Customer,100252,,,,,100277,Offshore Team,100050,,100385,,103059
100664,Opportunity,106161,nina.sato@examplecorp.test,Liam Costa,2026-05-15 03:10:00,morgan.brooks@sampleco.test,Alex Mercer,2025-10-10 19:58:00,alex.whitfield@acme-fake.test,Noah Sloan,2023-06-12 00:47:00,jamie.nguyen@demomail.test,,2026-03-07 21:46:00,N,Northwind Textiles Co - Back Office,,100696,On Hold,100751,,LOT-7932,100221,REF-9629,102101,,,,Event,100343,Active,,,,,,,,100096,,"82,616",,100168,"13,886",,Aisha Cohen,101354,100264,,,Standard,,,,,100033,,,,,,,Active Customer,100366,,,,,100178,Staff Augmentation,,,100545,,
100038,Opportunity,106164,noah.cohen@sampleco.test,Morgan Cohen,2026-04-02 08:06:00,riley.larsson@sampleco.test,Emerson Blake,2023-03-31 04:05:00,mei.larsson@sampleco.test,Mei Haddad,2022-10-28 20:03:00,jamie.nguyen@sampleco.test,,2024-02-05 12:56:00,N,Falcon Financial Inc - Consulting,,,Qualification,100721,REF-7899,REF-8615,100089,LOT-2102,104189,,,,Referral,100750,Active,,,,,,,,100779,,"31,582",,100545,"22,171",,Avery Patel,,,,100702,Enterprise,,,,,100335,,100694,,,100303,,Active Customer,100740,,,,,100451,Managed Services,100033,,100410,,102485
100077,Opportunity,106167,quinn.silva@sampleco.test,Nina Ashby,2023-12-11 21:44:00,aisha.haddad@acme-fake.test,Chen Brooks,2023-12-03 03:49:00,jordan.dorsey@sampleco.test,Alex Calder,2023-03-02 08:06:00,taylor.sloan@examplecorp.test,,2026-06-23 12:16:00,Y,Redwood Robotics - Offshore Team,,100606,Negotiation,100635,,LOT-2016,100405,LOT-6319,103085,,,,Referral,,Active,,,,,,100442,,100639,,"138,758",,,"28,937",3335,Chen Haddad,,100314,,100257,SMB,100652,,,,100303,,100512,,,100660,,Prospect,100357,,,,,100188,Payroll,,,100188,,104766
100496,Opportunity,106168,chen.mensah@acme-fake.test,Riley Blake,2022-12-12 03:50:00,diego.vance@examplecorp.test,Liam Ivanov,2026-07-12 02:08:00,mei.nguyen@sampleco.test,Priya Vance,2024-04-29 08:35:00,drew.calder@examplecorp.test,,2023-10-23 13:44:00,N,Ironwood Solutions LLP - Recruiting,,,Closed Lost,100233,,LOT-7721,100112,LOT-6428,102315,,,,Event,100061,Inactive,,,,,,100322,,100174,,"76,365",,,"14,471",,Elena Rossi,101024,100785,,100451,Renewal,100244,,,,100399,,,,,,,Active Customer,100439,,,,,100012,Staff Augmentation,,,100503,,103652
100086,Opportunity,106171,priya.ivanov@sampleco.test,Omar Okafor,2024-06-14 04:30:00,yara.okafor@acme-fake.test,Aisha Mercer,2025-07-23 16:58:00,chen.larsson@sampleco.test,Riley Calder,2025-01-22 12:14:00,morgan.kim@examplecorp.test,Fatima Okafor,2025-06-01 02:11:00,N,Silverline Dynamics Group - Recruiting,,,Closed Won,100661,,LOT-5895,100137,TAG-6650,102058,,,,LinkedIn,,Inactive,,,,,,,,,,"249,449",,100389,"11,676",,Avery Haddad,101567,,TAG-4790,,Enterprise,100522,,,,100465,,,,,100292,,Prospect,100205,,,,,100622,Offshore Team,100516,,100576,,
100350,Opportunity,106174,nina.brooks@demomail.test,Liam Mensah,2023-10-23 00:55:00,reese.rossi@sampleco.test,Arjun Sato,2026-03-23 06:01:00,mei.patel@examplecorp.test,Liam Nguyen,2023-06-24 08:05:00,mei.mensah@sampleco.test,,2025-04-20 14:25:00,N,Northwind Media LLP - Offshore Team,,100713,Closed Lost,100172,,TAG-6826,100365,SKU-6911,103711,,,,Partner,,Inactive,,,,,,,,,,"288,216",,100407,"5,579",1087,Arjun Vance,101684,100624,REF-4906,,Renewal,100399,,,,100014,,,Delta,,,,Active Customer,100574,,,,,100380,Recruiting,,,100076,,102014
100420,Opportunity,106175,elena.rossi@demomail.test,Rowan Sato,2024-10-25 13:22:00,priya.mercer@examplecorp.test,Noah Silva,2026-07-05 01:54:00,chen.okafor@acme-fake.test,Rahul Ashby,2026-04-11 15:46:00,jordan.sloan@examplecorp.test,,2026-03-29 23:25:00,Y,Everest Solutions Corp - Back Office,,100398,Negotiation,100100,,LOT-7103,100263,LOT-6743,102054,,,,Partner,100029,Active,,,,,,100472,,,,"72,705",Gamma,,"33,693",727,Sofia Larsson,,100400,,,New Logo,100260,,,,100128,,100519,,,100232,,Active Customer,100733,,,,,100267,Managed Services,100758,,100359,,101990
100256,Opportunity,106177,quinn.calder@examplecorp.test,Quinn Sloan,2025-03-05 23:43:00,priya.reyes@sampleco.test,Reese Kim,2024-10-09 04:24:00,rowan.ivanov@acme-fake.test,Drew Okafor,2026-05-04 00:13:00,drew.sloan@sampleco.test,,2025-07-21 05:40:00,Y,Atlas Capital - Recruiting,,,Qualification,100771,TAG-4085,SKU-1136,100601,SKU-4993,102600,,,,Cold Outreach,,Active,,,,,,100495,,100147,,"209,095",,100172,"25,525",,Sofia Okafor,101162,100118,SKU-4737,100273,New Logo,,,,,100680,,100168,,,100153,,Prospect,100740,,,,,,Recruiting,100371,,100569,,104113
100446,Opportunity,106178,avery.brooks@demomail.test,Avery Larsson,2024-11-04 20:28:00,diego.whitfield@examplecorp.test,Riley Nguyen,2024-07-27 18:08:00,chen.mercer@sampleco.test,Jordan Dorsey,2025-08-30 07:02:00,riley.rossi@demomail.test,Yara Dorsey,2024-07-21 03:12:00,N,Northwind Partners Ltd - Consulting,,,Closed Won,100119,REF-8034,TAG-1916,100256,TAG-3651,103993,,,,Event,100191,Inactive,,,,,,,,,,"347,900",,,"16,971",3438,Priya Costa,100966,,TAG-1567,100172,SMB,100349,,,,100462,,100343,,,100775,,Prospect,100659,,,,,,Payroll,,,100369,,102944
100476,Opportunity,106180,diego.haddad@sampleco.test,Chen Haddad,2026-01-20 06:30:00,taylor.haddad@acme-fake.test,Skyler Ivanov,2025-06-01 10:42:00,marco.haddad@examplecorp.test,Diego Blake,2023-09-18 00:31:00,chen.larsson@demomail.test,,2023-03-25 11:40:00,Y,Keystone Media LLC - Offshore Team,,100652,Closed Won,100542,,TAG-4615,100031,,103384,,,,Inbound Call,100332,Inactive,,,,,,100023,,100403,,"459,092",,,"33,746",6709,Liam Sloan,101228,100053,LOT-1693,100721,Enterprise,,,,,100509,,100624,,,,,Active Customer,100784,,,,,100671,Managed Services,100570,,100300,,104191
100568,Opportunity,106182,reese.patel@demomail.test,Jordan Patel,2023-07-04 20:41:00,sofia.calder@sampleco.test,Skyler Larsson,2022-10-08 21:35:00,drew.ashby@sampleco.test,Fatima Ashby,2024-05-15 19:42:00,chen.sato@sampleco.test,,2026-06-18 14:37:00,N,Lakeside Retail Co - Offshore Team,,100392,Proposal Sent,100295,,SKU-4793,100325,REF-8202,103770,,,,Website,100507,Active,,,,,,100067,,,,"489,339",,,"23,914",,Rahul Sato,,,SKU-7976,,Standard,,,,,100420,,100033,,,100219,,Prospect,100512,,,,,100412,Offshore Team,100420,,100029,,
100073,Opportunity,106184,jamie.cohen@sampleco.test,Taylor Rossi,2024-07-04 14:27:00,skyler.vance@examplecorp.test,Arjun Okafor,2026-02-19 06:28:00,reese.haddad@examplecorp.test,Morgan Mensah,2025-10-26 00:26:00,rowan.mercer@sampleco.test,,2023-06-29 19:40:00,Y,Ironwood Labs Corp - Payroll,,,Dead,100119,,REF-7965,100100,LOT-6734,102734,,,,LinkedIn,100389,Inactive,,,,,,100335,,100616,,"85,296",,,"15,497",,Drew Whitfield,100881,,,100747,SMB,100375,,,,100309,,,,,100791,,Prospect,100281,,,,,100570,Staff Augmentation,,,100627,,
100487,Opportunity,106186,sofia.garcia@acme-fake.test,Arjun Brooks,2024-03-16 07:38:00,casey.brooks@demomail.test,Elena Calder,2025-04-04 08:57:00,marco.nguyen@examplecorp.test,Nina Dorsey,2025-11-30 22:19:00,marco.ford@sampleco.test,,2025-04-09 15:11:00,N,Summit Partners Co - Payroll,,,Discovery,100076,REF-8446,TAG-1909,100439,REF-3407,103357,,,,Partner,100475,Active,,,,,,100128,,,,"198,529",Beta,100770,"21,306",,Fatima Whitfield,,,SKU-2428,,Standard,100307,,,,100465,,,,,,,Prospect,100665,,,,,,Payroll,100412,,100771,,
100260,Opportunity,106189,jamie.whitfield@examplecorp.test,Emerson Sloan,2025-06-23 20:18:00,diego.mensah@demomail.test,Morgan Dorsey,2025-07-27 14:09:00,sofia.ford@acme-fake.test,Alex Brooks,2023-08-19 05:11:00,aisha.silva@examplecorp.test,,2025-07-28 02:51:00,Y,Keystone Media Corp - Recruiting,,,On Hold,100086,,SKU-1710,100739,SKU-3796,104731,,,,Partner,100393,Active,,,,,,,,100484,,"42,491",Gamma,100083,"34,969",,Chen Kim,101160,100574,,,SMB,100389,,,,100087,,,,,100686,,Prospect,100028,,,,,100535,Offshore Team,100683,,100494,,102818
100076,Opportunity,106192,avery.sloan@examplecorp.test,Quinn Haddad,2024-07-16 00:18:00,liam.cohen@demomail.test,Elena Whitfield,2026-06-12 02:51:00,fatima.sloan@acme-fake.test,Emerson Reyes,2025-05-21 08:19:00,jamie.blake@examplecorp.test,,2024-11-07 04:09:00,N,Beacon Textiles Co - Consulting,,100348,Dead,100503,,TAG-4896,100273,LOT-5132,103711,,,,Cold Outreach,100335,Inactive,,,,,,100786,,100322,,"394,774",Alpha,,"12,700",,Taylor Sato,,,,100314,Renewal,100619,,,,100073,,100438,,,100014,,Active Customer,100208,,,,,100503,Payroll,,,100632,,102869
100645,Opportunity,106195,skyler.nguyen@demomail.test,Arjun Ford,2024-08-12 02:26:00,mei.costa@demomail.test,Drew Silva,2023-11-03 06:46:00,rahul.silva@acme-fake.test,Jamie Blake,2023-11-02 06:46:00,rahul.garcia@demomail.test,,2024-03-16 16:49:00,Y,Keystone Energy Group - Recruiting,,100429,Dead,100435,,REF-5034,100067,LOT-8147,102374,,,,Website,,Inactive,,,,,,,,100399,,"94,330",,,"14,523",,Drew Costa,101415,100046,LOT-6433,,Enterprise,,,,,100267,,100157,,,,,Active Customer,100299,,,,,,Payroll,100003,,100348,,103595
100702,Opportunity,106197,diego.okafor@demomail.test,Nina Ford,2023-12-12 06:42:00,skyler.garcia@examplecorp.test,Priya Costa,2025-04-06 06:31:00,emerson.ivanov@examplecorp.test,Mei Ashby,2024-06-28 08:05:00,rowan.reyes@examplecorp.test,,2026-04-03 13:46:00,N,Harbor Energy Group - Consulting,,,Closed Lost,100065,,LOT-1870,100174,REF-2692,103281,,,,Partner,,Inactive,,,,,,100309,,,,,,,"32,806",8470,Jamie Silva,101335,100217,,100454,Standard,100770,,,,100299,,,,,100348,,Prospect,100484,,,,,,Offshore Team,,,100117,,104718
100260,Opportunity,106200,fatima.reyes@demomail.test,Arjun Calder,2025-11-09 15:42:00,marco.patel@examplecorp.test,Jamie Sato,2024-05-08 01:28:00,jamie.costa@examplecorp.test,Morgan Brooks,2025-11-25 07:30:00,yara.costa@demomail.test,,2022-11-25 09:42:00,Y,Northwind Media - Consulting,,100667,Negotiation,100181,,SKU-1696,100566,TAG-7123,104462,,,,Event,100284,Active,,,,,,100071,,100343,,"321,087",Standard,100162,"33,059",8737,Chen Kim,101098,,TAG-7272,100386,Standard,100564,,,,100587,,,,,100667,,Prospect,100724,,,,,100172,Offshore Team,100152,,100372,,103356
100250,Opportunity,106203,liam.mensah@sampleco.test,Skyler Vance,2023-03-21 14:38:00,riley.mensah@acme-fake.test,Priya Reyes,2024-02-14 12:56:00,drew.dorsey@acme-fake.test,Avery Haddad,2024-06-06 05:11:00,elena.mercer@acme-fake.test,,2023-10-07 19:34:00,Y,Ironwood Robotics Corp - Consulting,,100661,Discovery,100142,REF-6538,REF-2892,100399,SKU-7744,103553,,,,Inbound Call,100593,Active,,,,,,,,,,"361,959",Standard,,"9,155",335,Priya Calder,100965,100162,,100153,SMB,100142,,,,100062,,100689,,,,,Prospect,100392,,,,,,Back Office,100035,,100751,,103430
100054,Opportunity,106206,chen.calder@examplecorp.test,Omar Silva,2023-12-27 03:26:00,omar.blake@sampleco.test,Rowan Dorsey,2023-07-21 16:40:00,fatima.ford@demomail.test,Emerson Costa,2025-03-04 04:26:00,rahul.reyes@sampleco.test,,2025-09-10 18:58:00,N,Brightpath Networks LLP - Staff Augmentation,,,Qualification,100721,,LOT-5726,100121,LOT-3145,103948,,,,Webinar,100277,Active,,,,,,,,,,"88,918",Beta,100005,"15,537",,Riley Sato,101090,,SKU-8298,,Enterprise,,,,,100454,,,,,,,Prospect,100593,,,,,,Payroll,100271,,100021,,103229
100345,Opportunity,106209,casey.costa@acme-fake.test,Quinn Ashby,2024-10-14 21:45:00,morgan.vance@sampleco.test,Liam Rossi,2023-01-26 15:48:00,sofia.garcia@acme-fake.test,Riley Costa,2025-07-09 20:14:00,reese.brooks@examplecorp.test,,2023-05-29 14:50:00,Y,Harbor Foods LLC - Offshore Team,,,Proposal Sent,100436,SKU-7902,SKU-9375,100203,TAG-4979,,,,,Webinar,,Active,,,,,,100033,,100775,,"480,744",Standard,,,,Jordan Rossi,,,SKU-8237,,Standard,,,,,100309,,100291,,,,,Prospect,100466,,,,,100599,Offshore Team,,,100311,,
100205,Opportunity,106210,diego.sato@sampleco.test,Mei Larsson,2024-12-30 14:45:00,liam.sato@demomail.test,Morgan Okafor,2026-05-09 04:05:00,rahul.okafor@sampleco.test,Priya Ivanov,2026-03-20 12:17:00,chen.kim@sampleco.test,,2023-05-22 13:35:00,Y,Horizon Dynamics Group - Back Office,,100423,Closed Won,100117,,TAG-4815,100696,LOT-8300,102716,,,,Partner,100047,Inactive,,,,,,,,,,"335,737",,100352,"36,496",9489,Elena Rossi,100933,100298,,100448,SMB,100256,,,,100458,,,Gamma,,,,Active Customer,100776,,,,,100236,Recruiting,,,100439,,
100339,Opportunity,106212,jordan.larsson@acme-fake.test,Riley Larsson,2024-11-05 07:51:00,avery.reyes@sampleco.test,Noah Ashby,2023-08-04 01:46:00,noah.blake@examplecorp.test,Marco Nguyen,2024-06-19 11:00:00,mei.haddad@acme-fake.test,,2026-06-18 07:04:00,N,Evergreen Systems Ltd - Recruiting,,,Qualification,100429,,LOT-1630,100267,REF-5581,104838,,,,Event,,Active,,,,,,100043,,,,"379,955",,100263,"18,912",,Rahul Nguyen,,100791,TAG-7300,100125,Standard,100576,,,,100173,,100702,Delta,,100014,,Active Customer,100442,,,,,100305,Consulting,,,100137,,104092
100043,Opportunity,106214,rowan.ford@sampleco.test,Mei Garcia,2025-01-03 02:29:00,priya.silva@sampleco.test,Riley Cohen,2025-07-03 03:30:00,liam.blake@acme-fake.test,Morgan Kim,2024-05-16 01:07:00,priya.reyes@examplecorp.test,,2026-01-19 22:39:00,N,Falcon Energy Corp - Managed Services,,,Proposal Sent,100061,,LOT-1251,100253,REF-3734,104145,,,,Referral,,Active,,,,,,,,,,,Alpha,,"20,958",,Aisha Ashby,100860,,TAG-8999,100454,New Logo,,,,,100348,,,,,100449,,Active Customer,100787,,,,,,Back Office,100683,,100239,,
100396,Opportunity,106215,jamie.ford@examplecorp.test,Quinn Larsson,2023-03-22 16:28:00,morgan.sloan@demomail.test,Priya Vance,2024-05-02 11:25:00,chen.ford@acme-fake.test,Omar Garcia,2025-05-12 13:08:00,taylor.dorsey@examplecorp.test,,2024-01-02 18:32:00,Y,Cobalt Solutions LLC - Recruiting,,,On Hold,100325,LOT-6118,LOT-1572,100007,LOT-7027,103584,,,,Inbound Call,100418,Active,,,,,,100786,,100551,,"93,159",,,"23,740",,Rowan Brooks,101252,100325,SKU-2966,,New Logo,,,,,100599,,,Beta,,,,Active Customer,100295,,,,,,Consulting,100735,,100582,,103947
100256,Opportunity,106218,rahul.rossi@demomail.test,Omar Blake,2025-04-28 02:11:00,rowan.sato@sampleco.test,Liam Haddad,2024-02-11 08:18:00,liam.sloan@acme-fake.test,Rowan Garcia,2023-12-20 00:28:00,diego.haddad@demomail.test,,2024-06-21 23:38:00,Y,Silverline Group Co - Back Office,,,Closed Lost,100774,,TAG-7381,100369,REF-6853,104865,,,,Website,,Inactive,,,,,,100404,,100638,,,Alpha,100119,"23,626",,Skyler Nguyen,101091,,SKU-6312,100619,Standard,100410,,,,100784,,100559,,,100667,,Prospect,100396,,,,,,Consulting,100194,,100774,,
100678,Opportunity,106221,quinn.nguyen@demomail.test,Nina Sato,2024-04-05 11:27:00,jamie.sloan@sampleco.test,Priya Vance,2025-05-15 20:43:00,alex.whitfield@demomail.test,Emerson Larsson,2023-06-09 20:55:00,nina.ashby@sampleco.test,,2023-04-28 00:40:00,Y,Ironwood Health Corp - Consulting,,,Negotiation,100415,,SKU-3583,100791,TAG-1965,104372,,,,Cold Outreach,100382,Active,,,,,,100372,,100504,,,Standard,,,,Liam Calder,101415,,REF-6245,100410,SMB,100414,,,,100532,,100566,Alpha,,100516,,Active Customer,100217,,,,,,Back Office,,,100352,,103381
100062,Opportunity,106224,avery.costa@sampleco.test,Chen Reyes,2023-11-03 20:41:00,chen.vance@examplecorp.test,Noah Patel,2024-11-26 23:14:00,aisha.whitfield@acme-fake.test,Riley Ashby,2025-01-30 21:00:00,noah.reyes@sampleco.test,,2023-04-06 01:05:00,N,Atlas Industries LLP - Consulting,,,Qualification,100348,,TAG-9014,100260,REF-5573,104739,,,,Cold Outreach,100555,Active,,,,,,100399,,100335,,"405,504",Other,100117,"22,895",,Priya Cohen,101292,100554,,,Enterprise,100496,,,,100288,,,,,100247,,Prospect,100465,,,,,100514,Back Office,100403,,100188,,
100016,Opportunity,106226,chen.nguyen@acme-fake.test,Jamie Vance,2024-02-24 10:09:00,jordan.mensah@sampleco.test,Reese Garcia,2026-03-12 12:11:00,casey.patel@sampleco.test,Elena Reyes,2024-07-11 13:09:00,mei.larsson@sampleco.test,,2024-11-24 09:17:00,Y,Summit Group Ltd - Payroll,,100652,Closed Won,100083,,SKU-5914,100252,SKU-1838,,,,,Webinar,100714,Inactive,,,,,,100538,,100473,,,,100481,"10,601",9354,Elena Rossi,,100386,LOT-8854,100414,SMB,100278,,,,100145,,100317,,,100665,,Prospect,100277,,,,,100640,Managed Services,100671,,100671,,104675
100168,Opportunity,106227,jamie.mensah@acme-fake.test,Avery Mensah,2023-04-09 22:54:00,morgan.calder@examplecorp.test,Liam Sloan,2024-09-22 16:34:00,casey.ford@demomail.test,Diego Brooks,2025-11-07 05:32:00,liam.calder@sampleco.test,Casey Patel,2025-05-07 13:06:00,Y,Cobalt Media Co - Managed Services,,100465,Discovery,100432,TAG-5609,SKU-5941,100162,LOT-7362,103298,,,,Inbound Call,100498,Active,,,,,,,,,,"420,435",,,"6,315",7282,Noah Vance,101454,100595,LOT-6208,100420,Enterprise,100267,,,,100239,,100253,,,100340,,Active Customer,100779,,,,,,Staff Augmentation,100035,,100152,,104736
100758,Opportunity,106229,sofia.nguyen@examplecorp.test,Marco Nguyen,2025-10-22 21:07:00,jordan.ashby@acme-fake.test,Emerson Rossi,2024-12-20 17:32:00,riley.garcia@demomail.test,Sofia Ivanov,2025-12-03 15:55:00,liam.costa@examplecorp.test,,2024-08-20 22:27:00,N,Vertex Logistics LLP - Back Office,,,On Hold,100555,LOT-2006,LOT-4935,100776,,101922,,,,Event,100399,Active,,,,,,100173,,100451,,"389,460",,,"22,979",,Arjun Costa,101429,100654,,100619,Standard,100194,,,,100378,,,,,100507,,Prospect,100352,,,,,100244,Staff Augmentation,100140,,100392,,102460
100330,Opportunity,106230,quinn.rossi@examplecorp.test,Mei Kim,2022-12-04 20:43:00,sofia.kim@sampleco.test,Skyler Rossi,2025-08-10 17:06:00,jamie.silva@sampleco.test,Avery Vance,2025-08-03 01:50:00,liam.reyes@acme-fake.test,,2023-10-13 20:04:00,N,Everest Partners Corp - Back Office,,100239,Closed Lost,100718,,LOT-4086,100336,REF-7523,104666,,,,LinkedIn,,Inactive,,,,,,100121,,100616,,"223,174",Standard,,"18,954",,Skyler Nguyen,101507,100315,SKU-8347,100083,Enterprise,,,,,100205,,,,,,,Prospect,100100,,,,,100215,Back Office,,,100380,,103409
100762,Opportunity,106231,jordan.larsson@demomail.test,Elena Reyes,2024-07-28 07:06:00,avery.ivanov@examplecorp.test,Noah Larsson,2023-07-03 10:40:00,drew.larsson@sampleco.test,Elena Sloan,2025-01-15 03:00:00,avery.ivanov@sampleco.test,Skyler Ivanov,2024-03-11 16:05:00,Y,Evergreen Textiles Ltd - Payroll,,100156,Proposal Sent,100661,REF-5251,TAG-9478,100410,REF-3526,101919,,,,Website,,Active,,,,,,100566,,100181,,,,,"32,712",497,Arjun Mercer,100843,100751,,100362,New Logo,100647,,,,100047,,100103,,,,,Active Customer,100022,,,,,,Consulting,,,100475,,
100779,Opportunity,106232,casey.cohen@sampleco.test,Quinn Silva,2023-12-23 18:28:00,arjun.vance@sampleco.test,Priya Dorsey,2024-10-12 21:25:00,taylor.patel@demomail.test,Avery Whitfield,2023-01-14 16:36:00,alex.dorsey@examplecorp.test,,2026-01-16 10:47:00,Y,Blue Ridge Labs Ltd - Managed Services,,,Dead,100352,,SKU-6008,100564,LOT-9619,104670,,,,Partner,,Inactive,,,,,,100292,,100345,,,Delta,100221,"2,386",,Chen Reyes,101439,100328,,100155,Standard,,,,,100516,,100565,Delta,,100149,,Prospect,100253,,,,,,Consulting,,,100704,,104867
100401,Opportunity,106233,taylor.vance@acme-fake.test,Rowan Larsson,2022-10-24 14:24:00,elena.blake@examplecorp.test,Taylor Nguyen,2024-12-02 07:26:00,casey.kim@acme-fake.test,Nina Nguyen,2025-05-05 08:06:00,liam.garcia@sampleco.test,Rahul Brooks,2024-07-30 06:50:00,N,Falcon Textiles Ltd - Managed Services,,,Closed Won,100142,,TAG-9289,100029,LOT-8638,102366,,,,LinkedIn,,Inactive,,,,,,100494,,100608,,"19,932",,100092,,4187,Noah Larsson,101159,100100,,,Renewal,,,,,100219,,,,,100423,,Active Customer,100791,,,,,,Consulting,100221,,100263,,
100298,Opportunity,106234,fatima.garcia@sampleco.test,Noah Patel,2026-06-11 22:32:00,diego.dorsey@examplecorp.test,Taylor Rossi,2026-03-13 11:29:00,marco.blake@acme-fake.test,Riley Rossi,2024-04-13 12:14:00,nina.vance@acme-fake.test,,2024-09-13 16:03:00,Y,Harbor Solutions Group - Back Office,,,Qualification,100286,,LOT-4433,100627,SKU-6363,104699,,,,LinkedIn,100221,Active,,,,,,100383,,100640,,,Delta,,"16,162",,Avery Haddad,101687,,TAG-2948,,Renewal,100768,,,,100616,,,,,100551,,Prospect,100311,,,,,,Managed Services,,,100418,,104020
100295,Opportunity,106237,avery.garcia@sampleco.test,Fatima Okafor,2023-02-09 02:23:00,rowan.garcia@acme-fake.test,Rowan Garcia,2025-11-23 16:41:00,taylor.cohen@sampleco.test,Sofia Okafor,2023-09-01 14:14:00,riley.whitfield@acme-fake.test,,2025-06-27 11:29:00,Y,Harbor Ventures Corp - Back Office,,100383,Negotiation,100168,,TAG-1253,100665,TAG-4770,102038,,,,LinkedIn,100727,Active,,,,,,,,100461,,,,,"6,262",,Quinn Larsson,101677,100449,TAG-5225,100362,SMB,100332,,,,100458,,,,,,,Prospect,100133,,,,,100457,Staff Augmentation,100639,,100762,,102385
100761,Opportunity,106239,reese.garcia@sampleco.test,Jamie Rossi,2024-04-27 05:58:00,drew.sloan@acme-fake.test,Reese Rossi,2025-12-29 22:05:00,priya.larsson@examplecorp.test,Avery Sloan,2025-12-04 19:11:00,rahul.costa@sampleco.test,,2024-05-05 11:45:00,N,Granite Systems Corp - Recruiting,,100257,Closed Lost,100062,LOT-8760,SKU-4802,100739,REF-5326,104733,,,,Website,,Inactive,,,,,,,,,,,,,"31,331",,Aisha Brooks,101165,100564,REF-7841,100415,Enterprise,,,,,100217,,100188,,,,,Active Customer,100286,,,,,100475,Offshore Team,100232,,100221,,
100046,Opportunity,106240,noah.silva@demomail.test,Morgan Blake,2025-06-26 21:13:00,jordan.vance@examplecorp.test,Drew Dorsey,2024-01-02 01:50:00,marco.larsson@sampleco.test,Quinn Costa,2026-02-22 21:13:00,yara.dorsey@acme-fake.test,,2024-11-06 22:49:00,Y,Meridian Dynamics Inc - Managed Services,,100565,Closed Lost,100247,,TAG-5242,100109,REF-8606,102754,,,,LinkedIn,100134,Inactive,,,,,,100140,,,,"411,909",,100035,,,Chen Garcia,,,,100079,Enterprise,100082,,,,100375,,,,,100439,,Active Customer,100158,,,,,100181,Back Office,100145,,100215,,103822
100119,Opportunity,106243,alex.dorsey@sampleco.test,Jamie Nguyen,2022-12-05 19:31:00,rowan.blake@examplecorp.test,Casey Mercer,2023-08-18 04:54:00,fatima.haddad@sampleco.test,Riley Ashby,2026-06-02 03:29:00,morgan.blake@examplecorp.test,,2022-10-03 09:27:00,N,Blue Ridge Health Ltd - Back Office,,100200,Closed Won,100157,,REF-7767,100645,SKU-4673,103852,,,,Webinar,100400,Inactive,,,,,,,,,,"462,119",,100172,,,Noah Mercer,,100590,SKU-2548,100139,Enterprise,,,,,100627,,,,,,,Prospect,100635,,,,,,Consulting,,,100214,,103787
100704,Opportunity,106244,rowan.sloan@demomail.test,Rahul Costa,2023-09-14 19:23:00,alex.haddad@sampleco.test,Drew Dorsey,2025-04-01 03:56:00,nina.ford@demomail.test,Nina Reyes,2024-06-06 13:59:00,yara.reyes@sampleco.test,Mei Mensah,2023-11-01 15:36:00,Y,Evergreen Capital Group - Managed Services,,,Closed Lost,100155,,REF-8306,100398,TAG-7092,103679,,,,Cold Outreach,100383,Inactive,,,,,,100632,,100669,,,,100019,,,Elena Ashby,,100371,TAG-4092,100031,Enterprise,100445,,,,100149,,100203,,,,,Active Customer,100336,,,,,,Managed Services,100247,,100601,,103621
100204,Opportunity,106247,omar.mercer@acme-fake.test,Marco Ivanov,2023-09-17 11:55:00,alex.rossi@acme-fake.test,Noah Ivanov,2026-04-12 14:26:00,drew.nguyen@acme-fake.test,Rowan Ashby,2024-02-10 22:53:00,priya.vance@examplecorp.test,,2024-08-04 18:06:00,N,Cobalt Solutions Co - Recruiting,,,Proposal Sent,100399,,REF-3506,100252,SKU-5682,104875,,,,Event,,Active,,,,,,,,,,,,100561,,,Taylor Rossi,,100152,TAG-9809,100050,Enterprise,,,,,100576,,100457,,,100112,,Prospect,100021,,,,,100635,Offshore Team,,,100094,,104570
100519,Opportunity,106249,noah.cohen@examplecorp.test,Yara Blake,2025-03-26 14:19:00,taylor.mensah@examplecorp.test,Fatima Ashby,2023-11-06 19:14:00,alex.whitfield@acme-fake.test,Noah Okafor,2025-11-05 12:38:00,sofia.mensah@demomail.test,,2023-12-17 16:33:00,N,Northwind Solutions Inc - Back Office,,100593,Negotiation,100595,,SKU-5838,100710,TAG-9506,104274,,,,Webinar,100471,Active,,,,,,,,100434,,"280,653",Other,100466,,,Quinn Whitfield,101790,,TAG-9020,100336,Renewal,,,,,100582,,,,,100465,,Prospect,100462,,,,,,Managed Services,100743,,100730,,102135
100119,Opportunity,106250,casey.cohen@examplecorp.test,Priya Okafor,2023-04-10 22:34:00,rahul.blake@acme-fake.test,Liam Mercer,2025-08-09 20:51:00,arjun.costa@sampleco.test,Sofia Ford,2023-03-11 01:07:00,omar.reyes@examplecorp.test,,2025-08-18 21:33:00,Y,Blue Ridge Holdings Inc - Back Office,,,Discovery,100366,,SKU-8581,100139,LOT-3211,102691,,,,Partner,,Active,,,,,,100224,,100565,,"364,308",Delta,100253,"16,091",6478,Fatima Haddad,101790,,TAG-7832,,Enterprise,100155,,,,100532,,100236,,,,,Prospect,100178,,,,,100155,Offshore Team,,,100193,,102070
100343,Opportunity,106252,mei.haddad@examplecorp.test,Arjun Ivanov,2024-07-11 21:14:00,taylor.silva@demomail.test,Elena Brooks,2025-10-14 02:08:00,chen.ashby@demomail.test,Arjun Sloan,2024-08-22 21:38:00,omar.silva@examplecorp.test,,2023-09-29 01:08:00,Y,Keystone Networks Corp - Consulting,,100654,On Hold,100664,SKU-4794,REF-5289,100378,SKU-3422,103174,,,,Webinar,100109,Active,,,,,,,,,,"482,394",,,"12,695",,Arjun Reyes,,100640,LOT-8316,100382,SMB,,,,,100233,,100194,,,,,Active Customer,100019,,,,,100522,Payroll,100727,,100751,,102958
100650,Opportunity,106255,jamie.costa@sampleco.test,Arjun Dorsey,2022-11-09 20:46:00,casey.mercer@sampleco.test,Liam Vance,2025-04-04 18:02:00,aisha.vance@examplecorp.test,Rahul Blake,2024-06-02 12:12:00,yara.whitfield@demomail.test,,2025-11-20 14:00:00,Y,Pioneer Capital LLC - Staff Augmentation,,,Qualification,100366,,REF-5402,100109,TAG-2796,104564,,,,Partner,100741,Active,,,,,,100320,,100487,,,Gamma,100461,,1013,Omar Dorsey,101054,,,100776,New Logo,,,,,100050,,100647,,,,,Prospect,100554,,,,,100753,Offshore Team,100721,,100604,,
100683,Opportunity,106257,drew.brooks@demomail.test,Reese Brooks,2022-12-13 00:35:00,mei.sloan@examplecorp.test,Marco Haddad,2023-01-04 08:36:00,marco.larsson@acme-fake.test,Skyler Cohen,2023-10-28 08:20:00,sofia.ford@acme-fake.test,,2025-11-02 04:09:00,N,Granite Partners Co - Recruiting,,100137,Qualification,100123,,SKU-8500,100161,TAG-8897,,,,,Website,,Active,,,,,,100432,,,,,,,"1,082",,Noah Ashby,,100717,REF-3241,100743,New Logo,100404,,,,100449,,100697,,,100149,,Prospect,100446,,,,,100468,Offshore Team,100125,,100750,,104766
100054,Opportunity,106259,morgan.kim@acme-fake.test,Diego Patel,2024-04-02 16:03:00,omar.haddad@sampleco.test,Skyler Mensah,2022-12-17 22:18:00,arjun.cohen@sampleco.test,Alex Cohen,2026-03-12 02:48:00,aisha.nguyen@demomail.test,,2026-04-29 02:56:00,N,Silverline Robotics Co - Payroll,,100697,Proposal Sent,100565,SKU-5651,REF-7380,100014,LOT-5024,102807,,,,Referral,100458,Active,,,,,,100730,,,,"48,516",,,"26,318",,Jordan Cohen,101098,,REF-9210,100214,Renewal,,,,,100629,,,,,100200,,Prospect,100071,,,,,100697,Back Office,,,100604,,102965
100232,Opportunity,106261,jamie.costa@examplecorp.test,Marco Brooks,2023-02-23 17:30:00,jamie.kim@acme-fake.test,Yara Larsson,2024-01-13 07:25:00,jordan.ashby@examplecorp.test,Skyler Rossi,2025-12-12 23:34:00,aisha.calder@examplecorp.test,,2023-02-28 13:08:00,Y,Granite Logistics Corp - Back Office,,100538,On Hold,100115,SKU-3135,LOT-8994,100042,REF-9670,102248,,,,Webinar,100529,Active,,,,,,100750,,100038,,"364,738",,,"34,020",,Jordan Nguyen,,100689,,,SMB,100366,,,,100298,,,,,100214,,Active Customer,100336,,,,,100576,Consulting,,,100465,,
100496,Opportunity,106263,jordan.blake@sampleco.test,Jordan Larsson,2024-05-31 04:23:00,diego.ashby@acme-fake.test,Mei Silva,2026-05-12 10:30:00,diego.mercer@examplecorp.test,Mei Costa,2024-07-12 04:03:00,liam.sloan@sampleco.test,,2026-06-22 00:20:00,N,Summit Manufacturing Co - Recruiting,,100495,Closed Lost,100525,,REF-4678,100671,LOT-1325,104173,,,,Website,100622,Inactive,,,,,,100380,,100221,,"396,759",Alpha,100257,"35,669",,Avery Reyes,101713,100661,,100472,Standard,100188,,,,100042,,,,,100177,,Prospect,100473,,,,,,Offshore Team,100522,,100481,,103778
100640,Opportunity,106266,rahul.vance@examplecorp.test,Sofia Haddad,2026-05-15 04:18:00,priya.ford@sampleco.test,Taylor Ashby,2025-10-01 15:59:00,yara.ford@examplecorp.test,Jamie Whitfield,2024-08-31 15:35:00,emerson.sato@examplecorp.test,,2026-03-13 00:19:00,N,Harbor Networks Inc - Payroll,,100350,Negotiation,100307,,TAG-5824,100421,REF-1744,102216,,,,Website,100043,Active,,,,,,100776,,,,"17,193",Other,100244,"33,880",,Drew Mercer,,100252,SKU-3938,100343,Standard,100369,,,,100686,,100089,,,100087,,Prospect,100103,,,,,100284,Managed Services,100421,,100784,,102346
100790,Opportunity,106269,omar.cohen@demomail.test,Noah Sato,2023-07-22 18:24:00,noah.mercer@examplecorp.test,Sofia Dorsey,2025-01-12 13:25:00,jordan.garcia@examplecorp.test,Omar Ford,2023-01-15 08:33:00,morgan.whitfield@sampleco.test,,2022-10-19 06:31:00,N,Everest Ventures Group - Staff Augmentation,,100079,Closed Won,100441,,SKU-8208,100264,REF-1584,103676,,,,Cold Outreach,,Inactive,,,,,,100410,,100378,,"490,221",Beta,100640,"21,176",,Skyler Garcia,101211,,,100067,Renewal,,,,,100786,,100221,,,,,Prospect,100675,,,,,100651,Back Office,,,100022,,102337
100635,Opportunity,106271,mei.okafor@acme-fake.test,Morgan Whitfield,2024-06-30 07:09:00,morgan.whitfield@sampleco.test,Rowan Silva,2024-06-10 00:11:00,reese.costa@demomail.test,Alex Vance,2026-03-15 08:59:00,rahul.blake@sampleco.test,,2025-03-21 09:07:00,N,Lakeside Health Inc - Payroll,,,Closed Won,100470,,LOT-9589,100435,LOT-6901,102284,,,,LinkedIn,100759,Inactive,,,,,,100624,,100458,,"41,644",Alpha,100428,"35,105",,Fatima Dorsey,101265,100700,SKU-9952,100787,Renewal,,,,,100590,,100303,Standard,,,,Prospect,100200,,,,,100322,Back Office,,,100667,,103774
100569,Opportunity,106274,priya.dorsey@sampleco.test,Marco Ashby,2024-09-01 12:42:00,jamie.reyes@examplecorp.test,Marco Ivanov,2026-06-27 03:04:00,omar.costa@sampleco.test,Priya Ashby,2024-07-26 03:06:00,quinn.sato@examplecorp.test,,2025-04-21 10:18:00,Y,Silverline Systems LLP - Offshore Team,,,Qualification,100119,,SKU-2697,100117,TAG-5640,102969,,,,Website,,Active,,,,,,100435,,100145,,,,,"24,852",,Marco Ashby,,100203,,100604,Standard,,,,,100181,,100277,,,100460,,Active Customer,100696,,,,,,Staff Augmentation,100561,,100177,,102913
100269,Opportunity,106277,arjun.patel@demomail.test,Aisha Kim,2024-07-16 14:14:00,yara.whitfield@examplecorp.test,Skyler Ashby,2023-07-27 04:23:00,jordan.rossi@sampleco.test,Arjun Sato,2024-07-14 22:55:00,quinn.sato@acme-fake.test,,2024-09-15 06:41:00,N,Delta Retail Co - Payroll,,100152,Discovery,100149,,SKU-3452,100785,TAG-1265,103735,,,,Event,,Active,,,,,,100383,,100152,,"285,177",Gamma,100428,"24,211",,Jamie Mercer,101058,,,100014,Standard,100401,,,,100005,,100707,,,100551,,Active Customer,100552,,,,,,Staff Augmentation,,Beta,100787,,
100286,Opportunity,106280,casey.larsson@sampleco.test,Yara Sato,2024-04-12 00:58:00,skyler.larsson@acme-fake.test,Nina Blake,2026-07-10 04:56:00,arjun.calder@examplecorp.test,Priya Mercer,2023-10-09 18:16:00,riley.brooks@acme-fake.test,,2023-03-12 20:46:00,Y,Summit Manufacturing Group - Consulting,,100152,Proposal Sent,100467,LOT-9424,REF-9061,100328,LOT-7715,104157,,,,Event,100647,Active,,,,,,,,100568,,"361,012",Gamma,100046,"2,105",,Jordan Costa,100825,,,100739,New Logo,,,,,100161,,,,,,,Active Customer,100277,,,,,100087,Offshore Team,,,100210,,102132
100616,Opportunity,106282,alex.ashby@acme-fake.test,Quinn Patel,2025-03-09 02:07:00,elena.patel@examplecorp.test,Aisha Whitfield,2023-08-01 21:54:00,avery.ivanov@sampleco.test,Aisha Brooks,2023-08-16 10:46:00,elena.costa@examplecorp.test,,2026-06-12 05:16:00,Y,Meridian Analytics Corp - Back Office,,,Closed Lost,100608,,REF-7061,100328,SKU-2771,103227,,,,Cold Outreach,,Inactive,,,,,,,,100446,,"198,420",Beta,100765,"29,227",5117,Quinn Garcia,,,,100231,SMB,,,,,100055,,,Delta,,100168,,Prospect,100362,,,,,,Managed Services,,,100415,,104567
100590,Opportunity,106284,rowan.reyes@sampleco.test,Jamie Blake,2025-02-12 05:12:00,priya.larsson@acme-fake.test,Jordan Calder,2025-10-09 13:12:00,mei.patel@sampleco.test,Aisha Dorsey,2023-04-01 22:13:00,riley.silva@demomail.test,,2024-06-02 22:56:00,Y,Delta Partners Ltd - Back Office,,,Closed Won,100473,,TAG-1060,100332,TAG-9660,103885,,,,Partner,,Inactive,,,,,,100009,,,,"61,500",Standard,100528,"24,698",,Morgan Silva,,,TAG-5269,100673,Enterprise,100629,,,,100371,,100473,,,100267,,Prospect,100714,,,,,100487,Managed Services,100278,,100278,,
100678,Opportunity,106287,omar.ivanov@acme-fake.test,Liam Mensah,2024-04-26 05:14:00,aisha.costa@sampleco.test,Chen Vance,2022-10-04 11:55:00,emerson.ivanov@acme-fake.test,Chen Garcia,2024-12-26 04:49:00,arjun.ford@examplecorp.test,,2026-02-14 16:59:00,N,Granite Media LLP - Offshore Team,,,Discovery,100768,LOT-8259,LOT-2925,100740,REF-3682,102724,,,,Cold Outreach,100204,Active,,,,,,100775,,100193,,"117,448",,,"36,104",,Rowan Mensah,101409,,REF-8825,,Standard,100021,,,,100295,,,,,,,Prospect,100014,,,,,,Staff Augmentation,100378,,100165,,101971
100658,Opportunity,106289,reese.costa@acme-fake.test,Skyler Silva,2024-05-03 13:27:00,sofia.silva@demomail.test,Priya Sato,2024-09-18 06:01:00,avery.kim@sampleco.test,Drew Sloan,2026-04-02 05:31:00,jamie.mercer@sampleco.test,,2022-12-15 08:43:00,N,Everest Capital Corp - Offshore Team,,100519,Closed Lost,100733,,REF-8981,100172,SKU-1217,,,,,Partner,,Inactive,,,,,,100047,,100028,,"214,319",,,"36,450",,Morgan Nguyen,,,SKU-9508,100475,Standard,100173,,,,100205,,100436,,,,,Active Customer,100042,,,,,,Recruiting,,,100462,,103855
100661,Opportunity,106291,liam.sloan@examplecorp.test,Skyler Dorsey,2023-10-16 10:00:00,skyler.ashby@acme-fake.test,Priya Blake,2024-08-06 22:02:00,arjun.ashby@sampleco.test,Yara Mercer,2025-03-27 18:13:00,arjun.calder@demomail.test,,2025-11-18 06:15:00,N,Beacon Energy Inc - Payroll,,100564,Negotiation,100785,,LOT-2670,100271,REF-8755,104014,,,,Cold Outreach,,Active,,,,,,100028,,100442,,,,,"17,117",,Mei Sloan,,100229,SKU-2791,100100,SMB,,,,,100029,,,,,,,Prospect,100460,,,,,100332,Staff Augmentation,,,100134,,
100026,Opportunity,106292,noah.mensah@examplecorp.test,Sofia Haddad,2023-10-24 01:37:00,sofia.rossi@sampleco.test,Arjun Whitfield,2024-11-21 23:21:00,yara.calder@acme-fake.test,Noah Reyes,2026-04-14 23:25:00,jamie.haddad@demomail.test,,2026-01-31 02:16:00,Y,Brightpath Holdings - Recruiting,,,Negotiation,100273,,TAG-9019,100599,TAG-8670,103218,,,,Partner,100204,Active,,,,,,100574,,,,,Standard,100204,"15,957",9670,Arjun Patel,101420,100196,LOT-8729,,Enterprise,,,,,100632,,100460,,,100325,,Active Customer,100446,,,,,,Offshore Team,100765,,100224,,102907
100739,Opportunity,106294,sofia.rossi@sampleco.test,Riley Mensah,2024-07-02 17:14:00,drew.reyes@acme-fake.test,Taylor Ashby,2025-01-05 03:56:00,diego.costa@acme-fake.test,Liam Vance,2024-08-17 19:29:00,morgan.cohen@sampleco.test,,2024-10-29 01:55:00,Y,Vertex Analytics LLC - Recruiting,,,Negotiation,100735,TAG-8737,SKU-8774,100191,LOT-3870,104479,,,,Event,100640,Active,,,,,,100514,,,,"201,443",,100096,"37,612",,Elena Brooks,101180,100220,,100250,Renewal,100451,,,,100550,,100407,,,,,Active Customer,100516,,,,,100561,Consulting,,,100372,,
100054,Opportunity,106296,rowan.calder@demomail.test,Alex Sato,2026-06-02 19:42:00,jordan.sato@acme-fake.test,Marco Haddad,2025-08-23 06:34:00,marco.rossi@demomail.test,Avery Vance,2026-02-26 06:40:00,jordan.silva@acme-fake.test,,2026-04-15 17:27:00,Y,Harbor Health LLC - Recruiting,,,Closed Won,100298,,TAG-9372,100320,TAG-5939,103781,,,,Referral,100665,Inactive,,,,,,100281,,100451,,"312,973",,,"8,217",2232,Elena Whitfield,101455,,LOT-5178,100714,New Logo,,,,,100140,,100031,,,,,Prospect,100689,,,,,100446,Managed Services,100221,,100077,,102873
100257,Opportunity,106298,noah.larsson@examplecorp.test,Aisha Whitfield,2024-10-15 18:31:00,morgan.costa@sampleco.test,Yara Ivanov,2024-12-02 00:39:00,casey.silva@sampleco.test,Mei Calder,2023-11-24 00:34:00,casey.silva@acme-fake.test,,2023-10-08 14:09:00,N,Ironwood Textiles Ltd - Payroll,,100664,Closed Won,100786,TAG-7371,SKU-7711,100786,SKU-5581,104067,,,,Website,,Inactive,,,,,,100362,,100369,,"96,393",,,"11,670",,Alex Ivanov,,100200,,,SMB,,,,,100551,,,,,100023,,Active Customer,100487,,,,,,Recruiting,100503,,100355,,103174
100330,Opportunity,106299,diego.vance@sampleco.test,Omar Ivanov,2026-06-06 11:35:00,aisha.reyes@examplecorp.test,Rahul Silva,2024-04-09 21:33:00,jordan.garcia@acme-fake.test,Yara Cohen,2023-06-05 02:26:00,morgan.larsson@acme-fake.test,,2023-01-11 16:05:00,N,Copper Manufacturing Group - Payroll,,100233,Discovery,100750,,TAG-8426,100181,SKU-8679,102114,,,,Cold Outreach,100382,Active,,,,,,100393,,,,"424,445",,,"13,822",,Jordan Whitfield,,100257,,100371,Enterprise,100210,,,,100735,,,,,100121,,Prospect,100016,,,,,100449,Managed Services,100659,,100247,,103940
100785,Opportunity,106301,aisha.vance@examplecorp.test,Priya Costa,2023-01-03 12:13:00,jamie.silva@sampleco.test,Riley Sato,2022-10-30 23:43:00,chen.cohen@examplecorp.test,Liam Patel,2024-07-06 08:55:00,diego.brooks@examplecorp.test,,2023-01-19 22:48:00,Y,Summit Partners Co - Managed Services,,100182,Dead,100743,,REF-5107,100696,SKU-8026,104623,,,,Referral,100608,Inactive,,,,,,,,100561,,"44,494",,100700,"20,987",,Skyler Calder,101152,100484,SKU-3667,100423,Standard,,,,,100737,,100257,,,100659,,Active Customer,100349,,,,,100152,Offshore Team,100606,,100606,,103870
100314,Opportunity,106302,yara.nguyen@examplecorp.test,Fatima Okafor,2023-04-05 19:09:00,elena.nguyen@examplecorp.test,Avery Reyes,2025-01-22 23:43:00,avery.sato@demomail.test,Marco Sato,2023-07-12 19:30:00,rahul.dorsey@demomail.test,Chen Ford,2025-12-26 15:19:00,Y,Silverline Manufacturing LLC - Recruiting,,100554,Closed Won,100372,,REF-8193,100389,SKU-3087,103608,,,,LinkedIn,,Inactive,,,,,,100140,,,,"465,727",,100211,,,Arjun Haddad,101445,100357,REF-5933,100275,Standard,100775,,,,100263,,,,,100106,,Prospect,100519,,,,,100568,Staff Augmentation,100538,,100009,,
100288,Opportunity,106304,omar.nguyen@acme-fake.test,Sofia Cohen,2023-10-03 12:59:00,quinn.sloan@demomail.test,Alex Sloan,2025-09-23 17:44:00,casey.larsson@acme-fake.test,Noah Larsson,2023-05-07 02:43:00,aisha.larsson@demomail.test,,2025-09-09 02:11:00,Y,Harbor Systems Ltd - Payroll,,100661,Closed Won,100696,LOT-4346,TAG-6430,100174,SKU-3279,102326,,,,Website,100042,Inactive,,,,,,100252,,,,,Standard,,,3393,Omar Patel,,100005,SKU-9374,,Standard,100307,,,,100726,,100512,,,100332,,Active Customer,100250,,,,,,Staff Augmentation,,,100336,,
100601,Opportunity,106307,rahul.blake@demomail.test,Omar Rossi,2023-08-10 12:00:00,quinn.vance@acme-fake.test,Arjun Haddad,2024-03-25 20:12:00,arjun.nguyen@sampleco.test,Aisha Patel,2024-04-15 05:15:00,drew.mensah@sampleco.test,Reese Rossi,2026-01-24 13:15:00,Y,Summit Networks Co - Offshore Team,,,Discovery,100038,,TAG-9997,100599,REF-3387,102017,,,,Inbound Call,100616,Active,,,,,,,,100343,,"181,875",Gamma,100365,"5,916",5492,Noah Sloan,101347,100130,LOT-5874,100231,SMB,,,,,100062,,,,,100675,,Prospect,100226,,,,,100713,Staff Augmentation,,,100648,,104229
100050,Opportunity,106310,skyler.costa@sampleco.test,Marco Patel,2024-08-03 07:30:00,marco.calder@demomail.test,Morgan Dorsey,2023-01-27 03:33:00,drew.garcia@demomail.test,Mei Cohen,2025-09-14 20:50:00,reese.sato@demomail.test,,2023-05-26 03:39:00,Y,Copper Group Corp - Offshore Team,,,Negotiation,100118,TAG-4214,TAG-3229,100442,SKU-7163,102388,,,,Website,100196,Active,,,,,,100552,,100493,,"79,654",,,,9751,Rahul Mercer,,,TAG-2262,100652,Enterprise,100545,,,,100232,,100392,,,,,Prospect,100067,,,,,100481,Back Office,,,100425,,
100448,Opportunity,106311,liam.haddad@demomail.test,Noah Sloan,2025-06-01 05:44:00,arjun.garcia@acme-fake.test,Quinn Okafor,2026-03-14 00:22:00,taylor.mensah@sampleco.test,Morgan Whitfield,2024-02-12 21:54:00,diego.mensah@examplecorp.test,,2023-03-21 03:29:00,N,Granite Solutions Group - Back Office,,100071,Closed Won,100387,,REF-9742,100133,TAG-5821,103310,,,,Inbound Call,100217,Inactive,,,,,,100606,,100669,,,,,"10,828",,Emerson Calder,101730,100572,,100247,SMB,,,,,100522,,,,,100686,,Active Customer,100361,,,,,100726,Offshore Team,100650,,100194,,
100585,Opportunity,106312,rowan.okafor@examplecorp.test,Casey Ashby,2024-07-14 02:25:00,jordan.sloan@examplecorp.test,Yara Rossi,2024-08-17 09:22:00,skyler.vance@sampleco.test,Aisha Blake,2026-03-02 08:22:00,fatima.silva@sampleco.test,,2024-04-24 03:56:00,Y,Lakeside Robotics LLC - Staff Augmentation,,,Qualification,100697,,SKU-5053,100246,REF-4678,103986,,,,Referral,100699,Active,,,,,,,,100115,,"264,719",Gamma,,"35,085",5982,Aisha Rossi,100991,,LOT-9904,,SMB,,,,,100761,,100340,,,100182,,Prospect,100432,,,,,100210,Managed Services,,,100747,,104141
100469,Opportunity,106314,drew.nguyen@examplecorp.test,Reese Silva,2024-02-20 21:50:00,marco.sato@examplecorp.test,Aisha Vance,2024-01-06 17:09:00,marco.silva@examplecorp.test,Quinn Nguyen,2024-07-25 06:22:00,alex.ivanov@examplecorp.test,,2025-01-17 16:27:00,N,Falcon Labs LLP - Consulting,,,Closed Lost,100412,,TAG-5124,100214,SKU-3731,103797,,,,Cold Outreach,100278,Inactive,,,,,,100582,,100699,,,,,"12,303",5110,Liam Okafor,,100332,REF-3051,,Renewal,100732,,,,100702,,100745,,,100298,,Prospect,100336,,,,,,Payroll,100454,,100691,,104176
100317,Opportunity,106317,jamie.blake@sampleco.test,Liam Calder,2024-03-02 06:32:00,casey.cohen@acme-fake.test,Noah Blake,2022-12-24 23:41:00,casey.kim@acme-fake.test,Quinn Patel,2025-02-19 20:04:00,skyler.costa@examplecorp.test,,2023-07-19 01:53:00,Y,Pioneer Energy Group - Back Office,,100420,Dead,100273,SKU-2955,REF-6264,100747,REF-3753,102745,,,,Website,100007,Inactive,,,,,,100504,,100538,,"120,955",,,"13,317",3133,Quinn Vance,,,TAG-6411,100651,New Logo,100735,,,,100161,,100221,,,100627,,Active Customer,100396,,,,,100319,Staff Augmentation,100590,,100012,,103308
100568,Opportunity,106319,avery.larsson@acme-fake.test,Elena Vance,2025-11-16 04:36:00,arjun.reyes@demomail.test,Drew Brooks,2026-04-05 19:46:00,sofia.reyes@demomail.test,Quinn Kim,2024-11-05 12:54:00,rowan.cohen@sampleco.test,,2023-06-04 05:18:00,N,Atlas Manufacturing - Payroll,,,Qualification,100005,,LOT-1316,100743,TAG-2705,103451,,,,Referral,100335,Active,,,,,,,,,,"305,823",,100403,"36,954",,Reese Vance,101105,,,,New Logo,100436,,,,100478,,,,,,,Prospect,100199,,,,,,Back Office,100739,,100737,,103159
100762,Opportunity,106320,drew.ivanov@acme-fake.test,Arjun Brooks,2025-12-29 19:37:00,emerson.whitfield@sampleco.test,Emerson Mensah,2022-12-20 08:58:00,rahul.whitfield@acme-fake.test,Reese Larsson,2023-05-23 22:35:00,reese.reyes@acme-fake.test,,2023-11-11 00:27:00,N,Redwood Systems Co - Payroll,,,Discovery,100082,LOT-3012,REF-8086,100309,LOT-9197,103489,,,,Inbound Call,100149,Active,,,,,,,,,,"438,139",Delta,100336,,968,Noah Ashby,101000,100724,,100432,New Logo,100469,,,,100622,,100375,,,100188,,Active Customer,100469,,,,,,Consulting,,,100244,,103689
100314,Opportunity,106321,emerson.haddad@examplecorp.test,Omar Patel,2024-04-06 14:48:00,mei.haddad@examplecorp.test,Alex Mercer,2023-04-14 17:52:00,drew.haddad@sampleco.test,Alex Haddad,2023-06-02 21:56:00,sofia.blake@sampleco.test,,2024-01-03 13:48:00,Y,Summit Networks - Back Office,,,Dead,100429,LOT-7330,REF-3169,100704,REF-3642,104686,,,,LinkedIn,,Inactive,,,,,,100299,,100555,,,,100098,,645,Riley Blake,,100507,,100054,Enterprise,100260,,,,100401,,,,,100454,,Active Customer,100425,,,,,,Recruiting,100751,,100784,,104726
100366,Opportunity,106324,quinn.calder@examplecorp.test,Rahul Calder,2025-03-02 22:24:00,rowan.costa@sampleco.test,Rowan Brooks,2024-01-27 14:05:00,skyler.calder@sampleco.test,Rowan Nguyen,2025-10-22 12:57:00,rowan.vance@acme-fake.test,,2025-02-06 19:10:00,Y,Summit Labs Group - Managed Services,,100572,Dead,100785,,TAG-2058,100593,LOT-9537,102394,,,,Webinar,,Inactive,,,,,,100385,,,,"82,521",Delta,100659,"20,802",,Jamie Vance,,100606,,100016,New Logo,,,,,100357,,,,,,,Prospect,100471,,,,,100771,Managed Services,100298,,100498,,104171
100247,Opportunity,106327,omar.reyes@acme-fake.test,Quinn Whitfield,2023-02-02 03:36:00,emerson.sato@demomail.test,Chen Haddad,2022-11-27 18:12:00,priya.mensah@sampleco.test,Jamie Sato,2024-04-28 12:17:00,fatima.sloan@demomail.test,,2024-12-20 20:41:00,Y,Lakeside Textiles Ltd - Staff Augmentation,,,Closed Lost,100219,,LOT-1569,100236,TAG-6576,104298,,,,Inbound Call,100339,Inactive,,,,,,,,,,,,100454,"20,106",1141,Omar Costa,101501,,SKU-2330,100140,Enterprise,100047,,,,100475,,100564,,,,,Prospect,100208,,,,,,Consulting,100765,,100273,,
100415,Opportunity,106329,nina.sloan@sampleco.test,Skyler Calder,2025-12-16 12:52:00,alex.reyes@examplecorp.test,Fatima Blake,2025-09-25 15:52:00,casey.vance@sampleco.test,Omar Okafor,2025-12-01 16:31:00,elena.rossi@demomail.test,Rahul Rossi,2024-02-08 02:56:00,N,Silverline Health Co - Back Office,,,Discovery,100043,,LOT-7988,100016,TAG-1654,104652,,,,Referral,,Active,,,,,,100516,,100071,,,Delta,,"11,268",,Skyler Ford,101021,,LOT-7282,,SMB,100336,,,,100525,,100233,,,,,Active Customer,100003,,,,,,Recruiting,100410,,100400,,
100660,Opportunity,106331,alex.whitfield@demomail.test,Morgan Vance,2023-09-23 13:46:00,reese.larsson@examplecorp.test,Skyler Vance,2023-02-14 11:19:00,diego.vance@examplecorp.test,Diego Calder,2025-04-15 11:59:00,elena.nguyen@demomail.test,,2025-08-19 20:33:00,Y,Pioneer Industries - Recruiting,,100713,Discovery,100012,,TAG-7397,100735,TAG-7775,,,,,LinkedIn,,Active,,,,,,,,100365,,,,100096,"29,069",,Jamie Mensah,,100448,SKU-8560,,Standard,100029,,,,100077,,100412,,,,,Active Customer,100400,,,,,,Consulting,100608,,100627,,
100142,Opportunity,106333,priya.larsson@examplecorp.test,Noah Cohen,2025-11-21 20:06:00,liam.mercer@examplecorp.test,Taylor Whitfield,2022-12-29 15:11:00,rowan.mensah@examplecorp.test,Yara Ford,2024-03-21 10:39:00,omar.sloan@examplecorp.test,,2023-01-09 22:35:00,N,Harbor Labs Ltd - Back Office,,100762,Closed Won,100128,LOT-5433,LOT-2017,100415,SKU-5576,103311,,,,LinkedIn,100211,Inactive,,,,,,,,,,"14,520",Standard,,"26,040",,Liam Mercer,100970,,,100453,Renewal,,,,,100009,,100498,,,100446,,Active Customer,100540,,,,,,Offshore Team,,,100399,,103314
100496,Opportunity,106335,sofia.ford@acme-fake.test,Mei Brooks,2025-11-12 12:41:00,avery.nguyen@sampleco.test,Morgan Ivanov,2026-05-30 02:18:00,taylor.brooks@examplecorp.test,Rowan Ivanov,2025-08-09 19:48:00,reese.rossi@demomail.test,,2025-12-25 12:04:00,Y,Ironwood Industries LLP - Staff Augmentation,,,Closed Lost,100362,REF-2638,REF-3857,100199,LOT-9182,102476,,,,Partner,100229,Inactive,,,,,,,,100680,,"184,792",,100587,"11,533",9408,Nina Reyes,101132,100619,REF-7336,,Standard,100320,,,,100086,,100210,,,100405,,Prospect,100380,,,,,,Offshore Team,100473,,100650,,
100055,Opportunity,106336,mei.blake@demomail.test,Rowan Okafor,2026-04-13 02:43:00,avery.costa@examplecorp.test,Casey Sloan,2025-10-17 10:17:00,emerson.garcia@sampleco.test,Omar Whitfield,2023-05-11 09:57:00,elena.nguyen@examplecorp.test,,2024-10-31 21:33:00,N,Cardinal Ventures LLC - Recruiting,,,Closed Lost,100178,SKU-5860,REF-2043,100516,REF-7601,102094,,,,Partner,100446,Inactive,,,,,,,,,,"329,174",Other,100454,"5,996",,Fatima Brooks,,,LOT-3522,,Standard,100765,,,,100445,,100726,,,,,Active Customer,100423,,,,,,Back Office,100484,,100046,,
100322,Opportunity,106339,alex.whitfield@examplecorp.test,Rahul Ivanov,2025-12-15 05:37:00,sofia.kim@sampleco.test,Omar Mercer,2025-03-09 13:50:00,mei.sloan@sampleco.test,Priya Brooks,2026-01-07 20:38:00,casey.cohen@acme-fake.test,,2024-07-17 11:40:00,N,Redwood Labs LLC - Consulting,,,Proposal Sent,100098,,SKU-3653,100161,SKU-4877,103275,,,,Inbound Call,,Active,,,,,,100751,,100504,,,Delta,,"37,563",,Liam Whitfield,101156,,,100083,New Logo,,,,,100786,,,,,100462,,Prospect,100366,,,,,,Payroll,,,100421,,102562
100038,Opportunity,106340,priya.ashby@acme-fake.test,Yara Reyes,2022-10-27 11:28:00,drew.blake@demomail.test,Quinn Ivanov,2024-01-23 00:14:00,rowan.cohen@demomail.test,Diego Reyes,2023-11-25 03:46:00,noah.calder@demomail.test,Skyler Mercer,2025-03-01 07:24:00,Y,Evergreen Media Ltd - Consulting,,100205,Negotiation,100405,REF-1357,TAG-1859,100128,SKU-7157,104583,,,,Inbound Call,100385,Active,,,,,,,,100495,,"154,132",Gamma,100003,"24,917",,Skyler Reyes,,,LOT-7422,,Standard,,,,,100512,,100152,,,100219,,Prospect,100495,,,,,,Offshore Team,100538,,100654,,103774
100761,Opportunity,106341,omar.dorsey@acme-fake.test,Noah Vance,2024-09-12 11:29:00,noah.mensah@examplecorp.test,Aisha Mercer,2026-01-08 14:57:00,aisha.ivanov@demomail.test,Marco Whitfield,2026-07-25 00:05:00,riley.ford@demomail.test,,2023-08-07 10:25:00,Y,Meridian Ventures LLC - Offshore Team,,,Closed Lost,100345,,LOT-6825,100418,TAG-3881,103576,,,,Referral,100267,Inactive,,,,,,100178,,100494,,,,100098,"26,231",,Elena Whitfield,100957,,REF-3167,100747,New Logo,100309,,,,100438,,100438,,,100156,,Active Customer,100574,,,,,100786,Managed Services,,,100012,,103767
100016,Opportunity,106343,emerson.silva@acme-fake.test,Diego Cohen,2025-12-29 05:53:00,noah.cohen@acme-fake.test,Noah Brooks,2025-05-04 07:00:00,quinn.blake@examplecorp.test,Rahul Silva,2025-08-07 13:21:00,riley.ashby@demomail.test,,2023-07-06 23:26:00,Y,Blue Ridge Labs LLC - Staff Augmentation,,100425,Qualification,100247,,LOT-1184,100181,LOT-7894,104262,,,,Cold Outreach,100509,Active,,,,,,100613,,,,"40,967",,100472,"5,275",9310,Emerson Patel,,100552,,,Renewal,,,,,100558,,100694,,,,,Prospect,100694,,,,,100371,Recruiting,100699,,100257,,102807
100540,Opportunity,106346,liam.cohen@examplecorp.test,Morgan Silva,2023-04-03 22:32:00,avery.calder@demomail.test,Rahul Ford,2024-03-26 05:06:00,liam.haddad@examplecorp.test,Jordan Kim,2023-12-10 22:39:00,priya.kim@examplecorp.test,,2025-07-26 21:37:00,Y,Summit Energy LLP - Offshore Team,,100448,Qualification,100445,,REF-7056,100425,,102488,,,,Cold Outreach,,Active,,,,,,100386,,100412,,,Gamma,100047,"8,336",,Jamie Okafor,101327,100219,,100043,New Logo,100441,,,,100182,,100654,,,,,Active Customer,100343,,,,,,Payroll,100671,,100448,,
100717,Opportunity,106348,morgan.whitfield@examplecorp.test,Drew Brooks,2026-07-23 04:00:00,fatima.larsson@examplecorp.test,Morgan Vance,2026-07-01 17:47:00,liam.blake@demomail.test,Riley Blake,2025-06-23 15:44:00,drew.dorsey@acme-fake.test,,2024-06-16 02:53:00,Y,Copper Holdings Ltd - Back Office,,100574,Discovery,100774,,LOT-1696,100412,TAG-2293,102618,,,,Inbound Call,100046,Active,,,,,,,,100645,,"283,956",,,"1,266",,Aisha Whitfield,100879,,LOT-9629,100076,SMB,100145,,,,100595,,100599,,,100137,,Prospect,100671,,,,,100616,Offshore Team,100565,,100717,,
100288,Opportunity,106350,alex.dorsey@sampleco.test,Riley Calder,2026-03-02 17:08:00,taylor.haddad@sampleco.test,Elena Mercer,2024-05-19 17:41:00,rahul.mensah@sampleco.test,Marco Ford,2023-08-28 21:55:00,sofia.patel@acme-fake.test,,2025-05-30 00:05:00,N,Harbor Robotics Group - Managed Services,,100147,Closed Lost,100420,REF-6521,TAG-1887,100774,LOT-8417,103359,,,,Partner,,Inactive,,,,,,100532,,,,"433,345",Other,,"23,892",,Nina Nguyen,101235,,REF-2781,,Enterprise,100683,,,,100038,,,,,100393,,Active Customer,100191,,,,,100007,Payroll,,,100528,,103631
100400,Opportunity,106353,quinn.ashby@sampleco.test,Taylor Brooks,2026-02-16 21:35:00,mei.larsson@sampleco.test,Riley Mensah,2024-11-16 14:20:00,sofia.patel@sampleco.test,Rowan Calder,2024-06-19 06:51:00,riley.brooks@acme-fake.test,,2024-01-31 11:43:00,Y,Pioneer Group - Consulting,,,Qualification,100639,,SKU-5065,100697,LOT-9202,103328,,,,Partner,100292,Active,,,,,,,,100383,,"350,200",Gamma,100185,,,Liam Mercer,101029,,,,Enterprise,100208,,,,100047,,100453,,,100494,,Active Customer,100147,,,,,100026,Payroll,100314,,100509,,
100199,Opportunity,106355,yara.garcia@sampleco.test,Noah Silva,2025-03-10 05:29:00,alex.silva@sampleco.test,Yara Larsson,2025-10-07 03:29:00,morgan.kim@demomail.test,Taylor Whitfield,2026-07-06 12:54:00,elena.whitfield@sampleco.test,,2024-01-18 01:21:00,N,Granite Group Ltd - Back Office,,100211,On Hold,100055,REF-5957,SKU-7777,100611,LOT-3852,104567,,,,Partner,100191,Active,,,,,,100094,,,,"86,734",,100654,,7010,Yara Ford,100915,,,,Renewal,100770,,,,100300,,100033,,,100635,,Prospect,100155,,,,,,Managed Services,,,100087,,
100023,Opportunity,106356,jamie.costa@sampleco.test,Nina Sloan,2026-07-07 21:58:00,diego.whitfield@demomail.test,Chen Silva,2023-06-16 18:34:00,riley.kim@demomail.test,Morgan Rossi,2025-06-05 21:23:00,yara.reyes@demomail.test,,2026-03-20 13:20:00,N,Blue Ridge Industries LLP - Consulting,,,Closed Won,100193,,SKU-7025,100761,REF-3963,102353,,,,Referral,,Inactive,,,,,,100277,,100142,,"304,370",Alpha,100632,,,Arjun Okafor,101405,100092,,100193,Enterprise,100565,,,,100561,,100263,,,100470,,Active Customer,100217,,,,,100365,Back Office,,,100229,,
100182,Opportunity,106358,emerson.reyes@examplecorp.test,Casey Garcia,2026-05-21 20:32:00,noah.ivanov@demomail.test,Taylor Nguyen,2025-11-04 17:52:00,morgan.sato@sampleco.test,Morgan Garcia,2025-09-14 07:47:00,arjun.cohen@examplecorp.test,,2025-04-22 16:50:00,N,Redwood Energy - Consulting,,100369,Discovery,100504,LOT-5555,LOT-9121,100224,LOT-6184,104131,,,,Webinar,,Active,,,,,,,,,,"361,928",Other,,,,Omar Ford,,,,,SMB,100174,,,,100454,,,,,100046,,Active Customer,100188,,,,,100525,Payroll,100446,,100226,,104332
100319,Opportunity,106360,yara.garcia@acme-fake.test,Quinn Haddad,2025-09-26 14:39:00,omar.dorsey@demomail.test,Jamie Blake,2023-07-10 09:44:00,rowan.vance@acme-fake.test,Elena Nguyen,2026-06-11 11:06:00,taylor.sloan@examplecorp.test,,2024-12-01 15:20:00,N,Horizon Holdings Ltd - Offshore Team,,100047,Closed Won,100791,LOT-5818,SKU-9728,100572,LOT-6240,102045,,,,Website,100012,Inactive,,,,,,,,,,"237,162",,,"22,731",,Skyler Okafor,101787,,,100208,Renewal,100133,,,,100345,,100540,,,100152,,Prospect,100385,,,,,,Payroll,100737,,100168,,
100023,Opportunity,106361,noah.silva@demomail.test,Quinn Kim,2025-10-03 23:34:00,elena.rossi@examplecorp.test,Rowan Whitfield,2025-05-31 11:25:00,rowan.costa@demomail.test,Noah Sloan,2023-01-14 02:51:00,yara.ford@demomail.test,,2026-04-27 08:55:00,N,Delta Logistics Group - Offshore Team,,,Proposal Sent,100103,,SKU-2864,100042,LOT-9647,102454,,,,Website,,Active,,,,,,100155,,100436,,"70,483",Delta,100147,"33,448",8371,Mei Okafor,101704,100494,,100576,New Logo,100451,,,,100652,,,,,,,Prospect,100730,,,,,,Recruiting,,,100457,,
100509,Opportunity,106364,noah.blake@demomail.test,Arjun Silva,2024-03-03 16:43:00,noah.silva@demomail.test,Fatima Mercer,2026-07-12 11:28:00,mei.costa@acme-fake.test,Riley Nguyen,2025-03-29 14:23:00,drew.brooks@examplecorp.test,,2025-07-28 18:52:00,Y,Meridian Retail Inc - Offshore Team,,100263,Closed Won,100410,,TAG-6612,100246,REF-5053,104814,,,,Webinar,100476,Inactive,,,,,,100535,,100157,,"129,553",,100375,"5,127",1948,Arjun Vance,,100726,REF-4643,,Enterprise,,,,,100054,,100656,,,100204,,Active Customer,100643,,,,,100733,Recruiting,100697,,100775,,103462
100525,Opportunity,106365,chen.dorsey@examplecorp.test,Drew Sato,2026-06-26 19:33:00,marco.dorsey@sampleco.test,Drew Calder,2025-05-12 16:22:00,drew.ivanov@examplecorp.test,Elena Rossi,2025-01-15 12:56:00,jamie.rossi@acme-fake.test,,2025-08-21 16:25:00,N,Northwind Logistics - Managed Services,,100086,Closed Won,100446,,REF-2545,100152,SKU-6633,103259,,,,LinkedIn,100436,Inactive,,,,,,100383,,,,,Beta,,"5,280",6699,Drew Kim,,100454,,,Enterprise,100740,,,,100061,,,,,100448,,Active Customer,100414,,,,,100550,Offshore Team,100572,,100528,,104360
100545,Opportunity,106366,avery.ashby@examplecorp.test,Jordan Reyes,2025-12-07 05:32:00,rahul.whitfield@demomail.test,Liam Sato,2024-01-11 02:11:00,drew.haddad@acme-fake.test,Chen Calder,2025-01-13 14:34:00,skyler.mercer@sampleco.test,,2025-09-02 01:28:00,Y,Beacon Logistics - Managed Services,,100296,Discovery,100215,LOT-5170,TAG-1822,100311,LOT-4518,103202,,,,Inbound Call,,Active,,,,,,,,100442,,"63,776",,,,,Alex Brooks,101766,100470,TAG-9807,100460,SMB,100593,,,,100246,,,,,,,Prospect,100493,,,,,100438,Consulting,,,100565,,103917
100572,Opportunity,106369,priya.ford@acme-fake.test,Morgan Haddad,2025-12-14 14:32:00,nina.garcia@examplecorp.test,Fatima Patel,2024-11-27 06:56:00,priya.kim@demomail.test,Noah Larsson,2024-07-09 22:05:00,fatima.mercer@acme-fake.test,,2025-01-24 03:45:00,Y,Cardinal Ventures Co - Recruiting,,,Negotiation,100542,,TAG-1184,100322,SKU-3800,104002,,,,Referral,,Active,,,,,,,,,,"57,783",,100732,,,Noah Calder,,,,100134,Enterprise,100498,,,,100055,,100061,,,100740,,Active Customer,100375,,,,,100073,Staff Augmentation,,,100421,,
100309,Opportunity,106372,mei.costa@demomail.test,Reese Garcia,2024-01-02 23:43:00,omar.sloan@acme-fake.test,Rowan Mensah,2024-12-17 03:31:00,quinn.cohen@sampleco.test,Fatima Silva,2023-03-10 03:18:00,reese.vance@demomail.test,,2024-04-13 16:15:00,N,Northwind Foods Corp - Staff Augmentation,,,Negotiation,100645,,LOT-5386,100286,LOT-9472,104876,,,,Partner,,Active,,,,,,100446,,100061,,"469,048",,100330,"27,210",8424,Aisha Ivanov,101090,100142,,100161,New Logo,100220,,,,100250,,100119,Other,,,,Prospect,100423,,,,,100761,Consulting,,,100292,,
100448,Opportunity,106375,mei.garcia@sampleco.test,Morgan Garcia,2025-07-07 18:37:00,jordan.ford@demomail.test,Elena Haddad,2024-07-12 19:36:00,noah.calder@acme-fake.test,Elena Mercer,2024-10-11 10:10:00,yara.blake@sampleco.test,,2025-06-05 10:16:00,N,Blue Ridge Health LLP - Managed Services,,100361,Closed Lost,100120,,REF-1043,100299,SKU-1080,104818,,,,Referral,100125,Inactive,,,,,,100669,,100678,,"431,298",,100733,"31,564",7809,Emerson Brooks,101274,100472,REF-8445,100181,Enterprise,100414,,,,100445,,100065,,,100484,,Active Customer,100697,,,,,100619,Recruiting,,,100043,,102237
100574,Opportunity,106377,quinn.reyes@examplecorp.test,Skyler Silva,2023-01-26 17:42:00,nina.larsson@sampleco.test,Avery Brooks,2024-04-18 10:53:00,fatima.larsson@demomail.test,Diego Patel,2026-04-21 12:18:00,emerson.blake@examplecorp.test,,2026-01-30 17:14:00,N,Granite Networks Corp - Staff Augmentation,,100183,Discovery,100038,,TAG-6315,100782,,102028,,,,Webinar,100315,Active,,,,,,100256,,100083,,"349,728",Standard,100233,"18,524",,Arjun Ivanov,101331,100256,SKU-3222,100303,Renewal,100434,,,,100208,,,,,,,Prospect,100244,,,,,,Payroll,100134,,100386,,101968
100378,Opportunity,106378,marco.ivanov@sampleco.test,Rowan Cohen,2022-12-28 12:45:00,drew.ashby@examplecorp.test,Fatima Mensah,2025-05-08 04:31:00,liam.rossi@sampleco.test,Rowan Ivanov,2024-10-20 15:12:00,taylor.ashby@demomail.test,,2023-12-27 22:21:00,Y,Cardinal Media - Payroll,,100579,Qualification,100284,,SKU-6195,100732,LOT-4891,,,,,Partner,100548,Active,,,,,,100340,,100460,,"468,679",Standard,100782,"32,960",3438,Mei Patel,,100224,,100732,Enterprise,,,,,100319,,100169,,,,,Active Customer,100007,,,,,,Managed Services,,,100529,,102119
100315,Opportunity,106381,alex.ford@sampleco.test,Omar Ashby,2024-01-03 05:29:00,jamie.vance@examplecorp.test,Casey Brooks,2024-08-05 15:15:00,arjun.calder@sampleco.test,Skyler Blake,2025-01-17 16:05:00,priya.haddad@sampleco.test,,2024-04-18 19:02:00,N,Keystone Partners Inc - Offshore Team,,100509,Discovery,100404,,REF-2946,100552,TAG-7223,101919,,,,Webinar,100125,Active,,,,,,,,,,"252,917",Delta,,"22,486",,Jamie Okafor,100834,100300,,,New Logo,100119,,,,100217,,,Beta,,100507,,Prospect,100396,,,,,100405,Back Office,100061,,100061,,
100121,Opportunity,106382,yara.blake@sampleco.test,Sofia Okafor,2023-09-23 10:36:00,emerson.vance@sampleco.test,Noah Ford,2023-12-13 22:51:00,morgan.cohen@sampleco.test,Arjun Ford,2024-10-25 19:25:00,diego.whitfield@examplecorp.test,,2023-02-25 14:32:00,N,Copper Labs Inc - Consulting,,,Discovery,100330,LOT-5382,TAG-9739,100182,,102552,,,,Partner,,Active,,,,,,,,100023,,"11,978",,100671,,,Priya Larsson,101191,100634,REF-6316,,SMB,100619,,,,100713,,100399,,,,,Active Customer,100702,,,,,100786,Payroll,,,100779,,104023
100047,Opportunity,106385,jordan.nguyen@demomail.test,Diego Ivanov,2022-12-05 06:58:00,yara.silva@acme-fake.test,Taylor Ashby,2024-03-16 00:42:00,sofia.ashby@acme-fake.test,Priya Calder,2025-03-20 11:45:00,sofia.calder@examplecorp.test,,2023-02-13 10:07:00,Y,Brightpath Industries Co - Recruiting,,100438,Proposal Sent,100169,,SKU-5024,100721,LOT-4001,102844,,,,Cold Outreach,,Active,,,,,,100542,,100599,,,,100564,"35,657",,Omar Haddad,101655,100083,REF-6490,100451,Renewal,100787,,,,100627,,,,,,,Prospect,100608,,,,,,Staff Augmentation,,,100758,,103246
100096,Opportunity,106387,aisha.sato@examplecorp.test,Casey Garcia,2024-11-21 01:12:00,nina.ashby@sampleco.test,Noah Garcia,2026-07-24 05:31:00,jordan.sato@acme-fake.test,Omar Mensah,2025-09-21 11:09:00,sofia.vance@sampleco.test,,2025-07-10 06:12:00,N,Ironwood Financial Co - Offshore Team,,100473,Discovery,100087,,TAG-4797,100761,LOT-8275,103314,,,,Referral,100608,Active,,,,,,100724,,100632,,"390,164",Delta,100528,"9,135",4535,Reese Patel,100905,,SKU-3663,100476,Enterprise,,,,,100278,,100173,,,,,Prospect,100737,,,,,100522,Payroll,100191,,100339,,103489
100050,Opportunity,106388,jamie.ashby@sampleco.test,Chen Silva,2024-06-15 12:28:00,alex.whitfield@acme-fake.test,Casey Reyes,2026-01-12 17:06:00,diego.okafor@examplecorp.test,Reese Patel,2023-12-20 23:28:00,rahul.kim@examplecorp.test,,2025-09-17 19:39:00,N,Ironwood Foods - Back Office,,100787,Closed Won,100210,,LOT-8752,100779,LOT-6847,103575,,,,Inbound Call,,Inactive,,,,,,100286,,100579,,"277,721",Other,,"13,565",,Jamie Whitfield,101556,100366,SKU-9477,100739,Enterprise,,,,,100702,,,,,,,Active Customer,100438,,,,,100400,Payroll,,,100429,,103450
100332,Opportunity,106391,liam.brooks@acme-fake.test,Casey Patel,2026-07-04 15:04:00,alex.dorsey@demomail.test,Riley Costa,2024-05-29 17:50:00,noah.okafor@demomail.test,Jordan Larsson,2023-12-20 12:13:00,alex.brooks@demomail.test,,2025-12-15 03:42:00,N,Evergreen Capital Ltd - Recruiting,,100446,Qualification,100061,,TAG-9783,100211,LOT-8706,102794,,,,Referral,,Active,,,,,,,,100613,,"135,155",,100077,"23,063",,Fatima Mensah,101661,100382,,100348,Renewal,,,,,100559,,,,,100471,,Prospect,100383,,,,,,Staff Augmentation,,,100392,,
100256,Opportunity,106393,rowan.silva@acme-fake.test,Arjun Ford,2023-09-01 02:30:00,noah.larsson@sampleco.test,Liam Calder,2026-04-08 10:39:00,riley.ford@sampleco.test,Elena Mensah,2022-12-25 21:14:00,arjun.vance@acme-fake.test,,2022-10-12 00:12:00,Y,Meridian Industries Group - Payroll,,,Closed Lost,100697,SKU-3104,SKU-1456,100157,SKU-6160,104287,,,,Event,100590,Inactive,,,,,,100439,,,,"307,849",Delta,100574,"33,129",,Yara Rossi,101742,100558,,,Renewal,,,,,100106,,100512,,,,,Active Customer,100599,,,,,100123,Recruiting,100552,,100106,,
100647,Opportunity,106396,jamie.costa@acme-fake.test,Omar Brooks,2024-07-05 06:03:00,alex.ashby@acme-fake.test,Omar Brooks,2024-07-18 08:41:00,reese.calder@examplecorp.test,Sofia Rossi,2025-04-14 19:52:00,yara.rossi@examplecorp.test,,2023-05-30 08:31:00,Y,Delta Energy Group - Staff Augmentation,,,Closed Won,100181,,SKU-4091,100050,TAG-7889,104501,,,,Partner,100661,Inactive,,,,,,,,,,"441,165",,,"35,156",,Reese Ivanov,101534,100570,,100350,Standard,100314,,,,100210,,100103,,,100336,,Active Customer,100669,,,,,,Recruiting,100774,,100436,,104103
100724,Opportunity,106398,jamie.mercer@acme-fake.test,Fatima Patel,2022-11-24 14:53:00,avery.sloan@acme-fake.test,Rowan Okafor,2023-07-14 05:26:00,jamie.sato@sampleco.test,Morgan Ashby,2023-09-04 22:14:00,emerson.sato@demomail.test,,2023-09-02 01:15:00,N,Blue Ridge Networks LLP - Recruiting,,100634,Qualification,100638,,LOT-9881,100407,TAG-3372,104094,,,,Inbound Call,,Active,,,,,,100076,,100152,,,Standard,,"9,798",,Arjun Garcia,101152,100595,,100632,New Logo,100123,,,,100253,,100196,Alpha,,,,Prospect,100733,,,,,100750,Consulting,100204,,100042,,103251
100181,Opportunity,106399,noah.larsson@demomail.test,Alex Brooks,2024-12-13 15:00:00,priya.okafor@demomail.test,Omar Ivanov,2026-07-17 06:18:00,yara.cohen@demomail.test,Sofia Rossi,2024-09-10 08:33:00,emerson.vance@examplecorp.test,,2023-10-13 23:04:00,N,Meridian Retail LLP - Back Office,,,Closed Lost,100407,,REF-9801,100604,REF-1942,102845,,,,Webinar,100371,Inactive,,,,,,100128,,,,"353,537",,100077,,9005,Taylor Brooks,,,,100330,SMB,,,,,100465,,100400,,,100350,,Prospect,100035,,,,,100514,Payroll,100071,,100385,,
100292,Opportunity,106402,yara.sato@demomail.test,Elena Blake,2023-09-03 03:38:00,casey.dorsey@examplecorp.test,Marco Cohen,2025-11-07 12:42:00,avery.brooks@acme-fake.test,Nina Okafor,2024-09-21 23:59:00,skyler.ivanov@examplecorp.test,,2026-06-29 22:28:00,Y,Atlas Solutions LLP - Consulting,,,Closed Lost,100747,,TAG-5324,100178,TAG-5787,104585,,,,Event,,Inactive,,,,,,,,100139,,,,100123,"29,956",,Taylor Larsson,101472,100196,TAG-7079,,Enterprise,100496,,,,100761,,100203,,,100599,,Prospect,100461,,,,,,Recruiting,100652,,100153,,102955
100053,Opportunity,106403,mei.brooks@acme-fake.test,Noah Patel,2025-02-18 12:12:00,marco.dorsey@acme-fake.test,Priya Whitfield,2025-11-09 09:48:00,taylor.cohen@sampleco.test,Omar Kim,2024-05-28 07:34:00,fatima.mercer@demomail.test,,2023-05-07 09:46:00,N,Evergreen Networks Ltd - Recruiting,,100220,On Hold,100739,TAG-5068,REF-5825,100540,SKU-6543,104718,,,,Webinar,100475,Active,,,,,,100231,,,,"434,071",Other,100128,"36,680",,Mei Costa,101311,,,100118,Standard,,,,,100776,,100765,,,100561,,Prospect,100134,,,,,100382,Managed Services,100366,,100210,,102049
100330,Opportunity,106406,mei.brooks@acme-fake.test,Sofia Ford,2025-08-24 18:52:00,elena.reyes@sampleco.test,Liam Sato,2024-07-05 10:24:00,aisha.dorsey@examplecorp.test,Emerson Reyes,2024-02-15 08:13:00,rowan.mensah@examplecorp.test,,2024-02-28 15:14:00,Y,Copper Solutions Co - Back Office,,,Closed Won,100317,,LOT-3569,100086,REF-2944,104452,,,,Referral,,Inactive,,,,,,100047,,100673,,,,,"2,033",3118,Noah Nguyen,100947,100355,LOT-5513,,New Logo,,,,,100157,,,,,,,Active Customer,100765,,,,,,Back Office,,Other,100380,,103073
100507,Opportunity,106408,chen.nguyen@acme-fake.test,Jamie Ford,2023-03-09 12:56:00,arjun.sloan@acme-fake.test,Liam Okafor,2025-12-04 03:06:00,alex.vance@sampleco.test,Noah Blake,2025-04-18 12:18:00,riley.ashby@examplecorp.test,,2024-07-06 00:58:00,Y,Silverline Logistics Inc - Staff Augmentation,,100226,Discovery,100717,REF-6556,LOT-1118,100325,REF-8212,102694,,,,Webinar,,Active,,,,,,100028,,100028,,,,100550,"36,392",,Casey Mensah,,100330,TAG-2817,100296,Standard,100096,,,,100785,,,Alpha,,,,Active Customer,100348,,,,,100083,Recruiting,100566,,100298,,103488
100565,Opportunity,106410,sofia.mercer@demomail.test,Taylor Okafor,2025-10-22 15:31:00,reese.ivanov@acme-fake.test,Elena Mensah,2026-01-20 05:54:00,liam.haddad@sampleco.test,Chen Ford,2026-02-23 20:51:00,aisha.ashby@demomail.test,,2026-04-08 05:37:00,Y,Copper Dynamics Co - Consulting,,100094,Discovery,100073,,TAG-1151,100269,TAG-5681,,,,,Website,100599,Active,,,,,,100504,,,,,,100125,"30,051",,Diego Ford,101776,,LOT-5190,100125,Enterprise,,,,,100236,,,,,100371,,Prospect,100155,,,,,,Managed Services,100109,,100465,,104126
100647,Opportunity,106411,omar.mercer@acme-fake.test,Casey Mercer,2024-04-07 20:08:00,rahul.calder@acme-fake.test,Fatima Kim,2023-10-20 10:43:00,quinn.reyes@acme-fake.test,Quinn Cohen,2025-04-08 16:17:00,riley.vance@sampleco.test,,2023-04-23 19:15:00,N,Everest Manufacturing - Payroll,,100325,Closed Won,100271,,REF-3021,100418,REF-8239,104385,,,,Cold Outreach,100378,Inactive,,,,,,100652,,100156,,"219,392",,100205,"38,580",,Arjun Rossi,100994,,,,SMB,100046,,,,100277,,100031,,,100645,,Active Customer,100068,,,,,100454,Consulting,,,100103,,
100428,Opportunity,106413,jordan.kim@acme-fake.test,Aisha Brooks,2024-05-25 08:02:00,fatima.reyes@acme-fake.test,Fatima Mensah,2024-04-02 03:32:00,chen.mensah@acme-fake.test,Alex Cohen,2025-12-19 04:39:00,liam.larsson@examplecorp.test,,2023-11-16 06:44:00,Y,Ironwood Ventures Inc - Recruiting,,100200,Qualification,100721,,TAG-4057,100624,SKU-9427,103976,,,,Inbound Call,,Active,,,,,,100418,,100256,,,,100153,"31,078",,Chen Sato,101195,100303,REF-3080,100576,Enterprise,100660,,,,100753,,,,,,,Active Customer,100638,,,,,100576,Consulting,,,100771,,102034
100750,Opportunity,106414,taylor.brooks@examplecorp.test,Liam Cohen,2025-09-22 15:26:00,taylor.patel@sampleco.test,Yara Cohen,2024-09-21 04:52:00,drew.mensah@demomail.test,Elena Ashby,2023-06-26 19:13:00,skyler.cohen@acme-fake.test,,2025-02-23 07:14:00,Y,Horizon Robotics - Offshore Team,,,Dead,100103,,TAG-7517,100021,LOT-1217,103732,,,,LinkedIn,100481,Inactive,,,,,,,,,,"32,211",,100751,"35,309",,Priya Mercer,,,,100196,SMB,100471,,,,100667,,100375,,,100694,,Prospect,100585,,,,,100432,Payroll,,,100410,,
100481,Opportunity,106417,rowan.okafor@sampleco.test,Riley Ford,2025-05-27 06:12:00,noah.patel@acme-fake.test,Marco Mensah,2024-10-22 10:03:00,sofia.costa@examplecorp.test,Jordan Sloan,2023-01-11 21:14:00,yara.dorsey@demomail.test,,2024-11-02 20:00:00,N,Brightpath Industries Corp - Payroll,,100239,Qualification,100478,,TAG-5708,100096,LOT-8071,102533,,,,Website,100550,Active,,,,,,100525,,100476,,"206,469",Other,,"30,444",,Priya Sato,100881,100177,,100569,Standard,100278,,,,100689,,100478,,,100740,,Active Customer,100421,,,,,100654,Offshore Team,100315,,100134,,
100434,Opportunity,106419,marco.whitfield@acme-fake.test,Marco Cohen,2025-11-16 02:05:00,diego.rossi@demomail.test,Fatima Haddad,2024-04-26 09:51:00,diego.nguyen@examplecorp.test,Drew Ivanov,2025-09-14 15:13:00,emerson.silva@acme-fake.test,,2023-12-18 01:57:00,Y,Evergreen Robotics Group - Managed Services,,100365,Discovery,100053,,TAG-6581,100383,TAG-7079,103759,,,,Webinar,100336,Active,,,,,,,,100193,,,Alpha,100273,"7,508",5197,Taylor Larsson,100805,,LOT-3662,,Enterprise,100629,,,,100579,,100305,,,100651,,Prospect,100647,,,,,100369,Back Office,,,100770,,103701
100660,Opportunity,106421,priya.calder@sampleco.test,Aisha Blake,2023-09-09 09:13:00,jordan.reyes@acme-fake.test,Casey Kim,2026-07-18 00:28:00,emerson.silva@examplecorp.test,Reese Vance,2026-01-29 07:24:00,marco.ivanov@demomail.test,,2026-03-26 04:31:00,N,Evergreen Systems LLC - Recruiting,,100509,Closed Lost,100103,,TAG-6912,100629,LOT-1021,102174,,,,LinkedIn,100352,Inactive,,,,,,,,100065,,"397,688",,,,,Arjun Sato,,100733,LOT-9268,,Renewal,100707,,,,100512,,100253,,,,,Active Customer,100613,,,,,100457,Staff Augmentation,100165,,100147,,
100029,Opportunity,106422,rowan.calder@sampleco.test,Omar Dorsey,2024-09-12 19:51:00,liam.whitfield@acme-fake.test,Yara Blake,2023-03-04 05:17:00,rahul.larsson@examplecorp.test,Omar Ivanov,2024-08-16 23:30:00,arjun.mercer@demomail.test,,2024-08-21 08:02:00,N,Northwind Labs - Staff Augmentation,,,Discovery,100023,,SKU-2881,100727,TAG-1118,103661,,,,Partner,100149,Active,,,,,,,,100096,,,,100512,"7,114",5306,Aisha Calder,,100211,LOT-7892,100314,New Logo,100231,,,,100169,,100448,,,100514,,Active Customer,100349,,,,,,Payroll,,,100038,,102796
100647,Opportunity,106425,reese.haddad@demomail.test,Taylor Garcia,2024-12-25 08:49:00,priya.sloan@sampleco.test,Omar Dorsey,2023-05-21 22:41:00,omar.patel@examplecorp.test,Taylor Mercer,2023-09-27 21:57:00,sofia.ivanov@examplecorp.test,,2022-12-18 14:49:00,N,Vertex Manufacturing - Back Office,,100007,Proposal Sent,100582,LOT-5770,TAG-1470,100745,SKU-6229,102927,,,,Inbound Call,100550,Active,,,,,,100445,,100106,,,Alpha,,"32,673",5663,Fatima Patel,,100735,LOT-5976,,Enterprise,100604,,,,100398,,,,,,,Prospect,100145,,,,,100273,Managed Services,,,100375,,104062
100357,Opportunity,106426,priya.ashby@acme-fake.test,Elena Rossi,2024-05-27 20:32:00,arjun.whitfield@sampleco.test,Omar Patel,2023-07-27 21:07:00,liam.sato@acme-fake.test,Aisha Silva,2023-10-01 06:04:00,elena.blake@sampleco.test,,2026-04-30 12:04:00,Y,Cobalt Foods Corp - Staff Augmentation,,,Closed Lost,100410,,REF-8242,100442,REF-8384,102326,,,,Inbound Call,,Inactive,,,,,,,,100035,,,,,"34,981",,Drew Sloan,101290,100046,,100599,Renewal,100343,,,,100401,,100787,,,,,Prospect,100130,,,,,100028,Payroll,100442,,100098,,104613
100359,Opportunity,106429,quinn.mercer@demomail.test,Marco Patel,2024-01-28 16:21:00,drew.calder@demomail.test,Sofia Patel,2025-12-13 11:08:00,yara.ashby@sampleco.test,Reese Rossi,2026-05-11 23:08:00,rowan.ivanov@examplecorp.test,,2025-04-07 06:31:00,N,Horizon Industries Group - Staff Augmentation,,100022,Discovery,100717,,LOT-4236,100181,TAG-8979,104500,,,,Inbound Call,,Active,,,,,,,,,,,,100529,"37,904",5651,Priya Larsson,101781,100739,,100449,New Logo,,,,,100525,,100428,,,,,Active Customer,100550,,,,,,Back Office,100300,,100568,,102469
100073,Opportunity,106432,rowan.vance@examplecorp.test,Emerson Ashby,2023-11-12 19:56:00,reese.nguyen@demomail.test,Rowan Patel,2026-02-19 23:35:00,priya.reyes@demomail.test,Marco Brooks,2024-02-15 05:49:00,riley.kim@acme-fake.test,,2023-01-12 07:07:00,N,Pioneer Ventures Inc - Back Office,,100359,On Hold,100457,LOT-9315,SKU-1934,100016,TAG-7370,103356,,,,Referral,,Active,,,,,,100181,,100745,,"398,300",,,"7,904",893,Priya Okafor,101044,,SKU-8585,100570,Enterprise,100219,,,,100441,,,,,100730,,Prospect,100082,,,,,100702,Offshore Team,,,100221,,
100178,Opportunity,106435,arjun.ashby@sampleco.test,Avery Mensah,2024-12-07 04:21:00,nina.mercer@demomail.test,Arjun Dorsey,2026-02-01 21:56:00,fatima.ford@sampleco.test,Aisha Sloan,2026-04-21 13:00:00,arjun.cohen@sampleco.test,,2024-05-06 01:57:00,N,Blue Ridge Ventures LLC - Back Office,,,Closed Lost,100469,,SKU-6969,100552,REF-4289,,,,,LinkedIn,,Inactive,,,,,,100217,,100672,,,,100468,"12,025",,Noah Ford,101046,,SKU-6436,100269,Enterprise,100540,,,,100458,,,Gamma,,100023,,Active Customer,100786,,,,,100355,Managed Services,,,100079,,
100421,Opportunity,106436,omar.nguyen@examplecorp.test,Mei Kim,2025-03-20 00:27:00,alex.mensah@examplecorp.test,Jamie Ivanov,2025-08-22 07:13:00,sofia.cohen@demomail.test,Noah Silva,2022-11-01 00:41:00,reese.vance@acme-fake.test,,2023-04-23 07:48:00,Y,Horizon Media Co - Staff Augmentation,,,Closed Won,100790,SKU-3553,LOT-2530,100229,LOT-8205,104343,,,,Website,100335,Inactive,,,,,,,,100650,,"469,210",,,"24,953",7582,Fatima Ashby,,100204,,,Standard,100244,,,,100732,,100168,,,,,Prospect,100062,,,,,,Offshore Team,,,100387,,
100386,Opportunity,106439,mei.okafor@examplecorp.test,Morgan Mercer,2024-05-13 01:36:00,skyler.nguyen@sampleco.test,Jamie Whitfield,2024-11-29 22:59:00,chen.nguyen@sampleco.test,Taylor Vance,2026-04-15 16:17:00,nina.silva@examplecorp.test,,2025-08-06 22:31:00,N,Vertex Holdings - Back Office,,,Negotiation,100103,,SKU-6529,100330,LOT-5594,104297,,,,Website,100332,Active,,,,,,100608,,,,"32,965",Standard,,"39,982",,Jamie Ford,,,,,SMB,100182,,,,100393,,,Standard,,100415,,Active Customer,100732,,,,,100058,Offshore Team,,,100033,,
100247,Opportunity,106441,jamie.reyes@examplecorp.test,Jordan Whitfield,2024-02-29 06:15:00,chen.costa@examplecorp.test,Drew Cohen,2025-05-26 11:16:00,casey.rossi@demomail.test,Morgan Mercer,2024-06-16 05:10:00,jordan.rossi@examplecorp.test,,2024-10-11 00:11:00,Y,Blue Ridge Energy Inc - Managed Services,,100559,Discovery,100528,,REF-8410,100112,TAG-6463,102827,,,,Webinar,100457,Active,,,,,,100260,,100467,,"443,109",Gamma,,"7,978",,Jamie Ashby,100880,,LOT-3214,100303,Enterprise,,,,,100029,,,,,100449,,Prospect,100718,,,,,100330,Staff Augmentation,,,100309,,104723
100730,Opportunity,106444,yara.ford@demomail.test,Diego Okafor,2026-06-23 08:46:00,arjun.mensah@acme-fake.test,Mei Kim,2025-01-01 05:46:00,aisha.reyes@demomail.test,Aisha Costa,2025-02-26 17:26:00,skyler.vance@sampleco.test,,2026-03-27 12:04:00,Y,Granite Foods Group - Back Office,,,Closed Won,100298,,REF-5043,100616,REF-3531,103737,,,,LinkedIn,100574,Inactive,,,,,,100269,,,,"461,083",,100487,"12,486",,Noah Calder,101161,100487,TAG-2586,,Enterprise,,,,,100404,,,,,100012,,Active Customer,100414,,,,,,Payroll,100421,,100229,,
100629,Opportunity,106445,omar.sloan@acme-fake.test,Diego Haddad,2023-04-19 02:58:00,morgan.kim@acme-fake.test,Jordan Ford,2023-05-03 01:54:00,skyler.okafor@sampleco.test,Riley Whitfield,2025-08-11 22:10:00,fatima.calder@sampleco.test,,2026-02-10 19:01:00,N,Granite Systems Group - Consulting,,,Proposal Sent,100405,REF-9419,TAG-5645,100558,TAG-2410,104397,,,,Website,100328,Active,,,,,,,,,,,Beta,,,3120,Nina Cohen,,100548,LOT-7598,,Standard,,,,,100309,,,,,100362,,Active Customer,100761,,,,,100040,Consulting,100751,,100194,,
100042,Opportunity,106448,liam.garcia@sampleco.test,Alex Rossi,2025-10-18 04:59:00,mei.larsson@acme-fake.test,Casey Silva,2026-01-23 07:36:00,casey.costa@examplecorp.test,Rahul Larsson,2023-06-04 16:39:00,avery.sato@sampleco.test,,2026-03-04 10:44:00,Y,Granite Capital - Consulting,,,Dead,100494,,REF-9875,100035,SKU-2512,104832,,,,Website,,Inactive,,,,,,,,,,"59,400",Standard,100596,"31,257",2645,Casey Ivanov,,100309,,100619,New Logo,100380,,,,100787,,100019,Alpha,,,,Prospect,100601,,,,,100784,Back Office,100325,,100771,,
100453,Opportunity,106451,casey.sato@examplecorp.test,Rowan Ford,2022-11-01 13:43:00,drew.brooks@acme-fake.test,Diego Reyes,2024-12-02 17:55:00,yara.dorsey@examplecorp.test,Morgan Patel,2023-05-13 17:31:00,yara.whitfield@sampleco.test,,2023-05-09 09:39:00,N,Pioneer Foods LLP - Managed Services,,100100,Dead,100565,,LOT-6284,100465,SKU-9330,104325,,,,Cold Outreach,100291,Inactive,,,,,,,,100522,,"134,902",,,,,Noah Whitfield,101630,100303,,,Standard,100139,,,,100582,,100269,,,100724,,Active Customer,100542,,,,,100683,Staff Augmentation,,,100231,,
100315,Opportunity,106453,arjun.nguyen@acme-fake.test,Omar Kim,2024-01-14 14:47:00,rahul.kim@examplecorp.test,Diego Mensah,2025-09-29 16:15:00,sofia.whitfield@demomail.test,Fatima Ivanov,2023-01-29 20:27:00,priya.mercer@sampleco.test,,2024-03-25 23:11:00,N,Cardinal Foods Co - Back Office,,100532,Closed Lost,100593,LOT-5789,REF-3698,100177,SKU-6657,103224,,,,Cold Outreach,100638,Inactive,,,,,,100182,,100112,,"432,103",Delta,100162,,,Quinn Costa,101655,100139,,,New Logo,100601,,,,100498,,100478,,,100522,,Prospect,100382,,,,,100307,Payroll,,,100782,,
100260,Opportunity,106455,aisha.ivanov@acme-fake.test,Quinn Vance,2024-03-01 08:30:00,omar.blake@sampleco.test,Skyler Calder,2025-06-08 23:36:00,rahul.rossi@examplecorp.test,Jordan Dorsey,2026-02-28 08:39:00,rowan.nguyen@acme-fake.test,,2024-07-30 21:52:00,N,Harbor Solutions LLP - Consulting,,,Proposal Sent,100532,TAG-8426,LOT-7169,100076,REF-3406,103268,,,,Referral,,Active,,,,,,100627,,,,"369,976",Gamma,100137,"13,616",,Reese Calder,,100183,LOT-2820,,Renewal,100307,,,,100286,,100435,Standard,,,,Active Customer,100350,,,,,100470,Payroll,100147,,100656,,102615
100439,Opportunity,106457,elena.larsson@sampleco.test,Yara Sato,2024-12-03 21:33:00,jamie.patel@examplecorp.test,Alex Sloan,2024-08-27 05:23:00,quinn.larsson@acme-fake.test,Mei Mensah,2023-02-07 19:26:00,rowan.dorsey@sampleco.test,,2023-02-21 13:21:00,N,Horizon Group Co - Staff Augmentation,,100495,Qualification,100401,,SKU-1589,100782,LOT-2790,102644,,,,Partner,,Active,,,,,,100133,,100714,,,Other,,,8196,Arjun Mensah,101472,100606,REF-6886,100120,SMB,,,,,100503,,100514,Beta,,,,Active Customer,100061,,,,,,Staff Augmentation,100569,,100691,,103979
100686,Opportunity,106459,taylor.whitfield@examplecorp.test,Noah Ashby,2023-07-11 19:10:00,emerson.larsson@examplecorp.test,Arjun Larsson,2025-05-02 10:59:00,riley.ford@examplecorp.test,Marco Vance,2026-05-07 21:21:00,fatima.calder@sampleco.test,,2025-05-29 11:20:00,Y,Delta Analytics LLC - Recruiting,,100622,Closed Won,100460,LOT-1437,LOT-6312,100199,,102552,,,,Inbound Call,,Inactive,,,,,,100786,,100157,,"199,038",Delta,,"1,662",,Mei Mercer,100815,,REF-9376,,New Logo,,,,,100519,,100003,,,,,Prospect,100423,,,,,100643,Back Office,100680,,100328,,103520
100434,Opportunity,106462,morgan.mercer@acme-fake.test,Taylor Nguyen,2025-02-11 23:09:00,rowan.ashby@demomail.test,Liam Vance,2025-04-11 07:16:00,taylor.brooks@sampleco.test,Fatima Vance,2026-06-12 15:06:00,rowan.larsson@demomail.test,,2023-04-06 04:07:00,Y,Cardinal Analytics Corp - Payroll,,100389,Qualification,100055,REF-4492,REF-7777,100162,LOT-1758,102769,,,,Event,100678,Active,,,,,,,,,,,,100100,"4,855",8505,Priya Kim,,,,,Renewal,100635,,,,100140,,100387,,,100295,,Active Customer,100519,,,,,100068,Recruiting,,,100648,,
100540,Opportunity,106465,emerson.rossi@sampleco.test,Rahul Sloan,2025-08-03 18:38:00,avery.ivanov@examplecorp.test,Noah Sato,2024-03-23 17:02:00,priya.blake@demomail.test,Aisha Haddad,2025-08-30 18:02:00,morgan.reyes@demomail.test,,2022-12-28 15:14:00,Y,Summit Analytics - Staff Augmentation,,100383,Closed Won,100578,REF-4947,REF-8692,100652,TAG-3770,103416,,,,LinkedIn,100454,Inactive,,,,,,100073,,100038,,,Gamma,100185,"33,668",,Aisha Sloan,101159,100298,,,New Logo,100400,,,,100601,,100076,,,,,Prospect,100689,,,,,,Payroll,100545,,100086,,103382
100112,Opportunity,106468,morgan.nguyen@examplecorp.test,Alex Mercer,2026-03-19 00:45:00,liam.kim@demomail.test,Omar Ivanov,2023-05-06 16:24:00,liam.costa@acme-fake.test,Rowan Calder,2025-03-14 18:00:00,aisha.larsson@examplecorp.test,,2023-02-23 17:27:00,N,Beacon Energy LLC - Managed Services,,,Negotiation,100470,,TAG-2162,100387,TAG-5140,104406,,,,Website,100461,Active,,,,,,100130,,100359,,"347,235",Delta,,,,Noah Costa,101001,,,,Renewal,,,,,100220,,100173,,,100420,,Prospect,100403,,,,,,Consulting,100471,,100345,,103911
100380,Opportunity,106470,mei.ivanov@sampleco.test,Jordan Calder,2026-06-16 08:30:00,emerson.okafor@examplecorp.test,Avery Silva,2024-11-02 02:42:00,yara.rossi@demomail.test,Rahul Dorsey,2022-10-14 19:34:00,aisha.blake@acme-fake.test,,2024-09-30 07:33:00,Y,Horizon Analytics Group - Offshore Team,,100137,Negotiation,100157,,SKU-7738,100496,LOT-2114,102156,,,,Event,,Active,,,,,,100509,,100686,,,,,"3,496",,Alex Rossi,101753,,,100735,Renewal,,,,,100608,,,,,100542,,Prospect,100568,,,,,100768,Staff Augmentation,100775,,100220,,
100153,Opportunity,106471,fatima.nguyen@examplecorp.test,Liam Calder,2026-07-20 19:37:00,diego.vance@demomail.test,Emerson Sato,2024-11-28 12:49:00,omar.cohen@demomail.test,Casey Ivanov,2023-01-26 21:15:00,arjun.rossi@sampleco.test,,2024-03-03 10:44:00,Y,Brightpath Foods LLP - Recruiting,,100629,Qualification,100073,,TAG-8448,100305,TAG-1635,104777,,,,Partner,100378,Active,,,,,,100003,,100691,,"181,585",Delta,,"20,586",6054,Emerson Nguyen,101107,,SKU-9024,100169,New Logo,100239,,,,100357,,,,,100678,,Prospect,100165,,,,,100343,Recruiting,,,100643,,
100462,Opportunity,106472,morgan.brooks@acme-fake.test,Morgan Whitfield,2024-02-04 14:19:00,reese.rossi@demomail.test,Casey Mercer,2023-04-30 22:50:00,yara.whitfield@examplecorp.test,Drew Sloan,2023-06-08 20:43:00,mei.rossi@demomail.test,,2025-11-29 07:27:00,N,Atlas Logistics Corp - Recruiting,,100375,Closed Won,100322,LOT-9081,SKU-3958,100487,TAG-2331,103831,,,,Inbound Call,,Inactive,,,,,,,,,,"166,826",,100656,"10,180",,Riley Haddad,101507,100062,LOT-6569,100507,Enterprise,100291,,,,100315,,100656,,,100418,,Prospect,100055,,,,,100507,Back Office,,,100139,,
100123,Opportunity,106474,sofia.nguyen@sampleco.test,Sofia Ivanov,2022-10-05 16:05:00,avery.vance@demomail.test,Skyler Dorsey,2025-12-11 11:12:00,skyler.larsson@examplecorp.test,Jordan Silva,2023-07-26 08:19:00,yara.nguyen@demomail.test,,2026-02-26 18:11:00,Y,Beacon Ventures Ltd - Managed Services,,,Discovery,100500,,LOT-1273,100786,TAG-8244,103982,,,,Event,100700,Active,,,,,,100434,,,,,,100349,"38,740",,Skyler Ashby,,,,100284,SMB,,,,,100761,,100461,Gamma,,100007,,Active Customer,100181,,,,,,Staff Augmentation,,,100205,,103530
100007,Opportunity,106476,elena.blake@examplecorp.test,Skyler Sato,2023-07-02 14:20:00,elena.patel@sampleco.test,Alex Nguyen,2023-12-27 11:04:00,drew.mercer@acme-fake.test,Elena Silva,2025-03-21 18:40:00,morgan.cohen@examplecorp.test,,2023-03-30 13:51:00,Y,Keystone Systems LLP - Recruiting,,,Closed Won,100564,,TAG-8987,100782,REF-6066,103991,,,,Partner,100470,Inactive,,,,,,,,,,,,,"6,391",8282,Aisha Dorsey,,100616,,100229,Standard,,,,,100033,,100348,,,,,Active Customer,100590,,,,,100161,Back Office,100296,,100667,,
100031,Opportunity,106478,fatima.silva@examplecorp.test,Mei Rossi,2025-07-19 01:52:00,taylor.nguyen@examplecorp.test,Reese Ivanov,2023-03-08 23:40:00,mei.mensah@examplecorp.test,Taylor Blake,2025-04-01 02:10:00,elena.ford@examplecorp.test,,2023-01-26 19:24:00,Y,Northwind Health Co - Offshore Team,,,Proposal Sent,100570,,SKU-1936,100068,TAG-2751,104454,,,,Partner,100369,Active,,,,,,100142,,100019,,,Alpha,,"6,942",,Jordan Dorsey,101699,,,100242,SMB,100629,,,,100383,,,Gamma,,100284,,Prospect,100622,,,,,,Offshore Team,,,100369,,104348
100702,Opportunity,106480,drew.larsson@examplecorp.test,Emerson Cohen,2025-01-02 01:04:00,yara.sloan@demomail.test,Arjun Vance,2022-12-21 18:23:00,rowan.costa@sampleco.test,Morgan Sato,2025-09-18 03:16:00,rahul.rossi@examplecorp.test,,2024-07-06 20:35:00,N,Everest Health LLP - Offshore Team,,,Closed Won,100152,,TAG-5123,100529,REF-8895,102030,,,,Cold Outreach,100574,Inactive,,,,,,100548,,,,,,100745,"14,194",,Taylor Sloan,,100389,REF-2377,100203,New Logo,100696,,,,100561,,,,,,,Prospect,100169,,,,,100275,Back Office,100739,,100169,,103559
100578,Opportunity,106481,yara.larsson@acme-fake.test,Priya Mercer,2024-07-24 12:57:00,riley.larsson@acme-fake.test,Rowan Larsson,2024-12-09 15:15:00,noah.sloan@demomail.test,Nina Brooks,2025-10-27 10:12:00,nina.blake@sampleco.test,,2026-01-10 06:44:00,N,Copper Capital - Managed Services,,,Proposal Sent,100335,,REF-5484,100664,LOT-5562,104075,,,,Cold Outreach,100121,Active,,,,,,100683,,100156,,"184,159",,100565,"14,825",,Reese Mensah,100963,,LOT-7532,100415,Renewal,100031,,,,100599,,100068,Alpha,,100340,,Active Customer,100608,,,,,,Payroll,100103,,100453,,102526
100350,Opportunity,106482,jordan.haddad@acme-fake.test,Nina Silva,2023-12-23 16:52:00,riley.haddad@demomail.test,Marco Patel,2025-11-17 07:33:00,priya.nguyen@examplecorp.test,Taylor Blake,2024-09-24 20:09:00,noah.blake@acme-fake.test,Diego Calder,2024-08-16 03:01:00,N,Lakeside Manufacturing Group - Consulting,,,Closed Won,100217,LOT-6530,TAG-5659,100572,,104383,,,,Cold Outreach,100496,Inactive,,,,,,100490,,100750,,,,100672,"28,837",,Sofia Costa,,,,,New Logo,,,,,100247,,100629,,,100291,,Active Customer,100528,,,,,100071,Offshore Team,,,100542,,
100519,Opportunity,106485,casey.haddad@acme-fake.test,Rahul Haddad,2024-05-02 17:31:00,rowan.cohen@demomail.test,Drew Dorsey,2026-03-18 04:33:00,diego.silva@sampleco.test,Drew Reyes,2025-11-21 21:41:00,sofia.mensah@acme-fake.test,,2024-10-28 23:46:00,N,Summit Systems LLP - Consulting,,100775,Closed Won,100669,REF-2032,SKU-8383,100569,SKU-7807,102246,,,,Event,100578,Inactive,,,,,,,,100448,,"129,895",Gamma,,"15,409",7715,Noah Brooks,,,,100284,Renewal,,,,,100153,,100387,,,,,Active Customer,100023,,,,,100730,Consulting,,,100328,,102012
100647,Opportunity,106487,noah.okafor@sampleco.test,Liam Ashby,2023-01-15 06:43:00,arjun.dorsey@examplecorp.test,Mei Garcia,2025-02-27 13:50:00,elena.vance@acme-fake.test,Arjun Nguyen,2026-04-03 10:02:00,liam.dorsey@demomail.test,,2026-01-16 17:51:00,Y,Lakeside Labs LLC - Back Office,,100648,Closed Lost,100145,REF-6582,LOT-6687,100495,TAG-6962,102866,,,,Event,100232,Inactive,,,,,,100519,,100383,,,,100669,"38,176",,Jamie Rossi,100865,,REF-8861,,Standard,100622,,,,100217,,,Delta,,100047,,Prospect,100654,,,,,,Back Office,,,100473,,
100200,Opportunity,106490,yara.mercer@sampleco.test,Reese Ivanov,2024-08-12 13:07:00,liam.larsson@acme-fake.test,Casey Garcia,2023-10-08 09:18:00,sofia.mensah@sampleco.test,Priya Calder,2024-02-19 07:42:00,chen.vance@examplecorp.test,,2023-01-06 12:20:00,N,Harbor Health Group - Managed Services,,,Discovery,100652,,TAG-4820,100574,LOT-5908,103515,,,,Cold Outreach,,Active,,,,,,100161,,100596,,"105,483",,100673,"38,539",1652,Yara Okafor,101349,100352,REF-8218,100303,New Logo,,,,,100635,,100710,,,,,Prospect,100055,,,,,100203,Payroll,,,100250,,102067
100747,Opportunity,106492,jordan.ivanov@sampleco.test,Taylor Kim,2023-09-09 16:14:00,avery.haddad@demomail.test,Elena Haddad,2024-01-16 03:15:00,nina.mensah@sampleco.test,Priya Vance,2025-11-23 05:21:00,drew.cohen@acme-fake.test,,2025-05-03 05:01:00,Y,Atlas Holdings - Offshore Team,,,Closed Lost,100386,,LOT-9771,100053,LOT-3293,103050,,,,Webinar,100484,Inactive,,,,,,,,,,"377,364",,,"11,936",,Yara Kim,101770,100753,,100762,SMB,100453,,,,100250,,,,,100476,,Active Customer,100564,,,,,,Consulting,100278,,100016,,102639
100576,Opportunity,106493,chen.patel@sampleco.test,Casey Sloan,2023-11-28 22:55:00,riley.ashby@demomail.test,Jamie Calder,2024-10-19 06:44:00,rahul.ivanov@sampleco.test,Priya Rossi,2023-02-17 14:57:00,riley.ivanov@sampleco.test,,2024-02-21 16:13:00,N,Lakeside Logistics LLP - Offshore Team,,100659,On Hold,100250,,LOT-2685,100211,SKU-8172,104145,,,,Inbound Call,,Active,,,,,,,,100473,,"345,925",,,"16,403",,Jamie Vance,,100130,,100014,Standard,,,,,100161,,100718,,,100428,,Prospect,100322,,,,,,Recruiting,100570,,100336,,104167
100305,Opportunity,106494,skyler.rossi@demomail.test,Marco Silva,2024-12-30 14:36:00,avery.cohen@acme-fake.test,Marco Dorsey,2025-02-19 06:21:00,omar.okafor@examplecorp.test,Jamie Ashby,2026-05-20 19:52:00,quinn.brooks@demomail.test,,2025-07-01 23:32:00,Y,Falcon Dynamics Group - Managed Services,,,Discovery,100311,,REF-5498,100043,SKU-1944,104546,,,,Referral,100451,Active,,,,,,100732,,100407,,"372,900",,100522,,1563,Elena Patel,101421,100407,,,Renewal,100130,,,,100046,,,,,,,Prospect,100538,,,,,,Offshore Team,100295,,100724,,
100608,Opportunity,106496,morgan.larsson@demomail.test,Alex Sato,2024-03-31 15:31:00,priya.sloan@examplecorp.test,Jamie Ashby,2024-03-12 07:30:00,nina.brooks@sampleco.test,Marco Reyes,2024-08-04 09:42:00,jamie.ford@acme-fake.test,,2023-08-10 17:27:00,N,Meridian Media Ltd - Managed Services,,100366,Closed Won,100661,,LOT-3678,100606,LOT-9777,103771,,,,Inbound Call,,Inactive,,,,,,100200,,,,"408,717",,100572,"22,474",,Chen Vance,101386,100561,,100267,Enterprise,,,,,100362,,,,,100177,,Active Customer,100205,,,,,100221,Staff Augmentation,100568,,100418,,
100535,Opportunity,106497,avery.vance@acme-fake.test,Rahul Vance,2026-07-19 16:15:00,morgan.mercer@sampleco.test,Avery Garcia,2024-08-24 10:47:00,marco.sloan@acme-fake.test,Arjun Brooks,2026-02-27 11:45:00,rowan.nguyen@acme-fake.test,,2023-07-12 18:59:00,Y,Keystone Group LLC - Offshore Team,,100398,Proposal Sent,100288,TAG-2638,SKU-7535,100439,TAG-3375,102083,,,,Inbound Call,100762,Active,,,,,,100689,,,,,Gamma,,"6,151",,Fatima Calder,101000,100535,REF-5257,100140,SMB,100525,,,,100296,,,,,,,Active Customer,100678,,,,,100386,Managed Services,100224,,100118,,102928
100103,Opportunity,106499,quinn.nguyen@sampleco.test,Casey Rossi,2025-04-08 13:58:00,riley.reyes@sampleco.test,Diego Dorsey,2024-06-18 06:18:00,elena.costa@sampleco.test,Alex Nguyen,2025-05-23 12:14:00,jamie.calder@acme-fake.test,,2022-12-20 06:43:00,Y,Keystone Energy Co - Payroll,,100147,Closed Won,100291,TAG-1646,TAG-9046,100759,REF-4459,102711,,,,Event,100548,Inactive,,,,,,,,100275,,"207,305",,100365,,2930,Mei Patel,,,,,Enterprise,100208,,,,100538,,100648,Alpha,,100601,,Prospect,100516,,,,,,Consulting,100165,,100656,,
100753,Opportunity,106501,chen.blake@examplecorp.test,Jamie Patel,2024-11-28 20:27:00,fatima.calder@sampleco.test,Drew Sloan,2024-02-12 08:31:00,skyler.mensah@examplecorp.test,Chen Okafor,2022-10-26 09:44:00,arjun.cohen@demomail.test,,2022-12-07 05:55:00,N,Silverline Analytics Ltd - Recruiting,,,Dead,100403,SKU-6245,LOT-8157,100632,TAG-9245,103746,,,,Inbound Call,100540,Inactive,,,,,,,,,,"483,297",,100727,"1,265",,Sofia Dorsey,101018,,SKU-2432,,SMB,,,,,100782,,,,,,,Active Customer,100525,,,,,100383,Recruiting,,,100385,,
100380,Opportunity,106502,aisha.haddad@acme-fake.test,Mei Brooks,2023-12-29 08:26:00,reese.garcia@sampleco.test,Fatima Mercer,2024-01-22 11:54:00,alex.ford@examplecorp.test,Noah Ford,2025-07-31 21:11:00,rowan.ford@demomail.test,Riley Nguyen,2024-07-14 06:05:00,N,Horizon Textiles Group - Payroll,,100096,Negotiation,100005,SKU-4566,LOT-4969,100345,TAG-2278,102243,,,,Referral,100555,Active,,,,,,100535,,,,"226,474",,100169,"32,284",,Omar Ashby,101401,,LOT-4658,100579,Standard,100704,,,,100439,,,,,,,Prospect,100487,,,,,100611,Offshore Team,100504,,100267,Standard,104582
100273,Opportunity,106505,morgan.patel@demomail.test,Alex Haddad,2024-04-24 03:42:00,riley.brooks@acme-fake.test,Aisha Ford,2023-12-22 21:29:00,alex.brooks@examplecorp.test,Morgan Reyes,2022-12-01 14:19:00,marco.brooks@examplecorp.test,,2026-07-14 23:46:00,Y,Falcon Foods Inc - Managed Services,,,Proposal Sent,100542,,LOT-5546,100638,LOT-7239,102668,,,,Referral,,Active,,,,,,100481,,,,"466,957",Standard,,"18,905",,Casey Haddad,101621,,LOT-1544,,Enterprise,,,,,100613,,100735,,,100359,,Active Customer,100396,,,,,,Recruiting,100707,,100446,,103815
100634,Opportunity,106508,yara.vance@demomail.test,Jamie Garcia,2022-12-24 14:05:00,rahul.ivanov@sampleco.test,Taylor Kim,2023-07-20 06:55:00,jamie.dorsey@examplecorp.test,Reese Larsson,2025-08-11 15:20:00,yara.costa@acme-fake.test,,2025-09-12 01:32:00,Y,Northwind Dynamics LLC - Managed Services,,100735,Closed Lost,100659,TAG-4392,TAG-2515,100007,TAG-6886,101918,,,,Webinar,100761,Inactive,,,,,,100678,,,,,Delta,,"31,777",,Riley Sloan,,100462,,100697,Enterprise,100425,,,,100740,,100185,,,,,Active Customer,100606,,,,,,Staff Augmentation,,,100514,,
100538,Opportunity,106509,drew.larsson@demomail.test,Casey Haddad,2024-03-18 04:32:00,yara.mercer@acme-fake.test,Taylor Okafor,2025-10-12 19:19:00,priya.sato@demomail.test,Sofia Reyes,2024-03-28 15:46:00,avery.blake@acme-fake.test,,2024-04-05 00:44:00,N,Lakeside Industries - Recruiting,,100224,On Hold,100019,,TAG-7353,100062,REF-3188,102604,,,,Inbound Call,,Active,,,,,,100461,,100378,,"105,967",,,"5,671",,Taylor Costa,101272,100730,,,Renewal,100726,,,,100181,,,,,100629,,Active Customer,100319,,,,,100564,Staff Augmentation,100399,,100023,,102931
100704,Opportunity,106510,emerson.calder@examplecorp.test,Rowan Nguyen,2023-07-02 08:16:00,quinn.mercer@sampleco.test,Aisha Okafor,2024-09-24 17:44:00,nina.sloan@acme-fake.test,Chen Mercer,2022-10-08 11:00:00,jordan.blake@examplecorp.test,Aisha Okafor,2023-07-02 08:12:00,N,Ironwood Health LLP - Managed Services,,100516,Closed Won,100115,REF-6145,REF-1568,100490,SKU-7549,102530,,,,Inbound Call,,Inactive,,,,,,100656,,100389,,"327,553",Alpha,100103,"21,426",,Priya Nguyen,,,SKU-7933,100420,Enterprise,,,,,100305,,,,,,,Prospect,100601,,,,,100478,Back Office,100288,,100428,,104173
100599,Opportunity,106512,alex.nguyen@acme-fake.test,Taylor Dorsey,2024-08-07 00:23:00,priya.mercer@acme-fake.test,Mei Cohen,2024-02-07 13:07:00,elena.blake@sampleco.test,Jamie Nguyen,2022-10-02 18:04:00,skyler.mercer@sampleco.test,,2025-08-30 20:47:00,N,Atlas Ventures - Offshore Team,,,Closed Lost,100654,,LOT-1176,100295,SKU-3917,102040,,,,Referral,,Inactive,,,,,,100730,,,,"385,722",,100291,,,Reese Ashby,101552,100434,LOT-9464,100680,Standard,100727,,,,100242,,,,,100077,,Active Customer,100503,,,,,100470,Payroll,100098,,100319,,104803
100645,Opportunity,106513,rowan.brooks@demomail.test,Mei Whitfield,2025-12-10 06:57:00,quinn.blake@acme-fake.test,Chen Dorsey,2024-09-03 06:43:00,elena.okafor@demomail.test,Skyler Garcia,2026-05-13 07:11:00,rowan.vance@demomail.test,,2026-06-18 05:44:00,Y,Keystone Systems Ltd - Offshore Team,,100250,Closed Won,100226,,TAG-7673,100639,SKU-9294,104118,,,,Event,,Inactive,,,,,,,,,,,Alpha,,"14,271",,Jordan Dorsey,,100561,,100058,SMB,,,,,100787,,100123,,,100156,,Active Customer,100565,,,,,100469,Consulting,100332,,100782,,103416
100035,Opportunity,106515,avery.ford@sampleco.test,Yara Rossi,2023-07-17 10:53:00,rowan.silva@acme-fake.test,Riley Kim,2024-09-02 05:35:00,diego.silva@examplecorp.test,Priya Haddad,2026-04-10 18:45:00,alex.haddad@sampleco.test,,2023-08-06 02:38:00,Y,Vertex Logistics LLC - Recruiting,,,Closed Won,100100,,REF-5942,100348,REF-3800,102822,,,,Event,100040,Inactive,,,,,,100366,,100340,,"145,441",Gamma,100204,"27,016",,Yara Reyes,100909,100386,,100309,Standard,100247,,,,100120,,100244,,,100398,,Active Customer,100540,,,,,100717,Back Office,100596,,100689,,
100490,Opportunity,106517,arjun.calder@acme-fake.test,Mei Ashby,2024-12-18 14:11:00,morgan.sloan@examplecorp.test,Riley Mercer,2026-01-09 08:32:00,quinn.cohen@acme-fake.test,Reese Dorsey,2022-12-19 08:09:00,jamie.silva@demomail.test,,2022-11-18 12:09:00,Y,Evergreen Health Inc - Recruiting,,100142,Closed Lost,100345,,LOT-1309,100061,REF-9384,103735,,,,Partner,100031,Inactive,,,,,,100378,,,,"66,566",,,"13,605",,Yara Mensah,101501,,REF-2760,100611,New Logo,100469,,,,100380,,100019,,,100616,,Active Customer,100514,,,,,,Offshore Team,100619,,100014,,103221
100250,Opportunity,106519,morgan.costa@sampleco.test,Fatima Brooks,2024-06-30 04:16:00,omar.cohen@demomail.test,Avery Costa,2025-03-10 12:30:00,avery.ashby@demomail.test,Emerson Mercer,2025-02-22 18:29:00,avery.whitfield@demomail.test,,2026-01-01 14:55:00,Y,Lakeside Labs Corp - Staff Augmentation,,,Discovery,100009,,SKU-9656,100425,REF-9132,104490,,,,Referral,100776,Active,,,,,,100466,,100421,,"372,167",,,"33,048",,Yara Dorsey,101604,100432,,100771,Enterprise,100775,,,,100465,,100169,,,100689,,Active Customer,100350,,,,,100718,Consulting,100343,,100469,,102647
100470,Opportunity,106520,emerson.garcia@examplecorp.test,Aisha Larsson,2026-06-16 14:29:00,diego.reyes@sampleco.test,Liam Brooks,2025-08-09 13:53:00,fatima.okafor@demomail.test,Elena Mensah,2026-06-08 15:32:00,avery.kim@sampleco.test,Rowan Okafor,2023-01-08 08:45:00,Y,Everest Health LLC - Back Office,,,Proposal Sent,100046,REF-2567,LOT-5542,100512,SKU-9061,101931,,,,Referral,,Active,,,,,,,,100595,,"477,909",,100246,"14,385",2782,Riley Nguyen,101409,100403,REF-3461,,Enterprise,100016,,,,100568,,,Delta,,,,Prospect,100260,,,,,,Managed Services,100460,,100548,,103173
100774,Opportunity,106521,jamie.garcia@examplecorp.test,Chen Ashby,2025-07-15 12:27:00,mei.nguyen@sampleco.test,Rowan Vance,2023-10-12 17:50:00,noah.brooks@acme-fake.test,Casey Ashby,2026-07-02 16:41:00,jamie.vance@sampleco.test,,2024-09-22 07:15:00,Y,Silverline Networks LLC - Offshore Team,,100471,Qualification,100412,,LOT-7199,100741,TAG-9699,,,,,Event,,Active,,,,,,,,100182,,"336,594",,100689,"21,945",726,Yara Brooks,101672,,,,Enterprise,100635,,,,100264,,100552,,,,,Active Customer,100762,,,,,,Payroll,100727,,100550,,104167
100652,Opportunity,106522,priya.okafor@sampleco.test,Casey Ford,2024-09-16 05:28:00,noah.vance@acme-fake.test,Fatima Costa,2024-08-05 12:41:00,drew.sloan@examplecorp.test,Jordan Patel,2026-06-07 17:40:00,casey.mensah@demomail.test,,2026-05-17 15:04:00,Y,Atlas Capital Co - Recruiting,,,On Hold,100343,,REF-4681,100761,TAG-3940,102834,,,,Referral,,Active,,,,,,100405,,100023,,,Standard,100007,"22,046",5240,Avery Nguyen,101346,100309,REF-2310,,Standard,100229,,,,100332,,100153,,,,,Prospect,100751,,,,,,Recruiting,100239,,100169,,103595
100071,Opportunity,106525,marco.kim@examplecorp.test,Reese Vance,2025-02-28 19:47:00,reese.sato@examplecorp.test,Morgan Cohen,2026-05-01 22:37:00,rowan.sato@examplecorp.test,Skyler Garcia,2026-05-06 17:42:00,drew.brooks@sampleco.test,,2025-04-03 11:03:00,Y,Copper Manufacturing LLC - Payroll,,100117,Discovery,100284,,SKU-4703,100410,SKU-6121,103144,,,,LinkedIn,,Active,,,,,,100578,,,,"232,886",Beta,100582,"37,464",1440,Chen Calder,101146,,SKU-4150,,Renewal,,,,,100137,,100441,,,100343,,Prospect,100392,,,,,,Back Office,100522,,100606,,
100606,Opportunity,106527,emerson.okafor@examplecorp.test,Skyler Ford,2025-10-17 22:38:00,mei.ivanov@sampleco.test,Casey Calder,2023-07-04 22:18:00,arjun.rossi@demomail.test,Avery Garcia,2024-08-10 09:31:00,drew.garcia@sampleco.test,,2024-08-17 09:48:00,Y,Meridian Ventures Ltd - Consulting,,100528,Closed Won,100361,,TAG-9382,100425,TAG-3005,104865,,,,Website,100172,Inactive,,,,,,100244,,100298,,"421,673",,100587,"11,682",5286,Marco Dorsey,101095,,LOT-3393,100552,New Logo,,,,,100191,,100481,Other,,,,Active Customer,100576,,,,,,Staff Augmentation,,,100635,,101990
100564,Opportunity,106528,arjun.ivanov@acme-fake.test,Emerson Costa,2025-01-29 16:04:00,emerson.sloan@sampleco.test,Casey Dorsey,2026-04-25 02:41:00,noah.haddad@demomail.test,Morgan Cohen,2022-11-24 22:25:00,alex.ford@acme-fake.test,,2024-11-06 00:27:00,N,Redwood Analytics Co - Offshore Team,,,Discovery,100314,,LOT-6550,100522,TAG-6736,104701,,,,Inbound Call,,Active,,,,,,100449,,100352,,,,100451,"39,973",,Avery Reyes,,100550,,,Renewal,,,,,100328,,,,,100125,,Prospect,100067,,,,,100410,Offshore Team,100471,,100519,,102461
100688,Opportunity,106529,skyler.sato@examplecorp.test,Yara Dorsey,2025-08-16 15:19:00,yara.ford@acme-fake.test,Emerson Cohen,2023-06-01 04:14:00,reese.kim@sampleco.test,Yara Calder,2023-07-13 00:18:00,skyler.brooks@demomail.test,,2026-01-18 15:10:00,Y,Cobalt Health Group - Managed Services,,100590,Qualification,100210,REF-3110,SKU-2865,100012,REF-5830,103409,,,,LinkedIn,100608,Active,,,,,,100439,,100009,,"131,563",Alpha,,"20,876",2342,Elena Nguyen,,100016,,,Standard,100718,,,,100470,,100700,Delta,,100050,,Prospect,100624,,,,,100292,Payroll,,,100246,,104539
100392,Opportunity,106531,jamie.mercer@acme-fake.test,Jamie Sato,2023-05-20 00:36:00,omar.okafor@examplecorp.test,Aisha Silva,2024-10-06 02:18:00,jamie.cohen@examplecorp.test,Emerson Brooks,2026-04-14 22:13:00,reese.costa@acme-fake.test,,2024-06-23 20:53:00,Y,Cardinal Analytics Inc - Managed Services,,100561,Closed Won,100509,,TAG-7715,100382,TAG-4260,104615,,,,Inbound Call,100619,Inactive,,,,,,100182,,,,,Beta,,"6,357",,Rowan Ford,101276,100031,,100153,New Logo,100568,,,,100134,,,,,,,Active Customer,100648,,,,,100554,Offshore Team,100174,,100309,,102358
100448,Opportunity,106532,omar.sloan@demomail.test,Liam Mensah,2023-04-17 18:03:00,drew.larsson@demomail.test,Taylor Haddad,2023-04-09 08:02:00,arjun.rossi@acme-fake.test,Yara Silva,2025-03-16 18:02:00,noah.larsson@acme-fake.test,,2024-08-07 00:25:00,N,Silverline Networks LLC - Staff Augmentation,,100634,Closed Lost,100038,TAG-3327,SKU-1308,100713,TAG-5714,102665,,,,Website,,Inactive,,,,,,100043,,,,,,,"12,526",447,Avery Patel,100970,,,100352,Standard,100570,,,,100038,,100174,,,100201,,Active Customer,100462,,,,,,Payroll,100380,,100432,,
100201,Opportunity,106534,taylor.sato@demomail.test,Drew Cohen,2024-10-04 02:21:00,mei.sato@demomail.test,Liam Costa,2024-04-27 05:00:00,sofia.rossi@acme-fake.test,Diego Ashby,2025-04-17 01:14:00,omar.ford@examplecorp.test,,2025-04-19 06:48:00,N,Summit Media - Payroll,,100478,Proposal Sent,100068,,REF-4922,100658,TAG-5583,103172,,,,Referral,100648,Active,,,,,,100345,,100585,,,,,,,Omar Mensah,100805,100784,LOT-4193,100369,Enterprise,100790,,,,100217,,100386,,,100012,,Active Customer,100498,,,,,,Staff Augmentation,100022,,100566,,
100689,Opportunity,106535,omar.dorsey@sampleco.test,Yara Nguyen,2023-09-20 10:54:00,casey.ford@demomail.test,Rowan Mercer,2026-03-26 11:14:00,alex.ashby@acme-fake.test,Fatima Calder,2024-08-25 19:02:00,priya.cohen@demomail.test,,2025-12-09 06:58:00,Y,Vertex Retail - Offshore Team,,,Closed Won,100203,TAG-1600,LOT-5701,100688,LOT-4074,104309,,,,Referral,100785,Inactive,,,,,,,,,,"96,509",,,"34,017",,Rowan Sloan,101044,,TAG-1982,100029,Standard,,,,,100635,,100267,,,100743,,Prospect,100123,,,,,100275,Offshore Team,100481,,100490,,
100697,Opportunity,106538,mei.okafor@acme-fake.test,Omar Garcia,2026-01-28 18:03:00,avery.rossi@sampleco.test,Priya Ashby,2023-09-16 18:19:00,avery.sloan@demomail.test,Emerson Reyes,2023-11-12 11:55:00,jordan.ashby@sampleco.test,,2023-10-10 06:05:00,Y,Keystone Energy - Offshore Team,,100751,Closed Won,100776,,SKU-2966,100305,LOT-6024,104205,,,,Cold Outreach,100564,Inactive,,,,,,,,,,"104,963",Other,100593,"35,135",,Drew Cohen,,,SKU-3483,,New Logo,,,,,100472,,100382,Standard,,,,Active Customer,100145,,,,,100246,Staff Augmentation,,,100094,,
100117,Opportunity,106539,aisha.mensah@examplecorp.test,Marco Calder,2024-04-01 12:30:00,yara.ashby@sampleco.test,Quinn Reyes,2023-11-19 00:10:00,reese.mercer@acme-fake.test,Rowan Whitfield,2025-05-03 20:39:00,aisha.whitfield@demomail.test,,2026-01-21 12:56:00,Y,Pioneer Holdings LLC - Consulting,,100569,Qualification,100686,,TAG-6665,100696,TAG-3458,104472,,,,Cold Outreach,,Active,,,,,,,,,,"189,041",Beta,,"21,093",6076,Marco Nguyen,101556,100168,,,Renewal,100465,,,,100079,,100109,,,100710,,Active Customer,100740,,,,,,Payroll,100117,,100121,,102525
100558,Opportunity,106541,rowan.whitfield@demomail.test,Reese Ford,2026-02-13 09:29:00,liam.kim@examplecorp.test,Drew Larsson,2026-02-12 17:20:00,elena.haddad@sampleco.test,Marco Dorsey,2024-07-19 11:59:00,mei.patel@sampleco.test,,2022-10-09 12:13:00,Y,Evergreen Group Corp - Managed Services,,,Closed Won,100229,,REF-2574,100079,TAG-3082,104501,,,,Website,100383,Inactive,,,,,,,,100750,,"286,628",,100756,"10,529",,Morgan Sato,101133,,LOT-5443,100404,Enterprise,100532,,,,100137,,,,,,,Prospect,100555,,,,,100509,Recruiting,,,100540,,103658
100404,Opportunity,106544,casey.mercer@examplecorp.test,Nina Silva,2025-01-24 16:19:00,chen.sloan@examplecorp.test,Aisha Sloan,2025-10-08 23:57:00,marco.patel@acme-fake.test,Nina Vance,2024-06-10 19:46:00,alex.okafor@acme-fake.test,,2025-06-29 13:20:00,Y,Cobalt Foods Co - Consulting,,,Dead,100629,TAG-6827,REF-1217,100596,LOT-4136,102081,,,,Inbound Call,,Inactive,,,,,,100061,,,,,,100664,"33,316",8621,Mei Nguyen,,100263,TAG-8378,,SMB,100606,,,,100671,,100286,Gamma,,,,Prospect,100512,,,,,100315,Payroll,100168,,100328,,
100596,Opportunity,106546,yara.ivanov@demomail.test,Avery Blake,2024-08-03 15:21:00,omar.silva@examplecorp.test,Yara Sloan,2025-02-05 09:19:00,taylor.mercer@demomail.test,Emerson Garcia,2022-10-02 03:06:00,diego.calder@acme-fake.test,,2023-11-01 23:14:00,N,Horizon Labs LLP - Consulting,,,Closed Lost,100106,,SKU-9275,100053,TAG-1852,103974,,,,Website,,Inactive,,,,,,100205,,,,"150,192",Alpha,100005,"27,352",4299,Skyler Rossi,100843,,,100385,New Logo,,,,,100345,,100215,,,,,Prospect,100461,,,,,100496,Staff Augmentation,,,100445,,
100162,Opportunity,106549,drew.blake@sampleco.test,Skyler Ashby,2025-01-14 21:44:00,sofia.dorsey@sampleco.test,Nina Calder,2024-11-23 16:28:00,nina.nguyen@examplecorp.test,Noah Whitfield,2026-02-07 08:50:00,priya.brooks@examplecorp.test,,2026-01-14 16:53:00,Y,Redwood Foods Ltd - Managed Services,,100471,Dead,100079,LOT-7945,LOT-2290,100169,REF-1122,103162,,,,Website,,Inactive,,,,,,,,,,,,,"23,228",,Rowan Blake,101582,100410,REF-7836,100253,Enterprise,100392,,,,100345,,100622,,,,,Prospect,100112,,,,,100382,Payroll,100718,,100733,,104583
100587,Opportunity,106550,priya.cohen@acme-fake.test,Noah Brooks,2026-01-06 17:19:00,casey.ford@acme-fake.test,Riley Haddad,2024-11-11 18:05:00,fatima.ford@demomail.test,Avery Ford,2024-03-25 13:40:00,taylor.vance@sampleco.test,,2025-07-01 19:53:00,N,Vertex Systems Ltd - Offshore Team,,,Qualification,100784,,LOT-6140,100162,LOT-4707,103406,,,,LinkedIn,100087,Active,,,,,,100067,,100471,,"483,796",Other,100043,"23,447",,Reese Reyes,101373,100200,LOT-1015,100643,Renewal,,,,,100490,,100322,,,,,Active Customer,100519,,,,,100217,Managed Services,,,100476,,
100740,Opportunity,106551,rowan.reyes@acme-fake.test,Skyler Ivanov,2026-07-30 02:03:00,aisha.whitfield@acme-fake.test,Elena Whitfield,2024-09-26 00:40:00,quinn.silva@acme-fake.test,Rowan Mercer,2025-04-18 21:32:00,mei.rossi@examplecorp.test,,2025-10-15 19:42:00,N,Ironwood Industries Corp - Managed Services,,100741,Closed Lost,100203,TAG-6164,SKU-8095,100224,TAG-9965,,,,,Event,,Inactive,,,,,,100445,,100458,,"225,429",Gamma,100578,"15,634",,Arjun Ford,,100635,,,Renewal,,,,,100739,,100121,,,100400,,Active Customer,100737,,,,,100340,Back Office,100640,,100762,,
100469,Opportunity,106552,arjun.rossi@acme-fake.test,Elena Blake,2025-09-10 08:48:00,chen.vance@examplecorp.test,Priya Garcia,2025-12-27 15:25:00,aisha.haddad@demomail.test,Quinn Mercer,2023-08-04 04:39:00,priya.silva@demomail.test,,2023-08-13 18:29:00,Y,Cardinal Retail Group - Offshore Team,,,Discovery,100269,REF-9347,SKU-2149,100745,TAG-6567,102995,,,,Webinar,,Active,,,,,,100578,,100702,,"123,734",Gamma,100457,"7,826",,Rowan Mensah,,100250,,100595,SMB,,,,,100782,,100635,Standard,,100680,,Active Customer,100139,,,,,,Managed Services,100330,,100753,,103328
100639,Opportunity,106555,yara.sloan@sampleco.test,Omar Blake,2025-06-23 10:11:00,arjun.vance@sampleco.test,Alex Mercer,2023-09-02 08:58:00,quinn.sato@demomail.test,Avery Dorsey,2024-12-19 02:10:00,liam.sloan@acme-fake.test,,2023-02-21 13:00:00,Y,Cardinal Solutions Group - Back Office,,,Discovery,100475,,LOT-7033,100579,REF-7795,104528,,,,Inbound Call,100669,Active,,,,,,100067,,100568,,,,,"28,903",,Riley Reyes,101065,100003,,100161,Renewal,,,,,100322,,100672,,,100771,,Active Customer,100472,,,,,,Recruiting,100555,Gamma,100292,Other,103794
100498,Opportunity,106557,rahul.okafor@demomail.test,Riley Larsson,2023-07-19 09:28:00,emerson.okafor@examplecorp.test,Liam Reyes,2025-09-17 21:26:00,elena.rossi@acme-fake.test,Liam Whitfield,2024-05-13 11:49:00,sofia.nguyen@sampleco.test,,2023-09-04 06:31:00,N,Cobalt Analytics Ltd - Offshore Team,,100428,Proposal Sent,100759,,LOT-1695,100604,TAG-1452,102056,,,,LinkedIn,,Active,,,,,,,,100743,,,,100219,,,Morgan Ivanov,,,TAG-4579,,SMB,100348,,,,100405,,100660,,,,,Prospect,100033,,,,,100378,Staff Augmentation,,,100156,,103454
100009,Opportunity,106558,avery.dorsey@examplecorp.test,Casey Costa,2025-12-18 20:51:00,priya.nguyen@sampleco.test,Drew Sato,2024-09-17 19:01:00,taylor.silva@examplecorp.test,Sofia Mensah,2023-09-17 21:38:00,fatima.ashby@acme-fake.test,,2024-10-22 16:02:00,Y,Delta Analytics Co - Offshore Team,,,Discovery,100022,,TAG-1822,100405,TAG-3379,102183,,,,Event,,Active,,,,,,100071,,,,"347,664",,100380,"28,839",,Marco Reyes,101731,,,100295,SMB,100414,,,,100357,,100210,,,100232,,Active Customer,100071,,,,,100771,Payroll,100317,,100635,,
100303,Opportunity,106559,sofia.whitfield@examplecorp.test,Sofia Brooks,2023-02-27 05:40:00,jamie.calder@examplecorp.test,Avery Silva,2022-11-27 19:57:00,taylor.silva@examplecorp.test,Priya Sato,2024-08-09 09:35:00,priya.calder@sampleco.test,Riley Whitfield,2026-03-31 03:42:00,N,Summit Manufacturing Group - Recruiting,,100355,Closed Won,100704,,SKU-2754,100696,SKU-1362,102601,,,,Referral,100694,Inactive,,,,,,,,,,,,100335,"7,447",,Fatima Costa,,,SKU-6556,,Standard,100079,,,,100296,,100387,,,,,Active Customer,100782,,,,,100040,Back Office,,,100680,,
100123,Opportunity,106560,casey.calder@acme-fake.test,Skyler Reyes,2025-10-14 14:42:00,nina.okafor@examplecorp.test,Chen Okafor,2023-01-17 15:53:00,mei.ivanov@examplecorp.test,Jamie Nguyen,2023-04-01 11:47:00,liam.patel@demomail.test,,2025-03-19 18:38:00,Y,Redwood Networks Ltd - Back Office,,100058,Qualification,100014,,REF-5899,100054,SKU-3992,104649,,,,Webinar,100100,Active,,,,,,,,,,"350,008",,100149,"24,943",,Liam Dorsey,101259,100638,TAG-8645,100751,SMB,,,,,100665,,100449,,,100669,,Active Customer,100362,,,,,,Consulting,,,100658,,102898
100638,Opportunity,106562,morgan.sloan@demomail.test,Elena Larsson,2025-01-07 14:31:00,diego.blake@demomail.test,Morgan Silva,2026-02-10 06:49:00,riley.blake@examplecorp.test,Morgan Cohen,2026-06-28 20:58:00,riley.larsson@acme-fake.test,,2023-12-21 20:16:00,N,Granite Media Inc - Recruiting,,100758,Closed Won,100714,,TAG-9292,100791,TAG-1688,104030,,,,Webinar,100162,Inactive,,,,,,100737,,100300,,"264,857",Beta,,"15,731",1960,Casey Ivanov,101228,100570,TAG-9749,100423,Enterprise,100073,,,,100173,,100067,,,,,Active Customer,100065,,,,,100311,Consulting,100601,,100490,,
100472,Opportunity,106563,arjun.whitfield@examplecorp.test,Sofia Sloan,2024-04-18 09:39:00,morgan.rossi@acme-fake.test,Alex Whitfield,2024-11-09 17:41:00,yara.calder@examplecorp.test,Chen Costa,2025-03-01 04:30:00,sofia.nguyen@acme-fake.test,,2024-11-21 14:42:00,Y,Silverline Textiles Co - Managed Services,,100178,Closed Won,100023,,LOT-6421,100572,SKU-5858,103753,,,,Cold Outreach,100362,Inactive,,,,,,100350,,,,,,100538,"33,556",,Jamie Mercer,,,TAG-1815,100172,Standard,100714,,,,100196,,,,,100702,,Active Customer,100786,,,,,100574,Staff Augmentation,,,100174,,104173
100401,Opportunity,106564,fatima.larsson@sampleco.test,Emerson Dorsey,2026-04-04 16:22:00,rowan.patel@demomail.test,Omar Whitfield,2023-04-01 18:42:00,chen.dorsey@sampleco.test,Emerson Ivanov,2022-12-23 06:12:00,avery.ivanov@sampleco.test,,2025-11-14 01:25:00,Y,Horizon Robotics Inc - Staff Augmentation,,,Closed Won,100119,,TAG-1199,100535,TAG-9748,103846,,,,LinkedIn,100624,Inactive,,,,,,100669,,100029,,,,,"36,764",,Fatima Brooks,101160,100023,TAG-9949,100756,New Logo,,,,,100005,,100758,,,100211,,Prospect,100638,,,,,,Consulting,,,100275,,103284
100173,Opportunity,106566,elena.larsson@demomail.test,Alex Ashby,2024-10-16 01:53:00,marco.nguyen@acme-fake.test,Aisha Reyes,2023-05-04 23:31:00,nina.dorsey@demomail.test,Yara Silva,2023-07-24 19:12:00,marco.garcia@sampleco.test,,2026-03-07 11:21:00,N,Copper Foods Inc - Consulting,,,Closed Won,100454,,TAG-8977,100468,SKU-1397,,,,,Partner,,Inactive,,,,,,100423,,,,"419,980",Delta,,,,Arjun Patel,101133,,SKU-9489,,Standard,,,,,100429,,100199,Standard,,100269,,Prospect,100359,,,,,,Back Office,,,100639,,
100770,Opportunity,106568,sofia.haddad@demomail.test,Rahul Costa,2024-09-08 17:42:00,riley.okafor@examplecorp.test,Avery Rossi,2025-11-14 16:39:00,reese.ivanov@sampleco.test,Skyler Ivanov,2025-05-21 19:01:00,rahul.larsson@demomail.test,,2026-01-31 02:18:00,Y,Summit Textiles Inc - Consulting,,100574,Negotiation,100576,,SKU-3942,100442,LOT-8571,103954,,,,Website,100244,Active,,,,,,,,100758,,"209,616",,100441,,2572,Noah Sato,,100568,REF-6041,100415,Standard,100667,,,,100564,,,,,100369,,Active Customer,100322,,,,,100125,Consulting,100147,,100343,,103010
100217,Opportunity,106569,chen.calder@demomail.test,Liam Larsson,2024-11-20 12:14:00,skyler.brooks@examplecorp.test,Liam Ashby,2024-12-31 15:32:00,skyler.dorsey@sampleco.test,Priya Ashby,2026-04-20 11:32:00,aisha.sloan@examplecorp.test,,2026-03-25 19:26:00,N,Meridian Manufacturing Ltd - Recruiting,,100765,Dead,100087,REF-7672,TAG-3764,100585,TAG-3298,103871,,,,Cold Outreach,100214,Inactive,,,,,,,,,,,,,"13,675",,Elena Costa,101091,,TAG-6608,100244,Standard,100119,,,,100191,,,,,,,Prospect,100201,,,,,,Back Office,,,100671,,104483
100532,Opportunity,106570,taylor.mercer@examplecorp.test,Aisha Dorsey,2023-08-12 07:28:00,jordan.mensah@demomail.test,Fatima Mensah,2024-04-29 17:28:00,chen.rossi@demomail.test,Riley Vance,2023-03-12 00:40:00,reese.calder@sampleco.test,,2024-08-20 18:28:00,Y,Silverline Logistics - Recruiting,,,Closed Lost,100627,,LOT-6400,100382,TAG-5180,101909,,,,Website,,Inactive,,,,,,100345,,100458,,"202,547",,100713,,953,Nina Cohen,101559,100673,SKU-6625,,New Logo,100733,,,,100434,,100121,,,100065,,Active Customer,100161,,,,,,Offshore Team,,,100031,,102279
100548,Opportunity,106571,nina.sloan@sampleco.test,Riley Ford,2026-05-17 18:40:00,omar.rossi@demomail.test,Liam Patel,2026-06-15 06:19:00,nina.haddad@examplecorp.test,Nina Costa,2024-11-25 09:07:00,reese.mensah@examplecorp.test,,2025-01-26 03:58:00,Y,Falcon Retail Ltd - Managed Services,,100300,Closed Lost,100286,,LOT-7058,100220,REF-1916,102426,,,,Website,,Inactive,,,,,,100109,,100250,,,,100219,"33,366",,Rahul Ivanov,,100420,TAG-9179,100595,SMB,100632,,,,100087,,100750,,,100721,,Active Customer,100315,,,,,,Back Office,,,100317,,103598
100565,Opportunity,106573,avery.okafor@acme-fake.test,Nina Kim,2023-09-15 23:14:00,casey.sloan@sampleco.test,Aisha Vance,2024-04-11 00:30:00,morgan.sato@sampleco.test,Priya Costa,2026-03-20 11:45:00,quinn.garcia@acme-fake.test,,2023-04-10 18:15:00,Y,Silverline Partners Corp - Offshore Team,,100494,Discovery,100161,,TAG-9562,100675,TAG-5675,103449,,,,Partner,,Active,,,,,,,,,,"81,139",,100155,880,,Quinn Dorsey,101024,100438,,100493,SMB,100635,,,,100162,,100026,,,100791,,Prospect,100062,,,,,,Managed Services,,,100587,,104367
100599,Opportunity,106574,mei.haddad@demomail.test,Diego Whitfield,2022-10-16 15:51:00,drew.sato@examplecorp.test,Diego Calder,2025-06-08 07:24:00,arjun.sato@sampleco.test,Avery Rossi,2026-01-16 20:07:00,rahul.vance@acme-fake.test,,2026-03-20 17:20:00,Y,Meridian Industries LLC - Back Office,,100453,Closed Won,100087,REF-2919,LOT-1033,100253,SKU-1098,102334,,,,Partner,100119,Inactive,,,,,,,,100561,,"10,426",,100672,"24,714",,Marco Reyes,100966,100169,LOT-8798,100028,SMB,100050,,,,100286,,,,,100291,,Prospect,100554,,,,,,Payroll,100779,,100210,,104191
100714,Opportunity,106576,avery.silva@acme-fake.test,Liam Reyes,2025-05-10 00:05:00,casey.whitfield@acme-fake.test,Taylor Nguyen,2026-02-28 00:21:00,liam.haddad@acme-fake.test,Noah Patel,2025-05-28 20:31:00,jordan.ashby@demomail.test,,2023-04-17 22:10:00,N,Evergreen Foods Co - Recruiting,,100791,Closed Lost,100619,,REF-8479,100191,TAG-5236,102926,,,,Webinar,100574,Inactive,,,,,,100284,,,,"127,342",Beta,100311,"2,937",,Liam Cohen,101143,100165,,100281,Standard,100629,,,,100673,,100434,,,,,Active Customer,100648,,,,,100702,Recruiting,100490,,100067,,
100194,Opportunity,106579,drew.sato@examplecorp.test,Fatima Dorsey,2026-07-02 03:31:00,arjun.calder@examplecorp.test,Jordan Whitfield,2023-06-17 17:59:00,morgan.sloan@demomail.test,Omar Cohen,2025-09-03 12:32:00,emerson.sloan@sampleco.test,,2022-12-16 09:55:00,Y,Delta Textiles Ltd - Consulting,,100779,Closed Won,100325,,REF-3425,100121,TAG-8346,103711,,,,LinkedIn,,Inactive,,,,,,,,,,,,100242,"29,376",,Drew Rossi,101510,,LOT-6462,100432,Enterprise,100365,,,,100305,,,,,100454,,Prospect,100574,,,,,100665,Recruiting,100054,,100564,,
100065,Opportunity,106581,chen.blake@examplecorp.test,Fatima Sato,2023-06-05 13:26:00,noah.sloan@sampleco.test,Aisha Vance,2026-07-30 15:52:00,rahul.dorsey@acme-fake.test,Jordan Ashby,2024-12-28 12:19:00,marco.mercer@acme-fake.test,,2022-12-03 00:20:00,N,Harbor Systems Corp - Back Office,,,Discovery,100758,,SKU-1389,100565,SKU-4514,102830,,,,Cold Outreach,100335,Active,,,,,,,,100750,,"417,011",Alpha,,"1,585",5734,Mei Haddad,101497,,LOT-4273,,New Logo,100496,,,,100400,,100672,,,,,Prospect,100514,,,,,100161,Managed Services,100559,,100082,,104743
100675,Opportunity,106583,diego.mercer@demomail.test,Casey Larsson,2025-08-02 04:59:00,omar.sato@examplecorp.test,Chen Mercer,2024-03-20 12:10:00,yara.kim@examplecorp.test,Rowan Dorsey,2026-02-24 11:27:00,noah.patel@sampleco.test,,2024-06-15 14:40:00,Y,Northwind Logistics LLP - Staff Augmentation,,,Qualification,100717,TAG-1008,SKU-4002,100548,TAG-8593,104141,,,,Website,,Active,,,,,,100525,,100211,,"183,917",Other,100188,"12,484",,Morgan Cohen,,,,100181,Enterprise,,,,,100157,,100115,,,100504,,Prospect,100250,,,,,,Offshore Team,100656,,100125,,103624
100689,Opportunity,106584,chen.nguyen@examplecorp.test,Emerson Sloan,2026-05-26 22:07:00,riley.dorsey@demomail.test,Riley Mensah,2025-08-08 08:06:00,sofia.dorsey@examplecorp.test,Omar Mercer,2023-09-02 00:19:00,marco.cohen@demomail.test,,2024-10-17 15:36:00,Y,Granite Health - Consulting,,100362,Discovery,100371,,TAG-4874,100476,SKU-2618,104651,,,,Referral,100325,Active,,,,,,100500,,,,,Beta,,"16,912",,Priya Ashby,,100412,SKU-3912,100624,Enterprise,,,,,100336,,,,,100226,,Active Customer,100162,,,,,100339,Staff Augmentation,100118,,100585,,104855
100142,Opportunity,106587,liam.sato@demomail.test,Diego Nguyen,2025-02-25 08:40:00,emerson.sloan@sampleco.test,Avery Sloan,2023-08-28 01:01:00,reese.patel@acme-fake.test,Aisha Ford,2024-11-11 23:57:00,morgan.haddad@examplecorp.test,,2025-08-28 23:02:00,Y,Ironwood Logistics Corp - Offshore Team,,100296,Discovery,100762,REF-8541,LOT-2392,100587,REF-1217,,,,,Partner,100718,Active,,,,,,100311,,100619,,"87,778",Beta,100214,"29,200",,Emerson Brooks,,100196,,,Enterprise,,,,,100332,,100053,,,100361,,Prospect,100332,,,,,100362,Payroll,,,100468,,104361
100250,Opportunity,106588,riley.okafor@demomail.test,Diego Larsson,2025-02-17 23:39:00,avery.larsson@examplecorp.test,Jamie Garcia,2023-10-26 21:17:00,sofia.patel@sampleco.test,Sofia Larsson,2022-12-12 12:37:00,chen.kim@sampleco.test,Riley Ford,2024-10-20 11:09:00,Y,Summit Ventures Group - Offshore Team,,100434,Proposal Sent,100758,,TAG-5993,100768,REF-1103,104701,,,,Inbound Call,,Active,,,,,,100585,,100761,,"441,347",,,"4,737",362,Alex Reyes,,,,,Enterprise,100161,,,,100339,,,,,100028,,Active Customer,100710,,,,,,Recruiting,100139,,100083,,104081
100130,Opportunity,106591,skyler.sloan@examplecorp.test,Diego Sloan,2024-08-01 16:18:00,chen.mensah@examplecorp.test,Alex Costa,2023-09-09 03:56:00,fatima.sloan@demomail.test,Jordan Haddad,2025-12-22 07:38:00,omar.brooks@examplecorp.test,,2024-08-14 18:33:00,Y,Harbor Manufacturing Co - Back Office,,100665,Closed Lost,100165,,LOT-1486,100704,TAG-3368,103629,,,,Event,,Inactive,,,,,,100157,,100414,,"137,785",,100445,"14,429",4887,Priya Garcia,101490,,TAG-7895,100643,Renewal,,,,,100673,,100726,,,,,Prospect,100468,,,,,100155,Managed Services,100396,,100420,,102600
100451,Opportunity,106593,priya.sato@examplecorp.test,Rowan Calder,2024-11-05 07:50:00,fatima.blake@examplecorp.test,Elena Blake,2026-05-17 21:27:00,rowan.garcia@examplecorp.test,Nina Cohen,2023-12-03 23:39:00,rahul.garcia@acme-fake.test,,2026-03-14 01:27:00,N,Falcon Health LLP - Consulting,,,Closed Lost,100348,,LOT-2865,100073,LOT-8858,103658,,,,Event,100699,Inactive,,,,,,100291,,,,,,,,314,Emerson Ivanov,,100257,,,Enterprise,,,,,100472,,100643,,,100423,,Prospect,100429,,,,,100656,Managed Services,,,100512,,104093
100117,Opportunity,106596,avery.vance@examplecorp.test,Arjun Ashby,2026-01-28 18:45:00,jordan.patel@sampleco.test,Omar Ashby,2025-01-31 20:57:00,reese.blake@sampleco.test,Skyler Okafor,2023-03-27 19:44:00,priya.larsson@demomail.test,,2023-09-16 15:48:00,Y,Everest Financial Corp - Managed Services,,100156,Closed Lost,100785,,LOT-4585,100435,REF-3347,104739,,,,Cold Outreach,100345,Inactive,,,,,,,,,,,Delta,100231,"18,494",28,Elena Nguyen,101595,,,100627,New Logo,,,,,100267,,100432,,,100191,,Active Customer,100233,,,,,,Payroll,,,100516,,103979
100616,Opportunity,106597,alex.costa@sampleco.test,Liam Ashby,2026-03-04 20:41:00,rahul.brooks@examplecorp.test,Chen Mercer,2025-07-17 06:09:00,arjun.sloan@examplecorp.test,Aisha Larsson,2024-03-17 22:41:00,avery.garcia@examplecorp.test,Yara Brooks,2026-06-17 08:03:00,Y,Brightpath Analytics Ltd - Offshore Team,,100651,Closed Won,100307,,REF-3617,100028,SKU-4405,102821,,,,Referral,100147,Inactive,,,,,,100117,,100300,,"395,044",,100275,"27,575",8686,Casey Rossi,,100787,SKU-5353,,Renewal,,,,,100652,,,,,100559,,Prospect,100315,,,,,,Offshore Team,,,100309,,102120
100442,Opportunity,106598,quinn.ashby@examplecorp.test,Reese Garcia,2025-04-03 06:12:00,yara.whitfield@acme-fake.test,Drew Ivanov,2024-11-03 10:40:00,rowan.rossi@sampleco.test,Elena Silva,2023-01-20 05:36:00,elena.dorsey@sampleco.test,,2025-10-04 00:29:00,N,Cobalt Analytics - Recruiting,,100784,Closed Lost,100118,TAG-2415,TAG-3779,100229,TAG-8020,,,,,Website,,Inactive,,,,,,100139,,100142,,"309,098",Gamma,,"14,022",849,Rahul Haddad,,,,100065,New Logo,100332,,,,100021,,100387,,,100691,,Active Customer,100106,,,,,,Managed Services,100651,,100267,,
100470,Opportunity,106600,jamie.haddad@demomail.test,Aisha Costa,2023-11-26 08:58:00,quinn.sato@acme-fake.test,Yara Costa,2024-11-26 04:07:00,yara.whitfield@sampleco.test,Sofia Cohen,2024-12-04 19:25:00,fatima.brooks@sampleco.test,,2026-03-08 05:36:00,N,Pioneer Robotics LLC - Offshore Team,,100352,Closed Won,100418,,LOT-6491,100487,TAG-7742,104028,,,,Partner,,Inactive,,,,,,,,100372,,"161,223",Delta,100153,"28,558",9738,Rahul Ford,101618,100217,,,Enterprise,100758,,,,100149,,,,,100076,,Prospect,100762,,,,,,Staff Augmentation,,,100038,,
100512,Opportunity,106602,drew.haddad@demomail.test,Marco Ivanov,2023-04-17 07:56:00,sofia.brooks@demomail.test,Priya Kim,2026-07-21 21:09:00,reese.patel@demomail.test,Quinn Brooks,2023-01-26 06:59:00,drew.calder@demomail.test,,2025-10-16 05:55:00,Y,Horizon Dynamics Corp - Back Office,,100582,Closed Won,100639,TAG-6239,LOT-2736,100643,REF-5888,104148,,,,LinkedIn,100149,Inactive,,,,,,,,100181,,"427,939",,,"25,279",,Marco Ford,,,REF-1771,100428,Enterprise,100436,,,,100449,,100608,,,100599,,Active Customer,100569,,,,,100169,Back Office,,,100512,,
100503,Opportunity,106604,arjun.cohen@demomail.test,Jordan Vance,2023-05-05 19:43:00,reese.cohen@acme-fake.test,Morgan Sloan,2025-01-03 02:24:00,morgan.sato@examplecorp.test,Liam Okafor,2024-08-15 08:28:00,diego.blake@examplecorp.test,,2023-10-22 23:43:00,N,Northwind Energy LLP - Payroll,,,Proposal Sent,100535,,SKU-5518,100177,TAG-3721,104694,,,,Referral,,Active,,,,,,,,100629,,"89,732",,,"27,810",9143,Jamie Haddad,100949,100217,,100219,Enterprise,100156,,,,100678,,100756,,,100182,,Prospect,100208,,,,,,Managed Services,100786,,100507,,
100375,Opportunity,106605,marco.haddad@sampleco.test,Mei Vance,2026-07-20 14:56:00,liam.kim@examplecorp.test,Diego Haddad,2023-10-30 00:54:00,diego.cohen@sampleco.test,Chen Haddad,2023-03-27 09:51:00,noah.brooks@acme-fake.test,,2023-09-26 01:51:00,Y,Granite Networks Inc - Payroll,,100741,Qualification,100152,SKU-3476,SKU-1331,100385,LOT-3491,103074,,,,Website,100487,Active,,,,,,,,100721,,"287,025",Delta,,"29,457",,Fatima Blake,,100775,,100378,Renewal,100211,,,,100149,,100278,,,100253,,Active Customer,100158,,,,,100271,Payroll,100790,,100774,,103755
100678,Opportunity,106607,mei.garcia@acme-fake.test,Nina Rossi,2023-07-19 18:03:00,liam.costa@examplecorp.test,Sofia Reyes,2025-04-14 04:08:00,riley.dorsey@examplecorp.test,Priya Whitfield,2025-09-25 07:57:00,sofia.nguyen@demomail.test,,2025-02-20 08:06:00,Y,Horizon Capital Corp - Payroll,,100177,Qualification,100115,,LOT-3853,100421,TAG-5946,101931,,,,Cold Outreach,,Active,,,,,,100629,,100172,,"246,624",Beta,100169,,563,Jordan Silva,101432,100579,REF-4560,100467,Enterprise,,,,,100348,,100460,,,,,Prospect,100350,,,,,,Payroll,,,100362,,104331
100398,Opportunity,106609,nina.ashby@acme-fake.test,Reese Nguyen,2024-11-25 10:35:00,aisha.dorsey@acme-fake.test,Avery Costa,2023-12-25 02:17:00,yara.calder@acme-fake.test,Fatima Rossi,2025-11-16 09:05:00,aisha.blake@acme-fake.test,,2022-12-23 16:14:00,Y,Pioneer Foods - Back Office,,,Negotiation,100286,,REF-6500,100699,,104640,,,,Partner,100500,Active,,,,,,100498,,,,"446,558",,,"1,889",,Reese Patel,101102,100389,LOT-3171,,SMB,,,,,100629,,,,,,,Prospect,100398,,,,,100332,Payroll,100732,,100707,,102345
100389,Opportunity,106610,mei.haddad@demomail.test,Skyler Blake,2024-02-05 15:56:00,arjun.kim@acme-fake.test,Marco Patel,2023-12-17 07:59:00,rahul.rossi@demomail.test,Drew Cohen,2023-10-05 12:28:00,skyler.mensah@demomail.test,,2025-12-13 19:18:00,Y,Harbor Labs Ltd - Consulting,,100399,Closed Lost,100378,,TAG-6564,100694,REF-2701,103802,,,,Partner,,Inactive,,,,,,100355,,,,,Standard,,,3027,Aisha Brooks,101399,,,100033,New Logo,100174,,,,100031,,100014,,,,,Active Customer,100435,,,,,100498,Managed Services,100372,,100322,,104282
100137,Opportunity,106612,aisha.brooks@acme-fake.test,Casey Mensah,2024-12-14 09:57:00,aisha.larsson@examplecorp.test,Noah Blake,2026-06-06 06:47:00,aisha.kim@demomail.test,Emerson Blake,2025-08-15 01:36:00,chen.cohen@sampleco.test,,2023-04-12 03:21:00,N,Northwind Group Co - Consulting,,,Closed Won,100007,,TAG-8161,100019,SKU-5029,103251,,,,Inbound Call,,Inactive,,,,,,100689,,,,"416,109",Gamma,100608,"6,902",,Liam Kim,101432,100250,REF-4844,100418,Standard,100288,,,,100564,,100118,,,100191,,Prospect,100250,,,,,100786,Recruiting,,,100210,,103528
100361,Opportunity,106614,mei.ashby@sampleco.test,Drew Whitfield,2026-01-16 16:39:00,liam.haddad@sampleco.test,Noah Blake,2024-03-14 03:42:00,taylor.mercer@examplecorp.test,Alex Sloan,2024-05-25 14:47:00,mei.cohen@examplecorp.test,,2023-09-16 00:26:00,Y,Harbor Solutions Co - Recruiting,,,Qualification,100103,,TAG-2019,100247,REF-3332,103010,,,,LinkedIn,100193,Active,,,,,,100246,,,,"255,064",Alpha,,"12,778",,Morgan Larsson,,100457,TAG-6844,100714,Standard,100050,,,,100529,,,,,,,Active Customer,100680,,,,,,Offshore Team,,,100366,,104141
100311,Opportunity,106616,aisha.rossi@acme-fake.test,Casey Reyes,2025-06-10 01:31:00,jordan.reyes@sampleco.test,Casey Haddad,2026-06-30 05:31:00,emerson.ivanov@demomail.test,Marco Haddad,2025-04-01 14:39:00,chen.silva@sampleco.test,,2024-06-09 16:48:00,Y,Delta Health Corp - Back Office,,100158,Qualification,100585,,REF-5562,100130,LOT-8852,104289,,,,Partner,,Active,,,,,,100739,,100648,,"471,868",Gamma,,"11,996",,Jamie Sato,100817,100320,REF-5568,100700,Standard,,,,,100123,,100378,,,,,Prospect,100476,,,,,100380,Back Office,100737,,100643,,
100229,Opportunity,106618,rowan.blake@acme-fake.test,Reese Mensah,2025-07-25 03:03:00,riley.haddad@examplecorp.test,Mei Sloan,2023-09-26 06:35:00,alex.calder@sampleco.test,Rahul Dorsey,2023-11-25 10:52:00,elena.silva@examplecorp.test,,2023-12-15 16:34:00,N,Blue Ridge Solutions Group - Recruiting,,100352,Qualification,100572,TAG-6304,SKU-4230,100604,LOT-4441,104442,,,,Event,100043,Active,,,,,,,,,,,,100366,,,Jordan Sato,101398,100717,REF-7154,100173,New Logo,100487,,,,100286,,,,,100400,,Prospect,100616,,,,,100429,Managed Services,,,100174,,103762
100161,Opportunity,106619,priya.rossi@acme-fake.test,Chen Mensah,2024-11-20 00:44:00,skyler.kim@demomail.test,Yara Reyes,2024-07-24 21:07:00,quinn.garcia@demomail.test,Chen Garcia,2022-11-09 16:16:00,rowan.whitfield@acme-fake.test,,2023-06-22 18:09:00,Y,Copper Holdings Group - Offshore Team,,,Qualification,100244,,LOT-7170,100462,LOT-7435,104661,,,,Referral,100730,Active,,,,,,100582,,,,"145,087",Standard,,"25,004",,Emerson Dorsey,101483,100514,,100128,Renewal,,,,,100158,,,Delta,,100177,,Active Customer,100079,,,,,100724,Consulting,100768,,100217,,
100446,Opportunity,106620,alex.silva@sampleco.test,Mei Ivanov,2026-04-22 05:25:00,casey.okafor@sampleco.test,Morgan Cohen,2025-06-02 20:34:00,riley.calder@demomail.test,Morgan Brooks,2025-05-08 12:31:00,jamie.mensah@acme-fake.test,Mei Dorsey,2023-08-28 14:49:00,N,Cobalt Logistics LLC - Recruiting,,,Proposal Sent,100349,SKU-3078,LOT-7801,100065,TAG-6834,103551,,,,Referral,100172,Active,,,,,,100432,,,,"247,460",Beta,100071,"14,968",,Rahul Okafor,101483,100174,,,Enterprise,100071,,,,100076,,,,,100604,,Active Customer,100256,,,,,,Consulting,,,100033,,
100103,Opportunity,106622,skyler.dorsey@sampleco.test,Mei Sloan,2025-11-11 18:59:00,marco.mensah@sampleco.test,Alex Vance,2026-07-04 04:17:00,chen.okafor@sampleco.test,Rahul Mensah,2023-01-13 00:26:00,marco.mensah@acme-fake.test,Riley Brooks,2023-11-19 12:29:00,Y,Blue Ridge Health - Back Office,,100675,Negotiation,100559,,TAG-7935,100494,LOT-3165,103013,,,,Cold Outreach,100707,Active,,,,,,100007,,,,,,100345,"23,025",8035,Jordan Sato,,100756,REF-3157,100309,Standard,100371,,,,100425,,100532,,,,,Active Customer,100680,,,,,,Managed Services,,,100106,,104223
100412,Opportunity,106623,omar.ivanov@examplecorp.test,Liam Sloan,2025-04-21 09:17:00,rahul.larsson@sampleco.test,Arjun Whitfield,2023-06-16 08:27:00,alex.silva@sampleco.test,Avery Ford,2023-01-06 15:35:00,liam.larsson@examplecorp.test,,2025-12-21 20:42:00,N,Cobalt Group Inc - Back Office,,,Discovery,100404,,SKU-7194,100639,,104145,,,,Webinar,,Active,,,,,,100475,,100613,,"343,741",,100704,,,Drew Okafor,101757,100500,,100077,Enterprise,100702,,,,100635,,,,,100656,,Active Customer,100145,,,,,,Staff Augmentation,,,100055,,
100201,Opportunity,106624,alex.ashby@demomail.test,Casey Mercer,2026-06-01 18:32:00,emerson.nguyen@acme-fake.test,Priya Calder,2022-12-17 03:47:00,omar.dorsey@demomail.test,Riley Brooks,2026-02-14 00:31:00,elena.larsson@examplecorp.test,Jamie Mensah,2023-04-20 05:04:00,N,Silverline Partners Inc - Staff Augmentation,,,Closed Won,100503,,TAG-3453,100211,SKU-3657,103911,,,,Referral,,Inactive,,,,,,100278,,100759,,"457,594",,100068,"13,852",,Diego Brooks,,100776,REF-5175,100616,Standard,100525,,,,100231,,100120,,,,,Prospect,100378,,,,,100514,Consulting,,,100548,,
100214,Opportunity,106625,omar.kim@demomail.test,Quinn Blake,2022-10-28 05:54:00,casey.costa@demomail.test,Riley Calder,2023-02-06 07:22:00,omar.mensah@examplecorp.test,Diego Costa,2024-09-05 07:51:00,riley.brooks@demomail.test,,2023-08-06 06:47:00,Y,Pioneer Media Group - Offshore Team,,100224,Discovery,100481,,TAG-4071,100109,SKU-9753,103067,,,,Website,100608,Active,,,,,,,,100667,,"465,586",,,"14,643",,Sofia Rossi,,100473,,,Enterprise,100322,,,,100142,,,,,100003,,Prospect,100434,,,,,100582,Recruiting,100634,,100009,,102686
100214,Opportunity,106627,omar.kim@demomail.test,Diego Haddad,2024-08-22 07:25:00,liam.garcia@examplecorp.test,Chen Whitfield,2025-01-14 02:34:00,casey.ivanov@sampleco.test,Nina Ford,2026-01-06 06:54:00,alex.okafor@sampleco.test,,2024-12-09 07:39:00,Y,Brightpath Industries Co - Recruiting,,,Qualification,100415,,LOT-9171,100229,TAG-6493,102246,,,,LinkedIn,,Active,,,,,,100029,,,,"247,615",,,"4,618",927,Jamie Sato,101525,,,100065,New Logo,100651,,,,100112,,100007,,,100291,,Active Customer,100147,,,,,,Staff Augmentation,,,100096,,104093
100504,Opportunity,106630,rowan.larsson@sampleco.test,Liam Blake,2022-12-31 07:30:00,liam.ford@sampleco.test,Taylor Brooks,2024-09-01 16:49:00,reese.okafor@acme-fake.test,Rahul Ashby,2026-03-07 02:02:00,jamie.costa@sampleco.test,,2023-02-09 03:52:00,Y,Delta Systems Co - Offshore Team,,100532,Closed Won,100215,REF-1234,TAG-4373,100540,TAG-5811,103575,,,,Website,100418,Inactive,,,,,,,,100112,,"227,978",Gamma,100661,"8,198",,Jordan Sloan,,,,100786,Enterprise,100292,,,,100481,,,,,100021,,Prospect,100137,,,,,100475,Payroll,,,100156,,103268
100578,Opportunity,106633,aisha.sato@examplecorp.test,Avery Ashby,2026-03-14 17:46:00,arjun.larsson@acme-fake.test,Morgan Mercer,2026-04-06 04:43:00,reese.garcia@examplecorp.test,Alex Whitfield,2024-02-09 15:30:00,morgan.vance@acme-fake.test,,2023-09-15 06:17:00,Y,Horizon Manufacturing Inc - Back Office,,,Closed Lost,100436,SKU-9156,LOT-2198,100204,SKU-9223,104391,,,,Cold Outreach,,Inactive,,,,,,,,,,"62,845",Other,,,,Diego Sato,101524,100460,,,Enterprise,,,,,100153,,100089,,,100387,,Active Customer,100140,,,,,,Offshore Team,,,100140,,103944
100578,Opportunity,106634,elena.sloan@examplecorp.test,Emerson Costa,2025-06-08 15:32:00,aisha.ashby@demomail.test,Arjun Sloan,2024-11-14 09:43:00,mei.dorsey@examplecorp.test,Rowan Brooks,2022-12-31 11:33:00,emerson.silva@demomail.test,,2023-12-10 17:00:00,N,Harbor Logistics - Staff Augmentation,,,Closed Won,100071,,TAG-1092,100465,SKU-6141,103985,,,,Inbound Call,,Inactive,,,,,,,,100389,,"151,433",Delta,,"8,577",,Elena Sloan,100846,100475,,,New Logo,100369,,,,100288,,100494,,,100468,,Prospect,100153,,,,,100168,Consulting,100576,,100494,,
100372,Opportunity,106637,nina.garcia@acme-fake.test,Morgan Sloan,2024-04-27 01:30:00,omar.rossi@examplecorp.test,Elena Costa,2024-08-20 18:30:00,jamie.kim@demomail.test,Mei Patel,2022-11-25 14:46:00,yara.blake@examplecorp.test,,2026-02-23 15:29:00,N,Cardinal Dynamics Group - Back Office,,,Proposal Sent,100629,,LOT-2962,100174,REF-3633,104302,,,,Cold Outreach,,Active,,,,,,,,,,,Alpha,,"39,936",,Fatima Silva,101379,100383,SKU-8184,100392,Standard,100784,,,,100462,,100298,,,100454,,Active Customer,100691,,,,,,Recruiting,100656,,100784,,
100512,Opportunity,106638,avery.brooks@demomail.test,Skyler Calder,2024-06-16 02:21:00,liam.mensah@examplecorp.test,Elena Dorsey,2024-09-02 02:58:00,emerson.brooks@examplecorp.test,Aisha Okafor,2026-01-19 11:57:00,sofia.brooks@examplecorp.test,,2026-01-09 05:19:00,Y,Delta Robotics Group - Payroll,,,Closed Won,100582,,SKU-6251,100484,SKU-9881,102035,,,,Cold Outreach,100495,Inactive,,,,,,,,,,,Beta,100054,,,Priya Okafor,,100550,TAG-5367,100040,SMB,100307,,,,100260,,100062,,,,,Prospect,100161,,,,,100153,Offshore Team,,,100624,,104783
100125,Opportunity,106639,taylor.blake@acme-fake.test,Drew Dorsey,2024-04-23 12:00:00,reese.sloan@acme-fake.test,Arjun Cohen,2022-12-19 19:52:00,sofia.dorsey@acme-fake.test,Omar Mensah,2026-06-04 14:08:00,priya.silva@sampleco.test,,2023-03-31 10:55:00,N,Blue Ridge Textiles - Back Office,,100587,Closed Lost,100542,LOT-9087,REF-4956,100733,TAG-3047,104609,,,,Cold Outreach,100471,Inactive,,,,,,100627,,100415,,"13,850",,,,,Rahul Costa,101050,,LOT-5037,100624,SMB,100173,,,,100204,,100204,,,100271,,Active Customer,100133,,,,,,Payroll,100348,,100449,,104620
100335,Opportunity,106641,jamie.okafor@sampleco.test,Nina Ford,2023-04-25 10:38:00,quinn.okafor@examplecorp.test,Chen Okafor,2024-03-10 17:17:00,quinn.silva@sampleco.test,Quinn Sato,2024-12-06 08:59:00,priya.silva@sampleco.test,,2023-08-05 14:25:00,Y,Atlas Partners Group - Back Office,,,Qualification,100194,LOT-6289,TAG-2699,100661,TAG-3698,104374,,,,Referral,100733,Active,,,,,,100689,,,,,Delta,100300,"17,824",,Rahul Brooks,100890,100423,TAG-9340,,SMB,,,,,100217,,100412,,,,,Prospect,100229,,,,,100219,Managed Services,,,100047,,
100269,Opportunity,106642,fatima.sloan@demomail.test,Morgan Costa,2026-05-29 19:35:00,priya.calder@demomail.test,Drew Dorsey,2023-12-05 17:09:00,liam.calder@examplecorp.test,Mei Nguyen,2022-11-17 20:53:00,alex.mercer@acme-fake.test,,2023-09-10 20:05:00,N,Horizon Holdings LLP - Recruiting,,,On Hold,100493,,LOT-6242,100181,TAG-4152,101983,,,,Event,,Active,,,,,,,,100490,,,Beta,,,,Casey Ivanov,,100079,SKU-7067,,Renewal,100490,,,,100494,,,,,100014,,Prospect,100673,,,,,100700,Staff Augmentation,100672,,100688,,103357
100465,Opportunity,106645,taylor.haddad@sampleco.test,Avery Blake,2024-05-10 07:47:00,sofia.sato@examplecorp.test,Rowan Ashby,2022-12-09 19:45:00,casey.nguyen@examplecorp.test,Rahul Mercer,2024-03-04 16:26:00,drew.ivanov@sampleco.test,,2026-06-02 21:14:00,Y,Atlas Industries Group - Back Office,,,Proposal Sent,100432,,TAG-4835,100224,SKU-9366,104539,,,,Website,100348,Active,,,,,,100350,,,,,,,,4927,Quinn Patel,100997,100652,,100065,Enterprise,100062,,,,100161,,,,,,,Active Customer,100593,,,,,,Recruiting,100278,,100671,,
100569,Opportunity,106646,jamie.kim@demomail.test,Elena Ford,2024-03-26 05:24:00,diego.calder@sampleco.test,Jamie Kim,2026-07-02 07:11:00,jordan.rossi@examplecorp.test,Noah Reyes,2023-02-16 00:57:00,noah.cohen@acme-fake.test,,2025-03-23 14:56:00,Y,Granite Partners LLP - Back Office,,,Dead,100420,,SKU-8144,100067,REF-2451,102713,,,,LinkedIn,100656,Inactive,,,,,,,,100277,,"41,935",,,"35,320",8674,Quinn Haddad,101118,100278,,,Renewal,,,,,100753,,100791,,,100357,,Prospect,100340,,,,,,Offshore Team,100220,,100548,,
100103,Opportunity,106647,casey.okafor@demomail.test,Jamie Patel,2023-05-27 00:54:00,yara.okafor@demomail.test,Marco Sloan,2025-10-21 01:48:00,jamie.patel@demomail.test,Fatima Patel,2025-02-07 07:48:00,sofia.reyes@acme-fake.test,,2023-11-16 10:42:00,Y,Northwind Capital Co - Payroll,,100026,Closed Won,100014,,REF-2958,100756,LOT-1069,102290,,,,Referral,,Inactive,,,,,,100352,,100462,,"326,878",Delta,100028,,,Taylor Mercer,100909,,SKU-7628,,New Logo,100062,,,,100776,,,,,100550,,Prospect,100548,,,,,,Recruiting,,,100194,,102086
100750,Opportunity,106650,alex.mensah@demomail.test,Omar Mensah,2024-11-12 11:47:00,drew.garcia@sampleco.test,Sofia Dorsey,2023-01-01 10:58:00,marco.kim@acme-fake.test,Marco Cohen,2025-08-01 18:39:00,noah.ashby@demomail.test,,2026-07-25 14:02:00,Y,Summit Partners Ltd - Offshore Team,,100165,On Hold,100423,,LOT-4561,100512,REF-3700,102008,,,,Referral,100019,Active,,,,,,100038,,100092,,"88,745",Other,,"35,839",,Sofia Vance,101153,,SKU-9410,100739,New Logo,,,,,100611,,100224,,,100016,,Active Customer,100496,,,,,,Back Office,100739,,100139,,
100466,Opportunity,106653,fatima.calder@acme-fake.test,Emerson Ashby,2024-03-06 12:57:00,skyler.okafor@examplecorp.test,Chen Rossi,2024-09-17 00:26:00,elena.mensah@examplecorp.test,Priya Silva,2023-05-01 17:52:00,yara.dorsey@acme-fake.test,,2026-06-26 13:27:00,Y,Copper Energy Group - Managed Services,,,Closed Won,100058,,TAG-5237,100098,LOT-3028,104089,,,,Inbound Call,100740,Inactive,,,,,,,,100145,,"180,846",,,"38,161",396,Morgan Nguyen,101556,,,100595,New Logo,,,,,100035,,100475,,,,,Prospect,100587,,,,,100461,Recruiting,,,100608,,
100727,Opportunity,106654,omar.mensah@acme-fake.test,Elena Patel,2025-09-07 19:49:00,rowan.reyes@demomail.test,Alex Mercer,2024-06-06 07:55:00,chen.calder@demomail.test,Liam Sato,2024-04-13 19:53:00,taylor.costa@examplecorp.test,,2023-09-04 18:30:00,Y,Copper Foods Co - Managed Services,,100250,Qualification,100115,,SKU-2106,100733,LOT-6641,102454,,,,Website,100665,Active,,,,,,,,100071,,"317,650",Alpha,,"14,945",3834,Riley Haddad,100942,100652,REF-7121,,Standard,,,,,100710,,100696,,,100747,,Prospect,100142,,,,,,Staff Augmentation,,,100137,,
100507,Opportunity,106656,alex.silva@demomail.test,Riley Okafor,2024-09-15 00:23:00,taylor.cohen@demomail.test,Skyler Ivanov,2022-11-28 11:55:00,sofia.ashby@demomail.test,Jamie Haddad,2026-06-05 06:22:00,casey.nguyen@acme-fake.test,,2024-04-16 01:49:00,N,Brightpath Media Co - Consulting,,,Closed Lost,100383,,TAG-8055,100068,SKU-8818,102909,,,,Event,100496,Inactive,,,,,,100214,,100410,,,,100678,"7,628",5097,Mei Okafor,100863,100645,,100182,Renewal,100257,,,,100522,,100118,,,100005,,Active Customer,100525,,,,,,Back Office,100332,,100019,,
100507,Opportunity,106659,omar.larsson@demomail.test,Chen Costa,2023-07-16 11:03:00,omar.brooks@acme-fake.test,Quinn Dorsey,2024-03-31 16:02:00,riley.whitfield@examplecorp.test,Rahul Nguyen,2022-10-11 11:32:00,arjun.blake@acme-fake.test,,2026-04-03 05:00:00,N,Brightpath Logistics - Managed Services,,,Closed Won,100445,SKU-5396,TAG-8221,100244,SKU-7344,,,,,Inbound Call,100540,Inactive,,,,,,100418,,,,"377,809",Delta,100369,"3,150",,Alex Sato,,100263,,,New Logo,100320,,,,100458,,100183,,,100717,,Active Customer,100054,,,,,100389,Recruiting,100094,,100112,,
100639,Opportunity,106662,jordan.reyes@sampleco.test,Reese Cohen,2026-04-14 01:14:00,liam.mercer@acme-fake.test,Avery Calder,2025-05-08 14:09:00,aisha.blake@examplecorp.test,Arjun Haddad,2023-07-22 04:51:00,jordan.reyes@demomail.test,,2025-08-10 18:11:00,Y,Evergreen Textiles Group - Staff Augmentation,,,Proposal Sent,100525,,REF-2493,100750,TAG-1695,103699,,,,Inbound Call,,Active,,,,,,100555,,100383,,"129,129",,100765,,1848,Yara Calder,101731,100173,,,New Logo,100380,,,,100782,,,Standard,,100029,,Active Customer,100263,,,,,,Recruiting,,,100083,,103249
100003,Opportunity,106664,yara.mercer@examplecorp.test,Drew Brooks,2024-01-14 12:06:00,morgan.ivanov@sampleco.test,Liam Sato,2026-04-23 22:40:00,marco.dorsey@demomail.test,Aisha Kim,2023-02-07 18:29:00,rowan.garcia@sampleco.test,Rowan Cohen,2024-04-26 23:40:00,Y,Lakeside Dynamics LLC - Recruiting,,100664,Proposal Sent,100079,REF-2600,SKU-1002,100385,LOT-5167,103164,,,,Event,,Active,,,,,,100420,,,,"265,402",,,"8,811",,Drew Okafor,101152,,SKU-7373,100671,SMB,100467,,,,100420,,100627,,,100317,,Active Customer,100743,,,,,,Staff Augmentation,100050,,100667,,104385
100157,Opportunity,106667,omar.sato@examplecorp.test,Aisha Blake,2025-11-16 05:04:00,diego.cohen@acme-fake.test,Nina Larsson,2023-11-30 02:49:00,arjun.vance@demomail.test,Liam Rossi,2025-08-03 12:27:00,morgan.sloan@sampleco.test,,2023-02-25 15:37:00,Y,Summit Dynamics LLC - Managed Services,,100123,Closed Won,100765,LOT-2462,TAG-8606,100737,TAG-1334,102799,,,,Partner,,Inactive,,,,,,,,100569,,"193,926",Gamma,,"39,893",,Reese Mensah,,100599,REF-6857,,SMB,100587,,,,100273,,100564,,,,,Prospect,100361,,,,,100142,Recruiting,100073,,100348,,
