1st Order Form Execution Date,1st Order Form Execution Date (Start Date),Abbreviated Name,Account Manager,Account Manager EMAIL Address,Account Manager Phone Number,Address Line 1,Address Line 1 (e.g. 123 ABC St.),Address Line 2,Address Line 2 (e.g. Apt 202),Billing Address 1,Billing Address 2,Billing City,Billing Contact,Billing Country,Billing Email,Billing First Name,Billing Last Name,Billing Notes,Billing Phone,Billing State,Billing Title,Billing Zip Code,City,Committment Amount,Company,Company Category,Company Description,Company Name,Company Name/DBA,Company Status,Cost Structure,Country,Customer End Category,Customer End Date,Customer Start Date,Description,Dynamic Template,EIN Number,First Order Form Execution Date (Start Date),First Placement Onboard Date,House Account,Industry,Investor,Investor Category,Investor Code,Investor Credit Amount,Investor Credit Remaining Amount,Investor Round,Investor Status,Investor Type,Late Fee Applies,Late Fee Rate (%),Lead Source,Legal Address 1,Legal Address 2,Legal Name,LinkedIn,Mailing Address 1,Mailing Address 2,NAICS Code,No Credit Investor,Non-Taxable,Payment Terms,Phone Manager,Phone Number,Phone Number (e.g. 123-456-7890 Ext 000),Preferred Payment Method,Public/Private,Referral Code,Referral Fee Amount,Referral Partner Category,Related Investor,Sales Representative,Special Contract Terms,State,Status,Stock Ticker,Sub-Industry,Support Email Address,Support Phone Number,Tax ID,Termination Notification Date,Termination Notification Date (End Date),Website,Zip Code,Entity_Type_ID,Entity_Type_Name,Entity_ID,Owned_by_SAM,Owned_by_Display_Name,Own_Datetime,Created_by_SAM,Created_by_Display_Name,Created_Datetime,Modified_by_Sam,Modified_by_Display_Name,Modified_Datetime,Assigned_to_Sam,Assigned_to_Display_Name,Assign_Datetime,Is_Active,CITY_EXD_OBJECT_ID,COMPANY_CATEGORY_EXD_OBJECT_ID,COUNTRY_EXD_OBJECT_ID,INDUSTRY_EXD_OBJECT_ID,STATE_EXD_OBJECT_ID,BILLING_CONTACT_EXD_OBJECT_ID,DYNAMIC_TEMPLATE_EXD_OBJECT_ID,COMPANY_EXD_OBJECT_ID,INVESTOR_CATEGORY_EXD_OBJECT_ID,INVESTOR_EXD_OBJECT_ID,INVESTOR_TYPE_EXD_OBJECT_ID,LEAD_SOURCE_EXD_OBJECT_ID,RELATED_INVESTOR_EXD_OBJECT_ID,SALES_REPRESENTATIVE_EXD_OBJECT_ID,SUB-INDUSTRY_EXD_OBJECT_ID,REFERRAL_CODE_EXD_OBJECT_ID,CUSTOMER_END_CATEGORY_EXD_OBJECT_ID,Own_Datetime Date,Own_Datetime Year,Own_Datetime Month,Own_Datetime Quarter,Own_Datetime YearMonth,Own_Datetime YearQuarter,Own_Datetime DateRange,Own_Datetime WeekNumber,Own_Datetime Week,Own_Datetime MonthSince,Own_Datetime WeekSince,Own_Datetime DaySince,Own_Datetime MonthsSinceCat,Modified_Datetime Date,Modified_Datetime Year,Modified_Datetime Month,Modified_Datetime Quarter,Modified_Datetime YearMonth,Modified_Datetime YearQuarter,Modified_Datetime DateRange,Modified_Datetime WeekNumber,Modified_Datetime Week,Modified_Datetime MonthSince,Modified_Datetime WeekSince,Modified_Datetime DaySince,Modified_Datetime MonthsSinceCat,Assign_Datetime Date,Assign_Datetime Year,Assign_Datetime Month,Assign_Datetime Quarter,Assign_Datetime YearMonth,Assign_Datetime YearQuarter,Assign_Datetime DateRange,Assign_Datetime WeekNumber,Assign_Datetime Week,Assign_Datetime MonthSince,Assign_Datetime WeekSince,Assign_Datetime DaySince,Assign_Datetime MonthsSinceCat,1ST_ORDER_FORM_EXECUTION_DATE Date,1ST_ORDER_FORM_EXECUTION_DATE Year,1ST_ORDER_FORM_EXECUTION_DATE Month,1ST_ORDER_FORM_EXECUTION_DATE Quarter,1ST_ORDER_FORM_EXECUTION_DATE YearMonth,1ST_ORDER_FORM_EXECUTION_DATE YearQuarter,1ST_ORDER_FORM_EXECUTION_DATE DateRange,1ST_ORDER_FORM_EXECUTION_DATE WeekNumber,1ST_ORDER_FORM_EXECUTION_DATE Week,1ST_ORDER_FORM_EXECUTION_DATE MonthSince,1ST_ORDER_FORM_EXECUTION_DATE WeekSince,1ST_ORDER_FORM_EXECUTION_DATE DaySince,1ST_ORDER_FORM_EXECUTION_DATE MonthsSinceCat,CUSTOMER_END_DATE Date,CUSTOMER_END_DATE Year,CUSTOMER_END_DATE Month,CUSTOMER_END_DATE Quarter,CUSTOMER_END_DATE YearMonth,CUSTOMER_END_DATE YearQuarter,CUSTOMER_END_DATE DateRange,CUSTOMER_END_DATE WeekNumber,CUSTOMER_END_DATE Week,CUSTOMER_END_DATE MonthSince,CUSTOMER_END_DATE WeekSince,CUSTOMER_END_DATE DaySince,CUSTOMER_END_DATE MonthsSinceCat,CUSTOMER_START_DATE Date,CUSTOMER_START_DATE Year,CUSTOMER_START_DATE Month,CUSTOMER_START_DATE Quarter,CUSTOMER_START_DATE YearMonth,CUSTOMER_START_DATE YearQuarter,CUSTOMER_START_DATE DateRange,CUSTOMER_START_DATE WeekNumber,CUSTOMER_START_DATE Week,CUSTOMER_START_DATE MonthSince,CUSTOMER_START_DATE WeekSince,CUSTOMER_START_DATE DaySince,CUSTOMER_START_DATE MonthsSinceCat,FIRST_PLACEMENT_ONBOARD_DATE Date,FIRST_PLACEMENT_ONBOARD_DATE Year,FIRST_PLACEMENT_ONBOARD_DATE Month,FIRST_PLACEMENT_ONBOARD_DATE Quarter,FIRST_PLACEMENT_ONBOARD_DATE YearMonth,FIRST_PLACEMENT_ONBOARD_DATE YearQuarter,FIRST_PLACEMENT_ONBOARD_DATE DateRange,FIRST_PLACEMENT_ONBOARD_DATE WeekNumber,FIRST_PLACEMENT_ONBOARD_DATE Week,FIRST_PLACEMENT_ONBOARD_DATE MonthSince,FIRST_PLACEMENT_ONBOARD_DATE WeekSince,FIRST_PLACEMENT_ONBOARD_DATE DaySince,FIRST_PLACEMENT_ONBOARD_DATE MonthsSinceCat,TERMINATION_NOTIFICATION_DATE Date,TERMINATION_NOTIFICATION_DATE Year,TERMINATION_NOTIFICATION_DATE Month,TERMINATION_NOTIFICATION_DATE Quarter,TERMINATION_NOTIFICATION_DATE YearMonth,TERMINATION_NOTIFICATION_DATE YearQuarter,TERMINATION_NOTIFICATION_DATE DateRange,TERMINATION_NOTIFICATION_DATE WeekNumber,TERMINATION_NOTIFICATION_DATE Week,TERMINATION_NOTIFICATION_DATE MonthSince,TERMINATION_NOTIFICATION_DATE WeekSince,TERMINATION_NOTIFICATION_DATE DaySince,TERMINATION_NOTIFICATION_DATE MonthsSinceCat,ENTITY_URL
REF-4027,,Chen Patel,Casey Blake,,,SKU-6925,REF-5349,,LOT-7905,,,,LOT-3565,,taylor.kim@demomail.test,,,,,SKU-3916,,,TAG-3768,,,Active Customer,Discussed timeline and next steps with the account.,Silverline Manufacturing Ltd,Cardinal Foods Ltd,Active,,Canada,,TAG-8019,,Reviewed performance and gathered feedback.,SMB,,,SKU-5015,Y,Financial Services,,,,,,,,,,,Inbound Call,LOT-8248,,Nina Whitfield,REF-9360,SKU-6462,LOT-8205,,,,Alpha,,SKU-4219,TAG-1085,,Standard,,,,,Avery Sloan,,Florida,Y,,SKU-6245,,,,,,REF-2426,2220,100001,Company,100003,rahul.okafor@examplecorp.test,Morgan Ford,2024-03-28 03:28:00,yara.sloan@sampleco.test,Casey Costa,2023-01-25 05:45:00,marco.ford@demomail.test,Marco Whitfield,2025-12-28 23:21:00,avery.cohen@examplecorp.test,,2026-06-09 10:49:00,N,100001,100001,100001,100001,100001,,100001,100001,,,,100001,100001,100001,100001,100001,100001,2026-06-26 20:49:00,7227,595,Beta,Gamma,Standard,TAG-2546,4038,9719,597,2367,354,Other,2024-09-14 11:50:00,1128,9999,Beta,Standard,Alpha,Standard,9208,1092,7176,3273,3069,Standard,2025-09-22 07:33:00,,,,,,,,,,2277,,,2025-01-31,,,,REF-4216,,,,,,,,,2024-12-06,,6998,,TAG-7241,,,,,,8419,,Other,2022-10-13,,,,REF-5844,,REF-1798,,,,,4501,,2023-10-20,,,,,Delta,,,2021,,,,,2025-05-16,,892,,,,,,,,,3601,,Resolved the outstanding question about scope.
,,Emerson Calder,Liam Ashby,,,SKU-4581,SKU-6334,TAG-9829,,,,,SKU-4205,,arjun.vance@sampleco.test,,Mei Calder,,,,,,LOT-4607,,,Active Customer,Noted a concern to revisit at the next sync.,Evergreen Manufacturing Inc,Horizon Manufacturing Inc,Inactive,Alpha,Philippines,,,,Followed up on the open items from last week.,SMB,,,,N,Professional Services,,,,,,,,,,,LinkedIn,,LOT-9864,Chen Kim,,TAG-2289,,9606,,,Delta,,LOT-2177,TAG-6033,,Alpha,,,,,Reese Silva,,New York,N,,LOT-3028,,,,,,REF-1770,3909,100001,Company,100005,casey.cohen@examplecorp.test,Rowan Rossi,2023-10-23 00:07:00,arjun.calder@demomail.test,Liam Nguyen,2025-01-23 16:49:00,drew.vance@acme-fake.test,Chen Ford,2026-02-12 21:57:00,drew.haddad@sampleco.test,,2026-04-08 17:49:00,Y,100001,100001,,100001,100001,100001,100001,100001,,100001,100001,100001,100001,100001,100001,100001,100001,2026-01-29 08:29:00,7038,7464,Beta,Other,Beta,SKU-5602,3988,4000,3274,237,9065,Gamma,2024-07-02 10:35:00,2216,5193,Gamma,Alpha,Standard,Alpha,7040,6064,2005,1379,454,Alpha,2024-03-05 00:05:00,,,,REF-6597,,LOT-1412,,,,,7035,Other,2025-04-13,,,,,,,613,8394,,,,,2025-12-19,,,,,,,,,,,,,2024-11-14,,,Gamma,,,,,,321,,9878,,2025-12-20,,,Delta,,,,,,,,,,2023-07-18,,4389,,TAG-7965,,,5120,,,,,,Discussed timeline and next steps with the account.
,,Diego Mercer,Arjun Rossi,,,SKU-9982,TAG-1020,LOT-5008,,SKU-7219,,SKU-5502,,,omar.calder@acme-fake.test,,,,,,Jordan Mercer,"70,287",,,,Active Customer,Scheduled a check-in for the coming month.,Lakeside Industries Inc,Atlas Group Co,Inactive,Beta,United Kingdom,,,,Shared the updated proposal for review.,Enterprise,,,,Y,Healthcare,,,,,,,,,,,LinkedIn,,,Arjun Mensah,SKU-7221,SKU-7035,SKU-6593,1222,,,Standard,,SKU-9660,REF-6663,,Standard,,,,,Jordan Haddad,,Arizona,N,,LOT-2672,,,,,LOT-4301,TAG-7392,,100001,Company,100007,aisha.silva@examplecorp.test,Jordan Cohen,2026-05-30 19:35:00,sofia.calder@acme-fake.test,Chen Dorsey,2023-03-24 03:13:00,taylor.ashby@demomail.test,Omar Mensah,2023-02-24 08:34:00,marco.vance@sampleco.test,Noah Ford,2025-03-07 08:59:00,Y,100001,100001,100001,100001,,100001,100001,100001,,100001,,100001,100001,100001,100001,,100001,2023-01-24 06:18:00,114,1388,Delta,Delta,Delta,SKU-3720,98,2494,3992,4076,8050,Delta,2023-04-26 11:10:00,2890,6036,Alpha,Standard,Beta,Beta,2463,4904,2679,299,1325,Delta,2025-01-11 00:34:00,,,,,,LOT-5255,,,,7593,,Other,2026-04-19,,,,,,,,3196,8940,,,,2022-11-12,,,,,,,,,4090,,,,2024-01-30,,,,,,,,,,,,,2023-09-23,,,,,,REF-3462,,,,,,,2026-04-23,,3384,,,,,3613,,,,,,Discussed timeline and next steps with the account.
,,Jordan Patel,Taylor Mensah,,,LOT-5600,REF-1710,TAG-4879,,,,SKU-7168,,Delta,jamie.haddad@demomail.test,,,,,,Avery Vance,,TAG-5016,,,Referral Partner,Scheduled a check-in for the coming month.,Falcon Systems Ltd,Horizon Health LLP,Active,Delta,Australia,,,,Aligned on billing and renewal terms.,Enterprise,,,LOT-4856,,Financial Services,,,,,,,,,,,Website,,LOT-7828,Yara Larsson,SKU-4920,REF-8161,,,,,Other,,,TAG-7176,,,,,,,Avery Ford,,Arizona,Y,TAG-1547,LOT-8390,,,,,,TAG-8545,8967,100001,Company,100009,mei.ivanov@demomail.test,Riley Larsson,2024-06-25 14:48:00,noah.rossi@demomail.test,Diego Mercer,2026-04-18 20:20:00,marco.larsson@sampleco.test,Casey Sato,2026-02-24 13:34:00,arjun.kim@acme-fake.test,Diego Mensah,2023-09-21 21:52:00,Y,100001,100001,100001,100001,100001,,100001,100001,100001,,100001,100001,100001,100001,100001,,100001,2026-07-30 20:49:00,9474,4727,Other,Alpha,Alpha,LOT-4106,9235,9761,1067,8121,7939,Standard,2025-11-06 23:11:00,1675,2883,Alpha,Beta,Other,Beta,8689,8776,4310,3933,7874,Beta,2024-07-04 18:09:00,,,,,,,,,,,,,2025-03-23,,,,,,,8033,,,,,,2025-09-16,,,,,,,,,4029,,,,2025-06-25,,,,,,,,,,,2441,,2023-10-02,,935,,,Gamma,,,,,4470,,Alpha,2025-06-20,,,,,,,,,,,,,Shared the updated proposal for review.
,,Quinn Larsson,Elena Sato,,,SKU-6940,SKU-9787,,,,,SKU-4907,REF-6637,,marco.mensah@acme-fake.test,Casey Brooks,,,,,,"93,802",TAG-9519,"146,506",,Past Customer,Followed up on the open items from last week.,Vertex Solutions Inc,Falcon Retail Corp,Active,Other,Philippines,,,,Aligned on billing and renewal terms.,Standard,,,,N,Real Estate,,,,,,,Y,,,,Inbound Call,,,Jordan Sloan,SKU-2993,LOT-9373,,,,,Beta,,REF-4267,LOT-7717,,,,,,,Rahul Sloan,,Washington,N,,TAG-7746,,,,,LOT-3363,,,100001,Company,100012,emerson.costa@acme-fake.test,Taylor Ivanov,2023-09-02 20:56:00,rahul.nguyen@acme-fake.test,Marco Reyes,2023-05-21 10:10:00,skyler.patel@examplecorp.test,Fatima Sato,2022-11-23 00:42:00,rowan.cohen@demomail.test,,2026-06-21 16:39:00,Y,,100001,100001,100001,100001,,100001,100001,100001,100001,100001,100001,,100001,100001,,100001,2022-11-22 23:04:00,594,7180,Alpha,Gamma,Gamma,REF-7305,4391,8480,752,9767,797,Standard,2025-09-09 15:23:00,5310,3799,Beta,Other,Standard,Other,1247,645,9158,9128,3184,Standard,2023-01-22 05:47:00,6216,,Standard,LOT-7557,Standard,REF-1844,,,,,,,2023-05-24,632,,,,,,,,,,,,2026-04-18,,4236,Standard,,,,,,3883,,9870,Gamma,2023-12-06,,,,TAG-5144,,,,,2667,,,,2025-10-01,3958,,,,,,,,,,,,2026-03-08,,,Beta,,,,,,,,,,Aligned on billing and renewal terms.
,,Taylor Cohen,Morgan Mercer,,,REF-1117,REF-8756,,SKU-4281,,,SKU-8804,,Beta,jamie.calder@examplecorp.test,,,,,,,,,,,Past Customer,Shared the updated proposal for review.,Everest Financial Ltd,Redwood Robotics Inc,Active,Other,India,,,,Followed up on the open items from last week.,New Logo,,,REF-2259,Y,Hospitality,,,,,,Standard,,,,,Inbound Call,TAG-3336,TAG-8746,Marco Ivanov,REF-6198,SKU-4957,TAG-4535,9684,,,Gamma,,SKU-8080,SKU-4012,,Gamma,,,,,Fatima Silva,,Ohio,Y,,LOT-4267,,,,,LOT-9477,SKU-7688,1820,100001,Company,100014,sofia.costa@demomail.test,Drew Calder,2023-04-08 21:55:00,diego.rossi@sampleco.test,Omar Ashby,2026-06-24 12:39:00,casey.ivanov@sampleco.test,Arjun Kim,2023-11-07 17:39:00,emerson.dorsey@sampleco.test,,2023-04-25 16:15:00,N,100001,100001,100001,100001,,,100001,100001,,100001,100001,100001,100001,100001,100001,100001,100001,2023-06-06 13:25:00,2546,8468,Delta,Delta,Beta,SKU-7285,4088,2495,6985,4709,1105,Gamma,2023-02-10 21:50:00,9551,714,Gamma,Standard,Standard,Other,885,9609,2293,836,9123,Alpha,2024-01-20 11:13:00,,214,Standard,TAG-7649,,,,,,,,Other,2025-08-25,,,,,Delta,,,,,,,,2024-01-11,,,,,,,7444,,621,,,,2025-08-01,,,,,Alpha,SKU-1772,,,,,,,2026-05-18,,,,,,,,,4774,,,,2026-02-18,,,Standard,,,,,,,,,,Noted a concern to revisit at the next sync.
,,Rahul Ashby,Reese Ivanov,,,TAG-4472,REF-6038,TAG-8272,SKU-2452,,REF-8965,,,,mei.dorsey@acme-fake.test,,Jamie Nguyen,,,REF-4200,,,TAG-2442,,,Prospect,Followed up on the open items from last week.,Silverline Manufacturing Group,Atlas Logistics LLC,Active,Delta,United States,Other,,,Aligned on billing and renewal terms.,Enterprise,,,,Y,Hospitality,,,,"199,534",,,,,,,Referral,,,Avery Dorsey,REF-2309,SKU-3294,,,,,Beta,,REF-6943,SKU-6848,,Standard,,,,,Sofia Ivanov,,Texas,N,,LOT-2843,,,,LOT-5191,,LOT-5070,4351,100001,Company,100016,reese.blake@examplecorp.test,Drew Nguyen,2025-06-11 15:31:00,diego.nguyen@examplecorp.test,Quinn Patel,2024-01-19 06:08:00,jordan.costa@demomail.test,Mei Blake,2023-08-04 00:28:00,mei.haddad@acme-fake.test,,2024-08-08 02:50:00,N,100001,100001,100001,100001,100001,,100001,100001,100001,100001,,,,100001,100001,100001,100001,2024-05-26 10:21:00,4501,2391,Delta,Other,Beta,REF-6935,9179,4105,998,7013,8575,Other,2023-01-24 01:30:00,4834,2812,Beta,Standard,Gamma,Alpha,3955,4183,4082,3173,113,Other,2025-03-13 18:01:00,,1093,,,Delta,,,,,,,,2024-07-05,,,,,,,,,,,,Standard,2025-05-24,,,,,,,,4154,,,7459,,2022-10-21,,,,,,,,,,,,,2023-07-26,9200,,Delta,,,SKU-7655,,,,,,Other,2025-08-21,3250,,,,,,,,3623,,4779,,Scheduled a check-in for the coming month.
,TAG-9940,Mei Silva,Quinn Silva,,,,TAG-6721,,LOT-5419,,,,,,taylor.brooks@acme-fake.test,,,,,,Drew Garcia,"31,504",SKU-7113,,,Active Customer,Discussed timeline and next steps with the account.,Falcon Energy Corp,Falcon Financial Corp,Active,Gamma,United States,,,TAG-5887,,New Logo,,,,Y,Energy,,,,,,,,,,,Website,REF-1420,,Jamie Ford,LOT-1550,LOT-4063,SKU-6220,,,,,,TAG-9702,TAG-4644,,Other,,,,,Chen Nguyen,,Colorado,Y,,REF-2972,,,,,LOT-4723,TAG-3620,4065,100001,Company,100019,reese.patel@sampleco.test,Liam Haddad,2023-03-23 18:51:00,fatima.patel@sampleco.test,Yara Calder,2023-07-21 00:06:00,skyler.ford@sampleco.test,Elena Mercer,2024-12-14 20:36:00,diego.reyes@demomail.test,,2022-12-03 16:43:00,Y,100001,100001,100001,100001,100001,,100001,100001,100001,,100001,100001,100001,100001,100001,100001,100001,2022-10-22 14:26:00,680,5397,Beta,Standard,Standard,TAG-1321,6637,7292,5320,4418,4890,Alpha,2024-05-03 15:53:00,1668,9371,Gamma,Gamma,Beta,Standard,6109,7892,4252,4691,4127,Gamma,2025-09-21 14:42:00,,,,,,,,,,,7282,Alpha,2026-01-24,,,,,,,,,,6146,,,2022-11-20,,,,REF-5161,,,,,,,,,2025-07-09,,,,,,,,,,,,,2023-07-27,,,,,,,,8253,,,,,2026-02-10,8564,,,,,,,,,,,,Discussed timeline and next steps with the account.
,SKU-1557,Priya Larsson,Quinn Larsson,,,TAG-4396,REF-8583,REF-2079,SKU-1215,,,,,,taylor.mercer@sampleco.test,,,,,,,,SKU-1845,,,Active Customer,Shared the updated proposal for review.,Copper Logistics Ltd,Everest Capital Inc,Inactive,Standard,Mexico,,,,Discussed timeline and next steps with the account.,Standard,,,,Y,Hospitality,,,,,,,,,,,Inbound Call,REF-9000,TAG-5980,Alex Rossi,LOT-1506,SKU-9070,SKU-9528,,,,Delta,,SKU-4184,LOT-4727,,Other,,,,Beta,Omar Sato,,Georgia,Y,,LOT-7307,,,,,,LOT-6752,459,100001,Company,100021,taylor.kim@acme-fake.test,Avery Reyes,2025-08-07 00:13:00,taylor.okafor@acme-fake.test,Jamie Costa,2023-04-27 15:37:00,quinn.silva@acme-fake.test,Quinn Kim,2025-08-30 02:09:00,alex.sato@demomail.test,,2025-12-19 11:57:00,N,100001,100001,100001,100001,100001,,100001,100001,,100001,100001,100001,100001,100001,100001,,100001,2025-09-28 03:01:00,8543,4190,Standard,Beta,Alpha,REF-2835,4942,637,3954,994,2628,Alpha,2023-07-11 02:19:00,1738,2810,Other,Beta,Delta,Beta,6835,6317,1605,2020,84,Standard,2026-06-26 05:43:00,,,,REF-4687,,,5475,,,5864,,,2023-03-29,,8272,,SKU-6945,,,,,,,,,2024-08-04,,,,,,,,,,,,,2024-03-28,,,Gamma,,Other,,,,,7364,,Standard,2026-01-31,,,,,,,,,,,,,2024-05-16,,,,,,,,6224,,,7847,,Followed up on the open items from last week.
,,Rahul Okafor,Elena Cohen,,,SKU-6035,TAG-5896,,LOT-3882,REF-1118,,,,,emerson.ivanov@acme-fake.test,,,,,,,"35,237",TAG-4361,"209,319",,Active Customer,Followed up on the open items from last week.,Meridian Manufacturing,Meridian Foods Ltd,Active,Delta,Germany,,,TAG-4515,Noted a concern to revisit at the next sync.,New Logo,,,,,Healthcare,,,,,,,,,,,Website,LOT-2790,REF-9122,Chen Garcia,SKU-7355,LOT-7444,TAG-8036,,,,Beta,,TAG-5168,,,Alpha,,,,,Riley Ashby,,New York,N,,SKU-3914,,,,,,REF-5926,,100001,Company,100022,liam.patel@sampleco.test,Sofia Patel,2024-02-22 23:41:00,omar.cohen@examplecorp.test,Omar Ford,2024-01-22 08:17:00,casey.larsson@acme-fake.test,Nina Haddad,2022-12-14 03:12:00,skyler.silva@demomail.test,,2023-11-28 15:35:00,Y,100001,100001,100001,100001,100001,,100001,100001,,100001,,100001,100001,100001,100001,100001,100001,2025-04-06 10:41:00,8710,6012,Delta,Other,Gamma,SKU-6266,9448,4435,8367,5757,8503,Beta,2024-02-04 08:11:00,3413,6218,Beta,Delta,Alpha,Delta,3014,9489,3077,1823,9649,Beta,2025-02-03 04:28:00,,,,REF-1860,,,4379,,,,4093,,2023-09-24,,,,,,,,,,9923,,,2023-05-27,,,,,,LOT-1654,,,,,,,2025-08-08,,,,SKU-8997,,REF-4366,,1022,,9125,,,2025-04-16,,,,,,,,,,,,,2024-05-25,,,,,,REF-3178,,,,,,,Noted a concern to revisit at the next sync.
,,Arjun Rossi,Priya Vance,,,REF-8086,REF-1993,,TAG-3819,,,,TAG-7095,,marco.nguyen@examplecorp.test,Yara Kim,,,SKU-7682,SKU-3378,,"33,195",REF-7782,,,Active Customer,Noted a concern to revisit at the next sync.,Cobalt Textiles Group,Brightpath Energy Inc,Active,Beta,United Kingdom,,SKU-3923,,Followed up on the open items from last week.,SMB,,,REF-7415,N,Logistics,,,,,,,,,,,LinkedIn,LOT-3829,,Alex Calder,SKU-7931,LOT-1951,TAG-1994,215,,,Standard,,TAG-6954,LOT-8689,,Alpha,,,,,Skyler Reyes,,New York,N,,SKU-8877,,,,,,TAG-8347,,100001,Company,100023,reese.mercer@sampleco.test,Riley Sloan,2025-02-06 23:03:00,aisha.larsson@acme-fake.test,Riley Silva,2024-02-27 11:17:00,taylor.whitfield@demomail.test,Jamie Ford,2024-10-23 03:45:00,skyler.sloan@sampleco.test,Alex Haddad,2025-03-08 23:34:00,N,100001,100001,,100001,,,100001,100001,100001,,,100001,100001,100001,100001,,100001,2024-07-25 05:20:00,414,4909,Delta,Alpha,Delta,SKU-9500,3689,1783,8449,7331,3679,Beta,2025-05-14 05:17:00,1317,2826,Delta,Alpha,Other,Beta,6396,7654,3592,1893,8783,Gamma,2023-01-10 08:20:00,,,Delta,,,SKU-6247,,,4264,9585,,,2024-05-21,,,Beta,,,REF-9135,,,,,4892,,2023-03-18,,,,,,,,,3175,,,,2026-04-25,,,,,,REF-7927,,,,,,Alpha,2022-11-08,,,,,,,,,,6583,,,2024-01-21,,,,,,,,,,,,,Discussed timeline and next steps with the account.
,,Riley Brooks,Yara Ashby,,,REF-5754,LOT-4536,SKU-1751,,,,,,,emerson.whitfield@sampleco.test,,,,,,Quinn Mensah,,TAG-4320,,,Active Customer,Followed up on the open items from last week.,Cardinal Health Inc,Redwood Holdings Ltd,Active,Other,Canada,,,,Noted a concern to revisit at the next sync.,Renewal,,,,Y,Professional Services,,,,,,,,,,,Referral,LOT-7679,LOT-2629,Yara Larsson,,REF-8644,,,,,,,,SKU-2149,,Beta,,,,,Jamie Costa,,Georgia,Y,,REF-3743,,,,,,LOT-3213,7682,100001,Company,100026,riley.dorsey@acme-fake.test,Sofia Ashby,2023-02-03 01:32:00,rahul.ford@acme-fake.test,Chen Patel,2023-10-15 18:13:00,diego.okafor@examplecorp.test,Elena Reyes,2023-09-10 04:26:00,sofia.brooks@demomail.test,,2025-08-31 04:04:00,Y,100001,100001,100001,100001,,,100001,100001,,100001,100001,100001,100001,100001,100001,100001,100001,2025-03-20 02:41:00,4893,4925,Alpha,Gamma,Beta,SKU-9011,1846,9908,6252,1640,9744,Other,2024-02-02 14:36:00,4738,2458,Standard,Other,Delta,Beta,9691,3828,463,1000,4468,Delta,2024-05-23 11:05:00,,,,LOT-1690,Beta,,,,,,,,2022-12-15,,4448,,,Other,,8748,927,,,,,2024-12-14,,4498,,,REF-5431,,,,,,,,2024-09-30,,,,,,,,,,8961,,,2022-11-03,4765,,Gamma,,,REF-2337,,,,5365,,,2024-02-11,,,,,SKU-7873,,,,,,,Standard,Followed up on the open items from last week.
,,Noah Rossi,Yara Blake,,,LOT-6665,LOT-5001,SKU-3041,,TAG-5355,,,,,aisha.okafor@sampleco.test,,,,,TAG-7157,,,SKU-4111,,,Active Customer,Scheduled a check-in for the coming month.,Northwind Group Corp,Redwood Capital LLC,Inactive,Beta,United States,,SKU-1501,,Aligned on billing and renewal terms.,SMB,,,REF-1644,N,Retail,,,,"211,191",,,,,,,Event,SKU-4842,TAG-7584,Chen Costa,TAG-3795,REF-5766,,,,,Standard,,LOT-3568,TAG-1677,,,,,Standard,,Aisha Larsson,,Texas,N,,TAG-2622,,,,,,REF-6191,7062,100001,Company,100028,morgan.okafor@acme-fake.test,Taylor Garcia,2024-09-19 13:41:00,mei.reyes@sampleco.test,Emerson Reyes,2023-04-30 11:04:00,drew.okafor@examplecorp.test,Quinn Cohen,2023-03-11 00:33:00,emerson.costa@sampleco.test,,2023-07-02 16:35:00,N,100001,100001,100001,100001,100001,,100001,100001,100001,100001,,100001,,100001,100001,100001,100001,2022-11-24 01:06:00,327,6928,Standard,Standard,Delta,LOT-9612,1472,5560,9472,876,2800,Alpha,2022-12-28 00:29:00,1895,6981,Alpha,Delta,Beta,Delta,4201,9981,8352,9784,5587,Delta,2026-07-23 03:52:00,,,,,,,,,,,,,2026-06-19,,,Alpha,,Gamma,,,,,,,,2025-04-19,,,,,,,,,,,,,2025-01-12,,,,,,LOT-8528,,,5288,,,,2025-10-03,,,Delta,,,,,,,,8335,,2024-06-24,2331,,,,,,,,7467,,,,Shared the updated proposal for review.
,,Arjun Rossi,Aisha Blake,,,TAG-8639,TAG-2683,TAG-4115,,,,,,Alpha,taylor.garcia@examplecorp.test,Riley Ford,Rahul Reyes,,,REF-6075,Morgan Okafor,,LOT-1488,,,Active Customer,Noted a concern to revisit at the next sync.,Atlas Dynamics,Northwind Solutions Ltd,Active,Alpha,Canada,,,,Shared the updated proposal for review.,Enterprise,,,,N,Energy,,,,,,,,,,,Event,SKU-7927,LOT-3715,Quinn Vance,LOT-9193,LOT-1701,,,,,Delta,,,LOT-3352,,Alpha,,,,,Rowan Garcia,,Texas,N,,TAG-8090,,,,,,REF-5093,,100001,Company,100029,skyler.kim@sampleco.test,Arjun Okafor,2025-12-14 11:53:00,fatima.whitfield@acme-fake.test,Morgan Ivanov,2025-05-05 02:16:00,aisha.brooks@sampleco.test,Riley Ashby,2023-04-15 21:18:00,rahul.ivanov@acme-fake.test,,2025-08-11 21:48:00,N,,100001,100001,100001,100001,100001,100001,100001,100001,,100001,100001,100001,100001,100001,,100001,2025-03-21 04:47:00,784,1438,Delta,Alpha,Other,REF-7233,7585,5444,9178,5968,1846,Standard,2025-06-25 11:39:00,5688,540,Standard,Standard,Standard,Beta,2938,8246,5922,6125,6533,Standard,2026-05-15 11:49:00,4212,,Gamma,,,,,,,,,,2026-06-16,,,Standard,,,,,,,,8176,,2026-03-13,,,,,,,385,,,,,,2023-01-10,,,,,,,,,,,,,2024-08-09,,,,,,,,,1334,,,,2025-04-20,,,,REF-7979,,,,8324,,,,,Shared the updated proposal for review.
TAG-6920,LOT-1878,Priya Cohen,Rowan Sloan,,,,LOT-2399,,SKU-7268,TAG-2749,,,SKU-9757,,sofia.dorsey@examplecorp.test,Alex Silva,,,,,Sofia Cohen,,REF-7203,,,Prospect,Reviewed performance and gathered feedback.,Lakeside Solutions,Silverline Health Inc,Active,Gamma,United States,,,,Aligned on billing and renewal terms.,SMB,,,,Y,Telecommunications,,,,,,Standard,,,,,Cold Outreach,TAG-7013,REF-9122,Priya Ford,TAG-8937,,LOT-5065,7917,,,Other,,LOT-4636,LOT-5340,,Other,,,,,Arjun Cohen,,Georgia,N,,LOT-3507,,,,,,REF-7874,1740,100001,Company,100031,liam.rossi@sampleco.test,Rahul Silva,2025-10-02 09:16:00,fatima.garcia@sampleco.test,Mei Haddad,2024-02-15 01:38:00,jamie.garcia@acme-fake.test,Reese Ashby,2023-05-04 18:15:00,omar.rossi@sampleco.test,,2023-03-29 18:39:00,Y,100001,100001,,100001,100001,,100001,100001,100001,,,,,100001,100001,,100001,2024-05-26 08:13:00,5686,4617,Beta,Delta,Other,LOT-8807,8059,9673,9950,4587,6787,Standard,2026-03-03 06:07:00,6279,1085,Standard,Alpha,Standard,Other,8408,5156,9305,4493,7083,Beta,2023-03-10 18:28:00,,,,REF-5780,,,628,,,,,Alpha,2023-12-07,,,,,,TAG-2307,,3951,,2141,,,2023-02-25,9608,,Gamma,TAG-8543,,,,,,,,,2025-05-20,,,,,,,,,,,4190,,2023-02-17,,,,,,,,,,,,Other,2026-04-19,,,,,,,,,,1956,,Beta,Followed up on the open items from last week.
,,Drew Ivanov,Sofia Larsson,,,SKU-3839,REF-7925,TAG-7790,LOT-4701,,,,,,elena.whitfield@examplecorp.test,,,,,,,,LOT-7961,,,Active Customer,Noted a concern to revisit at the next sync.,Meridian Labs Co,Keystone Labs Group,Active,Beta,India,,,,Resolved the outstanding question about scope.,SMB,,SKU-4628,REF-8385,Y,Retail,,,,,,,,,,,Website,LOT-2933,,Fatima Ashby,,SKU-8853,REF-3517,5229,,,Beta,,REF-5930,,,,,,,,Reese Blake,,New York,Y,,TAG-3916,,,,,,SKU-1449,,100001,Company,100033,nina.rossi@acme-fake.test,Morgan Costa,2023-01-18 11:22:00,morgan.calder@demomail.test,Reese Reyes,2025-11-28 04:00:00,arjun.sato@sampleco.test,Casey Reyes,2023-08-11 18:19:00,liam.vance@examplecorp.test,Omar Patel,2025-11-29 05:19:00,N,,100001,100001,100001,100001,,100001,100001,100001,100001,,100001,100001,100001,100001,100001,100001,2024-07-24 22:21:00,2586,6844,Alpha,Standard,Standard,SKU-8069,8730,8000,7396,4803,7597,Standard,2024-04-06 21:01:00,8896,6633,Delta,Standard,Standard,Standard,9642,1198,598,3413,5535,Delta,2025-04-10 19:14:00,,,,TAG-1244,,,,,,,,,2022-10-01,,,,,,,7474,,,5824,9468,,2023-09-10,,9483,,,LOT-8734,,,,,9873,7609,,2026-04-06,,,Delta,,,,,,,,9676,,2024-05-13,,,,,,,,,,,,,2023-05-14,,,,,,,,,,,,,Aligned on billing and renewal terms.
,,Elena Dorsey,Aisha Haddad,,,LOT-4911,LOT-6134,,REF-3941,,,LOT-8270,LOT-8828,,priya.dorsey@examplecorp.test,Jamie Whitfield,Liam Mercer,,,,,,,,,Prospect,Resolved the outstanding question about scope.,Summit Analytics LLP,Evergreen Textiles LLP,Active,Other,Australia,,,,Shared the updated proposal for review.,Enterprise,,,TAG-3707,N,Logistics,,,,,,,,,,,LinkedIn,,,Avery Dorsey,,TAG-1074,SKU-4139,,,,Gamma,,LOT-1152,SKU-7879,,Delta,,,,,Marco Reyes,,Arizona,Y,,TAG-8131,,,,,,,1387,100001,Company,100035,priya.cohen@sampleco.test,Riley Okafor,2024-07-26 15:04:00,priya.ford@examplecorp.test,Quinn Ford,2026-02-09 14:51:00,mei.mercer@acme-fake.test,Taylor Kim,2025-08-14 00:30:00,skyler.vance@sampleco.test,Jordan Ford,2025-09-17 06:41:00,N,100001,100001,100001,100001,100001,,100001,100001,,100001,,100001,100001,100001,100001,,100001,2025-01-15 10:35:00,9883,892,Beta,Delta,Standard,REF-9663,6393,7802,9700,5673,2770,Beta,2024-10-15 04:31:00,5403,8763,Standard,Standard,Beta,Gamma,7995,4514,6210,7248,9625,Standard,2026-07-18 08:34:00,,,,,,REF-8625,,,,8821,,,2026-02-15,8754,,,,,,6690,,1347,,,,2023-05-03,,,,,,,,,,,,,2024-05-13,,9607,,REF-9434,,,,6102,,,,,2025-03-28,,,,,,,,,,,8103,,2026-03-25,7944,,,,,,,,,,6907,,Noted a concern to revisit at the next sync.
,,Riley Ashby,Aisha Mensah,,,LOT-3429,SKU-5282,,,LOT-5227,LOT-2675,,,,casey.sloan@sampleco.test,,,,,,,"181,974",TAG-8363,,,Past Customer,Aligned on billing and renewal terms.,Cardinal Networks Inc,Horizon Textiles Group,Active,Standard,Philippines,Delta,,,Reviewed performance and gathered feedback.,SMB,,,,N,Logistics,,,,,,,,,,,Partner,REF-3615,TAG-9886,Sofia Kim,REF-5525,LOT-5609,LOT-8313,,,,Standard,,SKU-2358,REF-4006,,Delta,,,,,Skyler Ford,,Texas,N,,REF-1181,,,,,SKU-1547,TAG-8438,4458,100001,Company,100038,noah.mensah@acme-fake.test,Morgan Okafor,2026-07-28 16:37:00,riley.silva@examplecorp.test,Quinn Ford,2026-03-03 12:11:00,chen.larsson@sampleco.test,Riley Okafor,2024-11-24 01:23:00,yara.cohen@demomail.test,,2025-11-21 23:48:00,Y,100001,100001,100001,100001,100001,100001,100001,100001,100001,100001,100001,100001,100001,100001,100001,100001,100001,2024-03-08 04:54:00,611,2102,Gamma,Gamma,Gamma,SKU-9254,9030,134,6530,7993,1675,Beta,2025-05-15 08:19:00,9378,8892,Standard,Standard,Alpha,Alpha,9959,4116,8263,5224,6882,Beta,2026-03-10 23:26:00,,,,TAG-3968,Standard,REF-1066,1765,,,3205,,,2024-01-27,,,,,,,,,,,,,2023-03-06,4671,,,,,,,,,,,,2023-09-25,,,Beta,,,,,,,,,,2022-10-25,,,Beta,,,,,4832,5033,,,,2023-05-26,,,,,SKU-5649,,,,,,,Standard,Noted a concern to revisit at the next sync.
,SKU-9202,Elena Reyes,Fatima Kim,,,REF-5671,LOT-1643,TAG-3424,,,REF-9191,,TAG-8288,,chen.mensah@demomail.test,,,,,,Priya Costa,,SKU-1844,,,Active Customer,Reviewed performance and gathered feedback.,Vertex Analytics LLP,Meridian Systems Group,Inactive,Other,United States,Other,,SKU-6467,Shared the updated proposal for review.,Renewal,,,,N,Real Estate,,,,,,,,,,,Event,REF-5865,LOT-5999,Emerson Cohen,TAG-4417,SKU-1719,,,,,Gamma,,SKU-7471,LOT-5718,,,,,,,Aisha Whitfield,Shared the updated proposal for review.,Illinois,Y,,REF-1577,,,,,,TAG-1506,,100001,Company,100040,rahul.ivanov@examplecorp.test,Yara Larsson,2026-03-06 14:03:00,mei.silva@demomail.test,Rowan Costa,2023-03-23 04:25:00,drew.nguyen@acme-fake.test,Jordan Okafor,2025-05-30 01:19:00,quinn.cohen@acme-fake.test,,2023-10-01 05:58:00,N,100001,100001,,100001,100001,,100001,100001,,,100001,100001,100001,100001,100001,100001,100001,2026-02-18 08:20:00,9529,4458,Other,Other,Alpha,LOT-6832,7697,8295,4314,4731,301,Alpha,2024-12-09 02:37:00,3311,7441,Gamma,Other,Alpha,Beta,5977,8552,8502,9542,923,Delta,2025-01-01 09:29:00,772,,,,,SKU-7175,,,,,7420,,2023-12-20,,,Alpha,LOT-1210,,,1523,,6888,,,,2026-03-29,,,,,,,12,1528,,,,,2026-06-26,6659,8540,,,Other,,,7485,,,,,2024-08-27,,,Gamma,,,REF-9031,,,,,,,2025-03-30,8995,1167,,,,,,,,,,,Noted a concern to revisit at the next sync.
,,Nina Costa,Rahul Garcia,,,SKU-6825,,,,,,,,Alpha,mei.ashby@examplecorp.test,Rahul Okafor,,,,,,"249,871",SKU-8142,,,Past Customer,Shared the updated proposal for review.,Granite Solutions LLP,Vertex Solutions Ltd,Active,Delta,Mexico,,,,Aligned on billing and renewal terms.,Renewal,,,,Y,Retail,,,,,,,,,,,Referral,REF-8024,,Elena Kim,SKU-1673,TAG-8177,TAG-6985,,,,Beta,,,TAG-1086,,Other,,,,,Arjun Blake,,California,Y,,LOT-8199,,,,,,LOT-1375,438,100001,Company,100042,jamie.rossi@sampleco.test,Emerson Garcia,2023-02-10 06:46:00,rowan.garcia@sampleco.test,Marco Larsson,2025-08-05 06:54:00,diego.brooks@acme-fake.test,Omar Whitfield,2025-10-11 05:47:00,priya.brooks@demomail.test,,2024-07-17 06:52:00,Y,100001,100001,100001,100001,100001,100001,100001,100001,,,100001,100001,100001,100001,100001,,100001,2025-05-14 00:22:00,402,6444,Standard,Alpha,Alpha,REF-8608,1771,2548,4667,2431,9940,Gamma,2023-11-16 16:23:00,5813,4444,Other,Delta,Delta,Standard,8780,7831,6114,5518,2459,Delta,2022-10-22 23:13:00,,,,,,,8506,,,,,Alpha,2022-10-03,,,,,,TAG-3561,,,,,,,2023-02-12,,,,SKU-5271,,,,1070,7429,,,,2024-04-06,,,,LOT-1905,Delta,REF-8704,,,,,,,2024-10-03,,,,,Other,,,,,7153,,,2026-02-11,9284,,Standard,,,,,,,,,Gamma,Discussed timeline and next steps with the account.
SKU-2715,,Reese Mensah,Rahul Garcia,,,REF-1643,,,LOT-1256,,,LOT-1052,LOT-6926,,elena.kim@sampleco.test,Noah Brooks,,,TAG-1030,,,,TAG-3900,,,Active Customer,Reviewed performance and gathered feedback.,Lakeside Manufacturing Inc,Everest Health Ltd,Active,Delta,United Kingdom,,,SKU-4318,Discussed timeline and next steps with the account.,Standard,,,SKU-7422,Y,Professional Services,,,,,,,,,,,Webinar,REF-6181,TAG-2932,Priya Kim,LOT-9497,TAG-1859,REF-6849,,,Y,,,LOT-5774,REF-5672,,Beta,,,,,Reese Kim,,Florida,Y,,TAG-1186,,,,,,SKU-8978,9708,100001,Company,100043,taylor.vance@acme-fake.test,Priya Ford,2023-08-21 05:15:00,morgan.cohen@demomail.test,Reese Cohen,2025-12-20 08:58:00,casey.cohen@sampleco.test,Rahul Ford,2023-05-02 18:26:00,rowan.patel@sampleco.test,Jordan Okafor,2024-11-08 14:07:00,Y,100001,100001,100001,100001,100001,100001,100001,100001,100001,100001,,100001,100001,100001,100001,,100001,2026-06-10 23:45:00,8265,6337,Delta,Standard,Other,TAG-9568,6892,1076,4038,613,7096,Alpha,2023-02-05 17:13:00,3431,6755,Other,Gamma,Delta,Standard,7401,4783,2544,6652,1223,Alpha,2023-12-13 16:11:00,,,Delta,TAG-9719,Alpha,SKU-5489,,,,,7672,,2024-10-19,,,,,,REF-9344,,,3610,,,,2023-02-17,,,,,,,334,,,,7599,,2025-09-12,,,,SKU-7170,,,,,,,,,2025-11-10,,,Other,,,,,,,4636,,Delta,2024-04-05,,,,,,,,3605,,,6237,,Discussed timeline and next steps with the account.
,,Fatima Costa,Morgan Larsson,,,REF-4235,SKU-4927,,,,,,TAG-9116,,noah.ford@acme-fake.test,,,Delta,,,Taylor Sloan,,SKU-6961,,,Active Customer,Reviewed performance and gathered feedback.,Copper Systems LLC,Silverline Industries,Active,Gamma,Philippines,,,,Shared the updated proposal for review.,SMB,,,,N,Professional Services,,,,,,,Y,,,,Cold Outreach,TAG-7496,,Liam Mercer,SKU-7245,SKU-4350,TAG-2991,5420,,,Standard,,LOT-9338,TAG-6578,,Beta,,,,,Liam Ivanov,,Illinois,N,,LOT-6267,,,,,SKU-6122,TAG-8520,3301,100001,Company,100046,arjun.brooks@demomail.test,Quinn Whitfield,2024-12-10 13:01:00,sofia.kim@sampleco.test,Marco Sato,2025-01-28 11:09:00,emerson.calder@demomail.test,Jamie Patel,2023-08-15 04:03:00,mei.blake@examplecorp.test,,2023-11-02 00:57:00,N,,100001,,100001,,100001,100001,100001,100001,100001,,100001,100001,100001,100001,100001,100001,2025-01-02 01:34:00,8966,1705,Other,Gamma,Other,SKU-4242,5520,7938,5198,8790,4043,Other,2023-12-09 17:18:00,8249,5519,Standard,Delta,Standard,Standard,246,5730,4995,7415,6741,Delta,2024-01-05 06:35:00,,,,,,,,3762,1964,,,,2024-04-29,4819,,,TAG-3523,,,,6829,,,,,2024-05-09,,,,TAG-8613,LOT-8397,,,,,,,,2025-03-05,4205,,,,,,,,,,,,2023-05-25,,,,,,SKU-8807,,,,,,,2023-12-14,,6766,,,,,,,1119,,,,Followed up on the open items from last week.
,SKU-2185,Diego Patel,Riley Whitfield,,,SKU-9852,,,TAG-1245,,,,,Gamma,casey.costa@examplecorp.test,,,,,TAG-8956,,,TAG-2775,,,Active Customer,Resolved the outstanding question about scope.,Vertex Partners LLC,Redwood Group LLP,Active,Standard,Canada,,,,Followed up on the open items from last week.,New Logo,,,,Y,Healthcare,,Gamma,,,,,,,,,Website,TAG-7184,,Riley Sato,,SKU-2139,LOT-4813,,,N,,,TAG-1371,LOT-3210,,Delta,,,,,Priya Kim,Aligned on billing and renewal terms.,Georgia,N,,REF-2658,,,,,,TAG-8190,7279,100001,Company,100047,liam.garcia@sampleco.test,Drew Mercer,2025-02-05 00:23:00,reese.silva@acme-fake.test,Nina Kim,2026-06-26 15:24:00,reese.ivanov@examplecorp.test,Emerson Whitfield,2025-05-30 15:14:00,avery.sloan@examplecorp.test,,2024-10-30 14:12:00,N,100001,100001,100001,100001,100001,,100001,100001,100001,,100001,100001,,100001,100001,100001,100001,2023-02-13 09:58:00,9068,8808,Gamma,Delta,Delta,TAG-3541,416,3675,8538,3758,9602,Alpha,2023-02-11 05:36:00,5959,6692,Gamma,Delta,Gamma,Delta,8051,5464,5234,5161,6482,Beta,2025-07-01 17:46:00,,,,,,,,,,,,,2023-06-09,,,,,,SKU-7864,2922,,4430,,,Alpha,2023-11-14,,,,,,,3254,,,,,,2023-02-18,2237,,,,,,,,2059,,,,2025-09-12,,1288,Standard,,,LOT-5345,7891,,7570,,,,2026-05-14,,,,,,,,,,,,,Aligned on billing and renewal terms.
LOT-5440,,Nina Rossi,Reese Ivanov,,,SKU-6206,LOT-9713,,,,,,,,reese.cohen@examplecorp.test,,Reese Sloan,,,,Reese Brooks,,REF-2907,,,Prospect,Noted a concern to revisit at the next sync.,Ironwood Labs LLP,Pioneer Textiles Ltd,Active,,India,,,,Discussed timeline and next steps with the account.,New Logo,,,,Y,Retail,,,,,,,,,,,Partner,REF-5479,,Emerson Cohen,SKU-7814,,LOT-7813,6568,,,Standard,,REF-8802,,,,,"56,233",Delta,,Morgan Brooks,,Florida,Y,,LOT-5698,,,,,,REF-8238,,100001,Company,100050,jamie.blake@sampleco.test,Quinn Nguyen,2024-08-12 04:55:00,morgan.haddad@acme-fake.test,Elena Ford,2025-04-11 18:56:00,aisha.sato@demomail.test,Jamie Garcia,2025-03-04 21:17:00,marco.garcia@acme-fake.test,Jordan Costa,2024-04-21 14:17:00,N,100001,100001,,100001,100001,,100001,100001,100001,100001,100001,100001,100001,100001,100001,,100001,2023-08-30 22:30:00,4525,25,Other,Alpha,Standard,TAG-3199,6488,8022,7263,3038,9611,Standard,2025-05-08 08:11:00,1678,2497,Alpha,Beta,Alpha,Other,4045,2303,4436,3265,5242,Alpha,2024-12-08 22:17:00,4882,7093,,,,,,9303,,,,,2026-07-22,,,,,,,,9027,,,,,2022-11-20,,,,,,,,6698,,,,,2024-07-08,,,Standard,,,,,,,,,,2026-05-28,9657,,,,,,,,,,,,2023-04-17,,,,,,,,3822,,,,,Followed up on the open items from last week.
,TAG-9038,Taylor Garcia,Chen Nguyen,,,SKU-7082,,,LOT-6936,,,,SKU-5461,,elena.reyes@examplecorp.test,,,,SKU-6184,,,,TAG-5267,,,Active Customer,Followed up on the open items from last week.,Northwind Textiles,Pioneer Energy LLP,Active,Alpha,Philippines,,,TAG-8420,Scheduled a check-in for the coming month.,New Logo,,,,N,Manufacturing,,Delta,,,,,,,,,Inbound Call,SKU-3265,REF-5219,Liam Silva,SKU-6819,SKU-1514,SKU-6050,,,,Delta,,TAG-8210,REF-4458,,,,,,,Emerson Dorsey,Aligned on billing and renewal terms.,Georgia,N,,REF-7769,,,,,,,815,100001,Company,100053,skyler.okafor@demomail.test,Mei Kim,2025-11-17 19:10:00,yara.garcia@acme-fake.test,Noah Dorsey,2024-10-31 05:29:00,chen.vance@examplecorp.test,Arjun Sloan,2023-02-05 15:09:00,arjun.rossi@acme-fake.test,,2026-01-19 02:37:00,Y,100001,100001,100001,100001,100001,100001,100001,100001,100001,100001,100001,100001,100001,,100001,100001,100001,2023-12-15 21:25:00,4645,6420,Alpha,Alpha,Beta,SKU-3347,8244,9001,1422,5015,1487,Delta,2024-11-01 23:01:00,221,6685,Other,Beta,Delta,Standard,6856,1596,9233,5839,4605,Delta,2023-05-30 03:22:00,,,,,,,639,,,7912,8723,,2025-01-06,,,,,,,,,,3091,,Alpha,2023-11-21,,2877,,,,,,,,,,,2023-12-09,,,,,Delta,,,,,,,,2024-09-05,,,,,,,,,36,,,,2023-05-04,,,,,,TAG-6916,,,,4969,,,Noted a concern to revisit at the next sync.
,TAG-1956,Emerson Patel,Rowan Dorsey,,,SKU-8017,TAG-4942,LOT-4479,TAG-5430,,,,,Gamma,reese.reyes@demomail.test,Reese Calder,,,,,,,REF-9649,,,Active Customer,Discussed timeline and next steps with the account.,Vertex Manufacturing Ltd,Summit Systems LLC,Active,Alpha,Australia,,,TAG-6612,Discussed timeline and next steps with the account.,SMB,,,,N,Education,TAG-4464,,,,,,,,,,LinkedIn,SKU-1199,SKU-9974,Arjun Dorsey,REF-3451,REF-5907,,,,,Beta,,SKU-3490,LOT-4029,,Beta,,,,,Liam Sato,,Ohio,Y,,LOT-9789,,,,,,TAG-2012,7547,100001,Company,100054,mei.larsson@demomail.test,Marco Mercer,2026-03-03 23:30:00,skyler.sato@acme-fake.test,Reese Garcia,2023-02-01 23:44:00,noah.brooks@examplecorp.test,Fatima Mensah,2025-08-08 04:10:00,priya.cohen@examplecorp.test,,2022-12-06 08:20:00,Y,100001,100001,100001,100001,100001,,100001,100001,,100001,100001,100001,100001,100001,100001,100001,100001,2023-01-19 20:49:00,1146,2251,Delta,Gamma,Other,LOT-9211,5095,1110,1704,625,6264,Standard,2025-07-27 01:05:00,5250,1936,Beta,Delta,Gamma,Beta,2782,6108,4100,9817,4380,Beta,2025-07-05 00:54:00,3801,,,SKU-5481,,LOT-8083,,,,,,,2025-11-02,,,,,,TAG-1367,,7848,,,,,2024-02-02,,,,REF-4785,,SKU-4712,,,,,,,2026-04-29,,,,,,,,,,,,,2025-09-21,,3256,,,,,5068,675,3166,,,,2026-02-03,8380,,,,,,,1448,,,,,Discussed timeline and next steps with the account.
,,Skyler Ford,Quinn Cohen,,,REF-2094,REF-2086,,,,,,LOT-3195,,reese.ford@acme-fake.test,,,,,REF-7838,,,SKU-9063,,,Active Customer,Reviewed performance and gathered feedback.,Vertex Retail Corp,Horizon Dynamics Group,Inactive,Delta,Australia,,,,Followed up on the open items from last week.,SMB,,,,Y,Healthcare,,,,,,,,,,,Cold Outreach,TAG-1439,TAG-5862,Aisha Nguyen,SKU-9613,REF-3153,REF-7526,491,N,,Alpha,,,,,Delta,,,,,Alex Ford,,Washington,N,,LOT-2963,,,,,,REF-8065,491,100001,Company,100055,elena.calder@examplecorp.test,Jordan Rossi,2023-04-16 18:57:00,sofia.ivanov@demomail.test,Diego Costa,2025-12-21 22:49:00,fatima.dorsey@acme-fake.test,Casey Dorsey,2023-08-26 02:46:00,aisha.ford@sampleco.test,,2026-02-06 09:47:00,N,100001,100001,100001,100001,100001,100001,100001,100001,100001,,,100001,100001,100001,100001,,100001,2023-12-20 13:09:00,3414,1561,Gamma,Other,Gamma,SKU-4470,8353,1535,4227,9094,3767,Other,2026-05-07 06:16:00,3114,9536,Beta,Delta,Beta,Standard,3952,3243,2337,7922,9581,Standard,2026-06-11 17:02:00,,,,,,,,,,,,,2023-10-11,,,,,,,,,,6402,,,2022-11-16,,,,,,,,,,,,,2023-04-24,,,,,,,,,,,,,2024-03-30,,,,,,,,,,,,Beta,2023-02-07,,,,,,SKU-4821,,,,,,,Followed up on the open items from last week.
,,Yara Silva,Sofia Okafor,,,,REF-9974,,REF-6267,REF-1550,,TAG-5832,,,taylor.sato@demomail.test,,Quinn Ivanov,,,,,,TAG-4397,,,Active Customer,Scheduled a check-in for the coming month.,Redwood Logistics,Cardinal Partners Corp,Active,Standard,Mexico,,,,Aligned on billing and renewal terms.,SMB,,,LOT-7868,Y,Energy,,Alpha,,,,,,Other,,,Website,,,Mei Patel,LOT-5917,,TAG-1804,7759,,,Delta,,REF-1277,SKU-9755,,Beta,,,,Beta,Omar Haddad,,Georgia,N,,REF-6213,,,,,,REF-5565,7939,100001,Company,100058,skyler.nguyen@examplecorp.test,Riley Patel,2024-07-23 15:38:00,liam.sloan@sampleco.test,Diego Larsson,2026-06-30 05:34:00,marco.ashby@acme-fake.test,Drew Blake,2025-04-14 17:10:00,casey.garcia@sampleco.test,,2024-12-26 03:59:00,Y,100001,100001,100001,100001,100001,100001,100001,100001,100001,100001,,100001,100001,100001,100001,100001,100001,2025-05-24 02:06:00,5589,4331,Beta,Standard,Delta,SKU-3547,3950,2782,8164,5840,3791,Alpha,2024-10-06 11:36:00,3194,4066,Delta,Alpha,Delta,Beta,4333,4869,3783,3777,3699,Delta,2024-09-04 18:19:00,2334,,,SKU-5139,Gamma,,,,2744,142,,,2025-04-01,,,,SKU-2344,,,,3635,,,,,2023-06-19,,,,,,,,,,,,Alpha,2025-11-30,,,,TAG-5309,Gamma,,,4551,,8283,,,2026-06-26,,,,,Delta,REF-9154,,,,,,Gamma,2023-07-13,,,,,,,,,,,,,Shared the updated proposal for review.
,,Sofia Okafor,Fatima Okafor,,,,TAG-2106,SKU-9129,REF-3078,SKU-8143,,,,Gamma,drew.mercer@acme-fake.test,,Morgan Ford,,,,,,TAG-4605,,,Past Customer,Reviewed performance and gathered feedback.,Blue Ridge Energy LLP,Pioneer Manufacturing LLP,Active,Other,Philippines,,,,Shared the updated proposal for review.,Standard,,REF-5093,,N,Retail,,,,,,,N,,,,Cold Outreach,,,Casey Brooks,TAG-4305,SKU-2966,REF-2210,2804,,,Gamma,,SKU-2327,,,Gamma,,,,,Nina Mercer,,New York,Y,,REF-6492,,,,,,TAG-6420,856,100001,Company,100061,omar.larsson@acme-fake.test,Aisha Kim,2025-02-24 19:50:00,aisha.dorsey@acme-fake.test,Morgan Kim,2023-12-23 20:36:00,jamie.nguyen@acme-fake.test,Emerson Silva,2024-05-27 21:00:00,avery.dorsey@examplecorp.test,,2025-09-20 21:13:00,N,100001,100001,100001,100001,100001,100001,100001,100001,,100001,100001,100001,100001,100001,100001,,100001,2025-11-17 07:24:00,5863,2316,Other,Standard,Alpha,LOT-1323,4140,308,9892,1134,4966,Delta,2022-10-19 00:20:00,3117,3040,Standard,Other,Delta,Alpha,7344,2110,899,1193,6157,Beta,2025-05-27 06:50:00,,9661,Alpha,,,,7816,,9355,,,,2025-11-19,,1322,Standard,,,TAG-4664,,4157,,2102,,,2023-08-24,,,,,,,,,,,,,2023-08-09,,,Standard,,,REF-9428,5844,,,,,,2025-09-01,,,,,Standard,,,,,,,,2025-07-21,,,,,,,,,,,,,Resolved the outstanding question about scope.
SKU-6213,,Skyler Blake,Drew Ivanov,,,,TAG-1502,,SKU-3794,,,,,,rahul.brooks@demomail.test,Drew Mercer,,,,,,,SKU-8907,,,Referral Partner,Aligned on billing and renewal terms.,Vertex Foods Co,Evergreen Textiles Corp,Active,Standard,Germany,,,,Reviewed performance and gathered feedback.,Renewal,,,,N,Logistics,REF-3873,Beta,,,,,,,,,Cold Outreach,,LOT-9399,Yara Calder,TAG-7099,SKU-3545,,8928,,,Other,,LOT-7135,LOT-1458,,Other,,,,,Taylor Dorsey,,Georgia,Y,,SKU-7760,,,,,,LOT-5348,,100001,Company,100062,fatima.silva@demomail.test,Quinn Ford,2024-02-02 23:05:00,yara.rossi@demomail.test,Chen Larsson,2023-12-10 07:25:00,chen.ashby@examplecorp.test,Fatima Ashby,2024-02-06 11:49:00,rowan.brooks@sampleco.test,Marco Kim,2024-01-22 14:42:00,N,100001,100001,100001,100001,100001,100001,100001,100001,100001,,100001,100001,100001,100001,100001,100001,100001,2023-12-19 04:51:00,9179,5728,Gamma,Alpha,Other,REF-3469,6883,6727,8305,8936,6874,Delta,2025-05-24 16:03:00,196,4012,Other,Delta,Alpha,Beta,9577,2099,3976,478,507,Standard,2026-04-18 13:54:00,,,,,Alpha,LOT-8631,,,59,,,,2024-11-07,4016,,Gamma,,,SKU-2523,,1242,,,9258,,2026-03-09,,,,,,,,,,,,,2025-10-17,,,,,,,3535,,,,,,2023-03-17,,,,,,,,,1806,,,,2023-04-27,,5283,,,,,,8046,,,,,Discussed timeline and next steps with the account.
,,Sofia Haddad,Omar Garcia,,,REF-4456,LOT-4537,,,,,,,Standard,skyler.ivanov@demomail.test,Noah Sloan,,,,,Jordan Silva,,REF-3868,,,Active Customer,Resolved the outstanding question about scope.,Delta Networks Group,,Active,Other,United States,,,,Resolved the outstanding question about scope.,Renewal,,TAG-5598,,,Logistics,,,,"230,446",,,,,,,Webinar,SKU-6889,,Quinn Okafor,REF-3453,TAG-9231,TAG-5986,4661,,,Standard,,,REF-6115,,Other,,,,,Casey Costa,,Ohio,N,TAG-9917,LOT-7272,,,,LOT-6485,,TAG-6594,6994,100001,Company,100065,taylor.blake@examplecorp.test,Emerson Ashby,2026-01-31 16:40:00,morgan.vance@demomail.test,Aisha Ivanov,2024-02-18 12:39:00,fatima.sloan@acme-fake.test,Avery Sato,2025-01-24 11:20:00,jordan.dorsey@examplecorp.test,,2026-01-26 03:45:00,Y,100001,100001,100001,100001,100001,,100001,100001,100001,100001,100001,100001,100001,100001,100001,,100001,2026-02-16 14:10:00,1123,3190,Standard,Other,Standard,TAG-9001,9639,3487,3308,1782,8972,Gamma,2025-01-31 02:59:00,650,7087,Beta,Gamma,Standard,Standard,9929,6980,9252,7854,5813,Beta,2025-08-29 00:48:00,,,,SKU-7629,,,,,,,,,2024-08-09,,,,,Other,,,,,2095,,,2025-09-22,,,,,,,7965,,,9451,,Beta,2025-10-28,,,,,,,,,,,,,2025-01-02,,,,,,,,,,,,,2023-11-10,,,,LOT-3941,,,,,,,,,Discussed timeline and next steps with the account.
,,Omar Okafor,Emerson Larsson,,,SKU-1179,SKU-1019,REF-4602,SKU-1855,,,SKU-4398,,,jordan.vance@sampleco.test,Drew Sato,,,,LOT-6477,,,TAG-4672,,,Active Customer,Scheduled a check-in for the coming month.,Brightpath Retail LLP,Blue Ridge Financial LLP,Inactive,Delta,Canada,,,,Reviewed performance and gathered feedback.,Standard,,SKU-9414,,Y,Energy,,,,,,,,,N,,Referral,TAG-7465,,Riley Sato,REF-9760,LOT-2420,TAG-1177,4954,,,Other,,TAG-8094,REF-7638,,Other,,,,,Sofia Rossi,,Ohio,N,,TAG-3976,,,,,SKU-3819,REF-6704,,100001,Company,100067,marco.garcia@demomail.test,Rahul Whitfield,2025-01-12 06:24:00,fatima.kim@sampleco.test,Casey Ford,2024-04-16 05:34:00,mei.reyes@sampleco.test,Rowan Vance,2024-09-23 16:50:00,elena.reyes@demomail.test,,2024-06-15 07:41:00,N,,100001,100001,100001,100001,,100001,100001,,,,100001,100001,100001,100001,100001,100001,2025-02-28 05:25:00,3657,4682,Standard,Gamma,Other,SKU-3495,9284,6486,1402,2352,620,Standard,2025-05-13 11:14:00,4376,9191,Beta,Other,Gamma,Beta,6662,2836,7061,1746,7018,Gamma,2024-11-13 19:35:00,,3530,Alpha,,,TAG-2634,,1676,4048,7974,,,2024-06-04,,,,,Standard,TAG-7787,,,2621,260,,,2024-07-18,,,Gamma,,,,,,,9744,,,2025-04-08,,,,,,,,,,,,,2024-02-01,,,,,,,,,,,,,2023-05-14,,,,,,,8096,,8008,5297,,,Noted a concern to revisit at the next sync.
,,Sofia Blake,Liam Silva,,,LOT-7538,SKU-4102,,,TAG-8157,,,,,liam.kim@demomail.test,,Rowan Kim,,,,,,LOT-8178,,,Active Customer,Reviewed performance and gathered feedback.,Atlas Solutions LLC,Granite Partners LLC,Active,Alpha,United Kingdom,,,,Shared the updated proposal for review.,Enterprise,,,,N,Telecommunications,,,,,,,,,,,Partner,,SKU-9074,Reese Haddad,LOT-2960,SKU-7801,,865,,Y,Gamma,,SKU-3555,,,,,,,Other,Alex Whitfield,,Ohio,Y,,LOT-3958,,,,,SKU-2924,TAG-3615,6790,100001,Company,100068,omar.cohen@demomail.test,Nina Sloan,2025-09-06 23:22:00,yara.silva@acme-fake.test,Chen Calder,2023-12-04 23:51:00,jamie.ashby@examplecorp.test,Fatima Nguyen,2024-12-11 22:43:00,priya.vance@sampleco.test,Yara Costa,2024-05-15 13:43:00,N,100001,100001,100001,100001,100001,100001,100001,100001,100001,100001,100001,100001,,100001,100001,100001,100001,2023-06-20 11:19:00,2990,1468,Standard,Beta,Beta,TAG-8522,1852,8139,528,2923,9844,Alpha,2024-08-19 07:30:00,5803,6443,Delta,Delta,Beta,Beta,5423,9183,2985,3698,8025,Standard,2026-03-13 06:16:00,,,,SKU-1898,Other,TAG-8403,,,,,,Alpha,2024-08-24,,,,,,,,,894,,,Standard,2023-03-02,,,,,,,,,,,,,2022-10-31,6389,,,,,,,,,,,,2023-07-07,2269,,,,,,,,,,,,2024-07-09,,,,,,,,,,,8516,,Discussed timeline and next steps with the account.
,,Emerson Calder,Liam Vance,,,LOT-7893,LOT-3665,,SKU-1217,,,,REF-5352,,rowan.reyes@acme-fake.test,,,,,,Marco Nguyen,,REF-4474,,,Prospect,Scheduled a check-in for the coming month.,Evergreen Networks Corp,Atlas Solutions Co,Inactive,Gamma,Australia,,,,Discussed timeline and next steps with the account.,Standard,,TAG-4248,,N,Professional Services,,,,,,Beta,,,,,Webinar,TAG-7205,SKU-7297,Chen Cohen,SKU-3570,,,5682,,,Delta,,SKU-5974,SKU-2565,,Beta,,,,,Diego Patel,,Florida,N,,LOT-7192,,,,LOT-6079,,LOT-1305,,100001,Company,100071,omar.silva@demomail.test,Liam Sato,2022-10-05 14:43:00,drew.vance@demomail.test,Chen Ashby,2025-02-18 23:38:00,omar.silva@acme-fake.test,Skyler Haddad,2026-06-06 10:21:00,fatima.mercer@acme-fake.test,,2026-07-12 21:24:00,Y,100001,100001,100001,100001,100001,,100001,100001,100001,,,100001,100001,100001,100001,100001,100001,2024-04-01 16:50:00,6588,2367,Alpha,Delta,Beta,SKU-6102,4212,4273,4690,6910,2725,Alpha,2023-01-01 13:29:00,5369,946,Other,Delta,Other,Alpha,2899,1135,314,6494,1717,Standard,2025-04-06 03:18:00,,,,TAG-4320,,,,8419,5766,,,,2024-07-10,,8431,,TAG-2742,,,3500,,1310,,,,2022-11-19,6875,,,,,,,,,,,,2023-12-02,,,,,,,,,,,,,2022-10-05,,,,,,,,,,5674,,,2026-01-01,,,,,REF-1320,,7789,,,1462,,,Noted a concern to revisit at the next sync.
,,Nina Ivanov,Nina Brooks,,,,LOT-8560,TAG-7440,,,TAG-7049,,,Other,skyler.mensah@sampleco.test,,,,TAG-2874,,,,,,,Active Customer,Followed up on the open items from last week.,Beacon Ventures Ltd,Everest Analytics Corp,Active,Beta,Germany,,,,Followed up on the open items from last week.,Standard,,,,N,Logistics,LOT-7789,,,,,,,,,,LinkedIn,SKU-3765,REF-2736,Noah Patel,TAG-5375,TAG-5219,TAG-1710,489,,,Alpha,,SKU-9295,REF-5088,,Gamma,Delta,,,,Alex Sloan,,Florida,N,,TAG-4521,,,,,,REF-1091,397,100001,Company,100073,omar.sato@demomail.test,Skyler Reyes,2025-12-26 02:11:00,arjun.cohen@acme-fake.test,Jamie Costa,2025-06-11 19:50:00,reese.mensah@examplecorp.test,Alex Sloan,2023-03-22 05:20:00,diego.calder@examplecorp.test,,2025-10-27 03:58:00,N,100001,100001,100001,100001,100001,,100001,100001,,100001,,100001,,100001,100001,100001,100001,2024-10-12 01:57:00,2882,2941,Delta,Standard,Beta,TAG-8686,9911,4126,8033,5806,6347,Gamma,2026-04-01 09:50:00,9954,3714,Gamma,Beta,Delta,Gamma,9063,4501,5254,7646,3467,Alpha,2026-06-04 22:28:00,,,,,,LOT-5919,,,6213,9767,,,2023-02-03,,,Other,,Standard,REF-3354,,,9049,,,,2024-12-21,,,,,,,,,,,,,2023-05-07,,6193,,,,,,,,7152,,,2025-10-14,,,Other,,,,,,,,,Delta,2025-06-07,,,,,,,,,,,,Delta,Shared the updated proposal for review.
,,Riley Ashby,Chen Mensah,,,REF-7955,LOT-8137,SKU-8841,,,,TAG-4213,SKU-6062,Delta,nina.okafor@demomail.test,,,,,REF-8696,Drew Patel,,REF-6470,,,Active Customer,Resolved the outstanding question about scope.,Summit Labs LLP,Northwind Capital Group,Active,,Australia,,,,Noted a concern to revisit at the next sync.,Renewal,,,,N,Manufacturing,,,,,,Standard,,,,,Partner,REF-9450,SKU-4984,Alex Larsson,TAG-9982,TAG-2930,TAG-4877,5122,,,Other,,SKU-5926,TAG-1076,,,,,,,Nina Mercer,,New York,N,,TAG-6997,,,,SKU-2231,,TAG-7327,2445,100001,Company,100076,rahul.whitfield@acme-fake.test,Quinn Blake,2025-09-11 20:20:00,omar.cohen@sampleco.test,Casey Sloan,2024-09-06 00:29:00,noah.silva@acme-fake.test,Riley Patel,2026-07-20 16:01:00,casey.patel@acme-fake.test,,2026-03-19 00:29:00,Y,100001,100001,100001,100001,100001,100001,100001,100001,,,100001,100001,100001,100001,100001,100001,100001,2024-11-18 06:17:00,916,9317,Gamma,Standard,Beta,SKU-9743,2758,1028,9008,6483,3421,Delta,2025-07-13 16:04:00,3494,1889,Gamma,Standard,Beta,Other,8653,4611,1108,4458,9914,Delta,2023-03-27 21:34:00,3298,5910,Other,,,,,,,,,Standard,2025-07-17,,932,,TAG-7177,,,7318,,,,,,2022-10-28,,,,,,,,,,,,,2026-05-10,,,Beta,,Other,,,,,,,,2023-01-03,,,,,Standard,,,,,6257,3203,,2023-04-06,,,,,,,,,,,,,Shared the updated proposal for review.
,,Sofia Whitfield,Noah Mensah,,,LOT-2925,SKU-1523,SKU-2420,,,,,,,avery.ford@examplecorp.test,,,,,,Arjun Ashby,"225,421",LOT-5265,,,Active Customer,Aligned on billing and renewal terms.,Meridian Holdings,Falcon Robotics Ltd,Active,Alpha,Mexico,,,,Reviewed performance and gathered feedback.,Enterprise,,TAG-6051,,N,Financial Services,TAG-3939,,,,,,,,,,Partner,SKU-1146,REF-6673,Alex Ashby,SKU-9189,REF-5130,,9026,,,Gamma,,SKU-3171,SKU-8265,,Standard,,,Beta,,Liam Dorsey,,New York,N,,LOT-9038,,,,,,LOT-6977,8647,100001,Company,100077,drew.patel@acme-fake.test,Priya Brooks,2026-01-18 04:57:00,alex.costa@examplecorp.test,Nina Reyes,2023-12-08 21:39:00,liam.vance@demomail.test,Emerson Vance,2024-02-15 09:24:00,noah.silva@demomail.test,,2025-12-10 01:32:00,N,100001,100001,,100001,100001,,100001,100001,100001,100001,100001,100001,,100001,,100001,100001,2023-10-28 03:47:00,9334,99,Beta,Alpha,Alpha,LOT-8251,6035,5602,1347,7470,8579,Beta,2025-08-07 04:30:00,4562,7758,Delta,Beta,Standard,Gamma,1391,7878,1074,6879,3251,Standard,2026-01-30 19:42:00,,,,,,,,,,,,,2025-08-15,7962,6247,,,,,,,,,9965,,2024-02-08,,,,,,,,,,,,,2024-06-30,,,,REF-4688,,,,,,,4574,,2024-06-09,2022,5766,,,,,,,,,,,2023-04-20,,,,,,,,,,,,,Resolved the outstanding question about scope.
SKU-6747,,Yara Sato,Morgan Sato,,,REF-7518,REF-7303,TAG-1382,,,,,REF-5199,,drew.rossi@acme-fake.test,,,,,TAG-2150,,"116,391",,,,Active Customer,Reviewed performance and gathered feedback.,Redwood Partners,Northwind Capital Co,Active,,Australia,,,,Reviewed performance and gathered feedback.,Standard,,,,N,Media,,,,,,,,,,,Partner,SKU-2733,LOT-4919,Liam Dorsey,SKU-8254,SKU-1263,,,,,Beta,,REF-3211,REF-7637,,Gamma,,,,,Jamie Dorsey,,Georgia,Y,,REF-1600,,,,,,,4699,100001,Company,100079,avery.sloan@sampleco.test,Quinn Ivanov,2024-08-23 08:55:00,liam.costa@examplecorp.test,Elena Cohen,2026-04-11 21:30:00,mei.larsson@demomail.test,Avery Vance,2025-06-11 06:52:00,chen.kim@sampleco.test,,2023-07-04 02:42:00,N,100001,100001,100001,100001,100001,,100001,100001,,,100001,100001,,100001,100001,100001,100001,2025-06-12 20:21:00,7057,1141,Standard,Gamma,Delta,LOT-5858,9311,9547,2230,8234,5816,Other,2025-06-20 15:30:00,2158,8045,Delta,Beta,Standard,Beta,5824,4218,9667,594,9717,Beta,2023-12-29 18:00:00,,,Other,SKU-7902,,,,7997,,,,,2024-04-03,,,,,,,599,,473,3657,9981,,2026-03-06,,927,,,,SKU-6894,,,,,,,2023-03-11,,,,,,,,,,,,,2023-12-30,,,,,,,,,2024,,,Gamma,2025-11-03,3687,,,,,LOT-3618,,,,,6630,,Noted a concern to revisit at the next sync.
,,Reese Calder,Yara Patel,,,SKU-2482,TAG-2653,TAG-6348,REF-4494,,,,LOT-1662,,jamie.reyes@demomail.test,Priya Haddad,,,,,Quinn Blake,,TAG-3048,,,Past Customer,Resolved the outstanding question about scope.,Keystone Robotics Corp,,Active,Standard,India,,REF-2295,,Resolved the outstanding question about scope.,Standard,,,,N,Logistics,,,,,,Other,,,,,Inbound Call,,,Nina Brooks,TAG-1092,,,,,,Gamma,,TAG-7278,TAG-2241,,Standard,,,,,Yara Calder,,California,N,,REF-8655,,,,SKU-1598,REF-4208,REF-2979,4699,100001,Company,100082,rowan.ashby@acme-fake.test,Jamie Silva,2025-08-08 04:09:00,quinn.okafor@examplecorp.test,Alex Dorsey,2024-05-05 18:22:00,alex.ivanov@demomail.test,Nina Nguyen,2023-05-12 09:48:00,drew.larsson@examplecorp.test,Aisha Brooks,2025-10-08 18:30:00,N,100001,100001,,100001,,100001,100001,100001,100001,,100001,100001,,100001,100001,,100001,2024-05-12 09:59:00,6117,1612,Gamma,Gamma,Beta,LOT-2843,428,5966,1955,6501,6180,Standard,2024-06-13 08:08:00,5234,4573,Beta,Standard,Other,Other,348,399,7927,8714,7667,Other,2026-02-16 16:08:00,,,,,,,,,,7743,,,2023-08-23,6354,,,,,,,,,,7290,,2026-04-06,,,,,,,,4082,101,,,,2026-04-20,504,,,,Delta,,,,,,,Beta,2023-08-23,,,,,,,5533,,,,,,2025-10-10,1444,,,,,,,,,,,Other,Reviewed performance and gathered feedback.
,,Emerson Costa,Nina Whitfield,,,REF-7552,,TAG-1178,,TAG-7221,,,,,chen.kim@acme-fake.test,,,,LOT-3712,,,,REF-7375,,,Active Customer,Scheduled a check-in for the coming month.,Atlas Textiles Ltd,Blue Ridge Retail Inc,Active,Standard,United Kingdom,,,,,SMB,,,,Y,Retail,,,,,,,,,,,Event,,,Sofia Brooks,SKU-7094,REF-8350,,,,,Delta,,TAG-8338,TAG-9405,,Beta,,,,,Emerson Calder,,Colorado,N,LOT-1349,REF-7056,,,,,,,5338,100001,Company,100083,aisha.patel@demomail.test,Jordan Vance,2026-01-18 15:38:00,omar.rossi@sampleco.test,Quinn Larsson,2025-02-28 09:48:00,jordan.mensah@sampleco.test,Alex Whitfield,2026-04-29 16:54:00,jamie.sloan@examplecorp.test,Marco Haddad,2024-01-23 04:03:00,Y,100001,100001,100001,100001,100001,100001,100001,100001,,,,100001,,100001,100001,100001,100001,2026-02-13 15:12:00,1907,3928,Beta,Delta,Other,LOT-7820,91,2900,3310,2848,6259,Other,2024-10-16 15:26:00,1040,4687,Delta,Alpha,Delta,Alpha,3515,1304,3350,6880,9339,Delta,2024-12-26 22:10:00,,,,,Beta,,,,,7933,,,2024-06-03,3516,,,,Delta,,2807,1043,,2154,,,2026-07-31,,,,,,,,,,,,,2023-07-20,,8356,,,,,,,,,,,2026-07-10,,,,,,,,,,,,Gamma,2024-11-06,,,,,,,,,,,,,Aligned on billing and renewal terms.
,,Reese Rossi,Chen Mercer,,,REF-9230,LOT-9688,,LOT-6917,SKU-7313,,,,,rahul.costa@demomail.test,,,,,,,,REF-9186,,,Referral Partner,Discussed timeline and next steps with the account.,Redwood Media Group,Cobalt Industries Ltd,Inactive,Delta,Mexico,,,,Followed up on the open items from last week.,Renewal,,,,Y,Retail,,,,,,,Y,,,,LinkedIn,,,Noah Reyes,LOT-9402,SKU-5521,,7972,,,Beta,,TAG-2042,LOT-6410,,Beta,,,,,Marco Ford,,New York,N,,TAG-6092,,,,,,SKU-2073,9855,100001,Company,100086,nina.whitfield@sampleco.test,Drew Sloan,2023-07-12 00:29:00,marco.sloan@sampleco.test,Taylor Sloan,2023-04-12 11:57:00,noah.garcia@sampleco.test,Noah Mercer,2025-08-28 21:26:00,priya.larsson@acme-fake.test,,2024-08-24 04:28:00,N,100001,100001,100001,100001,100001,100001,100001,100001,,,,100001,100001,100001,100001,100001,100001,2025-06-26 21:51:00,6724,9210,Beta,Beta,Delta,REF-7786,4849,8757,5804,3270,9659,Other,2023-11-26 18:50:00,8738,7527,Beta,Standard,Standard,Standard,7634,6859,5771,1752,7597,Alpha,2024-12-24 19:27:00,,,Beta,,,,,,,,900,Alpha,2026-05-19,,,,,,LOT-3808,,,,,,,2024-10-08,,,,,,,,,,,,,2022-10-23,,,,,,,,,4181,,,,2022-12-08,8574,,Gamma,,,,,,,,,,2024-12-22,,,,LOT-5581,,,,,,,,,Reviewed performance and gathered feedback.
,,Reese Ivanov,Taylor Okafor,,,,LOT-9580,,SKU-2634,,,TAG-3556,REF-7596,Delta,alex.nguyen@sampleco.test,Priya Vance,,,,LOT-4879,,,SKU-6002,,,Prospect,Shared the updated proposal for review.,Delta Textiles Group,Northwind Robotics Corp,Active,,Mexico,,,,Noted a concern to revisit at the next sync.,New Logo,,,,Y,Technology,,,,,,,,,,,Webinar,,LOT-1366,Aisha Haddad,REF-9012,SKU-2862,,1773,,,Other,,LOT-6756,LOT-9449,,Beta,,,,,Diego Costa,Resolved the outstanding question about scope.,Colorado,Y,,TAG-2087,,,,,,TAG-6766,,100001,Company,100087,alex.calder@examplecorp.test,Sofia Okafor,2024-07-09 10:36:00,aisha.reyes@acme-fake.test,Arjun Nguyen,2024-09-03 14:23:00,liam.haddad@sampleco.test,Omar Brooks,2023-07-05 00:20:00,omar.mensah@demomail.test,Rowan Ford,2022-12-29 18:42:00,N,100001,100001,100001,100001,100001,100001,100001,100001,,100001,100001,100001,,100001,100001,,100001,2023-10-06 12:33:00,2153,5322,Alpha,Alpha,Alpha,TAG-5010,5918,7007,3942,9706,330,Standard,2023-11-09 14:46:00,8569,3939,Standard,Other,Beta,Standard,4612,4846,564,1177,110,Delta,2024-07-02 18:17:00,,,,,,,3713,,,,,Other,2024-10-25,,,,,,,6727,,9377,7084,,,2023-08-15,,4445,,,REF-9133,LOT-9702,,,,,,,2023-04-10,,,,,,,,,,,,,2023-08-16,,,Alpha,,,,8203,2342,7797,,,,2025-11-09,,,,TAG-4620,REF-9620,LOT-6602,,,,,,,Resolved the outstanding question about scope.
,,Avery Kim,Avery Kim,,,LOT-1890,SKU-6162,LOT-6221,,,,SKU-3206,,,mei.whitfield@sampleco.test,,,,REF-4376,,,"246,471",SKU-4638,,,Past Customer,Shared the updated proposal for review.,Redwood Financial Co,Delta Textiles Ltd,Active,Standard,United Kingdom,,,,Aligned on billing and renewal terms.,Renewal,,TAG-2081,,Y,Logistics,REF-8179,,,,,,,,,,Referral,LOT-8774,SKU-7515,Jordan Patel,REF-3637,LOT-7757,REF-6663,3815,,,Delta,,LOT-6171,,,Standard,,,,,Riley Dorsey,,Colorado,Y,,TAG-2350,,,,,,REF-3732,,100001,Company,100089,priya.mercer@acme-fake.test,Mei Okafor,2025-08-12 16:07:00,arjun.calder@examplecorp.test,Reese Reyes,2025-11-15 17:39:00,alex.silva@examplecorp.test,Nina Whitfield,2023-08-12 19:09:00,rowan.costa@sampleco.test,Jamie Silva,2022-11-20 08:20:00,N,100001,100001,100001,100001,100001,100001,100001,100001,100001,100001,100001,100001,100001,100001,100001,100001,100001,2024-03-28 10:09:00,9477,7933,Standard,Other,Beta,LOT-9944,4241,2903,3144,9689,587,Gamma,2023-03-08 07:24:00,7994,1740,Alpha,Alpha,Other,Delta,6586,7626,6245,5990,4900,Beta,2026-04-14 10:20:00,5597,,,LOT-3929,,,,,,,,,2023-10-17,,2827,,,,,,,5341,,,,2025-10-05,,,,SKU-2828,,,,,,,,,2026-06-09,,,,,,,,,,,,,2025-05-18,5549,,,LOT-4508,Alpha,,5230,,,,,Gamma,2023-10-18,,,,,,,,,,,,,Shared the updated proposal for review.
,,Yara Okafor,Avery Garcia,,,SKU-8363,,,TAG-7143,LOT-7453,,,,,reese.vance@acme-fake.test,,,,,,,,TAG-1295,,,Active Customer,Noted a concern to revisit at the next sync.,Keystone Media LLC,Evergreen Holdings Corp,Active,Alpha,United Kingdom,,,,Shared the updated proposal for review.,Enterprise,,,TAG-8773,,Telecommunications,,,,,,,,,,,Inbound Call,TAG-8163,,Chen Ashby,REF-6302,LOT-5939,,5461,,,Other,,SKU-1051,LOT-9751,,Delta,,,,,Elena Rossi,,Washington,N,,,,,,,,LOT-6091,3810,100001,Company,100092,diego.ashby@examplecorp.test,Emerson Mensah,2024-07-09 06:32:00,chen.mensah@sampleco.test,Aisha Mercer,2024-08-28 16:28:00,rahul.cohen@examplecorp.test,Jordan Ashby,2022-10-26 23:53:00,rowan.ashby@examplecorp.test,,2026-05-05 02:17:00,Y,100001,100001,100001,100001,100001,100001,100001,100001,100001,100001,,,100001,,100001,100001,100001,2023-10-03 10:48:00,3153,18,Standard,Gamma,Gamma,SKU-3187,4200,8720,3357,6003,9259,Delta,2023-10-28 08:46:00,4753,2926,Standard,Gamma,Delta,Gamma,8512,6011,4149,6829,8631,Other,2026-06-28 00:07:00,122,,,,Gamma,TAG-5802,,,,696,,Gamma,2024-07-15,,,Other,,Beta,,,4225,,,,,2024-04-24,,,,,,,,3381,,,,,2023-01-18,,,,,,,,,,,,,2026-07-14,,,,,,,8518,8215,,9791,1734,,2026-07-09,,,,LOT-7409,,,,,,,,,Aligned on billing and renewal terms.
,,Fatima Costa,Rowan Ivanov,,,TAG-4831,LOT-5820,,,,SKU-8636,,,,rowan.brooks@examplecorp.test,Casey Ford,,,SKU-5604,,,,TAG-7484,,,Active Customer,Reviewed performance and gathered feedback.,Meridian Foods LLP,Cardinal Dynamics LLP,Active,Standard,India,,,,Discussed timeline and next steps with the account.,New Logo,,,,Y,Hospitality,,,,,,,,,,,Referral,REF-6789,TAG-3104,Taylor Kim,LOT-5781,TAG-2786,,,,,Beta,,LOT-8325,TAG-3395,,Standard,,,Other,,Sofia Kim,,Ohio,Y,TAG-5501,TAG-9436,,,,TAG-9519,,SKU-4892,5798,100001,Company,100094,rahul.calder@acme-fake.test,Emerson Ivanov,2024-08-26 05:01:00,marco.sloan@sampleco.test,Rowan Mercer,2023-08-21 04:16:00,chen.brooks@demomail.test,Rowan Brooks,2024-09-12 17:17:00,morgan.ivanov@demomail.test,,2023-04-05 23:54:00,Y,100001,100001,100001,100001,100001,,100001,100001,,100001,100001,100001,100001,100001,100001,100001,100001,2025-07-26 07:22:00,90,9638,Other,Delta,Beta,REF-8856,5218,493,2219,1713,9671,Beta,2026-06-19 19:23:00,9583,5543,Beta,Beta,Gamma,Other,8163,2843,879,5334,6251,Gamma,2025-09-23 01:27:00,,,,,,,,,,,964,,2024-01-07,3233,,,LOT-7981,,TAG-5020,,,,,,,2022-10-20,,,,,,REF-8503,,,,,,,2022-11-09,4191,,,,Delta,,,,,,,,2023-01-26,,9219,Other,REF-3816,Gamma,,,,,,,,2022-12-04,,,,,,,,,,,,,Resolved the outstanding question about scope.
,LOT-4736,Reese Garcia,Emerson Nguyen,,,SKU-2834,REF-3078,TAG-4817,SKU-6342,,,,,Standard,morgan.ashby@examplecorp.test,Fatima Haddad,Morgan Brooks,,,,,"188,011",TAG-6864,,,Prospect,Scheduled a check-in for the coming month.,Harbor Dynamics Ltd,Meridian Dynamics Inc,Active,Alpha,India,,,,,Standard,,,,Y,Manufacturing,,,,,,,,,,,Referral,LOT-7102,,Sofia Patel,TAG-6981,TAG-4863,TAG-1950,5797,,,Delta,,REF-9906,REF-5802,,Gamma,,,,,Elena Blake,,Colorado,Y,,SKU-2246,,,,,,SKU-5221,,100001,Company,100096,emerson.ashby@acme-fake.test,Drew Brooks,2023-09-19 16:09:00,quinn.cohen@examplecorp.test,Alex Nguyen,2025-07-13 08:45:00,quinn.whitfield@demomail.test,Alex Calder,2025-01-20 18:50:00,quinn.ford@sampleco.test,,2023-10-16 23:47:00,Y,100001,100001,,100001,100001,,100001,100001,100001,,100001,100001,,100001,100001,,100001,2022-10-31 11:17:00,2389,814,Gamma,Delta,Alpha,REF-9682,9273,5340,9512,7369,3654,Gamma,2023-05-18 09:35:00,7475,4039,Other,Gamma,Alpha,Standard,5169,8088,1323,977,7613,Standard,2025-12-30 10:23:00,,,,,,SKU-4366,,,,,5426,,2023-01-29,,,,REF-2863,,,9106,,,,849,,2025-12-08,,,,,,,,4788,,,,,2024-06-22,,3560,,,,LOT-2428,,,,,,,2026-07-27,,,Delta,,,,,,,,,,2024-09-02,,9919,Standard,,,,,,,,,Delta,Discussed timeline and next steps with the account.
LOT-7586,,Fatima Blake,Emerson Reyes,,,,LOT-2016,REF-6761,TAG-2487,SKU-5517,,,TAG-5435,,emerson.calder@demomail.test,,,,,,,,LOT-7792,,,Active Customer,Discussed timeline and next steps with the account.,Evergreen Labs Corp,Beacon Systems Inc,Inactive,Beta,United Kingdom,,,,Noted a concern to revisit at the next sync.,Renewal,,,,N,Construction,,Standard,,,,,,,,,Referral,REF-1664,SKU-4470,Marco Calder,REF-5218,SKU-1761,,945,,,Beta,,TAG-9032,REF-3462,,Beta,,,,,Avery Sloan,,Ohio,Y,LOT-2798,LOT-5438,,,,,,LOT-9915,4704,100001,Company,100098,avery.patel@demomail.test,Fatima Mercer,2024-05-06 12:11:00,rahul.sato@demomail.test,Mei Whitfield,2025-10-13 11:37:00,noah.calder@sampleco.test,Rowan Nguyen,2024-07-23 13:41:00,emerson.vance@sampleco.test,,2023-07-19 21:06:00,Y,100001,100001,100001,100001,,,100001,100001,,,100001,100001,100001,,100001,,100001,2024-06-23 12:20:00,2653,8987,Delta,Beta,Beta,LOT-6866,4050,7277,901,9029,2082,Beta,2026-01-10 09:21:00,5782,2268,Other,Beta,Standard,Alpha,2185,4629,5822,9565,7178,Standard,2023-06-13 14:09:00,,5472,,,,TAG-2328,,7754,950,,,,2023-12-30,,,,,Alpha,,7395,,,5846,,,2026-04-03,,,Other,,,,,,,,,,2025-08-31,,,,,,,2740,,,,,,2025-10-22,,3451,,SKU-5134,,,,,4843,,,,2025-06-26,,,,,,,,,,,5078,,Resolved the outstanding question about scope.
,,Aisha Whitfield,Diego Whitfield,,,REF-9454,REF-9079,LOT-7894,,,REF-6994,,,,avery.sloan@sampleco.test,,,,,LOT-4722,Nina Reyes,,,,,Prospect,Followed up on the open items from last week.,Summit Labs Co,Cardinal Industries Corp,Active,Alpha,Canada,,,,Scheduled a check-in for the coming month.,Renewal,,,,Y,Technology,,,,,,,,Alpha,,,Event,REF-1514,,Skyler Vance,TAG-6363,TAG-1497,,4813,,,Other,,TAG-4458,LOT-4159,,Standard,,,,,Chen Calder,,Arizona,N,,LOT-5621,,,,,,SKU-2356,4740,100001,Company,100100,rahul.nguyen@acme-fake.test,Jordan Mensah,2026-02-11 03:03:00,fatima.mensah@sampleco.test,Arjun Ivanov,2024-02-15 10:33:00,diego.okafor@sampleco.test,Jamie Larsson,2024-04-20 00:05:00,marco.patel@sampleco.test,,2025-11-09 02:08:00,N,,100001,100001,100001,,100001,100001,100001,100001,100001,,100001,,100001,100001,,100001,2024-05-22 08:27:00,2277,876,Standard,Gamma,Other,LOT-9945,9009,544,1668,8865,1504,Delta,2025-08-18 03:00:00,6330,7365,Standard,Alpha,Delta,Delta,4583,4635,9651,406,5019,Alpha,2025-08-28 03:28:00,,,Delta,,,,29,,,786,,,2024-04-15,,,Alpha,,Beta,,1188,,,,,,2023-02-13,,,,,,,,6266,,,,,2022-12-25,,,,,,TAG-9658,,,,,,,2024-02-06,,,,,,SKU-7027,,,,2597,,,2024-01-25,,,,,,,,,,,,,Followed up on the open items from last week.
,,Riley Vance,Jamie Ford,,,TAG-8157,,,REF-1066,,,,,Other,rowan.kim@examplecorp.test,,,,,,,"165,908",LOT-3513,,,Active Customer,Aligned on billing and renewal terms.,Pioneer Energy Co,Brightpath Retail Group,Inactive,Beta,Canada,,,SKU-5762,Followed up on the open items from last week.,Enterprise,,,,Y,Education,,,,,,,,,,,Inbound Call,LOT-5144,,Nina Sato,SKU-4227,,,6951,,,Gamma,,TAG-8590,REF-3681,,Alpha,,,,,Noah Reyes,Reviewed performance and gathered feedback.,Washington,N,,,,,,,,LOT-4315,1306,100001,Company,100103,emerson.ford@acme-fake.test,Riley Ford,2022-10-12 14:40:00,yara.patel@sampleco.test,Yara Haddad,2025-01-31 07:58:00,quinn.whitfield@examplecorp.test,Aisha Ashby,2024-10-02 15:05:00,riley.haddad@demomail.test,,2023-06-09 15:36:00,Y,,100001,100001,100001,,100001,100001,100001,100001,100001,,100001,,100001,100001,100001,100001,2025-04-04 00:44:00,3010,3108,Beta,Beta,Other,SKU-2917,8855,9751,6564,6480,8370,Beta,2026-04-05 02:14:00,8731,4957,Standard,Standard,Other,Delta,2988,7296,8304,5589,7980,Standard,2024-03-17 09:53:00,,,Standard,,,,,,,,,,2024-11-24,,9863,Standard,,,,6425,8559,,7307,82,Gamma,2024-07-31,,,,,,,,,3760,,,,2024-05-16,,,Other,TAG-5543,,,,,7972,,,,2023-12-03,,,Standard,,,SKU-2587,,,,2544,1256,,2025-06-12,7438,,Other,,LOT-9159,,,,,,,,Aligned on billing and renewal terms.
,,Omar Patel,Drew Sato,,,LOT-1541,TAG-8301,SKU-5734,,LOT-8545,,TAG-5436,,,mei.blake@acme-fake.test,,,,,,,,TAG-4261,,,Past Customer,Followed up on the open items from last week.,Evergreen Financial Corp,Delta Capital Inc,Active,Delta,United Kingdom,,LOT-9947,,Followed up on the open items from last week.,Standard,,,REF-5890,Y,Media,,Delta,,,,,,,,,Partner,SKU-6532,,Taylor Whitfield,REF-6564,SKU-8224,SKU-9478,2463,,,Delta,,LOT-5440,REF-4034,,Delta,,,,,Fatima Haddad,,Ohio,Y,,LOT-6816,,,,LOT-6089,,REF-8014,,100001,Company,100106,emerson.ford@acme-fake.test,Skyler Patel,2024-12-28 11:29:00,chen.sloan@examplecorp.test,Fatima Patel,2025-02-13 18:09:00,aisha.haddad@examplecorp.test,Yara Cohen,2026-06-03 00:38:00,jordan.ford@examplecorp.test,,2024-09-11 08:52:00,N,100001,100001,100001,100001,,,100001,100001,100001,100001,100001,100001,100001,100001,100001,100001,100001,2024-03-14 15:15:00,2161,1492,Gamma,Standard,Standard,REF-4814,3123,5474,7362,7707,3401,Standard,2026-07-22 22:13:00,1417,4378,Gamma,Standard,Standard,Gamma,8737,6775,8961,8865,1258,Delta,2025-07-22 18:49:00,,,,,,,,,,,8952,,2026-07-09,,,Beta,,,,,,,,,,2025-05-29,,,,,,,9734,,,,,,2022-12-31,,,,,,,,,,,,,2022-10-09,,,,,,,,,,1466,,,2023-03-07,,,,,,,8430,,,,,,Reviewed performance and gathered feedback.
REF-1221,,Omar Ashby,Rahul Calder,,,,SKU-5579,LOT-7851,TAG-5968,,,,,,rahul.kim@sampleco.test,Aisha Garcia,Casey Sato,,,,Reese Ashby,"51,200",TAG-8700,,Beta,Past Customer,Discussed timeline and next steps with the account.,Horizon Retail Group,Harbor Ventures LLP,Active,Alpha,Canada,,,,Scheduled a check-in for the coming month.,Enterprise,,,REF-3574,N,Agriculture,,,,,,,,Beta,,,Inbound Call,TAG-1534,,Reese Ivanov,SKU-5298,TAG-8990,,,,,Delta,,SKU-7777,LOT-8540,,Standard,,,,,Marco Larsson,,Florida,Y,,REF-1441,,,,,,LOT-1720,5589,100001,Company,100109,liam.calder@demomail.test,Elena Ivanov,2024-09-23 12:36:00,noah.ivanov@demomail.test,Sofia Silva,2025-09-22 15:36:00,jordan.blake@acme-fake.test,Avery Whitfield,2023-06-15 11:56:00,riley.kim@acme-fake.test,,2024-02-19 07:04:00,N,,100001,100001,100001,,100001,100001,100001,100001,,100001,100001,100001,100001,100001,,100001,2025-09-11 16:39:00,6998,7944,Gamma,Standard,Alpha,SKU-3527,1768,1550,2125,4814,5860,Standard,2024-05-02 00:15:00,8951,444,Beta,Delta,Other,Other,3688,734,2171,5415,3969,Other,2025-10-12 09:46:00,,4163,,,Other,,4012,3962,,6380,1107,,2023-10-27,,4633,,,,,,4507,,,,,2023-01-15,,,,LOT-2266,,,,,9867,,,,2024-11-02,,,,REF-9460,,,,,,,,,2025-09-05,4306,,,,,TAG-2612,,,,,,,2022-12-25,3683,,,LOT-7229,,REF-8907,,,,,,,Noted a concern to revisit at the next sync.
,TAG-2472,Rowan Mercer,Elena Ashby,,,TAG-5737,LOT-2206,SKU-7678,,,,,,,drew.nguyen@examplecorp.test,,Casey Patel,,,,,,SKU-6178,,,Active Customer,Resolved the outstanding question about scope.,Redwood Industries Ltd,Delta Dynamics,Inactive,Alpha,Canada,,,,Discussed timeline and next steps with the account.,Enterprise,,,,N,Financial Services,,,,,,,,,,,Referral,TAG-3317,SKU-8696,Chen Rossi,SKU-8667,,SKU-5840,,,,Other,,SKU-3387,REF-7815,,,,,,,Priya Cohen,,California,Y,REF-7192,LOT-5233,,,,,,LOT-6221,,100001,Company,100112,arjun.cohen@examplecorp.test,Taylor Cohen,2026-01-24 05:08:00,avery.ford@sampleco.test,Aisha Ivanov,2024-11-22 10:47:00,priya.whitfield@demomail.test,Casey Ivanov,2023-05-21 16:59:00,jordan.rossi@demomail.test,Priya Calder,2023-10-17 17:03:00,Y,100001,100001,100001,100001,100001,100001,100001,100001,100001,100001,100001,100001,100001,100001,100001,100001,100001,2024-08-27 11:08:00,6010,5158,Gamma,Other,Delta,TAG-9288,8585,9388,8813,998,564,Beta,2024-01-25 04:01:00,183,5443,Beta,Standard,Alpha,Other,7017,4171,2246,4389,452,Alpha,2025-11-21 09:41:00,,,,REF-9175,Beta,,3901,,,,,,2022-10-01,2861,,,TAG-7195,Delta,,,,,,,,2025-05-03,,,,,,,,,,,,,2024-05-03,,,,,,,,,,7229,,,2024-04-12,9517,,Gamma,,,,,,,7347,7601,,2024-03-30,,,,REF-4736,,,,,,,,Delta,Discussed timeline and next steps with the account.
,,Noah Cohen,Diego Sloan,,,SKU-8627,TAG-6893,,SKU-7968,,TAG-9890,SKU-1808,,,nina.ford@sampleco.test,,Alex Brooks,,,TAG-8007,,,REF-2694,,,Past Customer,Scheduled a check-in for the coming month.,Cobalt Ventures Group,Copper Systems Group,Active,Other,Mexico,,,,Followed up on the open items from last week.,Renewal,,,,N,Energy,,,,,,,,,,,Inbound Call,SKU-3401,REF-9189,Nina Sloan,SKU-5253,LOT-9231,,6285,,,Beta,,LOT-6494,REF-7780,,Delta,,,,,Nina Blake,,Georgia,Y,,SKU-2443,,,,,,REF-7355,2010,100001,Company,100115,arjun.mercer@acme-fake.test,Nina Okafor,2024-07-17 00:17:00,yara.larsson@examplecorp.test,Reese Ford,2024-10-06 13:55:00,alex.haddad@demomail.test,Diego Mensah,2022-12-09 21:09:00,jordan.calder@examplecorp.test,,2025-06-22 06:44:00,N,100001,100001,100001,100001,100001,100001,100001,100001,,100001,,100001,,100001,100001,100001,100001,2023-05-21 07:04:00,8144,6300,Gamma,Beta,Delta,LOT-8945,9382,8415,7495,9185,1936,Other,2025-06-03 12:23:00,4524,6927,Other,Gamma,Standard,Other,8062,9168,7331,5750,2461,Beta,2023-10-12 01:49:00,,,,,Other,,,,,,595,,2024-06-28,,,,,,,,,,,,,2024-09-06,,,,,,,,,,,,,2024-04-24,,,,,,,,7791,,,,,2025-10-06,,,,,Other,,,,,,,,2023-12-30,,,,,,,,,,,,,Noted a concern to revisit at the next sync.
,,Quinn Whitfield,Emerson Sloan,,,TAG-1165,,REF-8960,,,,REF-9881,TAG-5969,,elena.larsson@acme-fake.test,,,,,SKU-1418,Alex Brooks,,SKU-5728,,,Active Customer,Followed up on the open items from last week.,Brightpath Partners Corp,Beacon Industries,Active,Delta,Mexico,Beta,,,Resolved the outstanding question about scope.,SMB,,,LOT-6061,Y,Healthcare,,,,,,,,,,,Inbound Call,TAG-9428,,Rahul Brooks,SKU-3985,SKU-5633,TAG-4482,199,,,Delta,,SKU-6571,SKU-3484,,,,,,,Aisha Garcia,,Illinois,N,,LOT-3106,,,,SKU-5955,,SKU-2718,5266,100001,Company,100117,omar.ashby@examplecorp.test,Skyler Sloan,2023-05-02 12:24:00,emerson.ivanov@demomail.test,Drew Okafor,2024-04-14 19:44:00,aisha.ashby@acme-fake.test,Elena Patel,2025-11-07 14:26:00,marco.silva@acme-fake.test,,2024-02-10 14:14:00,Y,,100001,100001,100001,100001,,100001,100001,100001,,,100001,100001,100001,100001,,100001,2022-10-20 16:23:00,6407,8260,Standard,Beta,Beta,LOT-3122,2641,137,5344,3534,730,Other,2025-10-14 17:18:00,4946,8019,Other,Other,Delta,Delta,8636,8182,7915,7473,7449,Delta,2023-07-15 10:10:00,,,,,,,,,,,4600,,2025-08-16,,2118,Alpha,,,,,,,,,,2025-05-14,,,Delta,,,,,,,,4799,,2024-04-10,,,,,,,,,,,,,2026-03-06,,,,,,,,,,,,Alpha,2025-10-28,2412,,,,,,,,,,,,Scheduled a check-in for the coming month.
,,Riley Ivanov,Omar Cohen,,,REF-9507,SKU-3111,LOT-5996,,,,,,,chen.dorsey@acme-fake.test,,Priya Mercer,,,TAG-7127,,,LOT-2214,,Other,Active Customer,Resolved the outstanding question about scope.,Falcon Systems LLP,Silverline Networks,Active,,United Kingdom,,,,Noted a concern to revisit at the next sync.,New Logo,,SKU-1215,,Y,Agriculture,,,,,,Gamma,,,,,Partner,TAG-5284,,Rowan Blake,TAG-1136,SKU-5347,SKU-3113,,,,,,,LOT-9336,,Delta,,,,,Omar Larsson,,Colorado,Y,,SKU-9812,,,,,,REF-7976,,100001,Company,100118,avery.ashby@examplecorp.test,Mei Rossi,2026-03-18 18:19:00,quinn.dorsey@examplecorp.test,Avery Mensah,2022-11-03 20:37:00,elena.ivanov@examplecorp.test,Nina Whitfield,2023-02-18 03:53:00,reese.ford@acme-fake.test,,2024-09-21 04:09:00,N,100001,100001,,100001,100001,100001,100001,100001,100001,,100001,,100001,100001,100001,100001,100001,2025-06-03 11:59:00,1030,2722,Alpha,Standard,Beta,REF-6458,6023,7074,6282,1235,8018,Gamma,2026-04-10 14:17:00,5690,7070,Beta,Gamma,Standard,Standard,1955,2771,8982,201,8794,Standard,2024-01-25 09:14:00,,,,,,,,,,,,,2024-05-14,,,,,Beta,,,,,5027,,,2025-05-19,,,,,,,,2564,,,,,2022-11-16,,,,,,,75,,,,,,2024-02-11,4449,,,,,,,,,,,,2026-03-17,,,,,,,,,,,2077,,Noted a concern to revisit at the next sync.
,,Chen Reyes,Rahul Vance,,,SKU-1474,,SKU-3012,LOT-7848,REF-5736,REF-9262,,LOT-9542,,jamie.haddad@examplecorp.test,Liam Okafor,Yara Calder,,,,,,TAG-1447,,,Active Customer,Noted a concern to revisit at the next sync.,Evergreen Financial Group,Delta Networks LLP,Inactive,Beta,Australia,,,,Shared the updated proposal for review.,SMB,,,LOT-8714,N,Retail,,,,,,,,,,,Website,TAG-5105,LOT-8770,Liam Cohen,REF-7817,LOT-2049,,,,,Gamma,,SKU-5036,SKU-6348,,Standard,,,,,Liam Ivanov,,Texas,Y,,LOT-8110,,,,,,SKU-9814,1197,100001,Company,100119,reese.sloan@demomail.test,Mei Whitfield,2024-11-19 07:24:00,elena.ivanov@acme-fake.test,Alex Ashby,2025-01-30 07:01:00,riley.mensah@acme-fake.test,Casey Okafor,2025-05-04 05:27:00,marco.dorsey@acme-fake.test,,2026-04-10 17:26:00,Y,100001,100001,100001,,,100001,100001,100001,100001,100001,100001,100001,,100001,100001,100001,100001,2023-12-31 22:46:00,2601,5243,Beta,Beta,Gamma,TAG-9049,9320,2762,3674,3429,8354,Alpha,2023-03-23 00:22:00,1566,7410,Other,Alpha,Delta,Delta,1058,8766,4091,6364,3475,Beta,2023-05-01 07:38:00,3649,2903,,,,,3746,,,5093,,,2026-02-27,,,,,,,,,,,7059,,2025-07-04,,,,,,,,,,1461,,,2025-02-01,,,,,,,,,,,,,2026-07-05,,,Other,TAG-6423,,,,,,,,,2024-01-23,,,,,,,,,,,,,Aligned on billing and renewal terms.
,,Yara Dorsey,Morgan Ivanov,,,LOT-1228,REF-1246,TAG-6650,,,,,,,drew.silva@demomail.test,Liam Costa,,,,SKU-1238,,,LOT-2607,,,Referral Partner,Noted a concern to revisit at the next sync.,Brightpath Solutions Corp,Ironwood Group Inc,Active,Standard,Australia,,,,Discussed timeline and next steps with the account.,SMB,,REF-7219,,Y,Construction,,,,,,,N,,,,Event,LOT-7367,REF-3683,Yara Whitfield,REF-7510,LOT-1356,,9650,,,Other,,,TAG-2653,,,,,,,Reese Costa,,Texas,N,,LOT-1282,,,,,,,7904,100001,Company,100120,skyler.ford@demomail.test,Drew Garcia,2024-01-04 06:12:00,rahul.larsson@examplecorp.test,Rowan Blake,2025-12-20 04:30:00,quinn.costa@acme-fake.test,Riley Cohen,2024-12-22 14:07:00,morgan.reyes@acme-fake.test,,2024-10-08 18:02:00,Y,100001,100001,100001,100001,100001,100001,100001,100001,,100001,,100001,100001,,100001,,100001,2024-01-01 16:41:00,6406,6648,Other,Gamma,Delta,LOT-1784,2888,4388,7825,4772,297,Alpha,2024-04-13 16:10:00,7486,7514,Gamma,Alpha,Standard,Other,2087,1828,8722,5302,5185,Alpha,2022-12-18 12:09:00,3747,,,,Gamma,,,7303,7088,,,Delta,2023-06-25,,,,,Other,,,,,8155,,,2026-04-10,,,,,,,,,,,,,2026-03-25,,,,,,,,,,,8457,,2024-01-12,,,,LOT-9165,,,,,,,9694,,2026-04-12,2445,,Alpha,,,,,,,,2223,,Noted a concern to revisit at the next sync.
TAG-7818,,Liam Kim,Emerson Ivanov,,,TAG-9347,SKU-6559,,REF-4348,,,,,,rowan.nguyen@demomail.test,,,,,LOT-2779,,,SKU-1101,,,Active Customer,Noted a concern to revisit at the next sync.,Pioneer Logistics Corp,Ironwood Solutions Group,Active,Alpha,Australia,,,,Scheduled a check-in for the coming month.,Enterprise,,,,Y,Logistics,,,,,,,,,,,Inbound Call,LOT-8710,,Jamie Garcia,REF-7013,LOT-4499,,6156,,,Standard,,SKU-9582,TAG-5848,,Gamma,,,,,Arjun Reyes,Scheduled a check-in for the coming month.,Washington,Y,,TAG-3072,,,,,TAG-9707,TAG-9003,,100001,Company,100121,taylor.kim@acme-fake.test,Rahul Dorsey,2022-12-22 18:29:00,omar.mensah@demomail.test,Nina Calder,2025-12-15 07:12:00,alex.blake@examplecorp.test,Arjun Okafor,2022-10-03 19:17:00,mei.silva@examplecorp.test,,2023-10-14 21:47:00,Y,,100001,100001,100001,100001,100001,100001,100001,100001,,100001,100001,,100001,100001,,100001,2024-05-24 19:40:00,9131,3338,Alpha,Gamma,Standard,SKU-9578,6979,3578,4748,5137,9201,Alpha,2023-07-01 21:58:00,9260,6956,Standard,Beta,Gamma,Gamma,9261,9801,1797,7979,8645,Standard,2025-10-02 12:30:00,,7301,,,,,3766,,,,,,2025-01-26,,,,LOT-2835,,,,,,1375,8034,,2022-10-30,,,,,,,,3690,,,,,2024-04-29,,,,,,LOT-2592,,,,,,,2023-11-02,,,,,,,,,,5433,,,2024-06-13,4463,,Gamma,,LOT-3665,,,5451,,,,,Aligned on billing and renewal terms.
,,Yara Ivanov,Mei Larsson,,,SKU-5146,TAG-4805,LOT-8592,LOT-1816,REF-2300,REF-9989,TAG-4861,,,alex.ivanov@examplecorp.test,,Drew Brooks,,,,Rahul Brooks,,REF-9032,,,Active Customer,Discussed timeline and next steps with the account.,Everest Textiles Co,Pioneer Solutions Co,Active,Other,Mexico,,,,Scheduled a check-in for the coming month.,Standard,,,,Y,Healthcare,,,,,,,,,,,LinkedIn,LOT-2531,TAG-1433,Morgan Ashby,TAG-5063,,,,,N,Alpha,,LOT-5242,TAG-1173,,Alpha,,,,,Marco Dorsey,Discussed timeline and next steps with the account.,Texas,Y,,SKU-2885,,,,,LOT-9667,REF-7693,2922,100001,Company,100123,aisha.haddad@examplecorp.test,Yara Blake,2023-06-09 10:40:00,jordan.sloan@acme-fake.test,Chen Vance,2024-08-28 13:17:00,taylor.sloan@sampleco.test,Riley Garcia,2022-11-13 05:07:00,taylor.garcia@demomail.test,Rahul Blake,2024-10-30 06:03:00,Y,100001,100001,100001,100001,100001,,100001,100001,100001,100001,100001,100001,100001,100001,100001,,100001,2024-12-26 20:54:00,5357,7538,Other,Gamma,Beta,SKU-4276,2846,769,4728,3983,1830,Gamma,2024-04-04 05:21:00,5851,6465,Alpha,Standard,Delta,Beta,845,457,6358,9214,6039,Other,2024-07-18 11:15:00,,,,,,SKU-9277,,,,,,,2024-10-28,,,,,,,,,,,,,2025-05-26,,,,,,,,,,,,,2024-04-28,,,,,,,,,,,,,2025-03-19,,,,SKU-1086,,,4039,,,,5888,,2024-01-07,,,,,,,,,,,,,Noted a concern to revisit at the next sync.
,,Quinn Reyes,Diego Sloan,,,SKU-6963,SKU-7611,,,REF-3760,,,,,elena.patel@examplecorp.test,,Avery Reyes,,,,Reese Cohen,,SKU-5135,,,Past Customer,Noted a concern to revisit at the next sync.,Harbor Industries Group,Granite Robotics Inc,Active,Alpha,United States,Gamma,,,Reviewed performance and gathered feedback.,SMB,,SKU-1647,,N,Real Estate,,,,,,,,,,,Referral,REF-6843,,Aisha Silva,,TAG-5249,,,,,Alpha,,SKU-7880,REF-7940,,,,,,,Morgan Mensah,Resolved the outstanding question about scope.,Ohio,N,,SKU-3146,,,,,,TAG-8686,,100001,Company,100125,priya.calder@examplecorp.test,Jordan Haddad,2023-03-14 02:13:00,alex.nguyen@examplecorp.test,Aisha Mercer,2024-02-10 15:29:00,mei.mensah@acme-fake.test,Drew Reyes,2026-03-17 06:51:00,rahul.kim@sampleco.test,,2026-07-21 19:14:00,N,100001,100001,100001,100001,100001,100001,100001,100001,100001,,100001,100001,,100001,100001,,100001,2026-04-07 01:59:00,1475,5059,Standard,Standard,Gamma,TAG-9257,2503,6022,3043,2823,1305,Other,2025-02-13 19:00:00,394,9696,Delta,Standard,Delta,Beta,6368,7449,7764,3602,1662,Standard,2025-09-15 16:56:00,,,,,,SKU-7584,,7265,,,,,2023-11-25,,3980,,,,,,5264,,,,,2022-12-27,7686,1860,,,,,,,,2632,,,2022-11-18,,,,,,,8706,,,,,Delta,2026-06-18,,,,,,,9017,,,,,,2025-03-02,,,,,,,,,,,,,Aligned on billing and renewal terms.
,,Nina Haddad,Emerson Ford,,,LOT-4904,LOT-3049,,TAG-8766,,,LOT-9992,,Beta,rowan.garcia@demomail.test,Elena Blake,,,,,,,,,,Active Customer,Reviewed performance and gathered feedback.,Northwind Health,Copper Ventures,Active,Delta,United Kingdom,,,,,Enterprise,,,,,Logistics,LOT-1788,,,,,,,,,,Website,TAG-2026,,Rowan Mercer,,,SKU-4349,,,,Alpha,,LOT-1527,SKU-2663,,,,,Beta,,Emerson Haddad,,Arizona,Y,,REF-2446,,,,,,SKU-2420,1702,100001,Company,100128,liam.silva@examplecorp.test,Omar Mensah,2023-02-12 03:37:00,chen.nguyen@acme-fake.test,Jordan Sato,2026-02-24 15:15:00,avery.ivanov@examplecorp.test,Riley Costa,2022-11-30 20:02:00,diego.silva@demomail.test,Yara Okafor,2024-04-18 08:12:00,N,100001,100001,100001,100001,100001,100001,100001,100001,,100001,100001,100001,100001,100001,100001,,100001,2023-09-13 05:36:00,9476,3098,Standard,Beta,Alpha,SKU-5685,7216,4042,389,7208,8036,Other,2026-02-13 12:49:00,7526,3595,Standard,Gamma,Gamma,Delta,6675,2147,6623,9973,8322,Other,2023-09-30 20:32:00,7770,7021,,,,,,5833,,2313,1442,,2022-10-21,,,,,,REF-9737,4095,,651,5891,,Gamma,2026-02-01,,,,,,,,,,,,,2022-10-13,,,Delta,,,,,,5530,,,,2023-06-03,,,,,,,3497,7607,8044,,,,2023-05-19,,,,LOT-3108,,TAG-4863,,,6935,4623,,,Shared the updated proposal for review.
,,Noah Okafor,Morgan Ivanov,,,REF-5805,LOT-1774,,,,,,TAG-9701,,arjun.mercer@examplecorp.test,,,,,,Skyler Sato,,REF-9402,,,Active Customer,Aligned on billing and renewal terms.,Northwind Health LLC,Atlas Robotics LLP,Active,Standard,United States,,,LOT-1848,Scheduled a check-in for the coming month.,New Logo,,LOT-9410,,Y,Media,,,,,,,,,,,Event,,,Fatima Nguyen,REF-2954,TAG-5362,,8070,,,Gamma,,LOT-2412,LOT-8159,,,,,,,Sofia Okafor,,Washington,N,,LOT-9721,,,,,,REF-2817,2674,100001,Company,100130,emerson.costa@acme-fake.test,Arjun Nguyen,2023-12-15 15:54:00,diego.mercer@demomail.test,Alex Whitfield,2024-12-15 05:40:00,chen.whitfield@sampleco.test,Drew Ivanov,2022-11-17 10:32:00,arjun.sloan@sampleco.test,Jamie Kim,2026-05-30 18:16:00,N,100001,100001,100001,100001,100001,,100001,100001,100001,100001,100001,100001,100001,100001,100001,100001,100001,2026-02-17 22:13:00,1101,1286,Alpha,Other,Gamma,TAG-6946,5450,373,8756,2991,2630,Other,2023-04-21 20:47:00,1220,9589,Alpha,Other,Other,Gamma,6240,1749,2316,9886,2799,Gamma,2022-12-29 10:10:00,,4739,,LOT-3539,Other,,,2107,3388,,,,2024-06-29,7543,2780,,,,,,,,,,Gamma,2026-03-22,,,,,LOT-9216,,,,,,,,2024-09-28,,,,,,SKU-4308,,,,,,,2026-02-18,,,Alpha,REF-4283,,,,,,,,,2024-03-04,2526,,,,,,,827,,,9689,,Scheduled a check-in for the coming month.
,,Mei Nguyen,Riley Kim,,,SKU-7129,REF-7178,LOT-5608,TAG-2533,LOT-7727,,,,Delta,jamie.reyes@sampleco.test,Marco Brooks,,,,,,,REF-9022,,,Past Customer,Resolved the outstanding question about scope.,Cobalt Labs Inc,Atlas Dynamics Ltd,Active,,United Kingdom,,,,Scheduled a check-in for the coming month.,SMB,,,SKU-3923,N,Real Estate,,,,,,,,,,,Cold Outreach,REF-8954,,Omar Haddad,TAG-9009,,LOT-1347,4958,,,Standard,,SKU-4393,REF-4986,,Gamma,,,,,Quinn Dorsey,,Illinois,N,,REF-3482,,,,,LOT-8435,TAG-4322,4620,100001,Company,100133,nina.garcia@demomail.test,Aisha Sloan,2024-12-31 00:28:00,jordan.kim@examplecorp.test,Yara Haddad,2025-11-17 14:29:00,diego.larsson@examplecorp.test,Arjun Ashby,2025-08-04 18:29:00,nina.ashby@sampleco.test,,2024-12-08 05:08:00,Y,100001,100001,100001,100001,100001,100001,100001,100001,100001,100001,,100001,100001,100001,100001,100001,100001,2023-08-19 09:24:00,604,8756,Delta,Delta,Gamma,SKU-4203,1905,9310,3853,428,8729,Other,2023-12-17 12:23:00,3167,1342,Alpha,Alpha,Standard,Standard,8204,3429,7494,6506,3822,Gamma,2023-03-18 10:11:00,,,,REF-3079,Beta,REF-7497,,,,,,,2025-04-15,9884,,,SKU-4962,,,,,,,,,2025-02-06,,5437,,,,,,,,,,,2024-10-28,8865,,,,,,2640,,,,,Other,2023-01-03,,,,,Beta,,,,,,,,2024-08-06,,,,,,,,,,,,,Followed up on the open items from last week.
,,Emerson Reyes,Jamie Silva,,,TAG-4726,,REF-8875,TAG-7014,,,,TAG-2714,,quinn.brooks@sampleco.test,Taylor Okafor,,,,,,"81,994",TAG-2881,,,Active Customer,Discussed timeline and next steps with the account.,Horizon Textiles Group,Lakeside Logistics Ltd,Active,Other,Mexico,,,,Reviewed performance and gathered feedback.,Standard,,,,N,Technology,,,,"109,586",,,,,,,Event,,SKU-8883,Avery Costa,LOT-4471,REF-8207,,3467,,,Beta,,SKU-3855,,,Other,,,,,Noah Sloan,,Florida,N,,REF-8991,,,,,,REF-9673,4310,100001,Company,100134,chen.haddad@sampleco.test,Jamie Ashby,2024-11-24 02:06:00,elena.mercer@demomail.test,Jamie Rossi,2026-01-28 00:28:00,jordan.reyes@demomail.test,Omar Ashby,2025-04-09 01:03:00,riley.calder@examplecorp.test,,2023-11-20 00:07:00,N,100001,100001,100001,100001,100001,,100001,100001,,100001,100001,100001,100001,100001,100001,100001,100001,2024-12-19 16:38:00,4660,3118,Beta,Beta,Beta,REF-5755,6229,282,8389,6441,8105,Alpha,2024-11-17 05:10:00,270,6826,Delta,Gamma,Alpha,Gamma,7531,2417,9190,8475,4170,Gamma,2024-06-07 19:30:00,4590,35,,LOT-5553,,,,,,,,,2023-06-15,,,,,,,,,,,,,2023-08-17,,,,,,,,,,,,,2023-06-12,,,,LOT-5671,,REF-2764,6234,,,,,,2022-10-01,9332,,,,,,,,,,,,2026-07-15,9782,,,,TAG-6683,,,,4419,,,,Shared the updated proposal for review.
,,Drew Dorsey,Riley Ivanov,,,TAG-5470,LOT-5733,,TAG-6121,,REF-7206,,,,rahul.rossi@examplecorp.test,,,,,,,"32,223",SKU-9263,,,Active Customer,Discussed timeline and next steps with the account.,Keystone Foods Group,Cardinal Partners Corp,Active,Alpha,United States,,SKU-3747,,Reviewed performance and gathered feedback.,New Logo,,,,Y,Technology,,,,"229,217",,,,Other,,,Inbound Call,REF-7110,SKU-7826,Riley Dorsey,LOT-9383,REF-1730,REF-4792,,,,Delta,,LOT-9037,REF-4949,,Standard,,,,,Priya Ford,,Georgia,N,,REF-7252,,,,,,REF-1830,7188,100001,Company,100137,arjun.haddad@sampleco.test,Drew Mensah,2025-10-22 08:16:00,aisha.kim@demomail.test,Yara Ivanov,2025-01-07 19:17:00,arjun.garcia@demomail.test,Fatima Patel,2026-03-14 03:21:00,nina.blake@sampleco.test,Liam Rossi,2025-02-09 04:55:00,N,100001,100001,100001,100001,100001,100001,100001,100001,100001,100001,,100001,,100001,100001,100001,100001,2024-03-03 10:13:00,5858,2950,Gamma,Other,Alpha,LOT-7720,7636,3563,1514,9090,9755,Alpha,2022-10-16 17:54:00,9084,796,Standard,Other,Delta,Beta,2419,9684,4833,4669,4446,Alpha,2025-07-07 10:45:00,,8698,Other,LOT-1930,,,,,,,,,2024-01-01,,4418,,,,,,,,,9300,,2025-02-16,,,,,,LOT-5240,,2537,,4384,,,2023-01-28,,,,,,,5469,,,,,,2025-01-19,,3470,,,,,,,3648,5422,,,2025-05-13,,,,,,,4354,,,669,,Other,Discussed timeline and next steps with the account.
,,Mei Ivanov,Mei Reyes,,,SKU-8073,REF-3189,,TAG-6344,LOT-5565,REF-6054,SKU-4676,,,noah.mercer@examplecorp.test,,,,SKU-3945,,,,SKU-3800,,,Active Customer,Aligned on billing and renewal terms.,Beacon Holdings Co,Delta Networks LLP,Active,Other,Germany,,,,Reviewed performance and gathered feedback.,New Logo,,,,Y,Hospitality,,,,,,,,Delta,,,Referral,SKU-1457,,Reese Ford,SKU-1010,SKU-4701,SKU-2253,,,,Gamma,,,REF-5442,,Beta,,,,,Emerson Nguyen,,Washington,Y,,REF-1554,,,,,TAG-7462,TAG-1114,9980,100001,Company,100139,emerson.larsson@examplecorp.test,Drew Okafor,2024-12-14 10:42:00,alex.mensah@acme-fake.test,Marco Sato,2023-04-18 05:17:00,emerson.ford@examplecorp.test,Drew Kim,2024-08-22 04:31:00,yara.costa@acme-fake.test,,2024-10-23 06:54:00,N,100001,100001,100001,100001,100001,,100001,100001,,100001,100001,100001,,100001,100001,100001,100001,2023-12-02 09:35:00,5976,9824,Alpha,Standard,Standard,TAG-3510,9259,7724,3952,1089,2573,Gamma,2024-09-06 10:22:00,3149,1474,Delta,Standard,Alpha,Standard,449,1636,982,2659,8561,Other,2025-06-17 19:12:00,,,,,,,,,6560,,,,2023-07-26,,,,,,SKU-1679,,,,3456,,Gamma,2025-08-20,,,,,SKU-4278,,,,,,,,2025-11-09,,,,,,TAG-9864,,,,,,,2026-03-05,5693,,Gamma,,,,,,,,,,2024-06-20,,,,,,,,,,2241,6559,,Shared the updated proposal for review.
,,Rahul Sloan,Morgan Reyes,,,,REF-4602,,REF-3631,,,,TAG-6315,,morgan.larsson@demomail.test,Alex Ashby,,,,,,,,,,Active Customer,Noted a concern to revisit at the next sync.,Ironwood Labs Corp,Pioneer Capital,Inactive,Gamma,Philippines,,LOT-7055,TAG-6481,Aligned on billing and renewal terms.,Standard,,,,N,Media,,,,,,,,,,,Webinar,SKU-4802,,Quinn Calder,TAG-8490,LOT-2408,SKU-4506,2015,,,Delta,,TAG-9653,REF-9116,,Gamma,,,,,Morgan Okafor,,Washington,Y,,REF-7043,,,,,,REF-3440,6934,100001,Company,100140,riley.nguyen@acme-fake.test,Fatima Ashby,2026-02-23 17:33:00,emerson.costa@sampleco.test,Taylor Ashby,2023-05-12 20:57:00,arjun.okafor@demomail.test,Mei Patel,2025-06-04 13:36:00,priya.silva@acme-fake.test,,2024-12-22 00:43:00,N,100001,100001,100001,100001,100001,,100001,100001,,,100001,100001,100001,100001,,,100001,2025-05-31 12:30:00,8806,3761,Other,Gamma,Alpha,SKU-8937,7414,3186,1246,6163,4310,Other,2026-03-15 12:53:00,2642,9131,Delta,Gamma,Gamma,Gamma,2954,7653,9027,8608,1385,Standard,2023-03-16 14:10:00,,,,,,LOT-9952,,2975,,,,,2023-07-03,,,Other,,,,,,,,,,2024-06-23,,,,REF-5645,,,,,,,,,2023-04-25,,,,,Standard,,,,,,,,2026-03-29,,,,SKU-4296,Delta,,,,,,,,2025-11-09,,,,,TAG-2685,,,,,,6146,Beta,Followed up on the open items from last week.
SKU-8580,TAG-8121,Jamie Blake,Morgan Mensah,,,REF-3901,REF-9771,TAG-4550,TAG-5450,,,SKU-7797,SKU-3664,,jordan.larsson@sampleco.test,,,,,,,,TAG-7096,,,Active Customer,Shared the updated proposal for review.,Summit Industries LLC,Cobalt Media Co,Active,Gamma,Canada,,,,Followed up on the open items from last week.,New Logo,,,LOT-9377,N,Media,,,,,,,,Gamma,,,Referral,REF-6592,LOT-3464,Jordan Dorsey,TAG-6781,,REF-2551,,,,,,,,,Beta,,,,,Yara Costa,,California,Y,,LOT-6012,,,,,,SKU-4123,6770,100001,Company,100142,liam.mensah@examplecorp.test,Chen Okafor,2025-03-27 10:53:00,rahul.whitfield@demomail.test,Jordan Vance,2024-08-10 19:42:00,alex.whitfield@sampleco.test,Yara Mercer,2023-11-18 07:28:00,priya.costa@sampleco.test,,2022-10-15 13:50:00,N,,100001,100001,100001,100001,100001,100001,100001,100001,,100001,100001,100001,100001,100001,100001,100001,2026-06-03 00:02:00,3698,595,Beta,Delta,Alpha,LOT-3399,5149,4138,2344,5499,4720,Alpha,2025-02-03 01:52:00,5126,5658,Other,Beta,Delta,Standard,713,3299,9428,9358,137,Alpha,2024-12-23 21:00:00,,,Gamma,,Beta,,402,,,,,,2024-05-13,9159,,,,,,,,,,,,2023-08-04,,,,,,,,2184,,,,Gamma,2025-12-16,,,Gamma,,,,,,,,,,2025-01-20,8594,,,,,,,4071,,,,,2025-02-16,,,Delta,,,,,,745,3790,,,Shared the updated proposal for review.
,,Liam Patel,Morgan Ivanov,,,LOT-6166,,REF-4700,,,,TAG-6598,,,elena.sato@examplecorp.test,Priya Okafor,,,,,Omar Mensah,"104,494",SKU-3852,,,Active Customer,Shared the updated proposal for review.,Granite Industries Ltd,Falcon Capital Inc,Active,Other,India,Beta,,,Discussed timeline and next steps with the account.,New Logo,,,,Y,Professional Services,,,,,,,,,,,Website,TAG-9119,,Alex Sato,LOT-7551,TAG-2368,REF-7399,,,,Other,,TAG-4853,,,,,,,,Drew Whitfield,,Washington,N,,TAG-7159,,,,,,REF-6032,326,100001,Company,100145,chen.sato@sampleco.test,Quinn Whitfield,2022-12-04 12:57:00,reese.mercer@sampleco.test,Rowan Cohen,2022-11-15 19:20:00,liam.dorsey@examplecorp.test,Taylor Costa,2024-10-21 07:15:00,sofia.haddad@demomail.test,Drew Reyes,2025-01-13 21:28:00,N,,100001,100001,100001,100001,,100001,100001,,,100001,100001,100001,100001,100001,,100001,2025-07-31 15:27:00,2491,3216,Standard,Delta,Beta,TAG-4864,7441,8452,3281,7024,1269,Beta,2024-03-27 15:28:00,2780,3886,Delta,Other,Alpha,Delta,251,9905,7475,8909,2912,Other,2024-11-03 23:37:00,,2192,,TAG-3606,,REF-2560,,,,,7627,,2026-05-15,,,Alpha,,,,,,4089,4780,,,2023-11-08,,,Other,,,,6406,,,,,,2023-04-22,5873,,,,,,4818,4849,3638,,,Standard,2023-12-05,5992,,,,,,,,,,581,,2022-11-20,,1224,,,,,,,2207,,,,Scheduled a check-in for the coming month.
LOT-1102,,Omar Silva,Aisha Calder,,,LOT-2388,LOT-2586,LOT-8580,TAG-5856,,,,SKU-6117,,rowan.okafor@examplecorp.test,,,,,REF-1756,,,,,,Referral Partner,Discussed timeline and next steps with the account.,Cobalt Solutions Group,Copper Networks LLC,Active,Other,Mexico,,,,Reviewed performance and gathered feedback.,Enterprise,,,,N,Real Estate,,,,,,,,,,,Inbound Call,TAG-1834,,Chen Garcia,LOT-7218,SKU-5862,TAG-3005,7757,,,Delta,,SKU-5773,REF-5221,,Beta,,,,,Taylor Mercer,Resolved the outstanding question about scope.,Florida,N,,,,,,,,SKU-8178,6422,100001,Company,100147,reese.sloan@demomail.test,Morgan Dorsey,2024-03-02 21:34:00,alex.brooks@acme-fake.test,Noah Sato,2026-01-21 13:50:00,reese.dorsey@acme-fake.test,Liam Rossi,2024-08-24 19:59:00,chen.kim@demomail.test,,2022-12-19 04:49:00,N,,100001,100001,100001,100001,100001,100001,100001,100001,100001,100001,100001,,100001,100001,100001,100001,2023-11-17 15:51:00,1320,8594,Standard,Other,Alpha,TAG-3220,7890,304,4968,6014,7176,Standard,2022-10-27 13:23:00,1279,7896,Standard,Other,Other,Alpha,846,3913,8099,5355,7318,Standard,2022-11-01 21:17:00,,,Beta,REF-7365,,,,,,,,,2022-11-18,,529,,,Alpha,,,8398,,,,,2023-11-14,,,Gamma,,,,,,,,508,,2026-03-03,,,,,,,,,,,4876,,2025-08-18,,,,,,,,,,7812,,,2025-08-18,,,,,,TAG-7799,,,,,,,Noted a concern to revisit at the next sync.
,,Arjun Costa,Marco Cohen,,,REF-9665,,LOT-3181,REF-1347,,,,,,rowan.ford@demomail.test,Casey Blake,Alex Calder,,,REF-6544,,,LOT-1786,,,Active Customer,Noted a concern to revisit at the next sync.,Northwind Capital Group,Blue Ridge Partners Co,Active,Other,Germany,,,,Scheduled a check-in for the coming month.,Standard,,,SKU-3112,Y,Healthcare,,,,,,,,,,,Webinar,TAG-7070,REF-9529,Emerson Reyes,SKU-3082,,SKU-9374,,,,Other,,REF-1589,LOT-9780,,Delta,,,,,Marco Vance,,Texas,N,,TAG-5869,,,,,TAG-1106,REF-6777,,100001,Company,100149,rowan.calder@examplecorp.test,Fatima Whitfield,2023-03-13 18:57:00,jamie.mensah@sampleco.test,Noah Sloan,2024-12-12 14:33:00,riley.larsson@acme-fake.test,Diego Rossi,2025-06-25 10:33:00,sofia.cohen@examplecorp.test,,2026-05-25 23:31:00,N,100001,100001,100001,100001,,,100001,100001,100001,,100001,100001,100001,100001,100001,100001,100001,2025-06-17 19:41:00,1140,7009,Delta,Delta,Delta,REF-9746,2503,6234,6403,6368,5571,Other,2023-11-18 18:59:00,7017,6239,Other,Delta,Beta,Other,9466,8787,7056,9434,4296,Gamma,2026-04-22 15:20:00,,,,,Other,,,9295,,7735,,Delta,2024-10-15,,,Beta,,,,,,,,,,2025-04-13,,,,,,,,,,,,,2024-04-25,9201,,,,,,,,,,,,2023-06-20,,,,,,SKU-7793,,1121,4348,,,,2025-12-05,,,,,,,,,,,,,Scheduled a check-in for the coming month.
,,Quinn Mensah,Rowan Calder,,,LOT-7706,,SKU-3084,REF-3252,,,,SKU-6666,,marco.garcia@demomail.test,,,,TAG-4946,,,,TAG-7813,,,Active Customer,Reviewed performance and gathered feedback.,Meridian Media LLC,Copper Industries Co,Active,Delta,India,Other,,,,New Logo,,,,N,Hospitality,,,,,,,,,,,Referral,LOT-4589,,Nina Larsson,REF-6763,REF-1482,TAG-4850,,,,Delta,,TAG-5976,LOT-2979,,Alpha,,,,,Mei Ivanov,,Arizona,Y,,SKU-9246,,,,TAG-3177,,LOT-8604,,100001,Company,100152,liam.brooks@examplecorp.test,Skyler Cohen,2023-04-15 22:23:00,priya.kim@examplecorp.test,Elena Patel,2024-01-30 11:03:00,arjun.sato@sampleco.test,Quinn Sato,2023-08-11 00:32:00,sofia.patel@demomail.test,,2023-04-18 10:03:00,N,,100001,100001,100001,100001,100001,100001,100001,,100001,,100001,100001,100001,100001,100001,100001,2023-10-06 22:55:00,7699,8646,Delta,Alpha,Alpha,SKU-4150,9020,8342,1572,6719,8717,Other,2023-04-08 09:27:00,1890,3329,Other,Standard,Gamma,Other,6019,5218,2996,190,1157,Delta,2025-08-31 01:25:00,,7890,,,,,,,,,,,2023-02-26,,,,,,SKU-1109,,,,,1481,,2025-08-09,,,,,,REF-9137,,,,,,,2023-08-05,,,,TAG-5879,Alpha,,,,,,,,2023-08-21,,,,,Alpha,,,,,,,,2026-06-15,,5605,,,,,,,3192,,,,Followed up on the open items from last week.
,,Nina Ashby,Jamie Ivanov,,,REF-3388,REF-6159,SKU-6754,TAG-7641,,,TAG-2463,TAG-8153,Beta,taylor.calder@acme-fake.test,,,,,,,,SKU-3788,,,Active Customer,Followed up on the open items from last week.,Northwind Retail Corp,Vertex Dynamics Ltd,Active,Standard,Germany,,,,Scheduled a check-in for the coming month.,Renewal,,,,N,Real Estate,,,,,,,,,,,Website,,,Avery Haddad,,REF-5508,LOT-1271,4778,,,Alpha,,TAG-2930,REF-8334,,Beta,,,,,Drew Nguyen,,Washington,N,,TAG-7562,,,,,,SKU-1668,486,100001,Company,100153,marco.sloan@examplecorp.test,Alex Brooks,2024-03-05 22:54:00,arjun.larsson@acme-fake.test,Aisha Ford,2026-04-01 02:31:00,fatima.ivanov@examplecorp.test,Rahul Garcia,2025-08-26 05:17:00,taylor.silva@sampleco.test,,2025-01-01 19:38:00,N,100001,100001,100001,100001,100001,100001,100001,100001,100001,,100001,100001,100001,100001,100001,,100001,2024-01-25 13:22:00,1185,8482,Delta,Beta,Alpha,REF-2851,5995,9915,3487,6889,2909,Gamma,2026-04-11 22:17:00,9071,635,Alpha,Other,Standard,Standard,1854,9482,2417,236,9822,Standard,2023-07-13 11:39:00,,1120,Standard,,,,4183,9848,,,,,2025-09-19,,,,,,,,9497,,,6519,Standard,2024-11-20,,9638,,,,,,,74,,,,2023-02-20,,,,,,,,,,,,,2023-02-17,,,Gamma,,,,,,,,,,2023-01-26,,,,,,REF-8014,,,,,,,Followed up on the open items from last week.
REF-2782,SKU-5708,Skyler Blake,Emerson Brooks,,,REF-6207,,,LOT-7911,,,,,,chen.vance@sampleco.test,Diego Kim,,,SKU-2072,,Jamie Calder,,,,,Active Customer,Shared the updated proposal for review.,Horizon Labs,Atlas Manufacturing,Active,Other,Germany,,,,Followed up on the open items from last week.,New Logo,,,,N,Technology,,,,,,Other,,,,,Referral,LOT-7663,,Omar Blake,SKU-7119,SKU-1720,REF-2715,,,,Beta,,LOT-2065,REF-2872,,Other,,,,,Fatima Ivanov,,Colorado,N,,TAG-7967,,,,,,SKU-6174,,100001,Company,100155,drew.nguyen@examplecorp.test,Marco Ivanov,2025-04-05 12:51:00,drew.dorsey@acme-fake.test,Mei Ashby,2024-12-21 22:09:00,reese.cohen@examplecorp.test,Fatima Ivanov,2026-01-07 17:26:00,aisha.vance@sampleco.test,,2025-06-07 03:17:00,Y,,100001,100001,100001,,100001,100001,100001,100001,100001,,100001,100001,100001,100001,100001,100001,2026-02-13 12:10:00,2664,2469,Gamma,Beta,Other,REF-9453,942,3626,5694,7638,3481,Alpha,2024-05-12 18:21:00,8940,931,Delta,Delta,Other,Beta,2826,1203,8505,804,8748,Beta,2023-07-05 05:51:00,,,,TAG-6260,Alpha,,,,,,,,2026-06-17,,4795,,,,,,,4334,,2361,,2024-04-30,,,,,,,,,,,,Gamma,2025-10-29,,2974,,SKU-7051,,,,,,,,,2022-12-12,,,,,,,4989,,8726,,,,2023-04-30,,,,,,,1159,,,,9070,,Discussed timeline and next steps with the account.
,,Priya Brooks,Noah Sloan,,,SKU-3819,REF-9132,,REF-3836,,,,,,omar.silva@examplecorp.test,,Reese Sloan,,,,,,LOT-6056,,,Past Customer,Aligned on billing and renewal terms.,Northwind Textiles Ltd,Atlas Manufacturing LLP,Active,Standard,Canada,,,,Noted a concern to revisit at the next sync.,Renewal,,LOT-2637,,Y,Real Estate,REF-7112,,,,,,,,,,Inbound Call,TAG-8211,REF-9752,Sofia Haddad,TAG-5086,LOT-6676,,,,,Beta,,REF-6117,REF-9176,,Delta,,,,,Marco Mercer,,New York,N,,REF-6070,,,,,,SKU-9872,6132,100001,Company,100156,aisha.blake@demomail.test,Drew Patel,2025-10-27 02:48:00,arjun.brooks@sampleco.test,Skyler Brooks,2026-04-20 15:36:00,liam.mensah@demomail.test,Nina Nguyen,2024-08-14 00:15:00,diego.silva@examplecorp.test,Jordan Ford,2023-08-13 20:51:00,Y,100001,100001,,100001,100001,,100001,100001,100001,100001,,100001,,100001,100001,100001,100001,2024-03-06 17:01:00,2553,8982,Standard,Delta,Gamma,SKU-5977,4009,4016,982,134,9526,Gamma,2024-02-04 21:49:00,2088,2257,Gamma,Other,Gamma,Standard,2611,245,5074,2798,8054,Beta,2024-05-24 08:21:00,1491,,,,Beta,,,,,,,,2024-08-09,,,,,,,557,,,5744,,,2023-02-01,,,,,,,,,,,,,2026-07-15,,,,,,,,,,,,,2025-08-03,,,,,,,1938,7362,2591,,,,2025-11-10,2643,,,,REF-2874,,,,,,,,Reviewed performance and gathered feedback.
,,Nina Nguyen,Omar Whitfield,,,,TAG-1371,,TAG-4292,,,,,,casey.mercer@sampleco.test,,,,TAG-6505,,,,LOT-7694,,,Active Customer,Scheduled a check-in for the coming month.,Northwind Solutions Corp,Blue Ridge Capital LLC,Active,Other,Mexico,,,,Scheduled a check-in for the coming month.,Enterprise,,TAG-5183,,Y,Manufacturing,,,,,,,,,,,Event,,TAG-1291,Jordan Rossi,SKU-1903,REF-3090,REF-4634,,,,Standard,,TAG-9217,TAG-3054,,Delta,,,,,Taylor Dorsey,,California,N,,REF-9822,,,,,,REF-5164,1954,100001,Company,100157,marco.blake@acme-fake.test,Riley Reyes,2025-07-08 19:54:00,elena.reyes@demomail.test,Marco Kim,2022-10-09 03:40:00,nina.sloan@sampleco.test,Skyler Mercer,2024-06-07 08:11:00,taylor.patel@examplecorp.test,,2024-04-29 16:43:00,Y,100001,100001,100001,100001,100001,,100001,100001,100001,,,100001,,100001,100001,,100001,2024-04-11 09:10:00,5333,9418,Standard,Gamma,Alpha,LOT-1804,3232,879,5336,576,7323,Beta,2025-09-11 21:21:00,3183,3991,Beta,Gamma,Delta,Delta,1823,311,5975,9136,267,Alpha,2025-03-23 03:26:00,,,,TAG-5133,,,4370,,6298,3840,,Alpha,2022-12-13,,,Beta,,,,,,,,,,2025-08-19,,,,,,,,,,,,,2025-02-05,,,,,,,,,,,,,2023-10-30,,8589,,,Gamma,,2836,,,,,,2025-02-22,,,Delta,,,,,3955,,8099,,,Reviewed performance and gathered feedback.
LOT-5242,,Noah Mensah,Liam Ford,,,LOT-9882,SKU-3370,,REF-7426,,REF-7045,,,,yara.vance@examplecorp.test,,,,SKU-6028,,,"209,506",TAG-8886,,,Past Customer,Scheduled a check-in for the coming month.,Redwood Systems Corp,Brightpath Group LLC,Active,Delta,India,,,,Shared the updated proposal for review.,New Logo,,,LOT-9591,Y,Education,,,,"88,537",,,,,,,Inbound Call,LOT-6256,TAG-4401,Casey Reyes,,,,3166,,,Gamma,,TAG-9534,LOT-9433,,,,,,,Avery Garcia,,Florida,Y,,,,,,,,TAG-1922,3045,100001,Company,100158,aisha.patel@demomail.test,Riley Larsson,2022-12-17 22:54:00,fatima.okafor@examplecorp.test,Fatima Silva,2026-01-18 19:16:00,morgan.nguyen@demomail.test,Aisha Vance,2025-03-31 12:39:00,morgan.garcia@sampleco.test,Aisha Nguyen,2025-07-10 02:52:00,Y,100001,100001,100001,100001,100001,100001,100001,100001,100001,,100001,100001,100001,100001,100001,,100001,2024-02-10 15:50:00,5271,6650,Alpha,Alpha,Alpha,TAG-3785,6498,663,1063,4458,255,Delta,2025-10-30 11:37:00,4492,1207,Other,Other,Standard,Standard,9036,8573,4212,7789,3864,Standard,2026-05-23 12:58:00,,1969,Standard,,,LOT-5615,,,,,5854,Other,2024-05-19,,,,,,,,,,,,,2023-02-10,,,,,,,,,,,,,2023-05-19,,4482,,,,,,7745,,,,,2026-04-03,3958,7908,,,Standard,SKU-8688,,,,,,,2025-08-04,,,,,,,,,,,,,Reviewed performance and gathered feedback.
,REF-3642,Aisha Kim,Drew Ashby,,,LOT-9978,SKU-4546,SKU-2414,,TAG-4300,,,,,emerson.dorsey@examplecorp.test,,,,,LOT-4319,,,LOT-3712,,,Prospect,Discussed timeline and next steps with the account.,Copper Networks Ltd,Brightpath Partners LLP,Active,Beta,India,Delta,,,Aligned on billing and renewal terms.,SMB,,,,N,Manufacturing,,Delta,,,,Gamma,,,,,Event,SKU-6705,LOT-4419,Rahul Mercer,LOT-7001,SKU-5052,SKU-9451,,,,Gamma,,TAG-3629,TAG-5482,,Standard,,,Gamma,,Marco Reyes,,Arizona,Y,,SKU-4221,,,,,TAG-9495,SKU-6379,,100001,Company,100161,rahul.nguyen@examplecorp.test,Liam Ashby,2025-06-21 11:20:00,alex.calder@sampleco.test,Morgan Dorsey,2025-04-30 05:05:00,fatima.whitfield@acme-fake.test,Diego Sato,2026-02-03 16:34:00,jamie.haddad@acme-fake.test,,2023-01-12 02:39:00,Y,,100001,100001,100001,,,100001,100001,,100001,,100001,100001,100001,100001,,100001,2022-11-05 08:56:00,9378,5532,Other,Gamma,Gamma,LOT-1993,6977,9093,8313,1808,8214,Gamma,2023-04-26 15:56:00,7714,9223,Alpha,Delta,Beta,Gamma,2431,2432,1146,8332,7478,Delta,2024-03-18 20:54:00,,,,,Beta,,,,6010,,,,2023-10-24,,,,,,,,,,,3860,Delta,2023-10-22,,,,,,,,,8152,,,,2023-02-05,,,,,,,,,,,,,2022-12-06,,,,SKU-1692,,,,,5701,6681,,,2023-02-02,,,,,,,,,,,,,Noted a concern to revisit at the next sync.
,,Riley Whitfield,Casey Mercer,,,TAG-8792,,REF-8030,LOT-6382,,LOT-8928,,,,fatima.cohen@acme-fake.test,,,,SKU-6310,,,"150,090",LOT-7737,,,Active Customer,Discussed timeline and next steps with the account.,Vertex Financial,Pioneer Foods Inc,Inactive,Other,Canada,,,,Reviewed performance and gathered feedback.,SMB,,,,N,Healthcare,,,,,,,,,,,Website,,,Morgan Sato,REF-6532,TAG-6116,SKU-3398,9542,,,Delta,,TAG-7213,TAG-9607,,,,,,,Sofia Larsson,,Ohio,Y,,REF-1083,,,,,,TAG-3192,5369,100001,Company,100162,diego.mercer@acme-fake.test,Yara Rossi,2025-03-10 10:57:00,omar.mensah@examplecorp.test,Fatima Patel,2025-04-19 03:06:00,reese.cohen@acme-fake.test,Arjun Whitfield,2023-08-24 19:09:00,elena.ford@examplecorp.test,,2025-04-27 13:53:00,N,100001,100001,100001,100001,100001,100001,100001,100001,100001,100001,100001,,,100001,100001,,100001,2023-05-05 04:46:00,7364,6489,Gamma,Other,Gamma,TAG-9732,43,134,4176,5303,3358,Standard,2025-06-25 09:16:00,1846,9929,Delta,Standard,Standard,Alpha,6186,1901,9931,3229,9563,Other,2025-01-16 09:17:00,,,,,,,,6866,,,,,2023-11-16,,,,SKU-7201,,,4580,,,,7306,,2025-06-02,,,,,,,,,,,,,2023-07-17,,,,,,,,,,,,,2024-12-14,,,,,,,,,,,6511,Alpha,2023-09-06,,,,REF-1180,,TAG-6760,4491,,,,,,Discussed timeline and next steps with the account.
,,Jordan Patel,Emerson Nguyen,,,LOT-9721,,,,,,,TAG-2118,,rahul.reyes@examplecorp.test,,,,,,Alex Calder,,,"92,475",,Active Customer,Aligned on billing and renewal terms.,Pioneer Manufacturing Co,Cobalt Robotics Group,Inactive,Delta,Mexico,,,,Followed up on the open items from last week.,Enterprise,,,LOT-4290,Y,Retail,,,,,,,,,,,Webinar,,,Omar Garcia,TAG-7269,SKU-7565,,381,,,Alpha,,LOT-6798,LOT-3452,,,,,,,Quinn Okafor,,Illinois,Y,LOT-9263,TAG-2115,,,,,,REF-3544,3140,100001,Company,100165,yara.ford@examplecorp.test,Casey Reyes,2026-03-15 11:18:00,reese.haddad@acme-fake.test,Reese Whitfield,2024-05-03 23:09:00,mei.larsson@acme-fake.test,Jordan Mercer,2023-12-30 15:55:00,arjun.rossi@examplecorp.test,,2023-02-11 03:13:00,N,,100001,100001,100001,100001,100001,100001,100001,,100001,,,,100001,100001,100001,100001,2023-03-08 08:09:00,7238,6474,Beta,Standard,Gamma,LOT-6813,9232,7526,3793,9424,1615,Beta,2023-03-03 19:07:00,5899,6950,Standard,Other,Standard,Beta,882,4288,8514,6763,1539,Delta,2025-09-06 09:22:00,2654,,,,,,,5117,,2636,,,2024-03-03,,,,,Gamma,,,9271,,,,,2023-02-21,,,,,,,,,,,,,2022-11-14,5666,,,,Alpha,LOT-6774,,,,,,,2024-08-24,,,,,,,,,,,,,2024-10-30,,,,,,,6853,,,,,,Noted a concern to revisit at the next sync.
,SKU-1840,Jamie Calder,Avery Whitfield,,,SKU-5116,LOT-1937,SKU-5352,LOT-9624,TAG-7429,,REF-1617,SKU-3380,Other,morgan.silva@sampleco.test,,,,,,,,,"169,351",,Past Customer,Shared the updated proposal for review.,Brightpath Ventures,Lakeside Labs,Inactive,Gamma,United Kingdom,,TAG-2110,,Followed up on the open items from last week.,SMB,,,,N,Telecommunications,,,,,,,,,,,Inbound Call,REF-1440,REF-8503,Emerson Calder,,SKU-9202,REF-7745,,,,Alpha,,REF-4779,LOT-2503,,Delta,,,,,Taylor Rossi,,Georgia,Y,,SKU-1467,,,,,,REF-1387,2901,100001,Company,100168,omar.rossi@acme-fake.test,Emerson Mensah,2022-12-08 18:30:00,quinn.vance@acme-fake.test,Riley Blake,2024-12-31 20:30:00,rahul.kim@sampleco.test,Nina Costa,2024-09-07 16:52:00,alex.sloan@acme-fake.test,Morgan Ford,2023-03-14 20:29:00,N,100001,100001,100001,100001,,,100001,100001,100001,100001,100001,100001,100001,100001,100001,100001,100001,2023-11-18 01:06:00,5675,242,Gamma,Delta,Standard,REF-1062,7599,6258,8120,2624,2090,Other,2025-05-04 00:55:00,6940,4102,Beta,Other,Delta,Other,3962,3465,2588,3245,7132,Gamma,2024-09-01 23:30:00,,,,LOT-1112,,,,,,,,,2023-02-21,,,,,Delta,,,,9902,,,,2026-06-27,,,,,,,,,,,,,2024-03-30,,,,,,,,,,,,,2025-10-22,,,,,,,,,,,,,2022-12-31,,,,,,,1555,,3429,,,,Reviewed performance and gathered feedback.
SKU-6421,,Riley Nguyen,Priya Sato,,,LOT-2772,REF-5251,SKU-4846,,,,,,,elena.mensah@acme-fake.test,Skyler Cohen,Omar Blake,,,TAG-8144,,,SKU-7625,,,Active Customer,Resolved the outstanding question about scope.,Evergreen Financial LLC,Redwood Systems Ltd,Active,Alpha,India,,,LOT-1814,Discussed timeline and next steps with the account.,New Logo,,LOT-1702,,N,Telecommunications,,Other,,,,,,,,,Event,REF-1237,,Rowan Okafor,LOT-4316,,SKU-9972,,,,Other,,TAG-6240,TAG-4533,,Beta,,,,,Aisha Okafor,,Colorado,N,,LOT-1395,,,,TAG-8371,,SKU-7848,7200,100001,Company,100169,fatima.cohen@demomail.test,Morgan Brooks,2022-10-16 09:09:00,sofia.ashby@acme-fake.test,Avery Mercer,2025-12-02 11:06:00,skyler.sato@acme-fake.test,Marco Patel,2025-02-13 01:27:00,aisha.sloan@examplecorp.test,,2023-07-29 04:25:00,N,100001,100001,100001,100001,100001,,100001,100001,100001,,,100001,,100001,100001,,100001,2024-03-05 21:02:00,1245,567,Alpha,Other,Gamma,SKU-8114,8838,1526,9000,2577,5850,Delta,2026-05-09 21:33:00,2170,7104,Alpha,Beta,Alpha,Alpha,1020,6951,1146,1110,1943,Beta,2025-09-25 10:00:00,,,,,Alpha,,,,3595,7408,,Standard,2022-11-08,1914,,,SKU-7252,,,948,,6040,,,,2022-11-13,5620,,,,,,,,,,,,2024-10-17,,,,,,REF-1777,,,,,,,2024-10-06,,,,,,,,63,,,,,2025-03-22,,4550,,,,,,,,,,,Aligned on billing and renewal terms.
LOT-4404,,Rahul Dorsey,Skyler Mensah,,,LOT-2280,REF-7928,REF-1701,,,,,,,avery.costa@demomail.test,Diego Mensah,,,,REF-3127,,"45,921",LOT-8630,,,Active Customer,Aligned on billing and renewal terms.,Northwind Energy,Copper Manufacturing Co,Inactive,Beta,Australia,,,LOT-6769,Noted a concern to revisit at the next sync.,Renewal,,,,N,Retail,,,,,,,,,,,LinkedIn,SKU-1883,TAG-2378,Marco Rossi,REF-2335,REF-9220,SKU-6921,,,,Standard,,,,,Alpha,,,,,Drew Rossi,,Florida,N,,LOT-6790,,,,,,TAG-1821,4395,100001,Company,100172,drew.kim@acme-fake.test,Marco Ashby,2026-03-02 03:53:00,sofia.blake@examplecorp.test,Aisha Nguyen,2024-05-03 17:00:00,aisha.mensah@acme-fake.test,Riley Ford,2026-03-24 14:57:00,riley.patel@sampleco.test,Casey Garcia,2025-12-27 10:50:00,N,100001,100001,100001,100001,100001,,100001,100001,100001,,,100001,,100001,100001,100001,100001,2024-02-23 04:32:00,3553,9888,Other,Other,Gamma,LOT-5349,4566,7214,4631,1406,5533,Other,2025-04-24 05:32:00,8528,1236,Other,Standard,Other,Gamma,4360,8210,5000,1201,1108,Delta,2025-01-23 02:57:00,,,,,,TAG-8784,,5193,,,,,2025-07-24,,,,REF-3243,Other,,,,,,,,2023-03-06,,,,,,,,,,,,,2023-06-23,,,,,,,,9697,,,,Beta,2025-03-30,,,,,,,,4751,4186,,,,2024-12-27,,,,,,,,,,,,,Scheduled a check-in for the coming month.
,,Avery Mensah,Rahul Blake,,,TAG-8537,LOT-4262,,REF-8451,TAG-2650,,,,,rahul.garcia@acme-fake.test,,,,,,,"205,400",REF-2137,,,Past Customer,Resolved the outstanding question about scope.,Blue Ridge Health Inc,Northwind Holdings Co,Active,,Philippines,,,,Followed up on the open items from last week.,Enterprise,,REF-1154,TAG-4973,N,Logistics,,,,,,,,Other,,,Inbound Call,REF-7248,LOT-6800,Fatima Mensah,LOT-4674,LOT-2795,,9854,,,Gamma,,SKU-1245,REF-3145,,Alpha,,,,,Casey Calder,,California,N,,LOT-1172,,,,,,TAG-5847,4530,100001,Company,100173,mei.whitfield@acme-fake.test,Rowan Costa,2023-09-23 21:56:00,avery.larsson@demomail.test,Chen Cohen,2023-04-17 02:12:00,chen.sloan@acme-fake.test,Omar Ashby,2024-09-14 14:12:00,noah.sato@examplecorp.test,Riley Larsson,2025-01-30 23:27:00,N,100001,100001,100001,100001,100001,,100001,100001,100001,,100001,100001,,100001,100001,,100001,2024-09-23 12:21:00,5111,1261,Standard,Delta,Other,REF-2873,6606,218,4690,6362,9937,Beta,2023-02-19 18:50:00,9372,1952,Gamma,Beta,Other,Standard,5516,222,9995,6637,2986,Other,2024-02-02 04:04:00,,,Beta,,,,,9070,1520,,8262,,2024-11-19,,,,,,SKU-9717,,4764,9218,8678,,,2024-06-11,,,,TAG-3075,,,,,,,,,2024-03-23,,,,,,TAG-2169,,,,,,,2022-11-22,,,Delta,,,,,,,,,,2023-01-23,,,,,,,,,,,,,Shared the updated proposal for review.
,,Casey Patel,Yara Mensah,,,,REF-1606,LOT-5451,,,,LOT-5542,,,diego.blake@sampleco.test,,,,,,,,REF-7273,,,Prospect,Shared the updated proposal for review.,Delta Financial Corp,Cobalt Industries Inc,Inactive,Beta,United States,,,,Aligned on billing and renewal terms.,Enterprise,,,,,Logistics,,,,"125,656",,,,,,,Website,TAG-5301,LOT-7641,Sofia Ford,TAG-1726,SKU-3133,SKU-3843,4017,,,Other,,REF-9485,REF-9535,,Other,,,,,Noah Ivanov,,Ohio,N,TAG-5847,LOT-1936,,,,,,SKU-5495,2671,100001,Company,100174,emerson.cohen@sampleco.test,Fatima Patel,2023-05-09 04:23:00,chen.reyes@sampleco.test,Chen Reyes,2024-09-02 20:09:00,arjun.patel@demomail.test,Rahul Whitfield,2025-03-19 15:43:00,yara.mensah@demomail.test,,2024-07-31 14:44:00,Y,100001,100001,100001,100001,100001,100001,100001,100001,100001,100001,100001,100001,100001,100001,100001,,100001,2023-05-09 06:56:00,8269,7060,Gamma,Standard,Gamma,LOT-3586,5264,8199,9030,1153,1202,Standard,2023-02-28 03:18:00,3944,8084,Standard,Beta,Standard,Beta,8446,6930,1188,9884,3876,Alpha,2023-04-19 17:20:00,,,,,,,,,,,,,2023-07-09,,,Gamma,,Delta,SKU-6288,,,,,,,2025-04-25,,,Delta,,,,,5615,,,,,2026-01-20,,,,,,,,,,,,,2023-07-10,,2805,,,,,1647,,,,4719,,2026-06-05,,,,,,,,2147,,,,,Noted a concern to revisit at the next sync.
,,Casey Ashby,Jamie Ivanov,,,TAG-7054,,,LOT-7610,LOT-1934,,,,,mei.nguyen@demomail.test,,,,,,,,REF-1492,,,Active Customer,Shared the updated proposal for review.,Pioneer Solutions,Vertex Energy LLC,Active,Standard,Philippines,Delta,,,Followed up on the open items from last week.,SMB,,,,Y,Technology,,,,,,,,,,,Inbound Call,,,Chen Vance,LOT-6568,,,,,,Standard,,LOT-9443,TAG-6712,,Gamma,,,,,Aisha Nguyen,,Georgia,Y,LOT-3960,SKU-8834,,,,,LOT-9281,SKU-9776,5708,100001,Company,100177,morgan.ford@demomail.test,Sofia Patel,2025-10-26 10:59:00,jordan.ivanov@examplecorp.test,Skyler Ford,2025-12-24 22:54:00,jamie.blake@sampleco.test,Avery Ashby,2024-04-03 20:43:00,liam.mensah@demomail.test,,2025-12-28 14:40:00,Y,100001,100001,100001,100001,100001,100001,100001,100001,100001,100001,,100001,100001,100001,100001,100001,100001,2025-09-25 23:27:00,4088,9041,Gamma,Delta,Standard,LOT-6082,9714,8007,3430,585,436,Standard,2025-03-18 19:47:00,9338,3085,Gamma,Gamma,Other,Other,564,9817,153,2143,2424,Beta,2025-05-08 00:19:00,,,,,,,,,6772,,,Delta,2026-05-22,,,,,Beta,,,,,,,,2024-12-10,,,,,,,,,,,,,2024-09-11,,8707,,,,,,,,,6777,,2025-09-13,5918,,,,Other,LOT-8817,,,,,,,2025-02-24,,,,,,,,,,4243,280,,Reviewed performance and gathered feedback.
,,Avery Blake,Alex Dorsey,,,SKU-9063,,REF-8088,TAG-9417,,,,,,fatima.rossi@examplecorp.test,,,,,,Morgan Garcia,,LOT-1536,,,Active Customer,Reviewed performance and gathered feedback.,Summit Capital Group,Cobalt Manufacturing,Active,Alpha,Canada,,,,Discussed timeline and next steps with the account.,Standard,,TAG-9929,,N,Hospitality,,,,,,,,Gamma,,,Inbound Call,REF-2028,,Mei Sloan,REF-6040,REF-6159,,1040,,,Other,,,REF-9002,,Delta,,,,,Nina Costa,,Arizona,N,,SKU-8095,,,,LOT-9182,,REF-2878,,100001,Company,100178,diego.whitfield@acme-fake.test,Omar Patel,2026-07-12 19:43:00,rowan.costa@demomail.test,Marco Ivanov,2026-06-19 23:55:00,arjun.larsson@acme-fake.test,Jordan Mercer,2026-02-04 08:34:00,omar.calder@examplecorp.test,Quinn Haddad,2026-07-11 10:07:00,Y,100001,100001,100001,100001,100001,,100001,100001,100001,100001,100001,100001,100001,100001,100001,100001,100001,2026-04-11 00:50:00,5122,783,Delta,Standard,Delta,TAG-7194,1330,8170,2924,4915,8818,Gamma,2025-09-03 02:18:00,3296,881,Beta,Gamma,Other,Beta,2180,3444,8747,9304,5964,Standard,2026-01-19 03:33:00,,4747,,REF-2406,,,,2832,,,,,2026-01-11,6687,,,SKU-2636,,,,,,,,,2023-02-06,,,,,REF-9032,,,,,,8118,,2024-02-27,,,,SKU-8903,,,,,,,,,2025-01-07,,,,,,,,,,,,,2024-08-21,,,,,,,,8804,,,,Delta,Aligned on billing and renewal terms.
,,Drew Cohen,Sofia Costa,,,LOT-1953,SKU-9510,TAG-2012,,,REF-3248,,,,riley.rossi@demomail.test,,,,,,,"10,425",,"209,409",,Active Customer,Resolved the outstanding question about scope.,Falcon Textiles LLP,Beacon Group Ltd,Active,Gamma,Philippines,,,SKU-9696,Shared the updated proposal for review.,Enterprise,,SKU-6160,,N,Media,,,,,,,,,,,Partner,REF-2111,REF-5368,Rahul Brooks,TAG-5440,REF-2064,,,,,Delta,,REF-5050,SKU-9720,,,,,,,Sofia Calder,,Texas,Y,,TAG-2616,,,,,REF-7629,REF-4830,2261,100001,Company,100181,drew.ivanov@sampleco.test,Reese Larsson,2025-01-15 10:30:00,liam.haddad@sampleco.test,Jordan Ford,2023-01-20 09:46:00,liam.costa@examplecorp.test,Nina Ivanov,2025-07-05 12:39:00,taylor.haddad@examplecorp.test,,2024-05-16 21:52:00,N,100001,100001,100001,100001,100001,100001,100001,100001,,100001,100001,100001,,100001,100001,100001,100001,2026-05-14 15:35:00,4623,9357,Delta,Beta,Beta,TAG-8154,5180,3007,1532,80,3388,Other,2025-08-31 18:39:00,4272,4495,Beta,Alpha,Gamma,Standard,8030,4806,3270,9634,407,Alpha,2025-12-04 11:08:00,5803,,,,,LOT-1382,1743,,,,,,2024-06-26,,2793,,,,,6674,,,,,,2025-01-25,,,,,,,,,,,,,2024-01-23,8943,,,,,,,,,,,,2025-02-18,,1100,,,,,,,,,,,2023-12-24,6919,,Alpha,,,,,2265,3742,898,,,Followed up on the open items from last week.
,,Rowan Brooks,Nina Vance,,,REF-7034,LOT-9867,,,LOT-6037,REF-1409,,,,fatima.dorsey@demomail.test,,,,,LOT-6441,,"11,593",SKU-8988,,,Past Customer,Reviewed performance and gathered feedback.,Ironwood Partners LLP,Cardinal Financial Corp,Inactive,Delta,United States,,,SKU-2354,,Enterprise,,,,Y,Hospitality,,,,,,,,,,,Webinar,LOT-2004,,Quinn Ford,SKU-8450,TAG-1614,LOT-1743,,,,Delta,,REF-1227,REF-9592,,Other,,,,,Drew Calder,,Florida,N,,TAG-3364,,,,,,SKU-4067,5895,100001,Company,100182,jordan.reyes@acme-fake.test,Jamie Silva,2024-09-26 17:32:00,jordan.vance@examplecorp.test,Jamie Patel,2026-01-22 17:52:00,emerson.mercer@demomail.test,Rowan Ivanov,2022-10-24 04:34:00,jamie.haddad@demomail.test,,2025-03-12 19:29:00,Y,100001,100001,100001,100001,100001,100001,100001,100001,100001,100001,100001,100001,,100001,,,100001,2024-09-25 16:08:00,4792,2986,Standard,Beta,Standard,LOT-6335,5155,5427,122,9144,8318,Alpha,2022-12-12 23:13:00,8849,5631,Delta,Gamma,Standard,Alpha,9847,2552,5279,9215,9854,Gamma,2025-04-26 16:19:00,7454,5412,,,Gamma,,,778,6227,,,,2026-04-21,8947,,,,,,,,,8953,,,2025-07-18,794,,,,,,2454,,,6527,,,2025-06-14,,,,,,,,658,,,,,2025-11-11,,,,,,,,,,,,Standard,2023-11-04,,9918,Gamma,,,,,,,,,,Followed up on the open items from last week.
,,Chen Okafor,Rowan Patel,,,TAG-2149,,,REF-6150,LOT-2327,,,,Delta,noah.brooks@demomail.test,Rowan Silva,Diego Whitfield,,,,,,REF-5287,,,Active Customer,Reviewed performance and gathered feedback.,Cardinal Systems Inc,Redwood Media Group,Active,Standard,United States,,,,Scheduled a check-in for the coming month.,New Logo,,,SKU-7225,N,Media,,,,,,,,,,,Webinar,TAG-7716,LOT-8051,Jamie Patel,LOT-3118,LOT-8229,,3605,,,Gamma,,,SKU-1418,,Beta,,,,,Chen Haddad,,Florida,N,,REF-4262,,,,,,REF-7645,6105,100001,Company,100183,omar.dorsey@acme-fake.test,Omar Calder,2026-04-21 00:59:00,sofia.okafor@examplecorp.test,Aisha Whitfield,2025-07-03 13:06:00,sofia.haddad@examplecorp.test,Avery Okafor,2025-05-23 18:25:00,priya.rossi@sampleco.test,,2023-11-29 12:13:00,Y,100001,100001,100001,100001,,,100001,100001,100001,,,100001,,100001,100001,,100001,2026-04-05 00:38:00,5019,3392,Standard,Other,Beta,TAG-6590,173,514,1332,1103,9800,Alpha,2023-10-12 23:37:00,2894,4104,Beta,Alpha,Beta,Gamma,4675,1248,7545,7345,7072,Alpha,2024-07-16 07:02:00,161,,,REF-6308,,,,,4711,4660,,,2023-08-03,,,,,,TAG-2509,,9001,,,,,2025-01-12,,,,,,,,,,,4456,,2023-02-17,,,,,,TAG-4388,,,,,,,2026-02-09,,8714,Gamma,,,,,,,,,,2024-11-21,,,,,,,,,,,,,Aligned on billing and renewal terms.
,,Quinn Cohen,Jordan Nguyen,,,LOT-7928,SKU-2760,LOT-4486,TAG-2919,,,,,,diego.kim@demomail.test,Aisha Garcia,Rahul Dorsey,,REF-1133,TAG-2051,,,TAG-4778,,,Active Customer,Followed up on the open items from last week.,Atlas Media Inc,Northwind Partners LLP,Inactive,Standard,Canada,,,REF-9448,Scheduled a check-in for the coming month.,New Logo,,,,N,Retail,LOT-9669,,,,,,,,,,Cold Outreach,LOT-7934,,Emerson Mercer,SKU-4013,SKU-2155,,1500,,,Delta,,SKU-5941,SKU-4502,,Standard,,,,,Drew Patel,Aligned on billing and renewal terms.,Georgia,N,,LOT-8223,,,,,,TAG-4426,787,100001,Company,100185,liam.vance@acme-fake.test,Elena Kim,2023-11-07 22:52:00,avery.haddad@acme-fake.test,Avery Costa,2026-03-14 09:47:00,arjun.sato@sampleco.test,Mei Ashby,2026-02-16 19:53:00,marco.ashby@examplecorp.test,,2024-04-29 22:59:00,Y,100001,100001,100001,100001,100001,,100001,100001,100001,100001,100001,100001,100001,100001,100001,,100001,2025-01-29 08:29:00,8466,6850,Gamma,Delta,Other,LOT-7898,4475,619,1431,1474,3266,Delta,2022-11-22 12:32:00,3223,5220,Gamma,Beta,Alpha,Delta,4819,1778,2326,1716,1058,Standard,2025-11-16 07:35:00,,3549,,,,,,628,,987,,,2026-01-19,3563,,,,,,,,,,2335,,2023-01-30,,7860,,,,REF-7703,,,,,,,2023-10-25,,,,,,,,5507,,,,,2023-06-15,,,,,,,,1449,,,3398,Standard,2023-12-21,,,,,,,,,,,,,Shared the updated proposal for review.
,SKU-8677,Fatima Mercer,Nina Larsson,,,LOT-2561,TAG-3892,SKU-3408,,,,TAG-9195,,,emerson.ford@demomail.test,Emerson Ashby,,,,,,,TAG-3870,,,Prospect,Followed up on the open items from last week.,Redwood Industries,Ironwood Analytics Group,Inactive,Standard,Australia,Alpha,,,Discussed timeline and next steps with the account.,Standard,,,,Y,Hospitality,,,,,,,,Alpha,,,Inbound Call,REF-8266,SKU-4304,Fatima Dorsey,REF-7821,SKU-3493,,5776,,,Other,,,TAG-4394,,,,,,,Skyler Cohen,,Arizona,N,,SKU-3466,,,,,,SKU-4349,,100001,Company,100188,chen.silva@demomail.test,Alex Calder,2023-06-30 20:38:00,rahul.whitfield@demomail.test,Nina Mensah,2024-05-05 09:32:00,rahul.haddad@sampleco.test,Aisha Mensah,2024-08-02 03:00:00,diego.ivanov@acme-fake.test,,2024-03-24 08:52:00,N,100001,100001,,100001,100001,,100001,100001,100001,100001,100001,100001,100001,100001,100001,100001,100001,2025-12-13 04:05:00,7817,9262,Delta,Alpha,Beta,TAG-6694,9970,8471,7900,8828,5131,Alpha,2023-10-13 12:09:00,1327,2345,Standard,Beta,Beta,Other,5426,160,2658,730,6599,Delta,2024-06-15 22:51:00,,6198,,,,SKU-1261,2180,,,,,,2025-07-29,,,,,,,,,8287,,,,2026-07-16,1489,,,,,,,,,,,,2023-06-10,,,,,Gamma,,9107,,8966,,,,2024-09-08,,,,,Other,,2981,,6406,1246,,,2023-04-21,1119,,,,,,,,,,,,Resolved the outstanding question about scope.
TAG-5996,,Quinn Kim,Fatima Haddad,,,SKU-6538,REF-1446,,,TAG-4219,,LOT-1242,SKU-8028,,emerson.vance@sampleco.test,,Aisha Ford,,,,Reese Mercer,,REF-9539,,,Active Customer,Reviewed performance and gathered feedback.,Granite Energy LLC,Vertex Energy LLP,Active,Gamma,United Kingdom,,,,Noted a concern to revisit at the next sync.,Enterprise,,,,N,Technology,,,,,,,,Other,,,Referral,REF-5081,REF-2620,Rowan Ford,SKU-9845,TAG-5529,,3132,,,Beta,,SKU-8557,TAG-1436,,Standard,,,,,Elena Ford,,New York,N,LOT-2204,SKU-3746,,,,,,SKU-3584,9967,100001,Company,100191,taylor.blake@acme-fake.test,Nina Kim,2025-06-19 22:23:00,reese.patel@sampleco.test,Riley Dorsey,2025-08-31 00:02:00,sofia.brooks@sampleco.test,Omar Blake,2024-06-20 10:02:00,avery.ivanov@acme-fake.test,,2024-09-04 12:35:00,N,100001,100001,100001,100001,100001,,100001,100001,100001,,100001,100001,100001,100001,100001,,100001,2022-11-08 06:04:00,3483,2746,Alpha,Standard,Standard,SKU-2972,5996,9045,935,1871,4915,Delta,2024-07-13 04:28:00,6311,151,Standard,Beta,Standard,Beta,2573,6279,5334,6101,3291,Beta,2023-05-24 11:19:00,,,Alpha,,Alpha,,,2788,,,,,2023-11-13,,,,,,,,,,,,,2026-02-11,,2660,,,,,,,,,,,2024-10-13,,,Gamma,,,TAG-7715,,,3928,2395,,,2024-06-23,2440,,Alpha,,Standard,,,,,,,,2024-09-17,,,Delta,,,,,,,,,Other,Discussed timeline and next steps with the account.
LOT-2584,,Rowan Vance,Nina Okafor,,,TAG-7841,SKU-9343,,REF-1882,TAG-7463,TAG-7831,,,,taylor.silva@demomail.test,,,,,LOT-7256,,,REF-1562,,,Active Customer,Aligned on billing and renewal terms.,Summit Health Inc,Pioneer Health Inc,Active,Other,Mexico,,,,Shared the updated proposal for review.,Standard,,,SKU-9811,N,Hospitality,,,,,,,,,,,Event,SKU-4778,LOT-3599,Taylor Mercer,SKU-6561,LOT-2362,LOT-9718,,,,,,LOT-3415,LOT-4289,,Gamma,,,,,Drew Patel,,Georgia,Y,,SKU-5244,,,,,,SKU-3786,1175,100001,Company,100193,chen.whitfield@sampleco.test,Sofia Haddad,2024-12-03 05:14:00,reese.nguyen@acme-fake.test,Jamie Vance,2023-06-09 10:55:00,sofia.reyes@sampleco.test,Jamie Silva,2023-06-18 08:09:00,diego.larsson@demomail.test,Alex Dorsey,2024-12-15 15:52:00,Y,,100001,100001,100001,100001,100001,100001,100001,100001,100001,100001,100001,,100001,100001,,100001,2025-07-08 10:06:00,7668,6635,Other,Delta,Alpha,TAG-2697,4654,2166,2131,9586,892,Standard,2023-06-24 10:53:00,4279,629,Other,Standard,Beta,Other,39,5560,1083,7344,5519,Other,2025-02-05 08:06:00,,,,,,,2750,,,,,Alpha,2026-07-29,,,,TAG-4934,,,,3921,,6479,,,2025-11-15,,,,,,,,,,,,,2026-02-19,,,,,,,,,,,,,2025-05-11,,,Alpha,SKU-1956,Standard,,,,7206,,3900,,2023-02-08,,,,,,,,,,,,,Scheduled a check-in for the coming month.
,,Avery Blake,Yara Rossi,,,REF-8135,REF-8878,,SKU-9902,,,,,Alpha,arjun.nguyen@demomail.test,,Morgan Cohen,,,LOT-2284,Avery Patel,,SKU-7670,,,Active Customer,Followed up on the open items from last week.,Silverline Networks Ltd,Silverline Manufacturing Corp,Active,,United States,,,,Noted a concern to revisit at the next sync.,SMB,,,,N,Real Estate,,,,,,,,,,,LinkedIn,SKU-4719,,Chen Costa,REF-3314,,REF-5169,5857,,N,Standard,,REF-3867,SKU-9763,,Alpha,,,,,Sofia Blake,,Texas,Y,,LOT-5826,,,,,,LOT-5965,6992,100001,Company,100194,omar.brooks@sampleco.test,Alex Reyes,2025-11-15 17:34:00,skyler.cohen@sampleco.test,Quinn Vance,2025-10-23 15:20:00,marco.nguyen@acme-fake.test,Taylor Ashby,2024-08-30 00:32:00,alex.sato@demomail.test,,2025-08-22 18:30:00,N,100001,100001,100001,100001,100001,100001,100001,100001,100001,,,100001,100001,100001,100001,100001,100001,2025-11-16 02:17:00,6041,6204,Delta,Gamma,Other,SKU-7774,5891,7503,4314,754,5326,Delta,2023-12-13 12:31:00,7550,7043,Beta,Other,Alpha,Standard,2228,4400,1670,9546,1741,Alpha,2025-08-14 03:34:00,8457,,Delta,,,,,,3432,,,,2024-06-27,2144,,,SKU-9925,,,,,,,9787,,2024-01-16,8549,,,,,,3193,,,2194,,Standard,2026-01-03,,,,,,,8262,,,,,,2024-08-19,,,Standard,,,,,605,,,392,,2026-06-24,1956,,,,,,,,,,,,Scheduled a check-in for the coming month.
LOT-7593,,Taylor Dorsey,Noah Haddad,,,SKU-8089,,TAG-5038,LOT-8550,TAG-2014,,REF-3334,,,rahul.whitfield@acme-fake.test,,,,,,,"225,054",REF-8761,,,Active Customer,Noted a concern to revisit at the next sync.,Northwind Dynamics LLC,Silverline Textiles LLC,Inactive,Delta,Philippines,,,REF-1031,Shared the updated proposal for review.,Standard,,,,Y,Technology,,Gamma,,"30,824",,,,,,,LinkedIn,TAG-9179,SKU-6758,Casey Mensah,LOT-9053,TAG-3836,,,,,Other,,,SKU-6447,,,,,,,Quinn Dorsey,,New York,N,,REF-1681,,,,TAG-6790,,REF-2663,,100001,Company,100196,drew.dorsey@sampleco.test,Alex Sloan,2025-05-11 06:50:00,fatima.costa@demomail.test,Priya Calder,2025-10-30 05:07:00,yara.garcia@acme-fake.test,Jamie Ivanov,2024-01-05 02:18:00,morgan.rossi@sampleco.test,,2026-07-21 04:10:00,N,100001,100001,100001,100001,,100001,100001,100001,,,100001,100001,100001,100001,100001,,100001,2023-05-23 14:40:00,1880,6156,Other,Beta,Standard,REF-4426,7792,6895,7737,7804,3754,Alpha,2022-11-02 22:28:00,8156,1474,Other,Standard,Delta,Delta,2605,9779,3370,7057,1300,Beta,2023-09-22 05:32:00,,7357,Delta,,,,,,6295,,,,2026-07-29,9849,,,,,,,,,,,,2025-04-17,,,,REF-3928,,,,,,,,,2023-03-30,,,,,Beta,,,,,,,,2024-12-17,,,,,,,,,,,,,2024-11-02,,,,,,,8112,,7908,,2541,,Shared the updated proposal for review.
,,Alex Ford,Jamie Ashby,,,TAG-2151,TAG-9251,,REF-7472,SKU-2483,,,LOT-3815,Standard,diego.calder@acme-fake.test,,,,,,,,TAG-8234,,,Active Customer,Followed up on the open items from last week.,Meridian Energy Group,Harbor Textiles,Active,Other,United Kingdom,,,,Discussed timeline and next steps with the account.,Renewal,,,REF-6021,Y,Construction,,,,,,,,,,,Inbound Call,REF-3739,,Taylor Brooks,SKU-6481,REF-3487,REF-3590,486,,,Delta,,,LOT-6126,,Other,,,,,Jamie Mercer,,Ohio,N,,REF-8313,,,,,SKU-2597,TAG-4642,1316,100001,Company,100199,marco.mensah@acme-fake.test,Skyler Larsson,2024-09-29 18:42:00,jordan.blake@examplecorp.test,Sofia Calder,2024-02-22 03:22:00,skyler.blake@demomail.test,Aisha Silva,2023-07-24 21:09:00,arjun.brooks@acme-fake.test,Morgan Ford,2024-04-11 14:21:00,N,100001,100001,100001,100001,,100001,100001,100001,,100001,100001,,100001,100001,100001,100001,100001,2025-04-08 07:02:00,2653,5461,Gamma,Standard,Gamma,TAG-6520,7329,2364,8484,5000,7636,Alpha,2024-01-06 09:10:00,8916,7149,Beta,Standard,Gamma,Standard,3634,3859,6020,8605,5011,Delta,2025-07-08 22:49:00,,,,,,,,,,,,,2024-11-27,8191,,,,,,,8469,2732,,,,2026-06-20,,,,,,REF-1796,,,3535,,,,2022-12-24,,2910,,SKU-4490,,,,,,1812,,,2026-06-24,,,,TAG-6908,,,,,,5980,,,2025-03-08,,,,,,,,6234,,,,,Scheduled a check-in for the coming month.
REF-1097,,Nina Costa,Diego Calder,,,REF-2881,REF-9853,,,,,,,Standard,emerson.larsson@examplecorp.test,,,,,SKU-2225,,,SKU-6889,,,Prospect,Aligned on billing and renewal terms.,Atlas Labs Corp,Granite Retail Corp,Active,Other,Australia,,,,Followed up on the open items from last week.,SMB,,,,N,Energy,,,,,,,,,,,Website,REF-5164,TAG-5432,Morgan Mensah,,SKU-8023,REF-8951,,,N,Delta,,TAG-3868,LOT-8383,,Delta,,,,,Mei Larsson,,Florida,Y,,LOT-3269,,,,,,LOT-5126,5390,100001,Company,100200,priya.nguyen@sampleco.test,Priya Larsson,2025-06-14 08:39:00,noah.calder@demomail.test,Elena Whitfield,2023-05-01 15:35:00,yara.blake@acme-fake.test,Nina Rossi,2026-07-27 08:16:00,rahul.haddad@demomail.test,,2024-08-21 03:50:00,N,100001,100001,100001,100001,100001,,100001,100001,,100001,100001,100001,100001,100001,100001,,100001,2023-04-21 23:30:00,1341,3112,Beta,Other,Delta,REF-3456,9176,3170,7531,4195,5470,Gamma,2024-05-30 16:03:00,5946,2209,Standard,Alpha,Gamma,Beta,2751,7346,8116,1069,4992,Delta,2024-09-20 16:25:00,,5757,,,,,,,,,,,2025-03-08,,,Beta,,,,,,,,,,2023-09-03,,,,,,,,5940,,,,,2024-03-04,6049,,,,,,,,,,,,2023-12-30,,8861,,LOT-2183,,,,,,,,,2023-04-08,,,,REF-6135,,,,,,,5683,,Followed up on the open items from last week.
,,Marco Nguyen,Avery Larsson,,,TAG-1773,SKU-7322,REF-6046,TAG-9215,REF-1487,,,TAG-9489,,nina.brooks@acme-fake.test,,,,,,,"51,581",,,,Past Customer,Shared the updated proposal for review.,Granite Partners LLC,Copper Financial Inc,Active,,Mexico,,,,Discussed timeline and next steps with the account.,SMB,,,,Y,Energy,,,,,,,,,,,Website,SKU-3244,REF-8671,Skyler Ford,LOT-3518,LOT-6684,,,,,Other,,LOT-4196,,,Gamma,,,,,Diego Haddad,,Florida,Y,,LOT-4708,,,,,,LOT-8954,,100001,Company,100201,morgan.rossi@demomail.test,Priya Larsson,2023-08-18 06:26:00,avery.reyes@demomail.test,Nina Reyes,2026-06-23 00:18:00,elena.nguyen@acme-fake.test,Priya Larsson,2024-05-26 15:15:00,noah.larsson@sampleco.test,,2023-06-14 07:24:00,Y,,100001,100001,100001,100001,100001,100001,100001,100001,100001,100001,100001,,100001,100001,,100001,2024-12-14 04:02:00,4867,2385,Gamma,Other,Delta,LOT-6015,5232,5941,7998,4840,8112,Standard,2023-02-21 13:16:00,6268,1958,Alpha,Beta,Alpha,Beta,9042,9092,6313,1502,5612,Standard,2026-02-21 10:26:00,,,,REF-1718,,REF-2711,,,,,,Delta,2025-02-08,,,Standard,,Delta,REF-2982,,7107,,,2002,,2026-04-15,2373,,Beta,,,,,9211,,,,,2026-05-29,,,,SKU-4432,,,,,3259,8591,,,2026-06-05,,571,,,,,1156,,,,,Beta,2025-09-23,,,,,,,2998,,,,,,Noted a concern to revisit at the next sync.
,,Avery Kim,Sofia Mercer,,,SKU-3544,LOT-3750,,,,,,,,quinn.blake@acme-fake.test,,Marco Blake,,,LOT-5470,,,TAG-7661,,,Active Customer,Noted a concern to revisit at the next sync.,Everest Capital Co,Keystone Foods Co,Active,Delta,Mexico,,,,Followed up on the open items from last week.,Renewal,,,,N,Professional Services,,,,"34,163",,,,,,,Website,,TAG-2290,Priya Sato,,LOT-4169,TAG-9966,2966,,,Standard,,SKU-7706,,,,,,,,Aisha Dorsey,,Ohio,Y,,,,,,,REF-5108,LOT-5230,7021,100001,Company,100203,riley.sloan@acme-fake.test,Jamie Patel,2022-12-10 20:27:00,skyler.silva@acme-fake.test,Liam Ashby,2025-04-22 15:48:00,marco.dorsey@sampleco.test,Avery Cohen,2024-08-15 21:56:00,aisha.garcia@acme-fake.test,,2026-04-23 21:19:00,N,100001,100001,100001,100001,100001,100001,100001,100001,,,,100001,100001,100001,100001,,100001,2023-08-11 18:02:00,5875,3180,Other,Delta,Standard,TAG-1952,412,8855,5910,9179,9586,Gamma,2023-11-26 19:09:00,5787,1636,Beta,Alpha,Alpha,Delta,6446,7424,9045,6470,2832,Beta,2022-11-03 07:29:00,,,,,,,,9217,,,,Beta,2022-12-19,,5648,,,,,,,,,,,2023-04-19,,,,,,,,,,,,,2023-01-20,,,,,,,,,,,7954,,2026-05-27,,,,,,,,,,,,,2025-09-23,,,,,,,,546,,,,,Noted a concern to revisit at the next sync.
,,Skyler Reyes,Aisha Blake,,,,REF-5920,TAG-8196,,,,,,,rahul.dorsey@demomail.test,,Morgan Mensah,,TAG-3357,,,"37,671",SKU-5281,,,Active Customer,Shared the updated proposal for review.,Lakeside Industries Inc,Granite Media,Active,Standard,Australia,,,,Discussed timeline and next steps with the account.,SMB,,,,Y,Agriculture,,,,,,,,Beta,,,Cold Outreach,LOT-5005,,Omar Dorsey,REF-8792,LOT-5500,,4261,,,,,LOT-1845,LOT-6657,,,,,,,Casey Nguyen,,Georgia,Y,,TAG-7382,,,,,,LOT-3175,8386,100001,Company,100204,marco.ford@demomail.test,Noah Rossi,2023-09-17 12:42:00,arjun.cohen@examplecorp.test,Arjun Vance,2023-05-06 08:20:00,priya.sato@demomail.test,Sofia Sato,2024-01-18 22:11:00,elena.costa@demomail.test,,2025-08-22 19:56:00,Y,100001,100001,100001,100001,100001,100001,100001,100001,100001,,100001,100001,100001,100001,100001,,100001,2023-10-09 20:22:00,9630,8811,Other,Standard,Standard,SKU-6831,3640,9742,1917,5160,5480,Gamma,2026-01-20 12:17:00,4542,7631,Beta,Alpha,Delta,Gamma,2905,9303,5074,1515,4620,Other,2022-10-07 17:35:00,8263,,,SKU-7905,,,,,,,6061,,2023-11-06,,,,,,,,,,,7299,Beta,2026-01-18,,,,,,,,1467,,,,,2024-06-01,,7934,,,,,,,,,,,2023-10-12,5776,,Beta,SKU-1743,,,5351,,,,,,2025-09-22,,,,,TAG-7526,,,,8483,,,,Resolved the outstanding question about scope.
TAG-8795,,Sofia Vance,Drew Mercer,,,LOT-5816,TAG-3271,,,,,,,,fatima.vance@acme-fake.test,,,,TAG-3920,,,,LOT-3281,,,Referral Partner,Noted a concern to revisit at the next sync.,Copper Media,Summit Networks Inc,Active,Standard,United Kingdom,,,,Discussed timeline and next steps with the account.,Renewal,,,REF-4391,N,Real Estate,,,,,,,,Alpha,,,Webinar,LOT-7036,,Casey Mensah,LOT-6246,TAG-7765,,,,,Alpha,,TAG-9436,LOT-6518,,Alpha,,,,,Drew Silva,,Ohio,N,,LOT-1557,,,,,,REF-4797,3432,100001,Company,100205,diego.okafor@demomail.test,Casey Cohen,2025-07-17 20:30:00,morgan.mensah@demomail.test,Diego Vance,2024-09-16 19:18:00,fatima.sloan@acme-fake.test,Quinn Okafor,2026-04-19 15:34:00,taylor.ford@demomail.test,Casey Costa,2026-03-21 12:52:00,Y,100001,100001,100001,100001,100001,,100001,100001,100001,100001,100001,100001,100001,100001,100001,100001,100001,2026-04-05 09:43:00,8566,643,Other,Beta,Delta,REF-4820,2978,5666,1592,2899,3017,Other,2022-10-24 11:27:00,3547,1192,Standard,Alpha,Beta,Delta,1899,8441,22,9611,8019,Other,2025-09-30 08:32:00,,,,,Beta,,,,,,,Standard,2024-03-07,3602,,,SKU-3818,,,,,,,,,2026-05-14,,,,,,,,,,,,,2024-09-21,,,,,Gamma,,,,,,,,2025-07-18,,,,,,,,1101,,,,,2023-09-14,,,,,,,,,,,,,Resolved the outstanding question about scope.
,REF-4673,Reese Reyes,Rowan Mercer,,,,,SKU-2667,REF-6856,TAG-2979,,LOT-1327,,,nina.garcia@demomail.test,Aisha Silva,,,,,Mei Calder,,TAG-4275,,,Active Customer,Resolved the outstanding question about scope.,Harbor Capital Inc,Vertex Energy LLP,Active,Other,Mexico,,,,Scheduled a check-in for the coming month.,Renewal,,,,N,Professional Services,,,,,,Delta,,,,,Partner,LOT-1982,SKU-3724,Fatima Larsson,LOT-2444,,SKU-6728,8622,,,Beta,,REF-2134,LOT-9872,,Alpha,,,,,Elena Calder,,Washington,N,,TAG-9194,,,,,,SKU-2160,790,100001,Company,100208,jordan.sloan@acme-fake.test,Nina Ashby,2025-07-07 05:01:00,casey.sato@acme-fake.test,Liam Mercer,2025-02-07 08:48:00,fatima.cohen@demomail.test,Aisha Costa,2023-05-05 04:07:00,morgan.ashby@acme-fake.test,,2024-01-28 21:45:00,N,,100001,100001,100001,100001,,100001,100001,100001,100001,,100001,,100001,100001,,100001,2026-03-31 08:58:00,410,9678,Standard,Beta,Standard,SKU-9082,8399,4908,2610,2060,4594,Alpha,2024-12-09 10:41:00,8091,2585,Standard,Delta,Other,Gamma,6675,4897,2061,482,6613,Gamma,2024-02-29 04:44:00,8829,,Other,,,,,6088,,9253,,Gamma,2023-11-22,4965,,,,,,,,,,,Other,2024-08-17,,,Standard,,,,,,,,,,2026-04-26,,,,,,,,,,3141,,,2024-12-07,,7497,,,,SKU-1657,,,,,,Other,2023-11-17,,,,,,REF-8231,,,,,,,Resolved the outstanding question about scope.
,,Elena Patel,Casey Mensah,,,,LOT-3260,LOT-2351,TAG-1208,,TAG-1720,,,,jordan.mensah@examplecorp.test,Alex Vance,,,,,Fatima Ivanov,,TAG-6526,"43,969",Alpha,Active Customer,Followed up on the open items from last week.,Delta Robotics Group,Silverline Manufacturing Co,Active,Standard,United States,Standard,,,Scheduled a check-in for the coming month.,Renewal,,,REF-5592,N,Technology,SKU-4822,,,,,,,,,,Cold Outreach,TAG-3769,REF-4115,Skyler Rossi,LOT-8210,SKU-9048,,,,,Beta,,LOT-1399,LOT-6574,,Delta,,,,,Emerson Dorsey,,Georgia,N,,TAG-1957,,,,,,SKU-6723,8016,100001,Company,100210,skyler.mercer@sampleco.test,Avery Blake,2023-05-21 05:19:00,drew.mensah@acme-fake.test,Aisha Mercer,2022-12-05 12:09:00,priya.nguyen@demomail.test,Casey Mercer,2026-07-21 22:12:00,rahul.cohen@acme-fake.test,,2024-12-24 04:28:00,N,,100001,,100001,100001,100001,100001,100001,100001,100001,,100001,,100001,100001,100001,100001,2025-03-05 17:09:00,6434,9475,Delta,Gamma,Delta,TAG-5928,7991,9510,9894,102,3224,Delta,2024-11-12 00:40:00,3901,6570,Alpha,Standard,Standard,Beta,98,8294,7410,4741,7859,Standard,2026-05-12 04:07:00,,2402,,REF-6403,Delta,,,884,,,,,2024-11-02,,3357,Alpha,,,,,,,,,,2024-03-18,,,,,,,,,,,,,2025-11-30,5673,,,,,SKU-4587,,,,,,,2024-11-28,,,Delta,,,,,,,,9644,,2024-11-23,,,,,,,,,,,,Gamma,Reviewed performance and gathered feedback.
,,Noah Cohen,Morgan Haddad,,,TAG-8577,SKU-9685,SKU-2436,LOT-4921,,,TAG-5294,,,marco.mensah@sampleco.test,,,Other,,,,,SKU-2459,,,Active Customer,Resolved the outstanding question about scope.,Northwind Networks Inc,,Active,Gamma,Germany,,,TAG-5695,Aligned on billing and renewal terms.,Standard,,,,N,Telecommunications,SKU-2399,Standard,,,,,,,,,Referral,REF-4773,SKU-9119,Skyler Nguyen,REF-9861,SKU-6363,,3967,,,Alpha,,TAG-1645,REF-4077,,Other,,,,,Elena Costa,,Illinois,N,,SKU-7379,,,,,,SKU-6720,,100001,Company,100211,marco.silva@sampleco.test,Rowan Ashby,2026-06-24 23:22:00,alex.rossi@examplecorp.test,Avery Mercer,2025-09-23 10:36:00,omar.calder@acme-fake.test,Noah Ivanov,2024-03-05 14:33:00,quinn.garcia@sampleco.test,Riley Nguyen,2025-07-31 19:08:00,Y,100001,100001,100001,100001,,100001,100001,100001,,,,100001,100001,100001,100001,,100001,2023-03-01 02:29:00,5376,3419,Beta,Gamma,Gamma,SKU-8725,9828,23,6540,1427,1029,Gamma,2024-03-27 16:55:00,3127,7925,Standard,Delta,Alpha,Beta,4136,1287,7247,965,4852,Standard,2024-07-30 16:36:00,,,,,Gamma,,523,389,1854,,,,2025-02-28,,2783,,,,,,,5274,,,,2025-01-17,,,,,,,,,,,,,2025-05-27,,7095,,REF-7802,,,,,,,,Alpha,2026-05-28,5794,,,,,,,,,2734,,,2025-07-28,,,,TAG-2920,,,,,,1724,,,Reviewed performance and gathered feedback.
,,Quinn Nguyen,Nina Okafor,,,REF-3117,LOT-6513,TAG-1638,,SKU-1981,,,,,drew.ashby@demomail.test,,Reese Garcia,,,,,,LOT-6477,,,Active Customer,Noted a concern to revisit at the next sync.,Blue Ridge Energy LLP,Northwind Manufacturing Inc,Active,Gamma,Philippines,,,,Followed up on the open items from last week.,New Logo,,,,,Agriculture,,,,,,,,,,,LinkedIn,TAG-7932,LOT-6028,Marco Haddad,,,,1429,,,Delta,,LOT-9273,REF-3639,,Gamma,,,,,Casey Mensah,,Illinois,Y,,TAG-4238,,,,,,REF-2957,5476,100001,Company,100214,riley.vance@examplecorp.test,Aisha Sato,2023-06-26 13:12:00,sofia.blake@examplecorp.test,Mei Garcia,2024-07-02 02:57:00,quinn.reyes@acme-fake.test,Marco Dorsey,2024-05-10 13:44:00,alex.ford@examplecorp.test,Riley Nguyen,2023-11-07 01:31:00,N,,100001,100001,100001,,,100001,100001,100001,100001,,100001,100001,100001,100001,,100001,2023-03-17 22:54:00,9645,1429,Standard,Other,Alpha,TAG-1329,4497,6456,2775,3187,8136,Delta,2023-09-29 20:14:00,439,9462,Other,Other,Beta,Gamma,3106,146,5019,9934,7910,Other,2024-08-03 05:43:00,,,,,Other,LOT-2680,,,9575,1421,,,2023-11-18,1456,,,,,,,,,,,,2026-05-29,,,,,TAG-8505,,8690,753,,,,,2023-02-16,,,,,,,,,,,,,2024-06-22,,,,SKU-1979,,,,,,1113,,,2023-12-15,,,,,TAG-5365,,,,,,,,Shared the updated proposal for review.
,,Chen Cohen,Drew Brooks,,,,LOT-4922,,,,,,,,chen.mercer@acme-fake.test,,,,TAG-8874,,,,TAG-9664,,,Active Customer,Shared the updated proposal for review.,Evergreen Partners Ltd,Ironwood Manufacturing Inc,Active,Other,India,Delta,LOT-8425,,Discussed timeline and next steps with the account.,Enterprise,,,,Y,Construction,,,,,,,,,,,Event,REF-7661,SKU-6141,Rowan Costa,SKU-7303,,,5294,,,Standard,,TAG-2849,LOT-7687,,Standard,,,,,Sofia Mensah,,Florida,Y,,SKU-5644,,,,REF-2725,,REF-1729,4087,100001,Company,100215,priya.cohen@demomail.test,Drew Sloan,2023-02-09 10:47:00,noah.ford@demomail.test,Sofia Cohen,2026-01-25 15:16:00,priya.cohen@acme-fake.test,Reese Ford,2025-01-27 01:51:00,arjun.costa@acme-fake.test,,2024-02-05 21:05:00,Y,100001,100001,100001,100001,,,100001,100001,100001,100001,100001,100001,,100001,100001,,100001,2024-11-12 21:49:00,4262,5734,Alpha,Standard,Standard,TAG-4169,1242,5274,9838,9349,7750,Beta,2025-09-07 15:58:00,4420,6859,Alpha,Gamma,Beta,Other,6704,6141,9991,9730,9203,Other,2025-11-04 07:36:00,,,,,,,2008,,8743,,,,2022-12-27,,,,,Delta,,,,,,,,2025-02-11,,,,,REF-4855,,,,,,,,2026-02-23,,,,,,REF-3223,,,,,,,2023-10-21,,,Gamma,,,,,,,,,,2026-06-23,,5010,,TAG-9030,,,,,,,,,Reviewed performance and gathered feedback.
,,Mei Patel,Mei Rossi,,,TAG-2211,REF-9423,,,,,,,,taylor.ashby@demomail.test,,,,,,,,TAG-9213,,,Active Customer,Shared the updated proposal for review.,Cobalt Systems Ltd,Lakeside Energy,Active,Delta,Philippines,,,,,New Logo,,,SKU-3405,Y,Construction,,,,,,,,,,,LinkedIn,SKU-8830,,Rowan Reyes,,REF-4921,,3384,,,Alpha,,LOT-2973,TAG-4369,,,,,,,Liam Sloan,,Washington,N,,TAG-9366,,,,,,,5870,100001,Company,100217,diego.mercer@examplecorp.test,Drew Calder,2025-09-19 05:16:00,sofia.vance@demomail.test,Fatima Ford,2024-03-23 15:04:00,alex.cohen@sampleco.test,Jamie Whitfield,2026-06-27 18:54:00,yara.larsson@demomail.test,,2023-01-06 13:34:00,N,100001,100001,100001,100001,100001,100001,100001,100001,,100001,,100001,100001,100001,100001,,100001,2025-12-04 03:39:00,2708,9896,Alpha,Alpha,Beta,TAG-6350,7776,9707,7098,8650,4557,Alpha,2022-10-09 08:49:00,518,8893,Gamma,Standard,Standard,Gamma,2288,9290,1263,929,645,Alpha,2026-01-30 07:35:00,,,,,,,,8180,,,,,2025-11-10,,,,,,SKU-3420,,,3313,,,Beta,2026-01-24,,,,,,LOT-4711,7218,,,,,,2025-04-24,,,,,,,,,,,,,2026-07-16,,,,,,,335,,,,,,2024-04-15,,,,,,,,,,,1507,,Aligned on billing and renewal terms.
,,Diego Mensah,Mei Brooks,,,,LOT-3173,SKU-2139,TAG-8247,REF-4600,,,,,casey.cohen@sampleco.test,,Jordan Silva,,,TAG-3811,,"224,166",,,,Active Customer,Scheduled a check-in for the coming month.,Cardinal Media LLP,Falcon Financial Ltd,Inactive,Other,Australia,,LOT-1306,,Shared the updated proposal for review.,SMB,,TAG-1736,,Y,Financial Services,,,,,,,,,,,Inbound Call,TAG-7019,,Priya Sloan,REF-6483,,TAG-6742,,,,Other,,LOT-1340,TAG-6777,,Standard,,,,,Nina Ashby,,Florida,N,,LOT-4239,,,,,,LOT-2621,8177,100001,Company,100219,jamie.costa@demomail.test,Noah Ashby,2025-01-07 08:55:00,casey.blake@sampleco.test,Skyler Brooks,2025-12-26 07:16:00,skyler.larsson@demomail.test,Jamie Dorsey,2022-11-16 00:00:00,chen.ivanov@examplecorp.test,,2025-11-29 00:37:00,N,100001,100001,100001,100001,100001,,100001,100001,,100001,100001,,100001,100001,100001,100001,100001,2023-11-20 18:39:00,7295,5722,Other,Standard,Other,TAG-8230,5269,5103,9542,1442,1394,Delta,2023-01-27 23:35:00,5316,8054,Alpha,Alpha,Delta,Standard,2410,8942,7375,5457,7937,Beta,2023-10-24 01:21:00,,4946,,,,SKU-1802,,,,,,,2024-11-07,4250,,,,,TAG-6096,,,,4872,,,2023-12-12,,,,TAG-7684,,,,,,,,,2024-05-25,,,,,,,,,,,,,2023-11-10,,,,REF-6887,,,,,,,,,2024-10-22,,,,,,,,,,,,,Reviewed performance and gathered feedback.
,,Quinn Rossi,Casey Silva,,,SKU-7082,TAG-6762,,LOT-8300,,,SKU-7482,REF-7864,,jordan.patel@examplecorp.test,,,,,,,,TAG-9519,,,Active Customer,Followed up on the open items from last week.,Granite Manufacturing LLC,Beacon Foods Ltd,Active,Beta,India,,,,Resolved the outstanding question about scope.,Renewal,,,,N,Construction,,,,,,,,,,,Website,TAG-4551,,Rowan Ashby,LOT-9015,LOT-3370,TAG-6561,,Y,,Beta,,TAG-1456,SKU-3446,,Other,,,,,Yara Larsson,,Florida,N,,REF-7140,,,,TAG-7359,,REF-6715,2172,100001,Company,100220,quinn.dorsey@demomail.test,Yara Silva,2026-02-23 08:50:00,alex.ivanov@demomail.test,Riley Garcia,2023-05-25 08:50:00,alex.ivanov@acme-fake.test,Alex Silva,2024-07-25 20:33:00,marco.cohen@examplecorp.test,,2025-12-19 05:47:00,N,100001,100001,100001,100001,100001,100001,100001,100001,100001,,,100001,100001,100001,100001,,100001,2022-10-23 13:28:00,9819,4232,Other,Standard,Standard,SKU-7425,1498,6878,7090,2095,1310,Gamma,2023-03-26 02:14:00,9860,1569,Standard,Beta,Other,Delta,3315,5100,4341,5233,3853,Standard,2024-02-02 00:50:00,2055,1037,,,,,,,,6371,7068,,2023-07-19,,,,,,,,,,,,,2022-10-31,,4357,Beta,,,,,,,,,,2026-01-18,8735,,Standard,SKU-9010,,,,7488,,,,,2024-11-23,,8445,,LOT-2269,,,,,,,,,2023-06-06,,,,,,SKU-7140,,,,1449,,,Scheduled a check-in for the coming month.
TAG-9678,,Taylor Ford,Jamie Sloan,,,SKU-1032,,,REF-5786,REF-5452,,LOT-3897,,Beta,morgan.okafor@sampleco.test,,,,,,,,REF-3454,,,Active Customer,Scheduled a check-in for the coming month.,Cobalt Industries Ltd,Pioneer Ventures Corp,Active,Standard,Germany,,,,Resolved the outstanding question about scope.,New Logo,,,,Y,Logistics,,,,,,,,,,,Referral,REF-2505,,Jordan Silva,SKU-9116,,LOT-7749,,N,,Gamma,,SKU-3349,,,Other,,,,,Jordan Rossi,,New York,Y,,TAG-3791,,,,,,,6917,100001,Company,100221,alex.haddad@acme-fake.test,Riley Sloan,2023-12-05 17:28:00,priya.vance@demomail.test,Elena Silva,2023-08-17 15:16:00,chen.patel@examplecorp.test,Drew Haddad,2023-04-05 01:39:00,marco.brooks@sampleco.test,,2023-07-28 17:19:00,N,100001,100001,100001,100001,100001,100001,100001,100001,,,,100001,100001,100001,100001,100001,100001,2025-10-05 17:32:00,9379,8025,Alpha,Standard,Standard,TAG-4397,645,1937,9457,9635,607,Delta,2023-12-03 21:56:00,3343,2956,Other,Delta,Standard,Beta,487,1414,9323,920,7770,Standard,2023-04-07 03:50:00,2516,,,,Gamma,,,9465,4593,5685,4722,,2025-07-11,6935,,,,,,,2529,,646,2236,,2023-07-10,,,,,,,,,,,,Beta,2023-08-15,,,,,,,,,,,,,2024-10-24,,,,,,,,9422,,,,,2024-10-19,,6900,,,,,8359,,,,233,,Followed up on the open items from last week.
,,Jordan Ivanov,Yara Cohen,,,REF-2352,,,TAG-1402,TAG-6719,REF-5224,TAG-2741,,Other,taylor.sato@demomail.test,,,,,,,,SKU-6257,,,Past Customer,Scheduled a check-in for the coming month.,Evergreen Health LLC,Falcon Media Inc,Active,Standard,Philippines,,,,,Standard,,,,Y,Real Estate,,,,,,,,,,,Webinar,SKU-2003,SKU-9535,Rowan Sato,TAG-8914,TAG-5093,,,,,Standard,,SKU-6239,REF-5164,,,,,,,Morgan Haddad,,Florida,Y,,LOT-7831,,,,,,SKU-7538,2010,100001,Company,100224,emerson.kim@examplecorp.test,Marco Mensah,2023-07-15 04:46:00,elena.nguyen@examplecorp.test,Chen Whitfield,2024-01-11 19:29:00,liam.garcia@examplecorp.test,Sofia Costa,2025-06-30 14:27:00,reese.whitfield@acme-fake.test,Jamie Garcia,2023-05-25 15:18:00,N,,100001,100001,100001,100001,100001,100001,100001,100001,100001,100001,100001,100001,100001,100001,100001,100001,2023-09-22 12:06:00,4335,1543,Alpha,Other,Standard,LOT-5957,1025,3675,8154,8383,2907,Delta,2025-04-10 16:28:00,2974,9287,Standard,Standard,Delta,Alpha,9190,8055,779,7402,3069,Delta,2023-06-11 07:12:00,,,Alpha,,Delta,,,,,,,,2023-01-09,,,,,,,,,,,,,2023-12-20,,,,,,,,,,,9953,,2023-07-11,,,,,,,,,,,,,2022-12-23,,,,,,TAG-6013,,,,,,,2024-07-30,,,Other,,,,,,1624,,,,Discussed timeline and next steps with the account.
,,Morgan Patel,Chen Garcia,,,LOT-7594,REF-7308,,REF-5423,,,SKU-7956,,Delta,drew.kim@examplecorp.test,,,,,,Aisha Kim,,SKU-4370,,,Prospect,Shared the updated proposal for review.,Everest Ventures LLC,Pioneer Health Co,Active,Beta,Canada,,,,Shared the updated proposal for review.,SMB,,,,N,Construction,,,,,,,,,,,Website,SKU-4153,,Jamie Cohen,LOT-5281,LOT-9220,,,,,Alpha,,LOT-9744,TAG-2763,,Gamma,,,,,Arjun Ashby,,Ohio,Y,,LOT-3033,,,,,,REF-2677,8847,100001,Company,100226,mei.larsson@examplecorp.test,Emerson Brooks,2025-08-07 14:08:00,elena.mensah@demomail.test,Noah Calder,2026-05-30 03:19:00,taylor.haddad@demomail.test,Rahul Okafor,2026-01-06 15:15:00,reese.mercer@examplecorp.test,,2024-10-31 21:57:00,N,100001,100001,100001,100001,100001,,100001,100001,,100001,100001,100001,,100001,100001,100001,100001,2022-10-29 12:37:00,6257,3005,Standard,Standard,Beta,REF-9435,6549,730,6269,4896,9566,Other,2023-06-13 16:04:00,3566,3387,Other,Alpha,Alpha,Alpha,8337,6827,3226,2036,9970,Alpha,2024-11-18 23:23:00,,,,TAG-9320,Beta,,,7593,,,8195,,2023-04-25,,5101,Beta,,,,8388,,,9251,,,2025-04-26,,,,,,SKU-8612,,,,,5687,,2023-10-06,1570,,,,,,,,,,,,2024-03-08,2616,,,,,,,9593,6825,,,,2025-02-28,,,,,,,7859,,,,,,Discussed timeline and next steps with the account.
,,Jordan Reyes,Diego Patel,,,REF-3251,LOT-2104,SKU-5318,,,LOT-2275,,,,aisha.larsson@examplecorp.test,,Rowan Mercer,,,,Priya Reyes,,TAG-8589,,,Active Customer,Aligned on billing and renewal terms.,Summit Industries Group,Meridian Systems Co,Active,Other,India,,,,,SMB,,,,N,Construction,REF-2449,,,"98,445",,,,,,,Website,SKU-4800,,Chen Whitfield,SKU-2826,LOT-1530,REF-8099,,,,Beta,,REF-5380,TAG-7944,,Gamma,,,,,Riley Dorsey,Followed up on the open items from last week.,Arizona,N,,LOT-1809,,,,,,LOT-1901,6659,100001,Company,100229,priya.ivanov@acme-fake.test,Elena Ashby,2025-02-18 01:22:00,alex.nguyen@demomail.test,Jamie Patel,2025-08-20 00:49:00,quinn.calder@examplecorp.test,Quinn Rossi,2024-05-05 15:12:00,reese.larsson@demomail.test,Arjun Haddad,2025-07-26 13:32:00,Y,100001,100001,100001,100001,100001,,100001,100001,100001,100001,,100001,100001,100001,100001,100001,100001,2022-11-26 22:47:00,8684,2134,Other,Alpha,Gamma,SKU-5777,170,8097,5165,7159,739,Delta,2025-03-16 19:39:00,3415,8944,Alpha,Beta,Delta,Delta,4234,6655,4305,1556,3172,Other,2024-08-07 23:09:00,,,,REF-3629,,,,,,,,,2022-12-02,,,Standard,,,,,,6026,9867,,,2024-08-28,,,,,,SKU-9369,,,,,,,2023-02-17,,4719,,,,,,4884,,,,,2026-04-16,,,,,,,9745,,9056,4103,6985,,2026-06-17,,,,,,,,,9398,,,Alpha,Followed up on the open items from last week.
,,Liam Ivanov,Avery Nguyen,,,REF-2659,REF-1360,SKU-5957,,,,,,,rahul.cohen@demomail.test,Avery Calder,,,,,Quinn Whitfield,,TAG-8527,,,Active Customer,Scheduled a check-in for the coming month.,Meridian Logistics LLP,Blue Ridge Robotics LLC,Active,Standard,United Kingdom,,,,Discussed timeline and next steps with the account.,SMB,,,,Y,Agriculture,,Delta,,,,,N,,,,Referral,,SKU-5837,Jordan Sloan,LOT-5565,REF-7083,REF-4033,8850,,,Other,,TAG-3958,REF-9047,,,,,,,Sofia Reyes,,New York,Y,,SKU-3782,,,,,,SKU-7092,,100001,Company,100231,marco.vance@sampleco.test,Alex Okafor,2023-07-15 00:56:00,elena.cohen@demomail.test,Marco Rossi,2024-06-24 00:42:00,riley.silva@sampleco.test,Skyler Garcia,2023-02-23 22:25:00,rahul.blake@acme-fake.test,,2024-07-27 18:42:00,Y,100001,100001,100001,100001,100001,100001,100001,100001,,,,100001,,100001,100001,,100001,2026-01-22 04:33:00,4729,8359,Standard,Delta,Gamma,LOT-9909,4450,4527,4268,7167,611,Beta,2025-02-06 08:09:00,3832,7871,Standard,Alpha,Alpha,Alpha,867,3045,5079,4633,6137,Delta,2025-04-03 05:58:00,,,Other,,Beta,,9316,,,,,,2025-12-22,,6832,,,,,,2776,,,,,2023-07-29,3930,,,,,,9111,,2144,,,,2024-11-01,,,,,,LOT-8493,,5948,3484,,,,2025-06-28,,,,REF-5283,,,,,2921,,,,2023-03-20,,,,,,,,561,,,,Delta,Aligned on billing and renewal terms.
,,Alex Nguyen,Drew Garcia,,,,REF-5331,,REF-5893,,,,,,elena.vance@sampleco.test,Rahul Cohen,,,LOT-3866,,,,TAG-1233,,,Prospect,Scheduled a check-in for the coming month.,Silverline Manufacturing Inc,Everest Dynamics Corp,Active,Gamma,India,,,REF-8638,Followed up on the open items from last week.,Standard,,LOT-5928,,N,Professional Services,,,,"92,611",,,,,,,Website,TAG-3661,LOT-9147,Taylor Calder,LOT-6860,TAG-3541,TAG-9512,2348,,,,,TAG-5983,SKU-3344,,,,,,,Chen Reyes,,New York,Y,,REF-3526,,,,,,,4241,100001,Company,100232,arjun.haddad@acme-fake.test,Chen Rossi,2023-08-27 16:25:00,skyler.ashby@examplecorp.test,Drew Vance,2026-05-04 02:16:00,jamie.patel@demomail.test,Quinn Dorsey,2024-02-21 11:09:00,reese.dorsey@demomail.test,,2023-05-04 17:54:00,N,100001,100001,100001,100001,100001,100001,100001,100001,100001,,100001,100001,100001,100001,100001,,100001,2024-12-03 10:28:00,9069,7018,Delta,Gamma,Other,LOT-6802,9000,3665,5536,6638,5545,Delta,2022-12-16 12:45:00,7723,2599,Gamma,Other,Other,Standard,8051,1243,2773,9665,1266,Beta,2023-08-16 01:27:00,,2157,Standard,,,,,,,,,,2025-05-19,,,,,Delta,,,,,,216,,2022-10-22,,,,,,,1758,,,,,Beta,2024-05-11,,,,SKU-8897,Beta,,,,2325,,,,2026-06-09,,,,,,,,,,,,Gamma,2025-11-17,,,,,,,,,,,,,Scheduled a check-in for the coming month.
,,Avery Reyes,Morgan Dorsey,,,TAG-8658,LOT-3005,SKU-5370,,TAG-7915,,TAG-8074,,,yara.ashby@demomail.test,,Taylor Mercer,,,,,,REF-9387,,,Active Customer,Reviewed performance and gathered feedback.,Falcon Textiles,Horizon Analytics Inc,Active,Standard,United Kingdom,,,,Shared the updated proposal for review.,Enterprise,,,REF-4873,N,Agriculture,,,,,,,,,,,Inbound Call,,TAG-8016,Quinn Ford,TAG-6477,SKU-9024,,,,,Standard,,TAG-2434,LOT-9553,,Gamma,,,,,Sofia Calder,,California,N,,REF-7870,,,,,,LOT-7556,3199,100001,Company,100233,nina.kim@sampleco.test,Jamie Ford,2025-07-12 22:44:00,diego.larsson@sampleco.test,Casey Brooks,2023-07-19 23:44:00,skyler.costa@sampleco.test,Noah Silva,2025-07-10 01:34:00,mei.calder@acme-fake.test,,2026-07-12 02:02:00,Y,100001,100001,100001,100001,,100001,100001,100001,,,,100001,,,100001,100001,100001,2023-05-16 04:25:00,9907,257,Gamma,Other,Alpha,REF-8222,4354,6325,5405,3805,4799,Standard,2023-12-16 08:56:00,6253,5396,Standard,Beta,Other,Gamma,9799,8669,5237,328,4183,Gamma,2025-12-05 17:41:00,,,,,,LOT-4994,,5626,,,,,2023-11-05,,,,,,REF-2581,5682,,,3131,2784,,2024-12-17,,,,,,,,,,,,,2023-03-02,,,,,,,,,,590,,,2024-07-03,,,,,,LOT-7738,,,,,,,2024-06-20,,,Beta,,REF-9991,,,,,,,,Noted a concern to revisit at the next sync.
REF-8512,,Priya Calder,Quinn Ashby,,,TAG-5174,REF-7783,REF-2073,TAG-7933,,LOT-6738,REF-6686,,,noah.reyes@acme-fake.test,,Emerson Mensah,,,,,,REF-6942,,,Active Customer,Followed up on the open items from last week.,Atlas Capital Co,Cobalt Logistics LLP,Active,Gamma,United Kingdom,,,,Followed up on the open items from last week.,Enterprise,,,,Y,Financial Services,,,,,,,,,,,Referral,SKU-1404,,Rahul Cohen,SKU-6473,TAG-7827,,6672,,,Other,,,TAG-4741,,,,,,,Rahul Ivanov,,Georgia,Y,,REF-5661,,,,,LOT-2250,,203,100001,Company,100236,jamie.whitfield@sampleco.test,Casey Ivanov,2026-06-01 01:05:00,omar.ivanov@acme-fake.test,Elena Kim,2023-10-24 19:19:00,quinn.vance@sampleco.test,Drew Ashby,2025-03-03 15:52:00,omar.whitfield@acme-fake.test,,2023-05-18 15:11:00,N,100001,100001,100001,100001,100001,,100001,100001,100001,100001,100001,100001,,100001,100001,,100001,2023-01-07 18:45:00,5442,2389,Delta,Alpha,Beta,LOT-5201,9354,333,1025,4919,8877,Alpha,2026-03-18 13:56:00,77,1654,Delta,Beta,Delta,Alpha,8264,8286,4702,4537,2728,Gamma,2022-10-04 10:56:00,,,Delta,,,,8903,9984,,1328,,,2024-10-01,1282,,,SKU-3785,,,,,,,,,2025-07-05,9386,,,,,,,,,,,Standard,2025-05-16,3779,,,REF-6707,,,,,40,,,,2026-06-23,,,Other,REF-4285,,,,,,6446,,,2024-11-04,,,,,,,,2830,,,,,Reviewed performance and gathered feedback.
,,Aisha Calder,Emerson Dorsey,,,,LOT-3249,,SKU-2506,REF-1000,,TAG-5645,,,arjun.blake@demomail.test,,,,,,Rahul Reyes,,,,,Past Customer,Resolved the outstanding question about scope.,Cardinal Manufacturing LLP,Harbor Media Inc,Inactive,Standard,Philippines,,,,Shared the updated proposal for review.,Standard,,,,N,Manufacturing,,,,,,,,,,,Website,LOT-1323,,Nina Ivanov,LOT-2439,TAG-3176,,839,,,Alpha,,TAG-2892,LOT-3650,,Beta,,,,,Avery Dorsey,,Georgia,N,,TAG-2004,,,,,,TAG-6239,6305,100001,Company,100239,liam.mercer@acme-fake.test,Chen Garcia,2024-02-19 03:16:00,omar.cohen@sampleco.test,Morgan Brooks,2023-08-22 18:53:00,reese.ford@demomail.test,Noah Mercer,2024-08-21 17:23:00,taylor.sloan@acme-fake.test,Riley Mensah,2022-12-18 02:14:00,N,100001,100001,100001,100001,100001,100001,100001,100001,100001,100001,,100001,,100001,100001,,100001,2024-05-04 14:08:00,3752,3544,Delta,Standard,Standard,REF-5817,4846,784,8361,6879,9297,Delta,2024-04-11 12:44:00,8575,2669,Beta,Gamma,Alpha,Delta,9124,4462,5709,6769,873,Beta,2023-03-05 04:42:00,,,,,,,,,,,,,2026-07-13,,,,,,,,,,,,,2025-09-06,,,,,,,,,,,,,2026-02-07,,,,,,,5298,,,,,,2025-08-08,,,,,,,,,,,4863,Delta,2023-02-03,,,,,,LOT-1383,,,,,,,Resolved the outstanding question about scope.
,,Diego Blake,Aisha Blake,,,LOT-8396,LOT-5940,,,,,,TAG-7267,,quinn.costa@examplecorp.test,,Elena Sloan,,,LOT-7906,,,,,,Active Customer,Reviewed performance and gathered feedback.,Cobalt Foods Co,Granite Foods,Active,Other,Germany,,,,,Renewal,,,,N,Construction,,,,,,,,,,,Partner,LOT-1451,,Alex Whitfield,REF-7483,LOT-2982,,,,,Alpha,,LOT-5115,REF-5595,,Standard,,,,,Aisha Rossi,,Colorado,Y,,LOT-6143,,,,,,SKU-1553,7972,100001,Company,100242,fatima.okafor@examplecorp.test,Casey Cohen,2025-03-21 08:07:00,priya.okafor@acme-fake.test,Riley Ivanov,2025-05-17 08:00:00,aisha.ashby@sampleco.test,Avery Okafor,2023-12-23 03:41:00,yara.costa@demomail.test,,2023-11-10 03:09:00,Y,100001,100001,100001,100001,100001,100001,100001,100001,100001,,,100001,100001,100001,100001,100001,100001,2023-02-23 03:21:00,2338,6077,Gamma,Standard,Standard,REF-9512,8581,1574,4091,5513,7951,Beta,2026-02-21 00:58:00,8374,547,Beta,Standard,Beta,Other,7677,5637,5710,9481,4995,Standard,2025-11-08 05:38:00,,,,,,,,7618,,,,,2024-12-10,,1038,Other,,,,,,,,,,2024-12-08,,6592,,,,,,4793,,,,,2024-08-14,,,,,,LOT-8753,,9735,,,,,2023-03-27,,,,LOT-9811,,,,,,2198,,,2024-01-01,,,Delta,,,,,,1100,,,,Shared the updated proposal for review.
,,Chen Calder,Chen Patel,,,TAG-9056,,SKU-9184,,,TAG-8411,,,,mei.brooks@sampleco.test,,,,,,,,TAG-6742,,,Referral Partner,Followed up on the open items from last week.,Redwood Textiles,Evergreen Health LLP,Active,Alpha,Canada,,,,Reviewed performance and gathered feedback.,New Logo,,,,N,Technology,,Delta,,,,,,,,,Website,,,Nina Okafor,LOT-9081,LOT-1830,REF-3427,7010,,,Delta,,REF-4428,,,Beta,,,,,Sofia Reyes,,Texas,Y,,TAG-6544,,,,,,REF-4050,7397,100001,Company,100244,reese.mercer@acme-fake.test,Aisha Cohen,2025-08-19 16:20:00,nina.silva@demomail.test,Chen Blake,2024-08-27 02:10:00,rahul.kim@demomail.test,Nina Ford,2024-11-22 10:02:00,diego.calder@sampleco.test,Alex Whitfield,2024-12-03 14:35:00,Y,,100001,,100001,100001,100001,100001,100001,,,100001,100001,,100001,100001,100001,100001,2023-04-12 22:44:00,5374,3981,Gamma,Gamma,Delta,LOT-7492,4857,9221,9567,4285,3367,Gamma,2025-11-22 02:10:00,7056,7612,Standard,Delta,Standard,Other,7655,9950,9136,1597,461,Beta,2024-03-26 12:40:00,,,,,,,,,,,,Standard,2024-06-21,,,,,,,,,,,4038,Delta,2026-04-12,,,,,,,,7789,,,,,2023-05-08,,,,,,,,,,,,,2024-06-20,,,,,,,,,7745,,1482,,2025-05-14,7792,911,,,,,,,,,,,Shared the updated proposal for review.
,,Alex Nguyen,Priya Silva,,,LOT-5786,,,,,,SKU-3549,,,mei.vance@sampleco.test,Aisha Whitfield,,,,TAG-3504,,,LOT-8727,,,Past Customer,Noted a concern to revisit at the next sync.,Horizon Manufacturing LLC,Harbor Labs Co,Active,Standard,Australia,,,LOT-4255,Aligned on billing and renewal terms.,Standard,,,TAG-6668,N,Construction,,,,,,,,,,,Cold Outreach,TAG-2310,LOT-5154,Jordan Ivanov,TAG-9729,LOT-5812,,1273,,,Gamma,,LOT-9039,LOT-8626,,Delta,,,,,Skyler Vance,,Ohio,Y,,SKU-4971,,,,,,SKU-3478,7657,100001,Company,100246,jamie.ford@demomail.test,Elena Ashby,2025-09-29 20:54:00,drew.haddad@sampleco.test,Arjun Larsson,2026-04-18 14:10:00,priya.nguyen@examplecorp.test,Omar Mensah,2023-10-21 22:01:00,riley.blake@examplecorp.test,Elena Reyes,2023-01-15 16:25:00,N,,100001,100001,100001,100001,,100001,100001,100001,,100001,100001,,100001,100001,100001,100001,2023-08-03 01:01:00,3738,6724,Delta,Alpha,Delta,LOT-2986,168,2753,2903,5765,4342,Other,2022-11-24 01:30:00,7583,8279,Gamma,Gamma,Gamma,Beta,1535,5875,9510,1080,1650,Beta,2024-09-05 16:46:00,,,,REF-3754,,,,2724,,,,,2024-04-07,,,,,,REF-2012,,,,,4135,,2025-04-18,,,,SKU-7009,,,,,5656,,,,2026-04-08,4618,,,,,,,,,,9522,,2023-07-14,,,,,Standard,TAG-1966,,,2205,,,,2026-06-04,,,,,,,,,,,,,Discussed timeline and next steps with the account.
,,Noah Calder,Fatima Larsson,,,SKU-9804,LOT-4332,LOT-2734,SKU-7667,,,,SKU-5913,,nina.vance@sampleco.test,,,,,,,,REF-4310,,,Past Customer,Aligned on billing and renewal terms.,Granite Analytics Corp,Redwood Analytics Inc,Inactive,Other,Germany,,,REF-2574,Noted a concern to revisit at the next sync.,New Logo,,REF-2267,,Y,Healthcare,,,,,,,,,,,LinkedIn,LOT-5282,,Quinn Nguyen,TAG-7863,REF-9531,,,,,Alpha,,LOT-1571,TAG-5211,,Alpha,,,,,Noah Silva,,Washington,N,REF-6074,LOT-1033,,,,,,REF-2831,,100001,Company,100247,morgan.mensah@examplecorp.test,Arjun Patel,2024-10-28 13:55:00,jamie.mercer@demomail.test,Drew Blake,2026-07-05 11:38:00,casey.ford@sampleco.test,Liam Silva,2023-06-29 03:34:00,jamie.mercer@sampleco.test,Yara Vance,2024-02-14 06:18:00,Y,100001,100001,100001,100001,100001,100001,100001,100001,100001,100001,,100001,,100001,100001,100001,100001,2025-08-10 10:37:00,8576,2081,Standard,Alpha,Alpha,SKU-2924,6096,1243,5575,3848,3108,Standard,2025-11-08 06:23:00,4374,7300,Standard,Alpha,Standard,Gamma,4528,9837,91,9727,3526,Alpha,2025-07-14 17:13:00,8536,,,,,,4100,2957,,,2821,,2025-11-01,,,Beta,SKU-2218,,,,,,,,,2025-07-25,,,Beta,,,,,6293,,,,Beta,2024-02-23,,6874,,,,,,,,,,,2026-03-27,,4704,,,,,,,,8290,,,2026-01-12,,,Alpha,,,,,,,9501,,,Followed up on the open items from last week.
TAG-5356,,Chen Garcia,Sofia Patel,,,SKU-9863,REF-6281,,,,,,LOT-7264,Beta,marco.haddad@acme-fake.test,,,,,,,,SKU-2764,,,Active Customer,Discussed timeline and next steps with the account.,Cobalt Capital Group,Keystone Health LLP,Active,Delta,Mexico,,TAG-3779,,Aligned on billing and renewal terms.,New Logo,,,,N,Manufacturing,,,,,,,,,,,Cold Outreach,LOT-8017,,Morgan Blake,TAG-6626,REF-2197,SKU-3009,2521,,,Other,,SKU-8027,SKU-8557,,Standard,,,,,Casey Dorsey,,Washington,N,,LOT-9826,,,,,,REF-2890,8860,100001,Company,100250,yara.patel@sampleco.test,Omar Ivanov,2023-01-16 23:34:00,morgan.vance@acme-fake.test,Skyler Costa,2023-06-18 18:22:00,liam.mensah@acme-fake.test,Priya Rossi,2024-05-02 19:51:00,priya.dorsey@demomail.test,,2024-11-20 10:25:00,N,100001,100001,100001,100001,100001,,100001,100001,100001,100001,100001,100001,100001,100001,100001,100001,100001,2025-03-15 08:25:00,6241,7439,Alpha,Beta,Delta,TAG-2584,1812,3087,5149,5833,9716,Gamma,2024-02-07 12:46:00,6254,9061,Gamma,Other,Alpha,Beta,6502,1946,6706,9118,2255,Delta,2025-08-20 19:59:00,,950,,,Standard,,,5006,,,,,2024-03-01,,1198,,,Gamma,,,,,,,,2024-06-27,,,Beta,,,,,3664,,,,,2024-08-18,,,Beta,,,,,,,,,,2026-06-11,,,,,,,,,,,,,2024-06-19,,,,,,,,,,,,Delta,Scheduled a check-in for the coming month.
REF-6674,,Quinn Costa,Jordan Sato,,,LOT-9348,,REF-6511,REF-7428,,REF-9325,LOT-7683,,Gamma,jordan.ivanov@examplecorp.test,,,,,,,,LOT-2094,,,Referral Partner,Discussed timeline and next steps with the account.,Lakeside Group,Summit Health Group,Inactive,Other,United Kingdom,,,,Aligned on billing and renewal terms.,New Logo,,,,Y,Logistics,,,,,,,,,,,LinkedIn,TAG-7521,REF-9422,Sofia Ivanov,LOT-6007,,LOT-3341,,,,Other,,TAG-3537,LOT-6565,,Beta,,,,,Aisha Patel,,Colorado,Y,,TAG-1205,,,,,,TAG-2159,,100001,Company,100252,rahul.brooks@demomail.test,Reese Nguyen,2023-03-16 07:50:00,marco.brooks@examplecorp.test,Emerson Okafor,2025-12-09 10:49:00,casey.calder@examplecorp.test,Nina Nguyen,2022-10-23 19:54:00,nina.blake@sampleco.test,,2026-05-06 14:48:00,Y,,100001,100001,100001,100001,,100001,100001,,,100001,100001,100001,100001,,100001,100001,2025-11-21 07:42:00,2466,5121,Gamma,Standard,Gamma,SKU-5637,5522,1288,2494,1167,707,Standard,2024-05-19 01:51:00,2319,6774,Gamma,Standard,Delta,Alpha,7062,7406,4551,7124,1995,Alpha,2024-11-21 19:36:00,,3628,,,,REF-7728,,,8415,,,,2026-04-15,,549,,TAG-6724,Beta,REF-8802,,3142,,,,Standard,2024-02-29,,,,,,,,,4465,,,,2025-11-21,,,,,,,,,,,,,2023-02-12,,6206,,,,,,,,,,,2022-11-03,,,Alpha,,,,,,,7637,,,Reviewed performance and gathered feedback.
,,Jamie Garcia,Jamie Vance,,,TAG-4718,,,TAG-5787,SKU-6569,,,,,diego.brooks@acme-fake.test,,,,,,,,REF-2972,,Beta,Active Customer,Followed up on the open items from last week.,Silverline Partners Group,Keystone Robotics LLP,Active,Standard,Australia,,,,Aligned on billing and renewal terms.,Renewal,,,,Y,Financial Services,,,,,,,,,,,Website,SKU-2414,REF-3404,Emerson Vance,TAG-6538,TAG-1077,TAG-2473,4379,,,Delta,,TAG-1459,TAG-4905,,Delta,,,,,Omar Haddad,,Arizona,Y,,LOT-4012,,,,,,SKU-4671,8608,100001,Company,100253,rowan.ashby@sampleco.test,Elena Mensah,2024-01-24 20:48:00,morgan.reyes@demomail.test,Yara Reyes,2024-11-03 09:52:00,marco.rossi@examplecorp.test,Omar Calder,2023-01-19 15:30:00,jordan.sato@examplecorp.test,,2025-01-26 10:23:00,Y,100001,100001,100001,100001,,,100001,100001,,,100001,100001,100001,100001,100001,,100001,2025-01-11 13:45:00,8769,533,Beta,Alpha,Beta,TAG-9838,2923,5867,7067,106,9274,Delta,2025-02-27 12:28:00,8868,6250,Gamma,Alpha,Gamma,Beta,2974,7656,6356,896,5717,Gamma,2026-02-28 00:05:00,,,,TAG-2282,Gamma,,,,,,,,2024-11-15,,412,,,,,,,,,2747,,2024-09-13,,,Gamma,LOT-6315,,,,,,,,,2025-08-21,,2903,Delta,,,,,,,,,Other,2023-06-28,,,,,,,,,,,,,2024-10-07,,,,,,,4894,,,,464,,Shared the updated proposal for review.
,,Morgan Okafor,Rowan Patel,,,TAG-7008,,SKU-1157,,REF-4870,,REF-3959,,,fatima.blake@examplecorp.test,,Reese Rossi,,,,,,SKU-5822,"109,658",,Referral Partner,Reviewed performance and gathered feedback.,Ironwood Industries Corp,Harbor Foods Inc,Active,Delta,Germany,,,,Resolved the outstanding question about scope.,Standard,,LOT-5195,,Y,Energy,,,,,,,,,,,Partner,,,Fatima Nguyen,,TAG-9153,REF-9546,6473,,,Standard,,TAG-7405,REF-4334,,Beta,,,,,Aisha Ivanov,,Florida,Y,,TAG-3529,,,,,,TAG-5010,5378,100001,Company,100256,casey.blake@demomail.test,Quinn Garcia,2026-07-17 01:51:00,arjun.cohen@demomail.test,Drew Cohen,2024-09-12 11:52:00,rowan.haddad@acme-fake.test,Elena Costa,2023-09-29 12:44:00,liam.dorsey@sampleco.test,Chen Nguyen,2025-07-05 17:40:00,Y,100001,100001,100001,100001,,,100001,100001,,100001,100001,100001,100001,100001,100001,,100001,2023-05-11 21:33:00,2050,6414,Gamma,Standard,Beta,SKU-2620,4908,6694,6114,9437,2531,Beta,2023-07-24 20:04:00,2684,6865,Gamma,Other,Standard,Gamma,9763,5599,9706,4319,7161,Beta,2024-03-12 03:27:00,,,,,,,,,,,,,2023-09-17,,1325,,,,,,,8023,,705,Standard,2025-06-28,,1066,,SKU-7664,,,,,7215,,,,2024-02-06,,147,,,,REF-9437,,,,,,,2024-01-08,,,,,,,4167,,,,,,2026-05-21,,,,,,,,,,,8146,,Followed up on the open items from last week.
,,Morgan Ashby,Arjun Garcia,,,LOT-1376,SKU-1858,TAG-1411,,,,,,,marco.nguyen@examplecorp.test,,,,,,,,REF-5523,,,Prospect,Resolved the outstanding question about scope.,Granite Manufacturing LLP,Blue Ridge Energy Group,Active,,India,,,,Scheduled a check-in for the coming month.,Enterprise,,,,N,Real Estate,,,,,,,,,,,Website,REF-3359,SKU-6447,Priya Calder,REF-3325,TAG-5004,,3823,,,Other,,TAG-9477,LOT-8077,,Gamma,,,,,Fatima Blake,,Florida,Y,,,,,,,,SKU-6208,7519,100001,Company,100257,casey.larsson@examplecorp.test,Casey Ivanov,2024-07-17 20:42:00,fatima.cohen@acme-fake.test,Drew Mercer,2026-06-16 03:54:00,sofia.okafor@acme-fake.test,Reese Sato,2022-12-12 01:25:00,noah.sato@sampleco.test,Marco Okafor,2023-12-24 01:08:00,N,100001,100001,100001,100001,100001,,100001,100001,,100001,100001,100001,,100001,100001,100001,100001,2025-09-10 13:01:00,2394,9725,Standard,Alpha,Other,REF-2630,2669,5859,9894,832,2399,Gamma,2026-03-22 02:27:00,9468,8056,Alpha,Gamma,Alpha,Delta,362,2240,3428,4286,4253,Other,2023-03-18 20:37:00,,,Gamma,LOT-3380,,,9686,,,8709,9542,,2022-12-12,,,,,,,,,385,,6358,,2024-07-02,,,Beta,,,SKU-3063,,,9484,,,,2024-01-22,,,,,,,,,,,,,2022-10-02,,8008,,SKU-3320,,,,,,,,,2023-02-03,,,,,,,,2692,,,,,Noted a concern to revisit at the next sync.
,,Priya Rossi,Mei Ivanov,,,TAG-3095,LOT-1823,SKU-6342,REF-2555,,,SKU-9489,,,aisha.vance@demomail.test,,Chen Ford,,SKU-4953,TAG-5992,,,LOT-7770,,,Active Customer,Aligned on billing and renewal terms.,Silverline Textiles Co,Meridian Robotics LLC,Active,Other,India,,,,Discussed timeline and next steps with the account.,Renewal,,,REF-2799,N,Education,,,,,,,,,,,Referral,SKU-4152,,Aisha Sloan,LOT-7755,,LOT-2156,5753,,N,Alpha,,SKU-4181,REF-1372,,Gamma,,,,,Nina Rossi,,Florida,Y,,SKU-4945,,,,,,SKU-9442,7401,100001,Company,100260,quinn.mercer@examplecorp.test,Drew Ivanov,2026-05-15 04:33:00,avery.vance@acme-fake.test,Jordan Vance,2024-07-19 09:13:00,drew.ashby@acme-fake.test,Liam Calder,2024-07-20 04:26:00,jamie.blake@examplecorp.test,,2023-09-28 21:47:00,N,100001,100001,100001,100001,100001,100001,100001,100001,100001,,,100001,100001,100001,100001,100001,100001,2024-09-03 05:54:00,9216,7992,Standard,Other,Alpha,REF-8233,7671,9300,2880,9014,3481,Other,2022-12-05 07:28:00,7509,7605,Other,Delta,Alpha,Gamma,4808,2616,3140,4141,4940,Delta,2024-07-24 19:30:00,794,,,,,,,8490,,3511,,,2023-02-21,,,,,,,,378,4353,,,Delta,2026-03-26,,,,,SKU-7805,,,,,,,,2026-07-27,,,,,Delta,,,,,,,Delta,2026-05-22,,,,SKU-3740,,,,,,,,,2023-04-22,,,,,,,,,,7597,,Standard,Shared the updated proposal for review.
,SKU-2371,Taylor Rossi,Casey Cohen,,,LOT-3304,TAG-9970,LOT-6846,SKU-2991,,,,,,skyler.reyes@demomail.test,Jordan Garcia,Fatima Nguyen,,,,,,SKU-2279,,,Referral Partner,Reviewed performance and gathered feedback.,Delta Retail Ltd,Silverline Retail Inc,Active,Delta,Mexico,,,,Reviewed performance and gathered feedback.,New Logo,,,,Y,Hospitality,,,,,,,,,,,Inbound Call,TAG-9224,LOT-9770,Taylor Dorsey,REF-2645,TAG-7220,,9335,,,Gamma,,SKU-1278,SKU-7508,,Gamma,,,,,Jordan Rossi,,Colorado,N,,TAG-8185,,,,,,SKU-8596,1413,100001,Company,100263,riley.haddad@examplecorp.test,Marco Garcia,2023-02-12 17:56:00,arjun.okafor@examplecorp.test,Drew Haddad,2022-11-13 14:42:00,rahul.sato@sampleco.test,Arjun Reyes,2023-06-18 02:19:00,nina.dorsey@demomail.test,,2024-04-19 20:11:00,Y,100001,100001,100001,100001,100001,,100001,100001,100001,100001,,100001,100001,,100001,100001,100001,2024-04-24 13:54:00,8169,210,Alpha,Other,Delta,LOT-7922,7388,7875,4060,1677,3847,Standard,2025-06-12 14:13:00,2217,3376,Gamma,Alpha,Other,Alpha,6013,7579,4532,5535,8028,Gamma,2025-07-16 15:14:00,3894,,Beta,,Beta,REF-5996,1562,,,,,,2025-11-13,,,,,,,,,,,,,2025-12-30,,,,,,SKU-3034,,,,,,Gamma,2026-02-01,,,,,,REF-3439,,,,,,,2024-08-11,,,,,,TAG-3181,,,,,,,2026-02-09,,,,,,SKU-3461,,,,587,,,Reviewed performance and gathered feedback.
,LOT-3376,Fatima Sato,Skyler Silva,,,LOT-6520,,,,SKU-1618,,,TAG-7397,,morgan.garcia@demomail.test,Arjun Cohen,,,,,Noah Ashby,,REF-3161,,,Prospect,Scheduled a check-in for the coming month.,Northwind Robotics Corp,Lakeside Systems Group,Active,Other,Canada,,,,Noted a concern to revisit at the next sync.,SMB,,,REF-3407,N,Real Estate,,,,,,,N,,,,Webinar,LOT-3036,TAG-3299,Priya Nguyen,LOT-2199,LOT-6556,,9594,,,Standard,,LOT-8628,,,,,,,,Rowan Mercer,,Texas,Y,,REF-9391,,,,,,SKU-4841,,100001,Company,100264,liam.mensah@sampleco.test,Skyler Blake,2022-12-17 20:55:00,noah.calder@demomail.test,Yara Garcia,2024-12-13 18:23:00,emerson.mensah@acme-fake.test,Marco Okafor,2023-06-09 02:16:00,aisha.calder@demomail.test,,2024-01-23 07:08:00,Y,,100001,100001,100001,100001,,100001,100001,100001,,,100001,100001,100001,100001,100001,100001,2024-08-19 03:49:00,2327,2743,Standard,Delta,Delta,SKU-7000,6185,6756,5974,5723,8795,Delta,2025-07-24 22:35:00,3528,5181,Standard,Beta,Gamma,Other,2616,3198,2836,8358,6444,Alpha,2026-06-30 02:22:00,,,,,,TAG-6055,,,,,,,2025-04-16,7708,,Beta,TAG-3174,Delta,,,1424,,,,,2024-07-22,,,,,,,,,,,,,2023-05-30,,,,,,,,,,,5683,,2025-03-29,,,Other,,,REF-1488,,,,,,,2024-10-06,,,,,,,,5381,239,,8782,,Scheduled a check-in for the coming month.
,LOT-3837,Noah Calder,Liam Cohen,,,TAG-8839,REF-2897,,,,,,,,emerson.mercer@sampleco.test,,,,,,Fatima Brooks,,LOT-5557,,,Active Customer,Reviewed performance and gathered feedback.,Cardinal Capital Ltd,Pioneer Financial Group,Active,Delta,India,,,,Noted a concern to revisit at the next sync.,Renewal,,LOT-3634,LOT-4414,N,Agriculture,LOT-7655,,,,,,,,,,Webinar,LOT-1789,SKU-9212,Arjun Vance,TAG-9762,REF-7045,LOT-3530,6861,,,Delta,,LOT-4797,TAG-6697,,Other,,,,,Riley Ivanov,,Texas,N,REF-5680,TAG-1006,,,,LOT-4309,LOT-5011,SKU-7749,,100001,Company,100267,marco.sato@examplecorp.test,Jamie Ivanov,2023-01-09 03:06:00,yara.haddad@acme-fake.test,Casey Garcia,2023-09-03 01:47:00,liam.silva@demomail.test,Marco Kim,2026-04-06 09:18:00,marco.cohen@examplecorp.test,Marco Cohen,2023-01-03 05:45:00,N,100001,100001,100001,100001,100001,,100001,100001,,100001,100001,100001,100001,100001,,100001,100001,2024-12-05 10:17:00,3,7065,Standard,Standard,Beta,SKU-5118,2292,9445,8522,8612,2450,Other,2024-01-31 04:26:00,6890,1916,Standard,Gamma,Standard,Standard,8359,2926,6253,3382,6325,Delta,2023-04-16 19:22:00,,,,,Gamma,SKU-4701,,,,9621,1478,,2025-02-11,7647,,,SKU-6633,,,2739,6641,,,,,2024-03-23,,,,,,,,,,,,,2026-07-14,7731,,,,,,,,,5010,,,2024-06-27,,6063,Beta,,,,,9104,,,,,2023-06-20,,,,,,,,,,,,,Aligned on billing and renewal terms.
TAG-4307,LOT-5505,Quinn Ashby,Riley Calder,,,,REF-4724,,LOT-7024,,,,,,chen.silva@examplecorp.test,Riley Sloan,,,LOT-1082,LOT-6708,,,REF-3286,,,Active Customer,Followed up on the open items from last week.,Atlas Ventures LLP,Horizon Industries Ltd,Active,Other,Philippines,,,,Followed up on the open items from last week.,New Logo,,,,N,Real Estate,,,,,,,,,,,Inbound Call,SKU-9432,LOT-6909,Fatima Mensah,SKU-1919,LOT-3933,,1040,,,Alpha,,SKU-5990,TAG-1705,,Beta,,,,,Aisha Ivanov,,Washington,N,TAG-4954,TAG-7616,,,,,,REF-2827,3700,100001,Company,100269,drew.dorsey@demomail.test,Elena Haddad,2025-08-07 05:41:00,rahul.nguyen@acme-fake.test,Aisha Brooks,2022-11-12 20:27:00,aisha.haddad@examplecorp.test,Jamie Patel,2023-02-13 12:02:00,avery.calder@examplecorp.test,,2025-02-03 08:38:00,N,100001,100001,100001,100001,100001,,100001,100001,100001,,,100001,,100001,100001,100001,100001,2024-12-28 10:56:00,2562,6563,Delta,Other,Beta,REF-3382,2817,2122,2047,8841,9906,Alpha,2024-09-23 07:05:00,7227,9002,Other,Gamma,Delta,Standard,1556,5528,4371,4064,6648,Gamma,2025-03-22 00:10:00,,1677,,,,,5690,,9925,,,,2023-10-25,,,,,,,,4721,,6943,,,2023-03-30,,2453,,,,,,,,7059,,,2024-08-28,,,,,Alpha,,,1095,,,3189,,2023-10-06,,,,REF-8829,Gamma,,7431,,3221,,,,2024-05-05,,,,,,TAG-7339,,,,,,,Discussed timeline and next steps with the account.
REF-2792,,Riley Whitfield,Morgan Kim,,,TAG-7621,TAG-6105,TAG-6262,SKU-8149,,,LOT-7667,,,arjun.costa@examplecorp.test,,,,TAG-4853,REF-1906,Chen Calder,"240,694",REF-5626,,,Past Customer,Scheduled a check-in for the coming month.,Redwood Health Inc,,Active,Standard,United States,,,,Shared the updated proposal for review.,Standard,,,,Y,Construction,,,,,,,,,,,Referral,,,Drew Garcia,TAG-2032,,,3131,,,Gamma,,REF-7667,SKU-9289,,,,,,,Sofia Sato,,Washington,Y,,TAG-4355,,,,,,TAG-4001,8571,100001,Company,100271,aisha.sato@sampleco.test,Omar Sato,2023-05-23 19:42:00,diego.patel@demomail.test,Rowan Ford,2025-07-19 05:33:00,liam.haddad@examplecorp.test,Noah Silva,2025-01-12 11:20:00,morgan.blake@sampleco.test,,2023-11-09 02:31:00,Y,100001,100001,100001,100001,100001,100001,100001,100001,,100001,100001,100001,100001,100001,100001,,100001,2025-02-22 13:02:00,4305,3165,Gamma,Other,Gamma,SKU-4865,4139,8955,5884,2941,4120,Delta,2025-10-19 11:18:00,9104,1649,Standard,Other,Gamma,Gamma,7890,9406,6879,2260,9115,Other,2025-05-26 22:13:00,6945,,,,,,,,,,,,2025-05-30,,,,,,,,8528,,,,,2023-09-03,,,,,,SKU-4040,,,,,,,2024-03-09,,,Alpha,,,,,,9082,8291,,,2025-12-24,,5063,,,,,,,,,,Delta,2026-02-19,,,,,,,,,,,,,Aligned on billing and renewal terms.
,,Yara Patel,Casey Okafor,,,LOT-8775,SKU-1036,,SKU-2672,,SKU-6573,,,Other,riley.dorsey@examplecorp.test,,,,,TAG-7181,,"184,190",SKU-7120,,,Active Customer,Aligned on billing and renewal terms.,Silverline Systems Group,Delta Retail LLC,Inactive,Alpha,United States,,,,Discussed timeline and next steps with the account.,Enterprise,,,,,Media,,,,,,,,,,,Event,,SKU-8117,Rowan Vance,SKU-3655,REF-3498,,8152,,,Delta,,REF-4314,LOT-5568,,Other,,,,,Alex Dorsey,,Georgia,Y,,LOT-1588,,,,SKU-8512,,LOT-3769,2313,100001,Company,100273,fatima.garcia@examplecorp.test,Chen Patel,2026-06-29 21:00:00,omar.sato@demomail.test,Noah Dorsey,2023-04-11 18:54:00,arjun.haddad@demomail.test,Alex Mensah,2025-09-03 02:50:00,jordan.garcia@demomail.test,,2024-10-24 11:04:00,N,100001,100001,100001,100001,100001,,100001,100001,100001,100001,100001,100001,100001,100001,,,100001,2023-05-02 16:26:00,1201,661,Other,Beta,Delta,LOT-9371,7733,4371,4394,3637,1723,Standard,2025-04-14 19:57:00,679,5095,Standard,Beta,Other,Other,8823,8859,5388,5246,3418,Beta,2026-06-15 13:29:00,,,,,Gamma,,,8218,,,,,2026-04-27,,,,LOT-7337,Standard,,,,,7830,2232,Beta,2024-04-19,,,Standard,,,,,7556,5602,,,Delta,2023-09-01,,,,,Alpha,,,,,,,,2025-11-30,,,,,,,995,,,,,,2022-12-14,,,,,,,,,,,,,Discussed timeline and next steps with the account.
,,Yara Larsson,Jordan Garcia,,,REF-5047,SKU-3188,,,REF-1792,,,TAG-6360,,quinn.garcia@demomail.test,,,,,,,,LOT-2161,,,Past Customer,Aligned on billing and renewal terms.,Summit Robotics Ltd,Delta Media Corp,Inactive,Standard,Canada,,,,Noted a concern to revisit at the next sync.,Enterprise,,,,N,Professional Services,,,,,,,N,,,,Cold Outreach,SKU-7351,TAG-3957,Yara Rossi,TAG-5664,REF-1321,,,,,Gamma,,REF-6227,REF-4590,,Other,,,,,Omar Brooks,,Arizona,Y,,SKU-7460,,,,,,REF-9688,2606,100001,Company,100275,omar.vance@demomail.test,Morgan Patel,2025-07-27 13:17:00,rahul.silva@acme-fake.test,Nina Reyes,2023-07-25 17:11:00,riley.patel@acme-fake.test,Jamie Whitfield,2022-12-24 15:03:00,avery.sloan@demomail.test,,2023-11-13 18:19:00,Y,100001,100001,,100001,100001,,100001,100001,100001,100001,,100001,100001,100001,100001,100001,100001,2025-10-26 08:54:00,1612,4637,Alpha,Alpha,Beta,LOT-5046,1491,6547,7092,4740,8317,Other,2023-11-03 10:46:00,532,3420,Gamma,Delta,Other,Alpha,7536,2967,3653,7958,5617,Delta,2024-03-27 07:35:00,,7308,Standard,,,,,,,,,,2024-04-08,,,Delta,,,,,3913,,,,Beta,2026-01-03,,,,,,,,,,,,,2024-08-23,7297,,,,,TAG-5986,,,,,,,2024-02-26,,,,,,,,,,,,,2024-07-13,,,,,,,,,,65,,,Followed up on the open items from last week.
,TAG-5906,Jamie Garcia,Rahul Nguyen,,,SKU-4943,,LOT-5209,,,,,,,casey.ivanov@demomail.test,,,,,LOT-6266,Yara Larsson,,TAG-2956,,,Past Customer,Reviewed performance and gathered feedback.,Pioneer Ventures Corp,Granite Energy LLP,Active,Gamma,United Kingdom,,LOT-6732,LOT-5526,Scheduled a check-in for the coming month.,Enterprise,,,SKU-1093,N,Agriculture,,,,,,,N,,,,Referral,TAG-8930,,Casey Mercer,LOT-5645,LOT-6523,TAG-5792,,,,Standard,,LOT-4047,SKU-7212,,Delta,,"105,030",,,Elena Okafor,,Washington,Y,,LOT-3995,,,,,REF-9500,TAG-3901,,100001,Company,100277,jordan.rossi@acme-fake.test,Jordan Okafor,2023-09-14 02:56:00,liam.haddad@examplecorp.test,Diego Ivanov,2024-11-27 21:30:00,sofia.mensah@examplecorp.test,Sofia Nguyen,2025-08-09 11:37:00,rowan.ivanov@examplecorp.test,,2025-02-25 08:14:00,N,100001,100001,100001,100001,100001,,100001,100001,100001,100001,100001,100001,,100001,100001,100001,100001,2025-03-26 14:31:00,149,3408,Gamma,Alpha,Beta,TAG-7623,4896,4152,3886,3370,7712,Gamma,2026-07-11 23:11:00,4486,4856,Other,Beta,Delta,Beta,7576,4364,1451,7005,4124,Delta,2026-05-16 06:55:00,,,,REF-7703,,,,,,,7389,,2023-09-26,,2052,,,Gamma,,,,,505,,,2026-04-03,,7929,,,,,,,,,,,2025-02-07,,2661,,,,,,,9372,,,,2022-12-29,,,Gamma,,,,,,,4847,,,2025-11-14,,,,,,,,,,,,,Aligned on billing and renewal terms.
,,Quinn Ford,Diego Patel,,,,REF-7288,,,LOT-2598,LOT-1973,,,Delta,riley.costa@acme-fake.test,,,,,,,,REF-2031,,,Referral Partner,Resolved the outstanding question about scope.,Copper Capital Ltd,Beacon Logistics Corp,Active,Other,Australia,,,,Scheduled a check-in for the coming month.,Renewal,,,,N,Agriculture,TAG-5082,,,,,,,,,,LinkedIn,SKU-5744,TAG-7766,Yara Ashby,LOT-6412,SKU-2231,,530,,,Standard,,SKU-7606,LOT-1037,,,,,Delta,,Chen Nguyen,,Arizona,N,,TAG-7640,,,,,,SKU-2781,901,100001,Company,100278,morgan.ford@demomail.test,Arjun Costa,2025-04-25 19:45:00,diego.mensah@demomail.test,Avery Ford,2024-07-07 11:45:00,reese.rossi@demomail.test,Priya Brooks,2026-02-16 14:09:00,avery.silva@acme-fake.test,,2025-02-26 06:16:00,Y,,100001,100001,100001,100001,100001,100001,100001,100001,100001,,,,100001,100001,100001,100001,2023-03-18 16:44:00,3044,4725,Gamma,Standard,Other,LOT-2169,5843,9695,4798,3704,4064,Standard,2024-01-11 03:55:00,7988,3685,Beta,Delta,Delta,Beta,1209,5315,8721,7123,5572,Other,2026-05-19 14:17:00,,,Other,,,,,,,,,Alpha,2023-04-27,,9763,,SKU-3387,Gamma,,,,,,3887,,2023-12-06,,,,,,,,,,,,,2025-09-21,,,,,,,2559,,3843,,,,2024-02-02,,,,,,,,,,,,,2025-03-16,,,Gamma,,,,,2387,,,,,Shared the updated proposal for review.
,LOT-9132,Omar Rossi,Rowan Larsson,,,SKU-1834,SKU-6710,TAG-6389,,SKU-6759,,,,Beta,avery.nguyen@demomail.test,,,,,,Nina Cohen,,TAG-2360,,,Active Customer,Reviewed performance and gathered feedback.,Cardinal Textiles Corp,Keystone Ventures LLC,Active,Standard,Canada,,,,Resolved the outstanding question about scope.,New Logo,,,,N,Professional Services,,,,,,,,,,,LinkedIn,REF-2846,,Rowan Brooks,TAG-6033,LOT-4188,,4846,,,Other,,SKU-4858,SKU-5009,,Alpha,,,,,Quinn Mercer,,Arizona,Y,TAG-9147,TAG-8561,,,,,SKU-4467,REF-9181,8065,100001,Company,100281,arjun.larsson@acme-fake.test,Mei Larsson,2023-01-21 14:11:00,noah.okafor@acme-fake.test,Priya Dorsey,2025-02-08 20:31:00,noah.ford@examplecorp.test,Omar Calder,2024-01-09 02:02:00,rowan.vance@acme-fake.test,,2026-02-02 17:13:00,N,100001,100001,100001,100001,100001,100001,100001,100001,100001,,100001,100001,,100001,100001,100001,100001,2025-10-14 00:03:00,7743,9827,Gamma,Delta,Alpha,TAG-3035,7511,6464,2187,6748,6546,Beta,2026-07-28 20:23:00,3370,6718,Alpha,Gamma,Delta,Alpha,2783,8170,5786,5957,4652,Standard,2024-10-08 03:11:00,,678,,,,TAG-5470,,,,,,,2024-04-10,,,,LOT-3701,,,4152,,,,,,2024-06-20,,7804,,,LOT-3612,REF-1599,1467,,,,8873,,2024-04-12,,,,,,,,,,,,,2022-10-12,406,,,,,REF-5851,,,,,,,2025-03-28,,,,SKU-5349,,,,,,,,,Followed up on the open items from last week.
,,Aisha Sloan,Jordan Larsson,,,,REF-5424,SKU-4386,,,,LOT-1489,REF-2815,,aisha.mercer@demomail.test,,,,REF-8337,,,,,"212,945",,Referral Partner,Aligned on billing and renewal terms.,Redwood Textiles LLC,Horizon Retail LLP,Active,Standard,United Kingdom,,,,Discussed timeline and next steps with the account.,Renewal,,,TAG-8743,N,Agriculture,SKU-1579,,,,,,,,,,Website,LOT-7516,SKU-7703,Jordan Vance,SKU-4189,,,3965,,,,,LOT-2324,TAG-8550,,Alpha,,,,,Emerson Cohen,,Florida,Y,,SKU-5534,,,,,LOT-2124,REF-6108,8337,100001,Company,100284,omar.brooks@sampleco.test,Chen Sloan,2024-06-30 04:12:00,omar.calder@examplecorp.test,Riley Dorsey,2024-08-03 10:01:00,marco.sloan@acme-fake.test,Arjun Mercer,2026-07-05 05:56:00,skyler.haddad@examplecorp.test,,2022-12-25 20:40:00,N,100001,100001,,100001,100001,100001,100001,100001,100001,,100001,100001,,100001,100001,100001,100001,2026-03-16 07:18:00,7455,8078,Standard,Alpha,Other,LOT-5821,8906,5473,6870,7273,6790,Delta,2023-10-21 18:24:00,5972,5397,Delta,Gamma,Standard,Alpha,700,6366,5402,8507,4792,Standard,2024-05-18 15:39:00,2787,,Standard,,,,,,,,6554,,2026-07-23,,,Delta,SKU-7463,,,,,,,,,2023-03-01,,,,,,,,,,,566,,2024-12-27,,,,,,,5391,,9738,,,,2024-08-04,,,,,,,,,,,,,2025-12-25,,,,,,,,,,,,Other,Reviewed performance and gathered feedback.
,,Fatima Mercer,Nina Brooks,,,REF-2065,SKU-5708,LOT-9772,LOT-9189,,,TAG-7460,SKU-9795,,alex.calder@acme-fake.test,,Elena Mensah,,,,,,LOT-8464,,,Active Customer,Followed up on the open items from last week.,Beacon Partners Corp,Falcon Textiles Corp,Inactive,Beta,United Kingdom,,,,Scheduled a check-in for the coming month.,Standard,,,,N,Real Estate,,,,,,,,,,,Inbound Call,TAG-6150,,Jordan Okafor,LOT-5900,TAG-9078,SKU-4751,3741,,,Standard,,SKU-6551,REF-3475,,Alpha,,,,,Noah Ashby,,Florida,N,,TAG-9561,,,,,LOT-5620,TAG-7113,9756,100001,Company,100286,liam.larsson@acme-fake.test,Mei Okafor,2025-02-16 01:02:00,riley.patel@demomail.test,Drew Kim,2026-07-17 17:47:00,rowan.larsson@acme-fake.test,Skyler Mercer,2022-11-06 09:33:00,taylor.calder@sampleco.test,,2024-04-02 14:45:00,N,100001,100001,100001,100001,100001,,100001,100001,,100001,100001,100001,100001,100001,100001,100001,100001,2023-11-17 22:21:00,9080,647,Other,Alpha,Delta,SKU-8086,8256,361,1681,8506,9873,Other,2024-01-15 19:50:00,7354,4050,Gamma,Beta,Standard,Alpha,4568,4206,3698,3295,2128,Other,2024-05-12 18:02:00,,3182,,,,,7420,,2582,5852,3373,Alpha,2026-04-11,,,,,,,,,,,,Beta,2022-10-10,,,,,,,,,,,,,2023-11-22,,,,,Gamma,,,,901,,,,2024-09-30,,,,,,,,,,,,,2022-11-29,,,,TAG-3745,,,,6969,,,,Other,Noted a concern to revisit at the next sync.
LOT-2703,,Jamie Ivanov,Quinn Brooks,,,LOT-7876,TAG-5840,,,,,,,,yara.sloan@demomail.test,,Drew Whitfield,,,LOT-4508,,,TAG-1161,,,Active Customer,Discussed timeline and next steps with the account.,Brightpath Media Ltd,Summit Industries Inc,Active,Delta,Germany,,,,Reviewed performance and gathered feedback.,Renewal,,,,Y,Professional Services,,,,,,,,,,"105,183",LinkedIn,,,Elena Brooks,LOT-1152,TAG-8135,SKU-6820,725,,,Delta,,SKU-4476,LOT-8663,,Standard,,,,,Fatima Sato,,Texas,Y,,TAG-1627,,,,LOT-1071,,,5264,100001,Company,100288,jordan.mensah@acme-fake.test,Casey Okafor,2024-04-24 01:34:00,avery.brooks@acme-fake.test,Liam Larsson,2026-06-14 04:46:00,mei.brooks@demomail.test,Riley Calder,2024-10-30 16:02:00,yara.ford@sampleco.test,Priya Vance,2024-05-23 12:48:00,Y,,100001,100001,100001,100001,,100001,100001,,,,100001,,100001,100001,100001,100001,2025-02-23 14:27:00,9813,6206,Beta,Gamma,Other,LOT-3940,6162,8708,1673,7545,9176,Gamma,2023-08-12 16:02:00,7351,862,Other,Alpha,Standard,Delta,1922,1432,7084,8304,7366,Delta,2023-01-22 14:32:00,,,,,,,,7364,,9408,,Standard,2023-05-03,,8510,Alpha,,,REF-7696,,,,,,,2023-12-31,,,,,,,,,,,,,2025-06-18,5578,,,,,,,,,,,,2022-12-11,,,,SKU-4046,,,5395,,8218,,,,2022-10-13,,,,,,,,,,,,,Scheduled a check-in for the coming month.
,,Fatima Sloan,Riley Whitfield,,,TAG-9020,,SKU-7629,,LOT-2373,,,,,yara.ford@demomail.test,,,,,SKU-9048,,,SKU-2456,"154,698",,Past Customer,Followed up on the open items from last week.,Pioneer Financial,Harbor Health LLP,Active,Alpha,Germany,,,,Aligned on billing and renewal terms.,Renewal,,,,N,Financial Services,,,,,,,,,,,Inbound Call,TAG-9528,,Fatima Patel,SKU-6883,,,,,,Alpha,,SKU-2468,LOT-3709,,Gamma,,,,,Jordan Ivanov,,Washington,N,,,,,,,,REF-6092,,100001,Company,100291,noah.mercer@sampleco.test,Sofia Mensah,2023-10-07 06:23:00,quinn.ivanov@acme-fake.test,Chen Brooks,2024-07-31 16:46:00,emerson.kim@demomail.test,Alex Dorsey,2023-12-26 19:26:00,jordan.kim@demomail.test,,2024-12-23 00:19:00,Y,100001,100001,100001,100001,100001,100001,100001,100001,,100001,,100001,,100001,100001,100001,100001,2026-05-10 23:37:00,1848,8206,Standard,Delta,Beta,LOT-5205,3487,66,8975,4754,3607,Other,2024-07-20 08:05:00,9636,9638,Delta,Gamma,Alpha,Standard,9649,1379,2246,715,1466,Alpha,2026-03-12 21:49:00,7324,,,,,,,,,,,,2025-07-26,,6529,,,Delta,,,,,,,,2024-12-01,,,,,,,,1596,,,,,2025-03-24,,,,,,,,,,,,,2024-02-05,,,,,Alpha,,,,,4243,,Gamma,2026-07-25,,,,,,,,,8216,,,,Scheduled a check-in for the coming month.
,,Taylor Ashby,Emerson Ford,,,REF-4521,REF-3857,SKU-7790,,,,,,,yara.silva@sampleco.test,,Mei Patel,,,,Omar Blake,,TAG-6796,,,Active Customer,Scheduled a check-in for the coming month.,Silverline Systems LLP,Summit Industries Ltd,Active,,United Kingdom,Other,,,Followed up on the open items from last week.,Enterprise,,LOT-8618,REF-8324,N,Education,,,,"125,184",,,,,,,Event,TAG-3877,SKU-6536,Liam Okafor,LOT-4430,,,3297,,,Alpha,,REF-7491,LOT-6657,,Gamma,,"191,735",,,Noah Haddad,,Washington,Y,,LOT-2974,,,,,,LOT-3460,3667,100001,Company,100292,quinn.whitfield@examplecorp.test,Chen Nguyen,2025-10-03 03:29:00,priya.garcia@examplecorp.test,Omar Dorsey,2025-01-28 00:05:00,priya.costa@examplecorp.test,Diego Haddad,2023-06-13 15:56:00,yara.larsson@demomail.test,Jordan Sloan,2025-02-04 08:20:00,Y,100001,100001,100001,100001,100001,100001,100001,100001,100001,100001,,100001,100001,100001,100001,100001,100001,2026-01-08 22:31:00,7585,8793,Other,Other,Standard,TAG-2094,7925,3810,1228,195,1309,Beta,2024-01-07 12:31:00,915,4894,Other,Standard,Delta,Delta,5052,4012,2152,8049,5179,Beta,2025-08-08 20:36:00,,,,,,,8011,,,,,,2024-02-13,,611,Other,,,SKU-9975,,7247,5218,,9429,,2025-06-22,8314,,,,,,,,3114,,,,2023-08-13,,,,,,,,,,,,,2025-03-08,,,,,,,1051,8653,,,,,2023-11-23,,,,,,,,,,,,,Followed up on the open items from last week.
,,Elena Kim,Chen Sato,,,,TAG-1780,,SKU-1542,,,,,Beta,morgan.reyes@examplecorp.test,,,,,TAG-2992,,,REF-4628,,,Active Customer,Scheduled a check-in for the coming month.,Harbor Financial LLP,Granite Logistics LLP,Inactive,Gamma,Germany,,,,Shared the updated proposal for review.,Renewal,,,,Y,Media,,,,,,,,,,,Referral,TAG-4979,LOT-4804,Priya Larsson,,LOT-3164,,9146,,,Alpha,,SKU-6622,LOT-6776,,Alpha,,,,,Nina Reyes,,Texas,N,,SKU-6710,,,,LOT-8906,,SKU-2718,,100001,Company,100295,mei.nguyen@demomail.test,Sofia Sato,2026-05-30 20:05:00,priya.rossi@examplecorp.test,Chen Nguyen,2025-09-29 17:03:00,riley.rossi@demomail.test,Jamie Rossi,2025-11-20 06:01:00,drew.okafor@sampleco.test,Fatima Silva,2025-07-08 18:47:00,Y,100001,100001,100001,100001,,100001,100001,100001,100001,100001,100001,100001,,100001,100001,,100001,2025-08-16 09:34:00,5997,4095,Alpha,Standard,Gamma,REF-4817,6558,6549,4370,8115,4449,Gamma,2023-06-18 11:23:00,6557,4996,Beta,Delta,Beta,Gamma,2245,1823,8393,1812,122,Gamma,2023-05-10 16:36:00,,,,,,,,,,7104,,,2024-03-26,,,,,,,,,,,,,2026-06-07,,,,,,,,,,,,Delta,2024-12-10,,5963,,,Gamma,SKU-6225,,,,,7939,,2026-01-26,,,,,,,,,,7850,,,2025-08-22,4272,1910,,,,,,,,,,,Followed up on the open items from last week.
,LOT-9746,Aisha Silva,Skyler Mensah,,,REF-5241,SKU-5049,TAG-6819,,,,,,Alpha,rowan.sloan@acme-fake.test,,Reese Nguyen,,,,Rahul Garcia,,REF-7555,,,Active Customer,Scheduled a check-in for the coming month.,Lakeside Dynamics LLC,Meridian Financial Co,Active,Beta,United Kingdom,Alpha,,,Resolved the outstanding question about scope.,Standard,,,,N,Real Estate,SKU-5121,,,,,,N,,,,Webinar,SKU-4863,,Casey Brooks,REF-6363,TAG-7875,,1223,,,Alpha,,SKU-9991,,,Standard,,,,,Avery Dorsey,Scheduled a check-in for the coming month.,Arizona,N,,SKU-4226,,,,,,TAG-1493,7362,100001,Company,100296,casey.sloan@demomail.test,Chen Reyes,2023-10-26 08:32:00,diego.brooks@examplecorp.test,Drew Vance,2023-02-09 14:39:00,jamie.whitfield@sampleco.test,Morgan Garcia,2023-06-28 09:24:00,liam.whitfield@examplecorp.test,,2024-06-21 12:38:00,Y,100001,100001,100001,100001,100001,,100001,100001,,100001,,100001,100001,,100001,,100001,2024-09-23 18:16:00,6226,6162,Delta,Gamma,Beta,SKU-7561,6351,2365,5874,1362,9189,Other,2023-01-28 00:30:00,1353,7869,Alpha,Alpha,Gamma,Gamma,5065,9601,8312,4710,5872,Gamma,2024-05-05 19:27:00,,,,,,TAG-1412,16,5805,,,,,2025-01-03,,,,,,,1268,,8866,,1806,,2024-09-02,,,,,,,,,6742,,3106,,2025-10-04,,5118,,,,,,4507,,4700,,,2026-03-28,,,,,,,,,,,,,2025-04-26,,863,,,,,,,,,,,Followed up on the open items from last week.
,,Avery Ashby,Quinn Blake,,,REF-8681,,,,REF-8616,,,,Beta,alex.brooks@examplecorp.test,,,,,LOT-1179,,,REF-6134,,,Active Customer,Followed up on the open items from last week.,Evergreen Industries Co,Everest Networks LLP,Active,Alpha,United Kingdom,,,,Resolved the outstanding question about scope.,SMB,,REF-6521,,Y,Financial Services,,,,,,,,,,,LinkedIn,,SKU-3768,Reese Patel,,LOT-8984,TAG-3796,8475,,,Gamma,,TAG-1331,REF-5297,,Alpha,,,,,Omar Ford,,Arizona,Y,,TAG-4311,,,,SKU-8229,,REF-2199,6525,100001,Company,100298,chen.calder@demomail.test,Nina Larsson,2026-03-28 12:03:00,fatima.kim@acme-fake.test,Priya Costa,2024-05-31 22:45:00,quinn.sloan@sampleco.test,Riley Reyes,2024-05-02 23:51:00,quinn.ashby@acme-fake.test,,2023-10-29 00:19:00,Y,100001,100001,100001,100001,,100001,100001,100001,100001,100001,,100001,,100001,100001,100001,100001,2023-06-21 10:35:00,8933,350,Beta,Gamma,Delta,TAG-1608,1085,2195,9794,7396,8726,Beta,2024-08-23 05:24:00,3101,2136,Gamma,Gamma,Other,Delta,472,9192,3970,952,7220,Alpha,2025-09-18 14:17:00,,,Gamma,,,SKU-3036,,,1818,1441,,Other,2023-01-18,,,,,,LOT-4091,,,430,,1216,,2023-03-11,,,,,LOT-8081,,,,,,5241,,2024-01-24,,,,,,,,,,,,,2026-04-04,,,,,,,,,,,,,2024-08-20,,,,,LOT-1287,,,,,,,,Followed up on the open items from last week.
,,Nina Costa,Drew Okafor,,,TAG-5476,TAG-5707,LOT-7099,,,,,LOT-1485,,yara.sloan@sampleco.test,,,,,,,,LOT-1548,,,Prospect,Followed up on the open items from last week.,Horizon Holdings Inc,Harbor Logistics LLP,Active,Gamma,Canada,,,,Noted a concern to revisit at the next sync.,SMB,,,,Y,Education,,,,,,,,,,,Website,REF-5334,LOT-5855,Morgan Brooks,REF-8990,LOT-3283,,6545,,,Other,,SKU-9784,TAG-2608,,Standard,,,,,Priya Larsson,,Florida,Y,,LOT-6498,,,,,,REF-2654,4201,100001,Company,100299,jordan.kim@examplecorp.test,Skyler Calder,2025-04-12 21:36:00,quinn.mercer@demomail.test,Nina Haddad,2025-12-23 23:53:00,avery.ashby@demomail.test,Reese Reyes,2026-03-07 06:28:00,noah.mercer@examplecorp.test,,2025-08-16 21:26:00,Y,100001,100001,,100001,100001,100001,100001,100001,100001,100001,,100001,100001,100001,100001,,100001,2023-11-16 13:53:00,2795,2302,Gamma,Standard,Beta,SKU-6236,9748,7803,9077,2102,5088,Standard,2025-05-03 06:54:00,9855,6179,Standard,Delta,Standard,Standard,9537,5967,6575,2359,2969,Standard,2025-11-29 17:15:00,,,,,,,,,,,,,2023-01-09,3358,,,,,,,,,,,,2023-01-16,,,Standard,REF-2466,,,,,,,,,2024-05-23,,,,,,SKU-7213,,,,,,,2023-08-14,,7916,,,,,,8068,5288,,,,2022-11-29,,6860,Standard,,,,,,,,9833,,Scheduled a check-in for the coming month.
,,Avery Whitfield,Reese Nguyen,,,,TAG-5191,TAG-7904,TAG-7042,TAG-2068,,,,,fatima.whitfield@sampleco.test,,,,,,,,SKU-6711,,,Active Customer,Followed up on the open items from last week.,Lakeside Retail,Blue Ridge Networks Group,Active,Standard,United States,,REF-2148,,Scheduled a check-in for the coming month.,Standard,,,,Y,Healthcare,TAG-7800,Gamma,,,,,,,,,Webinar,,,Alex Reyes,LOT-9242,LOT-4511,,3547,,,Gamma,,SKU-5736,,,Standard,,,,,Aisha Cohen,Noted a concern to revisit at the next sync.,Illinois,N,,SKU-5789,,,,,,,,100001,Company,100300,mei.okafor@sampleco.test,Rowan Cohen,2024-09-17 21:02:00,avery.mensah@acme-fake.test,Reese Whitfield,2026-05-20 20:25:00,noah.haddad@sampleco.test,Morgan Calder,2025-07-22 17:27:00,aisha.whitfield@acme-fake.test,,2023-02-13 13:40:00,N,100001,100001,100001,100001,100001,100001,100001,100001,100001,,,,100001,100001,100001,100001,100001,2024-06-05 01:23:00,1884,5840,Standard,Other,Standard,REF-5290,2102,1325,211,7416,8906,Other,2024-08-08 02:07:00,6481,8965,Other,Delta,Delta,Alpha,4948,4791,7350,3843,9579,Gamma,2024-11-26 05:34:00,,,,,,,,,,,,,2024-07-11,,7506,,,,,1033,1709,,4129,,,2023-10-17,,,,,,,,1532,,,,,2023-09-04,,,,,,,,,,,,,2023-02-21,,,,,,,,,,,,,2025-02-13,,,,,,LOT-1555,,,,,,Delta,Shared the updated proposal for review.
,,Mei Sato,Jamie Rossi,,,TAG-8851,SKU-7195,LOT-2459,TAG-2123,,,,TAG-2663,,mei.larsson@acme-fake.test,,,,,,,"50,069",REF-4314,,,Active Customer,Noted a concern to revisit at the next sync.,Granite Financial Inc,Atlas Holdings,Active,Delta,India,,,,Resolved the outstanding question about scope.,Renewal,,,,N,Agriculture,,,,,,,,,,,Partner,TAG-1704,,Emerson Whitfield,LOT-2536,REF-1256,TAG-1154,,,,Gamma,,REF-4992,REF-9070,,Other,,,,,Arjun Mercer,,Texas,N,,SKU-8834,,,,,,SKU-9522,,100001,Company,100303,jamie.ivanov@sampleco.test,Riley Ivanov,2023-08-03 22:28:00,noah.blake@sampleco.test,Rowan Dorsey,2024-08-05 16:58:00,jamie.cohen@sampleco.test,Avery Ivanov,2025-02-02 02:51:00,quinn.nguyen@demomail.test,,2024-09-26 21:19:00,N,100001,100001,100001,100001,100001,100001,100001,100001,100001,100001,100001,100001,100001,100001,100001,100001,100001,2024-04-19 09:29:00,6813,7631,Standard,Other,Standard,TAG-3544,2809,3740,1732,4102,7931,Alpha,2023-02-19 21:13:00,384,9462,Alpha,Other,Other,Alpha,4736,8474,4471,7505,4724,Beta,2024-01-08 16:16:00,,4337,,,Standard,,9742,6149,,3637,,Beta,2025-11-03,6599,1911,Standard,,,TAG-3172,,800,,,,,2023-08-21,9906,,,,,,,,,,,Delta,2023-03-07,,,Alpha,,,,,,,,9628,,2023-12-25,,,,SKU-3039,,,,,,,,Beta,2023-07-20,,,,,,,,,,,,,Resolved the outstanding question about scope.
,,Mei Dorsey,Skyler Ivanov,,,REF-9169,SKU-1651,,REF-1196,REF-2968,,,SKU-7722,,skyler.kim@sampleco.test,,,,,,,"155,355",TAG-6493,,,Past Customer,Discussed timeline and next steps with the account.,Vertex Solutions Inc,Redwood Foods,Active,Alpha,Germany,,,,,Renewal,,,,Y,Telecommunications,,,,,,,,,,,Website,SKU-8572,LOT-4698,Drew Ivanov,REF-1964,LOT-8654,SKU-8074,8226,,,Other,,LOT-6323,REF-1795,,,,,,,Quinn Okafor,,Texas,N,,SKU-7878,,,,,,LOT-7542,8241,100001,Company,100305,chen.haddad@acme-fake.test,Rahul Sloan,2026-02-10 08:19:00,casey.mensah@examplecorp.test,Morgan Mensah,2023-02-03 20:25:00,fatima.larsson@acme-fake.test,Jamie Mercer,2024-04-22 08:52:00,omar.ford@sampleco.test,Taylor Vance,2025-01-20 18:16:00,N,100001,100001,100001,100001,100001,,100001,100001,,100001,,100001,,100001,100001,100001,100001,2025-02-08 13:22:00,2959,8451,Standard,Alpha,Beta,SKU-6036,7218,1403,1256,2915,3540,Delta,2024-04-11 03:20:00,8662,881,Delta,Standard,Other,Gamma,2976,3294,9777,3862,6053,Alpha,2025-01-14 09:40:00,7408,,Standard,,,REF-3043,,,,,,,2024-08-29,6220,8398,Other,,,LOT-7551,,8853,,,,Gamma,2024-08-01,,,,,,,2427,,,,7138,,2024-09-26,6289,,,,,LOT-4451,,,,1975,,,2022-11-30,,,,TAG-4158,,SKU-2283,,,,,,Standard,2023-10-05,,,,,,,9540,,,,,,Aligned on billing and renewal terms.
REF-9108,,Taylor Garcia,Casey Sloan,,,LOT-1209,REF-8314,REF-3549,,,REF-4782,,,,drew.rossi@examplecorp.test,Aisha Haddad,,,TAG-8248,,,,TAG-8091,,,Active Customer,Reviewed performance and gathered feedback.,Granite Retail Corp,Beacon Retail LLP,Active,Alpha,Australia,Other,,,Aligned on billing and renewal terms.,Renewal,,,,N,Financial Services,,,,,,,,,,,Webinar,REF-8168,,Aisha Garcia,TAG-4371,SKU-1789,,7427,,,Alpha,,REF-5890,TAG-7951,,Beta,,,,,Mei Blake,,California,Y,,TAG-7174,,,,,,TAG-7075,,100001,Company,100307,riley.larsson@sampleco.test,Rowan Ashby,2024-10-24 06:17:00,casey.brooks@examplecorp.test,Nina Dorsey,2023-07-13 17:29:00,jordan.kim@demomail.test,Elena Okafor,2023-07-19 04:22:00,noah.sloan@acme-fake.test,,2023-02-28 15:31:00,Y,,100001,100001,100001,100001,100001,100001,100001,,,100001,100001,,100001,100001,100001,100001,2025-04-06 05:01:00,937,8131,Other,Other,Alpha,TAG-1573,178,1888,8020,5494,1064,Delta,2024-06-13 16:03:00,1832,61,Beta,Standard,Alpha,Delta,1817,9893,4840,2314,2926,Other,2026-07-06 11:08:00,,,,,Beta,,,,,,,,2023-09-24,,,,,Beta,,,,,420,,,2023-09-12,,,,,,,,,,,,,2026-04-04,,,,,,,,,,,,,2025-04-22,,,,,,LOT-4427,,,,,,,2023-03-08,,,,,,,1529,,,,,,Shared the updated proposal for review.
,,Morgan Calder,Mei Blake,,,,TAG-3399,TAG-1343,REF-1262,REF-7678,TAG-9357,,,,jordan.rossi@acme-fake.test,,,,LOT-3897,,,,REF-9803,,,Past Customer,Reviewed performance and gathered feedback.,Blue Ridge Partners Ltd,Northwind Industries LLP,Active,Alpha,Germany,,,,Resolved the outstanding question about scope.,Renewal,,SKU-9951,,Y,Construction,TAG-8794,,,,,,,,,,Cold Outreach,,,Avery Mercer,LOT-1294,REF-3002,,5429,,,Other,,SKU-9913,,,Gamma,,,,,Jordan Rossi,,Colorado,N,,SKU-5288,,,,,,,5567,100001,Company,100309,sofia.kim@sampleco.test,Noah Silva,2023-11-15 16:25:00,morgan.okafor@sampleco.test,Mei Mensah,2025-03-08 09:06:00,jordan.okafor@demomail.test,Arjun Brooks,2024-01-19 15:38:00,riley.kim@demomail.test,,2025-06-06 20:52:00,N,100001,100001,100001,100001,100001,,100001,100001,100001,,100001,100001,100001,100001,100001,100001,100001,2024-09-20 10:55:00,5423,2358,Other,Gamma,Alpha,LOT-3271,2078,493,7895,4814,9623,Delta,2026-07-28 13:29:00,8661,1388,Alpha,Delta,Beta,Alpha,9875,9647,4504,497,9345,Alpha,2024-01-23 01:19:00,6713,,,,,,9103,21,6538,2126,,,2026-03-30,,5694,,,,,,,,,,,2023-05-19,,,,,,,,,,,,,2024-01-07,,,,,,,,,8426,,,,2025-05-18,,,Beta,REF-5667,,,,,,,,,2024-01-09,,2134,,,,,7084,,,,,,Discussed timeline and next steps with the account.
,,Skyler Haddad,Jordan Silva,,,,LOT-4915,REF-6176,TAG-9338,TAG-9768,TAG-2224,,REF-6703,,alex.ashby@demomail.test,,Nina Reyes,,,,Mei Silva,,,,,Past Customer,Shared the updated proposal for review.,Northwind Dynamics Inc,Vertex Health LLC,Active,Alpha,India,,,,Scheduled a check-in for the coming month.,Enterprise,,,,Y,Retail,,,,,,,,Other,,,LinkedIn,SKU-2659,SKU-3120,Noah Costa,REF-9330,TAG-7933,SKU-9610,3349,,,Beta,,LOT-2101,SKU-4990,,,,,,,Priya Sloan,,Colorado,Y,,TAG-1170,,,,,,LOT-2360,7605,100001,Company,100311,noah.mensah@acme-fake.test,Liam Ford,2023-08-22 17:34:00,arjun.ivanov@examplecorp.test,Rowan Reyes,2025-04-27 04:36:00,aisha.dorsey@demomail.test,Fatima Whitfield,2025-11-15 21:05:00,marco.calder@examplecorp.test,,2024-08-03 00:14:00,Y,,100001,100001,100001,100001,,100001,100001,100001,,,100001,100001,100001,100001,100001,100001,2026-05-06 03:00:00,5088,1573,Beta,Other,Standard,LOT-4756,3840,326,7612,2083,3580,Standard,2023-01-07 19:19:00,2672,2206,Alpha,Gamma,Standard,Standard,1837,2687,5129,9495,4159,Gamma,2023-03-17 06:23:00,,,,LOT-5716,,TAG-8722,5190,,4242,,,,2024-07-07,,,Gamma,LOT-1762,Standard,REF-4038,,,,,8159,,2023-12-12,,,,,,LOT-4385,,,,,,,2024-06-21,2476,,,,,,,,,,,,2023-04-29,,2559,,LOT-5572,,,,,,,,,2026-01-13,,,,,,,,,,,,,Noted a concern to revisit at the next sync.
,,Alex Sato,Aisha Nguyen,,,TAG-9094,LOT-4115,,,,,,,,casey.kim@demomail.test,,,,,,,,LOT-5680,,,Active Customer,Noted a concern to revisit at the next sync.,Redwood Foods Ltd,Evergreen Holdings LLP,Active,Other,United States,,,,Shared the updated proposal for review.,Enterprise,,,,Y,Logistics,,,,,,,,,,,Referral,TAG-3271,,Priya Reyes,SKU-8668,SKU-7641,SKU-2587,1379,,,Delta,,REF-6161,TAG-4558,,Gamma,,,,,Nina Ashby,,Texas,Y,,LOT-8524,,,,,,REF-7080,2176,100001,Company,100314,arjun.nguyen@examplecorp.test,Arjun Ford,2024-02-29 22:05:00,drew.patel@examplecorp.test,Marco Larsson,2023-08-14 09:05:00,omar.calder@examplecorp.test,Taylor Calder,2022-10-21 05:27:00,fatima.vance@examplecorp.test,,2023-12-13 18:08:00,N,,100001,100001,100001,100001,100001,100001,100001,100001,100001,,100001,100001,100001,100001,100001,100001,2022-10-06 10:53:00,3469,8793,Gamma,Gamma,Beta,LOT-5249,9137,8812,7837,466,2562,Delta,2022-12-11 11:25:00,5858,6536,Gamma,Alpha,Standard,Gamma,9987,187,5251,3931,3358,Delta,2023-02-01 05:04:00,,,Delta,,,,,,1356,1106,,Standard,2023-05-16,,,,SKU-8807,Alpha,,,,,,,,2023-08-04,,,,,,,,,5542,,,Gamma,2024-12-22,,,,,Other,,5219,,1010,,,Beta,2025-05-08,,2532,,REF-9167,,LOT-4298,,,,,,,2023-01-04,,,,,,,748,,,,,,Noted a concern to revisit at the next sync.
,,Arjun Sloan,Nina Cohen,,,LOT-9060,TAG-9488,,TAG-1918,REF-9169,,,,,chen.brooks@sampleco.test,,,,,,Omar Larsson,,LOT-8994,,,Referral Partner,Discussed timeline and next steps with the account.,Cardinal Manufacturing LLP,Ironwood Group,Active,Gamma,Canada,Alpha,,,Aligned on billing and renewal terms.,Standard,,,,N,Healthcare,,,,"50,400",,,,,,"182,017",Inbound Call,SKU-7092,TAG-7359,Omar Garcia,TAG-7150,LOT-5668,,4905,,,Alpha,,TAG-9705,,,Gamma,,,,,Diego Mensah,Noted a concern to revisit at the next sync.,New York,Y,SKU-1369,LOT-8833,,,,,,REF-5951,,100001,Company,100315,aisha.blake@demomail.test,Jordan Larsson,2023-10-11 12:13:00,skyler.blake@sampleco.test,Elena Okafor,2026-03-05 00:54:00,fatima.kim@examplecorp.test,Elena Dorsey,2025-07-24 03:34:00,aisha.sloan@sampleco.test,,2024-10-04 22:47:00,N,100001,100001,100001,100001,100001,,100001,100001,,100001,100001,100001,,100001,100001,,100001,2024-12-11 13:36:00,839,3090,Other,Beta,Gamma,LOT-7380,362,5274,1756,547,9004,Beta,2024-11-25 05:00:00,7870,5245,Gamma,Gamma,Other,Other,1490,9128,7240,5614,4963,Alpha,2023-10-12 14:53:00,3710,6147,Beta,LOT-1626,,,,,,,,,2023-02-28,,,,,,,,,,,,,2022-10-23,,,,,,,,,,7653,,,2023-03-22,,,,,,,,,,,,,2024-01-03,,,,,,REF-6186,,,,1959,,,2025-08-20,,224,,,,,,,5795,,,Delta,Shared the updated proposal for review.
SKU-7523,SKU-2489,Priya Rossi,Rowan Costa,,,REF-9512,LOT-9371,,TAG-3906,,,,LOT-7087,,taylor.patel@sampleco.test,Taylor Ashby,,,,,,,TAG-7723,,,Referral Partner,Aligned on billing and renewal terms.,Evergreen Energy Co,Blue Ridge Logistics Corp,Active,Gamma,Mexico,,,,Discussed timeline and next steps with the account.,New Logo,,REF-9124,,N,Energy,,,,,,,,,,,Cold Outreach,,,Priya Mensah,SKU-3401,,REF-4378,,,,Gamma,,TAG-8105,SKU-3743,,Delta,,,,,Priya Nguyen,,Texas,N,,TAG-8771,,,,,LOT-1558,LOT-9308,,100001,Company,100317,noah.ford@examplecorp.test,Sofia Ivanov,2023-08-07 08:31:00,aisha.ford@acme-fake.test,Aisha Kim,2025-10-05 16:18:00,omar.nguyen@sampleco.test,Avery Mensah,2023-08-26 13:51:00,emerson.nguyen@sampleco.test,Priya Mensah,2026-02-16 07:15:00,N,100001,100001,100001,100001,100001,,100001,100001,100001,,,100001,100001,,100001,100001,100001,2025-01-25 08:27:00,8661,5592,Standard,Gamma,Alpha,REF-8500,3118,8468,1869,8560,8604,Other,2025-04-03 12:50:00,3649,6375,Alpha,Delta,Beta,Delta,810,4626,366,4346,6470,Alpha,2026-06-08 16:23:00,,,,LOT-1028,Gamma,,,,,,,,2023-08-08,,,,,,,,,3694,1786,,Delta,2023-08-07,8793,,,,,,,,,,,,2025-09-18,,,Other,,,,,,,,,,2025-07-11,,,,,,,,8933,,,,,2026-04-16,,,,,,,,,,,,,Shared the updated proposal for review.
,,Arjun Kim,Skyler Silva,,,,SKU-7917,TAG-2213,,,,,,,riley.ashby@acme-fake.test,,,,,,,,LOT-3849,,,Past Customer,Scheduled a check-in for the coming month.,Evergreen Health LLC,Summit Analytics Inc,Active,Delta,Philippines,,,,Noted a concern to revisit at the next sync.,Enterprise,,LOT-3602,,Y,Manufacturing,,,,"108,757",,,,,,,Referral,REF-5977,TAG-1406,Liam Dorsey,SKU-2611,TAG-5916,LOT-3745,,,,Other,,SKU-2411,LOT-4662,,Delta,,,,,Alex Rossi,,Arizona,Y,,REF-1695,,,,,,,,100001,Company,100319,omar.reyes@acme-fake.test,Diego Ivanov,2024-03-29 06:36:00,diego.patel@demomail.test,Avery Ivanov,2025-06-06 01:23:00,casey.costa@demomail.test,Arjun Reyes,2026-06-12 21:16:00,mei.whitfield@demomail.test,,2026-02-01 13:06:00,N,100001,100001,100001,100001,100001,100001,100001,100001,100001,,100001,100001,100001,100001,100001,100001,100001,2023-11-20 10:54:00,9490,5032,Alpha,Alpha,Alpha,REF-1138,3026,6021,1916,1132,7189,Delta,2024-06-26 21:22:00,638,428,Delta,Delta,Gamma,Delta,4874,9535,5275,7121,6430,Standard,2023-02-26 16:29:00,,,,TAG-2353,,,,,,6676,,,2024-11-22,,,,,,,,,,,,,2025-09-16,,,,LOT-5669,,,,,,,,,2025-12-13,,8580,,,,,,,,1113,,,2025-10-25,,,,,Other,,7586,,,,,,2023-09-20,,9867,,REF-2933,,,,,6069,,,,Scheduled a check-in for the coming month.
,,Jordan Silva,Sofia Ivanov,,,SKU-6827,,LOT-7566,LOT-6554,,,SKU-5186,,,marco.patel@examplecorp.test,,,,TAG-9658,,,,SKU-4905,,,Prospect,Resolved the outstanding question about scope.,Pioneer Labs,Blue Ridge Solutions Co,Active,Gamma,Australia,,,TAG-5226,Shared the updated proposal for review.,New Logo,,,,N,Retail,,,,,,,,,,,Cold Outreach,REF-7326,,Skyler Garcia,,SKU-8474,,,,,Other,,REF-1493,LOT-8377,,,,,,,Diego Ford,,California,N,,TAG-3892,,,,,,TAG-1233,9665,100001,Company,100320,avery.larsson@examplecorp.test,Rahul Kim,2022-10-30 05:08:00,rahul.rossi@sampleco.test,Quinn Haddad,2023-10-22 10:22:00,liam.reyes@examplecorp.test,Chen Larsson,2025-12-05 08:15:00,liam.silva@acme-fake.test,Avery Calder,2023-02-19 18:37:00,Y,100001,100001,100001,100001,,,100001,100001,100001,,100001,100001,,100001,100001,,100001,2023-03-16 23:03:00,9322,9999,Alpha,Other,Standard,SKU-9242,2907,2236,5985,7677,9920,Delta,2024-11-16 22:05:00,915,6455,Beta,Beta,Other,Other,8393,1821,4231,121,9163,Delta,2024-08-23 04:53:00,,,,SKU-2423,,SKU-5946,4205,1988,,4249,,,2026-02-23,,,Other,,,TAG-2107,,2141,,,,,2023-03-02,,,,REF-7897,,,,,,,,,2023-02-08,,,,,,,,,,6197,,,2023-07-21,,3477,,,,,,,3176,,,,2022-10-11,,3673,,,,,,,,,,,Discussed timeline and next steps with the account.
,,Casey Vance,Fatima Whitfield,,,SKU-7311,SKU-4509,REF-6500,TAG-7797,REF-1183,,,,,marco.silva@sampleco.test,,,,,,,"85,708",LOT-7766,,,Referral Partner,Noted a concern to revisit at the next sync.,Vertex Capital Ltd,Cardinal Foods,Active,Standard,Germany,Alpha,,,Scheduled a check-in for the coming month.,Renewal,,,,N,Telecommunications,,,,,,,,,,,Event,REF-9849,,Diego Ashby,LOT-7603,,REF-4084,4306,,,Standard,,TAG-1352,SKU-2213,,Gamma,,,,,Alex Larsson,,Texas,N,,SKU-7896,,,,,,TAG-1696,5517,100001,Company,100322,rahul.brooks@sampleco.test,Drew Dorsey,2026-01-01 12:46:00,mei.blake@demomail.test,Avery Patel,2023-10-31 11:10:00,rowan.ivanov@examplecorp.test,Aisha Blake,2024-08-28 01:54:00,riley.calder@acme-fake.test,,2022-10-31 20:15:00,Y,100001,100001,100001,100001,100001,,100001,100001,,,100001,100001,100001,100001,100001,,100001,2022-11-30 01:19:00,4319,4871,Gamma,Gamma,Gamma,LOT-5981,9252,1729,6513,6043,2496,Other,2025-01-31 14:42:00,5877,6937,Alpha,Standard,Alpha,Alpha,6298,5925,5162,8139,4558,Alpha,2024-02-06 15:20:00,,,Alpha,,,REF-1348,6847,,,,,,2025-05-21,,4778,,,,,,,,,,,2026-02-07,,,,,,,,,,,,,2024-08-22,4585,,,,,,,,,7615,,,2023-09-22,,,,REF-7544,,,,,212,,797,,2024-09-20,3577,,,,SKU-9493,SKU-7562,,,,,,,Shared the updated proposal for review.
,,Priya Reyes,Jamie Ivanov,,,LOT-2048,REF-5554,TAG-9135,TAG-1560,TAG-6842,,LOT-2713,LOT-1316,,diego.calder@sampleco.test,,,,,SKU-4591,Omar Okafor,,REF-4892,,,Active Customer,Followed up on the open items from last week.,Meridian Systems LLP,Ironwood Group,Active,Alpha,United States,,,,Noted a concern to revisit at the next sync.,Standard,,,,Y,Manufacturing,,,,,,,,,,,Event,TAG-9995,REF-1950,Casey Mercer,REF-1150,SKU-3874,,,,,Alpha,,LOT-7844,,,Gamma,,,,,Taylor Sloan,,Texas,Y,,SKU-3277,,,,,,,2729,100001,Company,100325,nina.sato@demomail.test,Casey Costa,2025-07-27 18:47:00,skyler.calder@examplecorp.test,Noah Garcia,2024-10-01 07:15:00,nina.rossi@examplecorp.test,Liam Cohen,2024-04-22 09:32:00,rowan.patel@demomail.test,,2024-02-15 15:05:00,Y,100001,100001,100001,100001,,100001,100001,100001,,,100001,100001,,100001,100001,,100001,2024-06-16 05:36:00,5281,9236,Alpha,Delta,Alpha,LOT-4108,3102,5107,919,4712,6083,Other,2026-04-25 15:08:00,3653,5827,Delta,Beta,Other,Beta,7019,6229,1492,6717,4918,Standard,2022-11-23 08:19:00,,,,,,SKU-9138,,,,,,,2024-01-03,,,,,,,,,,,335,,2025-09-30,,,,,,,,,,,,,2023-06-24,,,,,Other,,,,,7680,,,2023-12-16,,,Delta,,Beta,,,,5479,,,,2025-01-06,586,,,TAG-3966,TAG-3893,,,,,1806,744,,Noted a concern to revisit at the next sync.
SKU-9099,,Arjun Dorsey,Emerson Vance,,,TAG-9570,SKU-8830,LOT-4679,,,,,,Gamma,casey.larsson@examplecorp.test,,,,,,,"129,802",LOT-2321,,,Active Customer,Followed up on the open items from last week.,Beacon Networks Group,Keystone Holdings Group,Active,Other,Canada,,,,Discussed timeline and next steps with the account.,New Logo,,,,Y,Telecommunications,,,,,,,,,,,LinkedIn,SKU-8226,SKU-4765,Nina Nguyen,TAG-7969,REF-6512,LOT-6619,,,,Delta,,REF-5345,REF-5191,,Beta,Alpha,,,,Quinn Ashby,,Georgia,N,,REF-1651,,,,,,SKU-5760,3706,100001,Company,100328,taylor.costa@acme-fake.test,Emerson Silva,2025-04-28 22:16:00,skyler.larsson@examplecorp.test,Elena Rossi,2024-12-29 09:00:00,nina.brooks@sampleco.test,Alex Mercer,2026-03-15 17:12:00,taylor.ashby@examplecorp.test,,2022-12-19 10:28:00,N,,100001,100001,100001,100001,100001,100001,100001,,,100001,100001,,100001,100001,,100001,2023-11-05 00:37:00,4609,5185,Alpha,Standard,Delta,SKU-5404,1436,261,9204,7412,7089,Delta,2026-01-16 17:07:00,751,1212,Alpha,Alpha,Delta,Other,5089,7669,7521,2399,4268,Gamma,2025-08-10 06:49:00,,,,,,,31,,,,,,2023-03-05,,,,,,SKU-5729,9077,,,,,Other,2025-10-27,,,,,,,,,,,,,2026-03-15,2812,,,,,,,,,,,,2026-01-22,,,,,,,,,,,1550,,2026-04-23,,,,,,,6292,,,,893,,Scheduled a check-in for the coming month.
LOT-1731,,Alex Okafor,Drew Mensah,,,REF-7589,LOT-6914,LOT-8358,,,REF-3275,,,,omar.dorsey@acme-fake.test,Emerson Whitfield,,,,,Rowan Reyes,,REF-8364,,,Past Customer,Aligned on billing and renewal terms.,Delta Networks Co,Everest Energy LLC,Active,Gamma,India,,,,Scheduled a check-in for the coming month.,Standard,,,,Y,Hospitality,,,,,,,,,,,Website,LOT-6333,,Diego Calder,TAG-1052,SKU-6972,LOT-2265,,,,Gamma,,SKU-6578,SKU-2184,,Beta,,,,,Aisha Ashby,,New York,N,,LOT-1795,,,,,,LOT-7555,8750,100001,Company,100330,marco.cohen@examplecorp.test,Jordan Mensah,2023-01-25 09:57:00,arjun.haddad@sampleco.test,Elena Larsson,2023-08-27 02:06:00,elena.calder@sampleco.test,Aisha Mercer,2022-11-30 09:12:00,morgan.okafor@acme-fake.test,,2023-07-15 11:19:00,N,,100001,100001,100001,100001,,100001,100001,100001,100001,,100001,,100001,,100001,100001,2024-04-30 06:54:00,790,2443,Gamma,Delta,Other,LOT-9175,9291,8203,8846,2706,4850,Gamma,2025-07-22 14:31:00,5400,5142,Delta,Gamma,Beta,Alpha,9055,1137,4140,9840,9848,Standard,2025-03-07 16:24:00,9682,8899,,LOT-7787,,,3730,,,,,Beta,2025-01-23,,,,,,,,,,,,,2024-07-03,,,Other,,,,74,,,,7701,,2024-09-22,,,,,,,,,,,,,2025-06-17,3087,,,,,TAG-7422,4940,,,,,Beta,2025-04-27,136,,,,,,,,,,,Other,Scheduled a check-in for the coming month.
,,Arjun Costa,Morgan Larsson,,,REF-7810,LOT-4508,SKU-2300,TAG-8796,,,,,,reese.patel@demomail.test,,,,,,,,,,,Past Customer,Reviewed performance and gathered feedback.,Blue Ridge Labs Co,Cardinal Textiles Inc,Active,Delta,Canada,,,,Resolved the outstanding question about scope.,Renewal,,REF-3988,,N,Manufacturing,,,,,,,,,,,Partner,SKU-6444,,Avery Haddad,REF-4983,REF-7337,SKU-8655,7080,,,Alpha,,SKU-7686,,,Alpha,,,,,Fatima Rossi,,California,Y,,TAG-2669,,,,,,LOT-6525,3892,100001,Company,100332,sofia.dorsey@examplecorp.test,Jamie Blake,2024-07-22 13:26:00,drew.larsson@demomail.test,Diego Ivanov,2024-04-30 16:45:00,reese.ivanov@acme-fake.test,Drew Mercer,2025-03-28 06:44:00,priya.brooks@demomail.test,,2023-01-07 16:09:00,Y,100001,100001,100001,100001,100001,,100001,100001,,,,100001,100001,100001,100001,100001,100001,2023-06-16 08:24:00,1095,4712,Beta,Alpha,Gamma,LOT-6596,4492,1371,7460,6226,1816,Beta,2024-02-09 02:26:00,9712,4714,Other,Standard,Standard,Gamma,3323,8883,5146,3401,3797,Alpha,2023-11-21 12:48:00,,,,,,,,5691,9364,7085,,,2023-12-16,,6206,Alpha,,,,,,,,,,2025-05-31,,,,,,,,,,,,,2026-01-09,,,,,,TAG-8836,,,2106,7771,,,2024-10-16,6355,,,,,TAG-2043,,,,,,,2025-04-16,1056,,,,,,,,,,,,Shared the updated proposal for review.
,,Alex Vance,Drew Costa,,,,REF-9318,REF-1099,TAG-6314,LOT-5063,LOT-1787,,,,quinn.nguyen@demomail.test,Jordan Sloan,,,LOT-3341,,,,REF-9461,,,Active Customer,Aligned on billing and renewal terms.,Atlas Foods LLC,,Inactive,Gamma,Mexico,,,,Followed up on the open items from last week.,Enterprise,,,,Y,Healthcare,,,,,,Alpha,,,,,Website,TAG-1631,,Rahul Larsson,,LOT-1785,REF-7165,516,,Y,Alpha,,REF-6337,REF-3749,,,,,,Alpha,Sofia Mercer,,New York,N,,SKU-1525,,,,,,LOT-2600,,100001,Company,100335,liam.ashby@sampleco.test,Fatima Blake,2025-07-02 22:33:00,aisha.reyes@acme-fake.test,Priya Sato,2026-07-31 06:41:00,sofia.patel@examplecorp.test,Emerson Ivanov,2023-02-12 10:18:00,morgan.calder@sampleco.test,,2025-01-07 20:25:00,N,,100001,100001,100001,100001,,100001,100001,,100001,,100001,100001,100001,100001,100001,100001,2023-02-12 06:35:00,126,7040,Delta,Gamma,Other,LOT-1968,1384,5358,1328,7816,5005,Gamma,2024-01-11 12:57:00,9202,1210,Standard,Alpha,Other,Standard,1052,5213,994,7495,1223,Alpha,2023-02-18 17:19:00,,,,,Gamma,,1574,,,,,,2025-07-17,,,,,,,,6118,1519,,,,2023-08-17,8277,,,,,,,9114,,,,,2025-02-24,,,,,,,,,,,,,2025-12-12,,,,,,,,,,,4149,,2026-07-27,,,Alpha,LOT-7996,,,,,,,1297,,Resolved the outstanding question about scope.
,,Sofia Cohen,Omar Sloan,,,TAG-5384,TAG-7919,TAG-1185,,,,,,,priya.nguyen@demomail.test,,,,,,,,LOT-4178,,,Past Customer,Discussed timeline and next steps with the account.,Pioneer Holdings Co,Northwind Holdings,Active,Alpha,Australia,,,,Discussed timeline and next steps with the account.,Enterprise,,,,N,Construction,,,,,,,,Alpha,,,Partner,,,Arjun Mercer,SKU-7068,,LOT-6782,,,,,,TAG-2065,,,Gamma,,,,,Aisha Mercer,,Florida,Y,,TAG-2157,,,,,,TAG-2356,7122,100001,Company,100336,priya.kim@sampleco.test,Emerson Kim,2022-10-31 14:07:00,rahul.reyes@acme-fake.test,Liam Haddad,2025-10-18 11:04:00,liam.whitfield@acme-fake.test,Mei Patel,2025-05-05 20:40:00,diego.larsson@examplecorp.test,Avery Nguyen,2025-03-15 09:30:00,Y,100001,100001,,100001,100001,,100001,100001,100001,,100001,100001,,100001,100001,100001,100001,2023-01-12 22:59:00,6324,6809,Alpha,Standard,Beta,TAG-8227,7695,6286,6417,2883,4621,Gamma,2026-01-10 02:03:00,5077,8496,Delta,Beta,Gamma,Standard,8202,8248,9612,3037,7998,Standard,2024-09-04 19:31:00,,,,,,,3239,,,,,,2024-02-14,,,Gamma,,,,,8473,,1940,,,2024-04-01,,,,,,,,,,,,,2023-08-22,,,,,Alpha,,,,,,,,2023-04-24,6826,,,,Other,,,,,,,,2025-10-27,,,,,,,,,,,6958,,Shared the updated proposal for review.
,LOT-6385,Sofia Brooks,Elena Mercer,,,,REF-8076,,,,,TAG-6033,,,jamie.okafor@demomail.test,,,,,,,,TAG-5081,,,Active Customer,Reviewed performance and gathered feedback.,Redwood Retail Co,Vertex Robotics,Inactive,Other,Philippines,,,,Followed up on the open items from last week.,Renewal,,SKU-6339,,,Energy,,,,,,,,,,,Webinar,SKU-2126,SKU-3158,Mei Patel,LOT-9286,TAG-7214,SKU-5454,9224,,,Beta,,REF-7133,REF-6512,,,,"190,829",,,Riley Blake,,Illinois,Y,,LOT-1704,,,,,REF-3533,LOT-2046,818,100001,Company,100339,drew.sato@acme-fake.test,Jamie Garcia,2024-01-29 13:52:00,aisha.nguyen@acme-fake.test,Taylor Costa,2025-08-28 19:27:00,noah.mercer@demomail.test,Taylor Ivanov,2023-02-16 04:41:00,morgan.dorsey@sampleco.test,,2023-01-04 03:05:00,N,100001,100001,100001,100001,100001,100001,100001,100001,,100001,,,100001,100001,100001,,100001,2023-12-10 07:45:00,9732,6093,Delta,Standard,Delta,LOT-1708,608,6307,9006,6108,4407,Beta,2024-09-30 06:56:00,3360,6081,Alpha,Delta,Delta,Alpha,2380,9475,8335,8408,6847,Delta,2023-06-17 14:43:00,,,Gamma,,,TAG-1031,,7417,827,3901,,,2026-02-01,,7010,,REF-1899,,,,,,,,,2023-10-24,5748,,,,,,,,,,,,2024-05-12,,5520,,REF-9743,,,,,,,,,2025-04-03,,,,,,,,234,,,,,2023-01-15,,,,,,SKU-9636,,,,,,,Noted a concern to revisit at the next sync.
,,Rowan Brooks,Arjun Larsson,,,TAG-2492,REF-7540,REF-3805,,,,,,Beta,noah.ivanov@examplecorp.test,,,,,,Taylor Ashby,,,,,Active Customer,Scheduled a check-in for the coming month.,Horizon Networks LLP,Summit Networks Group,Active,Other,Canada,,,,Followed up on the open items from last week.,Renewal,,,,Y,Energy,,,,,,,N,,,,LinkedIn,SKU-4808,,Arjun Larsson,,TAG-8467,,2146,,,Gamma,,,LOT-6950,,,,,,,Alex Whitfield,,Colorado,Y,,LOT-9134,,,,,,TAG-1121,624,100001,Company,100340,skyler.patel@demomail.test,Jordan Larsson,2023-04-30 01:54:00,noah.patel@demomail.test,Marco Blake,2026-04-18 19:02:00,arjun.costa@examplecorp.test,Casey Cohen,2023-06-12 10:23:00,morgan.patel@acme-fake.test,,2025-08-02 20:48:00,Y,100001,100001,100001,100001,100001,,100001,100001,100001,,100001,100001,,100001,100001,100001,100001,2026-05-24 13:03:00,5167,3387,Gamma,Gamma,Gamma,SKU-9349,1450,6226,4129,9778,6530,Other,2023-10-23 20:19:00,9044,1223,Gamma,Beta,Delta,Beta,6774,5777,2731,3165,4232,Delta,2024-08-01 08:13:00,,,,TAG-9008,Other,,,,,8846,9707,,2026-01-19,,,Other,,,,,,,,1232,,2022-11-08,3369,,,,,SKU-6700,,,,,,,2025-08-27,,,,,,,6805,,,,,Beta,2026-05-09,,,,,,,,,,,,,2024-04-02,,,,,,,,,4946,,,Delta,Reviewed performance and gathered feedback.
LOT-9583,,Omar Whitfield,Elena Rossi,,,,REF-1785,,TAG-2945,,,,SKU-5807,,emerson.vance@sampleco.test,,,,LOT-5649,,,,TAG-7696,,,Prospect,Noted a concern to revisit at the next sync.,Everest Robotics Inc,Redwood Textiles Co,Active,Delta,Canada,,SKU-3101,,Followed up on the open items from last week.,Enterprise,,REF-9976,,N,Energy,,,,"53,274",,,,,,,Event,SKU-8052,LOT-6721,Aisha Larsson,TAG-3028,SKU-6609,,3737,,,Beta,,REF-4154,REF-2490,,Standard,,,,,Morgan Reyes,,Illinois,N,,LOT-1345,,,,,,SKU-6841,,100001,Company,100343,emerson.blake@acme-fake.test,Priya Sloan,2025-06-15 23:10:00,jordan.ford@acme-fake.test,Mei Cohen,2022-12-26 16:40:00,rowan.ivanov@sampleco.test,Mei Kim,2023-06-25 11:05:00,elena.dorsey@examplecorp.test,,2025-02-22 08:34:00,N,100001,100001,,100001,100001,,100001,100001,,,100001,100001,100001,100001,100001,100001,100001,2024-02-19 23:36:00,3144,2157,Alpha,Standard,Standard,REF-6703,4537,7337,7083,8942,8424,Beta,2025-12-18 16:16:00,6629,3025,Alpha,Alpha,Gamma,Gamma,2306,3342,3449,9651,895,Beta,2023-02-26 15:54:00,,,,LOT-1040,,,,,5196,,,,2023-04-14,6864,,,,Other,,,,5924,,,,2024-11-27,,,,,,,,,,3993,,,2022-11-07,,,,,,,,,7582,,,,2024-08-20,,854,Delta,,,LOT-2287,,,,,,,2024-09-16,,,,,,,,,,,,,Discussed timeline and next steps with the account.
,,Elena Patel,Reese Calder,,,TAG-5938,,,REF-1644,,,,,,casey.sato@demomail.test,,Drew Cohen,,,,,,TAG-2589,,,Referral Partner,Noted a concern to revisit at the next sync.,Pioneer Health Co,Redwood Energy Corp,Active,Delta,United States,,,,Shared the updated proposal for review.,SMB,,,TAG-1792,,Real Estate,,,,,,,,Gamma,,,Website,,,Arjun Vance,LOT-9550,LOT-7349,TAG-2208,,,,Beta,,TAG-6286,REF-2856,,Gamma,,,,,Avery Cohen,,Florida,N,,SKU-5043,,,,,,LOT-6363,4975,100001,Company,100345,elena.calder@sampleco.test,Rahul Costa,2025-04-18 22:56:00,quinn.costa@acme-fake.test,Taylor Mensah,2024-05-05 04:39:00,aisha.rossi@examplecorp.test,Drew Vance,2025-12-02 02:14:00,jamie.haddad@demomail.test,,2023-12-28 22:24:00,N,100001,100001,100001,100001,100001,,100001,100001,,,100001,100001,100001,100001,100001,,100001,2026-01-11 23:33:00,1221,9398,Gamma,Beta,Delta,LOT-5059,5136,2961,5926,4920,6205,Standard,2024-01-18 13:24:00,8047,2632,Alpha,Beta,Alpha,Other,1733,4702,3780,2763,7803,Gamma,2022-11-30 01:52:00,,,,,,,,,,,,,2023-02-19,,,,,,,,,3358,,,,2025-02-26,,,,,,LOT-6100,,,,,,,2025-10-31,,2098,,,,,,,,,,,2025-07-22,,,,,Delta,,,,,892,,,2024-05-08,,9029,,,,,958,,,,,,Scheduled a check-in for the coming month.
,,Diego Nguyen,Skyler Okafor,,,LOT-1727,TAG-9319,,,,,REF-2792,,,priya.ford@examplecorp.test,,,,,,Emerson Mercer,"152,904",SKU-3830,,,Active Customer,Discussed timeline and next steps with the account.,Pioneer Foods LLP,Cobalt Networks LLC,Inactive,Alpha,Canada,,,,Noted a concern to revisit at the next sync.,Renewal,,,,N,Real Estate,,,,,,,,,,,LinkedIn,TAG-7874,,Rahul Silva,REF-4173,REF-5877,,2682,,,Beta,,SKU-7967,TAG-7525,,,,,,,Marco Mercer,,Florida,N,,LOT-6488,,,,,REF-7304,LOT-9521,,100001,Company,100348,emerson.sato@examplecorp.test,Rahul Costa,2025-05-22 18:33:00,quinn.brooks@acme-fake.test,Liam Haddad,2023-04-12 09:37:00,yara.whitfield@sampleco.test,Avery Dorsey,2023-01-18 03:17:00,casey.cohen@sampleco.test,,2026-05-08 23:28:00,Y,100001,100001,100001,100001,100001,100001,100001,100001,100001,100001,100001,100001,100001,100001,100001,100001,100001,2026-07-02 05:07:00,9220,2503,Standard,Alpha,Gamma,TAG-6827,1546,61,4952,8929,4344,Delta,2024-10-17 07:09:00,3902,3605,Beta,Beta,Standard,Other,785,8926,1098,3332,2973,Other,2023-06-14 05:29:00,,,,,,TAG-1615,3312,959,,,,,2023-10-21,,,,,,REF-7147,,,,,,Gamma,2024-01-12,,,,,,,,,,,,,2024-09-21,,,Gamma,REF-8437,,REF-2396,,,,,,Beta,2025-09-27,,7811,,,Standard,,,,,,7147,,2023-10-30,,,,,,,,,3104,9977,,,Scheduled a check-in for the coming month.
,,Skyler Mensah,Morgan Ford,,,,SKU-9957,,REF-9434,,,,TAG-1149,Delta,jordan.whitfield@examplecorp.test,,,,,,,"27,757",SKU-8283,,,Referral Partner,Shared the updated proposal for review.,Copper Manufacturing,Atlas Robotics,Active,Beta,Mexico,,,SKU-2406,Discussed timeline and next steps with the account.,New Logo,,,REF-9798,Y,Retail,,,,,,,,,,,LinkedIn,LOT-5151,,Quinn Ford,TAG-3301,REF-1668,LOT-3083,,,,Other,,TAG-9033,,,Alpha,,,,,Drew Cohen,,Georgia,N,,TAG-6957,,,,,,SKU-3967,5451,100001,Company,100349,rowan.silva@examplecorp.test,Reese Dorsey,2023-10-04 00:24:00,fatima.nguyen@acme-fake.test,Skyler Larsson,2024-07-01 23:08:00,aisha.blake@acme-fake.test,Sofia Garcia,2025-11-11 04:49:00,rahul.haddad@demomail.test,,2022-10-30 08:02:00,Y,100001,100001,100001,100001,,100001,100001,100001,100001,100001,,100001,,100001,100001,,100001,2025-05-19 15:47:00,3070,4866,Alpha,Beta,Gamma,SKU-4568,3487,1545,6086,574,4967,Delta,2025-11-06 11:58:00,1420,7294,Other,Beta,Gamma,Beta,788,361,6713,4732,1610,Other,2023-11-21 22:26:00,,,,REF-3469,Delta,TAG-6218,5664,6226,,,,,2023-01-21,,,,,,,,,,8307,,,2023-12-31,,,,,LOT-7107,,,,,,,,2024-07-29,,,,REF-8372,,,5812,,,,,,2022-11-06,,,,,,,,,,8326,,Alpha,2023-08-21,,,,,,,,,,,,,Scheduled a check-in for the coming month.
LOT-9092,TAG-6501,Fatima Cohen,Sofia Calder,,,REF-3948,LOT-8725,,LOT-5049,,,,TAG-6363,,elena.dorsey@demomail.test,,Mei Ashby,,,LOT-2237,,"164,035",REF-5430,,,Active Customer,Shared the updated proposal for review.,Copper Manufacturing Corp,Falcon Networks,Active,Other,Canada,Gamma,,,Scheduled a check-in for the coming month.,Enterprise,,SKU-8085,,N,Financial Services,,,,,,,,,,,Inbound Call,LOT-5639,,Arjun Ivanov,,LOT-7654,LOT-7337,,,,Alpha,,,,,Alpha,,,,,Rowan Okafor,,Florida,N,,SKU-2845,,,,,,REF-6644,3639,100001,Company,100350,omar.ford@sampleco.test,Quinn Calder,2023-10-17 11:00:00,rowan.dorsey@demomail.test,Reese Sloan,2023-02-05 22:22:00,drew.cohen@acme-fake.test,Chen Brooks,2024-10-18 13:45:00,noah.calder@demomail.test,,2026-06-15 20:37:00,N,100001,100001,100001,100001,,,100001,100001,100001,,,100001,,100001,100001,,100001,2024-02-12 21:22:00,498,7903,Delta,Beta,Beta,REF-2398,7931,8976,7487,8633,3160,Delta,2024-01-06 07:32:00,9230,2949,Standard,Standard,Standard,Delta,2249,3949,6322,3372,4625,Beta,2025-08-08 22:08:00,,,Standard,,Delta,,,,,,912,,2022-11-13,,,Gamma,,,LOT-9415,9204,,,,,Delta,2025-05-16,,,,,SKU-5539,,,,6070,,,,2023-02-01,,,Beta,,Delta,,,7872,,,,,2026-07-23,,,Delta,,,,,,3120,,,,2025-07-08,,,,,,,,5045,,,,,Reviewed performance and gathered feedback.
,,Morgan Kim,Noah Blake,,,,REF-7028,LOT-8239,REF-1983,,,,,,arjun.vance@examplecorp.test,,Fatima Brooks,,,,,,TAG-5810,,,Prospect,Followed up on the open items from last week.,Pioneer Capital Co,Lakeside Energy LLC,Active,Beta,India,,,,Scheduled a check-in for the coming month.,Standard,,,,N,Professional Services,,,,,,,,,,,Referral,SKU-2117,REF-6130,Riley Costa,,REF-4719,REF-7780,,,,Alpha,,TAG-1530,SKU-9779,,Standard,,,,,Yara Ashby,,Georgia,Y,,SKU-1286,,,,TAG-5968,,LOT-6057,2349,100001,Company,100352,emerson.cohen@sampleco.test,Rowan Okafor,2024-02-13 10:33:00,skyler.ivanov@sampleco.test,Riley Garcia,2026-05-30 03:26:00,taylor.brooks@demomail.test,Riley Whitfield,2024-12-06 06:29:00,riley.garcia@demomail.test,,2023-09-26 16:46:00,Y,100001,100001,100001,100001,100001,,100001,100001,100001,100001,,100001,100001,100001,100001,,100001,2024-09-14 13:02:00,3915,2752,Alpha,Standard,Other,LOT-7491,2448,3142,3865,8055,1728,Other,2026-01-23 13:28:00,5320,7807,Standard,Beta,Beta,Gamma,7808,4469,6716,7796,1543,Standard,2023-12-28 05:15:00,,,Gamma,,,,,1812,,,,,2023-05-07,,6124,,,,,6062,,,,,,2023-11-07,,5238,,,REF-8316,,,5993,,,,,2026-03-23,,,,,,,,,,,,Delta,2023-09-23,8650,,,LOT-6607,Other,,,,,,,,2024-03-30,,,,,,,,,,,,,Reviewed performance and gathered feedback.
,LOT-6505,Elena Reyes,Taylor Patel,,,SKU-9302,REF-2172,,,,,LOT-3591,REF-1949,Gamma,marco.sato@examplecorp.test,,,,,TAG-9116,,,SKU-1723,,,Prospect,Noted a concern to revisit at the next sync.,Redwood Energy Co,Lakeside Energy Ltd,Inactive,Other,Mexico,Other,,,Shared the updated proposal for review.,Renewal,,,,N,Real Estate,,,,,,,,,,,Partner,SKU-1053,REF-4066,Reese Whitfield,TAG-2518,LOT-1511,SKU-5327,3063,,,Delta,,TAG-5007,LOT-3464,,Standard,,,,,Quinn Okafor,,Texas,N,REF-2503,SKU-3932,,,,,,SKU-5062,7715,100001,Company,100355,arjun.vance@acme-fake.test,Sofia Ford,2023-08-01 04:19:00,jordan.okafor@acme-fake.test,Quinn Cohen,2025-03-13 03:15:00,diego.ivanov@demomail.test,Emerson Garcia,2024-12-17 06:04:00,marco.vance@examplecorp.test,,2024-09-18 17:49:00,Y,100001,100001,,100001,100001,100001,100001,100001,,100001,100001,100001,,100001,100001,100001,100001,2023-09-03 08:06:00,5375,9160,Other,Beta,Other,SKU-1946,4718,405,5278,5592,7521,Standard,2026-01-25 21:51:00,5848,898,Delta,Alpha,Alpha,Gamma,8375,3827,3941,6905,9132,Other,2023-04-04 14:51:00,,1355,,SKU-2666,,,,,,1677,1668,,2024-07-01,,,,,,,,,8238,,,,2023-08-22,,,,REF-5524,TAG-7808,,,,,,,,2024-02-25,,,,,,REF-5983,,,,,,,2024-11-23,,,,REF-8679,,,,,,,,Beta,2025-01-16,4251,,,SKU-1614,,,,,,,,,Reviewed performance and gathered feedback.
,,Casey Silva,Fatima Okafor,,,REF-2887,,,REF-7730,,,,,,emerson.haddad@demomail.test,,,,,,Skyler Mercer,,TAG-9247,,,Active Customer,Scheduled a check-in for the coming month.,Meridian Energy Inc,Falcon Industries Inc,Active,Other,Germany,Gamma,,,Noted a concern to revisit at the next sync.,Renewal,,LOT-8947,,N,Professional Services,,,,,,,,,,,Cold Outreach,TAG-7324,,Rowan Ivanov,LOT-5424,SKU-2243,SKU-5365,4518,,,Standard,,REF-9297,,,Standard,,,,,Sofia Kim,,Texas,N,,LOT-1305,,,,,,TAG-7631,3213,100001,Company,100357,casey.vance@sampleco.test,Avery Ashby,2024-01-13 09:58:00,yara.rossi@examplecorp.test,Priya Sloan,2023-10-28 00:31:00,emerson.sato@sampleco.test,Riley Nguyen,2023-05-14 15:21:00,emerson.reyes@sampleco.test,Elena Larsson,2023-08-16 09:09:00,Y,100001,100001,100001,100001,100001,,100001,100001,100001,100001,100001,100001,100001,100001,100001,100001,100001,2025-07-28 21:14:00,4686,6242,Beta,Alpha,Standard,REF-2916,6282,1598,6664,3253,6750,Beta,2022-12-22 21:21:00,7335,6006,Standard,Beta,Beta,Delta,2596,5720,1021,4823,932,Other,2025-04-06 13:02:00,,,,,,,7537,,,,,,2024-03-29,,,,LOT-3724,,,,,,,1421,,2023-04-23,,,,,,,,,,,,,2024-06-25,,3088,Beta,,,,,1848,,,,,2023-09-27,,,,,,,,,,,1143,,2026-01-23,,,,,,,,,,,,,Aligned on billing and renewal terms.
,,Skyler Patel,Avery Cohen,,,,REF-4888,,SKU-5630,,,,TAG-7763,,taylor.dorsey@acme-fake.test,Morgan Calder,,,,,,,REF-8258,,,Active Customer,Scheduled a check-in for the coming month.,Blue Ridge Energy,Pioneer Systems LLC,Active,Other,Mexico,,,,Shared the updated proposal for review.,SMB,,TAG-8613,LOT-5012,N,Construction,,,,,,,,,,,Inbound Call,REF-5667,LOT-9004,Yara Ford,LOT-2839,SKU-7072,,5920,,,Gamma,,SKU-9568,REF-8002,,Delta,,,,,Elena Garcia,,Texas,Y,,REF-8592,,,,,SKU-9496,SKU-5100,8578,100001,Company,100359,avery.mercer@demomail.test,Rahul Vance,2024-05-16 20:38:00,avery.ashby@demomail.test,Arjun Whitfield,2026-07-20 02:19:00,jordan.ashby@sampleco.test,Diego Whitfield,2025-06-18 11:45:00,reese.whitfield@sampleco.test,,2026-01-13 22:34:00,N,100001,100001,,100001,100001,100001,100001,100001,,100001,100001,100001,100001,100001,100001,100001,100001,2025-04-10 00:00:00,7720,3765,Other,Other,Alpha,TAG-3978,7200,7290,9647,9081,289,Delta,2025-11-21 01:38:00,3370,4957,Beta,Delta,Other,Beta,5094,1255,4413,5079,7164,Standard,2024-11-29 21:29:00,,,,,,TAG-2596,,,,,,,2024-12-23,,,,,Alpha,,,3878,,,,,2026-06-01,,,,SKU-6642,,,,,,,,,2024-05-23,,,,,,,,,,,,,2026-06-03,,,Alpha,,,,,,,,,Beta,2022-12-11,3856,9666,,,,,,,,,1997,,Aligned on billing and renewal terms.
,,Skyler Rossi,Aisha Nguyen,,,SKU-6819,LOT-4567,TAG-5918,,,,,SKU-7274,Standard,elena.nguyen@sampleco.test,,Mei Garcia,,,,,,,,,Referral Partner,Resolved the outstanding question about scope.,Lakeside Manufacturing Group,Blue Ridge Capital Ltd,Active,Gamma,Canada,,,,Scheduled a check-in for the coming month.,New Logo,,,,N,Financial Services,,,,,,,,Delta,,,Website,REF-9319,,Rowan Costa,REF-4787,TAG-7039,,,,,Standard,,LOT-1418,SKU-9301,,Delta,,,,,Drew Vance,,Florida,N,,LOT-6044,,,,,,LOT-8370,,100001,Company,100361,rowan.dorsey@acme-fake.test,Reese Mensah,2022-10-31 07:26:00,noah.ford@acme-fake.test,Casey Garcia,2025-01-17 21:05:00,avery.larsson@examplecorp.test,Emerson Reyes,2026-01-31 04:11:00,rowan.mercer@demomail.test,,2023-02-05 21:46:00,N,100001,100001,100001,100001,,,100001,100001,100001,100001,100001,100001,100001,100001,100001,100001,100001,2023-05-04 19:14:00,9720,3665,Standard,Beta,Beta,SKU-4231,1241,6188,5508,9450,9772,Standard,2023-04-24 23:56:00,2051,5452,Other,Gamma,Beta,Alpha,1271,3536,3655,6656,7206,Other,2022-11-17 04:28:00,1055,,,,,,,,,,2100,,2025-03-13,,,,,,,67,,,,,,2025-04-02,393,,,,,,3719,,,,,,2025-10-20,,,,,,TAG-2634,,,,,,,2025-06-14,,,,REF-9692,Delta,,,969,,,,,2026-05-03,,,,,,LOT-9316,,,9858,,,,Noted a concern to revisit at the next sync.
,,Rowan Reyes,Riley Blake,,,TAG-6273,,LOT-2501,,,,SKU-5289,,,morgan.vance@acme-fake.test,Liam Whitfield,,,,LOT-7241,,,REF-8337,,,Active Customer,Shared the updated proposal for review.,Summit Analytics Co,Cobalt Foods Ltd,Active,Other,Mexico,,,,Aligned on billing and renewal terms.,Standard,,,,N,Hospitality,,Delta,,,,,,,,,Referral,REF-3413,,Jamie Ashby,SKU-6023,SKU-1511,,,N,,Standard,,TAG-5609,,,Gamma,,,,,Avery Ashby,,Georgia,N,,SKU-9267,,,,,,LOT-4862,3357,100001,Company,100362,avery.dorsey@acme-fake.test,Riley Reyes,2024-03-13 01:48:00,arjun.okafor@examplecorp.test,Liam Nguyen,2023-11-20 07:54:00,skyler.nguyen@demomail.test,Priya Vance,2025-07-14 23:19:00,mei.dorsey@acme-fake.test,,2023-01-16 18:59:00,N,100001,100001,100001,100001,,100001,100001,100001,100001,,100001,100001,100001,100001,100001,100001,100001,2026-02-11 12:44:00,5750,9777,Alpha,Beta,Other,LOT-5790,4535,4715,5725,5870,1286,Delta,2024-05-30 00:23:00,1453,6325,Alpha,Other,Standard,Gamma,2136,493,6449,3372,525,Alpha,2025-11-18 13:57:00,,,,,Other,,,,,6612,,,2023-10-14,5006,,,,,,,,3939,,,,2025-01-06,,,,,,,,,4667,8877,,,2023-11-14,,,,,,,,,8463,7368,,,2022-11-21,,,Delta,,,TAG-8644,,,8797,,,,2023-08-15,,,,,LOT-2246,,,,,,9888,,Scheduled a check-in for the coming month.
,REF-8414,Rahul Kim,Yara Sloan,,,REF-3047,SKU-7135,,,,,,,,liam.kim@acme-fake.test,Drew Kim,,,,LOT-1583,,,TAG-8119,,,Prospect,Followed up on the open items from last week.,Cardinal Textiles LLC,Keystone Robotics LLP,Active,Other,Australia,,,REF-5685,Noted a concern to revisit at the next sync.,SMB,,,LOT-9536,N,Manufacturing,,,,,,,,,N,,Referral,TAG-9556,TAG-4350,Jamie Sloan,,LOT-1721,TAG-4333,7883,,,Delta,,REF-6906,REF-3653,,Delta,,,,,Chen Reyes,,New York,N,,REF-8933,,,,,,SKU-6136,8382,100001,Company,100365,reese.sato@sampleco.test,Jamie Sato,2025-09-19 23:43:00,taylor.patel@acme-fake.test,Drew Rossi,2026-05-16 01:47:00,morgan.cohen@acme-fake.test,Yara Brooks,2023-08-14 06:12:00,alex.dorsey@sampleco.test,,2026-05-25 03:33:00,N,100001,100001,100001,100001,100001,100001,100001,100001,100001,100001,,100001,100001,100001,100001,100001,100001,2023-03-07 10:04:00,7293,8748,Standard,Delta,Gamma,REF-4343,7463,4015,3897,5455,150,Beta,2023-12-07 14:48:00,3425,6236,Alpha,Standard,Standard,Beta,7603,4024,2603,9698,5350,Delta,2025-01-23 08:32:00,,,Beta,,,,,,,,,,2025-06-04,,4535,,,,SKU-9774,4206,,,,,,2025-08-14,,,,,,,,,,3047,,,2022-10-10,,,,,,,,,,,,,2024-05-18,,,Standard,,,,,6901,166,,,,2023-03-17,,,,SKU-1961,,,9983,,,,,,Noted a concern to revisit at the next sync.
,,Avery Garcia,Casey Brooks,,,LOT-5787,LOT-8746,,,,,,REF-7814,,chen.ivanov@sampleco.test,,,,LOT-7472,,,,REF-4607,,,Active Customer,Resolved the outstanding question about scope.,Everest Capital Ltd,Everest Robotics Group,Active,Other,United States,,,,Aligned on billing and renewal terms.,SMB,,TAG-8238,,Y,Agriculture,,,,,,,,Delta,,,Partner,LOT-4253,SKU-3116,Jordan Mercer,TAG-3243,SKU-7955,,,Y,,Beta,,REF-5033,SKU-1873,,Beta,,"134,881",,,Jordan Okafor,,Florida,Y,,REF-5353,,,,,,LOT-4763,,100001,Company,100366,elena.vance@sampleco.test,Mei Dorsey,2022-12-13 02:51:00,skyler.blake@acme-fake.test,Rowan Silva,2025-08-01 17:24:00,morgan.mensah@sampleco.test,Noah Garcia,2026-04-23 18:17:00,jamie.cohen@demomail.test,,2023-04-10 12:20:00,N,100001,100001,100001,100001,100001,,100001,100001,,100001,100001,100001,100001,100001,100001,,100001,2024-01-29 03:26:00,2888,1697,Other,Beta,Other,SKU-5364,625,608,5423,495,9227,Beta,2023-03-11 02:26:00,2914,7910,Gamma,Gamma,Gamma,Other,9533,1263,7662,1731,8951,Delta,2024-05-02 17:43:00,,955,,SKU-5197,,,,,,7519,,,2025-05-03,,,,,,SKU-6377,,,,,,,2024-07-04,,,,,,,,,,,,,2023-01-08,,,,,,,,,,,,,2024-01-21,,,,,Alpha,,,,,,4240,Delta,2026-02-06,,8403,,,,,,,,,,,Resolved the outstanding question about scope.
,,Noah Ivanov,Priya Okafor,,,LOT-6154,TAG-1815,SKU-9007,SKU-7129,SKU-9311,,,,Delta,morgan.haddad@demomail.test,Taylor Sato,,,,,,,,,,Active Customer,Followed up on the open items from last week.,Beacon Textiles LLP,Silverline Energy Co,Active,Beta,United States,Beta,,,Resolved the outstanding question about scope.,Standard,,,,N,Real Estate,TAG-6852,,,,,,,,,,Cold Outreach,TAG-5301,,Priya Dorsey,TAG-9958,REF-1858,LOT-6900,,,,Alpha,,TAG-8895,REF-3060,,Delta,,,,,Avery Costa,,Texas,Y,,SKU-2382,,,,,,,,100001,Company,100369,chen.cohen@demomail.test,Priya Reyes,2022-12-26 06:16:00,aisha.haddad@acme-fake.test,Fatima Calder,2023-11-21 18:29:00,rowan.ford@acme-fake.test,Jamie Okafor,2026-03-15 08:44:00,diego.rossi@acme-fake.test,,2024-03-01 18:04:00,N,100001,100001,100001,100001,100001,,100001,100001,,100001,,100001,,100001,100001,100001,100001,2023-12-20 00:53:00,7308,3348,Gamma,Gamma,Standard,SKU-7791,1341,3613,3118,2704,7593,Delta,2026-01-14 17:26:00,8054,7224,Other,Beta,Beta,Alpha,4175,1677,4511,5662,4130,Standard,2025-01-18 21:43:00,,,,,,,,4886,,,,,2024-07-14,,,,,,,,,,,,,2026-02-25,,,,,LOT-8403,,,,,,,Beta,2022-11-24,,,,,,,,3558,,,,,2024-08-25,,,,,,,,,,,,,2023-10-01,,,,,,,,,,,,,Scheduled a check-in for the coming month.
TAG-2590,TAG-4063,Skyler Patel,Diego Kim,,,TAG-7464,LOT-6469,,TAG-7472,,,,,,noah.calder@demomail.test,,,,REF-7054,REF-6020,Skyler Rossi,,LOT-1426,,,Active Customer,Aligned on billing and renewal terms.,Granite Labs Co,Evergreen Robotics Group,Inactive,Gamma,Australia,,,,Aligned on billing and renewal terms.,New Logo,,LOT-3106,,Y,Energy,,,,,,,N,,,,Website,REF-1404,REF-1630,Rowan Silva,LOT-9609,,REF-4018,7850,,,Standard,,REF-8797,,,,,,,,Avery Patel,,New York,Y,,TAG-6543,,,,,,SKU-2635,,100001,Company,100371,drew.larsson@examplecorp.test,Arjun Mensah,2024-09-27 19:04:00,drew.dorsey@examplecorp.test,Diego Blake,2026-03-03 11:37:00,elena.silva@acme-fake.test,Drew Whitfield,2026-01-15 15:02:00,emerson.rossi@examplecorp.test,,2023-12-15 00:40:00,Y,100001,100001,100001,100001,,,100001,100001,,100001,,,,100001,100001,100001,100001,2024-11-30 17:29:00,6628,2937,Delta,Other,Gamma,SKU-1416,6852,2727,7750,652,3989,Delta,2024-05-13 12:55:00,2246,6085,Gamma,Beta,Delta,Beta,3291,5687,8289,4184,6224,Delta,2026-03-03 22:22:00,,,,LOT-9425,Beta,LOT-2301,,,,,,,2024-07-11,,,,,,,7548,,5657,,,,2023-02-19,,,,,,,,,,,,,2023-05-23,,,,SKU-6288,,,,,,9059,,,2024-08-18,,,,,Other,,,,,,,,2024-05-06,,,,,,,,,,,4075,,Scheduled a check-in for the coming month.
TAG-6252,,Avery Whitfield,Reese Vance,,,TAG-8236,LOT-1881,REF-8927,REF-1816,TAG-9622,,,,,casey.mercer@demomail.test,,,,,REF-4577,,,REF-7839,,,Referral Partner,Aligned on billing and renewal terms.,Everest Group LLP,Lakeside Financial Corp,Active,Gamma,Mexico,,,REF-8325,Resolved the outstanding question about scope.,Enterprise,,,,N,Logistics,,,,,,,,,,,Cold Outreach,LOT-8981,LOT-4111,Avery Larsson,TAG-8024,LOT-6845,SKU-4608,7106,,,Beta,,REF-2129,TAG-5054,,Delta,,,,Delta,Arjun Patel,,Washington,N,,SKU-6578,,,,,,REF-2036,424,100001,Company,100372,drew.sato@examplecorp.test,Rahul Silva,2025-11-18 05:59:00,fatima.nguyen@acme-fake.test,Jamie Kim,2023-08-12 00:29:00,jamie.rossi@examplecorp.test,Alex Ford,2025-02-09 07:10:00,diego.cohen@acme-fake.test,,2023-02-18 02:01:00,N,100001,100001,100001,100001,100001,,100001,100001,,,100001,100001,100001,100001,100001,,100001,2025-06-14 05:13:00,2979,4112,Standard,Alpha,Delta,TAG-8432,7062,2291,309,2455,8998,Delta,2026-02-05 23:39:00,696,842,Delta,Delta,Standard,Other,3639,5909,910,3727,6363,Alpha,2026-06-21 03:00:00,,,,,,,,,,,,,2023-08-30,,,,REF-3949,,,,,,,,,2026-07-08,,,,,,,,,,,,,2023-07-23,,,,,,,9242,,,,,,2024-11-19,,,,,,,,,,,,,2024-11-30,,,,,SKU-8421,,,4546,,,,,Scheduled a check-in for the coming month.
,,Reese Costa,Casey Rossi,,,SKU-4977,SKU-2337,LOT-6370,LOT-6070,,,,,,rowan.reyes@sampleco.test,,,,,,,"34,269",LOT-6986,,,Active Customer,Noted a concern to revisit at the next sync.,Delta Textiles Corp,Beacon Analytics Ltd,Active,Alpha,Australia,,,,Noted a concern to revisit at the next sync.,Standard,,,,N,Energy,,,,,,Alpha,,Beta,,,LinkedIn,REF-4022,LOT-2851,Jamie Okafor,,LOT-5283,REF-6510,681,,,Gamma,,LOT-8112,REF-9784,,,,,,,Yara Blake,,Illinois,Y,,TAG-7067,,,,,,SKU-4877,4096,100001,Company,100375,morgan.whitfield@demomail.test,Marco Whitfield,2023-09-24 20:48:00,taylor.blake@acme-fake.test,Jamie Ivanov,2025-01-21 16:54:00,alex.ashby@sampleco.test,Sofia Ivanov,2026-01-14 07:32:00,mei.whitfield@examplecorp.test,Rahul Ivanov,2026-07-31 12:00:00,N,100001,100001,,100001,100001,100001,100001,100001,100001,,,100001,,100001,100001,100001,100001,2025-08-01 21:19:00,2110,5917,Alpha,Standard,Other,LOT-6283,2215,353,3493,7995,7475,Beta,2023-07-21 07:16:00,1847,1983,Other,Gamma,Standard,Beta,4305,5159,4295,8491,808,Delta,2024-11-27 14:26:00,7199,6695,,,,,,,,2083,,Beta,2024-12-13,,,Gamma,,Standard,TAG-7561,,,,1021,,,2024-05-04,,,,,,,,,6648,,,,2024-08-26,5924,,,,,,4548,,3578,,,,2023-03-13,,,,TAG-2607,,,,,,,,,2025-07-18,,,,,,,,,,,,,Resolved the outstanding question about scope.
,,Priya Sato,Sofia Mercer,,,REF-8084,REF-5948,SKU-2023,SKU-7445,,,,REF-6399,,casey.mensah@demomail.test,Fatima Ashby,,,,,,,TAG-6371,,,Active Customer,Reviewed performance and gathered feedback.,Silverline Financial LLP,Ironwood Group Inc,Active,Other,Philippines,,,,Reviewed performance and gathered feedback.,Standard,,,,Y,Technology,,,,,,,,,,,Inbound Call,LOT-5428,REF-4807,Nina Calder,TAG-4247,,REF-7203,267,,,Alpha,,LOT-8266,REF-7955,,Gamma,,,,,Morgan Reyes,,Florida,N,LOT-5100,TAG-5118,,,,,,SKU-6784,1028,100001,Company,100378,omar.patel@examplecorp.test,Yara Silva,2024-11-03 03:47:00,rowan.mercer@sampleco.test,Avery Ford,2024-06-27 08:56:00,omar.mercer@demomail.test,Jordan Blake,2023-12-08 07:53:00,arjun.mercer@acme-fake.test,,2023-01-15 11:01:00,N,100001,100001,100001,100001,100001,,100001,100001,100001,,,100001,100001,100001,100001,100001,100001,2025-12-01 23:56:00,4758,1977,Gamma,Other,Alpha,REF-4033,3620,9358,6047,3920,7269,Beta,2026-05-12 23:49:00,524,6154,Beta,Beta,Beta,Alpha,312,954,5409,9034,9597,Beta,2024-10-15 00:13:00,,9460,,,,,2202,,8882,,5030,,2022-12-05,,6328,,,Delta,LOT-2136,,7752,2260,,5808,,2024-03-23,,,,,,,,4778,,,,,2022-12-11,,,,,,,,,,,,,2022-11-30,3662,,,,,,,,,,,,2023-03-26,,,,,,,,,,5851,,,Noted a concern to revisit at the next sync.
,,Sofia Costa,Fatima Nguyen,,,SKU-9293,SKU-4681,,SKU-2940,,,,,,omar.rossi@acme-fake.test,,,,,,,"175,545",SKU-4212,,,Referral Partner,Reviewed performance and gathered feedback.,Silverline Partners Group,Silverline Analytics Group,Active,Gamma,Germany,,REF-5539,,Reviewed performance and gathered feedback.,Standard,,,,N,Agriculture,,,,,,,,,,,Cold Outreach,REF-7682,REF-1830,Emerson Ashby,TAG-6538,REF-4293,,787,,,Alpha,,SKU-3694,,,Other,,,,,Avery Ashby,,New York,N,,TAG-8090,,,,,,TAG-6724,6678,100001,Company,100380,alex.silva@acme-fake.test,Rowan Sato,2024-04-18 20:32:00,rahul.mensah@acme-fake.test,Aisha Garcia,2025-12-15 02:52:00,rowan.calder@acme-fake.test,Morgan Okafor,2026-01-28 14:52:00,elena.garcia@demomail.test,,2025-10-21 11:13:00,N,100001,100001,100001,100001,100001,,100001,100001,100001,100001,,100001,100001,100001,100001,100001,100001,2023-02-18 11:37:00,3400,543,Other,Beta,Gamma,SKU-6463,9925,8475,3517,2874,182,Delta,2024-03-14 22:39:00,5467,3834,Other,Delta,Gamma,Delta,2669,9482,7409,9111,8878,Beta,2026-06-03 21:50:00,2259,,,,,,,,,3479,,,2023-10-16,,,,,Alpha,,,,9589,,1889,,2025-04-07,4962,,,,,,,,,,,,2024-02-04,,,,,Standard,,,,,,,,2025-01-28,,,Beta,REF-8234,,,395,,,,4082,,2024-08-04,,6419,,,,,4176,,7096,,,,Aligned on billing and renewal terms.
,,Chen Okafor,Morgan Ford,,,TAG-1538,SKU-5190,,,REF-1799,,LOT-2787,,,noah.ashby@demomail.test,,,,,SKU-1069,,,REF-8499,,,Active Customer,Followed up on the open items from last week.,Blue Ridge Holdings Co,Cardinal Robotics LLP,Active,Alpha,Philippines,,,,Aligned on billing and renewal terms.,Renewal,,,,,Technology,,,,,,,,,,,LinkedIn,SKU-7553,,Skyler Cohen,LOT-8972,REF-3665,,,,,Other,,LOT-4667,REF-3733,,Beta,,,,,Jamie Sato,,Washington,N,,SKU-1134,,,,,,REF-5567,8198,100001,Company,100382,noah.calder@acme-fake.test,Quinn Garcia,2024-04-22 21:43:00,priya.kim@examplecorp.test,Arjun Rossi,2025-02-19 19:32:00,fatima.nguyen@examplecorp.test,Diego Patel,2024-01-22 15:06:00,riley.mensah@examplecorp.test,,2025-09-16 03:45:00,Y,100001,100001,100001,100001,100001,,100001,100001,,,100001,100001,100001,100001,100001,,100001,2023-10-26 19:33:00,1103,584,Standard,Standard,Gamma,LOT-7349,8247,2715,1551,6464,5716,Beta,2026-02-02 23:01:00,9938,2395,Standard,Delta,Standard,Other,700,9547,3838,7128,3248,Other,2024-09-07 14:46:00,,9611,,,Beta,,,,,5259,,,2023-08-10,,9258,,LOT-7702,Alpha,,,,598,,,Delta,2026-06-03,,,,,,,,,,,,,2024-01-20,,,,,,,747,,,,,,2023-06-28,,,,,,,6034,,,2611,,Standard,2024-03-29,,,,,,,,7535,,,4009,,Resolved the outstanding question about scope.
,,Noah Ivanov,Yara Sato,,,LOT-1847,REF-7693,SKU-4449,,,,LOT-4542,,,noah.ivanov@sampleco.test,,,,,TAG-8328,Diego Sloan,"146,842",TAG-5938,,,Active Customer,Noted a concern to revisit at the next sync.,Brightpath Logistics Corp,Harbor Media Corp,Active,Alpha,India,,,,Followed up on the open items from last week.,Enterprise,,,,,Media,,,,,,,,,,,Referral,TAG-7904,,Skyler Costa,TAG-3349,LOT-4857,,,,,,,TAG-8500,TAG-4123,,Standard,,,,,Jamie Mercer,,New York,Y,,LOT-9349,,,,,,SKU-9896,2940,100001,Company,100383,jordan.costa@acme-fake.test,Riley Nguyen,2024-07-06 03:15:00,chen.sato@sampleco.test,Rowan Garcia,2025-05-09 00:07:00,aisha.kim@demomail.test,Taylor Larsson,2026-03-27 12:23:00,sofia.reyes@demomail.test,,2024-01-30 03:40:00,N,100001,100001,,100001,,,100001,100001,100001,100001,100001,100001,,100001,100001,,100001,2025-10-04 12:42:00,5061,8625,Alpha,Standard,Delta,TAG-1817,7426,7974,3105,26,4498,Gamma,2023-02-23 05:00:00,1427,1724,Gamma,Other,Gamma,Alpha,8827,68,8330,1361,9202,Beta,2023-05-01 20:21:00,,8463,,SKU-9208,,,,2723,,,,,2025-11-10,,,,LOT-7974,,TAG-4264,,4976,,,,,2026-01-31,,,,,LOT-6971,,,,,,,,2025-12-09,,4975,,,,,,,,,4620,,2023-07-20,,,,,,,,,,,,,2025-01-14,5783,3234,,,,,,857,,923,,,Shared the updated proposal for review.
,,Morgan Garcia,Jamie Mercer,,,REF-2613,SKU-5953,,LOT-9051,,REF-5390,,,,morgan.mercer@demomail.test,,,,,,,,LOT-4179,,,Past Customer,Aligned on billing and renewal terms.,Vertex Partners Group,Summit Industries Co,Active,Delta,United States,,,,Scheduled a check-in for the coming month.,Standard,,,,Y,Hospitality,,,,,,,,,,,Webinar,REF-4995,,Chen Larsson,SKU-2743,SKU-8183,,6640,,,Delta,,TAG-7954,SKU-9759,,Alpha,,,,,Taylor Okafor,,Arizona,N,,SKU-2132,,,,,,TAG-5953,5590,100001,Company,100385,noah.dorsey@demomail.test,Omar Mercer,2026-06-15 18:26:00,aisha.sloan@demomail.test,Elena Ford,2024-05-27 07:32:00,sofia.reyes@acme-fake.test,Yara Silva,2025-08-13 04:49:00,nina.costa@acme-fake.test,,2026-03-08 16:44:00,Y,100001,100001,,100001,100001,100001,100001,100001,100001,,100001,100001,,100001,100001,100001,100001,2023-09-28 04:11:00,1876,9917,Standard,Standard,Alpha,REF-5129,229,6577,6344,1890,8732,Standard,2025-12-23 00:07:00,7798,6130,Beta,Gamma,Alpha,Delta,1839,6628,5377,4337,1504,Delta,2023-04-21 06:39:00,,,,,,,,,,,,Beta,2024-06-15,,2957,,,,TAG-9167,6664,3334,2622,,,,2026-05-18,,,,,,,,,,,,,2025-03-11,,,,SKU-5272,,,,6539,805,,,Alpha,2025-05-01,,,,,,,,1272,,,,,2023-11-11,,,,,LOT-9537,,,,,8390,,,Noted a concern to revisit at the next sync.
LOT-2682,,Marco Larsson,Fatima Rossi,,,SKU-8851,SKU-8015,TAG-8165,,,,,,Alpha,noah.garcia@demomail.test,,,,,TAG-4661,,"194,038",REF-3445,,,Past Customer,Shared the updated proposal for review.,Copper Analytics Corp,Ironwood Networks,Active,Beta,Germany,,,SKU-4107,Shared the updated proposal for review.,New Logo,,,,,Technology,,Standard,,,,,,,,,Website,REF-3893,REF-1685,Casey Sloan,TAG-2327,LOT-3713,,,,,Other,,,TAG-5009,,,,,,,Yara Kim,,Ohio,N,,REF-5089,,,,LOT-3186,,,,100001,Company,100386,avery.patel@acme-fake.test,Yara Brooks,2024-02-21 02:38:00,taylor.ivanov@acme-fake.test,Alex Blake,2025-01-18 14:20:00,marco.vance@demomail.test,Quinn Okafor,2023-03-17 10:20:00,casey.sato@demomail.test,,2026-05-19 18:57:00,Y,100001,100001,100001,100001,,,100001,100001,100001,100001,100001,100001,100001,100001,100001,,100001,2024-07-17 02:26:00,6283,714,Delta,Standard,Alpha,SKU-8872,1821,2519,6341,9379,305,Delta,2024-12-29 18:03:00,2948,1300,Standard,Standard,Delta,Alpha,9751,8671,8307,9287,9218,Alpha,2024-06-29 06:46:00,,,,LOT-5723,,,,,,,,Alpha,2023-06-20,,,,,,,,,,,,,2025-08-30,,,,,,SKU-4888,831,,,769,,,2026-07-20,,,,REF-9391,,,,,,8295,,Gamma,2023-08-15,,,,,,,,,,9113,,,2023-07-26,,,,,,,,,,,,,Reviewed performance and gathered feedback.
,,Taylor Costa,Quinn Brooks,,,REF-6896,TAG-3041,TAG-9646,SKU-4346,,TAG-7723,,SKU-7639,,emerson.ivanov@sampleco.test,,,,LOT-5412,TAG-2049,,,LOT-8650,,,Active Customer,Noted a concern to revisit at the next sync.,Falcon Partners Group,Falcon Foods Co,Active,Beta,United Kingdom,,,,Discussed timeline and next steps with the account.,Enterprise,,,,N,Logistics,,,,,,,,,,,Website,LOT-3494,,Rahul Sloan,LOT-2511,TAG-1385,LOT-1907,,,,,,LOT-8672,TAG-9778,,Delta,,,,,Morgan Silva,,Florida,N,,TAG-7778,,,,,,REF-4998,,100001,Company,100387,morgan.mensah@sampleco.test,Nina Okafor,2023-11-28 23:08:00,omar.ivanov@acme-fake.test,Fatima Reyes,2023-11-07 16:05:00,yara.blake@examplecorp.test,Casey Sloan,2023-09-25 19:08:00,jordan.mercer@acme-fake.test,,2025-09-21 16:37:00,N,100001,100001,100001,100001,100001,,100001,100001,,100001,,,,100001,100001,100001,100001,2026-02-11 11:13:00,474,7641,Delta,Delta,Delta,TAG-2615,2540,7515,5220,918,9643,Delta,2023-01-05 01:32:00,4799,5817,Delta,Alpha,Alpha,Beta,5776,9070,2790,1693,2564,Delta,2025-04-05 10:10:00,,,Other,,,SKU-3802,,,,,,,2023-07-28,,,,,,REF-9545,,,,,7438,Other,2026-07-27,,9506,Standard,,,TAG-2317,,,334,,,,2025-05-04,,,,LOT-2599,,,,,,,,,2023-03-01,,,,,,,,,,,,Delta,2023-02-17,,,Other,,,,,9377,,,,Gamma,Aligned on billing and renewal terms.
,,Elena Okafor,Rahul Silva,,,LOT-9936,LOT-5931,LOT-7563,,,,,,,chen.whitfield@examplecorp.test,,,,,,,,TAG-6671,,,Active Customer,Reviewed performance and gathered feedback.,Silverline Robotics LLP,Falcon Industries LLC,Inactive,Standard,Germany,,,,Noted a concern to revisit at the next sync.,New Logo,,,,N,Financial Services,,,,,,,,,,,Event,,,Rowan Ford,REF-5719,,,,,,Gamma,,TAG-6578,,,Other,,,,,Rowan Blake,,Arizona,N,,SKU-7468,,,,TAG-6576,,TAG-9260,4158,100001,Company,100389,jamie.cohen@examplecorp.test,Drew Vance,2025-10-19 14:12:00,yara.garcia@examplecorp.test,Skyler Sloan,2023-02-22 11:04:00,fatima.patel@demomail.test,Rowan Kim,2025-03-20 09:50:00,skyler.blake@examplecorp.test,,2022-10-20 04:09:00,N,100001,100001,100001,100001,100001,100001,100001,100001,100001,,,100001,100001,100001,100001,100001,100001,2023-09-17 04:58:00,2499,9466,Delta,Other,Alpha,TAG-7033,7028,3767,9904,393,2432,Standard,2023-12-12 18:17:00,6970,8322,Gamma,Alpha,Other,Gamma,6064,7392,1327,5777,8249,Delta,2025-04-30 15:19:00,,,,,,,,,,,2377,Gamma,2026-05-12,,,,,,,,,,,,,2023-11-17,,,,,,,,,,,,,2024-06-26,,,Standard,,,,,,,,4144,,2024-09-20,,,Alpha,,,,,9873,,,,,2024-12-24,,,,,,,,,,,,,Noted a concern to revisit at the next sync.
,,Liam Larsson,Nina Nguyen,,,LOT-5901,,REF-7090,TAG-1289,,,,,,quinn.sato@sampleco.test,,,,,,,,LOT-5764,,,Referral Partner,Discussed timeline and next steps with the account.,Everest Robotics Corp,Brightpath Media Inc,Active,Alpha,India,,,,Shared the updated proposal for review.,Renewal,,SKU-3789,,Y,Retail,,,,"7,169",,,,,,,Inbound Call,,TAG-5074,Marco Ashby,,,,9689,,,Other,,REF-6045,REF-4282,,,,,,,Mei Rossi,,Colorado,N,,TAG-3004,,,,,,,5002,100001,Company,100392,rowan.vance@sampleco.test,Nina Haddad,2025-02-25 03:23:00,omar.ashby@examplecorp.test,Avery Brooks,2023-04-07 20:01:00,arjun.sato@sampleco.test,Nina Cohen,2026-07-17 08:08:00,jamie.reyes@demomail.test,,2025-10-28 10:28:00,Y,100001,100001,100001,100001,100001,100001,100001,100001,,100001,100001,100001,100001,100001,100001,100001,100001,2022-10-27 04:09:00,3688,3926,Alpha,Standard,Standard,SKU-2771,1040,8166,8471,9317,640,Gamma,2023-11-24 01:00:00,2362,4670,Other,Gamma,Gamma,Delta,2248,2412,3499,5423,8533,Gamma,2023-03-17 20:21:00,,,,,,,,,,,9243,Beta,2024-05-03,6106,,Standard,SKU-5379,,,,,6576,,,,2025-04-24,,,,TAG-2768,,,,,,,,,2023-10-16,1716,,,LOT-4627,,,,,,,,,2026-03-27,,,,SKU-9535,Beta,TAG-7565,,,,,,,2025-09-21,,9557,,,,,,5191,,,,,Shared the updated proposal for review.
,,Riley Rossi,Taylor Ford,,,SKU-5387,TAG-9499,TAG-9185,,SKU-6960,,TAG-4492,,,fatima.kim@demomail.test,,,,,LOT-2996,,,,,,Active Customer,Reviewed performance and gathered feedback.,Lakeside Retail Corp,Blue Ridge Logistics,Active,Beta,Australia,Other,,,Scheduled a check-in for the coming month.,SMB,,,,Y,Construction,,,,,,,,,,"18,802",Partner,TAG-1359,,Elena Larsson,LOT-7778,TAG-9075,,7050,,,Delta,,LOT-2004,,,Standard,,,,,Yara Okafor,Scheduled a check-in for the coming month.,Florida,N,,TAG-1308,,,,SKU-1384,,TAG-7090,3531,100001,Company,100393,liam.ivanov@examplecorp.test,Taylor Sloan,2026-06-12 06:03:00,noah.mercer@demomail.test,Sofia Sloan,2023-11-08 07:00:00,taylor.nguyen@demomail.test,Arjun Mensah,2024-11-26 16:25:00,taylor.kim@sampleco.test,,2026-05-28 20:56:00,N,100001,100001,100001,100001,,,100001,100001,100001,,,100001,100001,100001,100001,100001,100001,2024-05-01 10:24:00,6029,6767,Standard,Gamma,Beta,TAG-7936,9242,6596,8393,8837,9175,Alpha,2023-04-01 14:50:00,6103,7979,Gamma,Alpha,Beta,Gamma,3008,7358,9658,6075,943,Beta,2026-07-22 08:30:00,5373,,,,Gamma,,,,,,,,2025-01-06,,,,LOT-7436,,,,,2303,,,,2025-12-23,,,,,,,,,,3202,,,2026-01-16,,,,,,,,,,,,,2022-12-02,,,Delta,,Delta,,,,3651,527,,,2024-09-03,,,,,,,,8098,5095,,,,Scheduled a check-in for the coming month.
SKU-7446,,Taylor Costa,Alex Costa,,,LOT-3235,SKU-2371,,,LOT-3970,,REF-3023,LOT-1820,,marco.vance@demomail.test,,Arjun Haddad,,REF-7919,,Reese Blake,,SKU-8822,"181,230",,Past Customer,Noted a concern to revisit at the next sync.,Silverline Group LLC,,Active,Delta,India,,SKU-7970,,Noted a concern to revisit at the next sync.,SMB,,TAG-3964,TAG-9895,Y,Financial Services,,,,,,,Y,,,,Webinar,TAG-1368,,Arjun Reyes,SKU-5754,REF-1428,,7279,,,Standard,,,REF-9221,,Delta,,,,,Rahul Rossi,,Georgia,Y,,LOT-6883,,,,,,LOT-9763,6415,100001,Company,100396,mei.nguyen@demomail.test,Chen Sloan,2024-12-18 22:00:00,mei.reyes@examplecorp.test,Morgan Sato,2024-02-27 01:58:00,jamie.calder@demomail.test,Priya Brooks,2022-10-31 10:06:00,mei.rossi@acme-fake.test,,2024-01-16 11:11:00,Y,100001,100001,,100001,100001,100001,100001,100001,100001,,100001,100001,,100001,100001,,100001,2023-01-21 13:45:00,5690,9719,Delta,Alpha,Beta,SKU-4193,3620,4034,7582,5581,6610,Standard,2026-05-02 17:29:00,394,5817,Beta,Other,Other,Alpha,1261,3306,5761,8571,8265,Alpha,2024-11-09 07:48:00,,,,,,REF-5651,,9193,,6814,,,2025-04-22,,,Standard,,,,,,,,3189,,2024-10-20,,,,,,,,,,,,,2022-11-23,2279,,Other,,,,,,,,,,2025-06-11,,9345,,,,,4951,,,,,,2024-01-19,,,,,SKU-5178,,,,,,,,Discussed timeline and next steps with the account.
SKU-9444,,Marco Whitfield,Avery Ford,,,SKU-1005,SKU-4118,,SKU-8777,,,,,,drew.ashby@examplecorp.test,,,,,,,,SKU-4876,,,Active Customer,Followed up on the open items from last week.,Blue Ridge Holdings LLC,Meridian Robotics Inc,Inactive,,Australia,,,,Discussed timeline and next steps with the account.,Renewal,,,,Y,Financial Services,,,,,,,,,,,Inbound Call,SKU-3978,SKU-3520,Mei Dorsey,TAG-8644,REF-8810,,,,,Alpha,,TAG-6965,,,Gamma,,,,,Jordan Costa,,Florida,N,,REF-4407,,,,,,REF-1236,5259,100001,Company,100398,emerson.okafor@demomail.test,Riley Garcia,2023-02-23 19:38:00,rahul.dorsey@sampleco.test,Drew Cohen,2023-04-02 18:17:00,aisha.blake@sampleco.test,Taylor Blake,2022-11-24 15:55:00,arjun.larsson@acme-fake.test,,2025-04-05 13:57:00,N,100001,100001,100001,100001,100001,100001,100001,100001,100001,100001,100001,100001,,100001,100001,100001,100001,2025-01-08 16:12:00,5590,6806,Alpha,Standard,Standard,REF-2754,2064,7165,2210,1000,6025,Other,2025-11-21 23:39:00,5860,4613,Standard,Gamma,Delta,Beta,2465,519,2585,5015,9960,Delta,2025-06-24 08:33:00,,,,,,,,8981,,,2538,,2023-08-04,5091,,,,,,,,,,6939,,2026-01-26,7466,,Standard,,,,2850,,,,,,2024-12-14,,,,,,,4340,,,,,,2023-05-15,,,,,,,,,,,3612,,2025-08-28,1447,,,,,,,,,,7338,,Reviewed performance and gathered feedback.
,LOT-8168,Jordan Larsson,Rowan Okafor,,,TAG-1550,REF-1599,SKU-3288,REF-8569,REF-3848,,,,,nina.blake@acme-fake.test,,,,,LOT-3708,,"137,014",REF-8346,"230,578",,Prospect,Reviewed performance and gathered feedback.,Everest Capital Co,Blue Ridge Networks Corp,Active,Standard,Canada,,,,Shared the updated proposal for review.,New Logo,,,,N,Financial Services,,,,,,,,,,,Inbound Call,LOT-9574,,Jamie Calder,TAG-3412,SKU-1680,,2061,,,Delta,,TAG-5121,TAG-9649,,,,,,,Avery Vance,Reviewed performance and gathered feedback.,Ohio,N,,SKU-6310,,,,,,LOT-6600,,100001,Company,100399,yara.vance@demomail.test,Riley Silva,2024-09-10 07:25:00,casey.okafor@sampleco.test,Noah Rossi,2024-01-16 22:25:00,rahul.haddad@demomail.test,Avery Blake,2026-07-26 20:50:00,aisha.sato@demomail.test,,2024-10-12 13:27:00,Y,100001,100001,100001,100001,100001,,100001,100001,100001,,,100001,,100001,100001,100001,100001,2025-09-23 07:29:00,4808,3069,Gamma,Delta,Delta,SKU-1228,5791,9292,4249,6614,2519,Beta,2024-10-01 13:55:00,9025,8659,Gamma,Beta,Gamma,Beta,5443,6677,7686,6153,8946,Standard,2024-05-12 09:43:00,,,,,,,,1736,,,,,2023-07-04,4699,920,,,Delta,,,,,,5545,,2026-06-13,,,,,,REF-2313,,,,,9818,,2023-12-22,,,,,,,,135,,,,,2026-07-16,,,,,,,,,,,,,2023-02-11,,,,,,,,4875,,,,,Reviewed performance and gathered feedback.
SKU-6360,TAG-4886,Avery Kim,Reese Sloan,,,REF-6095,REF-6651,,LOT-6714,SKU-7302,,,,,fatima.okafor@demomail.test,,,,,,,,LOT-5179,,,Referral Partner,Reviewed performance and gathered feedback.,Cobalt Industries Group,Lakeside Industries Co,Active,Gamma,Canada,,,,Reviewed performance and gathered feedback.,Renewal,,LOT-9436,,N,Hospitality,,,,,,,,,,,Partner,LOT-7430,SKU-6545,Quinn Rossi,SKU-4315,TAG-8056,,4951,,,Delta,,TAG-8125,LOT-8609,,Alpha,,,,,Priya Kim,,Texas,N,,SKU-6360,,,,,,,7957,100001,Company,100400,rahul.haddad@examplecorp.test,Aisha Vance,2022-10-10 16:38:00,skyler.okafor@acme-fake.test,Sofia Vance,2024-08-24 22:19:00,rahul.dorsey@sampleco.test,Noah Sato,2025-03-19 12:25:00,priya.sloan@examplecorp.test,,2023-06-21 23:19:00,N,100001,100001,100001,100001,100001,,100001,100001,100001,100001,100001,100001,,100001,100001,,100001,2024-12-03 03:37:00,5122,9203,Gamma,Standard,Alpha,TAG-6998,5961,1565,5694,4372,9989,Beta,2026-04-10 18:21:00,4274,2290,Gamma,Alpha,Gamma,Alpha,8729,7697,8497,8327,7051,Standard,2023-07-15 17:03:00,1915,,,LOT-7864,,LOT-9370,,,,,,,2024-01-07,,,,LOT-2487,,,,,,,,,2025-05-19,,,,,,,,,,,,,2025-08-28,8834,,,,,,,,9786,2512,,,2024-12-24,,,,,,,,,,,,,2026-05-28,,,,,LOT-9576,,,8195,,,,,Resolved the outstanding question about scope.
,,Drew Cohen,Yara Nguyen,,,SKU-7271,TAG-7989,REF-4956,,,,,,Gamma,marco.patel@sampleco.test,Emerson Kim,,,,TAG-7732,,,LOT-1457,,,Prospect,Resolved the outstanding question about scope.,Northwind Industries Corp,Falcon Health Ltd,Active,Alpha,Mexico,,,,,Enterprise,,,,N,Hospitality,,,,,,,,,,,Website,SKU-1275,REF-8242,Aisha Larsson,SKU-3075,REF-6076,,5888,,,Standard,,TAG-2111,LOT-4751,,Delta,,,,,Omar Mensah,,Illinois,Y,,SKU-8556,,,,,,TAG-1149,1212,100001,Company,100401,sofia.sato@acme-fake.test,Rowan Mensah,2026-07-09 00:51:00,priya.ashby@examplecorp.test,Jordan Ashby,2026-02-14 00:17:00,diego.blake@acme-fake.test,Marco Blake,2023-02-16 18:12:00,sofia.garcia@sampleco.test,,2023-10-19 09:24:00,N,100001,100001,,100001,100001,,100001,100001,100001,100001,,100001,,100001,100001,,100001,2024-03-12 17:01:00,4255,3196,Other,Standard,Other,REF-3900,7941,6961,2897,4436,6458,Standard,2026-01-25 03:09:00,8370,5904,Delta,Delta,Delta,Beta,4185,8571,4425,8120,8120,Gamma,2025-10-03 06:44:00,8120,,Other,,,,,,,9874,,,2024-01-23,9213,,,,,,2171,,,,759,,2022-12-23,,6352,,SKU-7867,,,,,,4959,,,2024-11-19,,,,,,,8863,,,5400,,,2024-11-26,,7199,,SKU-1160,,,,,4385,,7038,,2024-06-12,,,Gamma,SKU-3373,,,,,,,,,Followed up on the open items from last week.
,,Diego Rossi,Mei Blake,,,,REF-9389,,,,TAG-2182,,,,mei.kim@examplecorp.test,,,,,,Drew Brooks,,TAG-3815,,,Active Customer,Discussed timeline and next steps with the account.,Harbor Financial,Everest Dynamics LLC,Active,Standard,Germany,,,,Reviewed performance and gathered feedback.,Renewal,,,,N,Energy,,,,,,,,,,,Webinar,SKU-2243,,Nina Reyes,SKU-6276,LOT-2278,,6752,,,Delta,,LOT-5101,TAG-2542,,Standard,,,,,Quinn Blake,,Texas,N,,REF-3642,,,,TAG-9128,,TAG-8087,4133,100001,Company,100403,mei.whitfield@demomail.test,Skyler Brooks,2023-03-10 11:14:00,chen.mensah@demomail.test,Taylor Larsson,2023-06-08 17:23:00,chen.ashby@demomail.test,Fatima Whitfield,2024-03-04 04:58:00,diego.whitfield@sampleco.test,,2023-05-04 22:57:00,Y,100001,100001,,100001,100001,100001,100001,100001,100001,100001,100001,100001,,100001,100001,,100001,2025-08-04 06:51:00,5915,724,Standard,Other,Alpha,LOT-7097,5186,1942,8179,7239,5951,Other,2025-07-21 04:00:00,540,824,Gamma,Standard,Gamma,Delta,7222,525,7652,4266,4751,Standard,2025-05-28 02:49:00,611,,,REF-3664,,,,,,8993,4693,,2023-04-11,,8738,,,,,,7379,,8425,9477,,2023-04-14,,7376,,,,,,1984,,,,,2025-02-08,,,,,,,9579,,,,,,2025-11-16,,,,,,,4693,,,,,,2026-02-07,,,,,,,,,,,,,Discussed timeline and next steps with the account.
,LOT-3277,Avery Larsson,Fatima Reyes,,,REF-4948,,,SKU-6721,,,LOT-8472,,,skyler.brooks@acme-fake.test,,,,,LOT-3882,,,REF-7909,,,Referral Partner,Discussed timeline and next steps with the account.,Harbor Foods Ltd,Pioneer Dynamics Inc,Active,,Canada,,,,,Standard,,,,Y,Construction,,,,,,,,,,,Inbound Call,,,Mei Blake,,SKU-9899,,,,,Alpha,,,,,,,,,,Mei Kim,,Arizona,Y,,LOT-8396,,,,,,REF-4515,9399,100001,Company,100404,jordan.ivanov@sampleco.test,Sofia Larsson,2023-10-07 08:29:00,chen.reyes@examplecorp.test,Priya Ashby,2024-10-30 17:10:00,liam.rossi@sampleco.test,Riley Garcia,2024-10-08 23:44:00,morgan.reyes@demomail.test,,2024-08-19 16:36:00,N,100001,100001,100001,100001,100001,100001,100001,100001,100001,100001,100001,100001,,100001,100001,100001,100001,2024-07-24 18:30:00,2936,8105,Gamma,Gamma,Delta,TAG-6376,1703,5932,3941,621,1165,Alpha,2023-08-19 21:50:00,7497,8203,Standard,Standard,Standard,Beta,113,7230,3541,1238,1007,Gamma,2024-04-17 18:01:00,,,Standard,SKU-5744,,,3174,,,,,,2025-10-17,,,,,,SKU-4535,,,,,6239,,2023-04-15,2427,6779,,,,,,,,,,,2025-08-09,8108,,,,,,,,,,,Standard,2024-04-25,1637,,,,,,,,,,,Other,2023-01-07,5076,,,,,,,,,,,,Aligned on billing and renewal terms.
,,Arjun Whitfield,Priya Ford,,,REF-8533,TAG-1063,,,,,LOT-4198,SKU-9783,,priya.larsson@demomail.test,Quinn Costa,,,TAG-6016,REF-1809,Drew Ashby,,REF-2597,,,Prospect,Discussed timeline and next steps with the account.,Granite Textiles LLC,Keystone Group Group,Inactive,Beta,Philippines,Gamma,,,Discussed timeline and next steps with the account.,SMB,,,,Y,Agriculture,,,,,,Standard,,,,,Partner,,,Rowan Reyes,LOT-1908,REF-2592,LOT-4118,,,,Beta,,REF-4595,LOT-9556,,Beta,,,,,Sofia Reyes,,Florida,N,,TAG-3578,,,,,,SKU-5214,6093,100001,Company,100405,jordan.patel@examplecorp.test,Drew Silva,2024-03-26 14:52:00,morgan.mercer@acme-fake.test,Emerson Vance,2025-03-21 10:51:00,rowan.rossi@demomail.test,Drew Reyes,2023-11-04 21:42:00,chen.sato@sampleco.test,,2025-10-26 18:40:00,N,100001,100001,100001,100001,100001,100001,100001,100001,,,,100001,100001,100001,100001,100001,100001,2024-08-28 22:37:00,6962,9967,Beta,Delta,Other,LOT-6526,9817,9332,3099,7336,7434,Delta,2024-09-12 22:53:00,9783,2138,Delta,Standard,Delta,Standard,1733,7232,6664,8190,180,Alpha,2023-08-06 16:59:00,25,,,,Other,,,,,,,Other,2025-12-20,,,,,Other,,,,,,,,2025-06-12,,835,,,,,,,,,,,2026-03-15,,,,,,,,,,,,,2024-12-25,6291,,,,,,5437,,,,,,2023-12-21,,,,,,,,,,,2969,,Resolved the outstanding question about scope.
SKU-3034,,Rahul Kim,Taylor Sloan,,,REF-2532,SKU-9164,,,,,,,Standard,taylor.sloan@demomail.test,Jordan Blake,Avery Ivanov,,,,,,TAG-5553,,,Referral Partner,Reviewed performance and gathered feedback.,Pioneer Retail Co,,Active,Beta,United Kingdom,,,,Resolved the outstanding question about scope.,SMB,,,,N,Manufacturing,,,,,,Delta,,,,,LinkedIn,REF-6703,LOT-4215,Aisha Silva,TAG-5101,TAG-1064,,8750,,,Alpha,,TAG-3856,TAG-5891,,,,,,,Elena Cohen,Aligned on billing and renewal terms.,Georgia,Y,,TAG-1680,,,,,,REF-4212,,100001,Company,100407,emerson.okafor@acme-fake.test,Drew Kim,2023-04-06 15:24:00,nina.calder@acme-fake.test,Alex Blake,2025-09-07 08:26:00,sofia.nguyen@acme-fake.test,Liam Blake,2023-12-10 09:43:00,riley.vance@acme-fake.test,,2024-12-24 19:52:00,Y,100001,100001,100001,100001,100001,,100001,100001,,,100001,100001,100001,100001,100001,100001,100001,2024-04-09 08:30:00,8145,5256,Other,Standard,Gamma,TAG-8117,875,1323,9801,9183,4935,Delta,2024-07-04 23:21:00,2184,267,Alpha,Delta,Beta,Delta,3018,2782,9859,8629,3446,Delta,2023-03-17 03:58:00,,,,,,,,,,,,,2022-11-11,5026,,Gamma,LOT-9720,,TAG-2645,,,,,,Alpha,2024-05-28,,,,,,,,,,,,,2026-07-04,8735,,,REF-6920,,,,,,4054,,,2023-07-20,,2714,,,,,,,,,,,2025-11-04,,,,,LOT-6804,,,,,,,,Noted a concern to revisit at the next sync.
,,Sofia Cohen,Taylor Kim,,,,REF-7226,,,,,,TAG-1891,,yara.calder@demomail.test,Marco Ivanov,,,,,,,TAG-9007,,,Prospect,Shared the updated proposal for review.,Summit Capital Corp,Redwood Holdings Group,Active,Standard,Australia,,,,Noted a concern to revisit at the next sync.,Enterprise,,,,N,Logistics,,Delta,,"207,189",,,,,,,LinkedIn,,,Avery Costa,TAG-3191,REF-3176,TAG-5652,,,,Other,,LOT-2123,LOT-6859,,Delta,,,,,Fatima Sato,,Arizona,N,,SKU-2922,,,,,,SKU-3547,,100001,Company,100410,mei.larsson@acme-fake.test,Fatima Silva,2022-12-26 18:07:00,fatima.whitfield@sampleco.test,Jordan Silva,2023-03-14 17:37:00,alex.silva@acme-fake.test,Jordan Ford,2024-05-15 01:04:00,drew.sato@demomail.test,,2024-01-25 15:04:00,Y,100001,100001,100001,100001,100001,,100001,100001,100001,,100001,100001,100001,100001,100001,,100001,2024-06-01 16:10:00,7292,9766,Alpha,Standard,Other,LOT-7996,5564,4815,9216,3663,8471,Gamma,2024-02-24 21:20:00,4049,8227,Other,Standard,Standard,Other,3185,4516,8047,2686,6312,Gamma,2025-01-31 06:12:00,,,,,,,,8324,1041,8941,,Beta,2024-02-29,,4729,,,,,,6877,,,,Other,2025-02-27,,,,,,LOT-6060,,,,,,,2025-01-24,,7498,,,,,,,,,,,2025-08-08,,,,,,,,,,,,,2025-08-01,9109,,,,,,,,,,2574,Other,Aligned on billing and renewal terms.
,LOT-3311,Marco Haddad,Liam Rossi,,,SKU-6043,REF-7948,,,REF-2875,,,,,omar.mercer@demomail.test,,,,,TAG-2298,,"47,253",SKU-5312,"49,538",,Referral Partner,Noted a concern to revisit at the next sync.,Brightpath Robotics Co,Cobalt Robotics,Active,Beta,Canada,,,SKU-5729,Reviewed performance and gathered feedback.,Renewal,,,,Y,Manufacturing,,,,,,,,,,,Partner,,SKU-6610,Omar Mensah,REF-3098,SKU-2533,,8614,,,Standard,,SKU-9201,TAG-8406,,,,,Standard,,Diego Mensah,,Florida,Y,REF-4819,,,,,,,LOT-8891,,100001,Company,100412,fatima.dorsey@acme-fake.test,Arjun Patel,2022-10-07 04:30:00,diego.ivanov@demomail.test,Priya Dorsey,2026-06-26 06:19:00,noah.dorsey@acme-fake.test,Diego Haddad,2023-04-28 23:14:00,yara.brooks@examplecorp.test,Mei Dorsey,2024-01-12 13:58:00,N,100001,100001,100001,100001,,,100001,100001,100001,,100001,100001,,100001,100001,,100001,2023-07-11 10:12:00,1598,9399,Standard,Beta,Beta,SKU-7433,8,8980,5581,1444,6718,Gamma,2024-10-31 00:27:00,5675,8738,Delta,Gamma,Alpha,Alpha,6181,2565,8574,9031,8368,Standard,2023-08-12 02:11:00,,,,LOT-3922,,,1571,4091,5965,,,,2024-12-20,,1440,,LOT-7990,Other,,9035,8654,9121,,,,2024-07-12,,,Delta,,SKU-8110,SKU-5191,,,,,,,2023-11-18,,6031,,,,,,9005,,1439,,,2025-02-06,,,,,,,,,,,,,2024-07-29,,,,,,LOT-6726,,5882,,,2532,,Resolved the outstanding question about scope.
,,Elena Mercer,Arjun Calder,,,TAG-7811,REF-1685,,,,,,,,priya.sloan@acme-fake.test,,,,,,,,SKU-5641,,,Active Customer,Aligned on billing and renewal terms.,Redwood Networks,Harbor Group LLC,Active,Gamma,India,,,,Resolved the outstanding question about scope.,Standard,,SKU-6852,,N,Hospitality,,,,"165,573",,,,,,,Partner,LOT-7347,,Elena Cohen,LOT-3879,SKU-4022,TAG-6622,4863,,,Standard,,,REF-4424,,Standard,,,,,Liam Garcia,,Arizona,N,,REF-1820,,,,,,LOT-6150,5488,100001,Company,100414,rahul.haddad@sampleco.test,Omar Kim,2023-03-11 11:34:00,chen.mercer@examplecorp.test,Nina Ford,2025-06-23 02:46:00,jamie.whitfield@acme-fake.test,Arjun Reyes,2022-11-04 00:35:00,diego.silva@demomail.test,,2025-08-27 16:15:00,N,100001,100001,,100001,,,100001,100001,,,100001,100001,100001,100001,100001,,100001,2025-10-15 16:07:00,160,2809,Gamma,Beta,Alpha,REF-7446,6217,2224,4539,2007,2969,Standard,2025-06-21 20:14:00,3709,3016,Other,Other,Standard,Delta,3670,5401,8738,2848,9193,Alpha,2024-05-01 08:06:00,3277,,,SKU-7087,,SKU-7396,,,,,,,2025-02-14,2490,,,,,,1018,,,,2530,,2024-05-15,,,,,,TAG-9605,,,,,,,2023-11-04,,,,,,,,,,,,,2024-09-23,,,,REF-2940,,,,,,,,,2026-07-17,,,,,,,,,,,,,Shared the updated proposal for review.
REF-3939,,Jamie Sloan,Mei Calder,,,,REF-6961,TAG-3361,TAG-8250,,,,LOT-8058,,yara.ivanov@sampleco.test,,Omar Ford,,,,Riley Blake,,SKU-8560,,,Active Customer,Scheduled a check-in for the coming month.,Horizon Logistics LLP,Beacon Systems Group,Active,Beta,United Kingdom,,,,Shared the updated proposal for review.,New Logo,,TAG-8284,,Y,Hospitality,,,,,,,,,,,LinkedIn,REF-8014,,Rowan Cohen,LOT-3802,SKU-3691,,,,,Beta,,REF-1174,,,Beta,,,,,Sofia Okafor,Shared the updated proposal for review.,Texas,Y,,TAG-3858,,,,REF-2413,,REF-6907,8434,100001,Company,100415,priya.sato@demomail.test,Yara Sloan,2023-03-17 18:12:00,diego.brooks@sampleco.test,Liam Nguyen,2025-07-16 15:35:00,taylor.whitfield@acme-fake.test,Yara Sato,2023-01-06 23:51:00,riley.kim@acme-fake.test,,2023-02-19 22:13:00,N,100001,100001,100001,100001,100001,100001,100001,100001,100001,,100001,100001,,100001,100001,100001,100001,2023-08-23 06:24:00,9479,2085,Alpha,Gamma,Gamma,REF-3793,1564,9982,7137,9129,4084,Standard,2026-03-17 08:11:00,35,8009,Standard,Alpha,Other,Standard,5634,3474,3563,3970,7819,Alpha,2022-12-11 20:55:00,,,,,Delta,REF-9082,,,7672,,,,2024-06-25,,,,,,,,,,,,Alpha,2023-03-25,,,,,,,7426,,,,,,2024-02-26,,,,,,TAG-1407,,8273,,5484,,,2026-06-28,,,,,,,,5767,,9948,,Delta,2026-05-01,,5631,,,SKU-2784,,4499,,,,,Alpha,Noted a concern to revisit at the next sync.
LOT-4571,LOT-4115,Chen Ashby,Taylor Costa,,,LOT-3524,LOT-7219,,REF-8570,,,,,Gamma,jamie.silva@demomail.test,,,,,,,,REF-5847,,,Active Customer,Aligned on billing and renewal terms.,Blue Ridge Ventures Co,Atlas Analytics LLP,Active,Beta,India,,SKU-1112,,Discussed timeline and next steps with the account.,Standard,,,,N,Hospitality,,,,,,,,,,,Event,,,Riley Ivanov,LOT-5655,,LOT-7148,3296,,,Gamma,,TAG-2227,SKU-8698,,,,,,,Arjun Dorsey,,Arizona,N,,TAG-5085,,,,REF-3022,,REF-6442,7565,100001,Company,100418,chen.brooks@examplecorp.test,Avery Blake,2025-02-20 06:16:00,chen.sato@examplecorp.test,Emerson Blake,2024-09-05 13:18:00,aisha.ashby@examplecorp.test,Diego Costa,2025-01-27 05:44:00,arjun.silva@examplecorp.test,Elena Ford,2024-01-23 04:23:00,Y,,100001,100001,100001,100001,,100001,100001,,100001,100001,,100001,100001,100001,100001,100001,2026-06-22 14:56:00,1056,5700,Other,Beta,Standard,REF-5329,4035,171,9639,4394,2838,Beta,2026-01-28 17:22:00,9331,3432,Other,Gamma,Other,Gamma,4608,415,4685,1743,5022,Other,2024-01-30 09:11:00,1065,,,TAG-3480,,,,,,4671,,Delta,2024-08-25,,,,,,,,,,,,,2024-10-31,,,Beta,,,,7045,,,,,,2024-01-19,4332,,,,,,,7938,,,,,2024-11-01,852,4720,,REF-4301,,TAG-9167,,358,,,,,2025-10-31,5801,,,TAG-4835,,,,815,,,3089,,Scheduled a check-in for the coming month.
,TAG-7362,Jordan Ashby,Jordan Haddad,,,REF-6871,TAG-5147,,,,,,LOT-4734,,skyler.vance@examplecorp.test,Elena Nguyen,Reese Rossi,,,TAG-8818,,,REF-2834,,,Active Customer,Aligned on billing and renewal terms.,Harbor Ventures Inc,Brightpath Media Ltd,Active,,United Kingdom,,,LOT-7771,Shared the updated proposal for review.,Standard,,REF-3630,,Y,Hospitality,,Alpha,,,,,,,,,Inbound Call,LOT-1643,,Casey Nguyen,,REF-7975,,,,,Alpha,,REF-8921,REF-7312,,Delta,,,,,Noah Mensah,,Colorado,N,,REF-3396,,,,,,LOT-4794,667,100001,Company,100420,jordan.mercer@acme-fake.test,Arjun Calder,2026-04-13 05:18:00,mei.dorsey@sampleco.test,Arjun Costa,2025-05-12 06:58:00,morgan.mensah@examplecorp.test,Fatima Reyes,2026-04-23 06:26:00,taylor.nguyen@demomail.test,,2025-11-10 23:31:00,N,100001,100001,100001,100001,100001,,100001,100001,100001,,,100001,100001,100001,100001,100001,100001,2026-05-06 18:03:00,264,2889,Alpha,Standard,Beta,REF-8208,9272,1646,7718,2155,3858,Delta,2024-09-12 03:12:00,7928,7286,Delta,Other,Delta,Delta,8894,1572,9584,2570,2995,Delta,2026-07-02 18:55:00,727,,,,,,,,,,1951,,2023-12-08,,2713,,,Beta,,,,6520,,,,2025-01-02,,,,,LOT-2097,,,,,,,,2025-11-03,,,,LOT-8671,,,,,,,,Delta,2023-03-04,,783,Gamma,,,LOT-7205,,,,,,Other,2025-05-15,,,,,,SKU-5219,,,,,,,Discussed timeline and next steps with the account.
REF-5581,LOT-2052,Chen Garcia,Diego Whitfield,,,REF-2210,REF-9826,LOT-2399,,,,,SKU-5944,,quinn.cohen@acme-fake.test,,,,,,,,TAG-7718,,,Past Customer,Discussed timeline and next steps with the account.,Falcon Group Inc,Blue Ridge Analytics,Active,,India,,,,Scheduled a check-in for the coming month.,Enterprise,,,,N,Logistics,,,,,,,,,,,Event,REF-7998,SKU-6724,Yara Okafor,SKU-4619,REF-2183,,3737,,,Beta,,,SKU-5979,,Other,,,,,Quinn Blake,,Illinois,Y,,TAG-1241,,,,,,SKU-1466,6803,100001,Company,100421,chen.nguyen@sampleco.test,Jordan Whitfield,2023-11-08 01:40:00,reese.okafor@acme-fake.test,Priya Ivanov,2023-12-18 06:44:00,skyler.nguyen@examplecorp.test,Yara Brooks,2024-01-08 08:47:00,aisha.dorsey@sampleco.test,,2024-10-09 09:04:00,N,100001,100001,100001,100001,100001,,100001,100001,100001,,100001,100001,,100001,100001,100001,100001,2023-09-28 02:09:00,3892,4781,Other,Alpha,Alpha,REF-8659,9951,739,2131,6305,9327,Alpha,2023-02-18 12:30:00,9097,7927,Beta,Beta,Alpha,Gamma,9836,7102,8781,4641,5429,Beta,2024-06-17 12:06:00,7396,,,,,TAG-4515,,,,,,,2025-05-29,197,8729,,,,,,1779,,,,,2024-11-11,,,,,,,,9224,,,,,2024-09-02,,,,,,,,,,,,,2025-07-25,,,,TAG-2953,,,,,,,,,2024-12-19,,,Standard,TAG-9043,,,2397,,,,,Delta,Aligned on billing and renewal terms.
,,Chen Silva,Arjun Patel,,,,LOT-3883,,,,,REF-8863,,,casey.patel@demomail.test,,Marco Cohen,,,TAG-4397,,,SKU-6156,,,Active Customer,Shared the updated proposal for review.,Falcon Industries LLP,Keystone Health Ltd,Active,Other,India,,SKU-3052,,Reviewed performance and gathered feedback.,New Logo,,,,N,Professional Services,,,,"174,591",,,,,,,Event,,REF-1173,Aisha Nguyen,TAG-7714,REF-3379,LOT-3907,9483,,,,,SKU-2150,TAG-4778,,Beta,,,,,Omar Blake,,Ohio,Y,,TAG-9767,,,,,SKU-3969,REF-9325,8539,100001,Company,100423,yara.mercer@examplecorp.test,Diego Rossi,2025-03-07 18:39:00,riley.ford@examplecorp.test,Marco Whitfield,2024-08-14 00:55:00,aisha.blake@acme-fake.test,Skyler Blake,2024-01-10 14:53:00,alex.silva@acme-fake.test,,2024-10-30 23:47:00,Y,100001,100001,100001,100001,100001,100001,100001,100001,100001,100001,,100001,,100001,,,100001,2023-05-02 22:27:00,5504,991,Other,Gamma,Standard,REF-2716,1120,7137,9824,2705,2072,Beta,2023-02-08 11:00:00,9211,7287,Standard,Beta,Beta,Beta,162,5149,5973,1197,7537,Gamma,2025-01-31 21:30:00,,,,,,,,,,,,,2022-10-24,,,,,,,,,,,,,2025-04-21,2553,,,,,SKU-4673,,,4111,9985,,,2025-02-08,,,,,,,,6900,,,1106,,2023-01-13,,,,,,,,,,,,,2026-05-30,,,,SKU-9739,SKU-1284,,,,9796,,,,Resolved the outstanding question about scope.
,,Taylor Garcia,Quinn Blake,,,SKU-7229,LOT-1748,,,LOT-6194,TAG-4183,,TAG-7387,,priya.dorsey@demomail.test,,,,,SKU-6825,,,SKU-9761,,,Active Customer,Resolved the outstanding question about scope.,Pioneer Health LLP,Delta Financial,Active,Standard,Philippines,,,,Followed up on the open items from last week.,Renewal,,,,N,Energy,,Delta,,,,,,,,,LinkedIn,LOT-1746,REF-8786,Omar Vance,SKU-4012,TAG-6840,,6436,,,Delta,,,REF-6195,,Delta,,,,,Chen Kim,,Illinois,N,,SKU-2147,,,,REF-1938,,LOT-3427,2274,100001,Company,100425,aisha.larsson@sampleco.test,Elena Brooks,2024-10-02 16:58:00,avery.mercer@acme-fake.test,Taylor Mercer,2024-10-15 12:22:00,avery.whitfield@acme-fake.test,Alex Sato,2025-09-14 03:01:00,liam.larsson@demomail.test,,2023-05-27 14:59:00,N,,100001,100001,100001,100001,100001,100001,100001,100001,100001,100001,100001,,100001,100001,,100001,2024-03-30 23:42:00,4427,9601,Alpha,Gamma,Beta,REF-4280,8478,6233,8568,5087,9940,Gamma,2023-04-24 02:54:00,8990,747,Alpha,Gamma,Alpha,Other,5108,6504,5932,5627,323,Delta,2023-04-20 20:30:00,,,,,Standard,,,,,862,4861,,2023-08-01,,,,,,,,7401,,,,,2025-07-11,,,Other,,,,,,,,,,2025-11-20,,,Other,TAG-6405,,,,,,,,,2025-11-21,,1769,,,,,,,5666,,,,2024-05-30,,,,,,,9338,,,,,,Followed up on the open items from last week.
LOT-2191,LOT-8464,,Casey Vance,,,,TAG-1522,,REF-7617,,,,,,jamie.calder@examplecorp.test,,Drew Blake,,TAG-6061,,Avery Reyes,"94,247",,,,Active Customer,Noted a concern to revisit at the next sync.,Cardinal Financial Co,Cobalt Dynamics Inc,Active,Standard,Canada,,,,Followed up on the open items from last week.,Standard,,,,Y,Energy,,,,,,Delta,,,,,Inbound Call,,,Aisha Larsson,SKU-7990,LOT-1076,,8765,,,Standard,,LOT-9116,,,,,,Other,,Rowan Brooks,,Georgia,Y,,LOT-8987,,,,,,LOT-4095,6579,100001,Company,100428,sofia.costa@examplecorp.test,Alex Mercer,2026-06-25 18:58:00,chen.brooks@sampleco.test,Taylor Rossi,2022-11-06 21:45:00,casey.larsson@acme-fake.test,Taylor Patel,2026-01-18 06:51:00,taylor.brooks@acme-fake.test,,2025-05-20 08:14:00,N,100001,100001,100001,100001,100001,,100001,100001,,100001,100001,,100001,100001,100001,100001,100001,2025-03-30 22:31:00,950,6662,Alpha,Standard,Other,LOT-7354,7189,5572,6979,6452,5385,Alpha,2023-10-08 22:58:00,7048,1243,Standard,Gamma,Gamma,Beta,3715,2982,5421,2139,7547,Other,2024-05-10 02:37:00,,5499,Delta,,,,,,,,,,2024-09-05,,,,,,,,,,,,,2025-08-12,,,,,,,,,2033,2288,5051,,2025-06-18,,,,,,,,,,,,,2024-11-01,5029,,Gamma,,,,,,,,,,2022-10-13,,5555,Beta,,,,,,7770,7881,,,Scheduled a check-in for the coming month.
,,Marco Sloan,Drew Whitfield,,,TAG-7195,TAG-3811,,SKU-6671,SKU-1153,,,,,avery.cohen@acme-fake.test,Rowan Silva,,,,LOT-9831,,,SKU-2108,"90,780",,Referral Partner,Noted a concern to revisit at the next sync.,Northwind Group Group,Meridian Financial Corp,Active,Other,Canada,,,,Resolved the outstanding question about scope.,Standard,,,,N,Real Estate,,,,,,,,,,,Webinar,SKU-7044,TAG-3406,Alex Nguyen,,SKU-7950,TAG-5622,8771,,,Gamma,,,LOT-6035,,,,,,,Noah Silva,,California,Y,REF-7056,SKU-2054,,,,,TAG-9050,LOT-8018,1300,100001,Company,100429,avery.ivanov@demomail.test,Yara Kim,2024-01-22 22:12:00,skyler.reyes@examplecorp.test,Mei Haddad,2023-10-19 23:54:00,noah.blake@demomail.test,Casey Sato,2026-07-23 07:09:00,fatima.reyes@examplecorp.test,,2023-09-21 17:39:00,Y,100001,100001,100001,100001,100001,100001,100001,100001,,,,100001,100001,100001,100001,,100001,2025-04-16 14:26:00,8318,3189,Alpha,Standard,Delta,SKU-3289,9251,5848,7338,113,8443,Delta,2025-11-10 18:04:00,1071,5043,Delta,Delta,Standard,Other,9401,6184,330,9812,5229,Other,2024-05-17 04:07:00,9322,,,,,,,,,,,,2025-06-16,,,,,Alpha,,,,,,,Gamma,2023-07-16,,,,REF-3078,SKU-3743,,,,8412,,,,2025-06-26,,,,,,,,,,,,,2024-05-13,,,,,,,,,9214,,6209,,2026-01-02,,,,,,,5474,,,,,,Reviewed performance and gathered feedback.
,,Rahul Whitfield,Rowan Garcia,,,,LOT-7324,TAG-8289,REF-5297,,,,,,reese.okafor@acme-fake.test,Liam Nguyen,,,,,,,,,,Active Customer,Discussed timeline and next steps with the account.,Northwind Textiles LLP,Falcon Foods Group,Active,Gamma,United States,,,,Aligned on billing and renewal terms.,Standard,,TAG-5749,,N,Construction,,,,,,,,,,,Website,REF-3268,LOT-4320,Sofia Calder,,REF-3123,,1070,,,Standard,,SKU-3171,TAG-2004,,Alpha,,,,,Elena Dorsey,,California,Y,,REF-8209,,,,,,LOT-4619,4449,100001,Company,100432,aisha.cohen@examplecorp.test,Omar Patel,2024-06-30 02:13:00,omar.mensah@examplecorp.test,Priya Garcia,2023-04-12 10:57:00,marco.larsson@acme-fake.test,Priya Mercer,2026-01-24 20:54:00,jordan.okafor@sampleco.test,Emerson Ivanov,2025-10-10 23:51:00,N,100001,100001,100001,100001,100001,100001,100001,100001,100001,100001,100001,100001,100001,100001,100001,,100001,2023-09-18 00:54:00,241,1349,Delta,Other,Delta,LOT-1769,6310,4831,7862,8512,2898,Other,2025-07-05 15:19:00,8444,9356,Other,Delta,Standard,Delta,1578,4682,7916,459,135,Standard,2023-01-19 12:59:00,,,,,,,,,9670,,,,2025-06-24,,,Standard,,,SKU-9137,3886,,,1861,,Alpha,2024-12-04,,,,,,,,,,,,,2024-02-01,,,,,,,,,,,,Beta,2025-09-17,3956,,,,,REF-5367,,,,,,,2025-11-09,,,,,LOT-9687,,,,,,,,Noted a concern to revisit at the next sync.
,,Drew Patel,Noah Ashby,,,LOT-6282,TAG-9420,,LOT-3936,LOT-4823,,,,,mei.cohen@acme-fake.test,,Morgan Dorsey,,,LOT-7427,Drew Ashby,,REF-5053,,,Prospect,Shared the updated proposal for review.,Summit Manufacturing Co,Evergreen Capital Co,Active,Alpha,United Kingdom,,,SKU-7339,Reviewed performance and gathered feedback.,Standard,,LOT-4112,,Y,Real Estate,,,,,,,,,,"245,823",Referral,REF-1114,,Elena Sloan,SKU-3144,,TAG-5305,,,,Standard,,,LOT-1363,,Standard,Beta,,,,Reese Mercer,,Ohio,Y,,TAG-9722,,,,,,REF-9301,4386,100001,Company,100434,taylor.mercer@sampleco.test,Omar Calder,2025-09-05 08:45:00,yara.ashby@sampleco.test,Jordan Costa,2024-04-24 05:05:00,omar.ashby@demomail.test,Liam Garcia,2023-06-04 14:20:00,jamie.reyes@examplecorp.test,,2023-12-12 17:43:00,Y,100001,100001,100001,100001,100001,100001,100001,100001,100001,100001,100001,100001,,100001,100001,100001,100001,2024-04-30 16:28:00,8047,5975,Gamma,Other,Other,TAG-2014,6796,1509,7272,7137,5506,Other,2025-03-05 13:32:00,6361,3964,Beta,Alpha,Delta,Beta,4444,5662,165,7138,5778,Standard,2023-04-23 22:22:00,9518,,,,,,,8417,,,7189,Beta,2023-12-28,,915,Gamma,,Beta,,,,,,260,Alpha,2026-04-20,,,,,,REF-5233,,,,,,,2023-07-06,,,Alpha,,,,8141,,,,3098,,2023-11-25,,,,,,REF-9049,,,5594,,,,2024-03-30,,,,,,,,,,,,Delta,Scheduled a check-in for the coming month.
SKU-6478,,Rahul Dorsey,Elena Mensah,,,TAG-8554,LOT-6189,TAG-1955,SKU-5491,,,,,Delta,drew.reyes@sampleco.test,,,,,,,,LOT-9988,,,Active Customer,Reviewed performance and gathered feedback.,Harbor Holdings Co,Granite Logistics Co,Active,Alpha,Philippines,,,,Noted a concern to revisit at the next sync.,SMB,,,,Y,Healthcare,,,,,,,,,,,LinkedIn,REF-7835,SKU-3036,Priya Larsson,SKU-7580,REF-5748,SKU-3581,,,,Beta,,SKU-7625,TAG-5071,,Gamma,,,,,Emerson Patel,,California,N,,TAG-1412,,,,,,REF-3945,424,100001,Company,100435,fatima.calder@demomail.test,Elena Sloan,2026-01-01 01:33:00,diego.brooks@acme-fake.test,Casey Kim,2023-11-21 07:09:00,jordan.larsson@examplecorp.test,Casey Whitfield,2023-06-28 16:45:00,marco.reyes@sampleco.test,,2026-03-22 04:14:00,Y,100001,100001,100001,100001,100001,,100001,100001,100001,,100001,100001,100001,100001,,,100001,2023-07-09 23:20:00,9757,8234,Gamma,Beta,Other,SKU-1029,3807,6511,6994,5499,1340,Standard,2023-06-28 07:20:00,914,731,Standard,Delta,Other,Delta,8622,1004,9749,5893,588,Alpha,2023-10-20 19:13:00,,6589,Delta,SKU-1856,,,,,,,,Delta,2025-05-01,,8697,,,,REF-9948,,,5999,,,,2024-12-27,,,,,,,,,,,,,2025-01-22,,,,,,TAG-5416,,,,4304,,,2023-12-08,,,,,,,,521,,,8748,,2024-11-27,,,,,,LOT-3711,5869,,,9312,,,Followed up on the open items from last week.
,,Yara Okafor,Omar Sato,,,LOT-3900,LOT-2295,TAG-7874,,,,,,,avery.dorsey@examplecorp.test,,,,,TAG-8981,,"173,566",REF-8488,,,Referral Partner,Resolved the outstanding question about scope.,Blue Ridge Robotics Ltd,Brightpath Ventures LLP,Active,Gamma,Mexico,,,,Aligned on billing and renewal terms.,Enterprise,,,,N,Agriculture,,,,,,,,Gamma,,,Partner,REF-5106,TAG-2301,Liam Ashby,SKU-9176,LOT-6175,LOT-2003,,,,Other,,REF-8542,TAG-3803,,Beta,,,,,Avery Ford,,Florida,N,,REF-3793,,,,,,REF-4702,590,100001,Company,100436,jordan.ivanov@acme-fake.test,Fatima Ford,2024-08-22 00:28:00,avery.costa@sampleco.test,Morgan Dorsey,2024-05-12 16:46:00,riley.sloan@sampleco.test,Chen Patel,2025-09-03 00:37:00,fatima.brooks@examplecorp.test,,2025-09-09 16:21:00,Y,,100001,100001,100001,100001,100001,100001,100001,,100001,,100001,100001,100001,100001,100001,100001,2022-11-30 04:41:00,110,240,Gamma,Alpha,Beta,REF-7491,3597,6427,1759,8153,86,Standard,2024-05-26 05:34:00,8239,2298,Gamma,Delta,Beta,Standard,5840,5786,9429,193,6613,Delta,2023-09-26 07:27:00,,,Delta,,,,,,,,,,2023-05-21,,5809,,,Alpha,TAG-2580,,,,2412,,,2025-06-29,,,,,,,,6801,,5519,,,2024-01-20,,,Gamma,,,,,,,,,Gamma,2023-03-17,1972,,,,,,,,,,,,2025-02-23,,,,,,,,,,,,,Resolved the outstanding question about scope.
,,Priya Haddad,Quinn Garcia,,,REF-9544,LOT-3479,,,,,,,,noah.reyes@demomail.test,,,,REF-3632,,,"25,219",TAG-9007,,Delta,Prospect,Aligned on billing and renewal terms.,Granite Financial Inc,Blue Ridge Industries Ltd,Inactive,Beta,Philippines,,,,Resolved the outstanding question about scope.,Renewal,,,,N,Education,,,,,,,,,,,Partner,TAG-4374,SKU-7082,Elena Cohen,LOT-4683,LOT-4255,,9224,,,Other,,TAG-3328,TAG-8455,,,,,,,Nina Brooks,,Washington,Y,,LOT-5906,,,,,,,3888,100001,Company,100438,liam.nguyen@acme-fake.test,Aisha Brooks,2023-11-09 21:10:00,avery.dorsey@examplecorp.test,Quinn Ashby,2024-10-16 02:10:00,arjun.ivanov@sampleco.test,Chen Rossi,2025-08-09 06:01:00,elena.vance@sampleco.test,,2022-12-23 13:30:00,N,100001,100001,,100001,100001,100001,100001,100001,100001,100001,100001,100001,,100001,100001,100001,100001,2025-02-06 08:55:00,4056,6807,Delta,Delta,Standard,SKU-4775,6932,8652,5734,1154,8219,Standard,2023-10-19 16:26:00,1989,4484,Beta,Alpha,Alpha,Other,9403,5740,5980,5042,3300,Beta,2026-01-28 01:34:00,,,,,,,8624,,,,,,2024-06-19,,4390,,,,,,,1252,,,,2022-10-05,,,,,SKU-1685,,,,,,,,2025-11-30,,4867,Alpha,,,SKU-5796,7062,,,,,Beta,2024-02-26,,497,,,,,,,,,,,2025-05-13,,6989,,REF-5253,,,,,,,,,Followed up on the open items from last week.
TAG-1433,,Drew Sato,Yara Okafor,,,SKU-2581,TAG-8145,TAG-1010,LOT-8613,SKU-5305,,,LOT-2653,Beta,alex.sloan@sampleco.test,,Yara Silva,,REF-7454,,Sofia Larsson,,REF-3583,"114,917",,Active Customer,Scheduled a check-in for the coming month.,Harbor Dynamics LLC,Atlas Ventures,Active,Gamma,India,,,,Aligned on billing and renewal terms.,SMB,,,,Y,Construction,,Other,,"35,018",,,,,,,Referral,REF-3413,,Mei Sloan,TAG-2635,SKU-8788,LOT-6294,,,,Other,,TAG-2956,TAG-9505,,Gamma,,,,,Noah Sato,,Washington,N,,SKU-1432,,,,,,REF-1776,6803,100001,Company,100439,liam.mercer@acme-fake.test,Diego Calder,2022-10-11 07:21:00,liam.larsson@acme-fake.test,Nina Dorsey,2023-02-10 20:24:00,morgan.whitfield@acme-fake.test,Yara Dorsey,2026-01-12 11:41:00,diego.brooks@demomail.test,,2023-07-20 12:34:00,Y,100001,100001,100001,100001,100001,100001,100001,100001,,,100001,100001,100001,100001,100001,,100001,2025-04-23 23:31:00,6528,4224,Other,Delta,Alpha,TAG-7825,9715,8770,5792,3880,2701,Standard,2024-01-27 18:15:00,4419,4637,Alpha,Gamma,Gamma,Other,8068,3650,2379,8075,6105,Standard,2022-10-15 02:47:00,,,,,,LOT-4593,,,444,,,,2024-09-22,,,,REF-5598,,,,513,,9647,,,2024-01-18,,,,,,,8295,,798,,,Delta,2025-11-21,,,,,,,,,,,,Alpha,2025-03-20,,,,,,,,,,711,,,2025-02-17,,,,,,,,,,,,,Reviewed performance and gathered feedback.
SKU-2984,,Mei Whitfield,Riley Mercer,,,,,,TAG-9368,,,,,,fatima.vance@examplecorp.test,,,,,,,"180,890",,,,Past Customer,Aligned on billing and renewal terms.,Evergreen Partners Group,Summit Dynamics LLC,Active,Gamma,Australia,,,,Followed up on the open items from last week.,Enterprise,,,,Y,Technology,,,,,,,,,,,Partner,,TAG-4903,Riley Blake,REF-3903,LOT-9099,,,,,,,TAG-2780,LOT-3464,,Alpha,,,,,Liam Calder,,Arizona,N,,SKU-5494,,,,,,TAG-1858,,100001,Company,100441,nina.whitfield@examplecorp.test,Skyler Mercer,2023-09-13 12:36:00,aisha.dorsey@examplecorp.test,Sofia Blake,2025-06-13 04:52:00,elena.blake@demomail.test,Chen Larsson,2024-11-29 02:26:00,rowan.nguyen@examplecorp.test,,2025-11-28 19:26:00,N,100001,100001,100001,100001,100001,100001,100001,100001,,100001,100001,100001,100001,100001,100001,,100001,2023-12-20 18:36:00,8405,5839,Other,Other,Alpha,LOT-5178,2976,2303,609,3773,818,Delta,2026-03-31 23:12:00,8931,1383,Delta,Other,Other,Gamma,4535,3677,2635,5681,823,Delta,2026-03-14 09:23:00,,,Alpha,,,,,,62,,,,2024-03-01,,7348,,,,,,,7237,,,,2026-05-13,,7785,,LOT-1732,,,,4592,,,,,2025-12-06,8191,,,,,,,,,,421,,2024-10-08,,,,,,,,,,,,,2025-09-21,,,,,,,,,,,,,Discussed timeline and next steps with the account.
,,Morgan Patel,Chen Okafor,,,REF-3883,SKU-5977,,,,REF-1372,LOT-7346,,,jordan.patel@demomail.test,,Casey Sloan,,,TAG-6371,,,SKU-2551,,,Past Customer,Discussed timeline and next steps with the account.,Atlas Industries Corp,Evergreen Dynamics Co,Active,Other,United Kingdom,,,,Discussed timeline and next steps with the account.,SMB,,SKU-7239,LOT-7497,N,Healthcare,,,,,,,,Delta,,,Website,LOT-3901,LOT-9754,Rahul Brooks,LOT-3825,REF-4498,TAG-1449,,,,Delta,,REF-7989,,,Delta,,,,,Rowan Silva,,Colorado,Y,,SKU-4099,,,,,,REF-9830,2720,100001,Company,100442,mei.silva@sampleco.test,Taylor Silva,2025-07-20 11:44:00,rowan.mercer@sampleco.test,Rowan Reyes,2023-06-13 23:43:00,quinn.calder@examplecorp.test,Skyler Dorsey,2023-08-28 15:08:00,quinn.calder@acme-fake.test,,2023-10-14 11:37:00,Y,,100001,100001,100001,,,100001,100001,100001,100001,,100001,100001,100001,100001,,100001,2023-07-01 07:24:00,232,5226,Standard,Other,Alpha,LOT-1653,8088,16,6121,1859,6178,Standard,2023-05-11 13:14:00,4383,2745,Beta,Delta,Alpha,Alpha,1987,3966,9761,4478,2142,Beta,2024-09-07 15:31:00,,,,,,LOT-4504,,3667,,8442,,,2025-03-08,,,Alpha,,,,4963,,,5862,,,2023-04-23,,,,,,,,,,9795,,,2023-12-12,,,,,,,,,,,,,2026-03-05,,,,,Beta,,,,,,,,2023-08-18,8604,,,,,TAG-3203,,,,,,,Noted a concern to revisit at the next sync.
,,Yara Mercer,Alex Okafor,,,SKU-9779,LOT-8607,LOT-2933,SKU-3804,,,,,Delta,avery.calder@examplecorp.test,Emerson Whitfield,Mei Okafor,,TAG-6475,,Quinn Sato,"174,826",TAG-1438,,,Active Customer,Resolved the outstanding question about scope.,Granite Media,Lakeside Industries Corp,Active,Other,India,Delta,,,Resolved the outstanding question about scope.,New Logo,,,,Y,Energy,,Other,,,,,Y,,,,LinkedIn,REF-3699,LOT-2840,Jordan Reyes,REF-7701,,REF-4986,5636,,,Beta,,SKU-4474,TAG-9901,,,,,,,Avery Sato,,Florida,N,,SKU-3790,,,,,,LOT-2506,8005,100001,Company,100445,liam.dorsey@demomail.test,Priya Rossi,2025-08-15 06:56:00,nina.kim@demomail.test,Aisha Patel,2025-05-09 08:26:00,noah.vance@sampleco.test,Noah Dorsey,2025-11-25 21:46:00,riley.sato@sampleco.test,,2024-06-11 22:41:00,N,100001,100001,,100001,100001,100001,100001,100001,100001,,,100001,,100001,100001,,100001,2023-04-22 19:28:00,6994,4215,Other,Beta,Other,REF-2935,5689,2021,9863,7878,8531,Standard,2024-09-10 21:41:00,2471,5680,Beta,Delta,Standard,Beta,1020,5968,5072,7270,8731,Delta,2023-04-01 10:38:00,3462,,,,,SKU-4424,,,,,7425,,2023-05-30,5093,,,,,,,,,,,,2024-12-27,,,,,,,,,,,,,2023-12-25,,,Delta,,,,,,,,,,2023-10-12,,,,,,,,,,,4656,,2026-01-15,5286,,,,,,,,,,,,Scheduled a check-in for the coming month.
,,Emerson Vance,Priya Okafor,,,SKU-7702,,SKU-9313,TAG-5033,,,,,,liam.garcia@sampleco.test,Rowan Costa,,,,,Drew Mensah,,SKU-5649,,,Active Customer,Aligned on billing and renewal terms.,Brightpath Energy Co,Brightpath Manufacturing LLP,Active,Alpha,Canada,,,,Discussed timeline and next steps with the account.,SMB,,,,N,Telecommunications,,Gamma,,,,,,,,,Cold Outreach,SKU-8245,,Emerson Mercer,LOT-2203,,,,,,Beta,,TAG-8873,LOT-3467,,Delta,,,,,Emerson Patel,,Arizona,Y,,TAG-8345,,,,,,TAG-3880,5946,100001,Company,100446,jordan.haddad@examplecorp.test,Drew Ashby,2024-01-18 11:52:00,mei.okafor@demomail.test,Arjun Calder,2025-02-16 10:07:00,jordan.calder@demomail.test,Omar Blake,2024-03-10 14:19:00,marco.ivanov@examplecorp.test,,2024-01-15 18:16:00,Y,,100001,100001,100001,100001,100001,100001,100001,100001,100001,100001,100001,100001,100001,100001,,100001,2022-10-09 21:28:00,1745,778,Other,Gamma,Gamma,SKU-3224,777,8836,2193,4378,4700,Gamma,2025-06-08 22:21:00,5639,9431,Beta,Delta,Other,Beta,4005,4301,1548,6924,704,Gamma,2026-01-02 18:06:00,,,Alpha,,Beta,,,,,,,Other,2025-03-11,,,,,,,,,,,,Standard,2024-11-02,,,,,,,,,,,,Delta,2025-05-29,,,,,Standard,REF-7240,,4904,,2436,,,2023-07-08,,,,,,,,,,7408,,Delta,2026-03-16,,,,,,REF-8084,,,,,,,Aligned on billing and renewal terms.
SKU-5778,,Morgan Mercer,Morgan Vance,,,TAG-3985,REF-9010,,SKU-1880,LOT-2014,,,,,emerson.kim@examplecorp.test,Jamie Okafor,Emerson Patel,,,,,"207,574",REF-7949,,,Past Customer,Discussed timeline and next steps with the account.,Falcon Energy Ltd,Cardinal Solutions Group,Active,,United States,,,,Shared the updated proposal for review.,SMB,,,,N,Construction,,,,,,,,,,,Referral,LOT-7043,REF-1243,Elena Garcia,TAG-7193,,,,,,Standard,,SKU-2965,REF-8209,,Other,,,,,Alex Ashby,,Colorado,N,,LOT-1001,,,,,,TAG-5041,2171,100001,Company,100448,alex.reyes@examplecorp.test,Mei Silva,2025-05-16 07:52:00,marco.ivanov@acme-fake.test,Chen Silva,2022-11-23 05:47:00,rahul.cohen@demomail.test,Quinn Whitfield,2025-06-11 22:35:00,priya.okafor@examplecorp.test,Diego Mensah,2025-10-20 22:19:00,N,100001,100001,100001,100001,100001,100001,100001,100001,100001,,100001,100001,100001,100001,100001,100001,100001,2022-11-14 05:50:00,7403,4453,Other,Gamma,Other,SKU-4849,7041,8968,5868,3746,9616,Standard,2025-02-12 00:31:00,5524,8313,Alpha,Standard,Standard,Beta,7095,4282,5047,1869,2211,Gamma,2023-06-10 00:13:00,7886,,,,,SKU-7310,,,,,6741,,2026-03-19,,,,,,,,6110,,,,Other,2025-04-26,,,,,,,,,,,,,2022-12-13,,,,,,,,,,,,,2025-11-23,6795,,,,Gamma,,,,,8097,,,2025-04-15,,,,,,,,,,,,,Resolved the outstanding question about scope.
,,Priya Rossi,Skyler Haddad,,,TAG-2103,REF-3237,LOT-7196,,LOT-8133,,,REF-6285,,alex.ashby@demomail.test,,,,,,,,,,,Active Customer,Reviewed performance and gathered feedback.,Redwood Analytics Inc,Redwood Financial LLC,Active,Alpha,Mexico,,,,Reviewed performance and gathered feedback.,Enterprise,,,,N,Manufacturing,,,,,,,,,,,Inbound Call,TAG-2624,TAG-5275,Morgan Blake,,SKU-9941,TAG-5349,,,,Delta,,LOT-1283,LOT-8350,,,,,,,Nina Vance,,California,N,,REF-2736,,,,SKU-2878,SKU-5253,SKU-6306,,100001,Company,100449,mei.cohen@demomail.test,Marco Calder,2023-03-24 01:58:00,jordan.vance@examplecorp.test,Arjun Calder,2024-01-04 09:17:00,quinn.brooks@acme-fake.test,Drew Reyes,2024-01-23 06:48:00,skyler.okafor@examplecorp.test,,2024-11-23 05:18:00,N,100001,100001,100001,100001,100001,,100001,100001,100001,100001,100001,100001,,100001,100001,100001,100001,2026-06-07 04:01:00,444,3124,Delta,Gamma,Standard,REF-3789,2815,6078,9289,1798,7488,Standard,2023-03-26 04:04:00,6815,2358,Other,Delta,Other,Beta,2530,1759,5758,2805,5293,Alpha,2024-07-22 21:21:00,,,,,,,,,,1660,,,2025-10-28,,,,LOT-7660,,,,644,,,,,2025-07-22,,,,,,,,,1513,,,Standard,2024-03-09,,,,,Delta,,,,,,,,2023-07-03,,,Other,,,,,,,2466,,,2024-08-12,,,,,,,,,,,,,Resolved the outstanding question about scope.
,SKU-4095,Rahul Garcia,Jamie Rossi,,,LOT-8307,,SKU-2538,REF-6120,TAG-6672,TAG-9420,TAG-5280,,,priya.whitfield@sampleco.test,Jordan Rossi,,,REF-1251,,,,REF-8962,,,Prospect,Resolved the outstanding question about scope.,Cardinal Group LLP,Ironwood Solutions LLP,Active,Alpha,India,,,,Reviewed performance and gathered feedback.,New Logo,,,REF-1534,,Logistics,,,,,,,,,,,Partner,REF-5845,,Quinn Vance,SKU-1985,TAG-6592,TAG-7503,,,,Gamma,,LOT-4002,TAG-7268,,,,,,,Fatima Costa,,Illinois,N,,REF-2369,,,,,,SKU-8920,6155,100001,Company,100451,skyler.vance@sampleco.test,Avery Patel,2023-02-07 05:32:00,noah.ashby@acme-fake.test,Mei Patel,2024-11-29 04:52:00,yara.sato@examplecorp.test,Reese Sloan,2023-09-22 06:21:00,noah.brooks@demomail.test,,2024-11-14 12:45:00,N,100001,100001,100001,100001,,100001,100001,100001,100001,100001,,100001,100001,100001,100001,100001,100001,2022-10-01 20:25:00,6591,9938,Alpha,Beta,Standard,LOT-7280,709,6804,135,4950,1758,Standard,2022-10-30 13:19:00,2642,2338,Gamma,Beta,Gamma,Delta,169,9903,5664,1311,5489,Gamma,2022-12-30 03:51:00,,,,,,,,,,,,Gamma,2025-03-23,,,,,,,,,,,,,2022-12-23,,,,,,,,,,,,,2024-01-03,6318,,Alpha,REF-8942,,,,,,,,,2023-05-27,,1949,,SKU-2557,,,,,,,,Delta,2024-12-19,,,Standard,TAG-9218,,,7213,,,,,,Discussed timeline and next steps with the account.
,LOT-4305,Nina Blake,Sofia Sato,,,,REF-9753,,,,,SKU-3677,,,morgan.reyes@acme-fake.test,,,,,TAG-6557,,,REF-6520,,,Active Customer,Discussed timeline and next steps with the account.,Cobalt Manufacturing LLP,Evergreen Financial,Active,Delta,United Kingdom,,,,Resolved the outstanding question about scope.,SMB,,,,Y,Technology,,,,,,,,,,,Website,TAG-3380,LOT-9770,Jamie Nguyen,TAG-8173,REF-3490,TAG-2879,,,,Delta,,,REF-5808,,Gamma,,,,,Jordan Haddad,,Arizona,N,,SKU-9031,,,,,,SKU-4576,,100001,Company,100453,arjun.vance@acme-fake.test,Avery Patel,2024-11-09 19:55:00,liam.costa@examplecorp.test,Reese Ivanov,2023-01-12 14:12:00,diego.reyes@acme-fake.test,Marco Okafor,2024-04-05 05:42:00,nina.kim@demomail.test,Rahul Whitfield,2025-06-03 01:52:00,N,100001,100001,100001,100001,100001,100001,100001,100001,,100001,,,100001,100001,100001,100001,100001,2023-07-11 07:07:00,4448,1199,Alpha,Alpha,Other,TAG-5291,6669,9478,278,9358,5369,Beta,2024-06-01 06:31:00,8304,7406,Other,Standard,Standard,Other,3630,160,3142,7915,3912,Alpha,2026-07-19 10:17:00,,,Beta,,,,1263,,,,,,2024-06-01,2455,,Standard,SKU-6561,Beta,,,,,,,,2025-02-09,,,,,,,,,,,8002,,2026-07-27,,,,,,,,,,,,,2024-12-27,2418,,,,,,,,,,,,2026-01-25,,,,,,,,8526,5731,,,Other,Aligned on billing and renewal terms.
,,Yara Kim,Reese Blake,,,REF-1768,TAG-6793,LOT-2083,LOT-5271,,,SKU-6957,,,quinn.okafor@examplecorp.test,,Marco Rossi,,,,Sofia Sato,,REF-6658,,,Active Customer,Scheduled a check-in for the coming month.,Lakeside Partners LLP,Granite Industries Group,Inactive,Beta,Canada,,,TAG-4288,Shared the updated proposal for review.,New Logo,,,,Y,Healthcare,,,,"19,681",,Alpha,,,,,LinkedIn,SKU-5868,REF-8664,Emerson Ford,SKU-2308,SKU-9419,SKU-1663,7170,,,Standard,,LOT-4806,LOT-8826,,Other,,,,,Rowan Whitfield,,Texas,N,LOT-4453,SKU-2671,,,,,,TAG-9654,7920,100001,Company,100454,quinn.mercer@demomail.test,Diego Cohen,2023-10-23 21:32:00,mei.cohen@examplecorp.test,Emerson Whitfield,2026-02-09 13:16:00,morgan.sloan@demomail.test,Skyler Ford,2024-03-12 15:12:00,sofia.nguyen@demomail.test,,2026-05-17 09:48:00,N,100001,100001,100001,100001,100001,100001,100001,100001,100001,,,100001,,100001,100001,100001,100001,2025-06-18 19:24:00,1744,2339,Gamma,Other,Alpha,SKU-6571,5193,2357,4463,642,4846,Alpha,2026-05-05 04:26:00,463,4411,Gamma,Standard,Standard,Alpha,2132,3658,8056,4354,3152,Other,2023-07-03 07:51:00,,,,SKU-5831,,,,,,,,Alpha,2024-11-06,,,,,,TAG-9355,1953,5246,,,,,2022-12-27,,,,,,,,4341,,5932,8236,,2023-09-03,1103,,,,,TAG-2231,8652,,,,,,2025-01-22,,,,LOT-3121,,,,,,,,,2023-03-22,,,,,,,,5321,,,3923,,Resolved the outstanding question about scope.
,,Noah Garcia,Reese Calder,,,,REF-1729,,LOT-2617,,,LOT-3369,,Gamma,quinn.costa@sampleco.test,,,,REF-8359,LOT-7645,Drew Kim,,SKU-9955,,,Past Customer,Followed up on the open items from last week.,Evergreen Energy Inc,Keystone Labs LLC,Active,Gamma,Germany,,,SKU-4141,Reviewed performance and gathered feedback.,Renewal,,,REF-1472,Y,Real Estate,,,,,,,,,,,LinkedIn,LOT-8267,REF-6525,Quinn Blake,SKU-1499,LOT-9624,REF-6103,,,,,,SKU-6614,LOT-3275,,,,,,,Morgan Patel,,Texas,N,,TAG-2720,,,,,,REF-8388,8461,100001,Company,100457,mei.vance@examplecorp.test,Arjun Sloan,2024-08-27 19:53:00,riley.rossi@examplecorp.test,Drew Silva,2023-05-24 23:35:00,rowan.brooks@demomail.test,Riley Sloan,2025-11-20 17:15:00,riley.vance@sampleco.test,,2022-10-26 19:14:00,Y,100001,100001,100001,100001,100001,,100001,100001,100001,,,100001,,100001,100001,100001,100001,2022-10-07 07:42:00,3699,9479,Standard,Beta,Beta,TAG-3891,419,7600,2235,6208,1844,Alpha,2026-07-24 16:26:00,7254,2652,Alpha,Standard,Delta,Delta,3946,1811,2418,3095,9295,Gamma,2025-03-04 16:04:00,,,Other,,,,,,,,,,2023-07-15,,,,LOT-6503,,,,,,,,,2025-06-13,,,,,,,,,,,,,2022-12-04,,1995,,,,,,,,,,,2025-05-25,,1425,,,,,,,,,,,2023-11-17,,,,,SKU-9244,,,,,,,,Scheduled a check-in for the coming month.
TAG-5219,,Sofia Calder,Drew Mensah,,,REF-7812,REF-4620,,,,,,,,marco.cohen@sampleco.test,,,,,,,,LOT-2712,,,Prospect,Scheduled a check-in for the coming month.,Everest Capital Group,Falcon Ventures,Active,Gamma,Germany,,SKU-8141,,Resolved the outstanding question about scope.,New Logo,,,,Y,Energy,,,,,,,,,,,LinkedIn,SKU-2760,REF-4518,Noah Mensah,LOT-5213,SKU-3874,LOT-3414,,,,Beta,,SKU-8255,LOT-8842,,Alpha,,,,,Elena Cohen,,California,Y,,,,,,,,SKU-1652,263,100001,Company,100458,chen.blake@demomail.test,Emerson Vance,2025-12-03 22:15:00,jamie.kim@acme-fake.test,Drew Kim,2026-05-08 13:35:00,drew.ivanov@sampleco.test,Reese Sloan,2025-06-30 21:09:00,mei.whitfield@sampleco.test,,2025-04-20 23:11:00,N,100001,100001,,100001,100001,100001,100001,100001,100001,100001,,100001,,100001,100001,100001,100001,2025-12-08 13:15:00,9875,9716,Delta,Beta,Delta,TAG-3020,6522,4755,7526,935,2175,Delta,2023-06-12 20:22:00,6463,741,Gamma,Beta,Alpha,Other,3950,303,5041,4530,2634,Standard,2026-06-20 03:59:00,1496,1397,,,Delta,,3251,,,,,Beta,2024-12-28,,,Standard,,,TAG-3843,,3325,106,999,,,2022-12-17,,,Delta,,,,,,,,,,2025-02-19,,,Other,,,,,,1663,,,,2024-09-29,,,Other,,,,,,,,,,2022-12-04,,,,,,,2877,,,9691,,,Reviewed performance and gathered feedback.
SKU-4028,,Nina Whitfield,Liam Larsson,,,SKU-9183,,,,,,,,,arjun.sato@demomail.test,,,,,SKU-5916,,"172,778",TAG-1165,"112,194",,Active Customer,Scheduled a check-in for the coming month.,Summit Capital LLP,Redwood Networks,Active,Alpha,Australia,,,,Noted a concern to revisit at the next sync.,New Logo,,SKU-1177,,Y,Media,,,,"18,274",,,,Alpha,,,Cold Outreach,,TAG-8000,Liam Garcia,LOT-8875,REF-6765,TAG-6886,9463,,,Gamma,,REF-5647,LOT-5650,,Other,,,,,Marco Patel,,Georgia,Y,,LOT-2175,,,,,,SKU-2997,9318,100001,Company,100460,drew.sloan@sampleco.test,Alex Reyes,2023-11-08 19:54:00,quinn.dorsey@acme-fake.test,Noah Mensah,2023-07-29 18:52:00,jordan.costa@examplecorp.test,Rahul Brooks,2024-11-16 18:56:00,omar.mercer@sampleco.test,,2024-11-15 16:34:00,N,100001,100001,,100001,100001,,100001,100001,100001,100001,100001,100001,100001,100001,100001,100001,100001,2023-05-29 14:59:00,1287,5122,Alpha,Delta,Other,REF-7131,4750,6835,2316,5903,7527,Standard,2025-05-21 00:56:00,9930,6784,Standard,Beta,Delta,Alpha,8392,9777,1758,8053,9318,Delta,2026-04-01 06:19:00,,,,,,REF-9952,,,,,,Delta,2023-12-02,,,Beta,,,REF-8326,,,,3420,9786,,2025-03-09,,7658,,,,,,,,,,,2026-04-18,,,,,,,,,,,1675,,2025-03-26,2447,,,,,,,,,7468,,Delta,2025-10-13,,,,LOT-1932,,,6560,2005,,,,,Aligned on billing and renewal terms.
,REF-4514,Quinn Blake,Yara Sloan,,,REF-5183,TAG-9145,,,,SKU-8302,,TAG-5164,Gamma,emerson.reyes@examplecorp.test,,,,,SKU-7659,,,,,,Active Customer,Noted a concern to revisit at the next sync.,Evergreen Retail LLP,Evergreen Dynamics Corp,Active,Alpha,Australia,Gamma,,,Resolved the outstanding question about scope.,Standard,,,,N,Telecommunications,,,,,,,,,,,Webinar,TAG-5428,LOT-4192,Elena Mensah,TAG-7599,LOT-6000,SKU-2036,,,,Gamma,,REF-5198,TAG-3048,,Gamma,,,,,Rahul Larsson,,Illinois,Y,,TAG-5174,,,,TAG-5746,,,9931,100001,Company,100461,drew.okafor@demomail.test,Rowan Blake,2024-12-08 08:00:00,elena.vance@examplecorp.test,Reese Mercer,2025-03-10 03:31:00,chen.dorsey@demomail.test,Mei Ashby,2023-02-12 17:50:00,taylor.blake@examplecorp.test,,2026-02-06 21:37:00,Y,100001,100001,100001,100001,,,100001,100001,,100001,100001,100001,100001,100001,100001,,100001,2025-02-15 17:30:00,8365,6214,Delta,Alpha,Beta,REF-8780,7750,5345,9250,2940,4873,Beta,2024-11-06 22:38:00,6573,4812,Delta,Standard,Beta,Delta,9301,8648,9645,4540,6843,Alpha,2026-07-02 16:20:00,,,Delta,,,,,6725,,2993,,,2023-11-03,4082,,,,,TAG-7953,,,,2168,,,2023-08-08,,,,,,,,,,,5465,,2023-01-25,,,,,,,,,,,,,2024-10-11,,,,,,,,,,,6616,,2024-05-20,,,,,,,,,,,,,Resolved the outstanding question about scope.
,REF-7935,Jordan Silva,Rowan Dorsey,,,SKU-2037,LOT-9184,SKU-4338,SKU-7628,,,,,,noah.dorsey@acme-fake.test,,,,,,,"116,717",TAG-6387,,,Active Customer,Discussed timeline and next steps with the account.,Harbor Logistics Inc,Brightpath Foods Group,Active,Beta,Canada,,,,Reviewed performance and gathered feedback.,New Logo,,TAG-4471,,,Real Estate,,,,,,,,,,,Event,,TAG-8442,Yara Cohen,LOT-9168,TAG-8700,TAG-4197,,,,Beta,,TAG-6246,LOT-8086,,,,,,,Fatima Brooks,,Washington,N,,REF-7940,,,,,,REF-4868,7281,100001,Company,100462,rahul.kim@examplecorp.test,Jordan Reyes,2025-11-26 07:45:00,quinn.okafor@acme-fake.test,Arjun Whitfield,2023-03-30 02:07:00,jamie.costa@acme-fake.test,Nina Ford,2025-08-17 21:25:00,jamie.ivanov@demomail.test,,2023-12-07 09:56:00,Y,100001,100001,100001,100001,100001,,100001,100001,,,100001,100001,,100001,100001,,100001,2024-02-07 16:23:00,257,6430,Beta,Gamma,Gamma,SKU-8547,6944,9854,474,4331,964,Delta,2025-08-24 05:36:00,7576,3495,Standard,Standard,Other,Delta,1617,3947,978,6723,926,Beta,2025-02-13 13:14:00,,8579,,,Gamma,,4537,,,,,,2025-07-31,,,Standard,TAG-7086,,LOT-6032,,4140,514,,1749,,2024-11-10,,,,,,,,,,,,,2023-10-04,,,,,,,,,,,,,2024-11-12,,,,,,,,5007,,,,,2024-12-02,,,,SKU-6854,,,,,,,,,Noted a concern to revisit at the next sync.
,,Morgan Calder,Chen Patel,,,SKU-8514,REF-1480,REF-2400,SKU-8859,,,,REF-4852,Alpha,liam.mensah@sampleco.test,Avery Sato,,,,,,,SKU-8845,,,Past Customer,Scheduled a check-in for the coming month.,Northwind Systems Inc,Vertex Health LLP,Active,Gamma,Mexico,,LOT-2963,,Shared the updated proposal for review.,New Logo,,,,Y,Technology,,,,,,,,,,,Partner,,TAG-8128,Taylor Ford,TAG-6468,TAG-3516,SKU-5853,,,,Standard,,LOT-5696,LOT-4581,,Alpha,,,,,Diego Mercer,,Washington,Y,,TAG-1833,,,,,,TAG-4184,4171,100001,Company,100465,emerson.ashby@acme-fake.test,Marco Ashby,2026-02-16 13:39:00,nina.cohen@demomail.test,Fatima Calder,2024-02-14 17:18:00,reese.reyes@sampleco.test,Rowan Haddad,2025-11-07 05:45:00,riley.dorsey@acme-fake.test,,2025-08-18 03:37:00,N,,100001,100001,100001,100001,100001,100001,100001,,,,100001,100001,100001,,,100001,2024-06-04 02:01:00,9129,2205,Alpha,Delta,Alpha,TAG-3534,5594,5299,6112,9770,8372,Alpha,2026-03-07 18:56:00,7939,4506,Delta,Beta,Standard,Standard,7852,2098,6867,7890,787,Delta,2022-10-07 18:55:00,5682,,Other,,,,,,,1850,,,2025-03-10,,,,SKU-7717,,,,7971,6774,,,,2024-02-20,,,,,,,,,,,,,2025-11-18,,,,,,,,,2285,,,,2026-03-09,,,Gamma,,,,,1713,,,,,2024-12-09,,1453,,,,SKU-5708,,,,,,,Aligned on billing and renewal terms.
,,Liam Silva,Rowan Okafor,,,REF-7389,REF-3661,LOT-7666,LOT-5529,,,TAG-6834,,,emerson.mercer@demomail.test,,,,TAG-1720,,,,TAG-3520,,,Active Customer,Resolved the outstanding question about scope.,Granite Networks Co,Brightpath Logistics,Active,Beta,Canada,,,,Reviewed performance and gathered feedback.,Renewal,,TAG-4164,,Y,Energy,,,,,,,,,,,Inbound Call,LOT-8909,,Mei Ashby,REF-4362,LOT-8743,,7889,,,Delta,,,SKU-9418,,Standard,,"131,502",,,Rahul Whitfield,,California,Y,,SKU-6936,,,,,REF-8954,LOT-5036,6235,100001,Company,100466,reese.garcia@sampleco.test,Avery Silva,2023-07-27 06:36:00,alex.whitfield@acme-fake.test,Drew Rossi,2025-03-30 01:01:00,mei.dorsey@sampleco.test,Rahul Kim,2024-12-12 09:27:00,casey.dorsey@examplecorp.test,,2022-12-01 17:24:00,N,100001,100001,100001,100001,,,100001,100001,100001,100001,,100001,100001,100001,100001,100001,100001,2024-11-03 07:22:00,7741,8946,Alpha,Other,Gamma,TAG-9840,3086,3638,2348,3764,1929,Other,2025-01-31 23:06:00,6117,8318,Beta,Beta,Gamma,Delta,7614,5031,6897,6157,8331,Alpha,2023-09-26 22:55:00,,,Delta,,,REF-2188,6966,,,8944,,,2026-02-24,,,,,,REF-7659,2888,,,,,Gamma,2024-11-08,,,,TAG-1367,,,,,,,1976,,2024-08-12,,,Other,,,,,,,,,,2024-03-23,,,,,Other,,,6982,,5780,296,,2026-05-22,,,Other,,,,,,,,,,Scheduled a check-in for the coming month.
SKU-7300,,Rahul Mensah,Skyler Ashby,,,SKU-8334,,,,,,,,,aisha.calder@examplecorp.test,,,,,,Casey Ashby,,TAG-1101,,,Active Customer,Aligned on billing and renewal terms.,Atlas Dynamics Co,Atlas Industries Co,Active,Delta,Canada,,,,,New Logo,,,,Y,Telecommunications,,,,,,,,,,,Event,TAG-5731,,Jamie Calder,REF-1538,TAG-9058,,856,,,Other,,TAG-3079,LOT-7271,,Beta,,,,,Morgan Sato,Reviewed performance and gathered feedback.,California,Y,,REF-7972,,,,,,LOT-5014,512,100001,Company,100467,riley.silva@demomail.test,Morgan Sloan,2025-01-02 02:22:00,riley.haddad@sampleco.test,Skyler Mercer,2025-06-23 09:26:00,rowan.vance@demomail.test,Skyler Vance,2023-03-15 21:49:00,noah.okafor@acme-fake.test,,2025-10-03 18:11:00,N,100001,100001,100001,100001,100001,,100001,100001,100001,,100001,100001,100001,100001,100001,,100001,2024-12-12 19:54:00,573,590,Delta,Other,Other,REF-2909,2632,9972,9485,2437,9495,Other,2024-07-21 10:26:00,8983,1995,Beta,Other,Gamma,Standard,7086,1362,7472,7095,2306,Gamma,2022-12-04 18:35:00,,,Other,,Beta,,1172,,,,,,2022-12-01,5720,,,,Gamma,,,,,,8997,,2023-07-29,,,,,,,5554,,,,,,2025-10-31,,,,,,,,,,,,,2026-04-09,,,,,,,,,,,,,2024-02-17,4456,,,,,,,,,,,,Aligned on billing and renewal terms.
,REF-8880,Arjun Cohen,Mei Haddad,,,TAG-7689,REF-3315,TAG-1635,TAG-3022,LOT-4827,,,,Alpha,noah.blake@sampleco.test,,,,,,,,,,,Past Customer,Noted a concern to revisit at the next sync.,Harbor Analytics,Harbor Retail Ltd,Inactive,Delta,Mexico,,TAG-4647,,Noted a concern to revisit at the next sync.,Enterprise,,,,,Hospitality,,,,,,,,,,,Referral,,TAG-3679,Omar Blake,SKU-3680,TAG-6108,,,,,Alpha,,TAG-6382,REF-8244,,Delta,,,,,Drew Rossi,,Washington,Y,,TAG-9864,,,,,,,1854,100001,Company,100468,riley.sato@demomail.test,Liam Blake,2024-11-04 15:33:00,fatima.cohen@sampleco.test,Chen Reyes,2023-04-09 20:49:00,mei.silva@sampleco.test,Noah Mercer,2023-04-14 15:56:00,priya.mercer@acme-fake.test,Chen Kim,2025-08-03 22:05:00,Y,,100001,100001,100001,,100001,100001,100001,,100001,100001,100001,100001,100001,100001,100001,100001,2023-01-22 11:03:00,3377,8094,Delta,Other,Alpha,TAG-6153,3239,6534,3400,8698,755,Other,2024-05-17 12:06:00,8809,9236,Beta,Alpha,Beta,Other,9670,513,6948,5475,8542,Beta,2025-06-17 02:10:00,,3469,,,,TAG-7395,8195,,,4197,,,2023-06-29,,,,REF-5777,Delta,,,,,,,,2025-05-01,,,,,,,,6320,,,,,2025-12-13,,,,,,,,,,,,,2026-03-15,4644,,,,,,,,6153,,,,2023-06-25,,,,,,REF-7168,,,,,1677,,Shared the updated proposal for review.
TAG-4073,,Mei Rossi,Liam Ashby,,,LOT-9109,LOT-4750,,SKU-2678,SKU-9324,,LOT-8744,REF-7424,,alex.cohen@acme-fake.test,Fatima Patel,,,,,,,TAG-4280,,,Active Customer,Aligned on billing and renewal terms.,Redwood Media LLC,Pioneer Systems Group,Active,Other,Australia,,,,Discussed timeline and next steps with the account.,SMB,,TAG-4750,,Y,Real Estate,,,,,,,,,,,Referral,SKU-5176,,Mei Costa,LOT-7352,,LOT-2195,9181,,,Delta,,SKU-9105,,,,,"232,398",,,Diego Reyes,,Florida,Y,,TAG-7386,,,,,,LOT-6834,2214,100001,Company,100469,arjun.patel@sampleco.test,Taylor Rossi,2025-10-26 10:45:00,skyler.patel@demomail.test,Morgan Garcia,2025-03-25 21:08:00,rahul.dorsey@sampleco.test,Elena Whitfield,2025-09-23 23:08:00,liam.reyes@demomail.test,Mei Ivanov,2026-06-23 16:10:00,N,100001,100001,100001,100001,100001,100001,100001,100001,,100001,,100001,100001,,100001,100001,100001,2026-03-14 01:06:00,268,2609,Gamma,Standard,Standard,REF-5005,5091,1157,3607,7764,1265,Alpha,2025-09-01 10:34:00,652,7764,Beta,Delta,Gamma,Delta,8824,2031,4720,7642,1162,Beta,2023-07-23 12:54:00,9791,,,,,,,,5799,,,Other,2023-03-29,,,,,,TAG-8714,7154,,,962,,,2022-12-28,,,,,,,,,8028,,,,2026-07-10,,,,,,,,4886,,,,,2026-07-29,6742,,,,,TAG-1534,,,,,,,2023-03-19,,,,,,,,,,,5924,,Resolved the outstanding question about scope.
,,Liam Cohen,Emerson Brooks,,,,LOT-6727,,TAG-1381,,,TAG-5120,LOT-4882,,elena.mensah@acme-fake.test,,Chen Brooks,,,,,,TAG-4912,,,Prospect,Scheduled a check-in for the coming month.,Cobalt Manufacturing Inc,Beacon Holdings Co,Active,Alpha,Germany,,,,Shared the updated proposal for review.,New Logo,,,,Y,Agriculture,,,,,,,,,,,LinkedIn,,SKU-9472,Sofia Reyes,,LOT-5560,REF-7090,,,,Standard,,TAG-9642,LOT-8660,,Gamma,,,,,Morgan Ivanov,,Florida,Y,,TAG-1680,,,,,,TAG-5701,6979,100001,Company,100470,avery.costa@acme-fake.test,Rahul Mensah,2024-10-22 23:34:00,noah.costa@sampleco.test,Reese Ashby,2024-09-23 19:44:00,casey.sato@sampleco.test,Yara Sloan,2025-07-08 18:28:00,skyler.ashby@examplecorp.test,Skyler Cohen,2025-03-10 19:13:00,N,100001,100001,100001,100001,100001,,100001,100001,100001,100001,100001,100001,100001,,100001,100001,100001,2026-03-24 20:13:00,1107,1372,Alpha,Alpha,Beta,REF-9837,6793,7071,8361,6643,6841,Gamma,2023-11-29 08:32:00,2724,7118,Beta,Gamma,Standard,Delta,2876,6567,7605,6489,2366,Standard,2024-02-02 23:52:00,,,,,Other,,,,,,3969,Gamma,2023-10-18,,1190,,,,TAG-1186,7130,,,,,,2023-12-01,,,,,,,,,,3401,,,2026-04-08,,,,,,,483,,,,,,2024-04-20,,,,,,,,,,,,,2023-07-07,,,,,,LOT-3816,,,,,196,,Discussed timeline and next steps with the account.
,,Reese Dorsey,Morgan Patel,,,REF-5138,TAG-3593,REF-7320,TAG-9512,SKU-7293,,,,,diego.cohen@demomail.test,,,,,,,"98,232",LOT-9883,,,Active Customer,Followed up on the open items from last week.,Northwind Holdings Ltd,Brightpath Capital LLP,Active,Standard,Canada,,,,Aligned on billing and renewal terms.,Enterprise,,,,Y,Manufacturing,,,,,,,,,,,Website,SKU-2853,REF-3156,Drew Larsson,TAG-4911,,,,,,,,REF-9782,REF-6544,,Beta,Delta,,,,Elena Garcia,,Washington,Y,,LOT-1317,,,,,,SKU-2034,1954,100001,Company,100471,casey.mercer@sampleco.test,Aisha Ford,2023-11-27 14:38:00,mei.mercer@acme-fake.test,Casey Kim,2023-11-19 19:24:00,noah.costa@examplecorp.test,Skyler Ivanov,2023-07-14 14:46:00,emerson.patel@sampleco.test,Morgan Brooks,2024-01-25 12:31:00,N,100001,100001,100001,100001,,,100001,100001,,100001,100001,100001,100001,100001,100001,,100001,2025-05-12 13:06:00,6666,7968,Alpha,Gamma,Alpha,SKU-4924,4930,119,8950,8562,922,Standard,2026-03-22 07:13:00,8784,8231,Other,Gamma,Gamma,Other,7826,9107,5563,8107,9835,Beta,2022-10-05 22:57:00,,,Other,,,REF-8009,,,,9057,,,2025-08-08,,,Alpha,,Delta,TAG-5865,,,1943,,,Standard,2023-04-02,,,,,TAG-3879,,,,,,,,2025-01-27,,7314,,,,,,,,,9995,,2025-03-18,,,,LOT-7274,,,,,,,,Gamma,2022-10-16,,,,,,SKU-4748,,,,,4415,,Scheduled a check-in for the coming month.
,,Liam Ivanov,Noah Nguyen,,,SKU-4694,,REF-5563,TAG-2306,,,,SKU-7831,Gamma,elena.dorsey@sampleco.test,,,,,,Nina Whitfield,,,,,Active Customer,Aligned on billing and renewal terms.,Copper Analytics,Lakeside Financial Inc,Active,Standard,Mexico,,,,,Enterprise,,,,Y,Manufacturing,,,,,,,,,,,Website,LOT-9964,TAG-1137,Emerson Sato,REF-6898,LOT-4329,LOT-1826,4688,,,Gamma,,SKU-1970,SKU-9156,,,,,,,Aisha Rossi,,Colorado,N,,SKU-7890,,,,,,TAG-1195,9038,100001,Company,100472,aisha.silva@acme-fake.test,Fatima Costa,2023-11-16 06:08:00,reese.whitfield@demomail.test,Riley Cohen,2024-12-06 22:42:00,sofia.patel@sampleco.test,Rowan Calder,2022-10-31 12:03:00,rowan.calder@acme-fake.test,,2025-01-21 07:17:00,N,100001,100001,,100001,100001,100001,100001,100001,,100001,100001,100001,100001,100001,100001,,100001,2024-07-31 19:39:00,7094,190,Alpha,Gamma,Standard,REF-2987,1848,8780,1573,6845,7276,Other,2026-05-29 08:08:00,9477,1176,Other,Standard,Gamma,Alpha,7042,6573,6606,6653,4220,Other,2024-07-18 11:59:00,1219,3993,,,,,,3125,3224,,,Other,2024-08-03,,,,,Alpha,,,,,,,,2024-04-22,,,Standard,,,,,,9237,,,,2024-08-14,,,,,,,,,,3849,,Alpha,2024-10-09,,,,,,,,,,,,Standard,2023-09-29,,,,,,,,2853,,,,,Aligned on billing and renewal terms.
,,Riley Silva,Skyler Larsson,,,SKU-9679,SKU-5132,TAG-9061,,,,,,Alpha,morgan.costa@sampleco.test,Omar Ivanov,,,,,,,TAG-6606,,,Prospect,Noted a concern to revisit at the next sync.,Redwood Textiles Ltd,Northwind Partners Inc,Active,,Mexico,,,,Discussed timeline and next steps with the account.,Renewal,,,TAG-5725,N,Technology,,,,"210,875",,,,,,,Webinar,REF-1982,,Skyler Kim,SKU-9957,REF-2810,,2301,,,,,REF-1308,TAG-4774,,Standard,,,,,Jamie Rossi,,Texas,Y,,TAG-3486,,,,,,TAG-1808,3665,100001,Company,100473,yara.dorsey@acme-fake.test,Yara Vance,2026-05-03 16:30:00,morgan.whitfield@demomail.test,Quinn Kim,2024-02-18 17:01:00,chen.okafor@acme-fake.test,Jamie Kim,2026-02-23 11:39:00,sofia.okafor@examplecorp.test,,2023-03-30 11:36:00,N,,100001,100001,100001,100001,100001,100001,100001,100001,100001,100001,100001,100001,100001,100001,100001,100001,2025-03-07 21:06:00,88,958,Other,Beta,Delta,LOT-1895,5456,3748,6092,808,8983,Delta,2022-10-06 15:03:00,2451,9429,Alpha,Standard,Other,Alpha,6605,722,1190,7179,7668,Beta,2023-07-02 12:14:00,,,,,Beta,,,6098,,,7277,,2023-06-15,9490,,,,,,4695,,,,,,2025-05-03,,,,,,,,,,,,,2022-11-23,,9473,,,,,,,,,,,2023-01-05,4865,,,,,,,,,,,,2026-02-08,,,,,,,,4629,3750,,,,Noted a concern to revisit at the next sync.
TAG-2491,SKU-4129,Skyler Okafor,Chen Ford,,,TAG-4737,LOT-6104,,,,,,REF-6832,,yara.patel@acme-fake.test,,,,LOT-4123,,,"18,036",TAG-3536,,,Past Customer,Discussed timeline and next steps with the account.,Lakeside Textiles LLP,Harbor Retail Corp,Active,Other,India,,TAG-7200,,Scheduled a check-in for the coming month.,SMB,,,,N,Technology,SKU-5741,,,,,,,Gamma,,,Inbound Call,LOT-5349,LOT-7212,Sofia Mensah,,TAG-5208,REF-1653,,,,Standard,,,TAG-8352,,Gamma,,,,,Alex Larsson,,Texas,N,,REF-2468,,,,,,SKU-9650,2247,100001,Company,100475,aisha.garcia@acme-fake.test,Jamie Ford,2024-11-17 06:57:00,diego.mercer@demomail.test,Alex Ashby,2024-01-14 07:36:00,priya.nguyen@examplecorp.test,Alex Ashby,2025-09-07 04:56:00,elena.blake@sampleco.test,Aisha Cohen,2026-05-03 03:23:00,Y,100001,100001,100001,100001,100001,100001,100001,100001,,100001,100001,100001,100001,100001,100001,100001,100001,2025-12-31 03:14:00,9525,3417,Alpha,Delta,Delta,TAG-9994,701,4239,9881,5770,8424,Other,2023-02-05 01:25:00,5979,5945,Gamma,Beta,Beta,Standard,3917,2717,1990,1276,7849,Other,2023-07-23 09:48:00,409,,,,Delta,,,5775,8148,,,,2025-10-22,,4128,,,,SKU-6396,,1171,,,,,2024-08-09,,,,,,,,,8956,,,Delta,2024-03-21,,,,,,,,,,2379,,,2022-12-29,,,,,,,,4784,,,,,2025-10-21,,,,,TAG-7463,,,,,,,,Resolved the outstanding question about scope.
,,Emerson Calder,Emerson Mercer,,,TAG-7016,REF-8317,SKU-6897,REF-4506,,,,,,jordan.haddad@sampleco.test,,,,,,,"154,725",SKU-4715,,,Active Customer,Noted a concern to revisit at the next sync.,Cobalt Capital Co,Lakeside Dynamics Inc,Active,Gamma,United States,,,,Aligned on billing and renewal terms.,Standard,,,,N,Construction,,,,,,,,,,,Cold Outreach,,TAG-1995,Aisha Silva,,REF-9697,,1029,,,Alpha,,SKU-7209,,,Alpha,,,,Other,Omar Okafor,,New York,N,,,,,,,,SKU-6034,5195,100001,Company,100476,morgan.dorsey@sampleco.test,Chen Brooks,2025-06-17 01:52:00,taylor.ashby@acme-fake.test,Priya Dorsey,2023-06-24 19:23:00,marco.cohen@demomail.test,Fatima Silva,2024-06-04 07:26:00,diego.rossi@demomail.test,,2025-01-29 11:06:00,N,100001,100001,100001,,,,100001,100001,100001,100001,100001,100001,100001,100001,100001,,100001,2024-12-28 05:49:00,8296,5861,Gamma,Standard,Other,TAG-4599,1990,2417,1488,4125,7341,Gamma,2023-07-26 05:11:00,5371,3865,Other,Delta,Delta,Gamma,4859,1710,4918,7139,690,Alpha,2023-01-16 08:24:00,2201,,,,,,,,,,,,2022-10-30,,,Delta,LOT-7238,,TAG-7052,,9015,,,,Standard,2024-05-10,,,,,,,,,,,109,,2023-12-08,2974,,Beta,,,,,,4555,,,,2026-01-11,4323,383,,,,,,,,,,Delta,2025-05-24,,,Standard,,,,,,,5123,5651,,Reviewed performance and gathered feedback.
,,Rowan Haddad,Elena Silva,,,LOT-1429,REF-3798,,,,,,,,arjun.silva@sampleco.test,,Jamie Ford,,,,,,LOT-2208,,,Past Customer,Aligned on billing and renewal terms.,Granite Energy Inc,Silverline Solutions,Active,Gamma,Australia,,,,Reviewed performance and gathered feedback.,New Logo,,,,N,Hospitality,,,,,,,,,,"198,635",Event,,SKU-6429,Avery Larsson,SKU-4803,LOT-3629,,,,,,,REF-1306,TAG-9155,,Delta,,,,,Marco Mensah,,New York,Y,,TAG-3198,,,,,LOT-2014,TAG-8425,927,100001,Company,100478,omar.nguyen@sampleco.test,Omar Sloan,2023-05-07 23:34:00,avery.rossi@examplecorp.test,Rowan Dorsey,2025-06-13 14:45:00,rowan.rossi@acme-fake.test,Liam Kim,2024-03-28 10:45:00,quinn.mercer@sampleco.test,,2024-08-19 22:43:00,N,100001,100001,,100001,100001,,100001,100001,100001,100001,100001,100001,100001,100001,100001,100001,100001,2024-04-05 10:54:00,9678,7141,Gamma,Delta,Beta,TAG-7910,8978,4544,6879,8497,1746,Delta,2022-11-27 04:48:00,5377,4295,Other,Gamma,Gamma,Gamma,6600,536,5077,4593,5946,Delta,2024-10-26 10:35:00,2752,9258,,,,,8307,,,,7328,,2025-12-09,,,,,Alpha,REF-8046,,582,,,,,2023-05-10,5921,,,,,,,5386,,,,,2023-08-08,,,,,,,,,6901,8491,9670,,2023-05-05,,,,,,,8588,,,,,,2026-06-29,,6776,,,,,,,,,,,Followed up on the open items from last week.
,,Yara Nguyen,Omar Whitfield,,,,LOT-6339,,LOT-4314,,,,,,yara.cohen@acme-fake.test,Reese Ashby,,Delta,TAG-6785,,Sofia Rossi,"134,998",SKU-4345,,,Prospect,Followed up on the open items from last week.,Silverline Health Ltd,Blue Ridge Financial Corp,Inactive,Standard,Germany,,,,Shared the updated proposal for review.,Enterprise,,,,N,Manufacturing,,Alpha,,"95,591",,,,,,,Partner,REF-1961,SKU-7031,Aisha Calder,LOT-9591,LOT-6586,,1878,,N,Beta,,SKU-8623,,,Standard,,,,,Jamie Mensah,,Texas,Y,,LOT-2024,,,,,TAG-8727,REF-6986,2942,100001,Company,100481,jordan.whitfield@demomail.test,Riley Blake,2025-08-29 06:21:00,chen.dorsey@examplecorp.test,Sofia Kim,2024-11-15 14:17:00,reese.costa@demomail.test,Fatima Okafor,2025-11-13 14:01:00,avery.dorsey@demomail.test,,2025-09-08 09:47:00,Y,,100001,100001,100001,100001,100001,100001,100001,100001,100001,,,,100001,100001,,100001,2023-11-06 22:55:00,8841,7779,Standard,Alpha,Beta,TAG-1369,9362,2961,8590,1729,5756,Delta,2023-04-04 22:20:00,7589,7698,Alpha,Delta,Beta,Other,4262,5428,3459,5053,240,Gamma,2026-07-26 11:26:00,,52,,,,,,,,,3652,,2023-05-10,,,,,Delta,,,,,,,,2025-12-25,,,,,,REF-6813,,,,7960,,,2024-08-08,9956,,,,,,,,,,,,2023-06-06,,,,,Standard,,,,,,,,2024-07-25,215,,Beta,,REF-8745,,225,,,,,,Resolved the outstanding question about scope.
,,,Jordan Ford,,,,TAG-7701,LOT-9714,LOT-7044,,,LOT-6118,,,arjun.silva@examplecorp.test,,,,,TAG-9118,,"202,771",LOT-9299,,,Past Customer,Followed up on the open items from last week.,Horizon Industries,Pioneer Retail Co,Active,Other,Germany,,,,,Enterprise,,TAG-1315,,N,Professional Services,,,,,,,,,,,Inbound Call,REF-4711,,Jamie Calder,TAG-1422,SKU-9184,,,,,Other,,TAG-9233,TAG-8502,,,,,,,Noah Whitfield,,Florida,Y,,REF-8309,,,,,,REF-6490,3668,100001,Company,100484,diego.whitfield@demomail.test,Arjun Kim,2026-02-04 21:31:00,nina.nguyen@demomail.test,Jamie Dorsey,2026-06-23 22:00:00,skyler.sloan@examplecorp.test,Aisha Okafor,2023-11-06 00:09:00,alex.sloan@demomail.test,,2024-07-19 13:08:00,N,100001,100001,,100001,100001,,100001,100001,100001,100001,,100001,,100001,,100001,100001,2026-07-22 02:06:00,5488,2600,Beta,Gamma,Other,LOT-7225,2199,447,9753,1263,5758,Other,2026-06-03 19:06:00,5703,6747,Standard,Beta,Gamma,Delta,6179,3144,9657,4672,6366,Alpha,2024-08-26 17:41:00,,,Delta,LOT-1222,,,,,2464,711,,,2025-01-30,7602,,,,,,,,,,,,2022-10-02,,,,,,LOT-3364,998,,,,,,2026-04-12,,,,,,,,,,,,,2025-05-08,,6138,,,Alpha,,,2607,,,7995,Gamma,2025-12-16,,,,,,,,,,,,,Noted a concern to revisit at the next sync.
,,,Elena Costa,,,,LOT-1250,LOT-7709,LOT-5240,REF-4696,LOT-4230,,TAG-8028,,avery.calder@acme-fake.test,Avery Kim,,,,,Casey Brooks,,REF-9949,,,Past Customer,Shared the updated proposal for review.,Horizon Solutions Corp,Blue Ridge Logistics LLC,Active,Delta,Canada,Alpha,,,Scheduled a check-in for the coming month.,Renewal,,,,Y,Hospitality,,,,,,,,,,,Cold Outreach,SKU-8834,,Jordan Nguyen,LOT-8993,REF-6737,,2110,,,Alpha,,REF-4725,,,Alpha,,,,,Fatima Blake,,New York,Y,TAG-6689,TAG-4772,,,,,,LOT-9015,3342,100001,Company,100487,aisha.costa@examplecorp.test,Casey Dorsey,2026-02-11 21:27:00,drew.nguyen@examplecorp.test,Morgan Dorsey,2025-08-31 21:46:00,rahul.ashby@acme-fake.test,Sofia Garcia,2024-12-28 01:01:00,avery.blake@demomail.test,,2025-10-01 23:24:00,N,100001,100001,100001,100001,100001,100001,100001,100001,,100001,100001,100001,,100001,100001,100001,100001,2025-10-27 03:48:00,4571,3842,Gamma,Standard,Delta,REF-3099,893,2780,4956,1207,5041,Standard,2026-01-19 19:03:00,365,6376,Gamma,Delta,Alpha,Alpha,9433,4681,6885,7826,3949,Standard,2024-11-17 06:51:00,,,Alpha,,,,,,,,,,2023-11-21,,,,,,,,198,9758,,,Gamma,2024-03-27,,,,,,,,,,,,,2023-05-30,9054,,,,,,,,,,334,,2023-11-12,7761,,Alpha,,,,,,,,,Gamma,2024-09-02,,,,,,,,,,,,,Reviewed performance and gathered feedback.
,,Elena Dorsey,Priya Ivanov,,,REF-2607,REF-1746,,,,,TAG-6989,LOT-4329,,jamie.patel@acme-fake.test,,,,,REF-3919,,,LOT-7705,,,Past Customer,Resolved the outstanding question about scope.,Granite Energy Group,Brightpath Analytics LLP,Active,,India,Gamma,,,Discussed timeline and next steps with the account.,SMB,,,,N,Logistics,,,,,,,,,,"209,143",Website,LOT-3932,SKU-5599,Chen Nguyen,REF-5894,LOT-6600,LOT-5276,5806,,,Standard,,SKU-4340,,,Gamma,Other,,,,Rahul Dorsey,,California,N,SKU-8625,TAG-5584,,,,LOT-4539,,LOT-2905,,100001,Company,100490,jordan.mercer@acme-fake.test,Rahul Sloan,2025-06-04 15:03:00,drew.ivanov@examplecorp.test,Diego Kim,2023-02-02 23:05:00,morgan.kim@acme-fake.test,Emerson Calder,2025-08-10 01:08:00,aisha.costa@sampleco.test,,2024-09-19 00:24:00,Y,100001,100001,,100001,,,100001,100001,,100001,100001,100001,,100001,100001,,100001,2024-08-27 17:03:00,2480,4171,Beta,Gamma,Gamma,REF-7918,5596,8057,16,4853,9512,Beta,2024-10-21 04:21:00,3173,4958,Standard,Other,Beta,Beta,6629,5881,3318,5491,6425,Delta,2024-02-21 10:11:00,,9983,Gamma,TAG-8091,,,,,7782,8851,,,2024-12-08,,,,,,,,8383,,,,,2023-08-25,,,,,,,551,,,1293,,,2024-09-21,,,,,,,,,4659,,,,2025-04-28,,,,,,,,,,,,,2024-10-24,,,,,,SKU-5246,,,,,8354,,Followed up on the open items from last week.
,,Elena Calder,Quinn Calder,,,SKU-3846,REF-7705,,TAG-1113,,,,,,fatima.nguyen@acme-fake.test,,,,,,,,SKU-8845,,,Active Customer,Shared the updated proposal for review.,Cardinal Ventures Ltd,Cobalt Analytics Co,Active,Beta,Mexico,,,,Aligned on billing and renewal terms.,Standard,,,,N,Education,,,,,,,,,,,Referral,TAG-7823,LOT-1379,Jamie Ford,LOT-7735,REF-6688,SKU-2951,3812,,,Beta,,TAG-4552,,,Delta,,,,,Yara Nguyen,,Illinois,Y,,SKU-7376,,,,,,LOT-3670,,100001,Company,100493,priya.larsson@sampleco.test,Taylor Brooks,2025-11-10 10:00:00,fatima.brooks@sampleco.test,Riley Costa,2025-08-17 22:03:00,taylor.costa@acme-fake.test,Morgan Mercer,2026-03-19 11:34:00,rahul.ivanov@examplecorp.test,,2026-07-26 16:08:00,N,100001,100001,100001,100001,,100001,100001,100001,100001,100001,,100001,,100001,100001,100001,100001,2026-03-13 23:04:00,5256,6603,Delta,Other,Delta,LOT-4508,8794,7221,3335,9668,4166,Gamma,2026-02-04 11:47:00,6200,9117,Other,Alpha,Other,Standard,813,7823,2790,4657,7744,Standard,2025-05-04 19:29:00,,,Beta,LOT-8383,Beta,,,,,,4841,,2024-06-17,,931,,,,,,,,,7598,Beta,2023-09-09,,,,,TAG-1333,LOT-6143,,,,,,,2023-03-01,,,,,,,,,,,,,2023-07-28,,,,,,,,,,,8911,,2024-04-10,,,,REF-7307,,,,,,,,,Scheduled a check-in for the coming month.
,,Taylor Calder,Elena Sloan,,,REF-2409,TAG-1963,,SKU-9669,TAG-4682,,REF-5920,REF-7051,Delta,fatima.sloan@demomail.test,,,,,,,,,,,Active Customer,Scheduled a check-in for the coming month.,Evergreen Ventures LLC,Vertex Health LLC,Active,Other,Germany,,,,Shared the updated proposal for review.,SMB,,,,Y,Education,,,,,,,,,,,Inbound Call,,LOT-4294,Nina Rossi,LOT-8638,REF-7695,SKU-6164,,,,Alpha,,,REF-4428,,Delta,Other,,,,Avery Kim,,Ohio,N,,LOT-5414,,,,SKU-5092,,LOT-6490,820,100001,Company,100494,riley.nguyen@acme-fake.test,Mei Mercer,2026-03-08 16:30:00,skyler.patel@acme-fake.test,Casey Whitfield,2024-02-02 06:08:00,marco.vance@demomail.test,Rahul Rossi,2026-03-26 12:57:00,drew.blake@sampleco.test,,2026-07-10 18:45:00,Y,100001,100001,100001,100001,100001,100001,100001,100001,100001,100001,,100001,,100001,100001,100001,100001,2026-07-07 07:07:00,259,9757,Alpha,Gamma,Alpha,REF-7885,4054,1625,8123,9312,4942,Other,2025-04-14 14:20:00,2379,4601,Other,Gamma,Alpha,Standard,1164,955,3619,5553,6132,Delta,2023-07-07 04:48:00,,,,,Beta,,,2936,,,,,2026-04-25,,,,,Beta,,,,7946,,2084,,2025-02-22,953,,,,,,,,,,,,2026-03-11,,,,,,SKU-7171,,,,,,,2024-05-23,,,,TAG-7160,,,,,,,,,2023-04-22,,,,,REF-1626,,,,,9846,2597,,Discussed timeline and next steps with the account.
,REF-4674,Drew Patel,Fatima Sato,,,REF-5400,REF-8830,,REF-4927,,,,,,riley.silva@sampleco.test,,,,,,,,,"11,682",,Active Customer,Noted a concern to revisit at the next sync.,Atlas Dynamics LLC,Silverline Industries Group,Active,Standard,Canada,,LOT-9261,,Discussed timeline and next steps with the account.,SMB,,,,Y,Education,,,,,,,,,,,LinkedIn,TAG-2352,TAG-4132,Nina Sloan,LOT-8951,REF-3939,,,,,Beta,,LOT-9025,,,,,,,,Riley Mercer,,Texas,Y,,LOT-5568,,,,,TAG-7396,,2929,100001,Company,100495,morgan.garcia@demomail.test,Reese Sloan,2025-11-21 13:11:00,chen.calder@acme-fake.test,Skyler Ivanov,2023-02-01 12:42:00,priya.okafor@examplecorp.test,Nina Ford,2025-03-24 14:24:00,riley.ivanov@acme-fake.test,,2024-09-05 15:28:00,N,,100001,100001,100001,100001,100001,100001,100001,100001,100001,100001,100001,,100001,100001,,100001,2024-02-21 02:57:00,4335,7474,Beta,Standard,Beta,REF-3857,330,1424,6515,8171,8633,Other,2024-07-27 14:33:00,877,9699,Other,Beta,Standard,Beta,1967,7747,5379,896,4181,Gamma,2022-11-02 12:48:00,,,,,Alpha,REF-3487,,,,,,,2022-10-17,,,,,,,,,,,,,2025-01-20,7942,,,,,,,,,,,,2023-12-11,,,,,Delta,,,,,,,,2025-03-31,4892,8899,,,,,,,,,,,2025-03-06,,,,,,,,,3931,,,,Noted a concern to revisit at the next sync.
,,Aisha Nguyen,Reese Okafor,,,SKU-1856,LOT-4893,REF-9324,TAG-3304,TAG-6444,,,,,taylor.whitfield@acme-fake.test,,,,,,,,LOT-9858,,Delta,Past Customer,Resolved the outstanding question about scope.,Vertex Dynamics LLP,Cardinal Retail,Active,Gamma,Philippines,,,,Scheduled a check-in for the coming month.,SMB,,,,N,Real Estate,,,,,,,,,,,Referral,SKU-2679,,Emerson Ford,SKU-3326,REF-4061,,,,,Other,,SKU-5618,SKU-6619,,,,,,,Mei Ivanov,,Illinois,Y,,TAG-2005,,,,LOT-6389,,,1867,100001,Company,100496,emerson.patel@sampleco.test,Alex Brooks,2024-08-23 01:01:00,priya.cohen@sampleco.test,Aisha Blake,2024-08-11 06:25:00,emerson.costa@examplecorp.test,Nina Rossi,2024-08-27 23:33:00,liam.sato@acme-fake.test,Fatima Sato,2026-04-24 17:00:00,Y,100001,100001,100001,100001,100001,,100001,100001,,100001,100001,100001,,100001,100001,,100001,2022-12-17 13:31:00,9640,7376,Other,Delta,Other,TAG-4077,7782,9138,3846,2276,1075,Alpha,2022-12-26 14:53:00,3554,2229,Beta,Alpha,Delta,Beta,2799,155,5530,2870,7457,Beta,2025-04-27 05:35:00,,8010,,REF-7969,Beta,,,,,,,,2024-12-15,,,Standard,,,SKU-9057,,,,,,Gamma,2025-01-19,,,,,,,,,,,,,2026-01-24,,,,SKU-7030,,,,,,,,,2025-06-11,,,Beta,,Alpha,,,,,,,,2025-10-27,,,,,,,,,,149,,,Shared the updated proposal for review.
,,Rahul Haddad,Priya Garcia,,,TAG-3518,TAG-8819,TAG-3710,SKU-4937,,,,SKU-7322,,arjun.cohen@acme-fake.test,Aisha Sloan,,,,,,,LOT-1796,,,Active Customer,Noted a concern to revisit at the next sync.,Everest Textiles Corp,Silverline Foods Inc,Active,Alpha,United Kingdom,,,SKU-9342,Scheduled a check-in for the coming month.,New Logo,,,,Y,Healthcare,,,,"84,037",,,,,,,Website,LOT-5535,,Nina Okafor,REF-4622,REF-7689,LOT-7993,,,,Gamma,,,REF-3815,,Delta,,,,,Marco Garcia,,California,Y,,SKU-3614,,,,,,REF-7647,9506,100001,Company,100498,taylor.brooks@demomail.test,Drew Costa,2022-11-26 04:57:00,priya.calder@acme-fake.test,Morgan Brooks,2023-03-23 19:20:00,chen.blake@examplecorp.test,Quinn Rossi,2025-01-03 07:08:00,arjun.kim@acme-fake.test,Emerson Garcia,2022-12-16 15:31:00,N,100001,100001,100001,100001,,,100001,100001,100001,100001,,100001,100001,100001,100001,100001,100001,2023-08-07 09:25:00,3186,6594,Beta,Alpha,Gamma,TAG-9138,8836,2022,8199,9438,6439,Other,2024-10-08 22:17:00,3809,6007,Beta,Beta,Other,Other,1455,9349,689,8154,4820,Gamma,2024-05-11 15:41:00,,,,,,,,,,,,,2026-06-23,,,,,,,,,,,,,2026-07-22,,,Other,TAG-4284,,SKU-2590,,,,,,,2023-07-21,,,Beta,,,SKU-9944,,,,,,,2026-05-02,,,,,,,,,,,,,2025-11-21,,,Delta,,,,,,,,,,Shared the updated proposal for review.
,,Nina Mercer,Priya Costa,,,SKU-6158,LOT-2731,,SKU-5602,,,,LOT-8605,,liam.kim@examplecorp.test,Arjun Garcia,,,,,,,SKU-8832,,,Active Customer,Noted a concern to revisit at the next sync.,Ironwood Manufacturing Corp,Beacon Partners Group,Active,Beta,Australia,,,,Reviewed performance and gathered feedback.,Renewal,,TAG-2539,TAG-3348,N,Construction,,,,,,,,,,,Cold Outreach,SKU-7984,LOT-9146,Taylor Whitfield,TAG-3830,REF-5644,REF-8999,,,,Standard,,LOT-9711,,,,,,,,Alex Okafor,,Illinois,Y,REF-8094,SKU-1547,,,,,,REF-5308,,100001,Company,100500,priya.okafor@demomail.test,Liam Ivanov,2024-02-03 04:15:00,elena.haddad@demomail.test,Quinn Reyes,2024-08-26 04:23:00,fatima.patel@demomail.test,Noah Okafor,2024-02-07 14:13:00,morgan.reyes@demomail.test,,2025-12-11 01:04:00,Y,100001,100001,100001,100001,100001,,100001,100001,,,100001,100001,,100001,,,100001,2024-08-31 01:39:00,9272,6672,Delta,Alpha,Gamma,REF-6360,3194,2929,2878,5222,7556,Standard,2026-01-05 12:53:00,7809,6078,Beta,Other,Beta,Beta,1773,6078,9855,3258,2598,Delta,2026-07-08 11:15:00,,,,TAG-5770,,,,2693,,2676,,,2023-08-17,,,,TAG-2585,,,,7557,,4964,,,2026-01-27,,,,SKU-8802,,LOT-3467,,4689,,,148,,2024-07-31,,,,,,,,,,,542,,2023-11-03,,,,,Alpha,,,,,,,,2022-10-21,,,,TAG-8941,,,,,,,,,Aligned on billing and renewal terms.
,,Emerson Sloan,Casey Mercer,,,REF-9362,,SKU-3876,REF-6042,,,,TAG-1126,Beta,chen.rossi@sampleco.test,,,,,,,,,,,Referral Partner,Followed up on the open items from last week.,Atlas Networks Group,Keystone Logistics Group,Active,Gamma,Philippines,Alpha,,,Resolved the outstanding question about scope.,Enterprise,,LOT-7760,SKU-3788,N,Hospitality,,,,,,,,,,,Referral,LOT-8222,LOT-1304,Taylor Patel,,SKU-2395,,,,,Gamma,,TAG-2186,SKU-7795,,Standard,,,,,Mei Rossi,,Colorado,Y,,TAG-1497,,,,,,TAG-2744,3909,100001,Company,100503,chen.mercer@sampleco.test,Fatima Silva,2026-01-17 04:54:00,morgan.garcia@acme-fake.test,Morgan Silva,2025-01-10 20:07:00,fatima.kim@demomail.test,Casey Ashby,2026-07-26 22:27:00,avery.whitfield@acme-fake.test,Nina Ivanov,2024-01-12 13:59:00,N,100001,100001,100001,100001,100001,100001,100001,100001,100001,100001,,,,100001,100001,100001,100001,2025-10-13 19:44:00,3198,1642,Alpha,Gamma,Alpha,LOT-8333,4171,4771,6619,5492,6951,Alpha,2022-10-22 23:01:00,6696,4933,Gamma,Alpha,Delta,Beta,5404,6510,3268,3508,2179,Beta,2024-08-06 07:37:00,,,,,,,,6328,3824,,,,2024-04-19,,,,,,SKU-1505,,,,,,,2024-09-01,,,Other,,,,,,,,,Beta,2023-07-24,7561,2409,,,,,,,,,,,2022-12-28,,,,,,,,,,1913,1002,,2026-02-20,,,,,,,,5607,,,,Beta,Aligned on billing and renewal terms.
,,Reese Larsson,Marco Ford,,,LOT-1898,SKU-8974,,SKU-4384,,,,,,rahul.vance@demomail.test,,,,LOT-7309,,,,,,,Active Customer,Shared the updated proposal for review.,Everest Analytics Corp,Everest Partners LLP,Active,Alpha,Philippines,Delta,,,Shared the updated proposal for review.,SMB,,REF-2427,,Y,Energy,,,,,,,,,,,Cold Outreach,,SKU-8914,Morgan Mercer,TAG-7542,,,6623,,,Standard,,TAG-3075,SKU-9331,,Gamma,,,,,Drew Larsson,,Illinois,Y,,REF-2124,,,,,,TAG-1080,342,100001,Company,100504,marco.reyes@examplecorp.test,Skyler Nguyen,2026-02-03 05:39:00,marco.vance@examplecorp.test,Casey Rossi,2026-01-18 00:25:00,yara.garcia@demomail.test,Mei Cohen,2025-09-14 00:18:00,liam.dorsey@acme-fake.test,Quinn Costa,2023-02-27 22:30:00,Y,,100001,100001,100001,100001,100001,100001,100001,100001,,100001,100001,100001,100001,100001,100001,100001,2023-10-27 17:48:00,9031,3186,Gamma,Delta,Beta,TAG-3689,2906,4032,2019,3721,7904,Delta,2024-12-30 09:47:00,6018,2865,Standard,Other,Alpha,Delta,9643,4298,6515,2888,690,Alpha,2023-05-07 16:36:00,,,,,,,,,,,,,2023-11-03,,,,LOT-9349,,,,,,,8706,,2023-07-31,,,,,,,1819,,,,,,2026-05-10,,,,,,,,,,4247,8116,,2022-10-22,7576,,,,Standard,,,,4477,5580,,,2025-12-30,,,,,,,,,,,,,Resolved the outstanding question about scope.
,,Jamie Ashby,Diego Rossi,,,,TAG-3403,,LOT-1678,,REF-9725,,,,reese.mensah@demomail.test,,Liam Haddad,,,,,,SKU-2293,,,Prospect,Resolved the outstanding question about scope.,Horizon Labs Co,Keystone Holdings,Active,Other,United Kingdom,,,,,Renewal,,,,N,Media,,,,,,,,,,,Website,SKU-3844,SKU-6110,Taylor Whitfield,SKU-6427,LOT-9648,,,,,Delta,,TAG-4752,REF-5822,,Delta,,,,,Elena Blake,,Ohio,N,,LOT-6520,,,,,,REF-1453,,100001,Company,100507,casey.sato@examplecorp.test,Nina Vance,2025-02-04 06:15:00,riley.costa@acme-fake.test,Mei Kim,2025-10-21 23:50:00,sofia.haddad@examplecorp.test,Morgan Nguyen,2023-04-26 00:53:00,priya.larsson@demomail.test,,2023-05-26 01:07:00,N,100001,100001,100001,100001,100001,100001,100001,100001,100001,100001,,100001,,100001,100001,100001,100001,2022-12-03 00:46:00,888,1591,Alpha,Other,Gamma,REF-6656,4722,7198,6541,5873,4950,Beta,2024-07-10 09:15:00,8369,1661,Alpha,Gamma,Other,Delta,5308,3677,5566,4629,7162,Other,2026-04-14 20:01:00,,,Standard,,,,,,,,2068,,2026-05-04,,,,,,TAG-5020,1639,6495,,,,,2022-11-14,,,,,,,,,,,,,2023-06-28,3596,,,,,LOT-4356,,,,,,,2025-06-03,,,,,,,,,152,,,Gamma,2023-06-03,,,,,,,,,,,,,Shared the updated proposal for review.
,,Sofia Nguyen,Riley Sato,,,LOT-2349,SKU-7329,LOT-4031,,,,SKU-2529,,Other,drew.nguyen@examplecorp.test,,Chen Ford,,,LOT-4464,Chen Ivanov,,SKU-4432,,,Past Customer,Noted a concern to revisit at the next sync.,Cardinal Media Group,Pioneer Logistics Corp,Active,Beta,Canada,,,,,SMB,,REF-1722,,N,Real Estate,,,,,,,,,,,Webinar,SKU-4354,,Avery Mercer,LOT-8945,TAG-9230,,3028,,,Alpha,,REF-5610,REF-2756,,Other,,,,,Rahul Ashby,,Florida,Y,,REF-2014,,,,,,REF-3129,,100001,Company,100509,reese.rossi@acme-fake.test,Sofia Garcia,2026-01-17 13:55:00,aisha.patel@sampleco.test,Alex Costa,2024-10-27 01:05:00,morgan.ashby@sampleco.test,Rowan Ivanov,2024-05-31 22:34:00,noah.ashby@sampleco.test,Drew Costa,2024-02-26 14:13:00,Y,100001,100001,100001,100001,,100001,100001,100001,,100001,100001,100001,,,100001,,100001,2024-03-10 08:40:00,6983,6326,Delta,Standard,Gamma,LOT-2402,4396,1588,3181,2654,4238,Delta,2026-04-08 16:53:00,1103,3986,Standard,Other,Gamma,Gamma,1744,7847,2664,4,4072,Other,2022-11-18 11:46:00,,,,,,,,,,4229,,,2023-12-18,,2843,,,,,,,2637,,9154,Gamma,2026-07-04,,,,,,,,,5038,,,,2025-12-30,,,Alpha,,,,7635,,,,,Beta,2024-09-20,,,,,,,8484,,,8848,,Alpha,2024-03-21,,,,,,,,,,,,,Resolved the outstanding question about scope.
SKU-1859,,Nina Mensah,Rahul Whitfield,,,,TAG-3080,,,,,,,,taylor.patel@examplecorp.test,,,,,,,,REF-3597,,,Active Customer,Shared the updated proposal for review.,Beacon Partners LLC,,Inactive,,Philippines,,,,Scheduled a check-in for the coming month.,Standard,,,,N,Media,,,,,,Standard,N,Other,,,Webinar,,,Emerson Mensah,TAG-3033,,LOT-2243,,,,,,REF-7472,TAG-8726,,Gamma,,,,,Jamie Okafor,,Illinois,N,,SKU-6602,,,,,,REF-8853,,100001,Company,100512,arjun.brooks@sampleco.test,Taylor Mensah,2025-01-08 18:12:00,omar.sato@acme-fake.test,Quinn Brooks,2026-06-29 08:15:00,elena.whitfield@sampleco.test,Yara Ashby,2025-04-01 03:47:00,riley.blake@examplecorp.test,,2024-12-23 03:38:00,N,100001,100001,100001,100001,100001,100001,100001,100001,,100001,,100001,,100001,100001,100001,100001,2026-07-06 08:46:00,5515,7467,Gamma,Alpha,Delta,REF-3401,5136,2974,7972,3206,5616,Standard,2023-12-14 18:26:00,9448,6361,Standard,Alpha,Standard,Standard,8807,5215,417,8976,8898,Beta,2024-11-30 01:31:00,4989,,,,,,,4028,7496,,,Delta,2023-01-30,,,,,,,,3709,,,,,2022-12-05,,,,,REF-1401,,,,,,,,2026-06-14,,,,,,,,,,,,,2024-09-22,,8850,,,,LOT-3968,,,,6769,,Gamma,2026-03-17,,,,,,,,1778,,,,Standard,Resolved the outstanding question about scope.
,,Taylor Garcia,Avery Okafor,,,,SKU-7880,,SKU-9085,,,,,,emerson.cohen@demomail.test,,,,,,,,LOT-3148,,,Active Customer,Discussed timeline and next steps with the account.,Falcon Networks Corp,,Active,Delta,Mexico,,,SKU-6746,Followed up on the open items from last week.,New Logo,,,,,Hospitality,,Delta,,,,,,,,,Website,TAG-9929,,Reese Ford,SKU-9880,LOT-7952,SKU-8794,,,,Standard,,TAG-2207,REF-6764,,Gamma,,,,,Rahul Mercer,,Colorado,Y,,REF-4414,,,,,,TAG-8434,6722,100001,Company,100514,nina.sato@examplecorp.test,Chen Sloan,2024-04-23 07:10:00,aisha.whitfield@demomail.test,Jordan Vance,2024-03-25 05:36:00,avery.mercer@acme-fake.test,Drew Larsson,2023-03-06 00:35:00,nina.ivanov@examplecorp.test,Alex Sloan,2024-01-19 07:06:00,Y,,100001,100001,100001,100001,100001,100001,100001,,100001,,100001,,100001,100001,100001,100001,2024-01-11 06:11:00,8584,5540,Beta,Delta,Beta,TAG-3554,3123,4548,2188,2636,7236,Delta,2026-05-08 22:06:00,8,4519,Other,Standard,Standard,Standard,1892,7809,1947,7093,1569,Other,2024-05-04 13:05:00,,,Alpha,,,,9481,1476,,,,Gamma,2023-03-28,,2607,,,Gamma,,,5429,,,4944,,2024-04-13,,,,,,,,,,,4838,,2025-06-08,,,,,,SKU-2982,,,,,,,2023-10-12,,,,,,TAG-3022,,,,,,Gamma,2022-11-13,,,,,,,,,,,,Delta,Reviewed performance and gathered feedback.
,,,Emerson Whitfield,,,REF-2101,SKU-4113,TAG-8414,TAG-4422,,,LOT-9920,TAG-7756,,chen.sato@examplecorp.test,,,,,,,,REF-4342,,,Active Customer,Noted a concern to revisit at the next sync.,Cardinal Solutions Corp,Evergreen Capital,Active,Standard,India,,,,,Enterprise,,,,Y,Telecommunications,LOT-7580,,,,,,,,,,Referral,SKU-9166,LOT-8972,Nina Dorsey,REF-9227,TAG-7067,TAG-1443,,,,Delta,,,LOT-2358,,,Beta,,,,Quinn Ashby,,Colorado,Y,,REF-5127,,,,,,TAG-1048,4693,100001,Company,100516,rahul.garcia@sampleco.test,Taylor Costa,2023-09-15 20:44:00,casey.brooks@demomail.test,Sofia Haddad,2023-05-27 19:41:00,liam.larsson@acme-fake.test,Alex Blake,2023-04-05 16:11:00,drew.blake@demomail.test,Priya Ivanov,2024-04-10 08:02:00,Y,100001,100001,100001,100001,,100001,100001,100001,100001,,,100001,,100001,100001,100001,100001,2023-06-20 14:13:00,1189,6293,Standard,Delta,Beta,SKU-9255,7971,1803,6428,9340,1683,Alpha,2024-11-26 19:21:00,557,2958,Standard,Beta,Alpha,Delta,6995,3458,9723,5209,4406,Beta,2024-07-09 07:37:00,,,,,,,,,3310,,,,2026-01-11,,,,,Standard,,6493,,,,,Other,2024-12-05,,4266,,,,REF-6065,,,,1144,,,2025-08-17,,,,,,,,,,,,,2026-02-13,,,,,,,,,,,,,2024-02-22,,,,,,,,,,,,,Followed up on the open items from last week.
,SKU-5746,Riley Whitfield,Elena Whitfield,,,,,REF-5396,TAG-5490,,,TAG-9398,,,rowan.cohen@sampleco.test,Skyler Ford,Quinn Mensah,,,,Liam Vance,,SKU-9111,,,Active Customer,Scheduled a check-in for the coming month.,Keystone Systems,Falcon Energy,Active,Other,Philippines,,,,Reviewed performance and gathered feedback.,Standard,,,,N,Manufacturing,,,,,,,,,,,Inbound Call,TAG-7095,,Aisha Nguyen,REF-8433,,TAG-3172,,,,,,LOT-1071,SKU-4169,,Delta,,,,,Elena Garcia,,Colorado,Y,,LOT-9866,,,,,,LOT-6633,2484,100001,Company,100519,marco.mercer@examplecorp.test,Yara Mercer,2024-02-20 15:38:00,riley.silva@examplecorp.test,Chen Sato,2025-04-21 05:12:00,noah.ashby@acme-fake.test,Chen Silva,2025-10-31 21:03:00,skyler.garcia@sampleco.test,,2025-02-22 06:50:00,Y,100001,100001,100001,100001,100001,,100001,100001,100001,,100001,100001,,100001,100001,,100001,2025-05-22 00:15:00,6021,7062,Standard,Delta,Beta,LOT-3309,2935,2768,4196,9892,7797,Beta,2022-11-23 18:02:00,1660,2510,Alpha,Other,Alpha,Delta,1166,9432,281,8603,1699,Alpha,2025-09-21 11:54:00,,,,,,,,,,,,Standard,2026-07-04,,,Beta,,Standard,,,,4604,7288,,,2026-06-05,,,,,,,,,,,,,2025-02-22,,,,,,,,,,,1228,,2026-04-09,,,Beta,,,,,,,,,,2025-06-28,,,,,TAG-9782,,,,,,5909,,Resolved the outstanding question about scope.
,,Elena Mensah,Taylor Whitfield,,,TAG-5709,REF-3880,,SKU-8575,TAG-6628,,SKU-8611,LOT-7461,,avery.calder@acme-fake.test,Arjun Silva,,,,,,,REF-6669,,,Active Customer,Scheduled a check-in for the coming month.,Meridian Robotics LLC,Ironwood Energy,Active,Delta,Australia,,,,Followed up on the open items from last week.,Renewal,,,,Y,Hospitality,,,,,,,Y,,,,Website,LOT-2236,LOT-5234,Sofia Garcia,TAG-6232,REF-1256,REF-5502,,,,,,REF-4676,LOT-2543,,,,,,,Avery Vance,,Arizona,N,,SKU-8095,,,,,REF-1404,LOT-7345,5633,100001,Company,100522,taylor.sato@demomail.test,Riley Kim,2023-04-11 16:35:00,jamie.silva@demomail.test,Quinn Reyes,2025-06-27 23:16:00,riley.costa@sampleco.test,Fatima Vance,2023-03-08 14:55:00,chen.patel@sampleco.test,,2024-01-27 16:06:00,Y,100001,100001,100001,100001,100001,,100001,100001,,,100001,100001,100001,100001,100001,,100001,2026-06-10 13:17:00,1517,8480,Other,Delta,Alpha,LOT-1227,1493,968,4048,4665,1163,Standard,2026-02-19 00:19:00,7522,6125,Alpha,Beta,Other,Alpha,8269,2737,9741,9268,6167,Beta,2026-07-24 15:49:00,,,Standard,,,,,,1115,8122,,,2025-01-27,,,,,,,,,,6817,,,2025-09-05,8611,,,,,SKU-8898,,,,,,,2023-07-11,,,,,,,,,5662,,,Standard,2025-05-07,,,,,,,,,,6427,1362,,2024-09-07,,,,,,,,,,,,,Shared the updated proposal for review.
,,Fatima Cohen,Fatima Ivanov,,,REF-4614,,SKU-6191,TAG-1026,,,,,,diego.larsson@sampleco.test,,,,,,Quinn Cohen,,REF-5338,,,Referral Partner,Discussed timeline and next steps with the account.,Pioneer Textiles Ltd,Falcon Foods Corp,Active,Beta,Canada,,,,Discussed timeline and next steps with the account.,Standard,,,SKU-3115,N,Telecommunications,,,,,,,,,,,Referral,,,Emerson Silva,LOT-7207,,,8536,,,Standard,,SKU-5854,TAG-8194,,Alpha,,,Beta,,Sofia Ashby,,Texas,N,,TAG-1564,,,,,,REF-8764,9123,100001,Company,100525,aisha.whitfield@sampleco.test,Marco Blake,2025-07-01 13:38:00,taylor.ivanov@sampleco.test,Aisha Ford,2026-03-19 14:38:00,taylor.garcia@demomail.test,Elena Costa,2025-08-01 01:06:00,omar.ivanov@acme-fake.test,,2025-06-17 23:10:00,N,,100001,100001,100001,100001,,100001,100001,,100001,,100001,100001,,100001,,100001,2023-05-13 02:28:00,7734,4864,Alpha,Delta,Beta,TAG-6764,9133,6529,4417,8392,1947,Other,2023-04-25 09:43:00,7417,6238,Standard,Beta,Beta,Other,5084,735,2459,7500,8700,Delta,2026-05-03 17:40:00,,,,,,,2939,,,,,,2026-06-17,,,,,Beta,,,,901,,,,2023-05-09,2041,,,,,REF-8210,,,,,,,2023-06-13,,,,,,,,,,,,,2025-10-25,1707,,Beta,,,,,,7370,,,,2025-03-31,,,,TAG-6963,,,,,,,,,Reviewed performance and gathered feedback.
,,Drew Sloan,Quinn Rossi,,,TAG-4882,,,REF-9045,,,TAG-2870,REF-6745,,rahul.kim@sampleco.test,,,,TAG-7473,,Yara Whitfield,,REF-4548,,,Active Customer,Reviewed performance and gathered feedback.,Meridian Solutions Inc,Blue Ridge Dynamics LLP,Active,Other,United States,,,LOT-1984,Shared the updated proposal for review.,SMB,,,,Y,Education,,,,,,,,,,,LinkedIn,LOT-8940,REF-4039,Marco Reyes,,TAG-5341,,,,,Beta,,SKU-7886,REF-9419,,Gamma,,,,,Elena Calder,,Arizona,Y,,TAG-4684,,,,,,LOT-2710,,100001,Company,100528,taylor.ford@sampleco.test,Fatima Costa,2024-09-05 02:20:00,priya.ford@examplecorp.test,Morgan Dorsey,2026-05-31 01:01:00,marco.silva@examplecorp.test,Noah Silva,2024-12-06 02:51:00,drew.garcia@acme-fake.test,,2024-02-06 02:57:00,N,100001,100001,,100001,100001,100001,100001,100001,100001,100001,100001,100001,100001,100001,,,100001,2025-04-12 22:42:00,8137,9827,Other,Gamma,Beta,LOT-6427,7534,8706,6006,9014,5589,Gamma,2024-02-12 17:11:00,9763,3464,Other,Delta,Other,Delta,6678,8312,8588,5502,2343,Alpha,2022-11-07 22:34:00,,,,,,,6023,5092,,,,,2023-12-21,,8547,,,,,,,,4197,9631,,2026-03-25,2600,,,,,,,,,6703,5599,,2024-04-20,,,,,,,,,,,,,2026-01-26,,,,,,,,,,8867,,,2025-04-22,,,,SKU-4725,REF-4354,,,,,,,Delta,Followed up on the open items from last week.
LOT-1116,,Casey Whitfield,Liam Okafor,,,SKU-8134,TAG-6053,SKU-7791,,,,TAG-6703,,,drew.vance@demomail.test,Riley Rossi,,,,,Riley Costa,,REF-6640,"227,667",,Active Customer,Followed up on the open items from last week.,Keystone Ventures Ltd,Silverline Foods Inc,Inactive,Other,Philippines,,,,Noted a concern to revisit at the next sync.,SMB,,,,N,Education,,,,,,,,,,,Partner,SKU-3352,,Casey Calder,SKU-6141,LOT-3053,REF-9324,,,,Beta,,SKU-4690,TAG-4347,,Beta,,,,,Casey Calder,,Ohio,Y,,SKU-9425,,,,,,LOT-8438,,100001,Company,100529,alex.mensah@examplecorp.test,Arjun Sloan,2023-04-28 04:54:00,casey.mercer@examplecorp.test,Aisha Costa,2025-07-18 23:49:00,mei.sato@examplecorp.test,Fatima Vance,2025-12-04 13:16:00,alex.okafor@acme-fake.test,,2025-10-16 11:04:00,N,100001,100001,100001,100001,100001,,100001,100001,,100001,,100001,,100001,100001,,100001,2025-04-12 00:18:00,7245,7512,Other,Beta,Standard,TAG-4808,6600,5874,8272,5725,9693,Other,2023-09-18 10:44:00,8699,6578,Beta,Delta,Beta,Beta,9403,4966,3363,4841,6350,Gamma,2024-06-12 02:45:00,,,,,,,,,,,,,2025-05-27,,,,,Gamma,,,,,,1130,,2025-05-09,1129,,,,,,,,,,3541,,2023-03-19,,4338,,,Standard,,,,,,,,2025-01-31,,,,,Delta,,,,6202,,,,2024-06-05,,,,,,,,,,,,,Shared the updated proposal for review.
,,Diego Ashby,Jamie Reyes,,,LOT-8827,,,,,,,,,diego.okafor@examplecorp.test,,Arjun Blake,,,REF-4565,,,REF-8243,,,Active Customer,Resolved the outstanding question about scope.,Keystone Ventures Inc,Harbor Holdings Group,Active,Delta,United Kingdom,,,,Discussed timeline and next steps with the account.,Renewal,,,,Y,Telecommunications,,,,,,,,,,,Partner,,TAG-9931,Sofia Larsson,REF-6124,,,3831,,,,,LOT-4547,SKU-1807,,Beta,,,,,Fatima Silva,,Ohio,Y,,REF-8978,,,,,,LOT-2296,9708,100001,Company,100532,arjun.reyes@acme-fake.test,Avery Okafor,2022-10-17 22:28:00,rowan.mensah@examplecorp.test,Liam Whitfield,2024-04-25 04:53:00,casey.mercer@sampleco.test,Reese Dorsey,2023-05-27 21:21:00,chen.garcia@demomail.test,,2022-12-01 06:32:00,Y,,100001,100001,100001,100001,,100001,100001,100001,100001,100001,,100001,100001,100001,,100001,2025-01-11 16:56:00,6751,8590,Alpha,Other,Standard,REF-8271,9565,2503,6212,1223,2099,Standard,2026-03-26 05:19:00,4042,3236,Alpha,Delta,Gamma,Alpha,6569,937,1375,3830,619,Beta,2022-11-18 08:14:00,,8694,,,,,,,,,,,2023-12-15,,,,,,,5779,,,,,,2024-07-01,,,,,,,,,,,,,2023-11-25,,,Standard,,,TAG-5328,,,,,,,2024-12-31,,3202,,LOT-3094,,,,,,,,,2025-07-25,8349,,,,,,,,,,3930,,Reviewed performance and gathered feedback.
,,Marco Haddad,Taylor Larsson,,,REF-2111,SKU-4440,TAG-3502,TAG-1639,,,,,,jordan.silva@demomail.test,,Yara Ivanov,,,,,,LOT-5441,,,Active Customer,Noted a concern to revisit at the next sync.,Horizon Energy LLC,Summit Networks Group,Inactive,Alpha,Australia,,,,Shared the updated proposal for review.,Standard,,,,Y,Media,,,,,,,,,,,Cold Outreach,TAG-1807,LOT-8502,Aisha Rossi,LOT-6676,TAG-3207,LOT-3667,1000,,,Other,,LOT-3306,SKU-2387,,,,"245,239",,,Avery Patel,,Florida,N,,SKU-4151,,,,TAG-2086,,TAG-5212,493,100001,Company,100535,nina.haddad@examplecorp.test,Chen Patel,2022-11-05 12:15:00,rowan.ford@acme-fake.test,Jamie Sloan,2024-01-12 02:05:00,casey.dorsey@sampleco.test,Skyler Larsson,2025-07-08 11:37:00,elena.haddad@examplecorp.test,,2025-08-22 08:08:00,N,100001,100001,100001,100001,100001,,100001,100001,100001,,,100001,100001,,100001,100001,100001,2026-05-04 21:50:00,8383,7407,Gamma,Standard,Gamma,TAG-8750,1988,5465,287,4986,8202,Other,2022-12-23 14:41:00,118,7314,Gamma,Alpha,Alpha,Beta,1759,8857,3023,8018,5734,Beta,2023-06-07 00:23:00,1098,,,,Delta,,,,,8031,,,2023-10-31,,,Alpha,,,LOT-2474,,9043,4939,,,,2024-11-10,,,,,,,,,,,,,2024-05-11,,,,,,,,,3384,,,,2026-01-13,,,,,,SKU-7662,,,,,,,2024-10-14,,1979,Gamma,SKU-5565,,,,,,,,,Followed up on the open items from last week.
,TAG-3545,Emerson Patel,Rowan Calder,,,REF-8610,REF-5069,SKU-9256,,,SKU-8074,,,,drew.patel@demomail.test,,,,,,,,,"14,471",,Referral Partner,Shared the updated proposal for review.,Meridian Energy Group,Brightpath Networks Ltd,Active,Other,United States,,,,Discussed timeline and next steps with the account.,Standard,,,,,Energy,,Delta,,,,,,Delta,,,Webinar,TAG-3149,LOT-3546,Jamie Haddad,,REF-6533,,2625,,,Other,,,SKU-2381,,Alpha,,,,,Diego Whitfield,,Texas,N,,SKU-8884,,,,,,SKU-7347,2661,100001,Company,100538,alex.costa@acme-fake.test,Nina Kim,2024-08-17 15:30:00,liam.rossi@demomail.test,Reese Garcia,2023-06-10 05:17:00,noah.dorsey@demomail.test,Casey Kim,2023-06-16 23:01:00,yara.ashby@acme-fake.test,Yara Ivanov,2025-12-06 17:32:00,N,100001,100001,100001,100001,100001,100001,100001,100001,100001,100001,,100001,,100001,100001,,100001,2024-01-11 01:55:00,4087,6248,Other,Gamma,Gamma,TAG-8411,7210,9322,9450,4550,6353,Standard,2024-05-11 08:15:00,4712,8784,Delta,Delta,Other,Delta,9163,7035,5774,5053,7533,Other,2023-11-16 10:55:00,,,Beta,,,SKU-3065,6843,6499,,,,Other,2023-04-16,5409,,,,,,,495,,,,Other,2022-10-23,,,,,,,,,,,,,2025-01-15,,,,,,,,,,,,,2026-02-27,,3460,,,,,5245,,,,,,2023-07-19,390,,,SKU-8332,,,,,,,,,Scheduled a check-in for the coming month.
,,Taylor Haddad,Yara Mercer,,,LOT-3258,SKU-3673,TAG-8143,,SKU-9837,,,REF-8253,,quinn.silva@acme-fake.test,,,,,,Sofia Mensah,,,,,Referral Partner,Scheduled a check-in for the coming month.,Summit Manufacturing Group,Vertex Robotics Ltd,Active,Delta,Mexico,,,,Shared the updated proposal for review.,Renewal,,,,N,Education,,,,,,,,,,,Inbound Call,,LOT-9970,Emerson Ford,REF-5143,LOT-4698,,4142,,,Standard,,SKU-8632,REF-9929,,Other,,,,,Jordan Vance,,Ohio,N,,SKU-4667,,,,,REF-3605,TAG-8890,,100001,Company,100540,elena.cohen@examplecorp.test,Avery Whitfield,2023-01-02 04:32:00,drew.ivanov@demomail.test,Rowan Sloan,2022-11-30 07:35:00,mei.sloan@acme-fake.test,Jordan Blake,2025-01-01 23:31:00,omar.rossi@sampleco.test,,2024-11-03 21:18:00,Y,,100001,100001,100001,100001,100001,100001,100001,100001,100001,100001,100001,100001,100001,100001,100001,100001,2022-12-10 00:35:00,3141,4618,Alpha,Delta,Beta,SKU-4800,7261,3524,1198,6380,4145,Alpha,2024-06-01 00:42:00,2440,4264,Beta,Gamma,Alpha,Beta,5137,1144,5423,1011,2484,Other,2023-10-13 12:53:00,,8234,,,,,,,,5416,,Beta,2025-10-29,,4850,,,,,,,,,,Gamma,2024-04-16,,,,,,,,,,,,,2026-05-16,,,,,,,,,,,,,2024-05-29,,,,,,,676,,,,,Other,2025-09-12,,4874,,,SKU-1689,,,,,,,,Shared the updated proposal for review.
,,Rowan Mercer,Diego Silva,,,,SKU-5522,TAG-2549,LOT-5337,,,,,,avery.mercer@sampleco.test,,,,SKU-8983,,,,REF-8286,,,Active Customer,Shared the updated proposal for review.,Meridian Energy Inc,,Active,Gamma,Australia,,,,Discussed timeline and next steps with the account.,SMB,,,,N,Logistics,,,,,,,,,,,Event,SKU-6992,,Rahul Blake,REF-3742,REF-8333,TAG-1516,4323,,,Beta,,TAG-9620,REF-4965,,Gamma,,,,,Yara Cohen,,New York,Y,,LOT-8298,,,,,,SKU-5195,7332,100001,Company,100542,skyler.kim@sampleco.test,Rowan Mercer,2026-03-29 12:23:00,rowan.blake@examplecorp.test,Casey Whitfield,2024-03-12 20:12:00,reese.patel@examplecorp.test,Quinn Ford,2024-07-03 08:57:00,sofia.mercer@acme-fake.test,,2025-03-26 15:16:00,Y,100001,100001,100001,100001,100001,,100001,100001,100001,,,100001,100001,100001,100001,100001,100001,2024-08-04 03:08:00,3814,7055,Other,Beta,Gamma,TAG-5475,8917,3298,9448,4023,3366,Beta,2023-02-10 23:46:00,4117,5479,Other,Delta,Delta,Delta,7788,116,5441,9955,772,Alpha,2023-03-19 20:55:00,1634,,Gamma,,Gamma,,4293,,7378,,,,2024-02-21,,,,,,,,,,,3778,,2024-12-19,,,,,,TAG-9971,,,,,,,2024-03-18,,,,,,TAG-8878,,,,2336,,,2023-07-14,,,,,,,,,,,,,2026-03-18,,,,,,,,,,,833,,Scheduled a check-in for the coming month.
,SKU-4515,Priya Dorsey,Diego Sato,,,SKU-6739,LOT-8338,,,LOT-2665,,,TAG-3672,Other,rahul.okafor@acme-fake.test,Quinn Costa,,,,,,,LOT-3094,,,Active Customer,Scheduled a check-in for the coming month.,Ironwood Logistics Corp,Delta Ventures,Inactive,Other,Australia,,,REF-1848,Reviewed performance and gathered feedback.,Renewal,,,TAG-3028,N,Hospitality,,,,,,,,,,,Event,REF-6759,,Rahul Calder,REF-2917,TAG-2823,,4489,,,Other,,,,,Delta,,,,,Skyler Mensah,,California,Y,,REF-1788,,,,,,SKU-8681,131,100001,Company,100545,fatima.sato@sampleco.test,Priya Silva,2026-06-12 12:09:00,jamie.mensah@demomail.test,Casey Okafor,2024-07-03 02:00:00,avery.nguyen@acme-fake.test,Reese Cohen,2023-09-14 13:10:00,alex.silva@acme-fake.test,,2023-12-25 19:07:00,Y,100001,100001,100001,100001,,,100001,100001,,,100001,100001,,100001,100001,100001,100001,2026-03-11 01:24:00,4127,306,Alpha,Standard,Alpha,TAG-8092,8304,4672,2053,9055,9017,Alpha,2025-09-06 02:01:00,5496,4695,Gamma,Delta,Delta,Alpha,275,8771,3373,7746,183,Delta,2026-03-13 19:58:00,5954,6454,,,Alpha,,,,5872,,6476,,2025-02-19,1630,,,,,,7993,,1288,,,,2026-04-01,780,,,,,,,,,,,,2023-11-10,,,,,,,,,,,,,2024-02-24,,,,,,,,,,,,,2023-06-16,,,Standard,,,TAG-8014,,,,,,,Resolved the outstanding question about scope.
,,Chen Nguyen,Taylor Silva,,,REF-2138,,,,,,,,Alpha,riley.dorsey@examplecorp.test,Chen Ivanov,,,,,,,TAG-4184,,,Active Customer,Reviewed performance and gathered feedback.,Keystone Foods Ltd,Pioneer Retail LLC,Active,,United Kingdom,,,,Resolved the outstanding question about scope.,Standard,,REF-1911,,N,Construction,,,,,,Alpha,,,,,Event,SKU-1252,,Liam Nguyen,LOT-4754,LOT-1695,REF-5563,5462,,,Other,,TAG-1081,SKU-9794,,,,,,,Avery Garcia,,New York,Y,,TAG-1850,,,,,,,,100001,Company,100548,yara.kim@examplecorp.test,Elena Silva,2025-07-22 11:46:00,morgan.sloan@acme-fake.test,Diego Cohen,2025-09-05 18:12:00,sofia.ashby@acme-fake.test,Arjun Rossi,2024-05-31 11:41:00,yara.sloan@acme-fake.test,Morgan Kim,2026-06-05 07:11:00,N,100001,100001,100001,100001,100001,100001,100001,100001,,100001,100001,100001,100001,100001,100001,100001,100001,2025-01-19 18:21:00,4009,9024,Gamma,Delta,Other,SKU-5831,7139,9615,7016,6560,9319,Standard,2025-09-23 12:40:00,6717,9960,Standard,Other,Beta,Gamma,3586,3992,942,9962,2835,Delta,2023-11-30 15:33:00,,,,,,,,329,5472,,,,2024-03-17,,,,,Delta,,,,,,,,2022-10-11,,,,,,,,,8868,,9587,,2025-08-12,,,,TAG-4760,,,,9449,,,,,2022-10-04,,,,,Gamma,,7712,,,,,,2023-12-28,,,,,,SKU-6242,,,,,,,Followed up on the open items from last week.
,SKU-2998,Arjun Mercer,Yara Larsson,,,TAG-1538,SKU-7174,,,,,TAG-5367,,Other,avery.cohen@examplecorp.test,Noah Whitfield,,,,,,,LOT-2700,,,Past Customer,Scheduled a check-in for the coming month.,Atlas Industries LLC,Cardinal Networks Ltd,Active,Gamma,India,,REF-7855,,Discussed timeline and next steps with the account.,Standard,,SKU-7511,,Y,Construction,,,,,,,,,,,Webinar,REF-7969,,Sofia Sloan,TAG-3609,TAG-6368,LOT-5069,,,,Delta,,LOT-3938,,,Delta,,,,,Jamie Garcia,,Washington,N,,SKU-6858,,,,,,TAG-1967,581,100001,Company,100550,mei.vance@examplecorp.test,Rahul Silva,2022-12-22 07:25:00,nina.okafor@demomail.test,Omar Nguyen,2023-02-06 17:33:00,priya.garcia@demomail.test,Reese Calder,2026-01-29 18:31:00,rahul.vance@demomail.test,,2024-11-26 21:38:00,Y,,100001,100001,100001,100001,100001,100001,100001,,,100001,100001,,100001,100001,,100001,2025-03-05 11:44:00,6024,9458,Delta,Delta,Gamma,REF-4898,3329,3565,3739,5927,7532,Alpha,2025-08-30 08:56:00,5023,2253,Delta,Gamma,Beta,Delta,2722,1207,6233,9238,8710,Other,2025-05-17 15:00:00,,,Gamma,TAG-4821,,REF-9444,272,,,6997,,,2022-11-18,,,,,,,,,,,,,2024-01-04,,,,,,,,,,,,,2026-07-18,620,,,,,,,,,,,,2023-05-28,,,,,,,6842,,,,,Gamma,2026-05-12,,,,,,,8471,,,,,,Resolved the outstanding question about scope.
,,Reese Brooks,Arjun Rossi,,,SKU-9438,,REF-1307,LOT-3415,,,,,,yara.cohen@examplecorp.test,Morgan Mercer,Arjun Haddad,,,,Marco Silva,,,,,Past Customer,Noted a concern to revisit at the next sync.,Granite Ventures LLP,Evergreen Networks LLP,Active,Gamma,Australia,,,,Discussed timeline and next steps with the account.,Renewal,,,,Y,Energy,,,,,,,,,,,Referral,LOT-2276,LOT-3337,Alex Silva,REF-3981,LOT-4392,TAG-8353,,,,,,REF-6217,REF-4005,,Standard,,,Other,,Priya Calder,,Illinois,Y,,LOT-1557,,,,,SKU-7493,LOT-6596,3556,100001,Company,100551,casey.silva@demomail.test,Casey Dorsey,2026-04-17 13:14:00,jordan.larsson@demomail.test,Aisha Brooks,2025-03-18 16:18:00,nina.vance@examplecorp.test,Rahul Okafor,2023-04-03 03:10:00,liam.ford@examplecorp.test,Yara Cohen,2023-12-15 05:56:00,N,100001,100001,100001,100001,100001,,100001,100001,,,,100001,100001,100001,100001,,100001,2025-11-07 03:51:00,6041,5847,Alpha,Beta,Other,REF-1407,677,9855,3306,285,9256,Delta,2025-05-22 09:21:00,4322,4334,Gamma,Beta,Gamma,Gamma,4365,193,8303,3339,1595,Delta,2023-08-16 21:05:00,,,,SKU-8107,,,,,,,,,2023-12-28,4663,,,,,SKU-3443,,,2795,7861,,,2026-07-19,,,Delta,,,,,,,,,,2024-10-11,,,,,,,,,,,8071,,2023-01-29,,,,,,,,,8356,,,,2026-06-03,,,,LOT-2717,,,,,,,,,Shared the updated proposal for review.
,TAG-6232,Arjun Haddad,Rahul Reyes,,,TAG-5111,LOT-7351,,LOT-9631,,,LOT-9433,,,noah.costa@examplecorp.test,,,,,,Rahul Nguyen,,TAG-6470,,,Active Customer,Resolved the outstanding question about scope.,Harbor Networks LLP,Pioneer Media,Active,Gamma,Canada,,,,Followed up on the open items from last week.,Standard,,REF-2365,,N,Agriculture,,,,,,,,Delta,,,Webinar,SKU-9706,,Riley Sato,,TAG-1741,SKU-9704,6283,,,Beta,,LOT-2286,TAG-3940,,Standard,,,,,Drew Whitfield,,Ohio,N,TAG-2465,TAG-7522,,,,,,LOT-6026,680,100001,Company,100552,omar.calder@examplecorp.test,Drew Blake,2025-10-25 04:41:00,liam.dorsey@examplecorp.test,Elena Rossi,2026-05-01 05:20:00,riley.garcia@demomail.test,Casey Silva,2024-12-29 20:54:00,noah.brooks@acme-fake.test,,2026-05-28 15:49:00,N,100001,100001,100001,100001,,100001,100001,100001,,100001,100001,100001,,100001,100001,,100001,2024-08-25 18:45:00,6138,9847,Other,Alpha,Delta,REF-9535,7005,2731,9076,2393,8173,Beta,2024-02-26 05:20:00,3049,3577,Alpha,Alpha,Other,Standard,9668,569,8914,5064,3222,Alpha,2024-08-30 23:28:00,,3853,,,Gamma,,,,,,,,2025-05-04,9742,,Other,,,SKU-1823,,,,,,,2024-10-07,,,,,,,,,,,6103,,2025-06-26,,,,,,,,,,3702,,,2025-01-28,,,Delta,,Alpha,,,,,9912,,,2024-12-03,,,,,REF-7537,,,,3720,,4449,Beta,Followed up on the open items from last week.
,SKU-1079,Arjun Haddad,Casey Brooks,,,REF-7856,SKU-7224,TAG-5707,,,,,,,yara.ford@examplecorp.test,Marco Whitfield,Aisha Dorsey,,,,,,SKU-2916,,,Active Customer,Aligned on billing and renewal terms.,Cobalt Industries LLP,Delta Ventures Inc,Active,Gamma,Mexico,,,,,New Logo,,,,N,Financial Services,,,,,,,,,,,Website,LOT-7639,SKU-9952,Rahul Ford,REF-2567,SKU-6565,,9813,,,Other,,SKU-6424,SKU-4519,,,,,,,Alex Brooks,,Ohio,Y,,REF-4198,,,,SKU-1994,,SKU-2184,4368,100001,Company,100554,aisha.rossi@acme-fake.test,Elena Okafor,2026-06-10 07:34:00,jordan.garcia@demomail.test,Nina Nguyen,2023-02-13 10:03:00,skyler.brooks@demomail.test,Reese Kim,2025-05-15 19:09:00,omar.blake@demomail.test,,2022-12-19 12:07:00,N,,100001,100001,100001,100001,100001,100001,100001,100001,100001,100001,100001,100001,100001,100001,,100001,2024-10-26 19:20:00,4069,7823,Gamma,Alpha,Beta,REF-5722,5662,5849,4421,3492,3960,Alpha,2026-07-05 13:52:00,6865,3844,Delta,Delta,Delta,Alpha,5243,8828,9905,998,9340,Other,2026-01-05 10:01:00,,,Alpha,SKU-5874,Delta,,,,,,,,2025-11-07,,,,,,,,,,2831,,,2024-08-09,,,,TAG-2679,LOT-4813,,,,2142,,6544,,2025-11-22,,,,,,,,,,,3776,Standard,2025-04-03,,,,,,,,,,,,,2023-09-08,,,,,,,,,,,,Beta,Resolved the outstanding question about scope.
,,Quinn Rossi,Alex Larsson,,,,LOT-9422,,,,TAG-9547,,,Gamma,reese.sloan@acme-fake.test,,,,,,Avery Blake,"113,054",SKU-4779,,,Past Customer,Resolved the outstanding question about scope.,Evergreen Dynamics Co,Beacon Dynamics,Active,Delta,Australia,,,,Aligned on billing and renewal terms.,New Logo,,,LOT-1095,N,Healthcare,,,,,,,,,,,Webinar,LOT-5535,,Skyler Calder,REF-3650,LOT-1425,,6115,,,Alpha,,,LOT-7983,,Gamma,,,,,Rowan Cohen,,Texas,N,,TAG-2709,,,,,,TAG-1712,7310,100001,Company,100555,alex.ashby@examplecorp.test,Skyler Ivanov,2023-11-09 21:41:00,skyler.rossi@acme-fake.test,Emerson Nguyen,2025-09-14 23:29:00,fatima.costa@sampleco.test,Emerson Kim,2026-06-10 21:43:00,emerson.larsson@demomail.test,,2024-07-04 01:15:00,N,100001,100001,100001,100001,100001,100001,100001,100001,,100001,,100001,100001,100001,100001,,100001,2024-09-12 11:25:00,4088,4470,Gamma,Other,Alpha,LOT-3747,7559,6357,1025,7997,8888,Standard,2025-08-17 11:04:00,3828,5290,Beta,Standard,Gamma,Beta,216,4029,7830,8095,729,Alpha,2025-11-03 23:25:00,,,,,,REF-6719,,,,,,,2023-05-29,6515,,,,Gamma,,,,,2790,,,2024-07-22,,,,,,,,,,,,,2025-01-06,,,,,,,8727,3281,,367,,,2023-11-26,,,Other,,Delta,,,1290,,,4198,Gamma,2023-07-18,,8994,,,,,,4203,,,,,Noted a concern to revisit at the next sync.
,,Rahul Silva,Jordan Ivanov,,,LOT-7659,REF-6143,,REF-1546,,,,,,alex.sato@examplecorp.test,,,,,TAG-4412,Morgan Costa,,LOT-7907,,,Prospect,Noted a concern to revisit at the next sync.,Delta Holdings Group,Atlas Manufacturing Co,Active,Delta,Germany,,,,Followed up on the open items from last week.,Renewal,,,TAG-7257,N,Real Estate,,,,,,,,,,,Inbound Call,REF-7105,,Arjun Costa,SKU-4415,REF-8366,REF-7126,189,,,Beta,,REF-6487,REF-8481,,Standard,,,,,Taylor Calder,,California,Y,,REF-4796,,,,,,LOT-3807,3588,100001,Company,100558,liam.mensah@acme-fake.test,Quinn Haddad,2023-08-10 22:19:00,casey.patel@acme-fake.test,Alex Calder,2022-11-21 13:36:00,casey.dorsey@demomail.test,Riley Kim,2024-11-27 16:08:00,yara.ivanov@sampleco.test,Elena Kim,2025-02-12 23:28:00,Y,100001,100001,100001,100001,100001,,100001,100001,,,,100001,100001,100001,100001,100001,100001,2022-10-05 01:48:00,1887,3491,Standard,Gamma,Alpha,LOT-8604,8487,8545,601,3541,5183,Alpha,2024-07-25 11:37:00,3944,5945,Other,Alpha,Beta,Standard,2128,4617,2224,1487,2890,Beta,2025-04-06 07:07:00,,2602,,,Gamma,,,,3319,,,Delta,2023-08-16,,,,SKU-1755,,,,5991,,3108,,,2025-07-02,,,,,,TAG-5419,,,,,,,2025-11-05,,3773,,,Other,,6607,9164,,,673,Delta,2026-02-15,141,,,TAG-4208,Beta,,6627,,,,,,2026-02-23,,3051,Gamma,,,,,,,,,,Shared the updated proposal for review.
,,Riley Okafor,Reese Mensah,,,,REF-5221,REF-7934,,LOT-3132,,,,Alpha,diego.larsson@examplecorp.test,,Noah Cohen,,,TAG-5303,,,TAG-3049,"22,415",,Referral Partner,Reviewed performance and gathered feedback.,Lakeside Dynamics Inc,Beacon Foods Inc,Active,Beta,India,,,,Scheduled a check-in for the coming month.,Standard,,,TAG-6171,N,Manufacturing,,,,,,,,,,,Webinar,REF-6767,REF-8204,Yara Blake,SKU-3831,SKU-2967,LOT-9580,,,,Other,,SKU-4006,,,Standard,,,,,Noah Silva,,Georgia,N,TAG-3843,REF-9881,,,,,,TAG-9680,756,100001,Company,100559,arjun.rossi@sampleco.test,Liam Dorsey,2023-02-11 06:13:00,noah.dorsey@sampleco.test,Noah Okafor,2022-10-17 09:17:00,morgan.brooks@demomail.test,Rowan Mensah,2025-03-22 19:11:00,chen.ford@demomail.test,Priya Whitfield,2026-06-05 02:54:00,N,100001,100001,100001,100001,100001,,100001,100001,100001,,,100001,100001,100001,100001,,100001,2023-07-19 18:02:00,6904,505,Other,Alpha,Other,TAG-1857,5112,2661,7646,327,9103,Alpha,2023-02-22 15:46:00,6410,5300,Other,Beta,Beta,Delta,2126,3110,479,8613,6663,Delta,2024-12-25 04:58:00,4037,,,,,SKU-7134,,7232,,,,,2026-05-25,,,,,,,5458,,,,,,2023-09-17,,,,,REF-3903,,,,,,,,2023-04-12,9141,,,,,TAG-6650,,,,,,,2025-10-11,9649,,,,,,,,,,,,2024-10-11,,,,LOT-5229,,LOT-9632,,,,,,,Shared the updated proposal for review.
,,Jamie Rossi,Elena Ivanov,,,,LOT-6712,TAG-2896,REF-3021,,REF-1354,REF-2298,TAG-8039,,casey.garcia@sampleco.test,,,,,,,,REF-4193,,,Active Customer,Resolved the outstanding question about scope.,Ironwood Holdings Co,Horizon Industries Co,Active,Gamma,Germany,,,,Noted a concern to revisit at the next sync.,Enterprise,,,,Y,Media,,,,,,Other,N,,,,Inbound Call,LOT-7495,SKU-3119,Marco Blake,,TAG-5216,,,,,Gamma,,REF-3176,REF-3791,,Beta,,,,,Skyler Vance,,Washington,Y,,REF-1250,,,,,,SKU-8895,1768,100001,Company,100561,reese.garcia@sampleco.test,Alex Ford,2025-04-03 10:23:00,rowan.larsson@acme-fake.test,Marco Ashby,2024-04-18 23:52:00,quinn.garcia@acme-fake.test,Riley Garcia,2026-03-16 20:36:00,liam.ivanov@sampleco.test,,2022-12-16 00:59:00,Y,100001,100001,,100001,,,100001,100001,100001,,100001,100001,100001,100001,100001,100001,100001,2024-05-07 07:08:00,900,7512,Beta,Beta,Standard,TAG-4036,1908,2313,2282,347,661,Other,2022-12-24 12:55:00,6700,3511,Other,Alpha,Delta,Beta,2975,4037,4155,5177,9740,Beta,2025-03-07 10:58:00,,,Alpha,,,,,,,,,,2025-08-15,7461,,,,,,8811,,3302,,862,,2025-11-06,,,,,,,,,,,,,2025-06-03,,,,,Other,,,,,2571,,,2023-03-31,3633,7615,,,,LOT-9533,,,,,,,2026-05-24,,,,,,,3004,,,,,,Resolved the outstanding question about scope.
,LOT-5581,Yara Sloan,Casey Haddad,,,REF-2564,TAG-2951,,,,,,SKU-5489,,mei.mercer@sampleco.test,,Diego Mensah,,,TAG-8367,Noah Blake,,TAG-3712,,,Past Customer,Noted a concern to revisit at the next sync.,Horizon Industries LLP,Horizon Holdings Group,Active,Standard,United States,,,,Discussed timeline and next steps with the account.,Renewal,,,,Y,Media,,Alpha,,,,,,,,,Referral,TAG-8728,,Yara Calder,,SKU-8017,TAG-3326,,,,Alpha,,REF-1645,,,Beta,,,,,Diego Vance,,Texas,Y,,SKU-7632,,,,,,TAG-7281,3701,100001,Company,100564,rahul.sato@sampleco.test,Elena Nguyen,2025-08-28 19:05:00,emerson.cohen@sampleco.test,Priya Costa,2023-08-12 09:15:00,sofia.dorsey@sampleco.test,Aisha Vance,2023-02-25 01:38:00,yara.larsson@sampleco.test,,2026-04-04 18:57:00,Y,100001,100001,,100001,100001,100001,100001,100001,,100001,,100001,,100001,100001,,100001,2026-04-08 10:21:00,2681,1484,Other,Alpha,Beta,REF-8663,7363,8497,927,6670,9976,Alpha,2025-10-28 06:50:00,9355,7488,Delta,Delta,Gamma,Gamma,5284,6118,249,6626,7229,Gamma,2025-12-13 21:15:00,,,,,,,,,,,,,2023-07-13,,,Gamma,,,REF-2543,,,,,,,2024-11-20,,,,,,,,,,,,,2022-12-21,3816,6771,,,,,,,,3284,,,2024-04-02,,,,,,SKU-4210,,,,,,,2024-06-28,,,,,,,,,,,358,,Shared the updated proposal for review.
,,Fatima Cohen,Fatima Silva,,,SKU-1907,SKU-6818,SKU-2068,,,,SKU-8913,TAG-6110,,skyler.blake@sampleco.test,,,,LOT-4600,,Morgan Costa,,LOT-4753,,,Past Customer,Resolved the outstanding question about scope.,Brightpath Analytics Ltd,Harbor Ventures Inc,Active,Delta,Germany,,,,Shared the updated proposal for review.,New Logo,,,,,Retail,,,,,,,,Delta,,,Inbound Call,,LOT-8140,Rowan Cohen,SKU-7998,,,5981,,,Delta,,REF-1164,REF-6667,,Delta,,,,,Sofia Calder,,Georgia,Y,,TAG-5813,,,,,TAG-9502,LOT-9998,4463,100001,Company,100565,alex.blake@examplecorp.test,Nina Rossi,2026-06-10 00:43:00,diego.reyes@demomail.test,Yara Cohen,2025-04-08 19:23:00,aisha.ford@acme-fake.test,Omar Ivanov,2023-06-13 14:37:00,rahul.rossi@demomail.test,,2024-04-07 23:04:00,Y,100001,100001,100001,100001,,,100001,100001,100001,,,100001,100001,100001,100001,100001,100001,2025-10-22 18:23:00,9601,3425,Other,Other,Gamma,SKU-5532,7867,8139,6706,9078,8110,Beta,2026-02-15 06:06:00,157,7575,Gamma,Beta,Other,Standard,8898,376,6762,1557,4425,Beta,2023-08-03 01:23:00,,,,,,,,,,,,,2026-07-25,,6426,,,Alpha,SKU-1050,,,,,,Standard,2022-11-04,,,,,,,,,,,,,2025-03-08,,,,,,,,,,,,,2023-10-17,,,Alpha,,,,,,,,4972,,2025-08-07,8348,,,,,,,,,,,,Resolved the outstanding question about scope.
,,Yara Okafor,Yara Rossi,,,TAG-4751,REF-5392,SKU-6837,,,,,,Other,casey.sato@examplecorp.test,Aisha Dorsey,,,,,,,TAG-7976,,,Prospect,Aligned on billing and renewal terms.,Falcon Ventures Ltd,Evergreen Solutions Co,Active,Alpha,Australia,,,,Resolved the outstanding question about scope.,Standard,,,,Y,Healthcare,,Alpha,,,,,,,N,,Event,,REF-8954,Omar Mercer,SKU-4693,SKU-7427,REF-6143,3600,,Y,Standard,,LOT-4751,LOT-4833,,Delta,,,,,Drew Nguyen,,California,N,TAG-8042,SKU-4294,,,,,,LOT-8584,6380,100001,Company,100566,quinn.mensah@examplecorp.test,Skyler Silva,2024-04-05 06:29:00,skyler.larsson@acme-fake.test,Fatima Vance,2023-04-04 09:59:00,jamie.larsson@demomail.test,Marco Reyes,2026-04-23 06:09:00,morgan.ivanov@examplecorp.test,Sofia Sato,2024-07-21 13:38:00,Y,,100001,100001,100001,100001,100001,100001,100001,,100001,100001,100001,100001,100001,100001,100001,100001,2025-02-17 09:45:00,8628,1034,Other,Delta,Standard,SKU-4142,4043,2468,7749,5925,2690,Other,2023-07-11 20:43:00,8843,6342,Standard,Other,Alpha,Delta,2861,2618,3399,6323,6504,Other,2023-04-19 06:23:00,3115,,,,,,,,,,,,2024-08-14,,,,,Standard,,,,,,,,2022-11-11,,,,,,SKU-1695,,,,,,,2023-12-03,,,,TAG-5715,,,,,,,4504,Beta,2023-03-04,882,6355,,,Standard,,,,,,,,2024-08-11,,1867,,,,,4694,,,,6224,,Shared the updated proposal for review.
,,Marco Patel,Aisha Nguyen,,,LOT-8457,,TAG-2540,,,,,,,fatima.blake@examplecorp.test,,,,,,Alex Brooks,,LOT-9304,,,Past Customer,Scheduled a check-in for the coming month.,Pioneer Manufacturing LLC,,Active,Other,United Kingdom,,,,Noted a concern to revisit at the next sync.,Standard,,,,Y,Media,,,,,,,,,,,Event,REF-8515,LOT-9667,Fatima Vance,TAG-3802,LOT-8718,SKU-6595,92,,,Standard,,SKU-1043,TAG-4536,,,,,,,Quinn Ashby,,Arizona,Y,,REF-3507,,,,,,LOT-2611,815,100001,Company,100568,nina.calder@examplecorp.test,Taylor Sloan,2026-01-25 08:12:00,rowan.patel@demomail.test,Casey Ford,2023-05-19 04:49:00,casey.kim@sampleco.test,Chen Ivanov,2025-02-17 15:33:00,rahul.reyes@demomail.test,,2023-09-25 09:31:00,Y,100001,100001,100001,100001,100001,,100001,100001,,100001,,100001,,100001,100001,,100001,2024-01-15 16:19:00,8026,5534,Beta,Gamma,Other,LOT-5377,7020,4571,8741,6348,9979,Delta,2025-09-09 08:28:00,4466,8887,Standard,Gamma,Gamma,Beta,1895,306,8683,6948,2127,Standard,2024-01-11 02:10:00,,,,,Delta,,2935,,,,,Delta,2024-01-12,2932,,Standard,,,,3253,,,,,Gamma,2024-07-30,,,Alpha,,,,,,,,,,2023-01-12,,,,TAG-1701,,SKU-7829,,,,,7784,,2023-12-09,,,,,Delta,,,,,,,,2026-02-04,,,,LOT-3904,,,,,,,,,Shared the updated proposal for review.
LOT-1255,,Rowan Mensah,Skyler Calder,,,TAG-7352,,LOT-5830,,,,SKU-9988,,Standard,omar.okafor@sampleco.test,Yara Dorsey,Fatima Sloan,,,,,,REF-1863,,,Active Customer,Reviewed performance and gathered feedback.,Keystone Media,Copper Systems LLC,Active,Alpha,United States,,,,Discussed timeline and next steps with the account.,Standard,,TAG-9493,,Y,Technology,,,,,,,,,,,Partner,TAG-5640,LOT-1569,Riley Vance,,TAG-1214,LOT-5049,,,,Alpha,,LOT-6389,TAG-5446,,,,,,,Yara Dorsey,,Colorado,Y,,TAG-8860,,,,,,TAG-2107,8937,100001,Company,100569,liam.sato@demomail.test,Riley Mensah,2023-11-23 01:01:00,skyler.calder@examplecorp.test,Fatima Silva,2026-07-09 18:42:00,avery.cohen@demomail.test,Rowan Blake,2026-07-10 14:43:00,rahul.silva@sampleco.test,,2025-11-29 04:37:00,N,100001,100001,100001,100001,,100001,100001,100001,100001,100001,100001,,100001,100001,100001,,100001,2023-05-24 23:50:00,1756,5734,Other,Other,Other,REF-2365,6608,6557,2587,498,6314,Beta,2024-05-20 10:36:00,3458,1247,Delta,Standard,Other,Other,6315,7628,7370,101,6098,Gamma,2023-12-09 16:37:00,,,Gamma,,,,,,6168,7303,2629,Standard,2025-07-12,,995,,,,,,,,,,,2024-01-30,,8047,,,,REF-5346,,,,,,Other,2025-03-06,,,,,,,,,,,,,2023-02-09,,,,,,,,,,,,Other,2024-04-17,,,,SKU-3560,,,,,,,,,Reviewed performance and gathered feedback.
,,Liam Nguyen,Marco Larsson,,,LOT-1780,SKU-6903,SKU-2321,,,,REF-3489,,,arjun.blake@demomail.test,Mei Nguyen,,,,,,,,,,Active Customer,Aligned on billing and renewal terms.,Evergreen Manufacturing LLP,Keystone Labs Inc,Active,Beta,Germany,,,,Scheduled a check-in for the coming month.,SMB,,,,N,Energy,,,,,,,,,,,Website,TAG-9529,SKU-1354,Fatima Larsson,REF-5953,,,,,,Beta,,SKU-1540,TAG-1193,,,,,,,Casey Patel,,Washington,Y,,LOT-8955,,,,,LOT-2607,LOT-5197,8793,100001,Company,100570,mei.patel@examplecorp.test,Drew Patel,2024-01-17 18:45:00,rahul.sloan@examplecorp.test,Jamie Dorsey,2023-04-21 17:46:00,arjun.mercer@demomail.test,Alex Ford,2023-08-25 05:29:00,elena.reyes@acme-fake.test,Drew Silva,2026-07-14 20:26:00,N,100001,100001,100001,100001,100001,100001,100001,100001,,100001,,100001,100001,100001,,100001,100001,2024-02-20 15:14:00,4359,9622,Delta,Alpha,Beta,REF-7654,1547,1550,5752,5015,275,Other,2023-06-13 06:21:00,6026,2778,Beta,Other,Alpha,Standard,4174,7246,8836,9028,7303,Standard,2023-07-16 02:46:00,927,3834,,,,TAG-5956,,7358,,,8571,,2026-06-02,,,,,,,,,,,,,2025-05-20,,,,,,,,,,,,,2026-03-24,7521,,,,,,,,,,,,2025-05-12,,,,REF-2093,,,,,,7302,,,2025-02-02,,,,,,,,,,,,,Resolved the outstanding question about scope.
,,Liam Mercer,Sofia Ford,,,TAG-2374,TAG-7372,SKU-7981,,,,,,,morgan.silva@demomail.test,,,,,,,,TAG-4228,"79,833",,Active Customer,Noted a concern to revisit at the next sync.,Summit Analytics Corp,Brightpath Energy Corp,Inactive,Gamma,Australia,,,,,SMB,,,,Y,Retail,,,,,,,,,,,Referral,,,Mei Calder,SKU-4285,LOT-5230,,,,,Alpha,,SKU-8906,TAG-1122,,Beta,,,,,Noah Blake,,Texas,N,,,,,,,,LOT-1305,655,100001,Company,100572,elena.dorsey@demomail.test,Liam Reyes,2026-01-24 10:32:00,marco.whitfield@demomail.test,Fatima Rossi,2026-04-16 21:40:00,casey.patel@demomail.test,Nina Vance,2023-06-08 03:44:00,casey.okafor@demomail.test,,2025-09-06 20:18:00,N,100001,100001,,100001,100001,100001,100001,100001,100001,,100001,,100001,100001,100001,,100001,2025-04-10 08:05:00,5636,7546,Beta,Standard,Beta,TAG-2434,261,5357,2552,9213,6040,Delta,2026-05-18 07:01:00,9347,6047,Standard,Gamma,Other,Gamma,3120,9958,3452,3436,7873,Other,2022-12-28 01:59:00,,5844,,TAG-2285,,,,,,,,Alpha,2026-01-30,,,,,,,,,,,8695,Beta,2022-11-09,,,,,,,,,,,,,2023-12-03,3878,,,,,,2158,4361,,,,Gamma,2026-07-31,,,,,,,4744,,,,,,2024-01-19,,,,,,LOT-9151,,8725,,,,,Reviewed performance and gathered feedback.
,,Arjun Mensah,Omar Costa,,,LOT-5656,TAG-5918,,REF-6643,,,,,,riley.mercer@acme-fake.test,,,,,SKU-4128,,"105,605",TAG-4191,,,Active Customer,Resolved the outstanding question about scope.,Brightpath Labs LLC,Falcon Media Co,Active,Delta,Canada,,,,,New Logo,,,SKU-1593,N,Media,,Gamma,,"96,094",,Alpha,,Standard,,,Website,REF-3693,SKU-5875,Jamie Haddad,REF-3432,REF-3941,SKU-9528,,,,Other,,SKU-9339,,,Standard,,,,,Casey Whitfield,,Washington,N,,TAG-7249,,,,REF-6321,,REF-3871,262,100001,Company,100574,chen.patel@demomail.test,Casey Brooks,2025-08-05 17:30:00,diego.sato@examplecorp.test,Priya Silva,2025-02-09 22:34:00,nina.ashby@demomail.test,Casey Ford,2026-01-11 07:54:00,liam.costa@demomail.test,,2023-09-04 07:42:00,N,100001,100001,100001,100001,100001,100001,100001,100001,100001,100001,,100001,100001,100001,100001,100001,100001,2025-09-08 06:12:00,9789,6357,Other,Alpha,Other,REF-2993,2813,3854,1323,5112,9874,Other,2025-04-10 12:57:00,4810,1426,Other,Gamma,Other,Other,3536,8562,9597,2660,6279,Delta,2024-10-29 17:29:00,,,,LOT-9976,,REF-9988,,,,,,Standard,2022-12-05,,,,,,,,2843,,564,,,2025-12-19,,,,,,REF-7029,,,,,,,2026-03-18,,,,,,,,,,2131,,,2025-06-13,,,Other,,,TAG-1806,,,8411,,4594,,2024-06-15,,2104,,,,,,,4579,,,,Noted a concern to revisit at the next sync.
,TAG-3266,Omar Silva,Quinn Calder,,,REF-3575,,SKU-9457,,,TAG-2429,TAG-3390,,,taylor.patel@demomail.test,,,,,,Taylor Mercer,"124,295",REF-4546,,,Active Customer,Followed up on the open items from last week.,Evergreen Industries LLP,Granite Group LLP,Active,Standard,Canada,,,,Reviewed performance and gathered feedback.,New Logo,,,,,Energy,,,,,,,,,,,Website,TAG-5533,,Emerson Mercer,REF-5653,SKU-7852,,,,,Beta,,TAG-4077,REF-2930,,Alpha,,,,,Taylor Mercer,,Arizona,N,,TAG-6845,,,,,,REF-2028,4308,100001,Company,100576,quinn.blake@acme-fake.test,Alex Ford,2023-04-25 22:25:00,mei.blake@examplecorp.test,Liam Sato,2022-10-09 21:34:00,sofia.ford@demomail.test,Fatima Reyes,2024-07-29 07:22:00,rowan.sato@examplecorp.test,,2023-06-26 12:00:00,Y,100001,100001,100001,100001,100001,,100001,100001,100001,100001,100001,100001,100001,100001,100001,100001,100001,2023-07-26 23:37:00,565,1589,Gamma,Standard,Delta,REF-7164,4064,8601,9727,6504,4328,Gamma,2026-01-25 13:42:00,1334,4104,Other,Standard,Gamma,Gamma,4463,9318,2370,4809,43,Gamma,2024-09-07 13:02:00,,3844,,,,,,5792,,,,,2024-01-02,3004,,,,,,,4300,8374,,,,2024-05-09,,,,,,,,,,,,,2024-09-01,8015,,,,,REF-7058,,8076,5166,,,Other,2026-05-20,,,Standard,SKU-4919,,,,,,,,,2024-04-30,,,,,,,,4490,,,,,Scheduled a check-in for the coming month.
,,Liam Sloan,Casey Cohen,,,REF-3202,,,,,,,,,marco.sato@sampleco.test,,,,,,Sofia Mercer,"230,679",TAG-1328,,,Active Customer,Resolved the outstanding question about scope.,Harbor Financial,Delta Group LLC,Active,Standard,India,,TAG-6777,,Reviewed performance and gathered feedback.,New Logo,,,,N,Technology,,,,,,,,,,,Event,SKU-4166,LOT-8300,Sofia Ashby,LOT-9501,LOT-4547,,,,,Gamma,,TAG-1749,LOT-6127,,,,,,,Noah Ford,,New York,N,,LOT-7050,,,,,,SKU-9320,7367,100001,Company,100578,rowan.larsson@sampleco.test,Elena Whitfield,2023-10-09 13:43:00,avery.vance@examplecorp.test,Rahul Blake,2024-10-01 11:07:00,alex.brooks@acme-fake.test,Rowan Larsson,2023-03-04 17:49:00,elena.larsson@sampleco.test,,2025-03-14 04:13:00,Y,,100001,,100001,100001,,100001,100001,,100001,100001,100001,,100001,,,100001,2026-01-26 04:42:00,6358,958,Alpha,Delta,Delta,SKU-6788,4441,1653,4092,2795,8548,Delta,2025-09-01 00:51:00,8116,3090,Beta,Alpha,Gamma,Alpha,2215,3833,4547,2003,6751,Standard,2026-03-23 12:21:00,,,,,,,,961,2377,,,,2025-01-11,,,,,,,,,,,5887,,2024-03-15,,,,,,,,,5652,,,,2022-12-06,,6165,,,,,,,,6955,,,2024-09-05,,,,,,,,,,,,,2023-06-07,,,,,,,,,,,2379,,Followed up on the open items from last week.
,,Marco Silva,Quinn Calder,,,TAG-8099,SKU-3929,,REF-6923,,,,,,rahul.costa@demomail.test,Jordan Haddad,,,,,Liam Calder,,TAG-4683,,,Active Customer,Resolved the outstanding question about scope.,Blue Ridge Textiles LLC,Vertex Capital Ltd,Inactive,Other,Philippines,,,,Noted a concern to revisit at the next sync.,Enterprise,,,,N,Agriculture,,,,,,,,,,,Webinar,SKU-3941,,Alex Blake,TAG-2015,LOT-3185,,8137,,,Standard,,SKU-4822,REF-2993,,,,,,,Yara Mensah,,Colorado,Y,,LOT-1081,,,,SKU-7975,LOT-6402,LOT-5192,8138,100001,Company,100579,alex.ford@acme-fake.test,Quinn Ford,2023-12-11 17:59:00,sofia.vance@sampleco.test,Riley Garcia,2023-09-02 00:19:00,omar.vance@demomail.test,Skyler Haddad,2024-04-22 11:48:00,elena.patel@sampleco.test,Skyler Silva,2024-03-21 07:49:00,Y,100001,100001,100001,100001,100001,,100001,100001,100001,100001,,100001,100001,100001,100001,,100001,2024-05-30 22:21:00,8285,8954,Standard,Alpha,Other,REF-5893,6256,8595,5880,2784,2711,Standard,2025-04-10 07:47:00,6898,9306,Beta,Alpha,Gamma,Other,1414,1808,9918,9383,7162,Other,2022-11-05 02:50:00,3732,9615,,TAG-3405,,,4574,,,,7268,Beta,2024-08-08,,,,,Delta,,,,,,,,2025-06-23,,,,,,,,,4440,,,,2024-12-18,,,,,Delta,,9051,,8344,,5590,,2025-03-14,4399,4102,,,Standard,SKU-8284,,,,,,,2026-04-25,7993,,,,,,,,,580,,,Discussed timeline and next steps with the account.
,,Avery Rossi,Riley Cohen,,,REF-8678,TAG-6630,,TAG-6891,,,,,,chen.nguyen@acme-fake.test,,,,,,Riley Silva,"23,922",,,,Prospect,Discussed timeline and next steps with the account.,Cardinal Textiles LLC,Horizon Robotics LLP,Active,Alpha,Australia,,,,Shared the updated proposal for review.,Renewal,,,SKU-1799,Y,Education,,,,,,,,,,,Cold Outreach,TAG-5836,SKU-5504,Priya Rossi,REF-2298,,,,,,Other,,REF-7117,REF-9126,,Standard,,,,,Drew Ashby,,Florida,Y,REF-7509,REF-3363,,,,,,LOT-6013,1932,100001,Company,100582,quinn.silva@acme-fake.test,Rowan Garcia,2023-05-30 21:33:00,diego.patel@demomail.test,Noah Nguyen,2024-03-11 15:48:00,rahul.brooks@sampleco.test,Rahul Larsson,2026-01-28 05:47:00,rowan.cohen@acme-fake.test,,2025-05-20 22:37:00,N,100001,100001,100001,100001,100001,,100001,100001,100001,100001,100001,,,100001,100001,100001,100001,2026-06-13 09:40:00,1229,9376,Gamma,Beta,Other,TAG-1636,2842,2157,3072,1855,9192,Gamma,2024-06-19 05:57:00,1571,8475,Other,Beta,Alpha,Alpha,1249,6286,6625,4106,591,Other,2023-10-07 07:11:00,54,,,,,,,,8139,,,,2023-08-28,,4166,,,,,,,,,,,2023-05-27,,,,,,,,,4887,,,,2022-12-24,,7804,,,Standard,,,,3799,,,Beta,2024-06-05,,,,,,,,,,4622,4455,,2024-04-20,,,Gamma,,,,,,,,,Delta,Reviewed performance and gathered feedback.
,,Morgan Nguyen,Sofia Reyes,,,REF-3155,TAG-6680,LOT-6694,,SKU-1591,,,,,omar.costa@demomail.test,,,,,SKU-4576,,,TAG-6231,,,Active Customer,Reviewed performance and gathered feedback.,Cardinal Logistics,Meridian Foods,Active,Gamma,Philippines,,,,Shared the updated proposal for review.,Renewal,,,,N,Retail,,,,,,,,,,,LinkedIn,LOT-9745,,Riley Blake,REF-4943,LOT-1579,TAG-5569,,,,Gamma,,TAG-6139,SKU-9281,,Other,,,,,Emerson Dorsey,,Ohio,N,,TAG-8378,,,,,,LOT-9670,1848,100001,Company,100585,riley.dorsey@examplecorp.test,Taylor Vance,2025-03-23 06:23:00,noah.vance@demomail.test,Liam Sato,2023-04-07 10:35:00,marco.ivanov@sampleco.test,Riley Patel,2023-09-23 10:19:00,sofia.sato@examplecorp.test,,2023-07-24 21:26:00,Y,100001,100001,,100001,100001,100001,100001,100001,,100001,,100001,100001,100001,100001,,100001,2023-11-26 10:11:00,8412,3094,Other,Delta,Gamma,TAG-6686,411,9678,7580,4139,7882,Delta,2023-12-12 04:47:00,489,4460,Delta,Other,Delta,Gamma,9643,1876,9287,4379,9650,Other,2024-11-21 10:58:00,,9535,,,,,,,,,,Alpha,2024-11-23,,,,REF-3294,,REF-9684,,,,6833,,,2024-07-25,,4568,,,,,1064,,6967,,,,2023-09-22,,,Delta,,,,,,,,,Beta,2025-09-20,,,,,,,,,,,,,2026-04-01,,,Alpha,,LOT-8485,,,,3922,,,,Aligned on billing and renewal terms.
,,Jordan Nguyen,Rowan Sloan,,,LOT-3833,,REF-7478,,,,TAG-1042,,,yara.patel@demomail.test,,Elena Whitfield,,,,Mei Vance,,TAG-8835,,,Active Customer,Shared the updated proposal for review.,Northwind Group Co,Everest Financial LLC,Active,Alpha,India,,,,Discussed timeline and next steps with the account.,Enterprise,,,,N,Financial Services,REF-1132,,,,,,,Delta,,"68,395",Webinar,,REF-8468,Taylor Haddad,,REF-4524,,4963,,,Gamma,,LOT-6590,,,Delta,,,Delta,,Reese Rossi,,Florida,N,,LOT-6359,,,,TAG-2579,,LOT-3475,1600,100001,Company,100587,yara.calder@acme-fake.test,Noah Mercer,2024-04-11 15:51:00,emerson.kim@sampleco.test,Skyler Sato,2023-09-25 15:18:00,sofia.patel@acme-fake.test,Priya Sloan,2025-02-19 14:42:00,mei.costa@examplecorp.test,,2025-04-06 19:41:00,Y,,100001,,100001,100001,,100001,100001,100001,100001,100001,100001,100001,100001,100001,100001,100001,2026-06-05 15:44:00,8459,3122,Other,Delta,Gamma,SKU-6310,4021,4659,6966,9949,1470,Gamma,2023-06-25 21:02:00,5339,5562,Other,Other,Alpha,Beta,1751,6990,3166,5330,3895,Alpha,2025-05-24 05:54:00,,,,,,,,,,,,,2025-09-15,942,,,,,,,,,,,,2025-11-05,,,,,,,,,,,6040,,2024-03-25,,4961,,,,,,,,7567,,,2026-02-28,,142,,,,,,1910,,,,,2025-09-03,9589,,,,,,,,,,3116,,Resolved the outstanding question about scope.
,TAG-4077,Quinn Ford,Casey Costa,,,,LOT-4222,,,LOT-7707,,REF-7867,,,chen.mensah@sampleco.test,,,,REF-8408,,,"125,958",,,Standard,Referral Partner,Resolved the outstanding question about scope.,Northwind Capital LLC,,Active,Delta,Mexico,,,,Shared the updated proposal for review.,Standard,,REF-3329,REF-7300,Y,Professional Services,,,,,,Alpha,,,,,Inbound Call,LOT-8880,REF-7118,Omar Costa,SKU-7241,LOT-4735,SKU-2325,,,,Beta,,LOT-9307,LOT-6814,,Other,,,,,Quinn Kim,,Washington,N,,SKU-9841,,,,,,TAG-5472,9086,100001,Company,100590,emerson.rossi@sampleco.test,Priya Ivanov,2022-10-05 04:26:00,drew.rossi@sampleco.test,Aisha Costa,2022-11-02 17:34:00,reese.whitfield@acme-fake.test,Taylor Silva,2024-09-19 03:05:00,reese.blake@demomail.test,,2023-02-06 01:37:00,N,100001,100001,,100001,100001,,100001,100001,,,100001,100001,100001,100001,100001,100001,100001,2024-05-15 08:20:00,7093,8974,Gamma,Alpha,Gamma,SKU-5001,3172,2702,1796,303,3742,Beta,2025-03-19 18:55:00,8890,577,Delta,Delta,Alpha,Delta,8163,8624,687,6035,9657,Delta,2025-10-20 12:48:00,,,,,,,,,,,9047,,2024-11-16,,,,,Other,,,,,,,,2025-03-07,,,Gamma,,,,,2217,,7585,,,2023-09-09,,2778,,,,,9355,9247,,,,Delta,2025-08-16,1659,,,,Standard,,,3045,,,,,2025-06-21,,,,,,,,,,,,,Discussed timeline and next steps with the account.
,,Fatima Costa,Rahul Garcia,,,SKU-9073,SKU-8261,,LOT-6440,,,,SKU-4893,,rahul.rossi@sampleco.test,,,,,,,,REF-1536,,,Referral Partner,Scheduled a check-in for the coming month.,Meridian Systems LLP,Cardinal Logistics Ltd,Active,Delta,Australia,Standard,REF-6059,,Scheduled a check-in for the coming month.,Standard,,,,Y,Financial Services,,,,,,,,,,,Partner,SKU-2654,LOT-2882,Morgan Cohen,LOT-4997,SKU-8311,,,,,Beta,,TAG-4922,TAG-2540,,Alpha,,,,,Nina Larsson,,Ohio,Y,,TAG-4900,,,,,,SKU-2754,9522,100001,Company,100593,emerson.cohen@demomail.test,Rahul Sato,2023-07-21 10:02:00,jordan.nguyen@acme-fake.test,Alex Rossi,2023-10-30 18:01:00,avery.sloan@demomail.test,Emerson Patel,2025-08-07 06:55:00,alex.calder@sampleco.test,,2024-03-05 05:17:00,N,,100001,100001,100001,,100001,100001,100001,100001,100001,100001,100001,100001,100001,100001,100001,100001,2025-07-07 18:14:00,7289,5774,Alpha,Other,Alpha,LOT-6459,3984,8569,6206,2651,5347,Delta,2026-06-16 00:00:00,9838,3580,Beta,Alpha,Delta,Alpha,296,1927,6626,6640,5228,Beta,2023-04-28 07:10:00,7911,,Gamma,,,,,8332,,,5815,,2026-05-06,,,Gamma,,,,,5383,7944,2470,,,2025-11-10,,,,,,,,,,,,,2023-04-23,,,Delta,,,,7137,,,,,,2025-12-24,,,,,,,,,,,,,2023-08-22,9470,,,,,,,,,,4294,,Shared the updated proposal for review.
,,Avery Sato,Quinn Calder,,,SKU-5027,,SKU-6959,SKU-4509,,,TAG-2932,,,aisha.sato@examplecorp.test,Elena Dorsey,,,,,Quinn Sato,,LOT-7206,,,Active Customer,Discussed timeline and next steps with the account.,Pioneer Networks Group,Beacon Labs,Inactive,Delta,Germany,,,,Followed up on the open items from last week.,New Logo,,,,,Logistics,,Gamma,,,,,,,,,Partner,,,Alex Vance,SKU-6041,SKU-6821,TAG-1490,8062,,,,,REF-9907,SKU-1585,,Other,,,,,Priya Sato,,Washington,N,,SKU-4010,,,,,,,784,100001,Company,100595,fatima.garcia@sampleco.test,Alex Reyes,2024-08-06 11:50:00,jordan.garcia@examplecorp.test,Mei Blake,2024-07-22 10:28:00,mei.silva@sampleco.test,Priya Costa,2023-02-12 16:52:00,jordan.blake@acme-fake.test,,2024-04-02 16:40:00,Y,100001,100001,100001,100001,100001,100001,100001,100001,100001,100001,,100001,,100001,100001,,100001,2025-04-03 00:25:00,1768,3559,Alpha,Standard,Alpha,LOT-1231,5706,2911,8472,8054,3353,Alpha,2023-09-15 09:54:00,4577,108,Beta,Standard,Alpha,Alpha,2980,7103,2877,5905,754,Gamma,2025-05-26 20:28:00,,,,,,SKU-4959,9738,,,,7663,,2024-02-25,,,,,,,,,,,,,2023-01-28,,,,,,,,,,,1551,,2022-11-19,,,,,,,,,,,,,2025-06-16,,,,,,,,,,,,,2023-09-10,,,,,,,,,,,,,Resolved the outstanding question about scope.
,,Liam Ford,Fatima Patel,,,SKU-8523,TAG-1859,TAG-4053,,,,,,,mei.patel@demomail.test,,,,,,Arjun Ivanov,,TAG-3693,,,Active Customer,Discussed timeline and next steps with the account.,Cardinal Media LLP,Atlas Manufacturing LLP,Active,Delta,India,,,,Followed up on the open items from last week.,Standard,,,,N,Education,,,,,,,,,,,Webinar,REF-8483,SKU-7222,Marco Kim,SKU-6607,,,,,,,,,LOT-8671,,,,,,,Sofia Mensah,,Illinois,Y,,LOT-8584,,,,,,TAG-2612,,100001,Company,100596,mei.whitfield@demomail.test,Diego Costa,2023-01-22 04:13:00,drew.silva@sampleco.test,Noah Cohen,2026-07-18 09:58:00,arjun.ivanov@acme-fake.test,Jordan Patel,2025-10-17 17:34:00,arjun.ivanov@demomail.test,,2024-08-25 04:53:00,N,100001,100001,100001,100001,100001,100001,100001,100001,100001,,100001,100001,100001,100001,100001,,100001,2023-06-08 07:25:00,3017,7359,Beta,Other,Gamma,REF-1250,4228,5002,5266,3067,2450,Standard,2023-05-17 13:55:00,4357,2063,Delta,Gamma,Delta,Standard,9838,534,7558,6291,4681,Other,2026-02-23 17:01:00,,,,,,,,,,7134,,,2024-05-05,,7699,,,,,,,,,7235,,2023-04-19,,,,,,,,,,,,,2025-08-22,,,,,,REF-8868,,,6726,,,,2025-11-21,,,,,,,,9457,,,,,2025-09-02,8168,,,,,,5796,,,,,,Reviewed performance and gathered feedback.
LOT-9849,,Alex Sato,Reese Haddad,,,,,,,,,TAG-5132,,,skyler.mercer@examplecorp.test,,,,,,,,LOT-4884,,,Referral Partner,Shared the updated proposal for review.,Delta Partners Group,Granite Financial Group,Active,Gamma,Philippines,,,,Followed up on the open items from last week.,Enterprise,,,,N,Education,,,,"92,912",,,,,,,Partner,,,Priya Vance,,REF-5638,,7278,,,Standard,,REF-3919,TAG-4139,,Other,,,,,Marco Haddad,,Texas,Y,SKU-4637,SKU-2947,,,,,,TAG-4632,3168,100001,Company,100599,nina.dorsey@demomail.test,Jordan Sloan,2025-04-21 09:57:00,jordan.dorsey@sampleco.test,Casey Blake,2025-10-28 12:49:00,casey.sloan@acme-fake.test,Arjun Okafor,2024-01-20 12:34:00,riley.brooks@acme-fake.test,,2023-01-14 09:09:00,N,100001,100001,100001,100001,100001,100001,100001,100001,,100001,100001,100001,100001,100001,,,100001,2024-06-19 19:07:00,1958,7855,Beta,Alpha,Other,TAG-7350,3074,6604,2665,7996,5548,Beta,2025-09-12 18:02:00,9860,2410,Beta,Delta,Beta,Gamma,8011,7939,8321,1667,9554,Other,2025-07-22 20:50:00,,,,,,,,,,,,,2025-11-15,,,,,,,,,,,,,2025-03-21,,,,,,,7006,,,,,,2025-12-26,,1486,,,,,,,,1934,,,2026-06-25,,8634,,,,,,,,,,,2025-05-25,,,Beta,,,,,,,,,,Resolved the outstanding question about scope.
,,Marco Larsson,Drew Dorsey,,,,,LOT-1630,,,LOT-7260,,,,taylor.sloan@acme-fake.test,Aisha Dorsey,Omar Ashby,,,,,,,,,Active Customer,Noted a concern to revisit at the next sync.,Granite Partners Co,Everest Energy Inc,Active,,Philippines,,,,Scheduled a check-in for the coming month.,Enterprise,,,,Y,Retail,,,,,,,,,,,Inbound Call,,TAG-6422,Reese Sato,SKU-4887,,,7673,,,,,TAG-3160,REF-2640,,Gamma,,,,,Reese Blake,,Colorado,Y,,REF-8500,,,,,,SKU-8145,8795,100001,Company,100601,sofia.kim@acme-fake.test,Liam Calder,2025-07-16 09:46:00,arjun.mensah@acme-fake.test,Chen Rossi,2026-07-18 05:55:00,omar.ivanov@acme-fake.test,Priya Mercer,2025-08-20 11:42:00,noah.vance@sampleco.test,,2026-01-30 21:49:00,N,100001,100001,,100001,,,100001,100001,,,100001,100001,100001,100001,100001,100001,100001,2026-03-03 18:25:00,8659,5823,Delta,Delta,Other,TAG-8024,9647,7893,5396,1777,3297,Gamma,2023-07-04 09:40:00,3850,3002,Gamma,Beta,Beta,Standard,1800,4131,9055,5731,6239,Gamma,2024-08-01 16:43:00,,,,SKU-2425,,,,4654,3085,,,,2024-03-14,165,,Alpha,,,,,,,,,,2023-11-20,5685,,,,,,7685,,,,,,2024-09-13,,,,,,,,,139,7314,,,2023-10-28,,,,,,,,,,,,,2024-04-26,,,,,,SKU-8272,,,,,,,Shared the updated proposal for review.
,TAG-7589,Morgan Mercer,Diego Ivanov,,,,LOT-5100,LOT-8020,,,REF-3893,,,,riley.rossi@demomail.test,,,,LOT-8344,SKU-7747,,,,,,Active Customer,Reviewed performance and gathered feedback.,Pioneer Capital LLP,Redwood Media Ltd,Inactive,Gamma,Philippines,,,,Reviewed performance and gathered feedback.,New Logo,,,,N,Hospitality,SKU-7017,,,,,,,,,,Inbound Call,TAG-1378,,Omar Ashby,TAG-6089,TAG-1792,,2007,,,Standard,,TAG-3841,TAG-6981,,Beta,,,,,Noah Patel,,Washington,Y,,,,,,,,SKU-1743,3831,100001,Company,100604,nina.whitfield@demomail.test,Omar Calder,2024-10-16 18:31:00,priya.sloan@examplecorp.test,Avery Calder,2022-12-21 04:11:00,omar.costa@examplecorp.test,Diego Mensah,2025-09-15 22:14:00,alex.costa@demomail.test,Chen Larsson,2025-08-06 07:23:00,Y,100001,100001,100001,100001,,100001,100001,100001,100001,,100001,,100001,100001,100001,100001,100001,2024-05-29 17:59:00,6732,5304,Standard,Gamma,Standard,REF-6790,4458,225,615,76,3970,Gamma,2025-11-11 17:15:00,8807,5985,Alpha,Alpha,Gamma,Beta,8577,126,6637,9844,5568,Delta,2025-02-26 09:46:00,,,Gamma,,Other,,,4345,,,,Delta,2024-11-15,,,Alpha,,,,,8460,,,871,Beta,2025-05-03,,,,SKU-6658,,,,,,,,,2026-01-29,,,,,,LOT-6817,,,,,,,2026-03-31,,,,,,,,1536,,518,,,2026-07-12,,6582,,,,,,,,,,,Discussed timeline and next steps with the account.
,,Liam Cohen,Sofia Ford,,,REF-8713,,LOT-7639,SKU-1330,,,,LOT-4978,Alpha,fatima.ford@sampleco.test,,Elena Ivanov,,,TAG-7528,,,TAG-1653,,,Active Customer,Discussed timeline and next steps with the account.,Ironwood Manufacturing Ltd,Redwood Labs LLC,Active,Delta,Germany,,,,Aligned on billing and renewal terms.,Enterprise,,,,N,Manufacturing,,,,,,,,,,,Referral,,SKU-6136,Casey Calder,LOT-6936,TAG-7803,,,,,Gamma,,LOT-8708,REF-8850,,Standard,,,,,Nina Mensah,,Illinois,N,,TAG-3356,,,,,,TAG-9092,,100001,Company,100606,arjun.costa@sampleco.test,Reese Kim,2026-06-25 22:01:00,marco.mercer@sampleco.test,Avery Ashby,2024-08-01 12:10:00,reese.sloan@examplecorp.test,Nina Reyes,2025-09-03 23:21:00,fatima.larsson@examplecorp.test,,2026-05-28 00:53:00,Y,,100001,,100001,100001,,100001,100001,,,100001,100001,100001,100001,100001,100001,100001,2025-10-16 02:10:00,7109,1070,Beta,Delta,Beta,LOT-7132,5515,2585,8421,5240,2937,Other,2026-05-23 14:14:00,7680,5111,Beta,Alpha,Gamma,Other,4054,5160,6305,2069,5149,Gamma,2025-11-04 08:07:00,5752,,,SKU-7710,Beta,,9902,,,,,,2025-02-26,,9387,,,,,,,8234,,,,2023-10-14,,7126,,,,,,,,,,,2023-05-25,,,,,,,,,7127,,,,2023-10-01,,7481,,,,,,,,,,,2022-10-08,,,,,,,,2721,,,,,Discussed timeline and next steps with the account.
,,Drew Nguyen,Elena Sato,,,LOT-9286,LOT-5406,,SKU-6050,,,,REF-8097,Delta,elena.costa@acme-fake.test,,,,,,Taylor Dorsey,"63,551",REF-5196,,,Active Customer,Discussed timeline and next steps with the account.,Vertex Energy Corp,Granite Systems,Active,Delta,India,,,,Noted a concern to revisit at the next sync.,Standard,,,LOT-9515,Y,Professional Services,,,,,,,,,,,Referral,,,Aisha Sloan,TAG-8123,REF-4844,,5615,,,Alpha,,REF-8748,SKU-4666,,Gamma,,,,,Riley Ford,,New York,N,,REF-4143,,,,,,LOT-9062,9241,100001,Company,100608,casey.garcia@demomail.test,Jamie Reyes,2024-10-13 02:37:00,arjun.ford@acme-fake.test,Aisha Okafor,2023-05-13 06:17:00,rahul.calder@examplecorp.test,Nina Sato,2023-03-22 17:51:00,elena.patel@demomail.test,,2024-02-17 22:10:00,Y,100001,100001,,100001,100001,100001,100001,100001,,100001,100001,100001,,100001,100001,100001,100001,2026-06-05 20:44:00,1760,4887,Gamma,Other,Alpha,TAG-6124,4577,4002,291,9048,1134,Delta,2025-01-21 02:57:00,9877,338,Other,Alpha,Beta,Standard,1525,2057,1066,743,8016,Alpha,2025-06-07 01:47:00,,,,,,,,6940,8329,,,,2026-04-17,,4536,Gamma,,,,3439,3178,,,,,2026-01-09,,,Other,,REF-7544,,1714,,,,,,2024-02-22,,1311,,,,,5516,,4918,,,Delta,2022-12-25,,4938,Standard,,,,,,1811,9851,,,2024-10-23,,9583,,,,,,,,1417,,Standard,Discussed timeline and next steps with the account.
,LOT-4201,Jordan Rossi,Sofia Sloan,,,TAG-5293,SKU-5787,TAG-3934,,,,,SKU-5162,,omar.silva@acme-fake.test,Omar Kim,,,,,,,TAG-5978,,,Referral Partner,Noted a concern to revisit at the next sync.,Ironwood Media LLC,Harbor Manufacturing Ltd,Active,Beta,United States,,,LOT-8828,Aligned on billing and renewal terms.,New Logo,,,,N,Professional Services,,,,,,,,,,,Partner,LOT-8508,REF-4362,Omar Whitfield,LOT-2040,REF-1146,REF-4718,2320,,,Delta,,TAG-5923,,,Other,,,,,Casey Brooks,,Arizona,N,,TAG-3144,,,,,,SKU-1824,8535,100001,Company,100611,elena.ashby@acme-fake.test,Casey Brooks,2023-12-16 05:13:00,avery.garcia@examplecorp.test,Casey Costa,2024-03-23 09:51:00,yara.calder@examplecorp.test,Jamie Okafor,2023-01-19 19:55:00,priya.rossi@acme-fake.test,Nina Larsson,2025-04-01 08:56:00,N,100001,100001,,100001,100001,,100001,100001,,100001,,100001,100001,100001,100001,100001,100001,2024-04-30 07:57:00,9817,5676,Delta,Other,Alpha,REF-2144,5252,7989,6526,9608,5296,Standard,2023-08-27 16:19:00,4595,1659,Alpha,Standard,Beta,Standard,2155,7701,1460,344,6948,Delta,2024-04-20 14:38:00,,,,,,,,,9200,,,Beta,2026-06-26,,,,REF-6163,,,,,,,1035,,2023-01-13,,,,,,REF-8781,6862,,,,,Alpha,2026-01-21,,,,LOT-2370,,,,,,,,,2022-10-19,,,,,,,9908,,,,,,2023-11-18,,,,,,,,,,,,Standard,Reviewed performance and gathered feedback.
,,Jamie Patel,Elena Mercer,,,REF-3484,,,,,,TAG-4634,,,elena.okafor@demomail.test,,,,,,,"173,269",REF-2003,,,Prospect,Reviewed performance and gathered feedback.,Cobalt Retail,Atlas Logistics Corp,Active,Delta,Canada,,,,Resolved the outstanding question about scope.,New Logo,,,,N,Agriculture,,,,,,,,,,,Cold Outreach,,,Marco Patel,TAG-9279,SKU-3445,TAG-9458,4073,,,Alpha,,TAG-1371,TAG-8816,,Beta,,,,,Drew Costa,,New York,Y,TAG-7354,LOT-7977,,,,,,SKU-5568,,100001,Company,100613,taylor.ivanov@demomail.test,Noah Ford,2023-12-20 19:25:00,quinn.patel@acme-fake.test,Taylor Silva,2026-03-19 14:20:00,mei.sato@acme-fake.test,Casey Silva,2023-09-15 03:50:00,alex.rossi@sampleco.test,,2024-05-23 11:29:00,N,100001,100001,100001,100001,100001,,100001,100001,100001,100001,100001,100001,100001,100001,100001,100001,100001,2025-12-07 10:27:00,9349,2815,Other,Beta,Standard,REF-7263,3867,7898,2067,5039,7908,Beta,2023-10-16 15:36:00,9251,8403,Delta,Delta,Beta,Other,5962,3999,4339,9540,1714,Gamma,2024-08-11 21:20:00,,7107,,SKU-6654,Delta,REF-2199,2368,,,,,,2022-10-24,3007,,,,,LOT-2838,,,,,,,2025-12-02,,,,,,,,,5869,,,,2024-12-30,,2547,,,,LOT-4792,5408,,,,,,2026-04-28,7843,,Standard,,,TAG-1493,,,959,,1271,,2023-03-31,1805,,,,,,8596,,,6598,,,Resolved the outstanding question about scope.
,,Chen Brooks,Casey Ford,,,SKU-4220,REF-9578,,REF-3348,,,,,Other,drew.calder@examplecorp.test,,,,LOT-5506,,,,LOT-2150,,,Active Customer,Resolved the outstanding question about scope.,Cobalt Analytics LLC,Evergreen Systems LLP,Inactive,Gamma,Canada,,,,Followed up on the open items from last week.,Renewal,,,,N,Technology,,,,,,,,,,,Website,,SKU-9294,Riley Costa,REF-2513,TAG-1060,REF-7116,,,,Delta,,SKU-2859,SKU-1857,,Delta,,,Alpha,,Jordan Mercer,,Illinois,N,,LOT-4340,,,,,,REF-1563,,100001,Company,100616,avery.rossi@sampleco.test,Morgan Nguyen,2026-03-03 07:00:00,priya.ashby@demomail.test,Jamie Mensah,2024-02-22 21:39:00,morgan.whitfield@acme-fake.test,Chen Rossi,2026-04-18 22:52:00,chen.blake@sampleco.test,,2024-09-05 16:31:00,N,,100001,100001,100001,100001,,100001,100001,,100001,,100001,,100001,100001,,100001,2023-05-31 12:44:00,2248,9611,Standard,Gamma,Other,TAG-7183,8745,1033,7122,9820,8711,Beta,2022-10-08 05:18:00,6768,6300,Standard,Delta,Beta,Delta,6166,3635,1648,5134,4594,Standard,2025-07-26 00:49:00,9525,,,,,,,400,6038,,,,2025-04-29,,,,LOT-4762,,,,3411,,1648,,,2024-02-23,,1255,,,,,,,,,,,2025-06-27,,,,,,,,,,2520,,,2025-05-26,,9082,Delta,,,,9082,,,,,,2026-06-13,,9475,,SKU-6239,,,,,,6941,,,Scheduled a check-in for the coming month.
,,Rahul Vance,Casey Costa,,,LOT-8507,REF-1511,,,,,LOT-4742,,,casey.brooks@sampleco.test,,Jordan Whitfield,,LOT-5368,,,,,,,Active Customer,Aligned on billing and renewal terms.,Keystone Industries Group,Delta Logistics Inc,Active,Delta,India,,,,Reviewed performance and gathered feedback.,New Logo,,,,Y,Hospitality,,,,"170,765",,,,,,,Event,,LOT-2420,Alex Sloan,SKU-1263,SKU-2905,,3783,,Y,Delta,,TAG-5051,REF-7942,,,,,,,Taylor Brooks,,Texas,Y,,REF-9813,,,,REF-7541,,SKU-6682,8386,100001,Company,100619,taylor.blake@sampleco.test,Mei Larsson,2023-01-30 03:09:00,drew.brooks@sampleco.test,Riley Blake,2023-09-25 04:34:00,elena.ivanov@examplecorp.test,Omar Blake,2024-09-09 01:11:00,jordan.cohen@examplecorp.test,,2025-03-17 20:53:00,Y,100001,100001,100001,100001,,100001,100001,100001,,,100001,100001,,100001,100001,100001,100001,2024-03-26 02:23:00,2638,9130,Alpha,Delta,Alpha,LOT-5407,2550,9718,9664,9449,2249,Standard,2024-06-27 03:11:00,2115,1103,Other,Beta,Standard,Standard,9397,4676,1504,9196,5877,Gamma,2026-07-02 12:33:00,,,Alpha,REF-7597,,,,,6662,,,,2025-11-27,3271,1729,,LOT-3442,,,,,,,,,2023-08-15,,,Gamma,,,,,,,,,,2025-04-27,,,,,,,,,,,,,2025-02-23,,,,,Gamma,,,,,,,,2024-09-08,,7811,,,SKU-2275,,,,,,,,Aligned on billing and renewal terms.
,,Liam Patel,Jamie Whitfield,,,LOT-4663,LOT-2795,LOT-7987,LOT-3580,,,,,,skyler.cohen@examplecorp.test,,Marco Sloan,,,,Arjun Costa,,LOT-4822,,,Active Customer,Discussed timeline and next steps with the account.,Northwind Energy,Blue Ridge Networks LLP,Active,Gamma,Philippines,,,,Reviewed performance and gathered feedback.,SMB,,REF-6437,,Y,Media,,,,,,,,Alpha,,,LinkedIn,,,Liam Nguyen,REF-6739,SKU-5579,,,,,Beta,,REF-5083,REF-6576,,Beta,,,,,Marco Rossi,,Illinois,N,,SKU-7174,,,,,,TAG-2231,6665,100001,Company,100622,morgan.brooks@sampleco.test,Marco Patel,2025-10-17 13:04:00,priya.costa@examplecorp.test,Omar Dorsey,2024-09-08 13:14:00,priya.okafor@demomail.test,Elena Brooks,2023-09-15 09:46:00,morgan.brooks@acme-fake.test,,2024-09-16 10:03:00,N,100001,100001,100001,100001,100001,100001,100001,100001,,,,100001,100001,100001,100001,,100001,2023-11-18 02:02:00,5635,5006,Standard,Delta,Gamma,REF-9865,9768,3024,2699,4110,6247,Delta,2025-11-10 00:21:00,9287,8692,Delta,Beta,Beta,Gamma,9607,7531,7569,455,4332,Other,2022-10-11 19:23:00,,,,REF-9910,,,,5583,,9449,,,2022-11-15,,,,,,TAG-3614,,,,,,,2023-07-25,,,,,,,,,,,,,2025-07-01,2669,,,,,,,653,,7900,,,2025-11-04,,,,,,,,,2599,,,,2025-08-24,,,,,,TAG-3068,7975,,,,,,Noted a concern to revisit at the next sync.
,,Quinn Mensah,Mei Ivanov,,,TAG-1772,,,REF-1847,,,,,,arjun.mensah@demomail.test,,,,,,,,TAG-8130,,,Active Customer,Discussed timeline and next steps with the account.,Ironwood Analytics Inc,Redwood Industries Co,Inactive,Alpha,United States,,,,Reviewed performance and gathered feedback.,SMB,,,,Y,Real Estate,,,,,,,,,,,Event,SKU-9220,LOT-4523,Aisha Mensah,SKU-6840,,,,,,Gamma,,,,,Other,,,,,Reese Blake,,Illinois,N,,REF-6118,,,,,,TAG-5833,6397,100001,Company,100624,rowan.mensah@acme-fake.test,Liam Okafor,2024-10-07 20:39:00,taylor.cohen@demomail.test,Mei Brooks,2023-05-07 14:38:00,aisha.reyes@acme-fake.test,Aisha Ivanov,2022-10-01 01:37:00,rowan.sato@sampleco.test,Skyler Mensah,2023-10-01 21:48:00,Y,100001,100001,,100001,,100001,100001,100001,100001,,,100001,,100001,100001,,100001,2024-03-31 09:25:00,2177,6413,Gamma,Beta,Alpha,SKU-4510,410,7599,4805,3508,3702,Standard,2024-01-23 01:33:00,3192,7230,Beta,Other,Other,Beta,7382,2910,2019,887,4787,Beta,2025-03-03 05:26:00,,,,,,,,,3269,,5231,,2023-01-05,,,,,,SKU-3669,,,,,,,2025-08-15,4157,,,SKU-4792,,,,,,,,,2024-06-08,,,,LOT-5386,,,,,4985,,1070,,2023-11-11,,,,,,LOT-6823,,,,,,,2025-03-26,,,,,,,,,,,,,Followed up on the open items from last week.
,,Liam Vance,Fatima Sato,,,SKU-1913,LOT-3233,TAG-1674,,,SKU-9129,,LOT-7628,,omar.garcia@demomail.test,,,,TAG-3888,,,,REF-4721,"78,763",,Active Customer,Reviewed performance and gathered feedback.,Summit Holdings Inc,Northwind Group Co,Active,Delta,United States,,,,Followed up on the open items from last week.,Enterprise,,,TAG-8567,Y,Logistics,,,,"56,434",,,,,,,LinkedIn,REF-8015,,Sofia Whitfield,LOT-1318,,REF-8033,8055,,,Standard,,REF-5445,SKU-6125,,Other,,"91,459",,Beta,Elena Mercer,,Georgia,Y,,LOT-9354,,,,SKU-4157,,,6442,100001,Company,100627,reese.garcia@demomail.test,Priya Rossi,2023-08-28 10:14:00,avery.mercer@sampleco.test,Yara Dorsey,2025-07-24 10:28:00,skyler.vance@examplecorp.test,Drew Haddad,2025-10-11 04:51:00,nina.sato@sampleco.test,,2025-12-11 03:31:00,N,100001,100001,100001,100001,,100001,100001,100001,100001,100001,,100001,100001,100001,100001,,100001,2024-03-16 11:23:00,6422,7103,Standard,Delta,Standard,REF-7872,9007,1566,7397,4556,7310,Gamma,2024-09-13 16:09:00,4626,5682,Beta,Gamma,Beta,Alpha,7861,1000,2045,6196,4921,Gamma,2024-07-13 19:10:00,,,,LOT-6303,Gamma,,,5812,,9157,,,2025-12-14,5066,7562,,,,,,,,,1739,Standard,2025-07-26,,,,,,,,,4903,,,,2024-07-21,,,,,,,,,,,,,2025-07-06,,,,,,SKU-3351,,,,,,,2025-05-10,4658,,,,,REF-4822,,,,,,Other,Noted a concern to revisit at the next sync.
,,Aisha Patel,Taylor Sloan,,,SKU-7145,SKU-3877,REF-7607,REF-7148,,,,,,nina.calder@examplecorp.test,,,,,,,,,,,Prospect,Aligned on billing and renewal terms.,Beacon Partners,Blue Ridge Logistics LLC,Active,Delta,Mexico,,,,Discussed timeline and next steps with the account.,Renewal,,REF-2422,,N,Retail,REF-8190,,,,,,,,,,Webinar,TAG-5617,LOT-5984,Riley Rossi,REF-8217,LOT-1843,,,,,Beta,,REF-5292,SKU-2911,,Standard,,,,,Reese Mensah,,Arizona,N,,REF-4300,,,,,,REF-8052,3929,100001,Company,100629,rowan.vance@acme-fake.test,Alex Reyes,2024-06-14 23:35:00,skyler.sato@sampleco.test,Noah Blake,2026-03-08 06:11:00,marco.vance@examplecorp.test,Alex Costa,2024-03-28 22:26:00,avery.mercer@examplecorp.test,,2024-01-12 18:09:00,N,100001,100001,,100001,100001,,100001,100001,100001,100001,,100001,100001,100001,100001,,100001,2022-10-12 22:45:00,8476,6626,Alpha,Other,Other,LOT-5978,5678,9098,8666,3684,4806,Other,2023-12-22 10:40:00,9061,5779,Other,Delta,Beta,Gamma,5059,5676,1996,1539,5044,Alpha,2026-07-31 20:50:00,,,,,,,,,,,1617,Standard,2024-04-20,2878,,,LOT-1180,,,6130,1591,,,9233,,2025-09-04,,,,REF-9199,TAG-8394,,,,,,,,2024-07-12,,,,,,,,,,,,,2025-05-02,,,,,,,,,,,9814,,2023-05-03,,,,,,,,,,,7524,,Noted a concern to revisit at the next sync.
,SKU-3313,Rowan Sato,Drew Calder,,,SKU-3859,REF-5733,SKU-8956,,,TAG-6192,SKU-1775,,,elena.cohen@acme-fake.test,,,,,,Quinn Blake,,LOT-2493,,,Active Customer,Aligned on billing and renewal terms.,Lakeside Media Corp,Horizon Media LLC,Active,Delta,Germany,,,,Resolved the outstanding question about scope.,Enterprise,,,,Y,Telecommunications,,,,,,,,,,,Website,LOT-2916,SKU-2981,Alex Silva,LOT-6726,REF-2331,SKU-1023,6321,,,Beta,,LOT-4179,TAG-8542,,Standard,,"218,629",,,Drew Brooks,,Georgia,N,,SKU-8576,,,,,,REF-4422,6099,100001,Company,100632,elena.kim@examplecorp.test,Drew Ivanov,2023-11-04 11:53:00,casey.ivanov@acme-fake.test,Drew Okafor,2025-05-15 22:08:00,omar.nguyen@acme-fake.test,Chen Okafor,2025-11-03 07:08:00,arjun.patel@acme-fake.test,,2026-01-11 01:10:00,Y,,100001,100001,100001,100001,,100001,100001,,100001,,100001,100001,100001,100001,100001,100001,2024-02-06 20:50:00,349,9386,Standard,Beta,Standard,REF-1092,6316,1794,5802,1829,7982,Standard,2023-03-17 17:02:00,5126,8306,Other,Standard,Delta,Other,3349,1089,8977,4916,5607,Standard,2023-06-08 23:49:00,,,Gamma,REF-5045,,,,,2661,463,,Other,2022-12-01,,,,,,,,,249,4659,,,2026-05-12,,,,,,,7726,,,,,,2025-06-28,,,,,,TAG-5344,8533,,,583,,,2024-02-22,,,,,,,,,,,8216,,2025-10-16,,,,,,,,,,,,,Followed up on the open items from last week.
TAG-9993,,Morgan Ivanov,Drew Silva,,,LOT-7390,TAG-5600,SKU-7052,SKU-6252,,,,,Gamma,elena.reyes@examplecorp.test,Liam Reyes,Arjun Whitfield,,,,,"100,460",TAG-9444,,,Active Customer,Resolved the outstanding question about scope.,Falcon Group,Summit Logistics,Active,Other,Germany,,,,Discussed timeline and next steps with the account.,Renewal,,,,Y,Telecommunications,,Gamma,,,,,,,,,Event,REF-6702,,Casey Brooks,SKU-8244,SKU-2614,LOT-9373,631,,N,Other,,,REF-1514,,,,"76,854",,,Chen Patel,,Washington,N,LOT-8841,TAG-1469,,,,,,LOT-6808,5517,100001,Company,100634,mei.mensah@sampleco.test,Aisha Ivanov,2025-09-04 09:59:00,quinn.nguyen@examplecorp.test,Elena Larsson,2024-12-04 05:02:00,reese.mensah@demomail.test,Emerson Larsson,2023-08-24 12:49:00,avery.sloan@sampleco.test,,2022-10-09 11:42:00,N,100001,100001,100001,100001,100001,,100001,100001,100001,,100001,100001,100001,100001,100001,100001,100001,2026-06-03 21:15:00,3274,7919,Alpha,Standard,Gamma,REF-9524,7279,631,4156,9213,3791,Delta,2023-08-31 07:55:00,1720,2057,Delta,Other,Delta,Gamma,2816,523,23,1018,3915,Beta,2026-03-19 09:16:00,,,,LOT-8924,,,,,4935,8172,9292,,2025-04-16,,,,,,,,,,,7563,,2026-07-19,7416,,,,TAG-8884,,,,,,,,2022-11-25,,,,,,,,,,,,,2022-10-28,,,,,Alpha,,,,,220,,,2024-08-13,,,,,,,,,,,,,Reviewed performance and gathered feedback.
SKU-6506,,Alex Mercer,Emerson Larsson,,,REF-6347,TAG-2378,,LOT-4908,SKU-6813,,SKU-9324,REF-6955,,diego.haddad@acme-fake.test,,,,,,,"148,282",LOT-9213,,,Past Customer,Followed up on the open items from last week.,Cobalt Analytics,,Active,Alpha,Germany,,,,,Standard,,,TAG-3078,N,Real Estate,,,,,,,,,,,Partner,REF-9731,,Chen Mensah,REF-5898,,REF-9566,9121,,,Other,,LOT-3847,LOT-6286,,Standard,Alpha,,,,Mei Dorsey,,Washington,N,,SKU-3975,,,,,,REF-7575,2655,100001,Company,100635,rahul.ashby@sampleco.test,Skyler Sloan,2023-11-29 15:39:00,reese.vance@demomail.test,Skyler Vance,2023-09-21 16:38:00,taylor.ashby@sampleco.test,Emerson Calder,2025-03-31 18:49:00,rahul.okafor@examplecorp.test,Emerson Sato,2022-10-24 04:29:00,N,100001,100001,100001,100001,100001,100001,100001,100001,100001,,,100001,100001,100001,100001,,100001,2024-06-23 07:11:00,2434,182,Alpha,Alpha,Beta,LOT-1672,2015,410,2428,6876,3715,Standard,2024-03-18 06:47:00,2316,7392,Gamma,Delta,Other,Beta,3660,7529,940,8973,9172,Standard,2023-05-02 19:17:00,,,,,,,,6649,,,,Gamma,2026-01-07,450,,,,,,,,,3680,,,2023-02-01,,4833,,,,,,,,,,,2026-03-23,,,Gamma,,,,,,6650,1752,8347,,2023-11-01,,,,LOT-7211,,,,,,,,Standard,2026-01-13,,,,,,,3279,,7870,,,,Noted a concern to revisit at the next sync.
,,,Reese Blake,,,,SKU-7132,,,,,,,,emerson.nguyen@demomail.test,,,,,REF-6638,,,TAG-6956,,,Active Customer,Noted a concern to revisit at the next sync.,Pioneer Health LLC,Brightpath Networks Co,Active,Other,Philippines,,,,Discussed timeline and next steps with the account.,SMB,,,,Y,Agriculture,,,,,,,Y,,,,Inbound Call,LOT-8298,,Emerson Ford,REF-8399,TAG-7149,,,,,Delta,,SKU-8599,LOT-3667,,Gamma,,,,,Skyler Ford,,Illinois,N,,,,,,,,TAG-4444,650,100001,Company,100638,elena.okafor@demomail.test,Riley Ashby,2023-08-23 15:25:00,avery.nguyen@demomail.test,Riley Patel,2024-01-08 06:49:00,reese.nguyen@acme-fake.test,Reese Dorsey,2024-09-30 20:13:00,casey.ashby@sampleco.test,,2026-06-15 21:47:00,N,100001,100001,100001,100001,100001,,100001,100001,,,,100001,100001,100001,100001,100001,100001,2026-05-15 08:03:00,7214,9634,Standard,Delta,Standard,LOT-8695,9798,9773,2280,7988,5080,Gamma,2024-09-08 14:16:00,4155,7817,Alpha,Delta,Alpha,Alpha,4492,4925,5247,6873,3716,Other,2026-02-13 17:04:00,6567,,,TAG-4965,,LOT-4483,,,146,,,,2026-03-31,,7027,,,,,,,8759,,,,2026-07-24,,1090,Delta,,,,7132,,,,,,2025-07-20,1867,,,,,,,,7393,,,,2026-01-11,,3749,,,Delta,,4532,,,,,,2023-08-16,4278,,,,,SKU-1978,,,,,,,Noted a concern to revisit at the next sync.
LOT-9251,,Sofia Dorsey,Fatima Rossi,,,REF-3657,TAG-6532,,REF-8865,,,SKU-9575,,,avery.patel@demomail.test,,Mei Haddad,,TAG-2096,REF-7155,,,,"6,283",Standard,Prospect,Resolved the outstanding question about scope.,Atlas Dynamics LLC,Vertex Partners Ltd,Active,Beta,United States,,,,Scheduled a check-in for the coming month.,Enterprise,,LOT-8431,,Y,Retail,,,,,,,,,,,Cold Outreach,,,Morgan Sato,REF-4970,,TAG-5500,5225,,,Standard,,SKU-2731,REF-5164,,Delta,Gamma,,,,Morgan Ford,,Arizona,Y,TAG-9383,LOT-5789,,,,,LOT-9258,,4647,100001,Company,100639,sofia.patel@sampleco.test,Rowan Mercer,2024-03-08 10:48:00,casey.kim@acme-fake.test,Quinn Blake,2024-12-25 16:05:00,fatima.garcia@acme-fake.test,Riley Reyes,2024-01-24 00:42:00,riley.haddad@sampleco.test,,2025-11-14 07:36:00,Y,100001,100001,100001,100001,,100001,100001,100001,100001,100001,100001,100001,100001,100001,100001,,100001,2024-05-09 10:28:00,4376,7327,Standard,Beta,Alpha,LOT-4976,8467,5881,4142,5490,1111,Standard,2025-04-05 21:35:00,7135,7761,Other,Beta,Other,Standard,4555,8067,3110,2777,2011,Beta,2024-02-28 03:59:00,4483,,Gamma,,,,,,,,,,2026-02-24,,,,TAG-5609,,,,7591,,,,Beta,2025-03-13,,,,,,,,,,,,,2024-04-11,,,,,,,,,,3882,,,2026-02-26,,,,SKU-7646,,LOT-9019,,,,,,,2024-12-01,,,,TAG-7515,,,,,,,,,Aligned on billing and renewal terms.
,,Rahul Reyes,Skyler Costa,,,REF-7174,,,,,,,,,priya.kim@sampleco.test,Casey Ivanov,,,,,,,LOT-4213,,,Active Customer,Scheduled a check-in for the coming month.,Meridian Textiles LLC,Brightpath Group Co,Inactive,Beta,India,,,,Resolved the outstanding question about scope.,SMB,,,,N,Logistics,,,,,,,,,,,Cold Outreach,SKU-8151,LOT-1155,Chen Mensah,LOT-2960,SKU-6303,,,,,Standard,,REF-4951,,,Alpha,,,,,Yara Brooks,,Colorado,Y,,LOT-3511,,,,,,LOT-6550,329,100001,Company,100640,casey.blake@acme-fake.test,Emerson Silva,2026-03-03 18:06:00,marco.blake@demomail.test,Reese Ashby,2022-12-01 10:33:00,fatima.larsson@sampleco.test,Riley Sloan,2025-01-16 06:41:00,chen.larsson@sampleco.test,,2023-09-23 20:13:00,N,100001,100001,100001,100001,100001,100001,100001,100001,100001,100001,,100001,100001,100001,100001,100001,100001,2024-09-12 17:28:00,7547,1442,Delta,Standard,Other,TAG-9649,5914,6045,7034,1929,9652,Gamma,2025-09-11 17:51:00,7799,7649,Delta,Alpha,Alpha,Delta,4944,4074,9382,9501,3150,Delta,2026-04-17 19:47:00,1841,,,,Other,,,,,,,,2022-12-21,,5545,Beta,REF-4016,,,,9551,4629,,,,2023-12-22,,,,,,,,,,,,,2025-09-25,462,950,,,,,7258,,4343,,,,2022-10-29,,,,,,,,,,,,,2023-04-10,,,,,,,,,,,,,Followed up on the open items from last week.
TAG-3780,REF-4857,Marco Sloan,Rahul Okafor,,,TAG-1140,SKU-6693,,,,,,,,nina.silva@sampleco.test,,,,,REF-4250,,,SKU-7689,,,Past Customer,Noted a concern to revisit at the next sync.,Blue Ridge Networks Group,Horizon Group Inc,Active,Alpha,Philippines,,,,Reviewed performance and gathered feedback.,New Logo,,,,N,Hospitality,,,,,,,N,,,,Referral,LOT-6180,SKU-9272,Riley Whitfield,SKU-8568,SKU-9943,,,,,Delta,,SKU-2209,LOT-3211,,Delta,,,,,Sofia Haddad,,Washington,Y,,REF-5799,,,,,,SKU-3651,7876,100001,Company,100643,morgan.calder@sampleco.test,Sofia Reyes,2025-07-07 06:24:00,skyler.haddad@examplecorp.test,Emerson Brooks,2025-03-14 13:25:00,rowan.ford@examplecorp.test,Yara Sloan,2024-12-14 19:40:00,avery.whitfield@sampleco.test,Emerson Mercer,2023-11-15 10:17:00,Y,100001,100001,100001,100001,100001,100001,100001,100001,100001,100001,,100001,,100001,100001,,100001,2023-03-29 22:09:00,8738,2015,Gamma,Standard,Alpha,SKU-7335,1623,7341,8516,5135,2469,Alpha,2024-06-23 11:41:00,4606,9895,Other,Delta,Standard,Beta,8810,4120,4744,6658,6509,Alpha,2026-03-19 13:25:00,,,Beta,,,,,9281,,,8294,Beta,2023-10-06,,,Beta,,Delta,LOT-3737,,,4494,,,,2023-05-06,,2484,,,,,,,,,,,2024-12-22,,,,,Other,,986,,,,,Delta,2024-08-02,342,,Delta,SKU-4410,,,,,,,,,2025-11-01,,,,,,LOT-6998,,,,5843,,,Resolved the outstanding question about scope.
LOT-1295,LOT-9169,Yara Calder,Emerson Garcia,,,,TAG-1768,TAG-8625,,,,,,,reese.mercer@sampleco.test,,,,,,,"133,221",LOT-9533,,,Prospect,Followed up on the open items from last week.,Northwind Retail Group,Summit Financial LLP,Active,Beta,Australia,Other,,,Noted a concern to revisit at the next sync.,Renewal,,,,N,Media,,,,,,,,,,,Inbound Call,TAG-1685,TAG-7114,Elena Haddad,TAG-7541,REF-7840,,750,,,Beta,,REF-2121,,,,,,,,Fatima Reyes,,Arizona,Y,,TAG-8369,,,,,LOT-1718,TAG-5163,1421,100001,Company,100645,riley.silva@sampleco.test,Diego Silva,2023-12-09 01:05:00,liam.reyes@sampleco.test,Avery Whitfield,2025-09-27 05:21:00,emerson.silva@sampleco.test,Casey Kim,2025-06-15 16:18:00,rahul.rossi@acme-fake.test,Aisha Whitfield,2024-12-12 20:45:00,Y,,100001,100001,100001,100001,,100001,100001,100001,,100001,100001,100001,100001,100001,100001,100001,2022-12-06 22:27:00,9669,7966,Standard,Alpha,Alpha,TAG-8363,4047,6065,8814,32,9584,Beta,2026-05-18 18:50:00,1148,6881,Gamma,Delta,Standard,Alpha,8703,7530,1486,8221,6645,Other,2023-01-21 20:50:00,,,,,,,,,,5033,,,2024-11-30,,,,,Beta,,3209,2027,,,,,2026-07-03,,,,,,,,,5412,,,,2026-02-08,,,,,,,,,,,,,2025-11-22,,,,,,,,,,8650,,,2024-04-07,,,,SKU-3701,,REF-7706,,5824,,,,Standard,Reviewed performance and gathered feedback.
,,Liam Brooks,Omar Ashby,,,SKU-1219,,,LOT-9982,,,,,,rahul.nguyen@examplecorp.test,,,,,,,,SKU-6427,,,Active Customer,Resolved the outstanding question about scope.,Cobalt Logistics Co,Falcon Retail LLC,Active,Alpha,Germany,,,REF-3635,Aligned on billing and renewal terms.,Renewal,,,,N,Professional Services,,,,,,,,,,,Referral,TAG-9807,LOT-8795,Reese Costa,LOT-5130,,SKU-9652,6312,,,,,LOT-9199,LOT-5391,,,,,,,Avery Blake,,Illinois,Y,,SKU-7877,,,,,,REF-2378,2970,100001,Company,100647,skyler.brooks@demomail.test,Chen Ford,2025-04-15 08:08:00,arjun.calder@demomail.test,Mei Cohen,2023-04-02 17:51:00,alex.nguyen@acme-fake.test,Chen Costa,2023-08-22 03:18:00,priya.reyes@sampleco.test,Casey Rossi,2024-01-08 01:54:00,N,100001,100001,100001,100001,100001,,100001,100001,,,100001,100001,100001,100001,100001,100001,100001,2025-03-20 18:50:00,4173,3491,Gamma,Gamma,Standard,LOT-4294,7027,2256,9848,3508,7007,Delta,2026-02-18 21:07:00,2720,6823,Beta,Beta,Other,Beta,4111,9550,2418,9121,4467,Gamma,2026-02-21 05:59:00,,,Delta,TAG-7192,,REF-2817,6823,1214,4034,7985,,,2023-09-07,,,,,,,,,,,,,2023-02-12,,4048,,,,,6156,1834,,,,,2023-04-13,6802,,Standard,SKU-3879,,,7342,,,,,,2026-05-22,,,,LOT-6616,Delta,,7616,6013,3459,,,,2025-06-21,,,,,,,,8162,,,,,Followed up on the open items from last week.
,,Elena Brooks,Sofia Ivanov,,,TAG-5370,SKU-2528,,REF-6115,,,,,,riley.ashby@acme-fake.test,,,,,TAG-6523,,"134,225",REF-2351,"176,351",,Active Customer,Reviewed performance and gathered feedback.,Cobalt Partners Co,Vertex Financial Co,Active,Beta,Mexico,,,,Aligned on billing and renewal terms.,Enterprise,,,,N,Retail,,Gamma,,,,,,,,,Website,SKU-6199,,Alex Larsson,SKU-8551,LOT-9951,,,,,Delta,,TAG-8522,SKU-7648,,,,,,,Riley Sato,,Illinois,N,,SKU-3166,,,,,,TAG-1340,2952,100001,Company,100648,priya.mercer@acme-fake.test,Drew Reyes,2026-01-20 21:32:00,taylor.ivanov@demomail.test,Quinn Garcia,2024-03-11 09:54:00,chen.patel@sampleco.test,Aisha Mensah,2024-04-29 22:09:00,reese.dorsey@examplecorp.test,,2023-05-19 17:22:00,N,,100001,100001,100001,100001,100001,100001,100001,100001,,100001,100001,,100001,100001,100001,100001,2023-09-29 15:43:00,8725,6680,Beta,Alpha,Other,LOT-6333,9008,6673,471,3936,7171,Standard,2025-12-03 13:52:00,2434,8220,Standard,Beta,Gamma,Delta,978,6668,9310,9586,230,Beta,2025-12-24 04:02:00,,,,LOT-5137,,,8945,1128,712,,,,2022-10-24,979,,,,,,,1452,,,,Standard,2023-01-20,,,,,,,,,,,,,2025-10-22,,,,,,,,7278,,,,,2025-01-15,,,,,,,,,1037,,,,2024-11-21,,,,,,,,,,,,,Shared the updated proposal for review.
SKU-9763,,Noah Silva,Casey Reyes,,,,LOT-2802,,,,,,,Delta,riley.vance@sampleco.test,Rowan Reyes,,,,TAG-1274,,,REF-6147,,,Active Customer,Scheduled a check-in for the coming month.,Delta Solutions Group,Keystone Robotics Corp,Active,Standard,Australia,,,,Aligned on billing and renewal terms.,SMB,,,,Y,Manufacturing,,,,,,,,,,,Cold Outreach,LOT-8121,TAG-8618,Noah Haddad,,SKU-5109,,8879,,,Standard,,REF-1782,,,Gamma,,,,,Morgan Silva,,Florida,Y,,SKU-8317,,,,,,SKU-7746,4743,100001,Company,100650,jordan.nguyen@sampleco.test,Chen Larsson,2024-09-08 01:33:00,casey.okafor@demomail.test,Sofia Sato,2023-10-02 01:40:00,yara.cohen@acme-fake.test,Jordan Sloan,2025-10-13 21:28:00,diego.ashby@examplecorp.test,,2023-04-19 13:30:00,N,100001,100001,100001,100001,100001,,100001,100001,100001,,,100001,100001,100001,100001,,100001,2024-01-30 07:21:00,4238,9742,Alpha,Alpha,Gamma,TAG-4791,1931,3885,5906,6549,1155,Gamma,2024-07-25 15:19:00,3963,6942,Delta,Delta,Beta,Gamma,1983,4188,2844,6142,3291,Beta,2025-10-02 09:02:00,,6022,,,,,5812,3082,1857,8792,4360,,2022-10-30,,,,,,,,,,,5226,,2023-02-01,,,,,,,,,,,,,2025-10-21,,,,,,,,,,,,,2025-01-11,6796,5233,,,,TAG-9575,,9891,,202,,,2024-05-01,61,,,,,,,,,,,,Resolved the outstanding question about scope.
,REF-1391,Liam Vance,Omar Sato,,,SKU-1998,REF-3998,LOT-1235,,TAG-4720,LOT-9177,,SKU-4705,,rowan.sloan@demomail.test,,Fatima Sloan,,,,,,SKU-9850,,,Past Customer,Scheduled a check-in for the coming month.,Pioneer Logistics Ltd,Summit Solutions Corp,Active,Standard,Philippines,,,,Resolved the outstanding question about scope.,SMB,,,,N,Real Estate,,,,,,,,,,,LinkedIn,TAG-3601,TAG-6925,Diego Whitfield,REF-6491,TAG-7336,LOT-6343,8415,,,Standard,,SKU-7993,REF-8938,,Alpha,,,,,Omar Sloan,,Georgia,Y,,LOT-6335,,,,,LOT-8827,TAG-4725,,100001,Company,100651,drew.vance@acme-fake.test,Mei Whitfield,2025-05-08 10:09:00,drew.rossi@demomail.test,Nina Ivanov,2025-11-17 13:44:00,marco.ivanov@demomail.test,Taylor Mensah,2023-11-13 00:34:00,elena.reyes@demomail.test,Priya Garcia,2025-12-26 02:35:00,N,100001,100001,100001,100001,100001,100001,100001,100001,100001,100001,100001,100001,100001,100001,,,100001,2024-03-19 03:53:00,6250,7193,Delta,Gamma,Beta,SKU-3135,1169,2677,2843,1426,1319,Beta,2022-12-03 06:50:00,2704,7922,Beta,Beta,Gamma,Delta,7682,5472,7574,7402,6471,Gamma,2023-09-13 09:49:00,8749,,,,,,,,,,,Other,2025-07-30,,,,,,,1456,,5776,,,,2022-12-22,,,,REF-9817,,,,640,,,,,2025-10-29,,,,,,,,417,,,,,2023-07-15,2080,,,,,,,,,,,,2026-03-02,,,,,,,,,,,,,Scheduled a check-in for the coming month.
,,Morgan Cohen,Chen Ford,,,LOT-5451,,,,,,,,,fatima.costa@sampleco.test,,Diego Brooks,,,,,,TAG-1082,,,Active Customer,Scheduled a check-in for the coming month.,Cardinal Robotics Corp,Horizon Financial Corp,Active,,Philippines,,,,Reviewed performance and gathered feedback.,New Logo,,,,Y,Education,SKU-8976,,,,,,,,,,Cold Outreach,SKU-8381,,Quinn Ford,SKU-1552,SKU-2661,SKU-2497,,,,Delta,,SKU-8914,REF-5503,,Standard,,,,,Jordan Okafor,Aligned on billing and renewal terms.,Illinois,N,,TAG-8353,,,,,,REF-5102,3162,100001,Company,100652,fatima.brooks@examplecorp.test,Aisha Silva,2024-01-01 11:03:00,elena.mensah@sampleco.test,Elena Kim,2024-12-25 08:13:00,marco.larsson@examplecorp.test,Yara Mensah,2023-11-04 03:15:00,fatima.ford@examplecorp.test,,2024-06-05 16:48:00,Y,100001,100001,100001,100001,100001,,100001,100001,,100001,100001,,100001,100001,100001,,100001,2025-08-13 06:15:00,5043,3553,Other,Alpha,Delta,SKU-5391,4303,9361,3832,9834,282,Standard,2024-03-26 02:47:00,6849,1716,Standard,Alpha,Standard,Delta,1608,7355,4056,1825,8680,Other,2023-11-20 07:31:00,,,,TAG-8465,,,,6353,29,,,,2025-12-01,,5361,,,,,,,,,,,2024-09-07,,,,,,,,,,,,,2023-12-31,9629,,,,,,,,,2552,,,2022-12-20,,,Delta,,,,,,,,,,2025-01-03,,,,,,REF-3061,,,,,,,Reviewed performance and gathered feedback.
,TAG-9933,Elena Kim,Casey Garcia,,,LOT-9727,,SKU-5911,SKU-8198,LOT-5526,,,,,avery.mensah@sampleco.test,,,,,,,,SKU-9592,,,Referral Partner,Followed up on the open items from last week.,Pioneer Partners LLP,Blue Ridge Capital LLC,Active,Alpha,United States,,REF-6189,,Discussed timeline and next steps with the account.,SMB,,,,N,Technology,TAG-4443,,,"61,902",,,,,,,Event,SKU-7087,,Sofia Kim,TAG-8534,TAG-1164,REF-1986,,,,Delta,,REF-2680,,,Delta,,,,,Yara Haddad,,Georgia,Y,,SKU-5894,,,,,REF-2326,SKU-7419,,100001,Company,100654,reese.mensah@acme-fake.test,Yara Whitfield,2025-01-18 21:44:00,arjun.okafor@demomail.test,Reese Sato,2025-07-07 23:45:00,alex.vance@demomail.test,Elena Blake,2024-09-11 04:42:00,mei.ivanov@sampleco.test,,2026-02-04 13:47:00,Y,100001,100001,100001,100001,100001,100001,100001,100001,100001,100001,100001,100001,,100001,100001,100001,100001,2024-05-15 21:33:00,9644,1998,Other,Alpha,Beta,TAG-8251,1216,6607,9948,6931,6774,Alpha,2026-01-03 05:20:00,1282,8006,Beta,Delta,Standard,Delta,5369,4348,2713,311,9896,Other,2026-04-11 21:55:00,,,Gamma,,,,,,,,5406,Beta,2024-04-03,233,,Beta,,,LOT-1514,,,,,,Beta,2025-11-30,,,,,,,,,,,,,2024-02-20,,,,,,LOT-3526,,,,,,Alpha,2025-12-29,,,Other,,,LOT-2202,,,,,,,2025-06-28,,,Standard,,,,,,,,,,Noted a concern to revisit at the next sync.
,,Diego Ivanov,Arjun Ashby,,,TAG-8446,SKU-1569,,,,,,,,marco.garcia@examplecorp.test,,,,,REF-3654,,,SKU-2525,,,Referral Partner,Noted a concern to revisit at the next sync.,Cardinal Industries Ltd,Pioneer Logistics LLP,Inactive,Standard,Australia,,,,Followed up on the open items from last week.,Standard,,,,Y,Construction,,,,,,,,,,,LinkedIn,SKU-6190,,Rahul Garcia,,LOT-6266,,,,,Standard,,TAG-5210,LOT-6057,,Gamma,,,,,Taylor Silva,,Georgia,N,,REF-4925,,,,,,LOT-4149,3956,100001,Company,100656,quinn.patel@sampleco.test,Jordan Rossi,2026-07-10 05:06:00,nina.kim@examplecorp.test,Sofia Rossi,2026-01-13 17:51:00,riley.ford@sampleco.test,Noah Costa,2023-07-12 16:58:00,yara.dorsey@sampleco.test,,2025-08-15 23:06:00,Y,100001,100001,100001,100001,,,100001,100001,,100001,,100001,100001,100001,100001,100001,100001,2026-01-06 22:09:00,1081,9081,Gamma,Alpha,Alpha,LOT-4483,9024,1009,4966,1440,5825,Delta,2024-01-04 11:58:00,3574,2266,Alpha,Alpha,Gamma,Beta,2130,4334,3850,4061,9820,Standard,2026-05-24 09:02:00,,,,SKU-6828,,,,,,,,,2026-02-23,,,,,,REF-7034,,8215,,,,,2022-10-20,,,,,,LOT-6868,9958,,,,,,2026-06-08,,,,,,,,2837,,,,,2026-02-11,,,Alpha,,,REF-3570,,,,,,,2023-01-21,,,,,LOT-8104,,,,,,,,Discussed timeline and next steps with the account.
,,Liam Reyes,Casey Calder,,,REF-3681,,SKU-2193,TAG-1932,,,,,Beta,arjun.vance@acme-fake.test,,Jamie Costa,,REF-4951,TAG-7591,,,,,,Active Customer,Shared the updated proposal for review.,Keystone Robotics LLP,Cobalt Capital,Active,Alpha,India,,,,Discussed timeline and next steps with the account.,New Logo,,,,N,Manufacturing,,,,,,,,,,,Inbound Call,,,Jordan Kim,SKU-3443,LOT-3929,TAG-2495,,,,,,TAG-5846,TAG-1625,,,,,,,Jamie Ivanov,,Arizona,N,,SKU-5189,,,,,TAG-8401,TAG-6456,2006,100001,Company,100658,elena.mercer@sampleco.test,Arjun Calder,2024-03-16 20:25:00,jordan.okafor@demomail.test,Taylor Ivanov,2024-01-15 16:46:00,drew.sato@demomail.test,Morgan Calder,2022-10-16 15:03:00,yara.haddad@acme-fake.test,,2025-05-02 18:48:00,Y,100001,100001,100001,100001,100001,100001,100001,100001,100001,,100001,100001,100001,100001,100001,100001,100001,2026-07-30 02:02:00,1244,5597,Beta,Beta,Other,LOT-9300,1128,9463,8561,9523,3526,Beta,2026-06-12 16:48:00,6803,8171,Alpha,Other,Standard,Alpha,3462,2132,8141,9982,9398,Beta,2025-05-29 17:47:00,,,,,,,,1357,,,,Gamma,2023-11-05,7388,,Beta,,,,,,,8871,,,2026-03-18,,,,REF-6260,,LOT-9553,,,,,,,2025-04-05,,,,,,,,,,,,,2023-05-24,,,,,,,,,,,,,2023-02-08,9523,,,,,,,,,,,,Scheduled a check-in for the coming month.
REF-2031,,Alex Sloan,Elena Rossi,,,LOT-8224,LOT-2350,,,,,,,,riley.blake@sampleco.test,,,,,,,,SKU-1834,,,Active Customer,Resolved the outstanding question about scope.,Copper Labs Group,Pioneer Systems Corp,Active,Beta,India,,,,Shared the updated proposal for review.,Standard,,,,N,Financial Services,,,,,,,,,,,LinkedIn,SKU-2512,,Quinn Reyes,TAG-8749,REF-7338,SKU-4200,3612,,,Beta,,REF-7638,REF-6536,,Delta,,,,,Rahul Cohen,,Illinois,N,,TAG-4554,,,,,,LOT-6822,4558,100001,Company,100659,elena.rossi@acme-fake.test,Noah Sato,2023-03-10 13:10:00,marco.mercer@demomail.test,Elena Patel,2025-11-20 21:24:00,sofia.kim@acme-fake.test,Jamie Sloan,2025-06-29 09:45:00,nina.calder@examplecorp.test,,2023-08-22 05:22:00,Y,100001,100001,100001,100001,100001,,100001,100001,,100001,100001,100001,100001,100001,100001,,100001,2024-10-25 13:40:00,7100,9453,Gamma,Alpha,Delta,SKU-1970,9571,8201,5411,7315,1578,Standard,2024-09-01 02:22:00,7195,4168,Alpha,Beta,Beta,Standard,3574,1671,1705,6028,63,Other,2024-04-17 15:59:00,5839,,,,,LOT-4527,,,9348,,,Gamma,2023-11-30,8385,,Other,,,,,,,4081,,Standard,2024-12-13,,,,REF-4467,,,,3813,,,,,2023-10-16,3529,,,,,,,,,7711,,,2023-04-06,,,,,,,,,,2859,,,2025-11-07,,,,,,,,,,,8775,,Aligned on billing and renewal terms.
LOT-2736,,Quinn Larsson,Rowan Patel,,,LOT-5788,LOT-5536,SKU-1100,REF-9585,,,,,,rahul.rossi@sampleco.test,,,,LOT-4814,,,,SKU-5147,,,Active Customer,Noted a concern to revisit at the next sync.,Harbor Dynamics Ltd,Delta Manufacturing LLP,Active,Other,United Kingdom,,,,Aligned on billing and renewal terms.,SMB,,TAG-5404,,N,Agriculture,,,,,,,,Standard,,,Website,LOT-7678,LOT-3401,Reese Vance,SKU-3159,SKU-5144,,2271,,,Alpha,,TAG-6324,REF-2803,,Alpha,,,,,Avery Sloan,,Arizona,Y,,TAG-5568,,,,TAG-4034,,LOT-2573,2658,100001,Company,100660,marco.kim@examplecorp.test,Marco Ivanov,2025-04-21 19:53:00,morgan.sato@demomail.test,Fatima Brooks,2023-01-08 11:43:00,quinn.kim@demomail.test,Fatima Nguyen,2024-10-27 07:26:00,aisha.ford@sampleco.test,Diego Sato,2025-12-10 12:25:00,N,100001,100001,100001,100001,100001,100001,100001,100001,,,100001,100001,,100001,100001,,100001,2026-04-15 20:20:00,3258,6353,Delta,Gamma,Delta,SKU-1556,4970,701,6813,7378,427,Standard,2025-01-22 04:19:00,6390,1640,Alpha,Standard,Gamma,Gamma,3439,9741,516,8318,3346,Gamma,2023-05-24 04:12:00,,,,,,,8765,,,,,,2023-10-04,,,,LOT-4138,,,,,,,,,2026-05-28,,,,,,,,,,,,Alpha,2023-08-17,,,,,Gamma,,,1850,3564,,,,2025-06-21,,,,,,,,,,,,Other,2025-11-16,,,,,,,,,,3769,,,Discussed timeline and next steps with the account.
,,Avery Blake,Liam Whitfield,,,REF-5735,LOT-4490,,REF-1072,,,,LOT-7196,,arjun.brooks@sampleco.test,Skyler Reyes,,,,,Nina Haddad,,SKU-7641,"191,282",,Active Customer,Reviewed performance and gathered feedback.,Evergreen Industries Group,,Active,Other,India,,,,Shared the updated proposal for review.,SMB,,,,Y,Technology,,,,,,,,,,,Webinar,,,Rahul Sloan,REF-6439,SKU-5946,SKU-3942,4768,,,Standard,,TAG-3655,SKU-7407,,Alpha,,,,,Jordan Sato,,Texas,Y,,TAG-2954,,,,,,LOT-4933,8096,100001,Company,100661,reese.mercer@sampleco.test,Arjun Costa,2024-03-24 04:24:00,elena.mercer@demomail.test,Rahul Dorsey,2023-12-09 07:20:00,sofia.nguyen@demomail.test,Chen Ashby,2025-10-06 15:38:00,emerson.sloan@examplecorp.test,,2023-11-17 08:07:00,N,100001,100001,100001,,100001,100001,100001,100001,100001,,,,100001,100001,100001,,100001,2025-05-30 22:43:00,1402,4643,Beta,Delta,Standard,REF-3823,9077,436,9577,9929,4432,Alpha,2023-06-04 10:17:00,9166,2389,Other,Standard,Beta,Alpha,8161,2855,9330,6345,5492,Standard,2023-04-10 14:31:00,,,Gamma,LOT-4066,,,1809,2102,,,,,2025-11-12,,,,TAG-2065,,,,,,,,,2023-12-31,,,,,,,,,,,,,2026-02-24,,,Beta,LOT-2867,,,,,,,7969,,2022-10-30,,,,TAG-3781,,,,,,,,Gamma,2024-04-15,,,,,,,,,,,,,Reviewed performance and gathered feedback.
,,Quinn Rossi,Rowan Whitfield,,,REF-6921,LOT-6181,,,,,,,,alex.rossi@examplecorp.test,Jamie Okafor,,,,,,"22,152",TAG-4881,,,Active Customer,Shared the updated proposal for review.,Pioneer Analytics Inc,Horizon Systems LLP,Active,Alpha,Philippines,,,SKU-7591,Followed up on the open items from last week.,SMB,,,,N,Logistics,,,,,,,,Other,,,Partner,TAG-1728,REF-2048,Riley Cohen,SKU-3194,SKU-8903,REF-2934,5977,,,Gamma,,TAG-9071,TAG-2109,,Other,,,,,Liam Haddad,,Illinois,N,,SKU-2249,,,,,,REF-8113,,100001,Company,100664,taylor.costa@sampleco.test,Priya Ashby,2024-02-16 20:06:00,fatima.ashby@acme-fake.test,Chen Costa,2025-07-25 02:55:00,omar.brooks@examplecorp.test,Morgan Kim,2023-05-11 03:22:00,reese.cohen@demomail.test,,2023-03-27 04:51:00,Y,100001,100001,100001,100001,100001,100001,100001,100001,,100001,,,100001,100001,100001,100001,100001,2024-08-11 03:02:00,4257,1589,Delta,Alpha,Alpha,SKU-5346,9650,3626,4289,4481,6001,Other,2023-06-13 23:46:00,1491,6355,Gamma,Alpha,Gamma,Delta,7571,7894,6780,3743,100,Other,2024-01-22 13:08:00,,,,,,,776,6577,,,1478,,2025-08-16,,,,,,,,9582,7431,,,,2025-04-28,,,,,,,,,,,4989,,2026-05-19,,,,,,,,,,6097,,,2024-10-08,,,Beta,REF-3562,,REF-2588,,,,,,,2024-08-14,,,,,,,,,,,,,Resolved the outstanding question about scope.
,LOT-9685,Morgan Okafor,Yara Patel,,,SKU-2831,SKU-6201,REF-1455,SKU-3280,,,,,,jordan.sloan@sampleco.test,Yara Patel,Nina Brooks,,REF-6650,,,,LOT-6064,,,Past Customer,Scheduled a check-in for the coming month.,Falcon Systems Co,Silverline Dynamics LLC,Active,,United States,,,,Followed up on the open items from last week.,New Logo,,,,Y,Healthcare,,,,,,,,,,,Webinar,REF-9625,,Yara Ivanov,REF-5796,,LOT-3975,,,,Other,,REF-7543,REF-5319,,,,,,,Taylor Kim,,New York,N,,SKU-1013,,,,,,,,100001,Company,100665,diego.sloan@examplecorp.test,Noah Mercer,2023-02-23 23:01:00,drew.rossi@acme-fake.test,Jordan Rossi,2024-06-15 21:55:00,mei.ashby@sampleco.test,Sofia Patel,2024-04-10 07:27:00,fatima.ashby@acme-fake.test,,2025-09-04 10:25:00,Y,100001,100001,100001,100001,100001,,100001,100001,100001,100001,,100001,100001,100001,100001,,100001,2024-02-15 08:21:00,3403,1155,Standard,Other,Delta,REF-8250,2637,5082,6589,6494,1213,Standard,2023-02-11 18:57:00,7866,9003,Standard,Alpha,Gamma,Beta,7868,7969,2593,3546,5328,Beta,2023-08-20 17:13:00,,,,SKU-1191,,,,3638,,,,,2024-08-02,1961,,,REF-2951,,,,100,,6162,,Delta,2026-05-12,,,,,,,,,,,,Gamma,2024-09-16,,,,,,,,,,,7997,,2025-12-24,,,,LOT-2221,,,,,,,,,2022-11-21,,,Alpha,,,SKU-3492,,9731,,,,Gamma,Followed up on the open items from last week.
SKU-6414,,Rahul Sato,Morgan Vance,,,REF-6319,,REF-1811,,,,,LOT-2014,,taylor.kim@acme-fake.test,,,,,,,,TAG-2812,,,Active Customer,Shared the updated proposal for review.,Ironwood Foods Inc,Pioneer Partners Co,Inactive,Other,United Kingdom,Gamma,,,Resolved the outstanding question about scope.,SMB,,,,Y,Manufacturing,,,,,,Standard,,,,,Referral,SKU-8538,,Sofia Garcia,TAG-8316,REF-9919,LOT-9726,4976,,,,,LOT-3910,SKU-2672,,Other,,,Delta,,Omar Ashby,,Ohio,N,,SKU-9485,,,,LOT-3759,,LOT-7136,9173,100001,Company,100667,fatima.costa@demomail.test,Rowan Brooks,2023-01-24 13:24:00,yara.nguyen@demomail.test,Avery Reyes,2022-11-23 18:48:00,marco.ashby@acme-fake.test,Riley Vance,2025-01-16 06:00:00,jordan.ivanov@demomail.test,Drew Blake,2024-05-25 08:29:00,Y,100001,100001,100001,100001,,100001,100001,100001,,100001,,,100001,100001,100001,,100001,2022-12-24 03:53:00,4650,9733,Alpha,Delta,Beta,SKU-3623,3149,9577,7113,8745,365,Beta,2023-09-27 10:03:00,1985,7088,Other,Beta,Beta,Beta,887,5662,6774,986,4507,Other,2025-04-10 05:52:00,,,,,,,,,,,,,2025-05-16,,,,REF-6179,,,,,,,,,2023-03-02,,,,,,,,4192,,,,,2024-03-08,6511,,Delta,,,,,,,,,,2025-09-19,9309,,,,,,,,,,7375,,2026-04-27,,,,,,,2815,,4576,,,Gamma,Noted a concern to revisit at the next sync.
SKU-9321,,Rowan Patel,Taylor Whitfield,,,,LOT-2373,,,,,,,Beta,casey.ivanov@sampleco.test,,,,,SKU-3578,,,,,,Active Customer,Followed up on the open items from last week.,Lakeside Networks Corp,Horizon Group Group,Active,Standard,United States,,,,Shared the updated proposal for review.,Standard,,,,Y,Technology,,,,,,,,,,,Inbound Call,LOT-9167,,Quinn Whitfield,LOT-2590,SKU-6255,,,,,,,TAG-8147,,,Standard,,,,,Yara Nguyen,,California,Y,,LOT-6754,,,,,,REF-1871,5177,100001,Company,100669,marco.nguyen@acme-fake.test,Yara Nguyen,2026-06-06 13:26:00,noah.blake@sampleco.test,Casey Brooks,2024-06-23 22:47:00,fatima.costa@examplecorp.test,Taylor Kim,2025-03-02 07:58:00,arjun.calder@demomail.test,Nina Ford,2023-09-27 11:08:00,Y,100001,100001,100001,100001,100001,,100001,100001,100001,,,100001,100001,100001,100001,100001,100001,2026-02-20 11:27:00,113,1153,Delta,Other,Standard,TAG-1644,9689,6379,5636,1538,9567,Alpha,2023-08-16 20:45:00,4074,9083,Alpha,Other,Delta,Other,9431,9941,9133,1046,6020,Alpha,2025-08-15 04:37:00,,,,SKU-5759,,,,,9097,,,,2025-12-25,,,,,,,5698,,,,,Alpha,2025-11-02,,,,SKU-6101,,,,,,,8220,,2025-01-01,,,,,,,,,,,,,2026-06-30,,,,,,,,,,,,,2025-11-04,,,,,LOT-6818,,,,3077,,,,Scheduled a check-in for the coming month.
,SKU-9542,Yara Calder,Arjun Sato,,,,REF-9423,TAG-8139,,,,,,,chen.cohen@examplecorp.test,Rahul Ashby,,,,,,"76,851",,,,Prospect,Followed up on the open items from last week.,Lakeside Logistics Ltd,Silverline Energy LLC,Inactive,Gamma,Canada,,,,Shared the updated proposal for review.,New Logo,,,,Y,Construction,,,,,,Beta,,,,,Cold Outreach,TAG-3449,,Quinn Silva,REF-4120,SKU-3228,,9051,,,Beta,,,LOT-1723,,,,,,,Priya Garcia,,Texas,Y,,TAG-6109,,,,,,TAG-9602,,100001,Company,100671,reese.brooks@demomail.test,Avery Patel,2024-07-16 11:03:00,reese.larsson@acme-fake.test,Drew Dorsey,2023-05-12 22:02:00,noah.mercer@acme-fake.test,Avery Blake,2024-07-11 21:43:00,elena.mercer@acme-fake.test,,2026-03-15 04:54:00,Y,100001,100001,100001,100001,,,100001,100001,100001,,100001,100001,100001,100001,100001,,100001,2023-12-04 08:29:00,9016,6193,Standard,Standard,Standard,REF-2511,458,9634,2111,6637,1122,Alpha,2025-10-11 19:12:00,3137,6386,Alpha,Alpha,Delta,Alpha,1832,5607,5427,6406,5408,Alpha,2024-12-16 17:08:00,,3981,,,,,8315,757,,,,,2025-02-13,,,,,,,2069,,2371,5714,1346,,2023-03-14,,,,,,,,,,,,Standard,2023-08-26,,,Gamma,,,,,,,,,,2024-12-09,,7524,,,,,,,,5544,,,2024-12-12,,,,REF-7273,,,,,,,,Beta,Aligned on billing and renewal terms.
,,Omar Ivanov,Casey Blake,,,TAG-8392,LOT-9107,TAG-4445,,,,,SKU-1394,Gamma,rowan.costa@demomail.test,,,,,,,,REF-9333,,,Active Customer,Resolved the outstanding question about scope.,Keystone Labs Co,Meridian Group Corp,Active,,Philippines,Alpha,,,Reviewed performance and gathered feedback.,SMB,,,,N,Construction,,,,,,,,,,,Partner,,,Taylor Costa,,TAG-1954,,,,,Gamma,,SKU-5173,TAG-5734,,Beta,,,,,Diego Patel,,Illinois,Y,,,,,,,,REF-9877,4424,100001,Company,100672,diego.patel@sampleco.test,Rahul Mensah,2022-10-25 06:22:00,noah.haddad@sampleco.test,Marco Okafor,2026-04-22 01:25:00,riley.nguyen@examplecorp.test,Skyler Patel,2024-06-10 21:21:00,avery.garcia@sampleco.test,,2024-03-09 22:47:00,Y,100001,100001,100001,100001,100001,100001,100001,100001,100001,,,100001,100001,100001,100001,100001,100001,2024-09-07 16:31:00,2249,4211,Alpha,Beta,Standard,REF-1481,7377,8500,2632,8188,1798,Alpha,2023-02-04 19:06:00,9280,5569,Beta,Standard,Alpha,Gamma,7609,7751,7045,1288,525,Alpha,2023-11-21 13:31:00,,,,,,SKU-2502,,,,,2580,,2023-09-15,,,,,,SKU-1417,,,,,,,2022-11-15,,,Beta,,,,,,,,,,2026-07-16,,,,,,,,6510,,,,,2026-01-03,,,,,Other,,,,,7591,,,2025-10-18,,,,,,,,360,,,,,Resolved the outstanding question about scope.
,,Diego Costa,Marco Larsson,,,SKU-9897,TAG-3454,LOT-8612,,,,,,,mei.brooks@sampleco.test,,,,,,,,,,,Active Customer,Aligned on billing and renewal terms.,Blue Ridge Partners Ltd,Meridian Industries Corp,Active,Delta,United Kingdom,,,,,New Logo,,,TAG-1964,Y,Agriculture,,,,,,,,Beta,,,Partner,LOT-2755,SKU-5590,Rowan Whitfield,REF-7523,REF-7928,TAG-9584,8636,,,Gamma,,SKU-7047,REF-7691,,Gamma,,,Gamma,,Mei Silva,,California,N,,REF-1809,,,,,,REF-3478,5758,100001,Company,100673,alex.nguyen@acme-fake.test,Rahul Costa,2024-02-22 18:43:00,reese.silva@sampleco.test,Avery Kim,2026-03-07 18:34:00,aisha.kim@examplecorp.test,Marco Mensah,2024-05-11 11:33:00,elena.whitfield@acme-fake.test,,2023-09-25 05:04:00,Y,,100001,100001,100001,100001,,100001,100001,100001,,,100001,100001,100001,100001,,100001,2024-08-29 01:11:00,2283,3305,Gamma,Standard,Alpha,SKU-8115,2752,3657,2134,5707,3466,Other,2024-09-28 07:25:00,2455,8461,Other,Alpha,Alpha,Gamma,5976,971,5346,3420,9023,Other,2025-03-10 07:53:00,,,,,,,,,,8542,8382,Other,2024-04-30,,7575,,,,,,,,,,,2023-09-21,,,Alpha,,,,,,,,,,2024-10-24,,6453,,,,REF-1068,,,,,,,2024-07-15,,,,,,,,,,,3598,,2026-05-17,1245,,,,,,,,,,,,Noted a concern to revisit at the next sync.
,TAG-5374,Yara Rossi,Skyler Reyes,,,,,,,SKU-3244,,,,,aisha.costa@demomail.test,,,,,,,"75,724",SKU-2348,,,Prospect,Scheduled a check-in for the coming month.,Harbor Manufacturing Ltd,Copper Partners Corp,Inactive,Other,United Kingdom,Gamma,,,Discussed timeline and next steps with the account.,SMB,,,,,Financial Services,,,,,,,,,,,Webinar,LOT-3834,TAG-5127,Sofia Brooks,SKU-8506,LOT-8730,SKU-5281,7586,,,Gamma,,TAG-7513,,,,,,,,Arjun Nguyen,,Florida,Y,,REF-4082,,,,,,REF-4525,8362,100001,Company,100675,avery.larsson@demomail.test,Jamie Mercer,2025-03-17 23:56:00,jordan.rossi@acme-fake.test,Alex Larsson,2024-03-01 04:22:00,emerson.sloan@sampleco.test,Avery Dorsey,2024-10-09 15:15:00,fatima.garcia@examplecorp.test,,2025-12-27 16:37:00,N,100001,100001,100001,100001,100001,100001,100001,100001,100001,100001,,100001,,100001,100001,100001,100001,2025-03-20 22:51:00,2414,2407,Standard,Delta,Beta,TAG-9626,6074,8707,1650,4560,1257,Beta,2024-04-26 09:14:00,7496,7404,Delta,Standard,Standard,Standard,840,8245,7443,5182,4486,Delta,2023-02-17 12:41:00,8003,,,,,,,,,,,,2023-06-08,6715,4403,,,,TAG-6686,1805,,,,,,2025-10-21,,,,,,,,,,,8696,,2024-11-21,,,,,,,,,1059,,9571,,2025-02-11,,,,,,,,,1522,,,,2025-04-11,,7136,,,,REF-8583,927,,2257,,,,Noted a concern to revisit at the next sync.
,REF-8926,Reese Garcia,Avery Larsson,,,SKU-9578,SKU-5780,LOT-3364,TAG-1162,LOT-2110,,,,,quinn.garcia@demomail.test,,,,,,Arjun Kim,,,,,Active Customer,Aligned on billing and renewal terms.,Northwind Holdings Group,Northwind Robotics LLP,Active,Standard,Philippines,Alpha,,,Shared the updated proposal for review.,Renewal,,,,Y,Energy,SKU-3891,,,,,,,,,,Partner,LOT-4351,,Taylor Mercer,LOT-5974,,SKU-9890,,,,Delta,,,LOT-6353,,,,,,,Rahul Mercer,,Ohio,Y,,SKU-6233,,,,,LOT-4890,REF-1288,6815,100001,Company,100678,emerson.ford@examplecorp.test,Arjun Rossi,2026-06-29 06:48:00,emerson.reyes@demomail.test,Emerson Kim,2025-05-01 07:15:00,diego.mensah@acme-fake.test,Aisha Vance,2025-12-24 20:18:00,skyler.blake@sampleco.test,Casey Mensah,2023-05-24 02:59:00,N,100001,100001,100001,100001,100001,100001,100001,100001,100001,,,100001,100001,100001,100001,100001,100001,2025-11-30 17:30:00,179,1292,Delta,Standard,Beta,TAG-4168,5237,2828,4728,7930,6612,Other,2024-12-16 12:43:00,8600,1533,Delta,Beta,Standard,Standard,9217,42,8067,3808,2169,Alpha,2025-09-18 17:04:00,5853,,,,,,,,,,,,2025-07-01,,,,LOT-7118,Other,,9462,,,,2705,,2024-12-02,,,,,,,3129,,,,,,2022-12-27,,,,,,,,,,,,,2024-05-10,,,,,,,5722,,,,1866,,2025-03-02,,,,,,,,,,,,Alpha,Resolved the outstanding question about scope.
,,Nina Blake,Marco Sato,,,SKU-9576,TAG-8384,,,,,,,,reese.nguyen@demomail.test,,,,,SKU-1280,,,REF-4048,,,Past Customer,Reviewed performance and gathered feedback.,Pioneer Energy Corp,Northwind Solutions,Active,Delta,Philippines,,,,Discussed timeline and next steps with the account.,SMB,,,,N,Agriculture,SKU-6251,,,,,,,,,,Cold Outreach,LOT-7549,,Jordan Silva,TAG-3697,LOT-8222,,,,,Delta,,TAG-9969,,,Other,,,,,Rahul Reyes,,California,Y,,SKU-6402,,,,,,TAG-6150,3402,100001,Company,100680,casey.larsson@sampleco.test,Marco Haddad,2026-03-29 16:10:00,rowan.garcia@demomail.test,Diego Cohen,2025-12-31 02:13:00,avery.haddad@acme-fake.test,Arjun Patel,2023-02-01 14:24:00,reese.sato@demomail.test,,2025-03-13 23:46:00,N,,100001,,100001,100001,,100001,100001,100001,100001,100001,100001,100001,100001,100001,,100001,2026-06-24 09:20:00,9531,4086,Delta,Standard,Delta,TAG-4413,3754,1333,9140,6368,1137,Other,2022-12-03 07:25:00,7531,8953,Other,Gamma,Gamma,Delta,3156,2853,9798,9421,1433,Other,2024-12-03 13:02:00,,5649,Standard,,,,552,,3249,,,,2024-11-24,,,,,,,,,,,,,2023-03-03,,,,,,TAG-1099,,,8902,,,,2022-10-20,,,,,,,,,,,3233,Gamma,2023-10-27,9823,,,,Beta,,,,,,4248,,2023-03-03,420,,,,REF-2741,,,,,,,,Followed up on the open items from last week.
,,Riley Sato,Diego Nguyen,,,REF-3582,TAG-1423,,,,REF-2940,,SKU-3840,Gamma,aisha.reyes@acme-fake.test,,Yara Nguyen,,REF-5414,,,,LOT-1999,,,Past Customer,Scheduled a check-in for the coming month.,Copper Holdings Co,Harbor Partners LLP,Active,Gamma,Germany,,,,,Standard,,,,Y,Construction,,,,,,,,,,,Event,TAG-2027,,Chen Garcia,SKU-8488,TAG-1481,,,,,Standard,,SKU-8920,REF-7402,,Beta,,,,,Morgan Ivanov,Aligned on billing and renewal terms.,Georgia,N,,TAG-6373,,,,,,SKU-2922,3090,100001,Company,100683,reese.reyes@demomail.test,Avery Costa,2026-07-13 15:44:00,liam.brooks@sampleco.test,Chen Costa,2025-11-12 13:43:00,rowan.garcia@examplecorp.test,Nina Whitfield,2024-10-24 05:25:00,priya.dorsey@demomail.test,Mei Mensah,2023-10-10 19:01:00,Y,,100001,100001,100001,100001,,100001,100001,,100001,100001,100001,100001,100001,,100001,100001,2026-06-16 05:31:00,910,8480,Alpha,Alpha,Delta,TAG-8486,8977,9077,434,601,6972,Standard,2023-03-02 10:33:00,519,3612,Alpha,Standard,Alpha,Other,9437,4668,234,9696,2215,Gamma,2026-05-03 03:08:00,,,,,Gamma,,,6176,,,3973,,2025-04-26,,,Standard,,,,,8763,3783,,,,2024-06-05,,,,,,,,,,,,,2026-05-16,,,Delta,,,,9854,6956,,4089,,,2024-11-26,5194,,,,,,,,,,,,2024-06-14,,,,,LOT-5021,,,,,,,,Aligned on billing and renewal terms.
,,Taylor Okafor,Taylor Haddad,,,TAG-5511,LOT-5485,SKU-8106,REF-2459,,,SKU-5051,,,skyler.silva@sampleco.test,Priya Cohen,Elena Cohen,,,REF-3263,Arjun Haddad,,LOT-1419,,,Active Customer,Scheduled a check-in for the coming month.,Blue Ridge Industries Co,Blue Ridge Group Co,Active,Beta,India,Delta,,LOT-8835,Noted a concern to revisit at the next sync.,Renewal,,,,N,Technology,,,,,,,,,,,Partner,TAG-6164,,Noah Larsson,SKU-1478,SKU-9868,REF-3927,4257,,,Standard,,LOT-2928,REF-9122,,,,,,,Avery Kim,,Florida,N,,LOT-2069,,,,,,REF-8401,2190,100001,Company,100686,arjun.ivanov@demomail.test,Nina Sato,2026-01-02 01:21:00,rowan.silva@acme-fake.test,Aisha Blake,2023-07-21 21:14:00,emerson.whitfield@acme-fake.test,Rahul Reyes,2024-09-09 21:10:00,arjun.sato@sampleco.test,Liam Dorsey,2023-10-15 02:33:00,N,100001,100001,100001,100001,100001,,100001,100001,,,100001,,100001,100001,100001,100001,100001,2025-10-05 00:34:00,7068,1190,Other,Other,Standard,REF-2200,9230,5021,3579,1174,1104,Delta,2026-05-09 08:10:00,9696,9472,Standard,Other,Other,Other,189,2918,4271,4936,4801,Alpha,2025-05-09 11:37:00,,,,,,,,,,,,,2025-03-01,,,,,Delta,,,5718,,,,,2025-03-05,,,,,,,,7865,,8168,,,2025-07-17,,,,SKU-3416,,,,,,,,,2026-07-26,,,,,,,,1045,,,,Standard,2023-02-08,,,,,,,,,,,,,Reviewed performance and gathered feedback.
,,Sofia Rossi,Fatima Ivanov,,,SKU-3701,REF-6391,LOT-2704,SKU-6476,,,,,,reese.mensah@sampleco.test,Marco Brooks,,,,,,,LOT-3782,,,Active Customer,Resolved the outstanding question about scope.,Ironwood Capital LLC,Redwood Analytics LLP,Active,Delta,India,,,,Aligned on billing and renewal terms.,Enterprise,,,TAG-9936,Y,Real Estate,,,,,,,,,,,Event,LOT-1956,SKU-1218,Noah Garcia,SKU-2731,REF-3944,REF-1581,,,,Standard,,SKU-8432,LOT-9648,,,,,,,Nina Cohen,,New York,N,,LOT-2216,,,,LOT-3174,,SKU-6828,9937,100001,Company,100688,marco.nguyen@demomail.test,Riley Patel,2024-12-13 01:34:00,jordan.kim@examplecorp.test,Avery Garcia,2025-10-15 14:36:00,diego.ivanov@examplecorp.test,Avery Ford,2022-12-25 22:04:00,rowan.kim@sampleco.test,,2023-12-28 09:16:00,Y,100001,100001,100001,100001,100001,100001,100001,100001,100001,,100001,100001,100001,100001,100001,100001,100001,2026-02-24 23:35:00,8189,4288,Delta,Other,Delta,LOT-4372,2721,6743,4800,7679,2546,Beta,2024-05-07 09:23:00,9070,7404,Alpha,Delta,Gamma,Delta,7509,8452,8965,5208,2758,Delta,2025-01-17 08:02:00,2424,9267,Other,,,,,,8806,349,,,2025-10-24,3660,9909,,,,,,,,,,,2024-09-17,,,,,LOT-4672,,,,,,,,2025-09-20,8350,,,SKU-1748,,,,,454,9917,,,2023-02-05,1056,,,,,,2892,,,,,,2024-06-18,,,Delta,,,,,9839,,,,,Reviewed performance and gathered feedback.
,,Casey Brooks,Yara Larsson,,,REF-6952,TAG-4344,,,,,,,Gamma,liam.vance@acme-fake.test,,,,,,,"20,798",,,,Active Customer,Followed up on the open items from last week.,Silverline Media LLC,Delta Industries Ltd,Active,Alpha,Mexico,,,,Aligned on billing and renewal terms.,New Logo,,,,,Media,,,,,,,,,,,Cold Outreach,LOT-6758,LOT-9321,Riley Vance,,SKU-8930,,1828,,,,,SKU-2234,SKU-5519,,Beta,,,,,Quinn Haddad,,Illinois,Y,,REF-6540,,,,,,REF-2609,,100001,Company,100689,sofia.kim@examplecorp.test,Aisha Rossi,2023-11-15 11:09:00,noah.sato@acme-fake.test,Jamie Okafor,2024-03-04 00:32:00,priya.okafor@demomail.test,Rowan Okafor,2026-02-05 00:56:00,jamie.sloan@demomail.test,,2024-04-04 06:04:00,Y,,100001,100001,100001,100001,,100001,100001,,100001,100001,100001,100001,100001,100001,100001,100001,2025-06-26 20:10:00,7389,1475,Gamma,Gamma,Delta,SKU-4503,6594,1400,2396,560,6045,Gamma,2024-07-26 00:45:00,7844,3274,Beta,Beta,Gamma,Standard,1365,7213,5740,3694,5522,Beta,2025-09-06 12:16:00,,,,,,,,,,,9203,,2022-10-15,,,Delta,,,,,,,,,,2025-06-08,,1566,,,,,,,,,,,2026-05-25,,,,,,,,,,,,,2023-04-20,,3626,,,,,7714,,,,,,2022-11-28,,,,,,TAG-6980,5095,,,,,,Resolved the outstanding question about scope.
,,Rowan Brooks,Marco Larsson,,,,TAG-2782,,LOT-8602,,,,,,emerson.cohen@examplecorp.test,,Omar Silva,,REF-8358,,Morgan Sloan,,REF-7085,,,Active Customer,Resolved the outstanding question about scope.,Falcon Media Group,Silverline Solutions Corp,Active,Gamma,United Kingdom,,,,Aligned on billing and renewal terms.,New Logo,,,,Y,Real Estate,,,,,,,,,,,Partner,REF-2156,SKU-9148,Emerson Haddad,LOT-1892,TAG-3062,LOT-7381,,,,Other,,REF-7711,,,Beta,,,,,Drew Sato,,Ohio,Y,,TAG-3961,,,,,,REF-6562,9798,100001,Company,100691,sofia.sloan@demomail.test,Reese Costa,2022-12-18 05:42:00,noah.silva@acme-fake.test,Yara Vance,2025-09-25 09:43:00,morgan.ivanov@acme-fake.test,Omar Rossi,2023-08-02 07:05:00,riley.rossi@examplecorp.test,,2026-05-20 04:12:00,N,100001,100001,100001,100001,100001,,100001,100001,,100001,,100001,,100001,100001,100001,100001,2025-06-04 07:40:00,3820,1963,Standard,Delta,Gamma,LOT-1720,5445,2044,4304,456,291,Delta,2024-12-09 12:38:00,9494,383,Other,Other,Delta,Other,6406,6087,1321,4785,7123,Standard,2026-02-03 21:10:00,,,,,,,,,5664,,,,2024-09-13,,531,,,,,,,,,3821,,2026-07-13,,,Standard,,,,,,,,,,2025-04-29,9185,,,,,,,,,,,,2024-01-26,6473,,,,,,,,,,,,2023-08-01,,,,,,,,,,2616,,,Followed up on the open items from last week.
,,Reese Mercer,Avery Mercer,,,REF-5033,,,,,,,,,mei.sato@acme-fake.test,,Fatima Ivanov,,REF-4981,SKU-5272,,,SKU-6074,"134,620",,Active Customer,Noted a concern to revisit at the next sync.,Ironwood Ventures Ltd,Harbor Industries Co,Inactive,Alpha,Mexico,,,,Aligned on billing and renewal terms.,Standard,,LOT-2133,,Y,Technology,,,,,,,,,,,Cold Outreach,SKU-9920,,Elena Okafor,,REF-8524,,,,,Beta,,LOT-5826,REF-9259,,Other,,,,,Arjun Okafor,,Florida,Y,,REF-1457,,,,SKU-3735,,REF-2319,,100001,Company,100694,quinn.patel@demomail.test,Reese Calder,2023-02-24 15:28:00,riley.silva@sampleco.test,Diego Brooks,2026-03-09 23:39:00,arjun.sloan@sampleco.test,Rahul Calder,2023-03-26 16:45:00,marco.sloan@demomail.test,,2024-04-10 14:17:00,Y,100001,100001,100001,100001,,,100001,100001,100001,,100001,100001,100001,100001,100001,,100001,2023-03-23 13:01:00,6679,2743,Other,Alpha,Other,TAG-1731,95,5156,9912,9242,5503,Alpha,2024-02-21 13:30:00,5116,7104,Other,Delta,Beta,Beta,3857,3957,1927,1706,6747,Standard,2023-11-26 09:04:00,,,,SKU-8765,,REF-5118,,8074,,,,,2026-02-16,4704,,Standard,,,,,,,,,,2025-01-19,5315,,,,TAG-1438,,,7374,,,,,2025-11-18,,,,,,,,,,9389,,,2024-04-28,,,,,,,,,3606,,,,2026-03-30,,,,LOT-4934,,,,,,,8145,,Noted a concern to revisit at the next sync.
,TAG-9337,Nina Ashby,Priya Sato,,,,TAG-3007,TAG-1592,LOT-5505,,,LOT-5462,,Standard,avery.ashby@demomail.test,Liam Calder,,,,REF-9176,Elena Mercer,,,,,Active Customer,Scheduled a check-in for the coming month.,Meridian Manufacturing Ltd,Meridian Capital Inc,Active,Beta,India,,,,Shared the updated proposal for review.,Renewal,,,,Y,Technology,,,,,,,,Beta,,,Event,SKU-5154,,Riley Sloan,REF-3670,,,8879,,N,Other,,SKU-8528,,,Beta,,,,,Nina Ford,,Washington,Y,,LOT-8761,,,,,,REF-9497,4239,100001,Company,100696,nina.brooks@examplecorp.test,Morgan Mercer,2024-10-03 13:59:00,casey.silva@sampleco.test,Rahul Rossi,2025-10-24 22:43:00,arjun.nguyen@sampleco.test,Mei Brooks,2022-12-01 05:40:00,chen.okafor@demomail.test,,2026-04-20 16:14:00,Y,100001,100001,,100001,100001,,100001,100001,100001,,,100001,100001,100001,100001,100001,100001,2022-12-02 07:48:00,3493,1017,Standard,Beta,Alpha,LOT-9160,3013,253,1452,4994,7109,Delta,2023-06-07 10:31:00,9093,1605,Gamma,Alpha,Beta,Alpha,9905,3281,3408,668,4029,Delta,2025-11-07 10:50:00,,8562,,REF-1736,,,,,6336,,,Gamma,2023-05-27,226,,,,,,9955,,,,6183,,2023-02-09,,,Standard,,,,,,,,,,2026-07-24,,,,SKU-4678,,,9458,5923,3065,,,Gamma,2025-11-14,,,,,Standard,,,,4775,5879,244,,2024-03-11,,,,,,,,,,,,,Discussed timeline and next steps with the account.
,,Taylor Rossi,Reese Dorsey,,,SKU-5379,LOT-8076,,,,LOT-9162,,LOT-2454,,alex.brooks@sampleco.test,,,,,,,,REF-6330,,,Past Customer,Followed up on the open items from last week.,Delta Health Ltd,Pioneer Health LLP,Active,Alpha,United Kingdom,,,,Shared the updated proposal for review.,Renewal,,SKU-4605,,Y,Telecommunications,,,,,,,,,,,LinkedIn,REF-3719,,Fatima Ashby,SKU-6985,SKU-9335,REF-3000,,,,,,REF-9727,,,,,"236,426",,,Nina Dorsey,,Washington,N,,REF-8041,,,,,,TAG-5369,1995,100001,Company,100697,riley.ashby@sampleco.test,Drew Reyes,2025-07-10 19:42:00,rowan.dorsey@examplecorp.test,Yara Sloan,2025-02-09 09:38:00,alex.reyes@acme-fake.test,Yara Kim,2024-09-15 19:30:00,riley.patel@examplecorp.test,,2025-01-21 07:53:00,Y,100001,100001,,100001,100001,100001,100001,100001,100001,,,,100001,100001,100001,,100001,2023-11-05 10:33:00,7756,5196,Standard,Beta,Beta,REF-4885,7294,3829,4252,6374,656,Standard,2026-03-02 10:08:00,1411,310,Beta,Delta,Alpha,Beta,7806,1025,1576,1254,7142,Alpha,2023-09-10 13:01:00,,,,,,,,,,,,,2025-01-11,,1396,,,,,,,7951,,318,Beta,2024-03-23,,,,TAG-6765,,,,,,,,,2024-06-05,,,,,,,,,,,1020,,2022-10-19,,,,,,,,,,,,,2024-10-05,,,,,,,4477,,,,,Alpha,Reviewed performance and gathered feedback.
,,Nina Reyes,Chen Okafor,,,LOT-8210,SKU-9738,,,,,TAG-3258,,,jordan.ivanov@demomail.test,Jamie Nguyen,Marco Haddad,,,,Sofia Vance,,REF-9558,,,Past Customer,Scheduled a check-in for the coming month.,Vertex Media Corp,Pioneer Partners LLP,Active,Standard,Germany,,,,Shared the updated proposal for review.,SMB,,,,N,Telecommunications,,,,,,,,,,,Referral,REF-8726,SKU-7942,Omar Mensah,,,,4031,,,Beta,,SKU-3637,TAG-7444,,Standard,,,,,Rahul Costa,,Texas,Y,,REF-1522,,,,,,TAG-2421,5125,100001,Company,100699,avery.vance@demomail.test,Fatima Garcia,2024-12-07 19:54:00,chen.ivanov@demomail.test,Skyler Larsson,2025-06-07 22:54:00,marco.okafor@sampleco.test,Noah Sato,2023-03-02 18:41:00,taylor.kim@demomail.test,,2024-05-04 06:47:00,N,,100001,100001,100001,100001,,100001,100001,,,,100001,,100001,100001,100001,100001,2025-09-15 17:27:00,4291,4156,Gamma,Delta,Other,TAG-6726,3005,7102,4601,4168,6569,Beta,2024-10-21 21:52:00,1627,7925,Delta,Other,Gamma,Gamma,3537,5605,710,3259,7194,Other,2026-01-19 08:01:00,,,,SKU-7519,,,1151,2162,1712,,,,2024-04-28,,,Gamma,,,,2793,5704,8864,4804,2612,Other,2024-10-19,,,,,,,,,,5878,,,2025-09-23,,,,,,,,,,4177,,,2026-05-19,,,Alpha,,,TAG-4729,,,,,,,2024-03-13,,,,,SKU-7363,,,,,,,,Resolved the outstanding question about scope.
,,Quinn Reyes,Reese Reyes,,,TAG-2567,REF-3312,TAG-4704,,,,,,,nina.costa@sampleco.test,,Taylor Garcia,,,SKU-9679,Omar Mensah,,,,,Active Customer,Followed up on the open items from last week.,Redwood Industries Co,Copper Health Inc,Active,Alpha,Mexico,Standard,,,Followed up on the open items from last week.,Standard,,,,Y,Technology,,,,,,,,,,,Webinar,TAG-5323,TAG-6764,Priya Brooks,,,,,,,Beta,,,SKU-1997,,Delta,,,,,Jamie Silva,,Texas,Y,,REF-7189,,,,,,REF-2379,4260,100001,Company,100700,alex.calder@acme-fake.test,Jordan Vance,2024-07-07 18:12:00,marco.larsson@demomail.test,Jamie Reyes,2023-01-17 02:20:00,mei.garcia@demomail.test,Casey Brooks,2023-05-07 03:58:00,emerson.kim@acme-fake.test,Priya Silva,2022-11-21 02:53:00,N,100001,100001,100001,100001,100001,100001,100001,100001,100001,,100001,100001,100001,100001,100001,100001,100001,2022-10-17 05:32:00,6477,8276,Standard,Gamma,Beta,SKU-4712,575,4500,2861,4540,1807,Other,2023-10-29 03:33:00,1511,2848,Gamma,Alpha,Other,Other,5249,2974,4622,238,8586,Other,2025-10-01 08:07:00,4650,5280,Alpha,REF-1216,,,,,,,,Alpha,2022-10-09,,,,,,,1023,,,,,,2025-09-13,2742,,Gamma,,,,,,,,,,2023-02-16,,,,,,SKU-6894,,,8979,,,,2025-07-22,,,,,,,,,,4750,,,2024-06-26,,,,,,,,,9173,,,,Aligned on billing and renewal terms.
,,Arjun Ford,Drew Mercer,,,SKU-1808,LOT-4518,,,,,,SKU-7919,Beta,noah.ashby@demomail.test,,Casey Cohen,,,,,,TAG-6932,,,Active Customer,Reviewed performance and gathered feedback.,Cobalt Media Ltd,Evergreen Retail LLP,Active,Delta,Philippines,,,,Reviewed performance and gathered feedback.,SMB,,SKU-5680,,Y,Telecommunications,,,,,,,,,,,Event,REF-9997,,Quinn Ashby,REF-3949,REF-6640,,,,,Standard,,LOT-7124,LOT-6517,,Beta,,,,,Reese Costa,,Ohio,N,,TAG-5999,,,,SKU-3905,,SKU-6204,5904,100001,Company,100702,emerson.blake@examplecorp.test,Quinn Garcia,2022-12-07 12:25:00,liam.ashby@examplecorp.test,Jamie Nguyen,2023-08-02 09:01:00,diego.whitfield@examplecorp.test,Reese Whitfield,2024-09-30 10:25:00,skyler.rossi@demomail.test,,2025-08-20 05:30:00,N,100001,100001,100001,100001,100001,100001,100001,100001,,,,100001,,100001,100001,100001,100001,2024-04-09 19:32:00,1346,3861,Alpha,Beta,Standard,SKU-2543,4859,3855,2427,693,5723,Delta,2023-01-23 03:03:00,1587,2550,Other,Other,Alpha,Other,8276,85,7789,1821,5754,Gamma,2023-06-17 17:27:00,,,Other,,Other,,5052,5954,,,,,2023-08-24,2669,3057,,,,,,,,,,,2025-05-29,,,,,REF-4272,,,,,,,Other,2025-02-23,,,,,,,,,,,,,2022-11-07,,,Alpha,,,,,,,,,,2023-05-26,3514,,,REF-4697,,,5150,,,,,,Resolved the outstanding question about scope.
,LOT-2966,Diego Silva,Taylor Sato,,,SKU-6753,,REF-2380,REF-1282,,,,,Beta,nina.nguyen@sampleco.test,,,,,,,"169,520",SKU-4090,,,Past Customer,Noted a concern to revisit at the next sync.,Horizon Group Ltd,Cobalt Networks Inc,Active,Gamma,United Kingdom,,,,Noted a concern to revisit at the next sync.,Standard,,,,N,Energy,,,,"160,455",,,,,,,Inbound Call,REF-3061,SKU-4217,Elena Patel,,TAG-5383,LOT-9939,3193,,,Other,,LOT-7664,LOT-1119,,Delta,,,,,Elena Silva,,Washington,N,,TAG-8508,,,,,,TAG-6153,1882,100001,Company,100704,morgan.sato@examplecorp.test,Chen Dorsey,2025-06-14 07:48:00,nina.nguyen@demomail.test,Mei Sato,2024-02-07 03:18:00,elena.mercer@sampleco.test,Yara Cohen,2024-10-31 12:13:00,jordan.whitfield@acme-fake.test,,2024-02-09 20:33:00,N,100001,100001,100001,100001,100001,,100001,100001,100001,,,100001,100001,100001,100001,100001,100001,2022-12-15 08:33:00,8648,9768,Other,Standard,Beta,TAG-8998,4387,1613,9009,6792,2109,Other,2026-04-18 04:22:00,8402,1640,Beta,Other,Alpha,Standard,3142,5755,2200,3124,5234,Standard,2024-07-29 23:53:00,,,,,,TAG-1375,,,,3513,,,2026-06-01,,,Other,,,,,9069,,,667,,2023-04-20,,,,TAG-9156,LOT-5913,,,,,,,,2025-04-20,,,,,,,,,,,,,2023-12-07,,7089,,,,LOT-2334,,3819,,,,,2026-01-10,,,,TAG-1164,,SKU-7299,,,,,,,Noted a concern to revisit at the next sync.
,,Jordan Cohen,Rowan Whitfield,,,LOT-3544,TAG-9113,TAG-6846,,,,,REF-7447,,omar.mercer@acme-fake.test,,,,,,Chen Ivanov,,SKU-5883,,,Active Customer,Aligned on billing and renewal terms.,Horizon Analytics Ltd,Copper Logistics Corp,Active,Gamma,United States,,,REF-6103,Scheduled a check-in for the coming month.,Renewal,,,,Y,Energy,,,,,,,,Other,,,Referral,,,Avery Blake,TAG-7259,TAG-8209,TAG-2357,,,,Beta,,REF-4618,SKU-2445,,Gamma,,,,,Aisha Nguyen,,Texas,N,,LOT-7485,,,,,,SKU-2903,,100001,Company,100707,liam.ford@acme-fake.test,Mei Ivanov,2025-05-26 05:58:00,sofia.costa@acme-fake.test,Marco Blake,2024-05-03 09:32:00,elena.sato@acme-fake.test,Noah Ashby,2023-12-04 10:47:00,elena.kim@sampleco.test,Diego Sato,2023-11-10 04:11:00,N,100001,100001,100001,100001,,,100001,100001,,,,100001,100001,100001,100001,100001,100001,2024-07-03 01:50:00,3518,8962,Beta,Alpha,Beta,SKU-2977,8875,4440,8613,4035,1368,Standard,2023-07-13 18:02:00,9628,4085,Beta,Delta,Beta,Other,2914,7354,2300,2664,7108,Beta,2026-07-05 16:58:00,1496,,,,,,,,,,,,2024-02-13,,,,,,,,,92,,,,2024-08-11,,,,,,,,2255,,,,,2024-01-25,,,,,,,,,,,,,2024-01-24,2469,,,,,,,,,,,,2024-07-15,,,,,,,,2153,,,,,Reviewed performance and gathered feedback.
,REF-8285,Elena Garcia,Nina Rossi,,,SKU-9268,TAG-3972,,TAG-8905,,,REF-9894,LOT-5509,,diego.cohen@acme-fake.test,Taylor Vance,,Other,,,,,LOT-9719,"93,197",,Active Customer,Shared the updated proposal for review.,Delta Networks LLP,Silverline Retail Group,Active,Other,Canada,,LOT-9991,,Shared the updated proposal for review.,New Logo,,TAG-9059,,Y,Agriculture,,,,,,,,,,,Webinar,SKU-9735,SKU-5646,Mei Kim,REF-8434,LOT-3759,TAG-4619,7848,,,Alpha,,REF-7262,REF-1726,,Other,,,,,Liam Whitfield,,Arizona,Y,,SKU-1590,,,,,,TAG-3191,609,100001,Company,100710,quinn.ivanov@examplecorp.test,Jordan Rossi,2025-08-09 22:24:00,casey.reyes@demomail.test,Noah Larsson,2026-07-03 19:35:00,marco.ivanov@sampleco.test,Taylor Ford,2022-12-27 03:28:00,skyler.cohen@demomail.test,,2023-09-08 14:55:00,Y,,100001,100001,100001,100001,,100001,100001,,100001,100001,100001,100001,100001,100001,,100001,2023-06-01 18:28:00,8475,6417,Gamma,Other,Alpha,SKU-9383,5142,648,1247,7504,5163,Delta,2025-08-24 01:56:00,7911,765,Alpha,Alpha,Gamma,Delta,5848,7241,7424,9069,7346,Gamma,2025-06-07 00:14:00,,,,,,,,,,,,,2024-09-04,,,,,,,,,9886,,1081,,2024-05-21,,,,,,,,,,,,,2026-01-05,,,,,Beta,,8264,,,,,,2025-09-09,,,,,,,,3442,,,,Standard,2024-03-05,,,,,SKU-9598,,5530,,9010,,8602,Alpha,Followed up on the open items from last week.
,,Nina Mensah,Emerson Ford,,,LOT-9179,,,,,,,,,quinn.silva@acme-fake.test,,,,,,Fatima Kim,"145,670",REF-4187,,,Prospect,Discussed timeline and next steps with the account.,Vertex Capital Group,Everest Networks Group,Active,Delta,Australia,,SKU-1980,,Discussed timeline and next steps with the account.,Enterprise,,,,Y,Healthcare,,,,,,,,,,,LinkedIn,REF-1550,SKU-6957,Emerson Haddad,SKU-5024,LOT-7912,REF-8639,,,,Delta,,TAG-9973,TAG-3944,,,,,,,Alex Cohen,,California,N,,TAG-9655,,,,,,REF-3531,7492,100001,Company,100713,taylor.whitfield@sampleco.test,Fatima Vance,2026-07-30 19:15:00,noah.reyes@examplecorp.test,Avery Sato,2023-01-10 23:58:00,nina.sloan@examplecorp.test,Avery Kim,2024-11-26 03:41:00,yara.haddad@sampleco.test,,2026-06-27 12:51:00,N,,100001,,100001,100001,100001,100001,100001,,100001,100001,100001,100001,100001,100001,,100001,2026-02-22 18:07:00,1029,6532,Other,Gamma,Standard,TAG-8120,9705,5693,9147,142,747,Gamma,2026-06-24 09:58:00,2575,2638,Delta,Delta,Delta,Other,7507,1043,6112,1540,6586,Delta,2022-12-14 19:32:00,,3118,Gamma,,,,,9702,8465,,,,2025-02-20,,,,REF-4861,,SKU-6894,3996,,,5502,,,2023-10-13,,1562,Delta,,,,,,,,,,2022-12-04,,,,,,,,,,5976,,,2023-03-21,,,,,,,,,,,9469,,2026-03-23,,,,TAG-1130,,,,,,5518,5713,,Reviewed performance and gathered feedback.
TAG-3001,,Liam Mercer,Arjun Dorsey,,,REF-6783,LOT-7211,,TAG-2607,,SKU-2313,SKU-6638,,Gamma,morgan.whitfield@examplecorp.test,,,,,REF-7684,Quinn Ford,,SKU-4735,,,Active Customer,Resolved the outstanding question about scope.,Evergreen Systems Co,Vertex Labs LLP,Active,Alpha,Germany,Alpha,,,Discussed timeline and next steps with the account.,SMB,,,TAG-9927,,Media,,,,,,,,,,,Event,TAG-2922,LOT-5062,Fatima Rossi,,SKU-9833,REF-3161,,,,,,LOT-5276,TAG-7048,,Other,,,Beta,,Elena Sato,,Arizona,Y,,TAG-2750,,,,,,SKU-4374,5444,100001,Company,100714,alex.calder@demomail.test,Skyler Costa,2025-10-18 11:02:00,noah.haddad@demomail.test,Emerson Calder,2025-09-27 08:50:00,reese.rossi@examplecorp.test,Sofia Rossi,2025-03-30 04:23:00,liam.rossi@acme-fake.test,,2026-04-18 16:41:00,Y,100001,100001,100001,100001,100001,100001,100001,100001,,100001,,100001,,100001,100001,100001,100001,2025-01-08 13:24:00,1757,1732,Delta,Delta,Standard,SKU-8926,838,2270,757,9505,1814,Alpha,2024-06-21 23:58:00,6383,7870,Delta,Alpha,Standard,Standard,9569,4740,9361,2217,7538,Other,2025-07-12 02:16:00,4241,,,,,,9022,2948,,,,Other,2025-08-05,,,,,Beta,,,,,,,,2022-12-20,,,,,,,,,,,,Other,2024-07-15,,,,,,,,,,,,,2022-12-29,,,,,,,306,,,,,Gamma,2025-12-12,,,,,SKU-6075,,,,,,,,Resolved the outstanding question about scope.
SKU-4112,LOT-9617,Chen Blake,Yara Vance,,,TAG-9939,REF-5361,,,,REF-3259,,,,yara.kim@examplecorp.test,Omar Blake,Liam Costa,,TAG-7794,,Yara Nguyen,"70,780",SKU-3061,,,Active Customer,Reviewed performance and gathered feedback.,Cobalt Robotics Co,Silverline Dynamics Inc,Active,Alpha,India,,,,Aligned on billing and renewal terms.,Renewal,,,,N,Healthcare,,,,,,,,,,,Inbound Call,TAG-9181,,Liam Rossi,TAG-2517,REF-2372,LOT-9922,1777,,,Standard,,REF-5057,REF-2805,,Beta,,,,,Jamie Garcia,,Georgia,Y,,REF-7214,,,,,,REF-9567,3914,100001,Company,100717,liam.calder@examplecorp.test,Arjun Mercer,2024-01-16 02:54:00,jamie.garcia@sampleco.test,Emerson Sato,2023-11-23 02:44:00,jamie.garcia@examplecorp.test,Casey Mercer,2024-01-14 13:03:00,morgan.mercer@acme-fake.test,,2025-04-10 08:07:00,Y,100001,100001,100001,100001,100001,100001,100001,100001,100001,,,100001,100001,100001,100001,100001,100001,2026-03-10 23:19:00,6989,8864,Standard,Standard,Delta,TAG-2995,2954,7600,3684,1767,8704,Beta,2024-03-28 00:38:00,3730,641,Standard,Standard,Gamma,Delta,6908,7088,3548,3746,2602,Gamma,2026-05-19 12:26:00,,,Delta,,Alpha,,837,,,,,,2023-09-03,,,,SKU-3663,,,,,,,,,2025-05-05,,,,,,,,,,,,,2022-11-19,,,,,Other,,,,,,,,2023-07-16,,,,,,,,,3169,,7297,,2024-08-06,,,,,,,,,,9096,,,Scheduled a check-in for the coming month.
,,Morgan Cohen,Liam Cohen,,,LOT-5200,REF-6997,,LOT-8917,LOT-4310,,,,,drew.sato@sampleco.test,,Casey Mercer,,,,,,REF-1933,,,Referral Partner,Followed up on the open items from last week.,Lakeside Logistics Inc,Beacon Systems,Active,Beta,United Kingdom,,,,Followed up on the open items from last week.,Renewal,,,,,Financial Services,REF-2469,,,,,Alpha,,,,,LinkedIn,TAG-2795,TAG-6115,Sofia Brooks,SKU-3860,REF-5876,,4024,,,Standard,,TAG-5529,LOT-6305,,Other,,,,,Aisha Rossi,,New York,N,,LOT-5529,,,,,TAG-5603,TAG-6068,7558,100001,Company,100718,casey.okafor@examplecorp.test,Omar Brooks,2024-12-20 04:03:00,avery.ford@examplecorp.test,Fatima Patel,2025-03-30 09:59:00,priya.silva@demomail.test,Alex Ashby,2024-02-25 17:21:00,marco.silva@acme-fake.test,,2024-09-09 16:56:00,N,100001,100001,100001,100001,100001,,100001,100001,100001,100001,100001,,100001,100001,100001,100001,100001,2024-09-24 17:57:00,5534,9980,Other,Standard,Other,LOT-9320,4471,3918,5181,1429,1460,Alpha,2026-05-16 09:42:00,4795,627,Gamma,Delta,Gamma,Delta,8960,3642,9172,2591,3389,Beta,2026-01-06 04:47:00,,4112,,TAG-5753,,,,1416,,,,,2023-05-16,,,Standard,,,,,,,,,Beta,2023-04-26,,,,TAG-3483,,,,,,,,,2024-12-03,9729,,,,,,,,,,,,2023-11-18,,,,,,,,,5092,,,,2024-09-29,,,,,,,,,,,,,Reviewed performance and gathered feedback.
,,Diego Rossi,Rahul Haddad,,,SKU-4601,TAG-4122,LOT-5315,,,,,REF-2610,,drew.patel@sampleco.test,,,,,SKU-9924,,,REF-9348,,,Referral Partner,Shared the updated proposal for review.,Pioneer Systems Group,Delta Ventures Ltd,Active,Beta,Mexico,,,,Shared the updated proposal for review.,New Logo,,SKU-7289,,N,Real Estate,,,,,,,,,,,LinkedIn,SKU-3964,SKU-4783,Mei Garcia,TAG-6767,REF-6309,,3855,,,Standard,,REF-4506,REF-4100,,Delta,,,,,Yara Okafor,,Illinois,Y,,REF-1037,,,,,,REF-7658,3719,100001,Company,100721,morgan.sato@demomail.test,Liam Vance,2026-05-09 13:56:00,emerson.larsson@examplecorp.test,Elena Ivanov,2024-10-13 20:43:00,casey.ashby@examplecorp.test,Drew Silva,2026-07-02 07:16:00,taylor.ashby@sampleco.test,,2024-03-04 16:13:00,Y,100001,100001,100001,100001,100001,100001,100001,100001,,100001,100001,100001,100001,100001,100001,,100001,2022-10-09 20:48:00,8424,3488,Gamma,Alpha,Beta,REF-4238,4138,4770,3390,3233,6700,Delta,2022-10-08 07:51:00,5774,5308,Standard,Beta,Delta,Gamma,5994,1268,2005,9809,2120,Alpha,2025-09-28 13:06:00,,,,REF-5585,,,,9311,,679,9367,,2023-07-18,,,,,,,,,,,,Standard,2024-11-23,,,,,,,,,,,,Alpha,2024-11-23,,,,,,,,,,1344,,,2025-01-30,,,,,,,9795,,,4884,,,2026-06-07,,,Beta,,,,,,8804,,,Gamma,Scheduled a check-in for the coming month.
,,Yara Calder,Jamie Sloan,,,TAG-8474,REF-3752,,,REF-1444,,,,,quinn.ford@sampleco.test,Noah Dorsey,Mei Ashby,,,,,,REF-1021,,,Referral Partner,Aligned on billing and renewal terms.,Ironwood Partners Group,Vertex Systems LLC,Active,Other,India,Beta,SKU-1246,REF-5699,Shared the updated proposal for review.,Standard,,,,N,Professional Services,,,,,,,,,,,LinkedIn,TAG-3015,SKU-2989,Taylor Nguyen,TAG-5870,SKU-7447,LOT-1804,8549,,,Beta,,SKU-5423,SKU-1605,,Alpha,,,Delta,,Nina Silva,,California,Y,,TAG-7128,,,,,,LOT-1343,7611,100001,Company,100724,marco.reyes@examplecorp.test,Sofia Brooks,2025-05-12 12:56:00,skyler.mensah@acme-fake.test,Morgan Ashby,2024-08-31 12:23:00,reese.costa@sampleco.test,Jordan Nguyen,2023-08-19 09:43:00,liam.larsson@acme-fake.test,,2025-10-02 12:14:00,N,100001,100001,,100001,,,100001,100001,,100001,,100001,,100001,100001,,100001,2023-05-26 07:55:00,8830,3015,Other,Alpha,Delta,LOT-1340,3614,5334,2731,7458,7014,Standard,2023-12-16 19:18:00,6625,2727,Standard,Gamma,Other,Delta,5343,6385,5906,6960,343,Standard,2023-02-10 10:01:00,5102,,,,,,,,4253,,,,2023-11-29,,,,,,,,,,1348,,Other,2025-05-11,,,,,,,,,,,,,2025-01-18,7911,,,,,,,,8999,,,,2023-10-15,,,,LOT-9148,,,,,,,,,2024-06-26,,,,,,,,,,,8179,,Resolved the outstanding question about scope.
,LOT-5267,Yara Mensah,Taylor Cohen,,,SKU-8930,REF-3251,,LOT-8920,TAG-1253,,,,,jordan.garcia@examplecorp.test,,Skyler Cohen,,,,Diego Costa,,,,,Active Customer,Discussed timeline and next steps with the account.,Vertex Foods Co,Meridian Textiles LLP,Active,Gamma,United Kingdom,,SKU-3230,,Aligned on billing and renewal terms.,SMB,,,,Y,Telecommunications,,Delta,,,,,N,,,,Event,TAG-4947,LOT-6480,Marco Sloan,LOT-4441,TAG-1351,,8954,,,Delta,,REF-7784,REF-8869,,Other,,,,,Jamie Patel,,Arizona,N,,REF-2528,,,,TAG-2220,,SKU-6225,9706,100001,Company,100726,avery.larsson@examplecorp.test,Skyler Mercer,2025-12-14 16:52:00,chen.ashby@demomail.test,Morgan Vance,2023-09-15 11:21:00,avery.rossi@demomail.test,Yara Mercer,2023-08-15 16:58:00,sofia.ashby@sampleco.test,,2022-10-22 03:20:00,Y,100001,100001,100001,100001,100001,,100001,100001,,,,100001,100001,100001,100001,100001,100001,2025-06-15 18:39:00,9065,1765,Alpha,Alpha,Other,REF-6469,7920,5927,2384,5134,8033,Beta,2025-04-23 15:57:00,1297,2835,Other,Beta,Standard,Other,3708,9630,2603,3484,7776,Delta,2024-12-28 13:59:00,,,,,,,6161,,,,,,2026-01-18,,,,,,,,,,,,,2026-04-01,,,,,,REF-1218,,,,,,,2023-05-10,,,Standard,,,,,,,,,Alpha,2025-03-24,,,,,,,,,,,,,2024-06-12,,,,,,,2197,,3850,,,,Noted a concern to revisit at the next sync.
,,Emerson Dorsey,Casey Sato,,,,,,,,,,,,fatima.cohen@examplecorp.test,,,,TAG-9764,,,,SKU-9524,,,Referral Partner,Discussed timeline and next steps with the account.,Pioneer Labs,Redwood Networks LLP,Active,Alpha,Mexico,,,,,Renewal,,,,Y,Manufacturing,,,,,,,,,,,Website,,,Yara Sloan,SKU-5883,TAG-8026,SKU-7384,3725,,,Standard,,,LOT-6948,,Gamma,,,,,Nina Okafor,,Florida,Y,,REF-2396,,,,,,REF-5214,,100001,Company,100727,casey.vance@examplecorp.test,Reese Mercer,2024-12-25 00:48:00,morgan.whitfield@examplecorp.test,Emerson Brooks,2023-03-27 23:47:00,skyler.silva@examplecorp.test,Avery Garcia,2025-08-06 20:43:00,skyler.reyes@sampleco.test,,2026-04-03 20:33:00,Y,,100001,,100001,100001,100001,100001,100001,100001,100001,100001,100001,100001,100001,,100001,100001,2025-03-29 23:42:00,7446,6365,Beta,Other,Standard,TAG-5195,8055,115,2374,1987,6519,Delta,2023-02-11 02:28:00,4252,5872,Other,Other,Beta,Gamma,3336,9836,7817,34,4699,Beta,2024-01-20 00:11:00,,,,LOT-7709,,,,,3201,,,,2024-06-08,,2699,,,,LOT-1307,,,,,,,2025-07-05,,,Alpha,,,,,,,,,,2025-12-02,,,,,,,,,,,,,2026-05-22,,,,,Gamma,REF-9700,,,,2108,5433,,2023-10-01,,,,TAG-7995,SKU-7029,,3176,,,,,,Followed up on the open items from last week.
REF-1127,REF-1475,Skyler Nguyen,Rahul Calder,,,REF-9078,LOT-7926,,LOT-6900,,,,SKU-8224,,casey.larsson@acme-fake.test,Rowan Calder,,,,,,"72,512",REF-1719,,,Active Customer,Noted a concern to revisit at the next sync.,Summit Health LLC,Pioneer Group Inc,Active,Other,United States,,,,Discussed timeline and next steps with the account.,SMB,,,,Y,Construction,,,,,,,,Alpha,,,LinkedIn,REF-2252,,Arjun Ashby,LOT-7435,REF-9230,,6518,,,Gamma,,SKU-8594,,,Other,,,,,Casey Costa,,Colorado,Y,,TAG-9329,,,,,,REF-8322,3126,100001,Company,100730,fatima.nguyen@sampleco.test,Diego Silva,2024-01-31 17:09:00,chen.blake@demomail.test,Emerson Okafor,2024-08-14 15:38:00,rowan.vance@acme-fake.test,Diego Rossi,2023-05-13 12:15:00,yara.patel@demomail.test,Sofia Mensah,2023-12-07 04:40:00,Y,100001,100001,100001,100001,100001,100001,100001,100001,100001,,,100001,100001,,100001,,100001,2023-09-10 06:43:00,8134,6532,Delta,Other,Beta,SKU-7196,1900,2607,4003,6385,2889,Standard,2023-10-03 14:40:00,5953,9641,Beta,Beta,Standard,Alpha,7189,9570,6141,7325,3324,Standard,2025-08-11 06:21:00,,,,,,,,,,,,,2024-10-11,,,Other,,,REF-1211,,,,,,,2025-02-26,,,,,,,,,,,,Beta,2023-04-09,,,,,,,,,21,,,,2025-11-16,,,Beta,,,,,120,,,,,2023-09-07,,,,,,,,2608,,,8520,Delta,Noted a concern to revisit at the next sync.
SKU-8355,TAG-3596,Rowan Rossi,Priya Rossi,,,LOT-3341,,,SKU-9100,,,,TAG-2988,,fatima.whitfield@sampleco.test,,Chen Calder,,,SKU-3723,Quinn Haddad,,TAG-3186,,,Referral Partner,Followed up on the open items from last week.,Atlas Labs,Atlas Retail Inc,Active,Other,Philippines,,,,Noted a concern to revisit at the next sync.,Renewal,,,,,Media,,,,,,,,Gamma,,,Referral,LOT-6838,,Noah Silva,REF-1903,LOT-1220,,,Y,,Alpha,,TAG-1796,LOT-1668,,Other,,,,,Omar Ford,,Colorado,N,,REF-5453,,,,,,REF-2567,,100001,Company,100732,taylor.okafor@examplecorp.test,Noah Ashby,2024-03-02 14:29:00,morgan.mensah@sampleco.test,Jamie Okafor,2025-10-05 18:28:00,alex.mensah@examplecorp.test,Aisha Brooks,2024-10-25 19:02:00,quinn.dorsey@acme-fake.test,,2026-03-05 10:16:00,Y,,100001,100001,100001,100001,100001,100001,100001,100001,,,100001,100001,100001,100001,100001,100001,2024-09-05 23:38:00,2374,7911,Gamma,Gamma,Delta,REF-5779,2225,9507,8911,6032,1958,Beta,2023-06-28 14:21:00,5639,7686,Beta,Standard,Other,Standard,7477,4894,6407,7471,4946,Delta,2026-06-25 14:49:00,9336,,,,,,,342,3267,5725,,,2023-07-11,5410,450,,,,TAG-6684,,4070,,4701,1354,,2025-10-23,,,,,,,,,,,,,2023-10-20,,,,,,,,,,,,,2023-09-09,5282,,Other,,,,,,,,,Beta,2023-05-06,,,,,,,,7753,,,,,Aligned on billing and renewal terms.
,,Rahul Sloan,Sofia Ashby,,,TAG-6087,REF-7663,,,,,,,Beta,alex.vance@sampleco.test,Reese Nguyen,Casey Blake,,,,,,,,,Past Customer,Reviewed performance and gathered feedback.,Redwood Capital Corp,Harbor Health LLC,Inactive,Other,United Kingdom,,,,Noted a concern to revisit at the next sync.,SMB,,REF-8490,,,Professional Services,,Gamma,,,,,,Delta,,,Inbound Call,TAG-5358,,Drew Reyes,,,,,,,Standard,,LOT-2701,LOT-7138,,,Gamma,,,,Reese Vance,,New York,N,,SKU-8173,,,,,,TAG-5648,7183,100001,Company,100733,sofia.ashby@demomail.test,Reese Brooks,2023-01-23 06:24:00,rowan.ashby@demomail.test,Jordan Silva,2023-04-17 18:47:00,diego.ivanov@sampleco.test,Elena Blake,2026-01-16 03:13:00,alex.brooks@demomail.test,,2022-10-19 00:35:00,Y,100001,100001,100001,100001,,,100001,100001,,100001,100001,100001,100001,100001,100001,100001,100001,2026-06-14 06:05:00,6634,9005,Delta,Delta,Other,REF-9822,8691,9694,768,6367,8015,Gamma,2026-01-20 16:34:00,6028,7687,Standard,Delta,Gamma,Standard,4868,9998,184,8910,2611,Standard,2026-06-20 00:34:00,,,,TAG-5638,,,,,,754,5808,,2024-04-13,,,,,,,,,,,,,2023-11-24,,,,,,SKU-2392,2096,,,,,,2025-06-18,,,,,,,,,,,,,2025-08-25,,,,,,TAG-5822,,,,,,,2023-06-27,,,Standard,,,,,,,,,Gamma,Shared the updated proposal for review.
,LOT-4057,Drew Costa,Avery Cohen,,,,REF-7165,REF-6738,,,,,,,jamie.ivanov@examplecorp.test,,,,,,Reese Blake,"203,362",TAG-2363,,,Prospect,Discussed timeline and next steps with the account.,Harbor Financial Group,Delta Solutions Corp,Active,Alpha,Mexico,,,,Aligned on billing and renewal terms.,Renewal,,,,N,Construction,,,,,,,,,,,Cold Outreach,TAG-4089,SKU-8887,Arjun Dorsey,LOT-6206,TAG-6561,,,,,Gamma,,SKU-4192,SKU-7012,,,,,,,Chen Silva,,Washington,Y,,TAG-3720,,,,,,SKU-9905,1281,100001,Company,100735,skyler.ivanov@demomail.test,Quinn Calder,2025-10-08 23:40:00,avery.mercer@examplecorp.test,Drew Garcia,2026-06-15 08:34:00,rowan.sato@acme-fake.test,Aisha Mercer,2025-06-19 16:46:00,skyler.nguyen@acme-fake.test,Reese Larsson,2025-12-10 07:37:00,N,100001,100001,100001,100001,100001,,100001,100001,,,,100001,100001,100001,100001,,100001,2023-02-22 17:09:00,8697,1655,Other,Gamma,Other,SKU-6415,6087,7473,1346,8756,1990,Beta,2023-10-19 04:25:00,8194,1024,Gamma,Beta,Standard,Other,2181,3625,4282,5189,3743,Delta,2025-06-12 18:48:00,361,,,,Alpha,,,,,,,,2025-12-23,,2304,,,,,,,,,,,2026-01-22,,,,,,,,,,3820,,,2024-08-28,5199,5760,,,,,,,,,,,2023-05-28,,,,,,,,,,,,,2024-05-03,,,,,,,,,,,,,Scheduled a check-in for the coming month.
LOT-9334,,Fatima Haddad,Alex Ashby,,,LOT-9832,SKU-7657,,,,,,,,noah.ashby@acme-fake.test,,,,,,,,TAG-6984,,,Active Customer,Followed up on the open items from last week.,Granite Retail Ltd,Cardinal Health Inc,Active,Other,Germany,,,SKU-5072,,New Logo,,,,N,Logistics,,,,,,,,,N,,Webinar,LOT-9710,,Noah Cohen,REF-7922,SKU-2985,,5933,,,Alpha,,REF-1746,,,Delta,,,,,Chen Sloan,,Washington,Y,,,,,,,,LOT-7371,2055,100001,Company,100737,omar.garcia@demomail.test,Jamie Mensah,2025-12-27 13:48:00,jordan.okafor@sampleco.test,Liam Cohen,2023-05-01 08:52:00,chen.sato@acme-fake.test,Taylor Patel,2023-09-25 12:29:00,riley.calder@examplecorp.test,,2025-06-18 07:16:00,N,,100001,,100001,100001,,100001,100001,100001,100001,,100001,100001,100001,100001,,100001,2024-06-01 10:45:00,7828,8533,Alpha,Delta,Beta,SKU-2269,8804,573,9795,7411,8577,Gamma,2024-10-31 10:31:00,7001,164,Alpha,Standard,Alpha,Standard,8711,4691,1693,6485,2036,Standard,2023-06-09 14:12:00,,,,,,,,,,,,,2025-03-23,,4774,,REF-6793,Delta,SKU-2490,6145,6360,,,,,2026-04-08,,,Beta,,,,709,,,,,,2023-04-02,,,Standard,,,,,,,,,,2025-08-21,,,,,,,,,,,,,2022-11-19,,,,,,,,,,,,,Aligned on billing and renewal terms.
,,Taylor Rossi,Alex Cohen,,,TAG-1076,TAG-7772,,LOT-1014,,LOT-3112,,,Standard,jamie.whitfield@sampleco.test,,,,REF-4798,TAG-8968,Aisha Kim,,SKU-3021,,,Active Customer,Noted a concern to revisit at the next sync.,Blue Ridge Financial Co,Keystone Foods Ltd,Active,Standard,Germany,,,,Discussed timeline and next steps with the account.,SMB,,,,N,Hospitality,,,,,,,,,,,Cold Outreach,LOT-8358,,Riley Garcia,TAG-8600,REF-1836,,,,,,,LOT-7045,TAG-9867,,Beta,,,,,Diego Okafor,,California,N,,TAG-9619,,,,,,TAG-1752,4432,100001,Company,100739,chen.patel@acme-fake.test,Marco Garcia,2023-11-28 21:37:00,yara.nguyen@acme-fake.test,Reese Haddad,2023-11-15 09:25:00,aisha.sato@demomail.test,Emerson Larsson,2023-12-12 06:07:00,marco.larsson@acme-fake.test,,2024-08-26 04:39:00,N,,100001,,100001,100001,,100001,100001,,,100001,100001,100001,100001,100001,100001,100001,2025-06-28 20:40:00,7659,7970,Beta,Beta,Gamma,LOT-8076,1873,64,9671,2147,4978,Standard,2025-12-20 21:18:00,7122,7034,Other,Gamma,Standard,Other,6119,5377,4194,6638,1075,Alpha,2026-06-24 15:50:00,7023,,,,,,,,7496,8118,,,2024-01-01,,,Delta,,,SKU-9241,,8531,6402,,,,2026-07-28,7119,,,,,,,,,,,,2023-05-31,,,,,,,,,,,,,2024-12-29,,,,,,,,,9406,,,,2023-12-22,,,,,,,,,,,,,Resolved the outstanding question about scope.
,,Priya Sloan,Yara Mensah,,,TAG-9046,REF-4405,,,LOT-9983,,,TAG-3505,Standard,diego.ford@examplecorp.test,Sofia Okafor,Riley Silva,,,SKU-5052,,,TAG-3461,,,Active Customer,Reviewed performance and gathered feedback.,Horizon Systems LLC,Cardinal Robotics Corp,Active,Gamma,Canada,,,TAG-4745,Shared the updated proposal for review.,Standard,,LOT-1555,,N,Construction,,,,,,,,,N,,Partner,,SKU-1316,Nina Mensah,LOT-5435,LOT-9488,TAG-5361,,,Y,Alpha,,LOT-3438,LOT-9202,,Other,,,,Other,Morgan Cohen,,Ohio,N,,TAG-2460,,,,,,TAG-8982,8656,100001,Company,100740,casey.kim@acme-fake.test,Reese Ivanov,2025-08-14 03:48:00,sofia.whitfield@sampleco.test,Rahul Sato,2024-06-13 07:02:00,jordan.costa@sampleco.test,Alex Ivanov,2024-10-01 02:54:00,sofia.nguyen@sampleco.test,,2025-05-01 04:09:00,N,,100001,100001,100001,100001,,100001,100001,,100001,100001,100001,100001,100001,100001,100001,100001,2025-04-14 07:12:00,1043,3102,Gamma,Standard,Gamma,SKU-8146,674,1605,2097,7971,3884,Gamma,2025-08-06 13:16:00,3432,5643,Beta,Gamma,Standard,Other,1154,4024,7547,3811,9861,Alpha,2024-06-26 22:22:00,7677,,,REF-8754,,,,,,,,,2025-02-04,,,Gamma,,,,,,9479,,,,2025-10-04,,1059,,,REF-5615,,,,5294,,,,2024-09-23,,,,,Alpha,,8751,,,,5155,,2023-02-08,3503,8256,,TAG-9761,,,,,,,,Alpha,2025-08-14,,,,,,,,,,,,Other,Discussed timeline and next steps with the account.
REF-1817,REF-7967,Alex Dorsey,Reese Garcia,,,,,TAG-7558,,TAG-5716,,,REF-1527,,yara.cohen@demomail.test,,,,,,,,LOT-2154,,,Active Customer,Reviewed performance and gathered feedback.,Silverline Partners,Atlas Media Ltd,Active,Standard,United Kingdom,,SKU-6284,,Discussed timeline and next steps with the account.,New Logo,,,,Y,Construction,,,,,,,,,,,Referral,LOT-3918,,Emerson Ashby,LOT-4750,TAG-1068,,4772,,,Other,,TAG-3429,REF-6362,,,,,,,Diego Cohen,,Georgia,Y,,LOT-6433,,,,,,LOT-6996,5473,100001,Company,100741,mei.kim@acme-fake.test,Sofia Ashby,2026-02-05 16:29:00,sofia.silva@sampleco.test,Elena Ford,2022-10-03 16:40:00,fatima.reyes@sampleco.test,Chen Blake,2024-04-16 17:19:00,emerson.sato@acme-fake.test,Riley Vance,2024-11-29 10:09:00,Y,100001,100001,100001,100001,100001,100001,100001,100001,100001,100001,,,100001,100001,100001,100001,100001,2024-07-14 00:11:00,8801,7811,Other,Standard,Alpha,LOT-7324,8291,8841,7659,689,7632,Gamma,2024-04-20 01:20:00,6515,2690,Delta,Delta,Gamma,Other,7970,232,3322,2532,1465,Other,2023-03-22 01:43:00,,,Delta,LOT-5923,Gamma,,,,5717,,,,2025-11-02,,,,,Standard,,,,,,6818,Beta,2023-03-05,6449,,Gamma,,,,,2061,,,,,2023-05-16,,,,,,LOT-6950,,,,,,,2025-11-08,,,Beta,,,,2227,,,,,Gamma,2025-02-13,6489,,,,,,,,,,,Alpha,Discussed timeline and next steps with the account.
,,Yara Ford,Quinn Okafor,,,,,,,,,,REF-8452,,arjun.okafor@acme-fake.test,,,,,,,,REF-2684,,,Active Customer,Discussed timeline and next steps with the account.,Cardinal Logistics Group,Atlas Media,Inactive,Gamma,United Kingdom,,,,Discussed timeline and next steps with the account.,New Logo,,,,Y,Financial Services,SKU-2453,,,,,,,,,,Webinar,SKU-2222,TAG-3904,Emerson Ford,LOT-7971,SKU-9060,,,,,Beta,,REF-5006,LOT-2443,,Alpha,,,,,Marco Dorsey,,Florida,Y,,REF-3006,,,,TAG-6596,,,42,100001,Company,100743,rahul.dorsey@examplecorp.test,Arjun Mercer,2023-04-09 21:51:00,mei.sloan@sampleco.test,Morgan Kim,2023-06-16 05:10:00,jamie.reyes@sampleco.test,Reese Larsson,2025-02-20 13:08:00,aisha.reyes@sampleco.test,,2026-06-08 20:36:00,N,100001,100001,,100001,100001,100001,100001,100001,100001,,100001,100001,,100001,100001,100001,100001,2023-03-16 16:03:00,8812,8850,Other,Gamma,Alpha,SKU-1378,9942,2289,3593,7196,2774,Beta,2023-08-17 02:58:00,1570,9664,Gamma,Beta,Gamma,Other,1855,6641,5358,2965,4485,Standard,2024-11-29 16:08:00,,,,,Gamma,,,,,,,,2024-07-26,3916,,,,Other,,7149,,8174,,,,2025-03-13,,,,,,,,,,,,,2023-12-25,,,,TAG-1961,,,,,,,,,2023-12-16,956,,,,,,,,,,,,2025-08-11,,,,,,,1092,,,,,,Followed up on the open items from last week.
LOT-1229,,Yara Rossi,Chen Rossi,,,TAG-5328,LOT-6761,,TAG-2372,,,,,Delta,riley.whitfield@sampleco.test,,Aisha Rossi,,SKU-1041,,,,TAG-1669,,,Prospect,Scheduled a check-in for the coming month.,Granite Systems LLP,Keystone Ventures Ltd,Active,Delta,Germany,,,,Reviewed performance and gathered feedback.,SMB,,,,N,Financial Services,,,,,,,Y,,,,Website,,,Omar Ivanov,TAG-1860,SKU-6935,REF-7851,5190,,,Beta,,REF-7541,TAG-5617,,Delta,,,,,Jordan Whitfield,,Texas,N,,TAG-1486,,,,,SKU-6558,LOT-6933,8462,100001,Company,100745,nina.calder@sampleco.test,Reese Mensah,2025-04-16 17:03:00,marco.whitfield@sampleco.test,Mei Sato,2023-06-23 16:43:00,liam.dorsey@sampleco.test,Avery Calder,2024-08-16 02:39:00,diego.larsson@demomail.test,,2024-08-31 06:56:00,N,,100001,100001,100001,100001,,100001,100001,,,100001,100001,100001,100001,100001,,100001,2025-11-12 09:20:00,2902,2901,Gamma,Other,Standard,LOT-3680,7867,6425,9951,9892,6138,Standard,2023-03-19 06:48:00,4144,1608,Other,Delta,Gamma,Beta,2107,5187,204,2674,5699,Other,2024-04-19 20:52:00,,,,,Alpha,,,,,,799,,2023-01-25,,,,,,REF-5466,2196,,,,4848,Gamma,2023-04-14,,,,,,,,,,,,Alpha,2026-07-08,,,,,,,,,,,,Standard,2024-06-01,,,,,Other,,,,,,431,,2023-07-29,,,,,,,,,9021,,,,Discussed timeline and next steps with the account.
,,Nina Ashby,Liam Patel,,,SKU-8326,LOT-8890,SKU-8011,REF-1951,LOT-6773,,,,,liam.ashby@examplecorp.test,,Priya Brooks,,,LOT-4466,Sofia Silva,,SKU-1850,,,Active Customer,Resolved the outstanding question about scope.,Copper Systems LLP,Silverline Dynamics,Active,Beta,Philippines,,,,Scheduled a check-in for the coming month.,Renewal,,,,Y,Construction,,,,,,,,,,,Event,,LOT-4163,Nina Ford,SKU-9281,REF-8104,SKU-3983,,,,Standard,,REF-3425,LOT-9377,,Gamma,,,,,Omar Cohen,,California,Y,TAG-3752,LOT-5111,,,,,,LOT-9098,3893,100001,Company,100747,reese.brooks@acme-fake.test,Marco Larsson,2023-08-17 00:06:00,reese.ivanov@examplecorp.test,Quinn Okafor,2026-05-18 19:49:00,quinn.reyes@acme-fake.test,Liam Kim,2023-08-04 16:01:00,morgan.okafor@acme-fake.test,Skyler Reyes,2024-06-25 10:00:00,N,100001,100001,,100001,100001,100001,100001,100001,,,,100001,100001,100001,100001,,100001,2023-11-08 12:53:00,448,6815,Gamma,Standard,Alpha,LOT-5129,1906,899,3358,6163,5175,Gamma,2022-12-24 17:22:00,5830,7208,Standard,Beta,Other,Beta,2826,1906,4745,5247,7997,Beta,2026-03-28 16:48:00,,7112,,,,,,,2513,,,,2026-04-19,,,Beta,,,,,,,8185,,Other,2022-10-06,,,,,,,,,1474,,,,2026-01-21,,,,,,,,,,,,,2025-03-29,9630,,,SKU-8801,,,8060,,,,2428,,2025-06-20,,,,,TAG-5001,,,,,,,,Resolved the outstanding question about scope.
,,Aisha Mensah,Quinn Garcia,,,REF-7541,,,SKU-9569,TAG-9736,,,SKU-6304,,jamie.whitfield@sampleco.test,,,,,,Priya Sato,,SKU-3891,,,Active Customer,Aligned on billing and renewal terms.,Falcon Labs,,Active,Beta,Philippines,,,,Shared the updated proposal for review.,Renewal,,,,N,Technology,,,,,,,,,,,Website,REF-9606,SKU-8087,Alex Haddad,SKU-4836,SKU-9211,LOT-6728,5517,,,Beta,,TAG-7895,REF-7156,,Beta,,"33,041",,,Casey Calder,,Colorado,Y,,SKU-4930,,,,SKU-6727,,TAG-5343,9017,100001,Company,100750,avery.whitfield@demomail.test,Rahul Larsson,2025-10-25 23:04:00,chen.vance@demomail.test,Sofia Nguyen,2025-06-20 07:55:00,noah.larsson@sampleco.test,Emerson Haddad,2023-07-11 13:28:00,skyler.dorsey@examplecorp.test,,2023-07-13 03:25:00,Y,100001,100001,100001,100001,,,100001,100001,100001,100001,,100001,,100001,100001,100001,100001,2023-01-21 17:04:00,9898,4528,Delta,Standard,Gamma,LOT-3062,561,3542,8737,8216,7914,Alpha,2023-06-05 14:46:00,7664,6568,Delta,Alpha,Other,Delta,2071,1981,6658,7119,4309,Beta,2024-03-08 02:21:00,605,5783,,,,LOT-6083,7724,,,,,,2025-05-05,3441,,,,,,,2868,,,,,2026-04-19,,,,,,,,,,,,,2023-09-15,,,,,,,,2768,,,,,2025-08-25,,,,,Standard,,6733,,,,,,2024-07-03,,,,,,,398,,,,,,Resolved the outstanding question about scope.
,,Priya Larsson,Rahul Brooks,,,REF-3969,TAG-2238,REF-6660,,TAG-2913,,,SKU-2051,,chen.patel@demomail.test,Marco Mensah,,,,,Taylor Dorsey,,REF-3715,,,Active Customer,Noted a concern to revisit at the next sync.,Silverline Textiles Ltd,Keystone Capital Inc,Active,Gamma,Philippines,,,,Shared the updated proposal for review.,Enterprise,,,REF-5679,N,Energy,,,,,,Delta,,,,,LinkedIn,LOT-5702,,Casey Ford,TAG-3491,REF-4752,,,,,Gamma,,REF-9384,SKU-4221,,,,,,,Priya Haddad,,Colorado,N,,SKU-2512,,,,,,TAG-8507,4645,100001,Company,100751,rowan.blake@examplecorp.test,Elena Reyes,2026-07-07 17:30:00,taylor.sloan@examplecorp.test,Sofia Dorsey,2026-07-07 18:18:00,skyler.brooks@examplecorp.test,Avery Cohen,2023-03-20 13:09:00,chen.patel@sampleco.test,,2024-11-02 16:01:00,Y,100001,100001,100001,100001,100001,,100001,100001,,100001,,100001,100001,100001,100001,,100001,2026-06-08 17:17:00,8934,6962,Delta,Gamma,Alpha,SKU-7149,643,5853,834,9489,6257,Beta,2023-03-09 03:27:00,3935,1225,Gamma,Beta,Standard,Beta,2252,7394,7900,251,2448,Beta,2024-12-02 03:04:00,,,,REF-2163,,,,6141,,,,Standard,2025-09-23,6074,,,,,,,,,,,,2024-02-18,2309,,,,,,,,,,,,2025-05-14,,,,,,,,,,2481,,,2026-01-30,,,,,,LOT-6393,,7927,,,,,2025-05-31,,,,,TAG-6473,,,,,,7517,,Aligned on billing and renewal terms.
,,,Alex Cohen,,,,REF-4367,,,REF-8814,,,TAG-5170,Alpha,drew.cohen@demomail.test,Jamie Ford,,,,,,,LOT-5615,,,Referral Partner,Aligned on billing and renewal terms.,Beacon Capital Inc,Falcon Solutions LLC,Active,Other,Australia,,,,Noted a concern to revisit at the next sync.,Standard,,,,N,Construction,LOT-7961,,,,,,,,,,Referral,LOT-9234,LOT-6386,Diego Sloan,LOT-6140,SKU-3094,SKU-9425,912,,,Beta,,,,,Delta,,,,,Sofia Blake,,Illinois,Y,,REF-5620,,,,LOT-4759,,LOT-5054,,100001,Company,100753,elena.mercer@sampleco.test,Nina Cohen,2024-07-08 11:38:00,drew.blake@sampleco.test,Morgan Costa,2023-05-06 12:22:00,taylor.rossi@demomail.test,Nina Calder,2024-07-16 00:54:00,jamie.silva@acme-fake.test,,2024-12-24 11:24:00,Y,100001,100001,100001,100001,100001,,100001,100001,,100001,100001,100001,100001,100001,100001,,100001,2023-11-22 16:55:00,7564,5438,Beta,Gamma,Other,TAG-5320,5800,1625,9181,1815,5143,Alpha,2025-09-14 02:02:00,1409,5769,Other,Gamma,Delta,Alpha,6848,5848,1136,6145,2095,Beta,2022-12-27 23:49:00,,,,,,,,,,,,,2025-07-12,5214,,Alpha,,,,4317,,,,,,2024-12-02,,,,,,,,,,,,,2026-02-12,,9638,,,,,,,24,,,,2026-03-20,,,,,,,,,,,,,2024-05-15,,,,,,,,,,,1745,,Followed up on the open items from last week.
,,Chen Ford,Skyler Garcia,,,TAG-2949,TAG-4382,TAG-7815,,,,,,Standard,priya.whitfield@demomail.test,,,,,REF-9467,,,SKU-9817,,,Active Customer,Scheduled a check-in for the coming month.,Everest Health Corp,Beacon Foods LLP,Inactive,Gamma,Germany,,,TAG-2791,Scheduled a check-in for the coming month.,Renewal,,SKU-1471,,Y,Telecommunications,,,,,,,,,,,Webinar,LOT-1803,,Elena Kim,SKU-3618,LOT-2548,SKU-8406,2550,,,Beta,,,,,Standard,,,,,Quinn Costa,,Washington,Y,,LOT-2836,,,,,,SKU-9694,6302,100001,Company,100756,noah.reyes@examplecorp.test,Sofia Haddad,2023-07-01 22:01:00,nina.rossi@demomail.test,Marco Nguyen,2023-10-08 03:05:00,elena.ivanov@acme-fake.test,Rowan Nguyen,2025-05-28 03:19:00,emerson.dorsey@acme-fake.test,,2023-03-16 21:09:00,N,,100001,100001,100001,100001,100001,100001,100001,100001,100001,100001,100001,,100001,100001,,100001,2024-05-10 04:08:00,722,4167,Delta,Alpha,Beta,REF-7311,3128,2780,4593,4618,4739,Beta,2026-01-11 18:30:00,140,5185,Alpha,Delta,Beta,Alpha,753,9751,7808,938,5886,Other,2025-06-04 09:12:00,,,,,,,5590,,8165,,,,2023-08-20,,,,,,,,,,,8776,,2023-01-20,,,,,,,3021,,,,,,2025-01-10,,8459,,TAG-5079,,,,,8299,,,,2025-05-15,,,Gamma,,Other,,,2976,,,,Gamma,2023-09-08,,,,,TAG-6979,,,,,,,,Shared the updated proposal for review.
,,Mei Patel,Yara Ford,,,REF-2264,,,,,,TAG-8669,,,reese.whitfield@demomail.test,,,,,,,,SKU-3167,,,Active Customer,Resolved the outstanding question about scope.,Beacon Group LLC,Everest Industries,Active,Gamma,Philippines,,,SKU-2327,Scheduled a check-in for the coming month.,New Logo,,,,N,Agriculture,,,,"189,339",,,,,,,Website,,LOT-1100,Jordan Garcia,TAG-8953,REF-1609,,1079,,,Standard,,TAG-3848,TAG-9494,,,,,,,Marco Ivanov,,Texas,Y,REF-3834,REF-8057,,,,,,TAG-6078,,100001,Company,100758,morgan.brooks@demomail.test,Aisha Vance,2025-12-23 15:55:00,avery.mercer@sampleco.test,Arjun Nguyen,2025-12-10 18:01:00,quinn.mensah@sampleco.test,Rowan Brooks,2024-07-20 12:20:00,morgan.silva@sampleco.test,,2024-10-31 08:31:00,N,100001,100001,100001,100001,100001,,100001,100001,,,,100001,,100001,100001,,100001,2024-11-21 17:36:00,5409,7938,Standard,Other,Alpha,SKU-8937,3444,1866,2967,1057,1973,Alpha,2023-10-21 10:05:00,1011,8241,Other,Delta,Beta,Alpha,4676,8392,1470,9868,7082,Standard,2024-10-14 19:42:00,3145,,,,Delta,,532,,,,,Beta,2022-11-26,,,,,,,,,2375,,6197,,2022-11-15,,,Standard,,,,,,,,353,,2023-08-04,,,Gamma,LOT-3117,,,,,,7068,,,2022-10-20,8298,,,,,,,,,,,,2023-06-14,,,,,SKU-2690,,,,,,6368,Gamma,Discussed timeline and next steps with the account.
,,Noah Reyes,Emerson Brooks,,,LOT-8484,SKU-4266,SKU-6419,,,,,,,priya.whitfield@examplecorp.test,Rahul Costa,,,,,,,REF-2052,,,Active Customer,Reviewed performance and gathered feedback.,Falcon Dynamics Corp,Harbor Solutions Co,Active,Standard,Philippines,,,,Resolved the outstanding question about scope.,Standard,,LOT-7753,,Y,Hospitality,,,,,,,,,,,Webinar,SKU-9077,LOT-8535,Taylor Dorsey,,SKU-7987,,2629,,,Other,,REF-5703,TAG-2149,,Delta,,,,,Quinn Kim,,Texas,Y,,SKU-8901,,,,,,LOT-2413,,100001,Company,100759,fatima.blake@examplecorp.test,Skyler Rossi,2022-12-27 10:00:00,priya.brooks@examplecorp.test,Rahul Blake,2023-12-11 10:05:00,reese.ivanov@sampleco.test,Arjun Sato,2023-06-14 11:43:00,avery.garcia@demomail.test,,2024-01-20 04:12:00,Y,100001,100001,100001,100001,100001,,100001,100001,100001,,100001,100001,,100001,100001,100001,100001,2025-01-27 21:39:00,8186,5843,Delta,Delta,Delta,SKU-9304,2633,748,4803,6022,5842,Other,2025-10-28 02:06:00,6672,3914,Beta,Alpha,Other,Gamma,1949,643,2785,452,7329,Gamma,2023-09-29 15:42:00,,5859,Delta,,,,,,,,,Beta,2025-09-19,,,,,Beta,,5603,,3605,,,,2026-06-19,,,,,,,7272,,8647,,,,2024-05-18,,,,LOT-1647,,,578,,,3733,,,2023-04-03,,,,,,,9750,7645,,,,,2022-12-12,,,,,SKU-5782,,,,,,,,Scheduled a check-in for the coming month.
,SKU-2671,Taylor Silva,Rowan Ford,,,,,TAG-7348,TAG-4976,,LOT-7218,,,,fatima.whitfield@sampleco.test,,,,,,,"73,681",REF-4945,,Delta,Active Customer,Shared the updated proposal for review.,Evergreen Industries Ltd,Granite Analytics Ltd,Active,Standard,Canada,,REF-3587,TAG-9079,Reviewed performance and gathered feedback.,New Logo,,,,N,Telecommunications,,,,,,,,,,,Website,LOT-4755,,Sofia Patel,LOT-2897,LOT-3521,,,,,Beta,,TAG-1675,TAG-7088,,,,,Gamma,,Marco Nguyen,,Texas,N,,REF-9582,,,,,,REF-4006,6315,100001,Company,100761,morgan.nguyen@sampleco.test,Taylor Rossi,2024-02-20 20:26:00,chen.blake@demomail.test,Aisha Sato,2023-08-13 23:26:00,reese.larsson@sampleco.test,Drew Sato,2024-04-07 17:01:00,drew.cohen@sampleco.test,,2025-08-27 03:20:00,N,100001,100001,100001,100001,100001,100001,100001,100001,100001,100001,100001,100001,100001,100001,100001,,100001,2025-03-29 09:04:00,8764,9358,Delta,Delta,Beta,SKU-7685,1834,9669,6206,2935,1803,Gamma,2025-07-02 08:15:00,8664,632,Standard,Gamma,Gamma,Gamma,720,8532,4632,4574,2734,Delta,2024-07-14 03:37:00,,,,SKU-6921,,,,,,,,,2025-05-31,,,,,,,,,,6693,,,2025-09-23,,,,,,,,1683,,,,Other,2024-06-20,,,,,,SKU-1665,,8607,4371,,,,2022-10-03,,,,,,,7876,,,,,,2022-12-27,2478,8536,,,,,,,,,,Alpha,Aligned on billing and renewal terms.
SKU-6172,,Riley Brooks,Yara Haddad,,,TAG-2790,TAG-6174,REF-7500,LOT-7680,,LOT-5197,,SKU-3310,,rowan.rossi@sampleco.test,,,,,SKU-3773,,,TAG-1537,,,Past Customer,Reviewed performance and gathered feedback.,Vertex Financial Group,Cardinal Financial LLC,Active,Beta,Mexico,Alpha,,,Discussed timeline and next steps with the account.,SMB,,,,Y,Education,,,,,,Other,,,,,Website,,LOT-4241,Yara Ford,LOT-1715,SKU-4499,SKU-4009,3585,,,Beta,,LOT-6470,LOT-7150,,Standard,,,,,Mei Okafor,,California,Y,,TAG-1674,,,,,,LOT-9189,8176,100001,Company,100762,liam.whitfield@examplecorp.test,Priya Nguyen,2023-12-07 21:25:00,taylor.ford@acme-fake.test,Noah Reyes,2024-11-25 14:15:00,mei.ashby@sampleco.test,Jordan Okafor,2025-09-01 02:30:00,morgan.rossi@demomail.test,,2022-11-01 16:29:00,N,100001,100001,100001,100001,100001,100001,100001,100001,,100001,100001,100001,,100001,100001,100001,100001,2023-05-28 03:04:00,5063,3538,Delta,Other,Alpha,REF-1105,2484,9512,271,1180,1776,Alpha,2025-03-14 21:54:00,9138,3004,Beta,Alpha,Alpha,Other,4734,7660,4368,1794,8230,Standard,2025-12-06 12:15:00,,,,,,,,,,,,Alpha,2025-06-10,,9665,Gamma,,,,,8670,1585,,,,2024-03-25,,,,,,,,,,,,Beta,2026-01-20,,,,,,,,,,,,,2024-10-25,,,Beta,,Other,,,,,,,Alpha,2026-06-11,2384,4630,,,SKU-7168,,,,,,,,Scheduled a check-in for the coming month.
,,Fatima Haddad,Sofia Ashby,,,,TAG-2024,TAG-6351,TAG-6761,,TAG-4148,,,Beta,yara.nguyen@sampleco.test,Reese Ivanov,,,,,Noah Patel,,,,,Active Customer,Reviewed performance and gathered feedback.,Vertex Analytics,Silverline Dynamics Inc,Inactive,Beta,Germany,,,,Shared the updated proposal for review.,Enterprise,,,,N,Healthcare,,,,,,,,,,,Event,LOT-9214,SKU-5698,Priya Dorsey,LOT-2536,,REF-4778,,,Y,Alpha,,TAG-8639,REF-2604,,Other,,,,,Avery Nguyen,,New York,Y,,LOT-5128,,,,,,,462,100001,Company,100765,taylor.ashby@examplecorp.test,Diego Vance,2022-12-31 03:07:00,quinn.brooks@examplecorp.test,Taylor Silva,2026-02-05 21:09:00,mei.patel@sampleco.test,Rowan Mensah,2024-01-12 10:46:00,aisha.calder@sampleco.test,,2025-11-25 22:10:00,Y,,100001,,100001,100001,100001,100001,100001,,,,100001,,100001,100001,,100001,2024-08-16 20:01:00,9622,8428,Gamma,Standard,Delta,TAG-9440,3808,5295,3884,3007,9810,Delta,2025-01-01 10:41:00,6001,4588,Alpha,Gamma,Gamma,Delta,7890,6206,8259,2475,7512,Standard,2024-03-14 03:45:00,,,,,,LOT-9391,4185,,,9633,,Gamma,2024-01-30,646,,,,,LOT-6883,,,,1295,,,2026-04-04,,,,,,,,,,,,,2025-02-12,,,,,,,,,,,,,2024-02-03,627,,,SKU-9568,,TAG-1788,,,,,,,2023-08-27,6613,,,,,,7014,,2976,,,,Aligned on billing and renewal terms.
,,Nina Rossi,Noah Garcia,,,LOT-8538,REF-2758,,,LOT-7872,,,,,rahul.mensah@sampleco.test,,,,,LOT-1434,,,SKU-2222,,,Referral Partner,Followed up on the open items from last week.,Lakeside Capital LLP,Redwood Manufacturing LLC,Active,Beta,United Kingdom,,,,Aligned on billing and renewal terms.,Standard,,,,N,Professional Services,,Other,,,,Gamma,,,,,Website,LOT-2304,,Emerson Kim,LOT-2149,LOT-9818,LOT-9470,3466,,,Other,,SKU-7195,SKU-1286,,Alpha,,,,,Priya Blake,,Colorado,Y,,,,,,,TAG-6747,SKU-7948,7126,100001,Company,100768,elena.cohen@acme-fake.test,Jamie Calder,2024-07-02 21:12:00,drew.sato@acme-fake.test,Rowan Brooks,2025-05-15 05:52:00,emerson.silva@examplecorp.test,Aisha Dorsey,2024-04-15 20:35:00,nina.reyes@demomail.test,,2024-04-04 12:32:00,N,100001,100001,100001,100001,100001,100001,100001,100001,,,,100001,,100001,,100001,100001,2023-03-06 09:15:00,3337,872,Beta,Other,Beta,REF-3728,6355,262,1416,6218,2800,Other,2023-07-13 22:38:00,2215,8326,Beta,Delta,Delta,Delta,2091,6809,626,6461,9355,Beta,2023-12-25 03:18:00,8795,,Delta,,Beta,,,6748,,,8888,,2023-11-26,,,,,,SKU-7766,,,,,,,2026-06-01,,7629,,REF-6578,,REF-5290,9959,,,6237,,,2022-10-08,,,,REF-8431,Other,,,,,,,,2024-12-03,,,,,,,,,,,6136,,2024-06-05,,,Other,,,,,,6981,,,Alpha,Followed up on the open items from last week.
,LOT-2242,Riley Ashby,Elena Cohen,,,SKU-2388,,,,TAG-8105,,LOT-6699,,,skyler.brooks@demomail.test,,,,,,,"28,929",TAG-9067,,,Past Customer,Shared the updated proposal for review.,Lakeside Analytics Ltd,Silverline Textiles Inc,Active,Beta,Canada,,SKU-7821,,Scheduled a check-in for the coming month.,Standard,,,,Y,Agriculture,,,,"66,233",,,,,,,Referral,REF-6859,SKU-9718,Elena Ivanov,TAG-3111,TAG-1153,,,,,Delta,,TAG-6683,LOT-5466,,,,,,,Noah Mensah,Noted a concern to revisit at the next sync.,Georgia,N,,REF-8834,,,,,TAG-6653,LOT-1601,588,100001,Company,100770,skyler.reyes@sampleco.test,Omar Sato,2025-10-20 14:25:00,omar.cohen@demomail.test,Omar Patel,2023-07-15 23:59:00,rahul.haddad@acme-fake.test,Liam Ivanov,2023-03-17 05:29:00,emerson.sloan@sampleco.test,Elena Sato,2025-12-22 11:22:00,N,100001,100001,100001,100001,100001,100001,100001,100001,100001,100001,100001,100001,,100001,100001,,100001,2024-01-03 08:24:00,3257,7683,Alpha,Alpha,Delta,SKU-8181,2601,6536,6515,1612,238,Other,2025-07-20 06:50:00,6160,5989,Delta,Standard,Beta,Delta,8629,6226,9919,219,8206,Standard,2022-10-11 11:58:00,6749,,,,Alpha,,3544,,,,,,2023-07-29,5381,4217,,,Delta,,,,,,,Beta,2025-08-08,,2882,,,,,,,,,7424,,2024-03-01,2142,,,SKU-9968,,,,,,,,,2026-06-19,2641,,,,Other,LOT-7695,,,,,,,2024-11-04,,2257,,,,,,,,,,,Reviewed performance and gathered feedback.
,,Arjun Ford,Drew Brooks,,,,,LOT-7090,,,,LOT-3230,,,aisha.nguyen@acme-fake.test,,Marco Larsson,,,,,,TAG-7730,,,Referral Partner,Resolved the outstanding question about scope.,Meridian Media LLC,,Active,Delta,Mexico,,,,Scheduled a check-in for the coming month.,New Logo,,,,N,Real Estate,,,,,,,,,,,Event,SKU-8208,,Rahul Mercer,SKU-3557,LOT-8024,SKU-4827,,,,Alpha,,LOT-5497,REF-3955,,Standard,,,,,Emerson Okafor,,California,N,,SKU-8189,,,,,,TAG-5153,,100001,Company,100771,avery.haddad@acme-fake.test,Rowan Ivanov,2026-04-21 05:03:00,morgan.costa@examplecorp.test,Fatima Larsson,2023-11-14 01:52:00,marco.mensah@acme-fake.test,Drew Larsson,2026-07-11 09:35:00,sofia.silva@sampleco.test,,2025-11-10 17:31:00,Y,100001,100001,100001,100001,100001,,100001,100001,100001,,100001,100001,,100001,100001,100001,100001,2025-06-13 23:19:00,764,9702,Alpha,Delta,Standard,SKU-3190,2971,6456,6451,3384,5087,Gamma,2024-11-12 10:49:00,6122,1469,Alpha,Other,Beta,Beta,9626,75,4330,8895,7222,Alpha,2022-11-05 14:50:00,,,,,,,,,,,,,2023-09-06,,,Beta,,,,,,,,,,2024-08-27,,,,,,,,,,,,Beta,2025-05-14,,,,,,,,,,,,,2025-04-03,,,,SKU-7292,,,,,5214,,,,2023-12-29,,,,,,,,,,,,,Aligned on billing and renewal terms.
TAG-5668,,Avery Larsson,Avery Ford,,,REF-4782,,REF-4831,,SKU-6853,,,REF-3523,,nina.kim@examplecorp.test,,,,,,,,REF-5133,,,Prospect,Followed up on the open items from last week.,Pioneer Logistics Co,Beacon Textiles Inc,Active,Standard,India,,,,Scheduled a check-in for the coming month.,Renewal,,,,Y,Real Estate,,,,,,,,,,,Inbound Call,REF-5808,,Arjun Haddad,TAG-6344,LOT-5510,,,,,Standard,,TAG-7209,SKU-2448,,Gamma,,,,,Mei Costa,,Colorado,N,,SKU-2023,,,,,,LOT-7730,6221,100001,Company,100774,priya.larsson@sampleco.test,Mei Mensah,2024-07-22 01:23:00,fatima.calder@demomail.test,Avery Whitfield,2023-12-14 05:08:00,avery.garcia@sampleco.test,Priya Silva,2025-06-28 20:44:00,noah.vance@examplecorp.test,,2023-08-04 23:38:00,N,100001,100001,100001,100001,100001,100001,100001,100001,100001,,,100001,100001,100001,100001,100001,100001,2023-03-21 20:06:00,8671,5201,Other,Gamma,Beta,TAG-8076,6834,6729,800,5422,5149,Alpha,2026-01-12 07:07:00,8605,8972,Standard,Gamma,Standard,Gamma,6179,7434,1436,6636,8638,Alpha,2024-02-26 03:52:00,,,Other,,,,,,,,,,2024-02-11,,,,,,,,,,,3748,,2024-04-01,,,,,,,,,,,,,2025-02-18,,7328,,,,,,5273,,,,,2026-01-30,,,,,,,,5712,,,,,2026-05-21,4544,,Alpha,TAG-7008,,,,5158,,,,,Aligned on billing and renewal terms.
,SKU-3827,Elena Whitfield,Avery Ford,,,REF-4882,SKU-4367,LOT-6897,,,,SKU-1550,,,jamie.ivanov@examplecorp.test,,Rahul Mensah,,,,,,,,,Active Customer,Resolved the outstanding question about scope.,Summit Analytics LLC,Cardinal Solutions,Active,Alpha,United Kingdom,,,,Reviewed performance and gathered feedback.,SMB,,,,Y,Education,,,,,,,,,,,Event,LOT-4048,REF-1754,Elena Ford,REF-4824,LOT-6969,SKU-5123,8216,,,Beta,,TAG-5043,SKU-6052,,,,,,,Mei Dorsey,,Colorado,Y,,REF-3002,,,,,,SKU-5585,9580,100001,Company,100775,skyler.cohen@demomail.test,Quinn Brooks,2025-02-16 14:07:00,yara.sloan@acme-fake.test,Nina Calder,2022-11-14 10:06:00,diego.silva@acme-fake.test,Elena Silva,2024-10-10 07:54:00,casey.vance@demomail.test,,2022-10-31 06:43:00,N,100001,100001,100001,100001,100001,,100001,100001,100001,,,100001,100001,100001,100001,100001,100001,2025-12-11 13:59:00,9488,9708,Alpha,Delta,Alpha,SKU-3062,7616,5829,5489,1872,7019,Other,2023-06-27 15:35:00,5467,1146,Other,Standard,Other,Gamma,3815,2512,3291,3106,8317,Delta,2024-08-04 15:32:00,,7142,,,,,,,,,,Delta,2022-10-24,7527,,,,,,3711,707,2490,,,,2023-09-22,,,,,,,,,,,,,2025-03-12,,,,,,,,,,,5300,,2023-05-07,,,,,,,,,,,,Gamma,2026-06-29,,,,REF-5540,,,,,3556,1780,,,Discussed timeline and next steps with the account.
,,Chen Sloan,Riley Haddad,,,,LOT-1529,TAG-7508,TAG-2718,REF-1841,,LOT-6526,,,jordan.nguyen@acme-fake.test,Liam Costa,,,SKU-6827,REF-6336,,,LOT-3475,,,Active Customer,Reviewed performance and gathered feedback.,Brightpath Health Co,Falcon Group Corp,Active,Gamma,India,,,,Aligned on billing and renewal terms.,SMB,,TAG-5243,TAG-5229,Y,Manufacturing,,,,,,Beta,,,,,Event,REF-5993,TAG-9615,Priya Brooks,,LOT-8183,REF-6974,397,,,Other,,SKU-1782,REF-5976,,Gamma,,,,,Marco Nguyen,,Ohio,N,,TAG-4007,,,,,,REF-8032,7176,100001,Company,100776,rahul.silva@sampleco.test,Priya Mensah,2026-04-27 16:22:00,emerson.calder@demomail.test,Jordan Blake,2024-01-17 04:56:00,quinn.haddad@acme-fake.test,Jordan Kim,2024-01-22 16:07:00,skyler.costa@acme-fake.test,Sofia Ivanov,2023-02-18 16:45:00,Y,100001,100001,100001,100001,100001,100001,100001,100001,100001,,100001,100001,100001,100001,100001,100001,100001,2024-08-14 04:59:00,3274,4714,Standard,Other,Other,LOT-7615,9504,7543,1456,7054,3913,Gamma,2023-06-24 02:20:00,9961,3434,Alpha,Other,Standard,Other,6433,723,4842,502,6665,Other,2026-03-19 15:06:00,1907,,Beta,,,REF-1392,3258,,,,,,2023-12-31,,,,,,,7326,,5324,,,,2025-02-07,,,,,,,,,,,,,2025-08-06,8745,,,,,,,7871,7752,,,Alpha,2025-07-28,,,,,Alpha,,,,,,,,2026-06-18,,,,,,,,,,,,,Followed up on the open items from last week.
,,Emerson Rossi,Arjun Mercer,,,LOT-2869,SKU-4633,,,LOT-7052,,,,Beta,fatima.rossi@examplecorp.test,,,,,,,,,,,Past Customer,Aligned on billing and renewal terms.,Vertex Foods Co,Everest Systems Corp,Active,Gamma,Canada,,,,Discussed timeline and next steps with the account.,Standard,,SKU-9520,,N,Telecommunications,,,,,,,,,,,Website,SKU-7508,,Rahul Larsson,TAG-3454,REF-6672,,9865,,,,,REF-1595,TAG-8586,,,,,,,Avery Vance,,Florida,N,,LOT-6414,,,,,,LOT-3730,9252,100001,Company,100779,alex.ford@acme-fake.test,Aisha Blake,2023-06-22 00:53:00,omar.kim@demomail.test,Aisha Larsson,2023-09-13 06:54:00,nina.nguyen@acme-fake.test,Rahul Silva,2024-08-12 01:42:00,jordan.garcia@acme-fake.test,Casey Garcia,2023-02-04 08:54:00,N,100001,100001,100001,100001,100001,100001,100001,100001,100001,,100001,100001,100001,100001,100001,100001,100001,2024-05-02 11:51:00,3001,9679,Delta,Gamma,Alpha,TAG-4552,4506,2282,8939,5179,5741,Other,2025-10-28 20:06:00,1278,376,Delta,Delta,Beta,Gamma,553,6733,6227,4829,9405,Alpha,2024-11-26 02:44:00,,,,,,,,,,,,,2023-07-06,,,,,,,,5267,,,,,2026-06-26,,,,,,,,,,,,,2022-12-12,,8658,,,,,,,,,,,2024-02-16,,,,,Other,,,,,,,,2024-05-27,,,,REF-1695,,,,,,,,Delta,Shared the updated proposal for review.
SKU-8546,,Mei Cohen,Fatima Larsson,,,LOT-6001,REF-4351,REF-4729,,REF-7988,,LOT-9471,,,skyler.silva@sampleco.test,,,,,,Nina Mercer,"9,115",LOT-5642,,,Active Customer,Reviewed performance and gathered feedback.,Copper Energy Inc,Atlas Solutions,Inactive,Alpha,Canada,,TAG-2847,,Scheduled a check-in for the coming month.,Renewal,,,REF-9403,N,Professional Services,,,,"249,226",,,,,,,LinkedIn,LOT-7654,TAG-4844,Nina Nguyen,REF-4972,REF-6948,,,,,Alpha,,TAG-9214,,,Standard,,,,,Arjun Ivanov,,Arizona,N,,REF-7350,,,,,LOT-8384,TAG-1908,5850,100001,Company,100782,morgan.kim@acme-fake.test,Elena Mensah,2023-07-24 06:58:00,reese.whitfield@acme-fake.test,Jamie Ford,2025-10-07 16:40:00,quinn.ford@sampleco.test,Marco Rossi,2024-03-27 18:14:00,mei.vance@demomail.test,Drew Vance,2024-06-28 10:53:00,Y,100001,100001,100001,,100001,100001,100001,100001,,100001,100001,100001,,100001,100001,,100001,2024-03-27 15:28:00,6466,5481,Standard,Beta,Standard,TAG-1979,4528,7578,8307,3117,920,Standard,2023-09-21 21:08:00,791,4904,Delta,Delta,Other,Alpha,2663,9713,8324,529,3894,Standard,2024-09-11 10:21:00,331,,,,,,,,,,,,2024-11-12,,,,LOT-4639,,,,,2232,1341,,,2025-10-19,7248,,,,,,,1021,,,,,2024-07-13,,,,,,,,,,3434,,Alpha,2026-05-18,4129,,Gamma,,Standard,REF-2243,,,,,,,2026-03-31,,7285,,,,,,,,,,,Scheduled a check-in for the coming month.
,TAG-9790,Jamie Larsson,Arjun Sloan,,,REF-8027,LOT-5397,,,,,,,Standard,yara.sloan@acme-fake.test,,Riley Calder,,,,,,LOT-2642,,,Active Customer,Followed up on the open items from last week.,Horizon Dynamics Inc,Meridian Industries Group,Active,Beta,Australia,,TAG-8262,,Reviewed performance and gathered feedback.,New Logo,,,,N,Logistics,,,,,,,,,,,Partner,,,Taylor Ashby,LOT-6189,LOT-1597,REF-6391,,,,Delta,,REF-3725,,,,,,,,Arjun Ford,,Illinois,Y,,REF-7837,,,,,,SKU-4307,,100001,Company,100784,chen.ford@examplecorp.test,Priya Haddad,2025-09-18 02:04:00,aisha.costa@sampleco.test,Mei Nguyen,2023-09-28 05:04:00,sofia.patel@examplecorp.test,Noah Rossi,2023-03-26 18:31:00,chen.mensah@demomail.test,,2026-01-07 17:27:00,N,100001,100001,100001,100001,100001,100001,100001,100001,100001,,100001,100001,100001,100001,100001,100001,100001,2023-07-10 06:17:00,7803,3066,Other,Beta,Gamma,TAG-3529,928,9170,4361,7620,6187,Alpha,2024-09-17 00:55:00,4012,9061,Standard,Standard,Delta,Alpha,9228,5233,5254,1369,6225,Beta,2024-07-16 06:06:00,9498,8506,,,,,,,,,,Beta,2026-01-15,,,,,,,,,,,,,2024-12-09,,,Delta,,,,,,,,,,2024-07-16,,,,,Beta,,,,,,,,2023-02-08,,,,,,TAG-2172,,7053,,,,,2023-05-04,,4379,,,,,,,,,,,Followed up on the open items from last week.
,,Noah Ashby,Casey Sloan,,,TAG-6453,,REF-6309,,,,,,,aisha.costa@examplecorp.test,Fatima Ivanov,,,LOT-4631,,,,,"190,391",,Active Customer,Aligned on billing and renewal terms.,Meridian Solutions Corp,Falcon Holdings Corp,Inactive,Standard,Philippines,,,,Aligned on billing and renewal terms.,Standard,,,,N,Healthcare,,,,,,,,,,,Referral,,,Riley Costa,REF-9478,,,8657,,,Standard,,,TAG-5246,,,,,,,Jordan Vance,,Arizona,Y,,LOT-8383,,,,,,REF-4736,2391,100001,Company,100785,alex.mensah@examplecorp.test,Marco Reyes,2024-09-20 09:26:00,yara.blake@examplecorp.test,Quinn Brooks,2026-02-24 10:11:00,jordan.whitfield@demomail.test,Fatima Ashby,2026-01-07 07:45:00,mei.reyes@examplecorp.test,,2024-07-10 22:08:00,N,100001,100001,100001,100001,,100001,100001,100001,100001,,100001,100001,,100001,100001,100001,100001,2025-08-10 16:20:00,9145,5919,Delta,Other,Delta,REF-6268,7312,7424,3238,4372,7560,Standard,2024-05-28 00:28:00,1370,2947,Beta,Standard,Gamma,Delta,2600,3997,6174,6496,829,Alpha,2022-10-07 12:04:00,,,,,,,,,,,,,2024-07-16,,,,,,,,,,6640,,,2026-05-12,,,,,,,,,,,,,2024-08-02,,,,,Delta,,,3999,,8553,,,2023-12-19,3175,3459,,,Alpha,,,,,,,,2025-07-01,,,,,,,,,,3885,,Beta,Discussed timeline and next steps with the account.
,,Mei Ivanov,Jordan Vance,,,SKU-9425,,,,,,,,,chen.brooks@acme-fake.test,Elena Calder,,,,,Drew Calder,"134,858",REF-4873,,,Active Customer,Noted a concern to revisit at the next sync.,Beacon Ventures LLC,Evergreen Health LLP,Active,Other,India,,,REF-3827,Discussed timeline and next steps with the account.,Enterprise,,,TAG-1527,Y,Real Estate,,,,,,,,Delta,,,Inbound Call,SKU-5794,SKU-7657,Jamie Garcia,SKU-3848,LOT-3025,,,,,,,LOT-6370,TAG-3527,,Beta,,,,,Skyler Okafor,,Texas,N,,TAG-7283,,,,,,SKU-3602,270,100001,Company,100786,drew.garcia@sampleco.test,Casey Kim,2025-06-01 09:03:00,casey.calder@examplecorp.test,Jordan Sloan,2026-03-19 08:49:00,rowan.sloan@sampleco.test,Jordan Cohen,2023-06-05 18:17:00,skyler.haddad@demomail.test,,2026-05-11 16:46:00,N,100001,100001,100001,100001,100001,100001,100001,100001,100001,,100001,100001,,100001,100001,,100001,2022-10-14 01:22:00,5717,7772,Gamma,Delta,Beta,TAG-9443,6497,1715,3531,569,1006,Other,2024-08-23 19:27:00,7069,984,Alpha,Delta,Alpha,Standard,3023,162,4298,7843,654,Beta,2023-04-21 21:23:00,,,,,Other,,3216,,,,9535,,2025-06-21,,,,,,,,,5419,,,,2023-05-17,,,,,,,,,,,,,2025-04-14,,,,,,,7525,,,,,,2023-12-14,,,,,Beta,,,2268,,,,,2024-11-27,,,,,,,,,,,,Gamma,Followed up on the open items from last week.
REF-9004,,Fatima Brooks,Alex Blake,,,REF-2786,REF-2061,,,REF-5122,SKU-4437,TAG-7093,,,emerson.sato@sampleco.test,,,,,REF-1620,,,,,,Past Customer,Shared the updated proposal for review.,Silverline Holdings Corp,Falcon Ventures Group,Active,Alpha,Mexico,,,,Noted a concern to revisit at the next sync.,New Logo,,TAG-7780,,Y,Technology,,,,,,,,,,,Referral,LOT-5714,LOT-5947,Casey Larsson,LOT-1496,,,1445,,,Standard,,REF-6932,SKU-8602,,Alpha,,,,,Mei Silva,,Georgia,Y,,SKU-6167,,,,,,REF-6750,7797,100001,Company,100787,jordan.whitfield@acme-fake.test,Fatima Silva,2024-07-10 14:35:00,yara.ford@acme-fake.test,Elena Haddad,2023-02-03 12:12:00,aisha.okafor@demomail.test,Chen Kim,2025-08-23 19:01:00,emerson.costa@demomail.test,Noah Costa,2025-01-21 11:23:00,Y,100001,100001,100001,100001,100001,100001,100001,100001,,100001,100001,100001,100001,100001,100001,,100001,2026-05-15 06:23:00,5747,6772,Beta,Beta,Gamma,REF-5877,2858,4269,4568,209,7449,Other,2022-11-28 15:01:00,9434,2843,Beta,Beta,Alpha,Other,8869,9197,5538,7288,2283,Beta,2025-09-01 12:59:00,,,,,,,,,,,5477,,2025-05-24,,,,,,,,,,,,,2022-12-24,,,Standard,,,,,8766,,9754,,,2025-08-07,,,,,,,,,,,,,2024-06-07,,,,,,,,,,,,,2026-02-16,,,Standard,,,,,,,,,Standard,Followed up on the open items from last week.
,,Liam Whitfield,Jamie Nguyen,,,REF-8333,,TAG-5950,SKU-9946,SKU-4791,TAG-2012,,LOT-4722,Gamma,mei.cohen@demomail.test,,,,,,,,LOT-5221,,,Past Customer,Followed up on the open items from last week.,Cardinal Industries LLC,,Active,Standard,United Kingdom,,,,Shared the updated proposal for review.,Standard,,SKU-8476,,Y,Professional Services,,,,,,,,,,,Webinar,,SKU-3438,Riley Brooks,SKU-5839,,LOT-3289,,,,Standard,,SKU-3646,SKU-1553,,Gamma,,,,,Reese Costa,Followed up on the open items from last week.,Washington,Y,,LOT-7095,,,,,,REF-8477,1168,100001,Company,100790,rahul.okafor@examplecorp.test,Chen Okafor,2025-02-15 17:46:00,casey.sato@examplecorp.test,Chen Okafor,2023-11-04 23:06:00,jamie.dorsey@sampleco.test,Elena Blake,2024-01-24 16:34:00,nina.mercer@acme-fake.test,,2024-10-27 13:40:00,Y,,100001,100001,100001,100001,100001,100001,100001,100001,100001,100001,100001,,100001,100001,,100001,2025-05-12 18:48:00,3039,6183,Alpha,Alpha,Other,SKU-6372,9707,6985,1477,9865,6203,Delta,2024-02-25 16:31:00,3954,1850,Standard,Alpha,Other,Beta,5169,9249,1029,9803,1126,Beta,2025-04-10 01:14:00,,,,SKU-6450,,,,,,,,,2025-09-25,,5884,,REF-2009,,,,,3365,4856,,,2023-01-28,,,,,,,,,,,,,2024-12-24,,,,,,,,,,,,Beta,2025-06-05,,1132,,TAG-6190,,SKU-1507,,,,,,,2023-01-22,,,,,,,,,,5739,2008,,Followed up on the open items from last week.
,,Yara Larsson,Marco Ivanov,,,LOT-1370,TAG-5087,LOT-3223,TAG-2475,,,,,,jamie.costa@examplecorp.test,Riley Sato,,,,,,,SKU-9856,,,Prospect,Scheduled a check-in for the coming month.,Brightpath Logistics,Falcon Health Ltd,Active,Delta,India,,,,Noted a concern to revisit at the next sync.,Renewal,,,,N,Financial Services,,,,"78,421",,,,,,,Referral,,SKU-5802,Drew Calder,TAG-3280,TAG-6795,SKU-5392,7427,,,Standard,,REF-9879,SKU-9291,,Beta,,,Delta,,Omar Okafor,,Washington,N,,REF-9059,,,,,,REF-7156,2103,100001,Company,100791,elena.mercer@acme-fake.test,Sofia Vance,2023-07-28 12:28:00,liam.brooks@acme-fake.test,Nina Vance,2023-06-21 16:56:00,emerson.whitfield@demomail.test,Elena Sloan,2024-05-20 08:42:00,aisha.brooks@sampleco.test,Quinn Haddad,2023-06-01 11:41:00,N,100001,100001,100001,100001,100001,100001,100001,100001,100001,100001,100001,100001,,100001,100001,,100001,2023-01-02 20:44:00,9391,2429,Gamma,Gamma,Gamma,SKU-4662,7589,7954,6689,5134,6822,Alpha,2026-05-26 02:37:00,3973,1922,Standard,Standard,Standard,Delta,9036,9210,9566,518,1513,Beta,2024-09-09 06:16:00,804,,,,,,3395,,4747,,,,2026-05-28,,3623,,,,,,,,,,,2022-12-23,1867,,,,,,4146,,,,,Gamma,2024-10-26,,8041,,,,,2754,,,,,,2023-05-09,,,,,,,,,,,,,2026-03-10,,,,,SKU-5594,,,,,,,,Aligned on billing and renewal terms.
