Entity_Type_ID,Entity_Type_Name,Entity_ID,Owned_by_SAM,Owned_by_Display_Name,Own_Datetime,Created_by_SAM,Created_by_Display_Name,Created_Datetime,Modified_by_Sam,Modified_by_Display_Name,Modified_Datetime,Assigned_to_Sam,Assigned_to_Display_Name,Assign_Datetime,Is_Active,FIRST_NAME,LAST_NAME,FULL_NAME,COMPANY,TITLE,LOCATION,ADDRESS_LINE_1,ADDRESS_LINE_2,COUNTRY,STATE,CITY,ZIP_CODE,CELL_PHONE_NUMBER,LINKED_IN,EMAIL_ADDRESS,REFERRAL_PARTNER,COMMUNITY_GROUP,CONTACT_CATEGORY,CONTACT_STATUS,CITY_EXD_OBJECT_ID,COMMUNITY_GROUP_EXD_OBJECT_ID,COMPANY_EXD_OBJECT_ID,COUNTRY_EXD_OBJECT_ID,STATE_EXD_OBJECT_ID,DIRECT_LINE,COMMITTMENT_AMOUNT,INVESTMENT_ROUND,INVESTOR_CATEGORY,INVESTOR_CATEGORY_EXD_OBJECT_ID,INVESTOR_TYPE,INVESTOR_TYPE_EXD_OBJECT_ID,DYNAMIC_TEMPLATE,DYNAMIC_TEMPLATE_EXD_OBJECT_ID,PREFERRED_NAME,BILLING_CONTACT,LEAD_SOURCE,LEAD_SOURCE_EXD_OBJECT_ID,REFERRAL_PARTNER_EXD_OBJECT_ID,PREFERRED_CONTACT_METHOD,OTHER_EMAIL,SECONDARY_EMAIL,EMAIL_DRIP_CAMPAIGN,EMAIL_DRIP_CAMPAIGN_EXD_OBJECT_ID,COMPANY_NAME,LEAD_STATUS_TYPE,LEAD_STATUS_TYPE_EXD_OBJECT_ID,MQL_DATE,BEHAVIORAL_SCORE,FIRMOGRAPHIC_SCORE,LEAD_SCORE,ACQUISITION_PROGRAM_NAME,EVENT_ATTENDANCE,EVENT_ATTENDANCE_EXD_OBJECT_ID,DO_NOT_TEXT,PREVIOUS_COMPANY_NAME,PREVIOUS_CONTACT_EMAIL_ADDRESS,UNSUBSCRIBE,SIGNED_UP_FOR_NEWSLETTER
100162,Contact,101892,quinn.ivanov@sampleco.test,Skyler Blake,2024-10-17 15:40:00,jordan.ford@demomail.test,Reese Rossi,2025-02-27 08:19:00,chen.patel@examplecorp.test,Emerson Kim,2025-03-03 09:02:00,emerson.brooks@sampleco.test,Nina Vance,2026-03-30 04:40:00,Y,Marco Garcia,Priya Ashby,Skyler Patel,REF-9127,Marketing Coordinator,,,,,,,,,LOT-2500,skyler.patel@acme-fake.test,,,,Active,100062,,100330,,100565,,,,,,,100495,Other,100087,,,Beta,100226,100029,,emerson.ivanov@demomail.test,priya.blake@sampleco.test,Quarterly Newsletter,100496,,Delta,100407,,,,,,,101794,,,,Y,
100385,Contact,101894,riley.ashby@acme-fake.test,Avery Vance,2026-06-29 17:03:00,jamie.garcia@examplecorp.test,Fatima Haddad,2023-02-14 13:04:00,marco.sato@demomail.test,Quinn Dorsey,2025-10-16 16:56:00,yara.costa@acme-fake.test,Nina Whitfield,2023-11-12 18:58:00,Y,Casey Blake,Avery Cohen,Aisha Sato,REF-5619,Project Manager,,,,,,,,,LOT-4425,aisha.sato@demomail.test,,,,Active,,100747,100250,100561,,REF-2125,,,,,,,Gamma,100275,,,Gamma,,100758,,jamie.ashby@sampleco.test,omar.sloan@acme-fake.test,Event Invite,100284,,,100257,,,,,,,,,,,N,
100721,Contact,101897,fatima.patel@sampleco.test,Rahul Calder,2024-06-16 08:25:00,quinn.okafor@examplecorp.test,Liam Okafor,2025-10-01 11:54:00,skyler.sato@sampleco.test,Yara Ivanov,2024-10-21 13:43:00,drew.whitfield@examplecorp.test,Jordan Ivanov,2023-06-07 10:54:00,Y,Emerson Ford,Casey Vance,Sofia Kim,,Recruiter,,,,,,,,,SKU-5874,sofia.kim@demomail.test,,,,Active,100169,100061,100055,100751,100403,,,,,,,,Standard,100645,,,Alpha,100786,100100,,omar.garcia@demomail.test,rowan.nguyen@demomail.test,Product Update,100779,Blue Ridge Dynamics LLP,Other,,,,,,,,101825,,,,,N
100542,Contact,101900,morgan.ford@demomail.test,Reese Ford,2026-02-17 04:00:00,alex.blake@examplecorp.test,Elena Ford,2026-06-17 06:40:00,morgan.brooks@demomail.test,Noah Whitfield,2025-01-12 22:37:00,sofia.patel@sampleco.test,Fatima Mensah,2024-02-19 03:17:00,N,Rahul Blake,Quinn Vance,Omar Ashby,SKU-4448,Executive Assistant,,,,,,,,,REF-6660,omar.ashby@acme-fake.test,,,,Inactive,100578,,100371,,,,,,,100196,,100652,Delta,100514,,,,,100545,,jamie.sloan@demomail.test,alex.rossi@demomail.test,Renewal Nudge,100647,,Standard,100535,,,,,,,,,,,N,
100785,Contact,101902,quinn.blake@examplecorp.test,Morgan Dorsey,2024-04-11 10:52:00,elena.silva@examplecorp.test,Marco Rossi,2023-09-16 05:59:00,avery.reyes@demomail.test,Mei Ashby,2024-06-10 00:28:00,jordan.silva@sampleco.test,Arjun Sato,2024-12-17 01:26:00,Y,Casey Sato,Yara Kim,Yara Reyes,REF-3011,QA Engineer,,,,,,,,,TAG-5316,yara.reyes@examplecorp.test,,,,Active,,100658,100188,100675,100140,LOT-2025,,,,,,,Other,100449,,,,100629,100707,,avery.ivanov@examplecorp.test,skyler.reyes@examplecorp.test,Re-engagement,100768,,Beta,100542,,,,,,,,,,,,
100412,Contact,101903,nina.vance@acme-fake.test,Arjun Okafor,2024-09-21 06:07:00,avery.haddad@sampleco.test,Yara Silva,2025-02-19 03:29:00,taylor.mensah@examplecorp.test,Morgan Larsson,2026-06-03 16:07:00,avery.mensah@acme-fake.test,Noah Whitfield,2024-10-28 14:54:00,Y,Yara Nguyen,Priya Rossi,Liam Blake,REF-3456,Recruiter,,TAG-1140,,,,,,TAG-7683,REF-4450,liam.blake@acme-fake.test,,,,Active,100319,,100263,,100152,,,,,100263,,,Gamma,100421,,,Alpha,,100550,,reese.ford@examplecorp.test,avery.costa@demomail.test,Quarterly Newsletter,100564,,,100303,,,,,,,101881,,,,N,
100673,Contact,101904,fatima.blake@acme-fake.test,Noah Costa,2024-06-26 23:36:00,riley.dorsey@acme-fake.test,Quinn Larsson,2023-10-09 14:06:00,fatima.whitfield@acme-fake.test,Priya Sato,2022-10-29 10:06:00,yara.silva@acme-fake.test,Taylor Garcia,2023-05-18 18:02:00,Y,Emerson Patel,Noah Calder,Omar Costa,TAG-8695,Support Specialist,,,,,,TAG-6193,,,TAG-7111,omar.costa@acme-fake.test,,,,Active,,,100453,100743,,,,,,100401,,,Delta,100229,,,,,,,marco.patel@acme-fake.test,rahul.costa@examplecorp.test,Re-engagement,100252,,,100466,,,,,,,,,,,,
100343,Contact,101907,omar.sato@sampleco.test,Noah Ashby,2025-01-25 20:22:00,liam.larsson@acme-fake.test,Avery Nguyen,2025-08-28 17:51:00,omar.sato@demomail.test,Diego Larsson,2022-10-02 10:08:00,diego.whitfield@examplecorp.test,Jordan Calder,2025-11-02 00:50:00,N,Fatima Sloan,Yara Garcia,Quinn Nguyen,TAG-9904,Software Developer,,,,Gamma,,TAG-5799,,LOT-8262,SKU-6690,quinn.nguyen@examplecorp.test,,,,Inactive,100053,100601,100445,100232,100012,,,,,,,100103,Alpha,100077,,,Alpha,,100226,,elena.larsson@sampleco.test,emerson.dorsey@sampleco.test,Renewal Nudge,100296,,Other,,,,,,,,101827,,,,N,
100299,Contact,101909,casey.blake@acme-fake.test,Yara Kim,2023-02-28 10:24:00,avery.mensah@examplecorp.test,Nina Mensah,2022-12-19 20:11:00,omar.calder@demomail.test,Rowan Okafor,2024-09-20 07:01:00,omar.dorsey@sampleco.test,Arjun Rossi,2026-07-10 11:10:00,Y,Elena Brooks,Avery Larsson,Rowan Silva,LOT-5788,HR Generalist,,,,,,,,TAG-1272,LOT-7010,rowan.silva@sampleco.test,,,,Active,,,100352,100568,100673,,,,,100640,,100661,Delta,100050,,,Other,100352,100050,,arjun.cohen@acme-fake.test,diego.reyes@demomail.test,Event Invite,100257,Vertex Group Inc,Delta,,,,,,,,,,,,Y,
100514,Contact,101911,elena.vance@acme-fake.test,Alex Ford,2025-02-23 18:29:00,elena.okafor@acme-fake.test,Drew Silva,2023-09-19 03:06:00,yara.calder@examplecorp.test,Jordan Calder,2025-03-27 14:10:00,rahul.vance@examplecorp.test,Rowan Ford,2023-01-02 17:45:00,Y,Marco Sato,Elena Brooks,Omar Haddad,LOT-4955,Project Manager,,SKU-8419,,,,,2770,,TAG-7364,omar.haddad@acme-fake.test,,,,Active,,100435,100264,,100348,,,,,100423,,100601,Delta,100256,,,Beta,100713,100640,,jamie.reyes@examplecorp.test,noah.cohen@sampleco.test,Renewal Nudge,100643,Beacon Capital,Beta,100339,,,,3,,,101857,,,,N,
100457,Contact,101912,priya.garcia@demomail.test,Alex Blake,2023-03-05 11:53:00,chen.mercer@demomail.test,Noah Patel,2024-03-25 20:53:00,avery.sloan@examplecorp.test,Jamie Ford,2026-06-16 12:01:00,liam.blake@sampleco.test,Casey Costa,2024-12-10 22:19:00,Y,Skyler Ashby,Skyler Ashby,Emerson Vance,LOT-2780,QA Engineer,,,,,,,,,SKU-6009,emerson.vance@sampleco.test,,,,Active,,,100252,100606,,,,,,,,,Gamma,100343,,,Other,100654,100115,,fatima.larsson@acme-fake.test,yara.dorsey@demomail.test,Renewal Nudge,100578,Blue Ridge Foods Ltd,,100233,,,,,,,101878,,,,N,
100737,Contact,101913,diego.mensah@examplecorp.test,Arjun Reyes,2026-07-20 22:20:00,diego.haddad@acme-fake.test,Noah Whitfield,2024-11-23 13:58:00,priya.mercer@demomail.test,Emerson Calder,2026-01-30 23:54:00,drew.patel@examplecorp.test,Elena Sloan,2023-06-23 08:16:00,Y,Morgan Sato,Liam Cohen,Fatima Larsson,LOT-4236,Customer Success Manager,,,,,,REF-6489,,LOT-3661,LOT-2944,fatima.larsson@sampleco.test,,,,Active,,100453,100540,100645,100790,,,,,,,,Alpha,100291,,Y,Beta,100139,,,aisha.ashby@sampleco.test,avery.calder@demomail.test,Product Update,100771,,,,,,,,,,,,,,Y,
100432,Contact,101916,avery.larsson@sampleco.test,Reese Kim,2024-09-11 09:42:00,drew.blake@acme-fake.test,Noah Brooks,2023-01-25 21:18:00,reese.sloan@sampleco.test,Jordan Reyes,2023-03-31 11:40:00,emerson.ivanov@examplecorp.test,Reese Garcia,2026-05-08 20:47:00,Y,Chen Vance,Noah Silva,Marco Mercer,TAG-9547,Software Developer,,,,Gamma,,,,,LOT-1580,marco.mercer@demomail.test,,,,Active,100401,100298,100672,,100050,,,,,100627,,100157,Other,100458,,,Gamma,100493,100779,,skyler.garcia@acme-fake.test,diego.patel@acme-fake.test,Product Update,100365,,Alpha,100606,,,2,8,,,101887,,,,Y,Y
100350,Contact,101918,emerson.sloan@demomail.test,Yara Whitfield,2023-08-24 13:40:00,sofia.kim@demomail.test,Liam Larsson,2024-04-26 06:03:00,quinn.ashby@acme-fake.test,Quinn Sloan,2024-10-08 14:36:00,liam.larsson@demomail.test,Nina Larsson,2024-10-01 17:21:00,Y,Quinn Okafor,Morgan Sato,Casey Blake,SKU-6042,Financial Analyst,,,,,,,,TAG-4702,SKU-5106,casey.blake@acme-fake.test,,,,Active,,100468,100678,100185,,,,,,100281,,100741,Beta,100507,,,,,100303,,chen.costa@examplecorp.test,avery.patel@demomail.test,Renewal Nudge,100667,,Other,,,,,8,,,101871,,,,Y,
100564,Contact,101919,quinn.sato@acme-fake.test,Morgan Ford,2026-07-31 15:19:00,marco.mercer@sampleco.test,Elena Mensah,2024-04-10 02:58:00,chen.mensah@examplecorp.test,Morgan Blake,2026-05-28 18:22:00,chen.sato@sampleco.test,Emerson Sloan,2026-07-03 01:18:00,Y,Taylor Larsson,Noah Cohen,Arjun Whitfield,TAG-5996,Recruiter,,,,,,,,,LOT-2860,arjun.whitfield@acme-fake.test,,,,Active,,100404,100375,,,,,,,,,100019,Standard,100046,,,Other,100089,100673,,noah.silva@acme-fake.test,morgan.mensah@acme-fake.test,Renewal Nudge,100568,,,100629,,,,,,,,,,,,
100696,Contact,101922,marco.sato@examplecorp.test,Diego Patel,2024-05-20 23:55:00,reese.patel@sampleco.test,Liam Vance,2023-07-02 10:12:00,fatima.patel@demomail.test,Marco Sato,2026-06-17 03:49:00,arjun.costa@examplecorp.test,Aisha Whitfield,2023-08-13 06:40:00,Y,Rahul Rossi,Alex Rossi,Aisha Brooks,SKU-3087,Financial Analyst,,,,Standard,,,,,REF-7893,aisha.brooks@examplecorp.test,,,,Active,100125,100278,100654,100169,100300,,,,,100420,,,Alpha,100514,,,Other,100267,,,aisha.calder@acme-fake.test,fatima.patel@examplecorp.test,Quarterly Newsletter,100713,Beacon Textiles Corp,Other,,,,,,,,101889,,,,N,
100252,Contact,101924,rowan.whitfield@examplecorp.test,Jordan Dorsey,2022-12-03 05:04:00,drew.patel@demomail.test,Fatima Ford,2023-01-08 22:06:00,noah.nguyen@acme-fake.test,Emerson Okafor,2024-08-25 16:39:00,fatima.calder@sampleco.test,Riley Haddad,2026-06-30 17:54:00,N,Casey Dorsey,Aisha Ashby,Drew Rossi,TAG-9566,Accountant,,,,,,,,,REF-1830,drew.rossi@sampleco.test,,,,Inactive,100033,100689,100359,100404,100158,,,,,,,,Delta,100494,,,Alpha,100106,,,casey.costa@examplecorp.test,riley.ashby@sampleco.test,Event Invite,100196,,Gamma,100022,,,,,,,,,,,,
100665,Contact,101926,rahul.mercer@examplecorp.test,Diego Dorsey,2025-02-04 14:34:00,yara.whitfield@examplecorp.test,Rahul Brooks,2025-12-10 22:05:00,chen.ashby@examplecorp.test,Skyler Patel,2026-02-28 05:45:00,morgan.rossi@examplecorp.test,Alex Mercer,2022-12-19 04:18:00,Y,Marco Haddad,Jordan Blake,Noah Vance,REF-8661,QA Engineer,,,,,,,,,TAG-9106,noah.vance@acme-fake.test,,,,Active,,,100153,,,LOT-2345,,,,100115,,100460,Gamma,100493,,,,,100022,,jordan.vance@examplecorp.test,mei.whitfield@sampleco.test,Re-engagement,100055,Keystone Retail LLC,Beta,,,4,,,,,101887,,,,N,
100257,Contact,101927,emerson.rossi@demomail.test,Mei Mercer,2024-10-08 21:44:00,quinn.patel@acme-fake.test,Omar Ford,2023-12-19 10:23:00,alex.blake@demomail.test,Skyler Dorsey,2022-11-13 00:29:00,riley.costa@examplecorp.test,Fatima Patel,2025-10-13 18:39:00,Y,Alex Silva,Riley Ford,Nina Rossi,SKU-6734,Executive Assistant,,,,,,,,REF-3854,LOT-5467,nina.rossi@demomail.test,,,,Active,100516,,100201,100622,100100,,,,,,,,Delta,100065,,,Delta,,100177,,nina.sloan@demomail.test,riley.costa@acme-fake.test,Re-engagement,100026,,Delta,100529,,,,,,,,,,,,
100219,Contact,101928,rahul.whitfield@acme-fake.test,Yara Cohen,2025-05-10 09:36:00,reese.larsson@sampleco.test,Quinn Haddad,2025-11-26 14:58:00,avery.blake@acme-fake.test,Reese Vance,2022-12-06 13:46:00,fatima.cohen@demomail.test,Alex Nguyen,2022-10-11 16:24:00,Y,Jordan Haddad,Mei Sato,Nina Silva,LOT-8249,Recruiter,,,,,,,,,TAG-3506,nina.silva@acme-fake.test,,,,Active,,100252,100054,100181,100194,,,,,100073,,,Alpha,100418,,,Alpha,100707,,,noah.reyes@acme-fake.test,taylor.nguyen@acme-fake.test,Re-engagement,100454,Keystone Textiles LLC,,,,,,,,,101889,N,,,N,
100246,Contact,101931,mei.cohen@sampleco.test,Elena Ivanov,2023-01-29 21:35:00,elena.nguyen@acme-fake.test,Omar Mensah,2026-06-17 17:10:00,elena.costa@acme-fake.test,Riley Silva,2024-03-29 21:28:00,alex.sato@acme-fake.test,Morgan Reyes,2024-02-14 14:10:00,N,Noah Mensah,Jordan Sloan,Elena Haddad,REF-6335,Software Developer,,,,,,,,,SKU-7184,elena.haddad@sampleco.test,,,,Inactive,100371,,100224,,,,,,,,,100540,Alpha,100699,,,Standard,100178,100343,,jamie.calder@sampleco.test,sofia.costa@acme-fake.test,Product Update,100281,,,,,,,,,,101875,,,,,
100185,Contact,101934,liam.blake@sampleco.test,Diego Reyes,2025-03-04 11:07:00,jordan.blake@sampleco.test,Diego Cohen,2024-08-06 16:53:00,yara.reyes@sampleco.test,Rowan Ivanov,2024-10-24 05:56:00,rahul.ford@acme-fake.test,Casey Silva,2025-03-31 00:19:00,Y,Fatima Costa,Elena Garcia,Elena Ashby,LOT-8572,Project Manager,,,,,,,,,TAG-5096,elena.ashby@demomail.test,,,,Active,,100233,100596,,100361,,,,,100593,,,Other,100307,,,,100439,100152,,jamie.sato@examplecorp.test,riley.haddad@examplecorp.test,Event Invite,100339,,Standard,,,,,,,,101843,,,,Y,
100627,Contact,101937,marco.haddad@sampleco.test,Riley Brooks,2024-03-31 15:14:00,quinn.larsson@demomail.test,Casey Cohen,2025-07-16 12:19:00,sofia.cohen@examplecorp.test,Skyler Reyes,2023-05-03 19:03:00,nina.whitfield@examplecorp.test,Yara Vance,2023-09-03 20:51:00,Y,Omar Dorsey,Jamie Costa,Riley Ashby,SKU-7478,Support Specialist,,,,,,,,REF-2540,LOT-3766,riley.ashby@examplecorp.test,,,,Active,,100005,100077,100694,,,,,,100771,,,Gamma,100386,,,Gamma,,,,rowan.cohen@demomail.test,casey.haddad@sampleco.test,Quarterly Newsletter,100196,Falcon Group LLC,Alpha,,,,,5,,,101817,,,,Y,
100564,Contact,101938,chen.ashby@demomail.test,Fatima Vance,2023-05-31 21:27:00,elena.reyes@examplecorp.test,Noah Haddad,2026-07-12 18:22:00,fatima.costa@sampleco.test,Morgan Vance,2026-07-03 02:50:00,fatima.blake@examplecorp.test,Aisha Garcia,2023-11-15 22:36:00,Y,Emerson Larsson,Rahul Reyes,Alex Ford,SKU-4628,Executive Assistant,,,,,,,,LOT-8980,REF-7111,alex.ford@sampleco.test,,,,Active,,,100671,100640,100434,,,,,100168,,,Beta,100343,,,,,,,avery.larsson@acme-fake.test,jamie.reyes@sampleco.test,Product Update,100253,,Gamma,,,,,,,,,,,,Y,N
100275,Contact,101940,diego.cohen@acme-fake.test,Avery Kim,2024-10-24 20:29:00,chen.cohen@acme-fake.test,Liam Vance,2023-11-09 14:42:00,aisha.kim@acme-fake.test,Taylor Silva,2025-02-09 09:00:00,marco.reyes@sampleco.test,Elena Blake,2025-05-17 18:28:00,Y,Aisha Vance,Avery Okafor,Diego Sloan,SKU-1499,Data Analyst,,,,,,,,,SKU-7014,diego.sloan@sampleco.test,,,,Active,,100528,100348,100566,100576,,,,,,,100665,Gamma,100220,,,Gamma,,100535,,nina.whitfield@acme-fake.test,liam.ford@examplecorp.test,Quarterly Newsletter,100569,Beacon Group,Other,,,,,,,,,,,,Y,
100375,Contact,101943,liam.ivanov@sampleco.test,Elena Costa,2025-01-14 21:45:00,elena.mensah@acme-fake.test,Emerson Okafor,2023-09-05 03:29:00,elena.blake@examplecorp.test,Taylor Haddad,2022-11-09 15:43:00,elena.calder@acme-fake.test,Alex Silva,2026-07-09 18:03:00,Y,Omar Sato,Yara Reyes,Yara Nguyen,SKU-1149,Bookkeeper,,,,,Standard,,,,SKU-8173,yara.nguyen@demomail.test,,,,Active,100157,,100671,100576,100199,,,,,100158,,100038,Alpha,100458,,,Beta,100639,100362,,liam.kim@demomail.test,jordan.patel@acme-fake.test,Quarterly Newsletter,100256,,,100461,,,,,,,,,,,N,
100336,Contact,101946,jordan.mensah@examplecorp.test,Morgan Ashby,2023-10-28 05:25:00,emerson.blake@sampleco.test,Skyler Haddad,2026-01-12 16:43:00,liam.mercer@sampleco.test,Omar Calder,2022-10-03 07:18:00,quinn.calder@sampleco.test,Noah Calder,2025-06-23 15:58:00,N,Avery Silva,Emerson Ashby,Emerson Patel,TAG-4067,Marketing Coordinator,,,,,,,,,LOT-6966,emerson.patel@sampleco.test,,,,Inactive,100226,100404,100210,,,,,,,100224,,100423,Beta,100585,,,Standard,,100784,,taylor.kim@sampleco.test,quinn.ford@examplecorp.test,Event Invite,100509,,,,,,,,,,,,,,Y,
100669,Contact,101948,fatima.mercer@examplecorp.test,Elena Silva,2026-03-13 11:05:00,emerson.blake@demomail.test,Liam Blake,2025-03-27 01:03:00,aisha.brooks@acme-fake.test,Yara Kim,2026-06-17 10:59:00,omar.vance@acme-fake.test,Noah Ivanov,2024-09-03 00:51:00,Y,Rowan Okafor,Aisha Ivanov,Morgan Kim,LOT-7989,Accountant,,,,,,,,,TAG-9090,morgan.kim@examplecorp.test,,,,Active,100325,100196,100651,,100210,,,,,,,100699,Gamma,100288,,,,,100096,,elena.sloan@examplecorp.test,drew.nguyen@examplecorp.test,Renewal Nudge,100005,,Gamma,,,,7,,,,101843,,,,Y,
100398,Contact,101950,rahul.larsson@acme-fake.test,Arjun Mensah,2023-05-11 04:32:00,drew.dorsey@examplecorp.test,Avery Kim,2022-10-02 23:34:00,alex.whitfield@examplecorp.test,Sofia Ford,2023-11-30 11:58:00,priya.nguyen@acme-fake.test,Jordan Mercer,2023-07-20 09:33:00,Y,Quinn Calder,Reese Ashby,Drew Reyes,REF-3321,Payroll Specialist,,,,,,,,REF-7912,REF-5263,drew.reyes@sampleco.test,,,,Active,,100762,100448,,100221,,,,,,,100188,Beta,100299,,,,,,,emerson.reyes@demomail.test,taylor.sato@acme-fake.test,Product Update,100522,,Standard,100165,,,,,,,101836,,,,,
100125,Contact,101952,riley.calder@examplecorp.test,Drew Ashby,2023-08-20 13:31:00,chen.okafor@sampleco.test,Rahul Brooks,2026-07-27 11:55:00,marco.mensah@demomail.test,Jamie Cohen,2023-04-16 21:31:00,elena.kim@demomail.test,Emerson Calder,2026-01-10 14:22:00,Y,Morgan Costa,Emerson Ivanov,Mei Vance,,Bookkeeper,,,Alpha,,,,2287,REF-4456,REF-6407,mei.vance@examplecorp.test,,,,Active,,,100378,100026,100481,TAG-9928,,,,100779,,100042,Other,100717,,Y,,,,,mei.silva@demomail.test,liam.blake@sampleco.test,Product Update,100399,,Gamma,100229,,,,,,,,Y,,,Y,
100178,Contact,101955,priya.nguyen@demomail.test,Aisha Kim,2025-09-22 20:17:00,aisha.haddad@acme-fake.test,Jamie Kim,2024-12-18 07:06:00,skyler.haddad@sampleco.test,Priya Dorsey,2024-05-13 00:42:00,omar.patel@demomail.test,Jamie Mensah,2025-12-10 02:29:00,Y,Casey Mercer,Rowan Brooks,Elena Blake,SKU-7543,Payroll Specialist,,,,,,,,REF-5273,TAG-6570,elena.blake@examplecorp.test,,,,Active,100753,100569,100791,100103,100319,,,,,,,100214,Other,100365,,,Beta,100071,100021,,morgan.larsson@demomail.test,liam.cohen@demomail.test,Quarterly Newsletter,100420,,Delta,100372,,,,,,,101816,,,,,
100696,Contact,101956,quinn.calder@examplecorp.test,Nina Vance,2023-06-04 09:04:00,alex.ivanov@sampleco.test,Riley Silva,2025-11-12 18:27:00,reese.okafor@acme-fake.test,Liam Sloan,2023-11-02 10:07:00,noah.blake@acme-fake.test,Noah Larsson,2025-11-04 11:57:00,Y,Elena Nguyen,Arjun Kim,Riley Costa,LOT-8792,Executive Assistant,,,,,,,,,LOT-7679,riley.costa@demomail.test,,,,Active,100532,,100165,100317,100566,,,,,,,100007,Standard,100448,,,Gamma,100330,,,aisha.sato@demomail.test,rowan.mensah@demomail.test,Renewal Nudge,100779,,,100787,,,,6,,,,,,,N,
100659,Contact,101958,morgan.costa@demomail.test,Emerson Blake,2023-02-20 05:57:00,rowan.okafor@examplecorp.test,Rowan Kim,2022-11-17 06:09:00,mei.vance@sampleco.test,Elena Sato,2025-05-15 08:22:00,arjun.vance@acme-fake.test,Mei Patel,2025-08-25 15:05:00,Y,Taylor Haddad,Casey Sato,Fatima Sato,REF-7973,HR Generalist,,,,,,,,SKU-5679,LOT-1825,fatima.sato@sampleco.test,,,,Active,100699,100094,100340,,100503,TAG-2362,,,,100236,,100434,Delta,100503,,,,,100211,,elena.sato@demomail.test,riley.costa@demomail.test,Renewal Nudge,100718,Cardinal Health Inc,Other,,,,,,,,101878,,,,,
100472,Contact,101961,avery.silva@examplecorp.test,Quinn Patel,2025-11-01 19:55:00,priya.mercer@examplecorp.test,Jamie Ford,2024-10-07 11:36:00,drew.kim@examplecorp.test,Casey Ivanov,2025-12-08 01:22:00,avery.patel@examplecorp.test,Skyler Mensah,2025-05-29 17:18:00,Y,Nina Mercer,Priya Mercer,Avery Ashby,SKU-2572,Bookkeeper,,,,,,,,REF-2616,TAG-6057,avery.ashby@acme-fake.test,,,,Active,,100016,100629,,,,,,,,,100718,Delta,100660,,,Delta,100648,,,sofia.costa@examplecorp.test,fatima.ivanov@demomail.test,Re-engagement,100730,Delta Robotics Ltd,Alpha,100145,,,,,,,,,,,,
100776,Contact,101964,alex.cohen@demomail.test,Alex Larsson,2026-02-17 17:18:00,arjun.blake@examplecorp.test,Avery Ashby,2022-11-23 18:25:00,rowan.cohen@sampleco.test,Sofia Haddad,2023-09-29 23:07:00,morgan.whitfield@examplecorp.test,Arjun Silva,2025-04-17 18:36:00,Y,Mei Silva,Jamie Garcia,Taylor Mensah,SKU-3768,Support Specialist,,,,,,SKU-9941,,SKU-2113,SKU-2397,taylor.mensah@acme-fake.test,,,,Active,,100295,100281,,,,,,,100236,,,Delta,100436,,,Gamma,100188,,,riley.rossi@demomail.test,avery.ashby@sampleco.test,Re-engagement,100733,Cardinal Foods,Standard,,,,,,,,101792,,,,N,
100782,Contact,101965,aisha.whitfield@sampleco.test,Alex Dorsey,2023-08-03 07:29:00,alex.rossi@examplecorp.test,Jamie Silva,2023-11-30 18:48:00,alex.larsson@examplecorp.test,Nina Larsson,2023-10-04 18:00:00,reese.okafor@sampleco.test,Casey Ashby,2024-11-10 12:45:00,Y,Priya Cohen,Chen Rossi,Noah Okafor,LOT-5767,QA Engineer,,,,,,REF-6291,,,REF-6818,noah.okafor@demomail.test,,,,Active,100702,100168,100028,100696,,,,,,,,100178,Other,100643,,,Alpha,100405,100055,,arjun.ashby@demomail.test,marco.haddad@sampleco.test,Re-engagement,100380,,Other,100686,,,,10,,,,,,,N,
100428,Contact,101968,emerson.sato@acme-fake.test,Avery Blake,2023-10-27 16:53:00,arjun.reyes@sampleco.test,Liam Vance,2026-07-11 00:38:00,reese.cohen@examplecorp.test,Casey Ashby,2023-12-20 13:52:00,rahul.mensah@sampleco.test,Mei Sato,2025-10-31 02:21:00,Y,Elena Mensah,Liam Rossi,Fatima Rossi,TAG-2162,Payroll Specialist,,,,,,,,SKU-2978,LOT-2395,fatima.rossi@demomail.test,,,,Active,,,100538,100407,100688,,,,,,,100250,Beta,100153,,,Standard,100362,100665,,mei.cohen@demomail.test,morgan.vance@examplecorp.test,Re-engagement,100425,Delta Labs Inc,Alpha,100446,,,,,,,101794,,,,,
100570,Contact,101971,alex.mercer@sampleco.test,Omar Sloan,2024-12-16 00:21:00,drew.mensah@sampleco.test,Emerson Calder,2025-03-24 13:50:00,arjun.cohen@demomail.test,Quinn Kim,2023-05-02 21:59:00,rowan.whitfield@sampleco.test,Priya Sato,2024-10-30 13:55:00,Y,Jamie Haddad,Aisha Sato,Diego Rossi,LOT-4692,Payroll Specialist,,,,,,,,TAG-8484,SKU-4829,diego.rossi@examplecorp.test,,,,Active,100199,100172,100260,100103,,,,,,100058,,,Beta,100596,,,Beta,,100396,,fatima.brooks@sampleco.test,morgan.ashby@acme-fake.test,Renewal Nudge,100252,,Alpha,,,,,,,,,,,,,
100322,Contact,101973,riley.haddad@acme-fake.test,Marco Ivanov,2025-06-06 21:02:00,casey.ford@examplecorp.test,Fatima Ivanov,2023-01-28 01:05:00,diego.patel@acme-fake.test,Riley Haddad,2022-11-16 06:28:00,casey.garcia@acme-fake.test,Aisha Whitfield,2023-01-22 12:24:00,Y,Rahul Dorsey,Priya Cohen,Fatima Mensah,LOT-8366,Payroll Specialist,,SKU-6706,,Delta,,,,REF-1067,LOT-7229,fatima.mensah@demomail.test,,,,Active,100569,100181,100125,,,,,,,100504,,,Other,100169,,,Standard,,,,emerson.ivanov@sampleco.test,omar.ivanov@sampleco.test,Re-engagement,100396,,,100257,,,,,,,,,,,Y,
100566,Contact,101974,priya.vance@acme-fake.test,Yara Blake,2024-07-27 18:21:00,fatima.dorsey@demomail.test,Reese Whitfield,2024-04-25 02:24:00,diego.brooks@acme-fake.test,Avery Ford,2025-02-03 16:23:00,rahul.calder@acme-fake.test,Avery Mensah,2024-05-23 08:55:00,N,Yara Ashby,Chen Vance,Casey Blake,,Support Specialist,,,,,,,,,REF-2610,casey.blake@sampleco.test,,,,Inactive,,100382,100735,100782,100756,,,,,100023,,,Other,100704,,,Other,100217,,,chen.brooks@examplecorp.test,sofia.mensah@sampleco.test,Re-engagement,100558,,Alpha,,,,,,,,101817,,,,,
100481,Contact,101977,alex.ford@acme-fake.test,Reese Silva,2023-06-20 06:41:00,elena.vance@demomail.test,Casey Sloan,2024-01-10 00:44:00,alex.mensah@sampleco.test,Quinn Kim,2023-04-01 10:37:00,omar.mensah@sampleco.test,Diego Vance,2024-08-07 02:20:00,N,Quinn Sloan,Avery Mercer,Noah Okafor,REF-1996,Marketing Coordinator,,,,,,,,LOT-3003,TAG-3592,noah.okafor@demomail.test,,,,Inactive,100031,100158,100638,100062,,,,,,100204,,100555,Beta,100476,,,,,,,rowan.kim@demomail.test,noah.blake@demomail.test,Product Update,100507,,,,,,,,,,,,,,,
100415,Contact,101978,sofia.nguyen@sampleco.test,Arjun Silva,2025-09-15 04:17:00,rahul.whitfield@examplecorp.test,Chen Haddad,2024-10-21 03:02:00,rowan.patel@examplecorp.test,Fatima Patel,2026-03-12 17:26:00,diego.costa@sampleco.test,Elena Brooks,2026-05-15 22:28:00,N,Skyler Garcia,Jordan Ivanov,Diego Calder,REF-1925,Financial Analyst,,,Other,Other,,,,LOT-8568,TAG-1240,diego.calder@examplecorp.test,,,,Inactive,,,100269,100466,,,,,,100667,,,Gamma,100128,,,,100137,100079,,elena.mensah@demomail.test,quinn.costa@demomail.test,Product Update,100096,Delta Holdings LLP,,,,,,,,,101843,,,,N,
100121,Contact,101981,alex.mensah@acme-fake.test,Morgan Silva,2026-04-19 06:00:00,skyler.dorsey@demomail.test,Jordan Mensah,2025-08-19 19:38:00,reese.reyes@sampleco.test,Quinn Whitfield,2023-07-09 12:27:00,omar.nguyen@examplecorp.test,Noah Sato,2024-02-22 11:22:00,N,Sofia Brooks,Taylor Ford,Diego Nguyen,LOT-6960,Project Manager,,,,,,,,,LOT-6025,diego.nguyen@acme-fake.test,,,,Inactive,100194,,100449,100498,,LOT-7111,,,,100651,,100471,Alpha,100442,,,Other,,,,omar.dorsey@acme-fake.test,omar.ivanov@acme-fake.test,Renewal Nudge,100157,Redwood Logistics Group,Beta,100003,,,,5,,,,,,,,
100208,Contact,101983,arjun.nguyen@acme-fake.test,Casey Ivanov,2025-02-27 14:42:00,fatima.blake@acme-fake.test,Arjun Ivanov,2023-03-20 11:10:00,rowan.vance@demomail.test,Rowan Silva,2025-08-20 19:19:00,morgan.blake@demomail.test,Casey Patel,2022-12-08 19:32:00,Y,Yara Garcia,Yara Ford,Alex Mercer,SKU-8291,Recruiter,,,,,,,,,REF-8833,alex.mercer@examplecorp.test,,,,Active,,,100654,100624,,,,,,100385,,,Other,100616,,N,Delta,,,,fatima.ivanov@demomail.test,mei.sato@demomail.test,Renewal Nudge,100469,Atlas Robotics Inc,Gamma,100550,,,,5,,,,,,,N,
100512,Contact,101985,omar.ford@sampleco.test,Taylor Vance,2024-03-12 05:26:00,mei.haddad@examplecorp.test,Liam Silva,2023-07-28 23:16:00,emerson.larsson@sampleco.test,Morgan Reyes,2026-04-17 05:04:00,jordan.mensah@examplecorp.test,Chen Cohen,2022-12-20 19:24:00,Y,Noah Patel,Reese Sloan,Riley Mensah,LOT-3269,Financial Analyst,,,,,,,,,LOT-5676,riley.mensah@sampleco.test,,,,Active,100019,100445,100023,100710,100656,,,,,100073,,100714,Standard,100182,,,Gamma,100579,100273,,fatima.reyes@examplecorp.test,emerson.brooks@sampleco.test,Renewal Nudge,100046,Redwood Textiles LLP,,,,,,,,,,,,,,
100453,Contact,101988,yara.mensah@sampleco.test,Morgan Mercer,2026-04-19 23:23:00,yara.kim@examplecorp.test,Arjun Sato,2025-05-04 18:46:00,marco.silva@sampleco.test,Diego Blake,2023-11-16 17:20:00,skyler.patel@examplecorp.test,Avery Calder,2022-12-29 14:43:00,N,Liam Sato,Elena Okafor,Marco Kim,LOT-8242,Customer Success Manager,,,,,,,,,REF-4639,marco.kim@sampleco.test,,,,Inactive,100645,,100529,,100423,LOT-6752,,,,100242,,100627,Gamma,100196,,,,100635,,,riley.larsson@acme-fake.test,jordan.okafor@acme-fake.test,Quarterly Newsletter,100498,,Other,,,9,,,,,101840,,,,,N
100210,Contact,101990,aisha.costa@sampleco.test,Riley Vance,2024-04-13 23:15:00,sofia.vance@examplecorp.test,Jordan Mercer,2023-07-02 13:33:00,taylor.cohen@demomail.test,Omar Larsson,2023-02-15 02:33:00,taylor.mercer@demomail.test,Liam Sato,2023-10-10 10:44:00,Y,Priya Ashby,Emerson Haddad,Quinn Costa,TAG-7060,Customer Success Manager,,,,,,,,,REF-4211,quinn.costa@sampleco.test,,,,Active,100704,100257,100466,100277,100348,,,,,100478,,,Other,100632,,N,Delta,,100507,,rahul.blake@examplecorp.test,reese.costa@examplecorp.test,Product Update,100357,Everest Media Co,Delta,100415,,,,,,,101813,,,,,
100361,Contact,101992,rahul.cohen@demomail.test,Liam Larsson,2023-08-27 01:45:00,omar.dorsey@sampleco.test,Jordan Ivanov,2022-11-06 18:47:00,skyler.garcia@sampleco.test,Skyler Nguyen,2023-07-03 17:09:00,reese.ivanov@acme-fake.test,Skyler Sloan,2024-03-20 09:55:00,Y,Rahul Nguyen,Taylor Patel,Mei Blake,LOT-6826,Project Manager,,,,,,,,REF-1905,TAG-1796,mei.blake@acme-fake.test,,,,Active,,100035,100753,,,SKU-3569,,,,100119,,100098,Gamma,100103,,,Other,100683,,,marco.okafor@sampleco.test,taylor.brooks@examplecorp.test,Quarterly Newsletter,100315,Cardinal Group Group,Gamma,100601,,,,,,,101878,,,,Y,
100519,Contact,101994,nina.mensah@sampleco.test,Priya Dorsey,2023-12-12 21:19:00,sofia.rossi@sampleco.test,Liam Larsson,2023-01-26 11:26:00,priya.sloan@acme-fake.test,Yara Nguyen,2023-01-20 17:41:00,noah.patel@sampleco.test,Casey Calder,2025-08-28 18:49:00,Y,Riley Garcia,Morgan Brooks,Diego Larsson,SKU-3568,Marketing Coordinator,,,,,,,,REF-7015,SKU-2288,diego.larsson@demomail.test,,,,Active,,,100134,100532,,REF-4609,,,,100468,,100158,Gamma,100103,,N,,100514,,,omar.patel@examplecorp.test,sofia.haddad@sampleco.test,Event Invite,100031,,,100457,,,,,,,101886,,,,,N
100595,Contact,101996,nina.dorsey@demomail.test,Morgan Mercer,2025-02-22 10:39:00,omar.blake@examplecorp.test,Casey Sloan,2022-11-17 15:02:00,priya.reyes@acme-fake.test,Morgan Rossi,2023-12-19 11:24:00,arjun.kim@demomail.test,Marco Nguyen,2023-04-03 00:56:00,N,Chen Vance,Omar Mercer,Riley Larsson,SKU-9918,QA Engineer,,,,,,,,,TAG-8395,riley.larsson@sampleco.test,,,,Inactive,100169,,100787,,100296,,,,,100587,,,Alpha,100345,,,Beta,100761,100264,,arjun.cohen@examplecorp.test,sofia.okafor@demomail.test,Re-engagement,100236,Keystone Logistics Co,Alpha,,,,,,,,,,,,Y,
100428,Contact,101998,aisha.garcia@demomail.test,Jamie Silva,2026-01-14 08:09:00,chen.sato@acme-fake.test,Chen Sloan,2024-09-04 15:08:00,diego.whitfield@examplecorp.test,Chen Garcia,2024-03-31 03:42:00,alex.ivanov@demomail.test,Casey Mensah,2023-04-03 00:23:00,Y,Yara Ivanov,Rahul Dorsey,Reese Mercer,LOT-4164,Marketing Coordinator,,,,,,,,,REF-5406,reese.mercer@sampleco.test,,,,Active,100579,,100495,100665,100320,,,,,100053,,100535,Beta,100566,,,Beta,,,,rahul.ashby@acme-fake.test,quinn.blake@sampleco.test,Event Invite,100348,,Alpha,,,,,,,,,,,,Y,
100439,Contact,102000,rowan.ashby@examplecorp.test,Jordan Costa,2024-01-20 16:51:00,skyler.ashby@sampleco.test,Jordan Mensah,2025-01-05 11:39:00,taylor.mensah@demomail.test,Priya Silva,2025-05-02 02:18:00,drew.dorsey@examplecorp.test,Quinn Kim,2024-07-28 02:28:00,N,Noah Ford,Aisha Brooks,Jordan Nguyen,REF-5374,Support Specialist,,,,,,,,,TAG-7897,jordan.nguyen@acme-fake.test,,,,Inactive,100123,100086,100699,100305,,,,,,100759,,,Delta,100161,,,Alpha,100035,,,riley.costa@examplecorp.test,casey.blake@demomail.test,Re-engagement,100672,Atlas Systems Inc,,100239,,,,,,,101883,,,,,Y
100532,Contact,102002,aisha.calder@examplecorp.test,Alex Larsson,2026-01-02 07:57:00,liam.haddad@acme-fake.test,Jordan Mensah,2024-10-01 02:35:00,liam.ashby@examplecorp.test,Avery Vance,2025-07-12 18:49:00,nina.reyes@examplecorp.test,Skyler Silva,2023-06-23 06:54:00,Y,Taylor Nguyen,Quinn Okafor,Priya Ivanov,LOT-6330,QA Engineer,,,,,,,,,LOT-7225,priya.ivanov@acme-fake.test,,,,Active,,,100317,100035,100472,,,,,,,100535,Standard,100434,,,Gamma,100033,100645,,jamie.ashby@acme-fake.test,elena.ivanov@acme-fake.test,Quarterly Newsletter,100079,Vertex Dynamics LLP,Other,,,,,5,,,101798,,,,,
100540,Contact,102005,noah.dorsey@acme-fake.test,Mei Patel,2026-03-09 07:20:00,rowan.kim@examplecorp.test,Yara Mensah,2024-11-22 12:59:00,diego.vance@demomail.test,Morgan Brooks,2024-05-10 08:33:00,taylor.mensah@sampleco.test,Alex Whitfield,2024-07-29 23:38:00,Y,Alex Vance,Taylor Silva,Liam Patel,LOT-9005,Customer Success Manager,,,,,,,2242,,TAG-8427,liam.patel@demomail.test,,,,Active,,100751,100092,100611,100003,,,,,100314,,,Standard,100704,,,Beta,100745,100076,,yara.okafor@demomail.test,arjun.ford@examplecorp.test,Renewal Nudge,100472,Atlas Retail Ltd,Alpha,,,,,6,,,101837,,,,,
100619,Contact,102006,jordan.patel@examplecorp.test,Marco Blake,2023-04-16 16:44:00,arjun.ford@sampleco.test,Mei Calder,2024-10-30 16:35:00,emerson.cohen@sampleco.test,Aisha Ivanov,2025-12-02 18:59:00,alex.ashby@demomail.test,Morgan Kim,2023-06-16 14:43:00,Y,Liam Haddad,Quinn Mercer,Fatima Vance,SKU-4141,Customer Success Manager,,,,,,,,,LOT-4386,fatima.vance@sampleco.test,,,,Active,100519,100348,100128,,100739,,,,,100328,,100053,Gamma,100659,,,,100232,,,casey.rossi@acme-fake.test,yara.costa@sampleco.test,Product Update,100340,,Beta,100298,,,,,,,101857,,,,N,
100699,Contact,102008,yara.haddad@demomail.test,Quinn Costa,2026-02-02 01:25:00,emerson.sloan@demomail.test,Nina Blake,2023-09-22 13:39:00,riley.brooks@sampleco.test,Avery Brooks,2024-01-07 02:02:00,mei.haddad@sampleco.test,Sofia Dorsey,2022-10-31 15:05:00,Y,Sofia Costa,Morgan Nguyen,Marco Okafor,LOT-6707,Executive Assistant,,,,,,,,,TAG-3023,marco.okafor@demomail.test,,,,Active,,100273,100514,,100579,,,,,,,100365,Other,100442,,,,100267,,,yara.sato@examplecorp.test,elena.dorsey@acme-fake.test,Event Invite,100142,Everest Networks LLP,,100779,,,,,,,101825,,,,,
100532,Contact,102011,avery.garcia@acme-fake.test,Rowan Mensah,2025-05-25 05:01:00,marco.silva@demomail.test,Rahul Reyes,2025-06-08 19:58:00,drew.sato@acme-fake.test,Priya Brooks,2025-10-19 21:11:00,drew.dorsey@examplecorp.test,Drew Mercer,2023-01-12 05:28:00,Y,Skyler Brooks,Rahul Ford,Alex Costa,SKU-5533,Data Analyst,,,Standard,,,,,,REF-9330,alex.costa@sampleco.test,,,,Active,100396,100590,100252,,100660,,,,,100115,,100494,Gamma,100759,,,,100009,100299,,jamie.rossi@examplecorp.test,elena.silva@acme-fake.test,Re-engagement,100512,Lakeside Manufacturing Inc,Other,,,,,,,,101862,,,,N,
100181,Contact,102012,nina.sato@sampleco.test,Casey Kim,2025-09-25 00:47:00,avery.sloan@sampleco.test,Quinn Haddad,2026-03-25 00:21:00,jordan.rossi@demomail.test,Jordan Mensah,2026-03-11 05:55:00,mei.silva@sampleco.test,Avery Sato,2022-11-17 14:50:00,Y,Omar Calder,Drew Dorsey,Marco Brooks,SKU-2637,Payroll Specialist,,,Gamma,,,,,,TAG-8781,marco.brooks@demomail.test,,,,Active,,100165,100182,100694,,SKU-3802,,,,,,100047,Delta,100305,,,Delta,100309,100559,,morgan.haddad@acme-fake.test,rowan.patel@sampleco.test,Event Invite,100425,Cobalt Industries LLP,Alpha,100745,,,,0,,,101794,,,,,
100673,Contact,102013,arjun.cohen@demomail.test,Fatima Rossi,2026-04-22 03:56:00,fatima.whitfield@demomail.test,Mei Sloan,2025-08-09 22:02:00,jamie.rossi@examplecorp.test,Avery Haddad,2022-12-31 00:57:00,fatima.silva@demomail.test,Skyler Larsson,2023-11-27 18:01:00,Y,Sofia Whitfield,Marco Ford,Chen Ivanov,LOT-4194,HR Generalist,,,,,,,,,SKU-4835,chen.ivanov@examplecorp.test,,,,Active,100514,100033,100352,100054,100343,,,,,,,,Alpha,100532,,,Other,,,,rowan.larsson@acme-fake.test,emerson.dorsey@demomail.test,Quarterly Newsletter,100134,Copper Dynamics Inc,Gamma,,,,,,,,101831,,,,Y,
100339,Contact,102014,taylor.calder@sampleco.test,Alex Vance,2024-08-08 18:47:00,fatima.ford@acme-fake.test,Omar Mensah,2025-01-18 21:43:00,skyler.calder@examplecorp.test,Fatima Vance,2025-06-17 06:57:00,arjun.sato@demomail.test,Aisha Sloan,2025-01-29 01:00:00,N,Skyler Sato,Jordan Haddad,Yara Cohen,LOT-9133,Executive Assistant,,,,,Alpha,,,REF-1047,REF-7514,yara.cohen@sampleco.test,,,,Inactive,100514,100647,100466,,100785,,,,,,,100161,Standard,100208,,,Standard,100211,,,chen.reyes@sampleco.test,arjun.okafor@acme-fake.test,Quarterly Newsletter,100158,,,100236,,,,,,,101801,,,,N,
100606,Contact,102017,rahul.brooks@sampleco.test,Elena Brooks,2025-06-20 19:44:00,reese.haddad@demomail.test,Rowan Sloan,2024-10-10 18:39:00,arjun.reyes@examplecorp.test,Quinn Mensah,2023-09-21 23:42:00,jamie.larsson@acme-fake.test,Elena Reyes,2022-12-07 08:49:00,Y,Alex Mercer,Riley Brooks,Drew Kim,LOT-8005,Support Specialist,,,,,,,,LOT-7054,REF-2781,drew.kim@examplecorp.test,,,,Active,100089,100286,100260,100016,,,,,,100622,,,Standard,100660,,,Alpha,,,,avery.brooks@acme-fake.test,jordan.cohen@sampleco.test,Renewal Nudge,100320,Meridian Holdings Ltd,Delta,100702,,,,,,,101812,,,,,
100689,Contact,102020,liam.brooks@examplecorp.test,Riley Garcia,2025-03-14 12:24:00,mei.nguyen@demomail.test,Jamie Rossi,2024-08-15 16:36:00,riley.dorsey@acme-fake.test,Casey Garcia,2024-07-16 07:33:00,chen.vance@examplecorp.test,Rowan Costa,2024-02-26 11:58:00,N,Noah Okafor,Rowan Okafor,Nina Larsson,REF-4764,QA Engineer,,,,,,,,,REF-5628,nina.larsson@acme-fake.test,,,,Inactive,,100372,100296,,100043,,,,,,,100732,Beta,100157,,,,100710,100509,,casey.larsson@demomail.test,yara.dorsey@sampleco.test,Renewal Nudge,100033,,Beta,100043,,,,,,,,,,,Y,
100559,Contact,102023,omar.reyes@demomail.test,Alex Haddad,2023-07-12 08:11:00,drew.sloan@sampleco.test,Fatima Haddad,2024-04-10 09:05:00,chen.larsson@acme-fake.test,Rowan Ivanov,2023-10-22 09:13:00,noah.dorsey@demomail.test,Mei Dorsey,2026-06-16 11:29:00,Y,Jamie Larsson,Aisha Whitfield,Casey Garcia,SKU-3672,Financial Analyst,,,,,,,,,SKU-5287,casey.garcia@acme-fake.test,,,,Active,,100776,100756,100465,100759,,,,,100200,,,Alpha,100442,,,Gamma,100624,100660,,taylor.blake@demomail.test,elena.ford@sampleco.test,Re-engagement,100771,,Alpha,,,,,,,,,,,,N,
100750,Contact,102024,jamie.ford@acme-fake.test,Elena Kim,2023-12-14 11:24:00,rahul.larsson@acme-fake.test,Rahul Costa,2024-11-26 05:07:00,sofia.nguyen@acme-fake.test,Reese Blake,2025-08-06 11:51:00,elena.sloan@sampleco.test,Omar Vance,2023-12-23 19:22:00,N,Riley Ivanov,Elena Costa,Quinn Vance,SKU-8582,QA Engineer,,,,,,TAG-4459,,,SKU-8107,quinn.vance@examplecorp.test,,,,Inactive,100484,,100599,,,,,,,100185,,100702,Other,100451,,,Standard,100387,100332,,marco.sato@sampleco.test,aisha.costa@acme-fake.test,Event Invite,100199,Keystone Industries Inc,Alpha,100401,,,,,,,,,,,Y,N
100442,Contact,102025,quinn.nguyen@examplecorp.test,Alex Nguyen,2022-11-15 08:59:00,arjun.blake@demomail.test,Elena Vance,2025-04-05 05:24:00,yara.ford@sampleco.test,Avery Patel,2024-11-04 06:25:00,yara.ashby@sampleco.test,Emerson Silva,2023-11-17 17:47:00,Y,Morgan Blake,Chen Mercer,Quinn Vance,SKU-8801,Marketing Coordinator,,,,,,,,,TAG-2717,quinn.vance@examplecorp.test,,,,Active,100779,100236,100214,,100606,,,,,100079,,100140,Beta,100073,,,Alpha,,100330,,yara.sloan@demomail.test,mei.sato@acme-fake.test,Renewal Nudge,100721,Brightpath Logistics Group,Beta,100410,,,,,,,101860,,,,,
100441,Contact,102028,yara.rossi@acme-fake.test,Emerson Ford,2023-05-08 11:00:00,drew.silva@acme-fake.test,Sofia Ashby,2023-05-22 22:47:00,aisha.whitfield@examplecorp.test,Diego Ivanov,2024-10-13 14:13:00,liam.ashby@sampleco.test,Drew Nguyen,2025-09-29 03:47:00,Y,Reese Ivanov,Yara Vance,Quinn Silva,LOT-4212,Software Developer,,,,,,,,TAG-1542,REF-6719,quinn.silva@sampleco.test,,,,Active,100765,100545,100349,,100559,,,,,,,100624,Delta,100558,,,Beta,100031,100414,,riley.ford@examplecorp.test,casey.ivanov@examplecorp.test,Re-engagement,100700,Evergreen Holdings,Standard,,,,,,,,,,,,Y,
100525,Contact,102030,riley.kim@acme-fake.test,Liam Ivanov,2024-09-14 08:24:00,sofia.patel@examplecorp.test,Casey Cohen,2025-06-28 14:23:00,elena.larsson@acme-fake.test,Elena Okafor,2026-05-09 10:03:00,jamie.rossi@sampleco.test,Morgan Reyes,2024-02-07 13:16:00,Y,Priya Ashby,Yara Ford,Sofia Rossi,REF-8962,Recruiter,,,,,,,,,LOT-5241,sofia.rossi@sampleco.test,,,,Active,100349,,100161,100038,100696,,,,,100672,,,Beta,100639,,,Delta,100330,100348,,jordan.whitfield@demomail.test,liam.dorsey@examplecorp.test,Quarterly Newsletter,100019,Falcon Ventures Inc,Beta,100632,,,,,,,101843,,,,N,
100762,Contact,102031,nina.nguyen@demomail.test,Jamie Calder,2024-11-24 07:48:00,mei.kim@demomail.test,Avery Calder,2024-11-03 13:55:00,morgan.vance@examplecorp.test,Quinn Rossi,2024-01-31 02:50:00,skyler.sato@acme-fake.test,Riley Costa,2026-05-25 00:16:00,Y,Elena Okafor,Noah Costa,Alex Calder,REF-1431,Marketing Coordinator,,,,,,,,SKU-4166,LOT-4626,alex.calder@acme-fake.test,,,,Active,100405,,100667,100758,,,,,,100689,,100578,Alpha,100119,,,Standard,100490,,,priya.sato@examplecorp.test,emerson.haddad@sampleco.test,Product Update,100145,,Standard,100566,,,,,,,101840,,,,N,
100743,Contact,102032,rahul.mercer@acme-fake.test,Avery Reyes,2023-10-22 01:07:00,yara.rossi@examplecorp.test,Priya Cohen,2023-08-29 05:09:00,yara.whitfield@sampleco.test,Skyler Nguyen,2022-11-14 17:41:00,liam.reyes@demomail.test,Diego Sloan,2023-09-01 01:36:00,Y,Omar Brooks,Marco Patel,Priya Silva,,QA Engineer,,,,,,,,TAG-3850,SKU-3779,priya.silva@acme-fake.test,,,,Active,100770,100252,100545,100498,,,,,,100429,,,Alpha,100713,,,Standard,100791,,,omar.reyes@examplecorp.test,nina.ford@examplecorp.test,Product Update,100252,,,100448,,,,,,,101889,,,,,
100442,Contact,102034,alex.nguyen@acme-fake.test,Sofia Blake,2026-03-25 11:16:00,liam.sloan@sampleco.test,Taylor Sato,2024-06-30 05:47:00,riley.silva@demomail.test,Rowan Ashby,2025-09-05 00:33:00,quinn.ford@examplecorp.test,Diego Cohen,2024-02-18 12:41:00,Y,Noah Okafor,Jordan Patel,Morgan Ashby,TAG-9518,Executive Assistant,,,,,,,,,SKU-5578,morgan.ashby@acme-fake.test,,,,Active,100156,100554,100635,100172,,,,,,,,,Standard,100165,,,Delta,100565,100451,,chen.brooks@examplecorp.test,fatima.blake@sampleco.test,Renewal Nudge,100558,,,,,,,,,,,,,,,
100067,Contact,102035,skyler.silva@acme-fake.test,Marco Brooks,2023-03-12 14:56:00,jamie.sato@examplecorp.test,Rahul Whitfield,2024-12-07 03:34:00,nina.dorsey@examplecorp.test,Skyler Calder,2024-01-30 12:54:00,riley.larsson@acme-fake.test,Marco Mensah,2026-01-17 19:37:00,Y,Mei Patel,Reese Mensah,Rowan Dorsey,SKU-2976,Operations Associate,,,,,,,,LOT-8720,SKU-7906,rowan.dorsey@demomail.test,,,,Active,100616,100747,100790,100239,100123,,,,,100765,,,Standard,100525,,N,,100031,100751,,rahul.okafor@sampleco.test,jamie.mercer@sampleco.test,Event Invite,100065,,,100654,,,,,,,,,,,,
100519,Contact,102038,fatima.dorsey@examplecorp.test,Chen Costa,2022-11-08 10:18:00,yara.garcia@acme-fake.test,Skyler Haddad,2024-03-20 11:20:00,noah.sloan@demomail.test,Quinn Costa,2023-12-09 16:42:00,noah.reyes@acme-fake.test,Omar Brooks,2022-10-23 22:59:00,N,Jamie Silva,Jordan Silva,Sofia Patel,TAG-7478,QA Engineer,,,,,,,,LOT-1276,TAG-9426,sofia.patel@sampleco.test,,,,Inactive,,,100661,,,,,,,,,100532,Alpha,100233,,,Delta,100117,100299,,marco.nguyen@acme-fake.test,rahul.rossi@acme-fake.test,Quarterly Newsletter,100382,,Delta,100770,,,,,,,,,,,Y,
100200,Contact,102039,taylor.sloan@acme-fake.test,Alex Ashby,2024-09-09 05:51:00,jordan.patel@acme-fake.test,Riley Patel,2026-01-30 19:01:00,chen.brooks@examplecorp.test,Rahul Haddad,2025-07-14 01:24:00,noah.blake@examplecorp.test,Jordan Ivanov,2026-06-18 14:30:00,Y,Noah Mensah,Morgan Ivanov,Avery Patel,TAG-7453,Accountant,,,,,,,,REF-7033,SKU-1674,avery.patel@sampleco.test,,,,Active,,,100256,,100578,,,,,,,100718,Other,100462,,,Beta,100507,100671,,mei.sloan@sampleco.test,omar.dorsey@demomail.test,Re-engagement,100314,,Beta,,,,,,,,101800,,,,Y,
100678,Contact,102040,nina.sloan@examplecorp.test,Fatima Silva,2026-03-14 19:40:00,jamie.ford@sampleco.test,Rowan Whitfield,2026-07-25 18:48:00,casey.kim@examplecorp.test,Nina Ivanov,2026-04-05 08:57:00,elena.silva@sampleco.test,Emerson Nguyen,2023-02-20 03:16:00,Y,Aisha Ashby,Emerson Sato,Elena Kim,LOT-5191,QA Engineer,,,,,,,,,SKU-4748,elena.kim@demomail.test,,,,Active,100343,,100042,,,,,,,,,,Gamma,100398,,,Standard,,,,noah.sato@examplecorp.test,sofia.cohen@demomail.test,Renewal Nudge,100371,,,100785,,,,,,,,,,,,
100250,Contact,102043,drew.okafor@acme-fake.test,Aisha Ivanov,2024-04-10 11:24:00,fatima.mercer@sampleco.test,Marco Kim,2024-12-18 23:30:00,priya.sloan@examplecorp.test,Elena Dorsey,2025-02-01 16:15:00,noah.nguyen@sampleco.test,Liam Dorsey,2026-03-13 19:28:00,Y,Yara Cohen,Drew Cohen,Riley Cohen,REF-9341,Financial Analyst,,,,,,,,REF-3261,REF-6559,riley.cohen@acme-fake.test,,,,Active,100449,100149,100401,100220,100638,LOT-6002,,,,100632,,,Other,100214,,,Delta,100439,100650,,marco.calder@sampleco.test,omar.ivanov@demomail.test,Event Invite,100169,,,100624,,,,,,,101815,,,,N,
100188,Contact,102045,marco.silva@acme-fake.test,Drew Sato,2025-01-03 05:49:00,yara.haddad@acme-fake.test,Casey Patel,2023-02-03 14:56:00,jordan.mensah@demomail.test,Drew Brooks,2026-06-06 05:44:00,mei.sato@examplecorp.test,Casey Ford,2024-06-22 15:06:00,Y,Reese Sato,Elena Blake,Nina Garcia,SKU-1930,QA Engineer,,,,,Other,,,,LOT-1016,nina.garcia@acme-fake.test,,,,Active,100033,,100776,,100271,,,,,100461,,100601,Standard,100683,,,,100643,100436,,liam.mercer@examplecorp.test,skyler.ivanov@sampleco.test,Product Update,100137,,,100683,,,,,,,101878,,,,,
100791,Contact,102046,priya.ashby@examplecorp.test,Elena Blake,2024-01-21 16:38:00,emerson.okafor@examplecorp.test,Morgan Ivanov,2025-09-29 14:53:00,fatima.sato@examplecorp.test,Jamie Sloan,2024-03-08 13:37:00,noah.nguyen@acme-fake.test,Jordan Whitfield,2024-11-15 16:26:00,Y,Avery Ford,Fatima Kim,Yara Silva,SKU-5804,Operations Associate,,,,Delta,,,,,TAG-1143,yara.silva@acme-fake.test,,,,Active,,,100067,,,,,,,100421,,,Delta,100386,,,Gamma,100601,100071,,reese.okafor@examplecorp.test,arjun.calder@sampleco.test,Quarterly Newsletter,100462,,Delta,,,3,,,,,,,,,Y,
100094,Contact,102047,rahul.mercer@examplecorp.test,Taylor Silva,2025-09-29 14:14:00,priya.cohen@acme-fake.test,Fatima Dorsey,2024-03-04 10:03:00,emerson.vance@sampleco.test,Diego Sloan,2025-01-22 02:49:00,casey.silva@demomail.test,Diego Cohen,2024-01-30 00:01:00,Y,Liam Garcia,Fatima Costa,Mei Cohen,LOT-5232,Software Developer,,,,,Standard,,,,REF-9246,mei.cohen@examplecorp.test,,,,Active,,100233,100380,,100050,,,,,100566,,100786,Standard,100425,,,,100432,100678,,casey.larsson@demomail.test,nina.brooks@demomail.test,Product Update,100622,Meridian Networks Ltd,,,,,,,,,101883,,,,Y,
100507,Contact,102049,noah.ivanov@sampleco.test,Rowan Ford,2023-12-10 09:33:00,chen.mensah@sampleco.test,Fatima Ivanov,2023-11-13 05:43:00,liam.calder@acme-fake.test,Noah Costa,2023-08-09 22:21:00,marco.patel@acme-fake.test,Yara Costa,2026-02-05 08:10:00,Y,Chen Reyes,Riley Cohen,Alex Silva,LOT-1042,Operations Associate,,,,Other,,,,,REF-2229,alex.silva@sampleco.test,,,,Active,100558,,100188,100352,,,,,,100529,,100782,Gamma,100260,,,Other,,100550,,liam.dorsey@acme-fake.test,yara.mensah@demomail.test,Quarterly Newsletter,100555,,,,,,,,,,,,,,N,
100471,Contact,102052,marco.ford@acme-fake.test,Jordan Ivanov,2022-12-01 15:39:00,rowan.okafor@acme-fake.test,Jamie Ford,2025-03-14 11:39:00,avery.haddad@acme-fake.test,Alex Sato,2025-06-02 12:50:00,jordan.sato@sampleco.test,Priya Ford,2024-11-03 15:55:00,Y,Jordan Mensah,Taylor Rossi,Mei Blake,LOT-8745,Recruiter,,,,,Alpha,,,,REF-4022,mei.blake@demomail.test,,,,Active,100660,,100493,,100332,,,,,,,,Beta,100165,,,Gamma,,100449,,nina.costa@sampleco.test,reese.brooks@sampleco.test,Re-engagement,100335,,Standard,100392,,,,,,,101821,,,,,
100303,Contact,102054,priya.whitfield@examplecorp.test,Priya Brooks,2023-12-01 05:27:00,chen.garcia@acme-fake.test,Jamie Cohen,2023-09-02 01:20:00,alex.nguyen@acme-fake.test,Liam Nguyen,2022-12-12 08:13:00,quinn.mensah@acme-fake.test,Avery Calder,2024-09-04 16:35:00,N,Riley Calder,Taylor Whitfield,Riley Reyes,REF-6431,Operations Associate,,,,,,,,,TAG-8855,riley.reyes@demomail.test,,,,Inactive,100448,,100500,100181,100467,,,,,,,100740,Gamma,100077,,,,100233,100454,,jordan.whitfield@examplecorp.test,jamie.silva@demomail.test,Product Update,100292,Atlas Partners Co,,100386,,,,,,,101822,,,,,
100038,Contact,102056,elena.sato@demomail.test,Riley Cohen,2026-05-06 17:33:00,fatima.garcia@acme-fake.test,Omar Reyes,2024-01-31 00:17:00,priya.mensah@acme-fake.test,Alex Ford,2024-10-06 00:52:00,avery.kim@sampleco.test,Casey Mensah,2025-05-08 02:21:00,Y,Emerson Okafor,Nina Garcia,Taylor Mensah,REF-5152,Customer Success Manager,,,,Gamma,,,,,REF-8519,taylor.mensah@acme-fake.test,,,,Active,100169,100528,100627,100208,,,,,,100490,,100756,Beta,100439,,,,100300,100750,,rowan.mensah@examplecorp.test,rowan.nguyen@examplecorp.test,Product Update,100739,Brightpath Manufacturing Inc,Delta,100469,,,,,,,,,,,N,
100673,Contact,102057,elena.larsson@sampleco.test,Mei Larsson,2025-06-17 17:00:00,marco.sloan@sampleco.test,Mei Garcia,2024-04-25 21:26:00,reese.kim@examplecorp.test,Drew Ashby,2024-07-17 08:58:00,nina.ivanov@examplecorp.test,Noah Sato,2023-03-02 20:24:00,Y,Priya Reyes,Skyler Cohen,Drew Garcia,LOT-9905,HR Generalist,,,,,Delta,,,,LOT-3566,drew.garcia@examplecorp.test,,,,Active,,100475,100332,,,,,,,100504,,100042,Gamma,100185,,,Delta,,100043,,elena.silva@acme-fake.test,skyler.garcia@demomail.test,Product Update,100246,,,,,,,,,,101875,,,,,
100561,Contact,102058,aisha.costa@examplecorp.test,Mei Patel,2024-01-04 23:26:00,nina.silva@examplecorp.test,Mei Cohen,2025-05-30 11:58:00,aisha.haddad@demomail.test,Aisha Vance,2024-07-29 09:04:00,riley.brooks@examplecorp.test,Riley Ashby,2026-01-19 07:52:00,N,Drew Larsson,Riley Mensah,Skyler Nguyen,SKU-7459,Bookkeeper,,,,,,,,LOT-3035,TAG-2877,skyler.nguyen@acme-fake.test,,,,Inactive,,,100311,,100165,,,,,100429,,100691,Alpha,100667,,,,100396,,,arjun.patel@acme-fake.test,morgan.reyes@sampleco.test,Renewal Nudge,100173,,,100087,,,,,,,101851,,,,,
100558,Contact,102059,sofia.patel@acme-fake.test,Aisha Larsson,2023-12-05 17:09:00,rahul.cohen@acme-fake.test,Avery Sloan,2024-01-23 15:39:00,rahul.ford@examplecorp.test,Drew Ashby,2023-07-19 04:07:00,skyler.costa@examplecorp.test,Aisha Kim,2023-07-25 04:45:00,Y,Casey Cohen,Sofia Brooks,Elena Mercer,SKU-4078,Bookkeeper,,,,,,,,,SKU-6263,elena.mercer@acme-fake.test,,,,Active,100460,,100473,,,TAG-5286,,,,,,,Alpha,100022,,,Standard,100325,,,noah.dorsey@examplecorp.test,casey.blake@examplecorp.test,Quarterly Newsletter,100765,,,,,,,,,,101830,,,,N,
100454,Contact,102062,arjun.ashby@acme-fake.test,Aisha Mensah,2024-09-16 06:25:00,avery.haddad@sampleco.test,Chen Blake,2023-09-09 20:00:00,noah.brooks@examplecorp.test,Avery Mensah,2023-11-08 13:05:00,emerson.dorsey@examplecorp.test,Drew Garcia,2023-11-10 09:45:00,N,Taylor Kim,Yara Reyes,Noah Calder,REF-8049,Data Analyst,,,,,,,,LOT-6470,TAG-4758,noah.calder@demomail.test,,,,Inactive,100675,100535,100359,100405,,,,,,100185,,,Alpha,100629,,,Gamma,,100168,,mei.okafor@sampleco.test,elena.mensah@sampleco.test,Re-engagement,100244,Ironwood Labs,Alpha,,,,,,,,,,,,Y,
100673,Contact,102065,reese.whitfield@sampleco.test,Marco Larsson,2023-08-17 12:47:00,omar.kim@demomail.test,Casey Mercer,2024-10-12 23:47:00,morgan.brooks@examplecorp.test,Arjun Nguyen,2024-09-05 15:46:00,alex.larsson@sampleco.test,Rahul Ashby,2025-12-27 10:21:00,Y,Emerson Cohen,Chen Sloan,Jordan Mensah,SKU-9672,QA Engineer,,,,,,,,,LOT-6092,jordan.mensah@examplecorp.test,,,,Active,,100585,100226,100473,,,,,,,,100435,Standard,100608,,,Delta,,,,riley.calder@sampleco.test,arjun.whitfield@acme-fake.test,Event Invite,100292,Evergreen Logistics Inc,Delta,,,,,,,,101801,,,,,
100750,Contact,102067,nina.larsson@examplecorp.test,Reese Mercer,2025-10-27 12:04:00,morgan.reyes@acme-fake.test,Emerson Mercer,2025-01-04 21:25:00,casey.okafor@demomail.test,Jordan Sloan,2024-09-15 20:59:00,skyler.costa@demomail.test,Reese Ivanov,2022-10-13 12:37:00,Y,Jordan Rossi,Nina Brooks,Fatima Rossi,TAG-8452,Accountant,,,,,,,,,LOT-8433,fatima.rossi@acme-fake.test,,,,Active,,,100112,100407,100071,,,,,100068,,100545,Other,100420,,,,,100461,,casey.whitfield@sampleco.test,riley.kim@demomail.test,Re-engagement,100535,Horizon Systems LLC,,100400,,,,,,,101889,,,,N,
100219,Contact,102070,emerson.costa@examplecorp.test,Casey Sloan,2024-10-23 13:40:00,omar.vance@examplecorp.test,Emerson Mensah,2025-11-29 09:10:00,morgan.ford@sampleco.test,Chen Garcia,2022-10-28 03:12:00,rahul.ashby@examplecorp.test,Morgan Nguyen,2023-03-13 12:03:00,Y,Mei Cohen,Yara Ivanov,Priya Ivanov,REF-3420,Recruiter,,,,,,REF-1597,,,REF-5170,priya.ivanov@sampleco.test,,,,Active,100791,,100398,,100629,TAG-5577,,,,,,,Other,100721,,,Gamma,100494,,,chen.garcia@sampleco.test,arjun.whitfield@sampleco.test,Quarterly Newsletter,100691,Redwood Capital LLC,,100640,,,,3,,,101840,,,,,
100740,Contact,102072,drew.mercer@sampleco.test,Yara Cohen,2023-06-04 02:13:00,fatima.silva@sampleco.test,Emerson Ivanov,2023-09-24 05:20:00,taylor.calder@sampleco.test,Morgan Ford,2022-12-14 04:54:00,emerson.dorsey@demomail.test,Taylor Dorsey,2025-12-15 11:56:00,Y,Arjun Dorsey,Nina Cohen,Arjun Sato,REF-8824,Customer Success Manager,,,,,Gamma,,,TAG-1006,SKU-6694,arjun.sato@sampleco.test,,,,Active,,100768,100053,100247,,,,,,100751,,100782,Alpha,100680,,,Gamma,,,,marco.blake@acme-fake.test,riley.costa@acme-fake.test,Quarterly Newsletter,100747,,,100012,,,,,,,101853,,,,N,
100438,Contact,102074,noah.ford@acme-fake.test,Fatima Patel,2022-12-11 20:33:00,morgan.ashby@examplecorp.test,Casey Ashby,2025-01-02 01:57:00,emerson.brooks@acme-fake.test,Jordan Reyes,2024-04-03 14:20:00,omar.ford@acme-fake.test,Noah Ashby,2024-12-23 04:09:00,Y,Rowan Blake,Rahul Larsson,Chen Reyes,TAG-9310,Software Developer,,,,,,,,,TAG-1397,chen.reyes@demomail.test,,,,Active,100098,100675,100739,100055,100469,,,,,100089,,100774,Beta,100587,,,Beta,,,,omar.silva@examplecorp.test,rowan.garcia@acme-fake.test,Product Update,100155,,Other,100009,,,,,,,101810,,,,N,
100319,Contact,102077,quinn.sloan@examplecorp.test,Quinn Ashby,2024-03-19 00:27:00,diego.kim@examplecorp.test,Aisha Patel,2026-03-14 10:38:00,diego.nguyen@acme-fake.test,Quinn Nguyen,2023-01-08 04:37:00,fatima.sato@sampleco.test,Noah Cohen,2026-03-04 01:09:00,Y,Priya Brooks,Jamie Mercer,Sofia Okafor,TAG-4472,QA Engineer,,,,,,,,,SKU-7119,sofia.okafor@demomail.test,,,,Active,100730,,100660,100468,100194,,,,,100656,,100733,Gamma,100115,,,Alpha,100784,100436,,avery.calder@examplecorp.test,sofia.haddad@examplecorp.test,Re-engagement,100779,Cobalt Capital Corp,Delta,100303,,,,,,,101807,,,,Y,
100383,Contact,102078,liam.haddad@acme-fake.test,Liam Dorsey,2023-12-29 07:53:00,riley.patel@demomail.test,Rahul Kim,2024-03-18 11:27:00,jordan.dorsey@examplecorp.test,Casey Blake,2023-01-23 22:37:00,drew.okafor@sampleco.test,Rahul Larsson,2024-11-10 19:16:00,N,Alex Whitfield,Alex Cohen,Casey Mensah,SKU-5152,Support Specialist,,,,,,,,,TAG-2784,casey.mensah@examplecorp.test,,,,Inactive,100233,100292,100028,,100441,,,,,100325,,100299,Alpha,100089,,,Other,,,,rahul.reyes@sampleco.test,rowan.larsson@demomail.test,Product Update,100519,Beacon Systems Ltd,,,,,,10,,,,,,,Y,
100295,Contact,102081,liam.calder@demomail.test,Rahul Ford,2024-06-05 18:19:00,skyler.nguyen@sampleco.test,Morgan Haddad,2023-09-02 22:13:00,chen.blake@acme-fake.test,Morgan Whitfield,2025-12-09 13:17:00,marco.ashby@sampleco.test,Arjun Patel,2023-08-12 05:24:00,Y,Sofia Kim,Nina Sloan,Fatima Haddad,REF-4950,QA Engineer,,,,,,,,,LOT-6849,fatima.haddad@demomail.test,,,,Active,100466,100298,100686,,,,,,,100224,,100250,Gamma,100791,,Y,Other,100647,100098,,rowan.haddad@demomail.test,rowan.nguyen@examplecorp.test,Quarterly Newsletter,100267,Harbor Textiles Ltd,,,,,8,,,,101816,,,,,
100387,Contact,102083,jamie.costa@acme-fake.test,Nina Whitfield,2024-11-20 01:55:00,quinn.blake@acme-fake.test,Casey Rossi,2025-06-23 22:30:00,diego.ivanov@examplecorp.test,Aisha Okafor,2023-12-14 09:53:00,diego.larsson@acme-fake.test,Emerson Cohen,2023-01-16 19:20:00,Y,Yara Costa,Jamie Sato,Aisha Reyes,SKU-4210,Executive Assistant,,,,,,,,,TAG-2410,aisha.reyes@examplecorp.test,,,,Active,,,100130,100579,100305,,,,,100782,,100345,Gamma,100396,,,,100647,100429,,casey.dorsey@sampleco.test,liam.reyes@sampleco.test,Re-engagement,100694,,Gamma,,,2,,9,,,101822,,,,Y,
100751,Contact,102086,marco.haddad@acme-fake.test,Morgan Ford,2023-04-14 05:03:00,skyler.rossi@examplecorp.test,Taylor Okafor,2024-03-30 00:59:00,emerson.ashby@acme-fake.test,Nina Dorsey,2026-03-18 06:47:00,reese.garcia@acme-fake.test,Noah Mensah,2025-06-09 22:27:00,Y,Morgan Reyes,Noah Silva,Arjun Patel,LOT-1115,HR Generalist,,,,,,,,,REF-2340,arjun.patel@demomail.test,,,,Active,,100743,100275,100172,100445,,,,,,,,Delta,100538,,,Alpha,100601,100635,,aisha.cohen@sampleco.test,marco.mensah@demomail.test,Event Invite,100305,Granite Retail Corp,Other,,,,,5,,,101831,,,,N,
100121,Contact,102089,alex.sloan@acme-fake.test,Sofia Kim,2023-04-17 21:18:00,drew.sato@acme-fake.test,Casey Kim,2026-02-17 07:06:00,priya.rossi@examplecorp.test,Taylor Nguyen,2022-10-17 02:21:00,elena.blake@sampleco.test,Arjun Dorsey,2023-03-08 22:40:00,Y,Emerson Mercer,Fatima Silva,Noah Whitfield,LOT-4792,Recruiter,,,,,,,,,REF-9976,noah.whitfield@examplecorp.test,,,,Active,100224,100604,100689,100750,,,,,,100699,,,Delta,100435,,,Standard,100503,100153,,nina.reyes@acme-fake.test,aisha.ivanov@sampleco.test,Product Update,100067,,Alpha,,,,,,,,,,,,,Y
100149,Contact,102091,morgan.reyes@acme-fake.test,Drew Ashby,2026-04-23 15:24:00,marco.brooks@demomail.test,Reese Kim,2026-07-09 02:51:00,skyler.kim@examplecorp.test,Arjun Haddad,2024-12-13 00:15:00,marco.cohen@examplecorp.test,Sofia Vance,2025-04-13 17:14:00,Y,Casey Ivanov,Diego Blake,Elena Mensah,LOT-5501,HR Generalist,,,,,,,,,REF-9484,elena.mensah@examplecorp.test,,,,Active,,100509,100398,,100291,,,,,,,,Standard,100076,,,Delta,100500,,,diego.calder@sampleco.test,rahul.ford@examplecorp.test,Quarterly Newsletter,100647,,Other,,,,,,,,,,,,,
100418,Contact,102094,omar.okafor@acme-fake.test,Yara Vance,2026-05-20 05:58:00,marco.vance@sampleco.test,Aisha Nguyen,2023-06-17 00:00:00,taylor.vance@examplecorp.test,Alex Ashby,2024-04-05 22:56:00,alex.vance@demomail.test,Elena Ivanov,2026-01-29 08:18:00,Y,Drew Silva,Taylor Whitfield,Elena Okafor,SKU-4801,HR Generalist,,,,,,,,TAG-7568,LOT-2323,elena.okafor@examplecorp.test,,,,Active,100667,100046,100579,100125,,,,,,100441,,,Other,100021,,,,100407,100288,,quinn.ford@acme-fake.test,jamie.reyes@demomail.test,Product Update,100559,Redwood Group Ltd,Gamma,100317,,6,,,,,,,,,,
100123,Contact,102095,arjun.silva@acme-fake.test,Reese Dorsey,2024-06-13 07:06:00,rowan.sato@examplecorp.test,Arjun Brooks,2024-02-02 21:48:00,reese.ford@demomail.test,Avery Silva,2023-05-01 12:55:00,arjun.rossi@examplecorp.test,Morgan Larsson,2024-08-29 09:56:00,N,Mei Mercer,Yara Ivanov,Chen Costa,SKU-7437,Bookkeeper,,,,,,,7338,,LOT-8535,chen.costa@examplecorp.test,,,,Inactive,100484,100401,100112,,,,,,,,,,Gamma,100405,,,Standard,,100496,,priya.larsson@sampleco.test,liam.ashby@sampleco.test,Re-engagement,100786,Brightpath Analytics Ltd,Standard,100512,,,,,,,101853,,,,,
100576,Contact,102098,drew.kim@demomail.test,Fatima Garcia,2026-01-26 16:25:00,yara.silva@examplecorp.test,Emerson Reyes,2023-08-24 13:35:00,diego.dorsey@demomail.test,Taylor Mercer,2024-01-29 16:37:00,noah.larsson@examplecorp.test,Jordan Nguyen,2023-07-07 11:10:00,Y,Alex Cohen,Elena Larsson,Noah Okafor,LOT-1773,Customer Success Manager,,,,,,,,LOT-2993,TAG-1738,noah.okafor@demomail.test,,,,Active,,100121,100055,100512,100451,,,,,100713,,100421,Delta,100735,,,,100040,100263,,alex.dorsey@examplecorp.test,riley.whitfield@demomail.test,Product Update,100608,,,,,,,,,,101795,,,,N,
100246,Contact,102101,fatima.patel@sampleco.test,Fatima Cohen,2024-02-22 01:28:00,drew.cohen@acme-fake.test,Riley Dorsey,2025-09-19 18:37:00,nina.nguyen@sampleco.test,Liam Kim,2024-04-16 11:27:00,morgan.costa@examplecorp.test,Rowan Sloan,2024-02-26 13:51:00,Y,Priya Vance,Elena Okafor,Reese Brooks,LOT-6893,Recruiter,,,,,,,,LOT-6603,REF-6496,reese.brooks@sampleco.test,,,,Active,100383,100782,100566,,100204,,,,,100635,,,Delta,100174,,,,,100119,,diego.ford@sampleco.test,jamie.kim@sampleco.test,Product Update,100022,Cardinal Energy LLC,,100476,,,,,,,,,,,,N
100014,Contact,102102,morgan.sato@demomail.test,Jordan Rossi,2025-01-15 14:51:00,aisha.garcia@acme-fake.test,Casey Sloan,2025-07-11 10:21:00,taylor.okafor@demomail.test,Mei Nguyen,2024-03-17 23:42:00,rahul.calder@demomail.test,Nina Silva,2026-06-08 00:16:00,Y,Rowan Sato,Noah Mercer,Arjun Vance,SKU-6596,Accountant,,,,,,,,,TAG-7351,arjun.vance@examplecorp.test,,,,Active,,100405,100203,100221,,,,,,,,100183,Alpha,100462,,,,,100315,,marco.sloan@acme-fake.test,diego.okafor@sampleco.test,Product Update,100307,,,100771,,,,,,,101805,,,,Y,
100016,Contact,102104,nina.costa@acme-fake.test,Nina Ivanov,2025-08-21 08:05:00,fatima.ford@sampleco.test,Taylor Ford,2023-12-20 09:04:00,diego.dorsey@examplecorp.test,Arjun Okafor,2026-01-28 12:26:00,omar.calder@acme-fake.test,Skyler Calder,2023-04-20 00:30:00,N,Chen Ashby,Casey Mercer,Arjun Vance,TAG-5011,Operations Associate,,,,,,,,LOT-4405,LOT-3891,arjun.vance@sampleco.test,,,,Inactive,100611,,100568,100155,100699,,,,,100340,,100473,Delta,100142,,,,100155,100743,,sofia.sloan@demomail.test,drew.blake@sampleco.test,Renewal Nudge,100559,,Alpha,,,,,6,,,101886,,,,,
100743,Contact,102105,elena.mercer@examplecorp.test,Omar Haddad,2026-05-21 22:32:00,rowan.nguyen@sampleco.test,Marco Mensah,2026-04-05 01:43:00,aisha.rossi@examplecorp.test,Rowan Calder,2025-02-01 02:37:00,nina.ford@sampleco.test,Morgan Sloan,2024-09-03 03:41:00,N,Liam Sato,Diego Rossi,Quinn Ford,,Executive Assistant,,,,,,,,,SKU-5176,quinn.ford@demomail.test,,,,Inactive,,100149,100303,100601,,,,,,,,100120,Beta,100465,,,Other,100252,100328,,marco.mensah@sampleco.test,avery.garcia@demomail.test,Event Invite,100016,,,100699,,,,,,,,,,,Y,
100296,Contact,102107,nina.rossi@examplecorp.test,Liam Mensah,2024-12-02 07:10:00,yara.mercer@acme-fake.test,Priya Larsson,2024-01-15 00:21:00,priya.larsson@demomail.test,Quinn Reyes,2026-03-22 03:44:00,emerson.whitfield@acme-fake.test,Reese Vance,2024-04-14 04:02:00,Y,Elena Mensah,Alex Sloan,Emerson Sato,,Project Manager,,,,,,TAG-8220,,,REF-1864,emerson.sato@sampleco.test,,,,Active,,100768,100026,100317,100252,,,,,100404,,,Beta,100094,,,Alpha,,100500,,yara.ford@examplecorp.test,chen.reyes@demomail.test,Re-engagement,100545,,,,,,,0,,,101853,,,,,
100522,Contact,102110,fatima.blake@examplecorp.test,Arjun Ivanov,2023-07-29 23:54:00,drew.vance@acme-fake.test,Emerson Rossi,2024-12-06 18:23:00,yara.okafor@acme-fake.test,Omar Costa,2022-10-22 19:44:00,liam.brooks@sampleco.test,Aisha Costa,2024-10-04 05:45:00,Y,Nina Vance,Avery Ford,Emerson Calder,TAG-4354,Support Specialist,,SKU-5294,,,,,,LOT-2227,TAG-7485,emerson.calder@sampleco.test,,,,Active,100161,100638,100718,,,,,,,100606,,100445,Other,100196,,,,,100697,,priya.reyes@sampleco.test,aisha.ashby@examplecorp.test,Event Invite,100775,,Delta,100389,,,,10,,,101803,,,,Y,
100211,Contact,102113,rowan.garcia@examplecorp.test,Alex Calder,2025-06-15 21:45:00,taylor.sato@demomail.test,Alex Ivanov,2024-08-22 01:47:00,riley.haddad@acme-fake.test,Liam Brooks,2026-02-02 09:38:00,omar.mercer@demomail.test,Skyler Garcia,2025-09-10 09:12:00,Y,Casey Ashby,Chen Mercer,Rowan Brooks,REF-4562,Project Manager,,,,,,,,,REF-1466,rowan.brooks@examplecorp.test,,,,Active,100307,100348,100611,100352,,,,,,100094,,100172,Other,100665,,,,,,,mei.calder@examplecorp.test,sofia.kim@demomail.test,Renewal Nudge,100382,Meridian Networks Inc,,100361,,,,,,,101862,,,,,
100193,Contact,102114,yara.sato@examplecorp.test,Quinn Garcia,2024-09-25 10:42:00,noah.ashby@demomail.test,Sofia Ashby,2025-05-27 08:18:00,drew.mensah@examplecorp.test,Noah Garcia,2023-10-05 08:15:00,skyler.blake@demomail.test,Emerson Silva,2023-12-29 04:05:00,Y,Casey Larsson,Nina Ford,Rahul Sloan,SKU-3743,Customer Success Manager,,,,,,,,,LOT-1937,rahul.sloan@acme-fake.test,,,,Active,,,100619,100699,100779,,,,,100194,,100585,Other,100648,,,,100281,100349,,taylor.vance@examplecorp.test,alex.costa@demomail.test,Renewal Nudge,100582,Vertex Capital LLP,,100263,,,,,,,,,,,,N
100365,Contact,102116,liam.costa@acme-fake.test,Diego Sato,2022-11-29 07:07:00,omar.patel@examplecorp.test,Rowan Brooks,2025-12-19 23:42:00,morgan.whitfield@demomail.test,Avery Sato,2026-07-02 04:45:00,chen.ashby@acme-fake.test,Marco Reyes,2023-08-17 15:10:00,Y,Noah Ivanov,Reese Blake,Reese Ashby,,Marketing Coordinator,,,,,,,,REF-7601,SKU-8332,reese.ashby@examplecorp.test,,,,Active,100691,100256,100387,100315,100525,,,,,100415,,,Alpha,100115,,,,,,,jordan.whitfield@examplecorp.test,omar.whitfield@examplecorp.test,Renewal Nudge,100067,Falcon Foods Corp,Other,100750,,,,,,,,,,,Y,
100740,Contact,102119,skyler.vance@examplecorp.test,Aisha Nguyen,2025-04-05 03:38:00,quinn.dorsey@acme-fake.test,Aisha Cohen,2025-03-20 14:54:00,alex.okafor@acme-fake.test,Jordan Haddad,2025-10-18 21:55:00,fatima.vance@examplecorp.test,Yara Ashby,2023-02-15 03:00:00,N,Liam Whitfield,Diego Kim,Nina Cohen,LOT-2417,Software Developer,,,,,,,,,REF-2004,nina.cohen@acme-fake.test,,,,Inactive,100071,,100291,100291,100303,,,,,,,,Delta,100739,,,,100140,,,sofia.vance@examplecorp.test,priya.sloan@demomail.test,Quarterly Newsletter,100561,,,100246,,,,,,,,N,,,,
100496,Contact,102120,riley.silva@sampleco.test,Arjun Garcia,2023-05-12 17:40:00,emerson.vance@examplecorp.test,Sofia Nguyen,2026-01-14 11:50:00,liam.patel@sampleco.test,Alex Calder,2025-08-23 19:36:00,alex.cohen@demomail.test,Riley Kim,2023-05-31 16:42:00,Y,Skyler Cohen,Aisha Sloan,Yara Reyes,REF-3189,Payroll Specialist,,,,,,,,SKU-8754,TAG-7483,yara.reyes@sampleco.test,,,,Active,100551,,100565,100429,100115,,,,,100704,,100250,Standard,100568,,,,100493,100487,,jamie.calder@demomail.test,rahul.cohen@examplecorp.test,Renewal Nudge,100714,Summit Energy Ltd,Beta,,,,,,,,,,,,N,
100599,Contact,102123,emerson.blake@examplecorp.test,Casey Ford,2026-07-08 15:38:00,drew.silva@acme-fake.test,Yara Dorsey,2024-05-15 21:42:00,marco.vance@acme-fake.test,Rowan Rossi,2025-10-23 21:12:00,arjun.brooks@demomail.test,Rahul Kim,2023-02-05 23:52:00,Y,Nina Vance,Rowan Calder,Alex Vance,SKU-9971,Accountant,,,Delta,,,,,,LOT-1160,alex.vance@acme-fake.test,,,,Active,100345,,100735,100067,,,,,,100315,,100007,Other,100399,,,,100446,,,omar.haddad@examplecorp.test,fatima.silva@examplecorp.test,Renewal Nudge,100134,,,,,,,,,,,,,,Y,
100291,Contact,102126,noah.mercer@examplecorp.test,Riley Rossi,2025-09-29 12:47:00,morgan.reyes@demomail.test,Alex Sloan,2023-12-05 18:32:00,priya.nguyen@sampleco.test,Fatima Ashby,2023-06-14 06:37:00,jordan.garcia@acme-fake.test,Chen Sloan,2025-11-28 08:07:00,Y,Fatima Sato,Omar Sato,Marco Ford,SKU-4378,Executive Assistant,,,,,,,,,LOT-1190,marco.ford@demomail.test,,,,Active,100157,,100540,100442,100493,,,,,100759,,,Gamma,100410,,,Other,,,,reese.reyes@demomail.test,alex.nguyen@sampleco.test,Quarterly Newsletter,100183,Ironwood Media Ltd,Delta,,,,,,,,101821,,,,N,
100215,Contact,102127,rahul.cohen@examplecorp.test,Omar Rossi,2026-02-15 01:08:00,marco.okafor@sampleco.test,Morgan Mensah,2023-10-08 21:35:00,rahul.silva@sampleco.test,Chen Mensah,2022-11-15 07:48:00,casey.vance@examplecorp.test,Jordan Vance,2025-05-13 11:25:00,Y,Mei Calder,Mei Vance,Noah Nguyen,TAG-6591,HR Generalist,,,,,,,,,REF-6829,noah.nguyen@examplecorp.test,,,,Active,100236,100026,100525,100481,100540,,,,,,,,Alpha,100369,,,,100221,100142,,taylor.brooks@acme-fake.test,morgan.garcia@examplecorp.test,Product Update,100153,Everest Ventures Ltd,Gamma,100188,,,,,,,101883,N,,,Y,
100134,Contact,102129,fatima.sloan@sampleco.test,Alex Whitfield,2026-02-01 04:57:00,mei.kim@acme-fake.test,Morgan Calder,2024-03-06 18:33:00,reese.sloan@demomail.test,Mei Haddad,2023-04-02 18:44:00,chen.dorsey@sampleco.test,Arjun Sloan,2023-12-04 02:39:00,N,Jordan Dorsey,Priya Rossi,Diego Brooks,LOT-2463,Financial Analyst,,,,,,,,REF-8333,SKU-7986,diego.brooks@acme-fake.test,,,,Inactive,100194,100759,100718,100441,100645,REF-4045,,,,100291,,100462,Standard,100647,,,,100210,,,morgan.sloan@sampleco.test,chen.sato@examplecorp.test,Re-engagement,100343,Northwind Industries Co,Other,,,,,,,,,,,,,
100648,Contact,102132,omar.cohen@examplecorp.test,Fatima Whitfield,2025-09-18 16:40:00,reese.nguyen@sampleco.test,Jamie Calder,2024-06-02 02:02:00,chen.larsson@examplecorp.test,Riley Larsson,2024-08-11 04:46:00,marco.silva@examplecorp.test,Sofia Ashby,2023-09-07 14:05:00,Y,Avery Calder,Yara Brooks,Fatima Rossi,LOT-7806,Software Developer,,,,,Standard,,,,TAG-2538,fatima.rossi@demomail.test,,,,Active,100678,,100514,100236,,,,,,100478,,100660,Delta,100467,,N,,100149,100787,,nina.ford@acme-fake.test,quinn.haddad@sampleco.test,Renewal Nudge,100325,,Alpha,100540,,,,5,,,,,,,,
100328,Contact,102135,liam.cohen@examplecorp.test,Rahul Ashby,2025-01-05 03:11:00,nina.cohen@sampleco.test,Alex Silva,2026-07-14 13:21:00,chen.patel@sampleco.test,Diego Patel,2023-12-03 09:58:00,reese.mercer@examplecorp.test,Taylor Vance,2023-03-10 03:49:00,Y,Jordan Reyes,Priya Dorsey,Casey Larsson,TAG-4251,Project Manager,,,,,,,,SKU-9727,LOT-8068,casey.larsson@examplecorp.test,,,,Active,100590,100028,100089,,,,,,,100047,,100493,Alpha,100608,,,Beta,100054,100252,,emerson.reyes@sampleco.test,reese.ivanov@sampleco.test,Quarterly Newsletter,100624,Redwood Health Co,,100174,,,,,,,101862,,,,,
100281,Contact,102137,jordan.whitfield@sampleco.test,Arjun Mercer,2025-04-07 18:33:00,taylor.kim@examplecorp.test,Jamie Whitfield,2024-02-25 20:36:00,drew.mensah@acme-fake.test,Reese Silva,2025-12-02 11:47:00,mei.garcia@demomail.test,Morgan Nguyen,2023-12-05 17:44:00,Y,Drew Mercer,Jamie Calder,Sofia Ashby,LOT-3824,QA Engineer,,,,,,,,LOT-4415,REF-3367,sofia.ashby@demomail.test,,,,Active,,100514,100073,100399,,REF-4181,,,,,,,Other,100449,,,Beta,100140,,,emerson.dorsey@acme-fake.test,rahul.sloan@sampleco.test,Product Update,100414,,Gamma,100092,,,,,,,,,,,N,
100340,Contact,102140,liam.garcia@examplecorp.test,Liam Vance,2025-05-31 05:02:00,omar.dorsey@examplecorp.test,Drew Calder,2025-02-08 21:32:00,skyler.cohen@demomail.test,Alex Ashby,2025-04-02 15:19:00,riley.nguyen@acme-fake.test,Morgan Sloan,2024-12-20 03:10:00,Y,Jamie Mercer,Priya Sato,Quinn Garcia,SKU-8825,Software Developer,,,,,,,,LOT-9606,LOT-1937,quinn.garcia@sampleco.test,,,,Active,100263,,100747,100022,100165,,,,,100023,,,Gamma,100369,,,,100606,100050,,taylor.costa@examplecorp.test,sofia.brooks@demomail.test,Re-engagement,100211,Silverline Health Group,Delta,100665,,,2,,,,101794,,,,N,
100040,Contact,102141,aisha.reyes@examplecorp.test,Jamie Vance,2025-10-23 13:16:00,morgan.patel@sampleco.test,Casey Ford,2026-01-27 10:56:00,chen.brooks@demomail.test,Taylor Ashby,2024-09-13 02:30:00,rowan.silva@demomail.test,Liam Ashby,2026-03-17 16:07:00,Y,Avery Calder,Sofia Mensah,Fatima Costa,,Customer Success Manager,,,,,,,,LOT-5925,SKU-6825,fatima.costa@examplecorp.test,,,,Active,,,100033,100421,,,,,,,,,Alpha,100217,,,Beta,100147,,,fatima.mensah@examplecorp.test,riley.garcia@demomail.test,Re-engagement,100260,,Beta,100697,,,,,,,,,,,Y,
100128,Contact,102143,arjun.ford@demomail.test,Skyler Dorsey,2025-07-12 04:03:00,arjun.kim@sampleco.test,Chen Garcia,2022-10-15 01:20:00,noah.sloan@examplecorp.test,Marco Calder,2023-05-14 10:16:00,drew.calder@examplecorp.test,Chen Dorsey,2023-06-21 07:59:00,Y,Elena Haddad,Reese Vance,Marco Okafor,REF-3034,Recruiter,,,,,,SKU-8112,,,LOT-3499,marco.okafor@demomail.test,,,,Active,,,100689,100671,100572,,,,,,,,Delta,100092,,,Alpha,,,,liam.vance@sampleco.test,jordan.ashby@acme-fake.test,Product Update,100273,,,100498,,,5,,,,101873,,,,,
100590,Contact,102144,noah.sloan@sampleco.test,Nina Vance,2023-03-22 16:54:00,casey.sato@acme-fake.test,Alex Sato,2025-12-29 15:01:00,sofia.kim@demomail.test,Omar Nguyen,2023-12-17 05:06:00,sofia.silva@sampleco.test,Aisha Patel,2024-10-01 09:16:00,N,Skyler Vance,Chen Garcia,Casey Whitfield,SKU-4232,Bookkeeper,,,,,Other,,,,REF-7639,casey.whitfield@sampleco.test,,,,Inactive,100244,100098,100525,,100247,,,,,100204,,,Delta,100758,,,,100528,100128,,alex.nguyen@examplecorp.test,fatima.calder@sampleco.test,Event Invite,100652,,Alpha,,,,,5,,,101862,,,,Y,
100791,Contact,102147,nina.haddad@examplecorp.test,Alex Whitfield,2026-07-25 13:10:00,morgan.rossi@sampleco.test,Emerson Sato,2026-05-11 16:45:00,mei.okafor@examplecorp.test,Nina Sloan,2024-07-28 05:29:00,sofia.calder@acme-fake.test,Priya Costa,2025-12-10 14:23:00,Y,Riley Whitfield,Nina Mensah,Diego Nguyen,SKU-5092,Executive Assistant,,,,,Standard,,,REF-1396,SKU-9165,diego.nguyen@examplecorp.test,,,,Active,100785,100673,100172,100542,,,,,,100094,,100047,Standard,100445,,,Standard,,100441,,drew.cohen@demomail.test,rowan.whitfield@acme-fake.test,Product Update,100328,Evergreen Retail LLC,Other,100632,,,,,,,101881,,,,Y,
100747,Contact,102150,elena.cohen@examplecorp.test,Marco Mercer,2025-02-25 03:58:00,reese.nguyen@sampleco.test,Skyler Patel,2025-12-20 07:48:00,aisha.kim@examplecorp.test,Chen Calder,2023-07-26 14:09:00,aisha.nguyen@acme-fake.test,Mei Mensah,2024-03-19 14:24:00,Y,Marco Silva,Mei Cohen,Morgan Sloan,LOT-8198,QA Engineer,,,,,Delta,,,,LOT-8019,morgan.sloan@acme-fake.test,,,,Active,100115,100529,100257,100574,,,,,,100648,,,Standard,100622,,,Standard,,,,quinn.vance@sampleco.test,quinn.okafor@sampleco.test,Product Update,100629,Evergreen Foods LLP,Alpha,100672,,,,,,,101792,,,,N,
100599,Contact,102152,diego.rossi@sampleco.test,Chen Okafor,2026-04-25 08:22:00,priya.kim@acme-fake.test,Noah Brooks,2022-11-18 01:44:00,skyler.silva@examplecorp.test,Avery Blake,2025-04-26 20:54:00,priya.larsson@examplecorp.test,Riley Reyes,2025-04-06 15:12:00,Y,Drew Sloan,Nina Whitfield,Jamie Silva,TAG-4681,Operations Associate,,,,Standard,,,6381,,SKU-4300,jamie.silva@acme-fake.test,,,,Active,100453,100611,100118,,100267,,,,,,,100273,Beta,100043,,,Standard,100565,100396,,mei.sato@examplecorp.test,morgan.kim@acme-fake.test,Event Invite,100616,Pioneer Health Inc,,,,,,,,,101870,Y,,,Y,N
100645,Contact,102153,fatima.mercer@demomail.test,Taylor Ford,2026-07-06 22:11:00,marco.ivanov@demomail.test,Marco Ashby,2026-05-20 00:31:00,rowan.blake@sampleco.test,Fatima Calder,2025-09-13 18:02:00,reese.larsson@demomail.test,Sofia Larsson,2025-06-08 05:04:00,N,Morgan Cohen,Diego Patel,Emerson Sloan,LOT-7139,Operations Associate,,,,,Beta,,,SKU-3599,LOT-5889,emerson.sloan@examplecorp.test,,,,Inactive,100086,100142,100311,100538,100399,,,,,,,,Alpha,100278,,,Other,100372,,,noah.silva@acme-fake.test,jordan.cohen@sampleco.test,Quarterly Newsletter,100117,,Gamma,100550,,,,,,,,,,,,
100414,Contact,102154,riley.reyes@demomail.test,Sofia Dorsey,2025-03-12 14:18:00,casey.nguyen@acme-fake.test,Jamie Silva,2026-05-03 23:21:00,marco.okafor@sampleco.test,Diego Patel,2026-06-13 02:47:00,rowan.costa@sampleco.test,Arjun Ford,2025-04-22 12:02:00,Y,Morgan Ford,Noah Calder,Arjun Costa,,Support Specialist,,,,,,,,,TAG-3501,arjun.costa@sampleco.test,,,,Active,,,100103,100686,,,,,,100786,,,Beta,100466,,,Other,,100185,,jamie.blake@demomail.test,mei.ashby@sampleco.test,Product Update,100542,,,,,,,1,,,101858,Y,,,N,
100604,Contact,102156,riley.garcia@demomail.test,Mei Blake,2022-12-03 13:23:00,rowan.blake@examplecorp.test,Liam Cohen,2023-01-25 00:58:00,noah.sloan@examplecorp.test,Casey Mensah,2024-07-16 22:02:00,marco.larsson@sampleco.test,Noah Mensah,2022-11-06 03:35:00,Y,Rowan Brooks,Taylor Ford,Rahul Okafor,SKU-2228,Financial Analyst,,,,,,,,TAG-2424,TAG-7949,rahul.okafor@sampleco.test,,,,Active,100569,,100770,100284,100226,,,,,100277,,,Beta,100087,,,Beta,,100566,,casey.sloan@demomail.test,rahul.vance@acme-fake.test,Event Invite,100115,,Other,100495,,,,,,,,,,,,
100774,Contact,102158,nina.mensah@examplecorp.test,Mei Ivanov,2023-07-15 00:00:00,skyler.patel@demomail.test,Skyler Nguyen,2023-06-06 10:56:00,nina.reyes@sampleco.test,Skyler Ford,2023-03-05 03:31:00,arjun.costa@demomail.test,Rahul Calder,2026-01-13 23:59:00,Y,Riley Haddad,Quinn Ashby,Emerson Larsson,TAG-6169,HR Generalist,,,,,,,,,TAG-5574,emerson.larsson@examplecorp.test,,,,Active,,100627,100699,,100035,,,,,100257,,100672,Beta,100121,,,Other,100650,,,avery.rossi@examplecorp.test,riley.calder@demomail.test,Event Invite,100678,Silverline Health Group,Beta,,,,,,,,,,,,,
100425,Contact,102159,skyler.ivanov@acme-fake.test,Noah Ashby,2026-06-16 02:23:00,nina.costa@acme-fake.test,Reese Okafor,2026-04-05 15:43:00,emerson.patel@examplecorp.test,Arjun Reyes,2023-06-25 23:43:00,riley.rossi@examplecorp.test,Omar Vance,2025-07-12 03:41:00,Y,Nina Garcia,Marco Ford,Emerson Ashby,TAG-3768,HR Generalist,,,,,,LOT-3322,6496,,LOT-5593,emerson.ashby@examplecorp.test,,,,Active,100550,100115,100007,,,,,,,,,100587,Beta,100330,,,Gamma,,100660,,arjun.nguyen@acme-fake.test,diego.calder@sampleco.test,Quarterly Newsletter,100140,,,100782,,,,,,,,,,,N,
100096,Contact,102162,chen.sloan@sampleco.test,Alex Sato,2024-08-07 21:02:00,sofia.okafor@sampleco.test,Diego Silva,2023-01-07 20:39:00,taylor.ford@examplecorp.test,Chen Mercer,2023-03-05 18:19:00,casey.brooks@acme-fake.test,Marco Haddad,2025-03-23 01:18:00,Y,Chen Larsson,Marco Ford,Rowan Calder,LOT-4108,Software Developer,,,,,,LOT-5436,,,LOT-7298,rowan.calder@demomail.test,,,,Active,100700,,100264,100387,100608,,,,,,,100079,Alpha,100083,,Y,Other,,,,liam.sato@acme-fake.test,elena.dorsey@acme-fake.test,Event Invite,100220,,,100115,,,,,,,101805,,,,,
100587,Contact,102165,mei.reyes@examplecorp.test,Avery Nguyen,2026-04-02 10:24:00,elena.ashby@sampleco.test,Casey Patel,2024-03-24 04:26:00,diego.costa@acme-fake.test,Quinn Sloan,2025-12-08 19:30:00,jordan.sato@sampleco.test,Aisha Mensah,2024-07-21 19:55:00,Y,Nina Garcia,Jamie Patel,Elena Mercer,REF-4681,QA Engineer,,,Beta,,,,,,TAG-1825,elena.mercer@acme-fake.test,,,,Active,100493,,100538,100115,,,,,,100565,,100157,Standard,100638,,,Delta,100224,,,liam.silva@sampleco.test,emerson.dorsey@demomail.test,Renewal Nudge,100632,Northwind Health Co,Beta,100675,,0,,,,,,,,,,
100172,Contact,102167,avery.silva@sampleco.test,Sofia Cohen,2023-02-05 19:31:00,mei.okafor@demomail.test,Noah Mercer,2025-07-24 05:37:00,nina.haddad@examplecorp.test,Yara Kim,2023-05-22 05:23:00,sofia.sloan@examplecorp.test,Reese Ashby,2026-07-22 10:12:00,Y,Drew Calder,Fatima Patel,Rahul Costa,SKU-8674,Executive Assistant,,,,,,,,,REF-8738,rahul.costa@examplecorp.test,,,,Active,100552,,100061,100112,100106,,,,,100740,,100307,Delta,100031,,,,100665,,,taylor.vance@examplecorp.test,arjun.rossi@demomail.test,Product Update,100079,Silverline Retail LLP,Alpha,,,,,,,,101807,,,,,
100779,Contact,102168,fatima.brooks@acme-fake.test,Quinn Ford,2024-05-24 23:15:00,sofia.garcia@sampleco.test,Rowan Reyes,2024-05-23 20:31:00,aisha.ashby@examplecorp.test,Jordan Calder,2024-02-10 08:41:00,priya.rossi@examplecorp.test,Sofia Reyes,2023-07-22 16:10:00,Y,Riley Haddad,Omar Haddad,Marco Whitfield,TAG-5761,Bookkeeper,,TAG-9259,,,,,,REF-9652,SKU-7452,marco.whitfield@demomail.test,,,,Active,,100348,100529,100696,100005,,,,,,,100564,Gamma,100558,,,Delta,100383,100673,,elena.blake@examplecorp.test,omar.reyes@demomail.test,Renewal Nudge,100387,Summit Textiles LLC,Standard,100710,,,,,,,,N,,,N,
100441,Contact,102171,nina.okafor@acme-fake.test,Casey Silva,2024-07-27 00:04:00,emerson.garcia@examplecorp.test,Elena Ashby,2022-11-11 16:49:00,arjun.ivanov@examplecorp.test,Drew Vance,2026-06-02 05:03:00,emerson.sato@demomail.test,Elena Kim,2024-08-15 06:03:00,Y,Arjun Garcia,Mei Mercer,Taylor Ford,TAG-8987,Support Specialist,,,,,,,,,TAG-7422,taylor.ford@sampleco.test,,,,Active,100242,100246,100322,100014,,,,,,100372,,,Other,100735,,,Delta,100699,100473,,drew.vance@examplecorp.test,aisha.garcia@sampleco.test,Quarterly Newsletter,100120,,,100740,,8,,,,,,,,,Y,
100246,Contact,102174,drew.sato@examplecorp.test,Noah Ashby,2023-01-26 17:17:00,sofia.garcia@examplecorp.test,Priya Calder,2026-07-13 22:51:00,aisha.mensah@demomail.test,Liam Cohen,2023-02-06 09:17:00,elena.nguyen@demomail.test,Elena Ashby,2023-04-04 00:18:00,Y,Emerson Costa,Omar Brooks,Jordan Ivanov,SKU-1643,Operations Associate,,,,,,,,LOT-4373,SKU-6050,jordan.ivanov@demomail.test,,,,Active,100770,100475,100320,100158,,,,,,100535,,100688,Gamma,100496,,,,,,,chen.ivanov@demomail.test,priya.kim@examplecorp.test,Re-engagement,100357,,,,,2,,,,,,,,,Y,
100296,Contact,102176,rowan.rossi@examplecorp.test,Marco Garcia,2025-05-30 06:27:00,priya.ivanov@acme-fake.test,Omar Vance,2022-11-20 10:15:00,quinn.ashby@examplecorp.test,Chen Calder,2025-12-12 09:29:00,elena.costa@demomail.test,Nina Larsson,2025-07-15 03:31:00,Y,Reese Reyes,Rahul Cohen,Jamie Ford,TAG-4340,Software Developer,,,,,,,,TAG-1168,TAG-7175,jamie.ford@sampleco.test,,,,Active,100730,,100217,100659,100410,,,,,100139,,100545,Beta,100046,,,Alpha,,100371,,nina.blake@examplecorp.test,liam.sato@examplecorp.test,Quarterly Newsletter,100503,Atlas Media Group,,,,,,,,,,,,,N,
100672,Contact,102179,jamie.ford@acme-fake.test,Yara Nguyen,2023-07-15 11:55:00,priya.whitfield@examplecorp.test,Quinn Garcia,2024-11-08 20:20:00,mei.ashby@acme-fake.test,Rowan Kim,2024-01-04 17:27:00,liam.silva@examplecorp.test,Arjun Reyes,2025-01-24 21:57:00,Y,Alex Brooks,Jamie Larsson,Elena Mensah,TAG-7999,Project Manager,,,,,,,,,TAG-9354,elena.mensah@examplecorp.test,,,,Active,,,100118,100572,100396,,,,,,,100776,Delta,100721,,,Beta,,100317,,rahul.kim@examplecorp.test,casey.sloan@acme-fake.test,Event Invite,100035,,Other,,,,,,,,,,,,Y,
100683,Contact,102180,taylor.calder@demomail.test,Emerson Dorsey,2025-03-30 12:22:00,priya.sloan@demomail.test,Reese Whitfield,2025-07-29 03:37:00,alex.cohen@examplecorp.test,Elena Nguyen,2026-06-29 08:14:00,chen.haddad@sampleco.test,Priya Dorsey,2023-10-25 15:22:00,Y,Yara Dorsey,Rowan Garcia,Diego Ford,TAG-4311,Project Manager,,,,,,REF-5698,,,REF-9185,diego.ford@acme-fake.test,,,,Active,100448,100317,100564,,,,,,,,,100345,Beta,100043,,,,100031,100647,,chen.sloan@sampleco.test,yara.blake@sampleco.test,Product Update,100532,,,,,,,,,,101803,,,,Y,
100476,Contact,102183,marco.mercer@acme-fake.test,Rowan Haddad,2024-03-07 16:25:00,nina.whitfield@sampleco.test,Elena Ford,2024-11-11 19:32:00,marco.blake@sampleco.test,Rahul Dorsey,2024-11-27 06:31:00,emerson.vance@examplecorp.test,Arjun Haddad,2024-01-08 20:32:00,Y,Casey Blake,Arjun Mensah,Rowan Sato,LOT-4534,Software Developer,,,,,,,6835,,REF-3016,rowan.sato@sampleco.test,,,,Active,100671,100098,100315,100774,100219,,,,,,,100339,Delta,100226,,,Beta,,100664,,priya.brooks@acme-fake.test,emerson.patel@acme-fake.test,Event Invite,100776,Falcon Dynamics Co,Alpha,,,,,,,,,,,,,
100224,Contact,102184,drew.calder@acme-fake.test,Rahul Mercer,2023-12-07 01:27:00,avery.cohen@acme-fake.test,Mei Ashby,2025-07-28 04:29:00,diego.dorsey@acme-fake.test,Nina Haddad,2023-11-21 05:02:00,mei.dorsey@sampleco.test,Nina Okafor,2024-10-09 18:13:00,N,Mei Ivanov,Elena Reyes,Reese Dorsey,REF-3895,Project Manager,,,,,,,,,LOT-5640,reese.dorsey@demomail.test,,,,Inactive,,100378,100686,100436,100194,LOT-4405,,,,100328,,100185,Alpha,100232,,,Standard,100257,,,jamie.kim@acme-fake.test,arjun.silva@sampleco.test,Renewal Nudge,100246,Silverline Media Corp,Beta,100123,,,,,,,101801,,,,,
100320,Contact,102186,taylor.larsson@acme-fake.test,Quinn Calder,2024-11-23 05:07:00,quinn.cohen@sampleco.test,Nina Reyes,2023-05-12 03:47:00,liam.ashby@sampleco.test,Mei Reyes,2024-04-03 18:16:00,quinn.reyes@demomail.test,Avery Rossi,2025-09-02 11:47:00,Y,Skyler Ivanov,Reese Larsson,Arjun Reyes,TAG-2090,Project Manager,,REF-4823,,,,,,SKU-1235,LOT-9114,arjun.reyes@sampleco.test,,,,Active,100224,,100414,100412,100512,SKU-8853,,,,100771,,100761,Alpha,100042,,,Delta,,100362,,riley.mercer@acme-fake.test,quinn.patel@demomail.test,Product Update,100650,,Beta,100656,,,,,,,101846,,,,N,
100441,Contact,102187,rahul.silva@acme-fake.test,Jordan Rossi,2023-08-28 22:58:00,aisha.cohen@demomail.test,Mei Reyes,2024-02-05 18:10:00,nina.cohen@examplecorp.test,Aisha Cohen,2023-02-17 09:37:00,mei.mensah@sampleco.test,Taylor Mensah,2024-03-22 07:06:00,Y,Priya Larsson,Morgan Dorsey,Arjun Haddad,SKU-9111,Recruiter,,,,,,,,,LOT-8994,arjun.haddad@sampleco.test,,,,Active,,100026,100529,,,,,,,100061,,100271,Delta,100454,,,Delta,100073,,,taylor.patel@examplecorp.test,sofia.okafor@demomail.test,Quarterly Newsletter,100743,,Gamma,,,,,,,,101851,,,,,Y
100747,Contact,102189,casey.costa@demomail.test,Skyler Mensah,2025-05-07 09:40:00,rowan.dorsey@acme-fake.test,Avery Patel,2026-05-09 04:26:00,taylor.mensah@demomail.test,Aisha Kim,2025-09-03 03:43:00,riley.ford@sampleco.test,Taylor Rossi,2023-03-22 08:45:00,Y,Riley Calder,Fatima Mensah,Marco Okafor,TAG-4987,Accountant,,SKU-1088,,,,,,,TAG-7839,marco.okafor@acme-fake.test,,,,Active,,100484,100162,,100714,,,,,,,100071,Delta,100747,,,Beta,,100067,,diego.haddad@sampleco.test,yara.whitfield@sampleco.test,Product Update,100648,,Beta,100365,,3,,,,,101794,,,,N,
100751,Contact,102191,emerson.kim@acme-fake.test,Chen Calder,2024-07-06 12:20:00,emerson.haddad@examplecorp.test,Rahul Mensah,2024-10-23 02:06:00,reese.blake@examplecorp.test,Chen Mensah,2023-03-09 08:59:00,emerson.silva@acme-fake.test,Nina Whitfield,2024-05-27 02:35:00,Y,Taylor Vance,Skyler Dorsey,Arjun Dorsey,REF-1983,Operations Associate,,,,,,LOT-5247,,,TAG-8182,arjun.dorsey@acme-fake.test,,,,Active,,100507,100155,100224,,,,,,100309,,100460,Standard,100551,,,Standard,100595,,,drew.patel@sampleco.test,morgan.calder@examplecorp.test,Re-engagement,100548,,Alpha,,,,,,,,101886,,,,Y,
100743,Contact,102192,arjun.nguyen@examplecorp.test,Omar Cohen,2024-05-27 06:02:00,drew.sato@acme-fake.test,Yara Silva,2024-09-13 05:27:00,mei.patel@demomail.test,Yara Patel,2023-01-19 19:40:00,jamie.blake@sampleco.test,Taylor Ashby,2026-05-09 01:56:00,Y,Yara Rossi,Mei Reyes,Morgan Patel,SKU-1320,Customer Success Manager,,,,,,,,,TAG-7667,morgan.patel@examplecorp.test,,,,Active,100714,,100429,100403,100256,,,,,100535,,,Alpha,100672,,,,100396,100286,,yara.garcia@examplecorp.test,nina.reyes@examplecorp.test,Event Invite,100173,Cardinal Systems Corp,,,,,,,,,101813,,,,,
100667,Contact,102194,nina.dorsey@acme-fake.test,Elena Okafor,2022-12-24 05:07:00,diego.nguyen@sampleco.test,Jamie Blake,2024-09-12 13:27:00,chen.patel@sampleco.test,Drew Brooks,2025-07-15 18:06:00,fatima.dorsey@demomail.test,Sofia Silva,2026-02-21 22:50:00,Y,Omar Patel,Emerson Garcia,Rowan Whitfield,REF-6690,Financial Analyst,,,,,,,,,SKU-3997,rowan.whitfield@examplecorp.test,,,,Active,100299,,100031,100445,,,,,,,,,Standard,100399,,,Standard,100704,100120,,reese.blake@sampleco.test,omar.mercer@acme-fake.test,Product Update,100357,Silverline Health Co,,,,,,,,,,,,,N,
100019,Contact,102196,quinn.brooks@examplecorp.test,Alex Haddad,2023-12-22 22:12:00,avery.larsson@acme-fake.test,Taylor Cohen,2022-12-02 03:05:00,sofia.ivanov@acme-fake.test,Casey Mensah,2026-07-14 10:58:00,morgan.cohen@sampleco.test,Alex Blake,2023-01-18 15:58:00,Y,Taylor Patel,Mei Sato,Rowan Patel,SKU-9528,Marketing Coordinator,,,,,,,,LOT-9768,TAG-6146,rowan.patel@examplecorp.test,,,,Active,,100429,100522,,,,,,,,,,Standard,100173,,,Beta,,100559,,jamie.sloan@acme-fake.test,avery.reyes@examplecorp.test,Quarterly Newsletter,100774,,Gamma,,,,,,,,101862,,,,N,
100106,Contact,102198,casey.blake@demomail.test,Noah Mensah,2025-08-02 07:07:00,rahul.ivanov@sampleco.test,Marco Whitfield,2023-04-12 19:30:00,yara.ivanov@examplecorp.test,Noah Mercer,2026-04-16 07:38:00,jamie.reyes@acme-fake.test,Jamie Sloan,2024-10-19 22:59:00,N,Taylor Kim,Jordan Okafor,Quinn Ford,,HR Generalist,,,,,,,,LOT-6616,REF-5510,quinn.ford@examplecorp.test,,,,Inactive,,,100487,100147,100680,,,,,,,100604,Alpha,100535,,,Standard,100756,,,noah.sloan@demomail.test,omar.costa@demomail.test,Event Invite,100050,,,100652,,,,,,,,,,,Y,
100152,Contact,102200,diego.cohen@acme-fake.test,Yara Patel,2023-11-16 05:16:00,mei.mercer@examplecorp.test,Rowan Ford,2022-10-24 17:29:00,avery.haddad@demomail.test,Rahul Garcia,2026-01-06 20:34:00,sofia.ford@acme-fake.test,Marco Reyes,2025-05-21 03:26:00,N,Elena Ivanov,Casey Larsson,Morgan Reyes,SKU-1099,Operations Associate,,,,,,,,,SKU-2089,morgan.reyes@sampleco.test,,,,Inactive,100172,100593,100593,100647,100616,,,,,100627,,100103,Delta,100328,,N,,,100031,,riley.ashby@demomail.test,jamie.whitfield@acme-fake.test,Product Update,100599,,,100650,,,,,,,101837,,,,Y,
100775,Contact,102202,rowan.kim@examplecorp.test,Yara Rossi,2025-01-14 09:33:00,drew.mercer@demomail.test,Skyler Okafor,2026-06-10 15:07:00,yara.sloan@demomail.test,Skyler Patel,2026-07-23 13:10:00,reese.mercer@acme-fake.test,Elena Sloan,2025-11-05 15:41:00,Y,Mei Patel,Chen Sloan,Jamie Haddad,SKU-3755,Customer Success Manager,,,,,,,,,REF-3640,jamie.haddad@demomail.test,,,,Active,100128,,100568,100596,100423,SKU-3611,,,,100434,,,Delta,100396,,,Other,100019,,,jamie.sloan@sampleco.test,diego.cohen@acme-fake.test,Re-engagement,100551,,Alpha,100309,,,,,,,101827,,,,Y,
100336,Contact,102204,avery.garcia@demomail.test,Jamie Ford,2023-04-07 19:19:00,alex.silva@acme-fake.test,Quinn Haddad,2026-01-31 16:38:00,skyler.dorsey@demomail.test,Jamie Blake,2025-03-29 04:21:00,rahul.mercer@sampleco.test,Jamie Patel,2024-10-23 01:59:00,Y,Liam Ivanov,Rahul Rossi,Fatima Patel,SKU-6095,Executive Assistant,,,,Alpha,,SKU-2337,,,LOT-4385,fatima.patel@examplecorp.test,,,,Active,100083,100410,100271,,100264,,,,,100119,,100619,Delta,100125,,Y,,,,,nina.rossi@examplecorp.test,emerson.sato@sampleco.test,Product Update,100007,,Alpha,100680,,,,,,,101870,,,,,Y
100330,Contact,102205,sofia.brooks@acme-fake.test,Riley Kim,2026-07-17 03:57:00,chen.mensah@examplecorp.test,Morgan Ford,2023-05-31 16:26:00,morgan.ivanov@examplecorp.test,Skyler Ivanov,2025-07-04 21:29:00,rahul.blake@sampleco.test,Jordan Haddad,2026-06-28 08:43:00,N,Reese Ivanov,Riley Haddad,Mei Silva,LOT-9873,Software Developer,,,,,,,,SKU-4932,TAG-7799,mei.silva@examplecorp.test,,,,Inactive,100211,100055,100593,100096,100726,,,,,100688,,100073,Beta,100029,,,,100191,,,diego.costa@sampleco.test,skyler.mercer@examplecorp.test,Re-engagement,100516,Horizon Holdings Ltd,,,,,,,,,101843,,,,,
100269,Contact,102206,rahul.dorsey@examplecorp.test,Liam Garcia,2026-03-16 21:22:00,rahul.ford@demomail.test,Fatima Kim,2026-06-25 16:37:00,avery.sloan@sampleco.test,Sofia Mercer,2024-01-25 16:57:00,arjun.dorsey@acme-fake.test,Chen Calder,2026-03-03 02:59:00,Y,Riley Ashby,Riley Ivanov,Jordan Sato,TAG-4313,Financial Analyst,,,,,,,,,REF-1466,jordan.sato@demomail.test,,,,Active,100191,,100200,,,,,,,,,,Standard,100369,,,Standard,,100291,,emerson.larsson@sampleco.test,aisha.sloan@examplecorp.test,Product Update,100396,Horizon Logistics Inc,,,,,,,,,,,,,,
100109,Contact,102207,fatima.larsson@demomail.test,Skyler Patel,2025-03-18 01:14:00,skyler.ford@examplecorp.test,Nina Vance,2023-07-25 04:40:00,riley.dorsey@sampleco.test,Avery Blake,2024-06-16 01:09:00,noah.garcia@sampleco.test,Elena Nguyen,2023-11-06 07:44:00,Y,Skyler Garcia,Aisha Blake,Reese Vance,REF-4203,Bookkeeper,,,,,,,,,TAG-3827,reese.vance@sampleco.test,,,,Active,100435,100613,100349,100675,,,,,,,,100043,Other,100601,,,,,100315,,rahul.haddad@demomail.test,elena.ashby@demomail.test,Re-engagement,100042,Lakeside Energy Corp,Beta,100564,,,,,,,,,,,,
100525,Contact,102209,nina.cohen@demomail.test,Drew Cohen,2024-01-13 20:35:00,reese.reyes@sampleco.test,Sofia Sloan,2022-12-15 06:32:00,jordan.mensah@sampleco.test,Omar Whitfield,2023-04-26 11:24:00,diego.nguyen@examplecorp.test,Noah Okafor,2024-11-29 05:16:00,Y,Chen Ford,Reese Rossi,Emerson Whitfield,REF-2645,Software Developer,,,,,,,,,REF-7921,emerson.whitfield@examplecorp.test,,,,Active,100005,100158,100178,100733,100086,,,,,100469,,,Other,100140,,,Gamma,100694,100286,,priya.sloan@acme-fake.test,reese.dorsey@acme-fake.test,Quarterly Newsletter,100028,Copper Energy Corp,Alpha,,,,,8,,,101817,,,,,
100380,Contact,102212,priya.silva@sampleco.test,Avery Costa,2023-09-10 06:31:00,taylor.whitfield@examplecorp.test,Noah Blake,2025-04-30 00:48:00,diego.okafor@acme-fake.test,Riley Nguyen,2023-12-12 10:37:00,reese.calder@sampleco.test,Priya Sloan,2023-11-29 10:06:00,Y,Morgan Nguyen,Fatima Brooks,Quinn Okafor,REF-5887,Customer Success Manager,,,,,,LOT-3296,,,TAG-7405,quinn.okafor@examplecorp.test,,,,Active,,100759,100071,100675,100292,,,,,,,,Standard,100561,,,,100033,100704,,morgan.cohen@acme-fake.test,rowan.ashby@acme-fake.test,Event Invite,100570,,,,,,,,,,101830,,,,,N
100077,Contact,102215,rahul.kim@sampleco.test,Liam Whitfield,2026-02-19 05:31:00,quinn.sato@acme-fake.test,Aisha Calder,2022-10-24 00:40:00,skyler.vance@examplecorp.test,Taylor Mercer,2023-04-19 02:54:00,avery.costa@acme-fake.test,Reese Calder,2025-06-28 01:40:00,Y,Aisha Kim,Jamie Calder,Yara Nguyen,SKU-9865,Marketing Coordinator,,,,,,,,,SKU-5503,yara.nguyen@sampleco.test,,,,Active,100582,100671,100675,100635,100414,,,,,100659,,100786,Other,100012,,,Beta,100500,100652,,noah.reyes@examplecorp.test,rowan.costa@examplecorp.test,Re-engagement,100496,,Other,100271,,,,,,,101827,,,,N,
100680,Contact,102216,sofia.whitfield@acme-fake.test,Arjun Haddad,2025-02-05 13:46:00,emerson.kim@sampleco.test,Riley Mercer,2025-12-06 17:23:00,sofia.patel@examplecorp.test,Alex Larsson,2025-09-07 06:19:00,nina.brooks@examplecorp.test,Aisha Haddad,2026-01-12 09:26:00,Y,Marco Garcia,Marco Larsson,Quinn Kim,REF-6338,Data Analyst,,,,,,,,,REF-4892,quinn.kim@demomail.test,,,,Active,100647,,100303,,,REF-5014,,,,,,100134,Standard,100246,,,Other,100686,100660,,rowan.reyes@examplecorp.test,elena.ivanov@examplecorp.test,Renewal Nudge,100448,Beacon Group Ltd,,,,,,,,,101865,,,,,
100733,Contact,102219,elena.calder@acme-fake.test,Aisha Mercer,2022-10-10 00:01:00,morgan.sato@sampleco.test,Avery Ivanov,2023-08-22 13:36:00,elena.patel@sampleco.test,Riley Ashby,2025-09-25 12:36:00,diego.sato@examplecorp.test,Jamie Patel,2024-09-20 15:21:00,Y,Mei Okafor,Casey Rossi,Quinn Costa,REF-8723,Customer Success Manager,,,,,,,,SKU-4997,SKU-2646,quinn.costa@demomail.test,,,,Active,,100286,100382,,,,,,,,,,Gamma,100532,,,Beta,,100718,,mei.haddad@sampleco.test,liam.cohen@acme-fake.test,Event Invite,100689,Cobalt Dynamics,Beta,,,,,,,,,,,,Y,N
100468,Contact,102220,taylor.ashby@examplecorp.test,Jamie Garcia,2024-03-25 00:52:00,jamie.costa@demomail.test,Casey Whitfield,2025-05-15 14:45:00,omar.haddad@demomail.test,Reese Mensah,2025-10-18 08:56:00,casey.mercer@demomail.test,Rahul Ashby,2026-04-06 18:27:00,Y,Taylor Calder,Diego Mensah,Yara Vance,TAG-4741,Executive Assistant,,,,,Other,,,,SKU-9665,yara.vance@demomail.test,,,,Active,100538,100446,100042,,,,,,,,,,Standard,100439,,Y,Beta,100421,100152,,rowan.garcia@acme-fake.test,priya.brooks@acme-fake.test,Quarterly Newsletter,100077,,,,,,,3,,,101861,,,,,
100453,Contact,102223,omar.whitfield@examplecorp.test,Morgan Okafor,2024-12-16 07:35:00,marco.blake@demomail.test,Taylor Cohen,2024-09-30 02:55:00,noah.nguyen@demomail.test,Liam Ashby,2026-05-27 05:09:00,elena.ivanov@demomail.test,Sofia Sato,2025-05-25 10:29:00,Y,Taylor Silva,Morgan Mercer,Rowan Sato,REF-3685,Recruiter,,,,,,,,,TAG-2967,rowan.sato@acme-fake.test,,,,Active,100385,100155,100639,100256,100425,,,,,100495,,,Beta,100087,,,Other,100130,,,emerson.mercer@demomail.test,reese.haddad@examplecorp.test,Re-engagement,100335,Lakeside Dynamics Group,Gamma,100339,,,,,,,101819,,,,,
100033,Contact,102224,liam.silva@acme-fake.test,Casey Ivanov,2025-06-19 17:17:00,mei.ivanov@sampleco.test,Reese Larsson,2025-09-21 02:37:00,elena.haddad@sampleco.test,Drew Cohen,2025-03-27 09:38:00,emerson.ashby@sampleco.test,Drew Sato,2026-06-16 08:57:00,Y,Casey Sloan,Emerson Haddad,Arjun Brooks,REF-9368,QA Engineer,,,,,,LOT-6404,7374,,TAG-6642,arjun.brooks@sampleco.test,,,,Active,100291,100435,100750,100606,100038,,,,,100638,,,Gamma,100366,,,Alpha,,100400,,yara.ivanov@demomail.test,fatima.cohen@demomail.test,Renewal Nudge,100050,Brightpath Capital Corp,,100082,,,,,,,101827,,,,N,
100473,Contact,102227,arjun.brooks@acme-fake.test,Nina Whitfield,2024-05-10 09:01:00,quinn.larsson@demomail.test,Taylor Whitfield,2024-01-23 00:45:00,rowan.calder@demomail.test,Avery Larsson,2025-08-20 20:18:00,noah.brooks@acme-fake.test,Priya Larsson,2025-03-29 15:53:00,Y,Jamie Ford,Alex Sloan,Morgan Nguyen,REF-6162,Support Specialist,,,,,,,,,TAG-2871,morgan.nguyen@acme-fake.test,,,,Active,,100305,100062,,100215,,,,,100503,,100570,Other,100172,,N,,100743,100233,,fatima.kim@examplecorp.test,sofia.reyes@acme-fake.test,Quarterly Newsletter,100405,,,,,,,,,,101854,,,,N,
100094,Contact,102230,fatima.ashby@acme-fake.test,Liam Garcia,2023-10-15 09:52:00,rahul.costa@demomail.test,Jamie Garcia,2025-04-14 00:08:00,jordan.larsson@examplecorp.test,Diego Cohen,2022-10-10 21:54:00,casey.ivanov@demomail.test,Sofia Sato,2026-06-16 10:21:00,Y,Riley Mensah,Alex Blake,Reese Cohen,TAG-7420,Marketing Coordinator,,,,,Standard,,,,LOT-1616,reese.cohen@acme-fake.test,,,,Active,100054,,100451,100735,,,,,,,,,Standard,100121,,,Delta,100441,100345,,chen.blake@sampleco.test,riley.dorsey@acme-fake.test,Quarterly Newsletter,100271,Redwood Capital,Other,100561,,8,,,,,101858,,,,,
100425,Contact,102231,emerson.sloan@sampleco.test,Riley Patel,2024-01-04 01:25:00,diego.rossi@demomail.test,Avery Vance,2023-02-12 06:12:00,fatima.cohen@acme-fake.test,Aisha Costa,2024-08-06 10:14:00,arjun.dorsey@demomail.test,Yara Vance,2025-02-17 15:48:00,Y,Diego Ashby,Alex Whitfield,Fatima Rossi,SKU-5938,QA Engineer,,,,,,,,,TAG-5211,fatima.rossi@sampleco.test,,,,Active,,100382,100667,100292,100404,,,,,,,100256,Beta,100559,,,Gamma,100516,100232,,rahul.mensah@sampleco.test,nina.costa@acme-fake.test,Re-engagement,100115,,,100286,,,,,,,101834,,,,,
100033,Contact,102234,marco.haddad@demomail.test,Drew Cohen,2023-07-02 06:11:00,priya.dorsey@demomail.test,Casey Cohen,2025-05-10 22:05:00,mei.calder@demomail.test,Drew Vance,2023-02-19 09:13:00,marco.mercer@acme-fake.test,Drew Nguyen,2022-11-21 13:26:00,Y,Emerson Brooks,Rowan Ashby,Priya Dorsey,REF-9565,Bookkeeper,,,,,,,,,REF-9905,priya.dorsey@demomail.test,,,,Active,100732,100493,100182,100647,100461,,,,,,,,Other,100622,,,Standard,100745,,,yara.blake@examplecorp.test,priya.rossi@acme-fake.test,Quarterly Newsletter,100509,,,,,,,,,,101867,,,,,
100472,Contact,102237,arjun.haddad@demomail.test,Chen Okafor,2026-03-07 19:22:00,quinn.okafor@sampleco.test,Alex Mensah,2025-08-29 16:35:00,alex.vance@demomail.test,Marco Dorsey,2023-04-19 10:15:00,casey.sato@demomail.test,Casey Cohen,2024-07-22 05:09:00,Y,Noah Nguyen,Drew Blake,Fatima Ivanov,TAG-1884,Marketing Coordinator,,,,,,,,,TAG-5735,fatima.ivanov@examplecorp.test,,,,Active,100494,100196,100478,100155,,,,,,,,100601,Alpha,100660,,,Delta,100322,100791,,drew.reyes@examplecorp.test,quinn.ashby@demomail.test,Product Update,100595,,Alpha,,,,,,,,101886,,,,,
100330,Contact,102240,sofia.blake@acme-fake.test,Morgan Mensah,2023-08-23 09:20:00,nina.ashby@demomail.test,Morgan Blake,2025-03-29 03:46:00,noah.dorsey@demomail.test,Diego Ivanov,2026-04-14 20:03:00,nina.silva@sampleco.test,Elena Cohen,2024-01-05 16:45:00,Y,Elena Mensah,Arjun Sato,Avery Whitfield,SKU-3937,Data Analyst,,,,,,,,,TAG-3657,avery.whitfield@sampleco.test,,,,Active,,,100525,,100691,,,,,100067,,,Gamma,100315,,,,,100203,,chen.ivanov@sampleco.test,jordan.blake@examplecorp.test,Re-engagement,100400,,Beta,100658,,,,,,,101858,,,,N,
100035,Contact,102243,fatima.reyes@demomail.test,Noah Blake,2022-12-04 02:22:00,rowan.cohen@sampleco.test,Yara Cohen,2025-10-25 23:53:00,priya.cohen@demomail.test,Taylor Sato,2026-06-22 15:43:00,rowan.brooks@examplecorp.test,Omar Reyes,2024-11-13 23:42:00,Y,Noah Garcia,Quinn Brooks,Chen Whitfield,SKU-9447,Bookkeeper,,,,,,,,REF-7602,SKU-5677,chen.whitfield@sampleco.test,,,,Active,,100194,100689,,,,,,,100296,,,Gamma,100134,,,,100648,,,rowan.cohen@acme-fake.test,taylor.garcia@sampleco.test,Quarterly Newsletter,100185,,Gamma,100418,,,,,,,101853,,,,,
100761,Contact,102246,aisha.okafor@acme-fake.test,Avery Blake,2026-02-04 00:06:00,morgan.blake@demomail.test,Morgan Costa,2025-03-10 10:21:00,diego.dorsey@examplecorp.test,Emerson Blake,2024-09-03 08:56:00,mei.larsson@acme-fake.test,Morgan Mensah,2026-06-07 23:15:00,N,Mei Sato,Riley Ashby,Casey Ford,TAG-3683,Support Specialist,,,,,,,,,TAG-9499,casey.ford@sampleco.test,,,,Inactive,100065,100398,100296,,,,,,,,,,Beta,100221,,,Gamma,100185,100578,,diego.cohen@sampleco.test,arjun.okafor@acme-fake.test,Re-engagement,100487,Atlas Partners Corp,,,,,,,,,101821,,,,Y,
100608,Contact,102248,omar.mensah@acme-fake.test,Diego Calder,2025-10-06 10:38:00,fatima.rossi@sampleco.test,Diego Whitfield,2025-04-04 11:34:00,rahul.rossi@sampleco.test,Elena Cohen,2023-12-07 18:07:00,morgan.ashby@acme-fake.test,Sofia Haddad,2024-03-22 05:12:00,Y,Arjun Blake,Chen Haddad,Jamie Silva,LOT-9580,QA Engineer,,,,,,,,,REF-8849,jamie.silva@acme-fake.test,,,,Active,,,100762,,100535,,,,,,,100023,Other,100462,,,Other,100710,100776,,jordan.rossi@demomail.test,fatima.garcia@sampleco.test,Quarterly Newsletter,100678,,,,,,,,,,101792,Y,,,Y,
100559,Contact,102250,reese.silva@sampleco.test,Alex Sloan,2026-07-02 09:30:00,quinn.patel@demomail.test,Morgan Nguyen,2022-12-05 15:06:00,quinn.rossi@examplecorp.test,Aisha Patel,2025-12-08 07:17:00,fatima.silva@examplecorp.test,Riley Garcia,2023-05-03 00:24:00,Y,Avery Garcia,Taylor Garcia,Rowan Blake,TAG-8045,Bookkeeper,,,,,,,,,TAG-4352,rowan.blake@sampleco.test,,,,Active,100554,,100538,100147,100330,,,,,100699,,100112,Gamma,100461,,,Beta,100232,,,quinn.patel@demomail.test,casey.haddad@examplecorp.test,Quarterly Newsletter,100405,Keystone Networks LLP,,100365,,4,,,,,101851,,,,Y,
100616,Contact,102251,mei.ashby@examplecorp.test,Alex Reyes,2025-07-20 23:31:00,aisha.rossi@sampleco.test,Emerson Nguyen,2022-10-04 23:47:00,quinn.dorsey@acme-fake.test,Liam Whitfield,2024-05-09 12:50:00,elena.blake@demomail.test,Avery Patel,2026-02-22 23:24:00,N,Marco Ashby,Omar Rossi,Mei Kim,TAG-7555,Payroll Specialist,,,,,,,4527,,LOT-9557,mei.kim@sampleco.test,,,,Inactive,100053,,100053,100242,100299,,,,,100457,,100273,Standard,100784,,,,,100689,,drew.garcia@examplecorp.test,liam.costa@acme-fake.test,Quarterly Newsletter,100340,,Delta,100686,,,,,,,,Y,,,,
100303,Contact,102254,marco.reyes@sampleco.test,Morgan Blake,2025-08-04 05:11:00,nina.larsson@sampleco.test,Chen Dorsey,2024-05-19 16:17:00,marco.kim@examplecorp.test,Morgan Sato,2026-02-01 23:30:00,arjun.blake@examplecorp.test,Taylor Silva,2024-12-20 17:48:00,N,Elena Reyes,Rowan Ashby,Omar Sato,REF-3437,Bookkeeper,,,,,Beta,,,,SKU-3227,omar.sato@acme-fake.test,,,,Inactive,100054,100033,100401,,100645,,,,,100727,,100284,Delta,100200,,,,100145,100398,,riley.sato@demomail.test,priya.mensah@acme-fake.test,Event Invite,100453,,Delta,100134,,,,,,,,,,,,
100516,Contact,102256,morgan.dorsey@examplecorp.test,Diego Whitfield,2025-01-09 12:23:00,sofia.silva@sampleco.test,Mei Ivanov,2026-05-11 21:23:00,rowan.ivanov@sampleco.test,Priya Silva,2023-04-20 03:30:00,alex.nguyen@examplecorp.test,Jordan Reyes,2024-01-11 16:34:00,N,Marco Mercer,Omar Kim,Elena Okafor,REF-8688,Support Specialist,,,,,,,,TAG-7072,SKU-3139,elena.okafor@examplecorp.test,,,,Inactive,,100083,100250,,100652,,,,,100193,,100453,Alpha,100173,,,,100478,100629,,rahul.kim@acme-fake.test,casey.blake@acme-fake.test,Re-engagement,100733,Harbor Analytics LLP,Alpha,100694,,,,,,,101816,,,,Y,
100219,Contact,102258,emerson.vance@sampleco.test,Reese Calder,2023-10-30 02:07:00,yara.brooks@sampleco.test,Yara Nguyen,2025-01-15 18:25:00,yara.vance@acme-fake.test,Diego Sato,2025-07-12 17:37:00,emerson.ford@examplecorp.test,Taylor Rossi,2023-08-13 16:17:00,Y,Elena Okafor,Liam Blake,Marco Ivanov,LOT-6121,Support Specialist,,,,,,,,,SKU-4890,marco.ivanov@acme-fake.test,,,,Active,100098,100152,100528,,100473,,,,,100566,,100696,Gamma,100284,,,Other,,,,riley.sato@acme-fake.test,reese.reyes@acme-fake.test,Renewal Nudge,100317,,Other,100033,,,,4,,,101830,Y,,,,
100535,Contact,102261,emerson.calder@sampleco.test,Omar Costa,2025-02-16 22:56:00,alex.vance@sampleco.test,Noah Ivanov,2023-06-05 02:27:00,priya.ford@sampleco.test,Morgan Calder,2024-11-27 07:10:00,noah.blake@examplecorp.test,Riley Costa,2024-08-10 17:39:00,Y,Alex Brooks,Avery Reyes,Omar Okafor,TAG-5610,Recruiter,,,,Other,,,,,REF-4189,omar.okafor@demomail.test,,,,Active,100721,,100538,100645,100086,,,,,,,,Delta,100120,,N,,100765,100089,,sofia.sloan@demomail.test,jordan.dorsey@sampleco.test,Event Invite,100532,Vertex Textiles Corp,Beta,100667,,,,4,,,,,,,Y,
100219,Contact,102264,riley.whitfield@demomail.test,Casey Garcia,2023-10-07 17:50:00,jamie.nguyen@acme-fake.test,Yara Larsson,2026-06-24 18:42:00,jamie.haddad@examplecorp.test,Sofia Haddad,2025-04-01 15:27:00,drew.blake@examplecorp.test,Jordan Costa,2022-11-22 02:42:00,Y,Diego Costa,Liam Dorsey,Emerson Ivanov,REF-5252,HR Generalist,,,,,,,5333,,REF-2165,emerson.ivanov@examplecorp.test,,,,Active,100606,100328,100616,100115,100210,,,,,,,100512,Standard,100291,,,,100555,100697,,riley.patel@examplecorp.test,jamie.costa@sampleco.test,Product Update,100317,,,100438,,,,,,,101853,,,,N,
100438,Contact,102265,morgan.okafor@examplecorp.test,Noah Okafor,2023-02-18 05:08:00,liam.larsson@demomail.test,Noah Haddad,2026-07-11 20:43:00,omar.okafor@examplecorp.test,Priya Okafor,2026-07-28 15:33:00,aisha.sato@demomail.test,Emerson Cohen,2023-09-01 09:55:00,Y,Nina Calder,Morgan Ford,Morgan Whitfield,REF-6927,Executive Assistant,,,,,,,,,REF-5553,morgan.whitfield@demomail.test,,,,Active,100442,100092,100475,100305,100490,,,,,100387,,,Gamma,100667,,,Alpha,100664,100149,,drew.sato@sampleco.test,yara.nguyen@demomail.test,Event Invite,100292,,,100401,,3,,,,,101843,,,,N,
100596,Contact,102267,arjun.sloan@demomail.test,Skyler Reyes,2023-07-19 11:06:00,taylor.rossi@sampleco.test,Omar Brooks,2024-10-21 04:12:00,jordan.sato@sampleco.test,Taylor Dorsey,2025-05-01 07:26:00,yara.patel@examplecorp.test,Aisha Mercer,2026-01-13 13:58:00,Y,Fatima Dorsey,Nina Rossi,Drew Dorsey,TAG-1759,Bookkeeper,,,,,Standard,,,SKU-6580,SKU-6240,drew.dorsey@examplecorp.test,,,,Active,100475,100382,100250,,100418,,,,,100467,,,Gamma,100103,,,Beta,100054,100028,,aisha.ashby@examplecorp.test,quinn.garcia@acme-fake.test,Product Update,100574,,,100247,,,,,,,101795,,,,,
100596,Contact,102270,reese.vance@demomail.test,Arjun Silva,2023-01-07 03:50:00,aisha.kim@acme-fake.test,Rahul Ashby,2025-10-13 06:37:00,liam.ivanov@acme-fake.test,Diego Cohen,2024-11-17 02:21:00,drew.reyes@sampleco.test,Omar Sato,2023-08-02 20:47:00,Y,Nina Ashby,Diego Nguyen,Marco Patel,REF-3758,Financial Analyst,,,,,,LOT-8764,,,TAG-3294,marco.patel@acme-fake.test,,,,Active,100115,,100548,100273,,,,,,100762,,100432,Alpha,100200,,,Beta,100745,,,yara.haddad@demomail.test,chen.sloan@examplecorp.test,Event Invite,100250,Meridian Robotics Group,Other,,,,,,,,101827,,,,N,
100119,Contact,102272,arjun.calder@examplecorp.test,Rowan Larsson,2025-05-14 09:26:00,jordan.mercer@examplecorp.test,Marco Ford,2024-03-31 02:07:00,chen.ivanov@examplecorp.test,Reese Brooks,2025-10-20 02:42:00,fatima.okafor@examplecorp.test,Reese Mercer,2025-09-23 10:06:00,Y,Elena Larsson,Fatima Okafor,Jamie Mensah,REF-2368,Customer Success Manager,,,,,,TAG-2496,,,REF-9716,jamie.mensah@examplecorp.test,,,,Active,100425,100606,100196,,,,,,,100278,,,Delta,100454,,,Gamma,100498,100570,,riley.costa@examplecorp.test,taylor.ashby@examplecorp.test,Event Invite,100451,,,100732,,,,,,,101810,,,,Y,
100156,Contact,102275,quinn.calder@demomail.test,Skyler Mensah,2023-04-17 19:43:00,reese.mercer@examplecorp.test,Casey Mensah,2023-03-13 15:55:00,yara.blake@examplecorp.test,Quinn Ivanov,2023-11-19 20:06:00,aisha.blake@demomail.test,Marco Dorsey,2023-10-18 14:42:00,Y,Liam Costa,Reese Silva,Morgan Ivanov,LOT-4084,Financial Analyst,,REF-8668,,,,,,LOT-1722,SKU-9020,morgan.ivanov@examplecorp.test,,,,Active,,100532,100096,,,,,,,100561,,100009,Delta,100399,,,,100559,,,yara.larsson@examplecorp.test,jordan.patel@examplecorp.test,Renewal Nudge,100125,,,,,,,,,,,,,,N,
100770,Contact,102277,riley.vance@sampleco.test,Mei Rossi,2025-09-09 14:03:00,omar.kim@sampleco.test,Noah Sato,2023-10-27 07:26:00,taylor.nguyen@sampleco.test,Reese Sato,2022-11-17 05:32:00,mei.blake@sampleco.test,Skyler Dorsey,2024-03-19 22:15:00,Y,Mei Sato,Casey Cohen,Fatima Larsson,REF-5022,HR Generalist,,,,,,,,REF-1381,SKU-6426,fatima.larsson@acme-fake.test,,,,Active,100727,100555,100495,100743,100068,,,,,,,,Other,100522,,,,100157,,,yara.okafor@demomail.test,rowan.garcia@demomail.test,Renewal Nudge,100470,,Beta,,,,,,,,101854,,,,Y,
100785,Contact,102278,riley.larsson@demomail.test,Liam Mercer,2026-06-25 06:09:00,diego.larsson@sampleco.test,Liam Sloan,2025-08-13 02:13:00,riley.calder@sampleco.test,Diego Haddad,2025-02-10 00:12:00,casey.garcia@sampleco.test,Drew Sloan,2024-01-16 22:54:00,Y,Skyler Dorsey,Fatima Calder,Sofia Kim,TAG-8321,Customer Success Manager,,,,,,,,,REF-3345,sofia.kim@sampleco.test,,,,Active,,100545,100399,,100221,,,,,,,100038,Standard,100673,,Y,Delta,100142,100263,,emerson.larsson@acme-fake.test,jamie.okafor@sampleco.test,Product Update,100619,,Gamma,100106,,4,,,,,,,,,,
100219,Contact,102279,marco.whitfield@demomail.test,Priya Garcia,2025-07-12 12:51:00,priya.vance@sampleco.test,Diego Ashby,2022-10-10 02:45:00,elena.kim@examplecorp.test,Alex Ford,2023-09-05 03:04:00,avery.larsson@sampleco.test,Aisha Nguyen,2025-05-16 23:51:00,Y,Drew Rossi,Riley Kim,Marco Rossi,LOT-9264,QA Engineer,,,,,,SKU-9839,,SKU-3589,REF-8548,marco.rossi@acme-fake.test,,,,Active,100714,100224,100188,100123,100003,,,,,,,,Other,100678,,,Alpha,,100765,,mei.vance@examplecorp.test,skyler.okafor@demomail.test,Quarterly Newsletter,100699,Cardinal Energy Inc,,100514,,,,,,,101854,,,,,
100540,Contact,102281,marco.kim@demomail.test,Emerson Sato,2023-04-13 16:58:00,liam.mercer@sampleco.test,Rahul Calder,2023-10-15 16:56:00,aisha.ashby@demomail.test,Noah Ford,2025-07-09 17:58:00,noah.sato@demomail.test,Jordan Sato,2025-07-21 11:54:00,Y,Yara Reyes,Rahul Mercer,Aisha Silva,SKU-2231,Operations Associate,,,,,,REF-2715,5420,,REF-3163,aisha.silva@acme-fake.test,,,,Active,100509,,100696,100185,,,,,,100624,,100418,Other,100688,,,,,100593,,reese.garcia@acme-fake.test,fatima.calder@acme-fake.test,Quarterly Newsletter,100348,,Beta,100619,,,,5,,,101851,,,,,
100585,Contact,102284,drew.dorsey@acme-fake.test,Diego Mensah,2025-01-29 16:31:00,mei.mensah@acme-fake.test,Avery Garcia,2023-02-24 05:44:00,sofia.okafor@demomail.test,Noah Mensah,2025-11-16 17:42:00,jamie.mercer@acme-fake.test,Reese Cohen,2023-10-19 07:55:00,Y,Quinn Vance,Nina Kim,Reese Nguyen,SKU-9733,Payroll Specialist,,,,,,,,,SKU-8230,reese.nguyen@acme-fake.test,,,,Active,,100328,100724,,100387,,,,,100688,,100145,Gamma,100371,,,Standard,100123,100403,,aisha.kim@examplecorp.test,arjun.patel@sampleco.test,Product Update,100758,Ironwood Health LLC,Delta,,,,,,,,101865,,,,Y,
100067,Contact,102286,jordan.whitfield@examplecorp.test,Chen Mensah,2026-06-02 10:32:00,liam.nguyen@sampleco.test,Omar Costa,2023-03-15 10:37:00,aisha.costa@examplecorp.test,Morgan Cohen,2024-02-12 00:30:00,priya.haddad@examplecorp.test,Morgan Sato,2025-08-15 05:21:00,N,Priya Ivanov,Marco Nguyen,Quinn Garcia,,Support Specialist,,,,Alpha,,,,,LOT-3825,quinn.garcia@examplecorp.test,,,,Inactive,,100714,100739,,100445,,,,,,,100278,Alpha,100660,,,Beta,,,,casey.kim@acme-fake.test,priya.sloan@acme-fake.test,Renewal Nudge,100396,,,100348,,,,,,,101861,,,,,
100120,Contact,102289,fatima.cohen@examplecorp.test,Noah Reyes,2024-02-22 16:04:00,elena.garcia@demomail.test,Avery Ford,2023-07-18 02:16:00,reese.mercer@demomail.test,Marco Cohen,2023-10-26 11:55:00,quinn.whitfield@examplecorp.test,Aisha Rossi,2023-01-23 09:03:00,Y,Arjun Garcia,Alex Reyes,Morgan Brooks,REF-5686,Marketing Coordinator,,,,,,,,TAG-7486,REF-3637,morgan.brooks@acme-fake.test,,,,Active,100401,100665,100386,100504,,,,,,,,100509,Standard,100214,,,Other,100153,,,emerson.blake@acme-fake.test,yara.haddad@sampleco.test,Quarterly Newsletter,100372,,,,,,,,,,,,,,,
100460,Contact,102290,quinn.brooks@acme-fake.test,Priya Whitfield,2024-01-12 22:30:00,avery.vance@acme-fake.test,Quinn Reyes,2026-06-19 07:42:00,omar.dorsey@sampleco.test,Morgan Mercer,2024-02-05 05:04:00,casey.whitfield@demomail.test,Elena Rossi,2024-05-02 20:17:00,Y,Aisha Mercer,Omar Rossi,Omar Blake,REF-1642,Accountant,,,,,,,,,TAG-1669,omar.blake@examplecorp.test,,,,Active,100380,,100174,,,,,,,100500,,100250,Standard,100120,,,,100137,100522,,rowan.ivanov@demomail.test,fatima.ivanov@acme-fake.test,Event Invite,100664,,,100119,,,,,,,101857,,,,Y,
100155,Contact,102293,jordan.calder@examplecorp.test,Elena Kim,2025-09-22 08:57:00,chen.calder@demomail.test,Sofia Cohen,2023-07-23 09:08:00,noah.mensah@examplecorp.test,Riley Blake,2025-12-08 16:48:00,skyler.calder@sampleco.test,Priya Ashby,2024-03-10 00:35:00,Y,Alex Nguyen,Chen Ivanov,Priya Sloan,SKU-1669,Operations Associate,,,,,,,,,SKU-2561,priya.sloan@examplecorp.test,,,,Active,100340,,100325,,100435,,,,,,,100242,Beta,100651,,,Delta,,,,liam.blake@sampleco.test,jordan.nguyen@examplecorp.test,Event Invite,100215,,,100201,,0,,,,,,,,,Y,
100106,Contact,102295,yara.mercer@examplecorp.test,Skyler Kim,2026-02-26 01:49:00,riley.cohen@examplecorp.test,Taylor Sato,2023-10-20 21:46:00,skyler.garcia@demomail.test,Drew Brooks,2023-06-28 20:19:00,quinn.costa@examplecorp.test,Mei Reyes,2026-04-22 17:06:00,Y,Emerson Ashby,Alex Reyes,Marco Mercer,,Operations Associate,,,,,,,,REF-8757,TAG-3227,marco.mercer@demomail.test,,,,Active,100332,100281,100031,100487,100689,,,,,100076,,,Beta,100311,,,Standard,100224,100732,,priya.cohen@examplecorp.test,reese.mensah@examplecorp.test,Product Update,100434,,Other,,,,,,,,101878,,,,Y,
100361,Contact,102298,jamie.costa@examplecorp.test,Riley Calder,2024-02-04 23:49:00,drew.mercer@demomail.test,Liam Costa,2024-06-17 12:45:00,avery.sloan@sampleco.test,Chen Larsson,2024-12-14 09:55:00,morgan.rossi@sampleco.test,Chen Mensah,2025-02-15 07:01:00,Y,Nina Ivanov,Noah Sloan,Liam Sloan,,HR Generalist,,,,,,,,SKU-9289,TAG-2686,liam.sloan@acme-fake.test,,,,Active,100683,100680,100264,100519,100410,,,,,100587,,100089,Beta,100348,,,Standard,100717,100671,,rowan.haddad@acme-fake.test,diego.vance@acme-fake.test,Event Invite,100478,,,,,,,,,,,,,,,
100606,Contact,102300,jordan.ivanov@examplecorp.test,Priya Cohen,2025-07-23 19:42:00,priya.sato@sampleco.test,Jamie Sato,2025-11-28 22:57:00,reese.garcia@acme-fake.test,Jordan Calder,2025-11-07 21:47:00,aisha.kim@acme-fake.test,Omar Sato,2024-01-08 00:23:00,Y,Taylor Garcia,Rahul Vance,Taylor Dorsey,LOT-7849,Customer Success Manager,,,,,,,,,REF-5374,taylor.dorsey@sampleco.test,,,,Active,,100753,100182,100629,100383,TAG-7642,,,,100183,,100152,Delta,100119,,,Other,,100387,,sofia.patel@acme-fake.test,yara.ford@demomail.test,Re-engagement,100299,Meridian Robotics LLP,Standard,100509,,,,,,,101817,,,,,Y
100522,Contact,102303,aisha.mensah@acme-fake.test,Alex Ivanov,2023-04-30 23:15:00,skyler.ivanov@acme-fake.test,Jamie Mercer,2024-12-07 18:51:00,aisha.sloan@examplecorp.test,Alex Costa,2023-01-18 13:05:00,mei.vance@examplecorp.test,Liam Whitfield,2023-10-31 02:56:00,Y,Drew Silva,Mei Sato,Fatima Cohen,LOT-3202,Accountant,,,,,,,,TAG-6968,LOT-9260,fatima.cohen@sampleco.test,,,,Active,100042,,100003,,,REF-7838,,,,100664,,100162,Beta,100366,,,,100460,,,quinn.sato@acme-fake.test,jamie.whitfield@examplecorp.test,Quarterly Newsletter,100220,,,,,0,,1,,,101846,,,,Y,Y
100627,Contact,102305,casey.brooks@examplecorp.test,Priya Calder,2024-12-21 18:42:00,sofia.rossi@examplecorp.test,Yara Silva,2025-09-01 21:02:00,casey.dorsey@sampleco.test,Drew Mensah,2024-12-13 09:13:00,morgan.ashby@examplecorp.test,Yara Larsson,2023-01-24 17:52:00,Y,Alex Mercer,Noah Mensah,Marco Sloan,REF-3636,Customer Success Manager,,,,,,,,TAG-7223,LOT-6515,marco.sloan@acme-fake.test,,,,Active,100661,100217,100352,100014,100759,,,,,100400,,100774,Standard,100730,,,,100611,100650,,sofia.ford@sampleco.test,noah.sloan@examplecorp.test,Quarterly Newsletter,100599,,,100470,,,2,,,,101813,,,,N,
100439,Contact,102307,drew.okafor@examplecorp.test,Fatima Blake,2024-07-06 05:53:00,priya.vance@sampleco.test,Diego Mercer,2023-07-22 06:58:00,omar.silva@sampleco.test,Priya Ivanov,2022-10-01 10:47:00,chen.brooks@acme-fake.test,Skyler Haddad,2024-07-01 18:05:00,N,Arjun Mercer,Arjun Nguyen,Rowan Ivanov,LOT-8898,Support Specialist,,,,,,,,,REF-1821,rowan.ivanov@sampleco.test,,,,Inactive,100401,100242,100564,100158,100570,,,,,100495,,,Delta,100762,,,,,100436,,priya.whitfield@examplecorp.test,taylor.nguyen@sampleco.test,Product Update,100745,Northwind Systems Co,,,,,,,,,101840,,,,Y,
100415,Contact,102309,casey.mercer@acme-fake.test,Yara Vance,2026-06-28 06:50:00,morgan.blake@demomail.test,Elena Kim,2023-08-03 03:47:00,noah.sato@examplecorp.test,Arjun Mercer,2025-07-23 13:44:00,aisha.rossi@acme-fake.test,Quinn Patel,2026-05-11 21:25:00,N,Riley Silva,Nina Reyes,Casey Calder,REF-4429,Data Analyst,,,,,,,,,TAG-9973,casey.calder@examplecorp.test,,,,Inactive,,,100635,,100647,,,,,100561,,,Gamma,100115,,,,,100710,,emerson.haddad@acme-fake.test,yara.haddad@demomail.test,Quarterly Newsletter,100016,,,100434,,,,,,,,,,,,
100410,Contact,102311,chen.nguyen@sampleco.test,Elena Ford,2023-02-08 07:49:00,rowan.reyes@acme-fake.test,Emerson Cohen,2024-10-22 11:43:00,rahul.haddad@examplecorp.test,Liam Nguyen,2023-10-07 21:08:00,rahul.costa@acme-fake.test,Riley Brooks,2025-09-23 12:17:00,Y,Arjun Sato,Reese Patel,Drew Nguyen,REF-6110,Support Specialist,,,,,,,,LOT-7240,TAG-8121,drew.nguyen@acme-fake.test,,,,Active,100224,100472,100239,100566,100453,,,,,100451,,100054,Alpha,100031,,,,,100273,,rahul.rossi@sampleco.test,omar.ashby@examplecorp.test,Quarterly Newsletter,100737,,Gamma,100047,,,,1,,,101837,,,,N,
100593,Contact,102312,marco.whitfield@examplecorp.test,Jordan Cohen,2026-01-17 19:45:00,morgan.cohen@examplecorp.test,Aisha Okafor,2022-11-01 13:09:00,marco.ivanov@acme-fake.test,Riley Okafor,2023-12-08 03:37:00,nina.costa@examplecorp.test,Marco Mensah,2023-11-12 13:33:00,Y,Diego Ford,Drew Cohen,Jordan Vance,LOT-4852,Recruiter,,,,,Alpha,,,SKU-4220,TAG-2407,jordan.vance@acme-fake.test,,,,Active,100087,100622,100117,100493,,,,,,100123,,100476,Other,100595,,,Gamma,100756,100350,,sofia.calder@acme-fake.test,yara.kim@demomail.test,Event Invite,100371,,Gamma,,,,,,,,101846,,,,N,
100021,Contact,102315,noah.costa@sampleco.test,Noah Okafor,2025-06-23 15:16:00,taylor.costa@acme-fake.test,Riley Sloan,2024-03-30 21:23:00,diego.mensah@sampleco.test,Rowan Sloan,2025-11-13 03:48:00,omar.nguyen@examplecorp.test,Avery Ford,2026-03-24 21:37:00,Y,Jordan Dorsey,Mei Reyes,Marco Okafor,LOT-2883,Customer Success Manager,,,,,,,5336,,TAG-2642,marco.okafor@examplecorp.test,,,,Active,,100092,100077,100629,,,,,,100182,,,Beta,100529,,,,,,,emerson.mensah@acme-fake.test,yara.mercer@examplecorp.test,Event Invite,100022,Ironwood Holdings Inc,Other,100435,,,,,,,,,,,,
100401,Contact,102316,rowan.whitfield@acme-fake.test,Casey Reyes,2022-12-19 08:43:00,chen.mercer@sampleco.test,Rahul Brooks,2024-05-01 16:16:00,drew.garcia@sampleco.test,Quinn Vance,2023-10-10 00:12:00,drew.rossi@demomail.test,Rahul Sato,2024-06-23 02:12:00,Y,Emerson Blake,Aisha Larsson,Rahul Cohen,SKU-9592,Marketing Coordinator,,,,,,,,LOT-6513,SKU-1216,rahul.cohen@demomail.test,,,,Active,,100434,100759,100019,100656,,,,,,,100552,Other,100528,,,,100639,100639,,drew.ashby@demomail.test,chen.silva@acme-fake.test,Renewal Nudge,100028,Meridian Media Co,,100172,,,,,,,,,,,Y,
100016,Contact,102317,sofia.sato@examplecorp.test,Sofia Silva,2024-08-04 12:17:00,sofia.ashby@acme-fake.test,Priya Calder,2023-01-10 09:15:00,priya.vance@examplecorp.test,Morgan Mensah,2024-07-09 16:06:00,rowan.vance@demomail.test,Alex Reyes,2024-04-30 18:10:00,Y,Marco Whitfield,Rowan Reyes,Elena Ford,SKU-6612,Data Analyst,,,,,,,,SKU-6071,SKU-4183,elena.ford@acme-fake.test,,,,Active,100732,,100033,,100415,,,,,,,100774,Gamma,100475,,,Beta,100211,100565,,casey.nguyen@acme-fake.test,elena.okafor@demomail.test,Quarterly Newsletter,100759,,,100242,,,,,,,101795,,,,Y,
100145,Contact,102318,jamie.garcia@sampleco.test,Reese Costa,2022-11-08 03:14:00,taylor.silva@acme-fake.test,Sofia Costa,2023-12-12 15:48:00,taylor.whitfield@examplecorp.test,Noah Mensah,2025-07-20 09:16:00,arjun.larsson@acme-fake.test,Jamie Okafor,2025-12-11 07:37:00,Y,Morgan Sloan,Chen Haddad,Elena Mercer,REF-5501,Executive Assistant,,,,,,,,REF-4873,LOT-6106,elena.mercer@demomail.test,,,,Active,100284,100221,100467,100758,100555,TAG-2330,,,,,,,Standard,100737,,,Gamma,100106,,,nina.brooks@acme-fake.test,diego.ford@sampleco.test,Product Update,100271,,Alpha,100650,,,,,,,101846,,,,,
100439,Contact,102319,priya.sloan@demomail.test,Avery Garcia,2025-07-01 13:42:00,reese.mensah@demomail.test,Arjun Sato,2025-06-12 18:51:00,quinn.mensah@examplecorp.test,Casey Vance,2023-12-08 06:53:00,rahul.vance@sampleco.test,Elena Nguyen,2025-01-23 04:13:00,Y,Taylor Calder,Casey Dorsey,Morgan Brooks,LOT-8311,Operations Associate,,,Other,,,,,TAG-6825,REF-7320,morgan.brooks@demomail.test,,,,Active,100082,100205,100385,,100120,TAG-7716,,,,100119,,100307,Delta,100469,,,Gamma,100624,100439,,yara.ford@acme-fake.test,riley.garcia@acme-fake.test,Quarterly Newsletter,100466,Cobalt Analytics,Beta,,,,,6,,,101831,,,,Y,
100155,Contact,102321,liam.patel@sampleco.test,Yara Sloan,2024-02-18 14:06:00,omar.okafor@examplecorp.test,Skyler Dorsey,2023-09-11 04:38:00,drew.sato@sampleco.test,Casey Rossi,2025-08-21 20:10:00,liam.ford@acme-fake.test,Omar Rossi,2024-06-20 02:43:00,N,Rowan Brooks,Chen Mercer,Omar Mercer,TAG-7734,Operations Associate,,,,,,,3847,REF-1395,SKU-5032,omar.mercer@examplecorp.test,,,,Inactive,100371,100471,100023,100638,,,,,,100611,,100415,Delta,100601,,,Alpha,,100678,,quinn.calder@demomail.test,diego.dorsey@demomail.test,Renewal Nudge,100031,Cardinal Robotics LLC,,100103,,,,,,,101878,,,,,
100476,Contact,102323,rowan.larsson@demomail.test,Liam Dorsey,2024-07-31 01:57:00,diego.sato@sampleco.test,Fatima Blake,2023-05-28 16:42:00,avery.larsson@examplecorp.test,Avery Sato,2022-10-16 17:32:00,mei.silva@acme-fake.test,Jordan Mercer,2025-03-26 12:33:00,Y,Drew Dorsey,Elena Calder,Mei Mercer,LOT-9442,Operations Associate,,,,Standard,,,,,REF-1188,mei.mercer@acme-fake.test,,,,Active,,100771,100640,,100475,,,,,,,100675,Other,100123,,,,,100702,,nina.mercer@acme-fake.test,mei.ivanov@sampleco.test,Renewal Nudge,100741,Meridian Partners,,100507,,,,,,,101805,,,,N,
100046,Contact,102326,alex.haddad@acme-fake.test,Drew Ivanov,2026-02-07 00:32:00,diego.brooks@sampleco.test,Reese Okafor,2023-04-12 12:32:00,nina.brooks@examplecorp.test,Rahul Rossi,2022-11-28 20:18:00,nina.vance@acme-fake.test,Omar Garcia,2025-04-30 18:48:00,Y,Alex Ivanov,Rowan Sloan,Sofia Calder,TAG-8876,Marketing Coordinator,,,,,,,,,TAG-3097,sofia.calder@acme-fake.test,,,,Active,,,100776,100554,,,,,,,,,Standard,100745,,,,100446,,,rahul.kim@acme-fake.test,fatima.mercer@sampleco.test,Re-engagement,100414,Cobalt Logistics Ltd,Delta,100565,,,9,,,,101886,N,,,,
100432,Contact,102328,riley.ford@demomail.test,Jordan Whitfield,2025-06-19 16:19:00,quinn.patel@sampleco.test,Riley Cohen,2024-11-27 17:34:00,aisha.blake@demomail.test,Sofia Calder,2024-07-06 14:44:00,avery.whitfield@sampleco.test,Drew Sloan,2024-05-20 03:57:00,Y,Quinn Nguyen,Riley Ivanov,Fatima Rossi,SKU-5044,HR Generalist,,,,Alpha,,,,,TAG-7631,fatima.rossi@acme-fake.test,,,,Active,100724,100350,100516,100627,100412,,,,,,,,Beta,100691,,,Standard,100726,,,diego.ashby@examplecorp.test,omar.okafor@demomail.test,Product Update,100466,Falcon Logistics,Other,100309,,,,,,,,,,,Y,
100732,Contact,102330,avery.okafor@demomail.test,Jordan Costa,2024-11-23 18:30:00,chen.dorsey@demomail.test,Elena Rossi,2024-08-08 03:20:00,jordan.kim@sampleco.test,Noah Larsson,2023-06-21 03:54:00,marco.mensah@demomail.test,Omar Ashby,2024-06-15 20:52:00,Y,Nina Rossi,Omar Silva,Taylor Haddad,REF-1315,HR Generalist,,,,,,,,,SKU-6135,taylor.haddad@examplecorp.test,,,,Active,100732,100727,100435,,100196,,,,,100548,,100378,Delta,100640,,,,100436,,,aisha.cohen@demomail.test,aisha.vance@examplecorp.test,Renewal Nudge,100776,,Gamma,,,,,2,,,,,,,N,
100776,Contact,102331,diego.okafor@demomail.test,Diego Vance,2023-07-12 21:59:00,jamie.ford@sampleco.test,Avery Sato,2024-09-08 20:37:00,rowan.vance@examplecorp.test,Emerson Sloan,2024-01-06 03:19:00,sofia.mercer@acme-fake.test,Chen Reyes,2025-10-29 10:36:00,N,Alex Costa,Reese Kim,Liam Nguyen,LOT-4226,Executive Assistant,,,,,,,,LOT-9146,SKU-3420,liam.nguyen@demomail.test,,,,Inactive,,100106,100311,100348,,TAG-4532,,,,100717,,,Delta,100550,,N,Gamma,100768,100582,,avery.mercer@demomail.test,alex.blake@acme-fake.test,Event Invite,100269,Northwind Networks Group,,,,,,,,,101827,,,,,
100177,Contact,102333,casey.kim@examplecorp.test,Drew Brooks,2026-06-22 21:38:00,diego.ivanov@demomail.test,Aisha Sato,2025-12-16 20:54:00,reese.sloan@acme-fake.test,Avery Calder,2023-04-12 21:42:00,liam.ashby@acme-fake.test,Morgan Vance,2023-10-11 02:14:00,Y,Emerson Brooks,Chen Dorsey,Priya Ivanov,LOT-2873,Financial Analyst,,,,,,,,,REF-5428,priya.ivanov@examplecorp.test,,,,Active,100278,,100535,100182,100200,REF-8599,,,,100269,,100525,Other,100453,,,Delta,,100019,,jamie.haddad@acme-fake.test,diego.rossi@demomail.test,Event Invite,100439,,Alpha,,,,,,,,,Y,,,Y,
100481,Contact,102334,arjun.garcia@examplecorp.test,Drew Mercer,2025-04-01 04:25:00,jamie.sloan@demomail.test,Avery Blake,2026-04-07 15:07:00,rowan.ford@examplecorp.test,Aisha Haddad,2026-05-21 11:21:00,jamie.ashby@demomail.test,Chen Ford,2024-05-03 18:54:00,Y,Drew Silva,Priya Ford,Riley Ashby,TAG-3798,Operations Associate,,,,Other,,,,,LOT-9363,riley.ashby@examplecorp.test,,,,Active,100188,100665,100585,,100435,REF-3034,,,,,,,Standard,100196,,,Standard,100372,100372,,priya.ford@demomail.test,omar.ivanov@examplecorp.test,Quarterly Newsletter,100215,,,100058,,,,,,,101837,,,,,
100632,Contact,102337,reese.ford@demomail.test,Sofia Whitfield,2025-02-06 05:38:00,drew.whitfield@examplecorp.test,Casey Costa,2023-12-16 11:10:00,priya.mercer@acme-fake.test,Chen Calder,2024-08-13 13:55:00,jamie.blake@sampleco.test,Jamie Ford,2022-12-27 09:48:00,Y,Emerson Calder,Aisha Okafor,Morgan Reyes,TAG-2035,Executive Assistant,,,,,,,,,SKU-5780,morgan.reyes@sampleco.test,,,,Active,100632,100157,100076,100133,,,,,,100386,,100590,Standard,100512,,,Delta,100471,,,arjun.sato@demomail.test,priya.brooks@acme-fake.test,Product Update,100739,,Gamma,100203,,,,,,,101827,,,,,
100322,Contact,102338,riley.brooks@sampleco.test,Avery Cohen,2024-05-09 06:28:00,arjun.garcia@examplecorp.test,Quinn Kim,2024-03-19 22:58:00,elena.rossi@sampleco.test,Jamie Patel,2025-07-10 23:21:00,reese.mercer@sampleco.test,Liam Brooks,2025-12-21 14:45:00,Y,Elena Nguyen,Liam Mercer,Rowan Garcia,REF-4777,Support Specialist,,,,,,,,,TAG-6521,rowan.garcia@examplecorp.test,,,,Active,,,100399,100208,100047,,,,,100652,,,Gamma,100252,,,Beta,100161,100188,,diego.silva@examplecorp.test,diego.mercer@examplecorp.test,Quarterly Newsletter,100239,Pioneer Energy,Delta,100700,,,,,,,,,,,N,
100303,Contact,102339,nina.brooks@acme-fake.test,Riley Sato,2023-03-25 18:04:00,emerson.rossi@sampleco.test,Aisha Dorsey,2024-12-09 12:36:00,casey.calder@acme-fake.test,Casey Ford,2025-01-13 04:41:00,taylor.garcia@examplecorp.test,Liam Ashby,2023-03-29 10:49:00,Y,Sofia Okafor,Liam Sloan,Skyler Rossi,LOT-1682,Executive Assistant,,,,Other,,,,REF-6161,REF-7103,skyler.rossi@examplecorp.test,,,,Active,100087,100611,100787,,100226,,,,,,,100619,Other,100516,,,Other,100350,100624,,liam.silva@acme-fake.test,reese.rossi@demomail.test,Renewal Nudge,100707,,Standard,,,,,,,,101830,,,,,
100730,Contact,102342,rahul.cohen@demomail.test,Sofia Blake,2025-03-29 22:04:00,quinn.blake@sampleco.test,Marco Sloan,2023-07-12 08:53:00,emerson.calder@acme-fake.test,Mei Garcia,2025-09-04 05:57:00,nina.blake@sampleco.test,Noah Patel,2023-12-13 00:45:00,Y,Liam Larsson,Taylor Patel,Jordan Costa,TAG-3578,Operations Associate,,,,Beta,,,,,LOT-2628,jordan.costa@sampleco.test,,,,Active,100244,100385,100686,100604,100200,,,,,100659,,100062,Alpha,100296,,,Standard,,,,skyler.reyes@examplecorp.test,liam.sloan@acme-fake.test,Event Invite,100073,,,100253,,,,,,,101801,,,,Y,
100174,Contact,102343,casey.calder@sampleco.test,Rowan Larsson,2023-03-30 06:45:00,emerson.garcia@examplecorp.test,Rowan Okafor,2025-04-18 22:57:00,jordan.dorsey@demomail.test,Aisha Ivanov,2024-11-24 05:07:00,aisha.rossi@sampleco.test,Morgan Okafor,2025-04-04 19:14:00,Y,Emerson Calder,Emerson Nguyen,Chen Nguyen,,Executive Assistant,,,,,,,,LOT-5164,SKU-8622,chen.nguyen@examplecorp.test,,,,Active,100545,100220,100042,,100436,,,,,100121,,,Gamma,100083,,,Gamma,100438,100484,,diego.whitfield@demomail.test,arjun.ford@sampleco.test,Quarterly Newsletter,100645,,,100606,,,,,,,101871,,,,,
100565,Contact,102345,avery.mercer@demomail.test,Fatima Sloan,2023-04-13 01:24:00,jordan.dorsey@demomail.test,Chen Okafor,2025-05-11 20:35:00,rowan.ford@sampleco.test,Jamie Calder,2023-08-16 19:23:00,diego.nguyen@sampleco.test,Rahul Ivanov,2025-05-20 13:58:00,N,Sofia Kim,Taylor Silva,Quinn Whitfield,LOT-3951,Recruiter,,,,,,,,REF-2195,LOT-9149,quinn.whitfield@acme-fake.test,,,,Inactive,100401,100119,100286,100786,,,,,,100579,,100648,Other,100236,,,Other,100375,100576,,sofia.rossi@demomail.test,drew.dorsey@sampleco.test,Renewal Nudge,100739,Vertex Labs Co,Standard,100317,,,,,,,101801,,,,,
100579,Contact,102346,jamie.cohen@demomail.test,Riley Calder,2023-05-06 07:56:00,quinn.calder@acme-fake.test,Taylor Garcia,2022-10-07 16:04:00,avery.ivanov@acme-fake.test,Drew Brooks,2023-01-27 14:48:00,taylor.whitfield@examplecorp.test,Diego Sato,2026-07-28 20:17:00,Y,Marco Patel,Priya Haddad,Drew Mercer,REF-9233,Operations Associate,,,,,,,,,LOT-5882,drew.mercer@demomail.test,,,,Active,100407,,100714,,,,,,,,,,Standard,100643,,,,100487,,,liam.garcia@examplecorp.test,yara.okafor@sampleco.test,Event Invite,100392,,Standard,100260,,,,,,,101798,,,,,Y
100330,Contact,102349,rahul.calder@acme-fake.test,Nina Whitfield,2023-05-09 07:11:00,avery.dorsey@acme-fake.test,Taylor Calder,2024-01-26 15:52:00,jordan.whitfield@demomail.test,Casey Whitfield,2024-05-10 11:34:00,chen.rossi@demomail.test,Alex Vance,2025-02-19 15:59:00,Y,Nina Mensah,Diego Reyes,Morgan Mercer,SKU-9487,Customer Success Manager,,,,,,,,,SKU-7026,morgan.mercer@sampleco.test,,,,Active,100493,100291,100604,100361,,,,,,100275,,100343,Alpha,100775,,,Standard,,100721,,noah.mercer@examplecorp.test,riley.mensah@examplecorp.test,Product Update,100574,Northwind Textiles Inc,Other,100359,,,,,,,101815,,,,Y,
100299,Contact,102350,jamie.ford@demomail.test,Emerson Ashby,2023-09-07 07:55:00,mei.vance@sampleco.test,Skyler Rossi,2024-05-31 17:50:00,taylor.brooks@sampleco.test,Riley Vance,2026-07-18 14:42:00,omar.whitfield@demomail.test,Emerson Whitfield,2025-02-04 08:41:00,Y,Avery Cohen,Aisha Sato,Elena Larsson,TAG-2626,QA Engineer,,,,,Delta,TAG-2184,,,TAG-5972,elena.larsson@demomail.test,,,,Active,100361,,100721,,100415,,,,,,,100590,Standard,100476,,,,,100507,,morgan.ashby@demomail.test,chen.dorsey@sampleco.test,Quarterly Newsletter,100038,,,,,,,,,,101888,,,,Y,
100632,Contact,102352,skyler.costa@acme-fake.test,Priya Calder,2023-09-24 05:19:00,jordan.nguyen@demomail.test,Nina Garcia,2024-06-06 00:58:00,arjun.costa@sampleco.test,Skyler Garcia,2026-04-27 16:36:00,aisha.ford@demomail.test,Skyler Silva,2023-12-23 12:31:00,Y,Liam Garcia,Chen Haddad,Rahul Sloan,TAG-6038,Customer Success Manager,,,,,,,,SKU-5505,TAG-9083,rahul.sloan@demomail.test,,,,Active,100503,,100529,100182,,,,,,,,100582,Other,100076,,,Other,,,,diego.costa@demomail.test,taylor.brooks@sampleco.test,Re-engagement,100330,Brightpath Capital Inc,,100439,,,,,,,101881,,,,,
100576,Contact,102353,alex.mensah@sampleco.test,Quinn Ivanov,2025-02-28 18:46:00,chen.patel@demomail.test,Arjun Silva,2026-02-07 21:07:00,yara.silva@sampleco.test,Avery Silva,2026-01-09 04:28:00,aisha.ivanov@sampleco.test,Skyler Dorsey,2026-03-02 10:22:00,Y,Mei Dorsey,Jordan Ivanov,Arjun Haddad,,Data Analyst,,,,,,,,TAG-2480,REF-9659,arjun.haddad@examplecorp.test,,,,Active,100035,100691,100730,,100083,,,,,,,100540,Alpha,100217,,,Other,,100756,,yara.reyes@examplecorp.test,alex.cohen@acme-fake.test,Quarterly Newsletter,100201,,Gamma,100765,,,,,,,101821,,,,N,
100689,Contact,102354,drew.patel@sampleco.test,Fatima Vance,2025-10-13 15:41:00,taylor.rossi@acme-fake.test,Avery Blake,2024-07-21 07:21:00,alex.haddad@sampleco.test,Liam Blake,2023-06-20 12:36:00,elena.ford@examplecorp.test,Rahul Blake,2023-03-13 20:02:00,N,Priya Garcia,Quinn Calder,Jordan Okafor,REF-2135,Marketing Coordinator,,,,,,,,SKU-1395,LOT-2933,jordan.okafor@demomail.test,,,,Inactive,100535,100664,100298,100183,,,,,,,,,Standard,100570,,N,Standard,,,,emerson.dorsey@sampleco.test,yara.costa@demomail.test,Renewal Nudge,100156,,Delta,100145,,,,,,,101800,,,,Y,
100579,Contact,102357,rahul.whitfield@acme-fake.test,Fatima Silva,2023-05-24 22:53:00,rowan.mensah@examplecorp.test,Skyler Costa,2024-10-03 20:48:00,liam.larsson@sampleco.test,Reese Silva,2025-05-27 08:39:00,rowan.larsson@demomail.test,Quinn Kim,2023-11-12 22:37:00,Y,Rowan Larsson,Jordan Whitfield,Avery Garcia,LOT-6494,QA Engineer,,,,,,,,,SKU-7901,avery.garcia@sampleco.test,,,,Active,100142,100451,100119,100125,,,,,,,,100790,Standard,100247,,,Gamma,,100359,,aisha.calder@acme-fake.test,rowan.sato@acme-fake.test,Quarterly Newsletter,100650,Horizon Analytics Co,Other,100572,,,,,,,101875,,,,N,
100284,Contact,102358,skyler.calder@examplecorp.test,Marco Rossi,2024-10-22 17:47:00,arjun.vance@demomail.test,Diego Haddad,2023-03-09 03:43:00,reese.brooks@sampleco.test,Jamie Ford,2026-01-23 16:57:00,reese.mercer@examplecorp.test,Yara Sloan,2024-05-11 12:19:00,Y,Morgan Patel,Casey Larsson,Emerson Mensah,REF-7150,Executive Assistant,,,,,,,,,LOT-2986,emerson.mensah@examplecorp.test,,,,Active,,100509,100756,100246,100743,,,,,100307,,100436,Other,100726,,,Standard,100765,100759,,morgan.larsson@demomail.test,marco.ford@demomail.test,Event Invite,100412,,Standard,100493,,,,,,,,,,,N,
100181,Contact,102361,arjun.haddad@acme-fake.test,Morgan Silva,2024-04-30 22:59:00,emerson.kim@examplecorp.test,Rahul Haddad,2023-06-27 10:49:00,rowan.cohen@acme-fake.test,Morgan Calder,2026-06-04 17:01:00,nina.mercer@sampleco.test,Noah Haddad,2025-02-18 06:47:00,Y,Emerson Silva,Jordan Mercer,Avery Brooks,TAG-3114,Executive Assistant,,,,Alpha,,,,,TAG-4159,avery.brooks@examplecorp.test,,,,Active,100619,100542,100678,100745,,,,,,100595,,100328,Standard,100412,,,,,100401,,skyler.sato@acme-fake.test,nina.nguyen@acme-fake.test,Re-engagement,100314,Brightpath Energy Corp,Gamma,,,,,,,,,Y,,,N,
100260,Contact,102363,marco.reyes@demomail.test,Diego Patel,2025-06-21 06:42:00,riley.larsson@examplecorp.test,Noah Patel,2024-01-31 01:06:00,noah.calder@sampleco.test,Arjun Ford,2025-02-26 04:28:00,aisha.cohen@acme-fake.test,Omar Mensah,2024-12-26 15:38:00,N,Diego Vance,Emerson Cohen,Mei Silva,REF-4267,Support Specialist,,,,,,,,TAG-5684,TAG-1308,mei.silva@demomail.test,,,,Inactive,100320,100211,100357,100561,100420,,,,,100470,,,Alpha,100229,,,Standard,100252,100460,,aisha.vance@acme-fake.test,alex.haddad@sampleco.test,Re-engagement,100540,Beacon Textiles LLP,,,,,,,,,101881,,,,N,
100675,Contact,102365,rowan.calder@sampleco.test,Mei Ivanov,2026-06-25 01:58:00,diego.mercer@demomail.test,Avery Garcia,2025-12-18 16:24:00,jamie.mensah@examplecorp.test,Rahul Costa,2025-07-30 02:23:00,diego.vance@acme-fake.test,Omar Whitfield,2023-07-09 00:57:00,Y,Jordan Ashby,Omar Okafor,Jordan Haddad,TAG-5371,Operations Associate,,,,,,,,SKU-9371,SKU-7983,jordan.haddad@acme-fake.test,,,,Active,100389,,100194,,100174,TAG-9085,,,,100236,,,Delta,100300,,,Other,100667,100352,,priya.brooks@acme-fake.test,aisha.rossi@demomail.test,Event Invite,100550,,Beta,,,,,,,,101873,,,,,
100118,Contact,102366,casey.reyes@acme-fake.test,Diego Okafor,2024-08-18 20:17:00,diego.blake@demomail.test,Diego Calder,2025-02-08 06:12:00,marco.kim@examplecorp.test,Noah Mercer,2025-07-15 03:27:00,jordan.whitfield@sampleco.test,Nina Blake,2024-02-04 22:41:00,Y,Skyler Calder,Avery Larsson,Noah Blake,SKU-8998,Customer Success Manager,,,,,,,,,LOT-6722,noah.blake@sampleco.test,,,,Active,100528,100014,100128,100784,100765,,,,,100156,,100454,Alpha,100462,,,Alpha,100121,,,arjun.okafor@sampleco.test,elena.rossi@demomail.test,Product Update,100528,,,,,8,,,,,101883,,,,N,
100250,Contact,102369,priya.larsson@examplecorp.test,Omar Vance,2025-12-19 09:44:00,mei.garcia@demomail.test,Riley Ivanov,2025-07-04 03:27:00,riley.patel@acme-fake.test,Casey Dorsey,2025-09-26 08:40:00,liam.reyes@demomail.test,Jordan Silva,2023-11-16 21:31:00,Y,Rowan Garcia,Morgan Reyes,Rahul Ford,,Support Specialist,,,,,,,,SKU-6872,REF-8148,rahul.ford@demomail.test,,,,Active,,100277,100599,100361,100309,REF-6715,,,,,,100774,Alpha,100587,,,Gamma,100269,100291,,drew.vance@acme-fake.test,jamie.dorsey@sampleco.test,Re-engagement,100401,,,,,,,,,,,,,,,
100432,Contact,102371,priya.mensah@examplecorp.test,Diego Mercer,2025-01-18 11:48:00,marco.okafor@acme-fake.test,Taylor Ford,2025-12-17 10:17:00,chen.blake@examplecorp.test,Taylor Cohen,2025-03-29 20:32:00,reese.garcia@demomail.test,Omar Garcia,2025-12-31 03:05:00,Y,Arjun Sato,Sofia Haddad,Alex Calder,LOT-7829,Support Specialist,,,,,,,,REF-7520,TAG-6236,alex.calder@examplecorp.test,,,,Active,,,100462,,100538,,,,,100133,,100565,Alpha,100386,,,,100229,100082,,priya.vance@demomail.test,liam.vance@demomail.test,Quarterly Newsletter,100040,,,,,,,,,,101883,,,,Y,
100675,Contact,102374,diego.calder@acme-fake.test,Diego Sato,2025-03-24 16:16:00,drew.larsson@demomail.test,Morgan Garcia,2024-08-11 19:37:00,marco.whitfield@examplecorp.test,Omar Patel,2023-04-26 12:56:00,yara.brooks@examplecorp.test,Arjun Ford,2024-09-02 21:27:00,Y,Casey Patel,Priya Ivanov,Aisha Blake,LOT-4474,Bookkeeper,,,,Standard,,,,LOT-1047,REF-5921,aisha.blake@demomail.test,,,,Active,100053,100181,100525,100606,100349,,,,,100730,,100667,Alpha,100267,,,Other,100295,100067,,taylor.sloan@acme-fake.test,liam.ford@acme-fake.test,Re-engagement,100564,Silverline Labs Ltd,,100345,,,,4,,,101821,Y,,,Y,
100516,Contact,102377,quinn.kim@sampleco.test,Jamie Mensah,2025-04-09 08:56:00,sofia.rossi@examplecorp.test,Drew Mercer,2023-09-26 01:45:00,nina.nguyen@examplecorp.test,Skyler Costa,2023-11-18 12:10:00,jamie.kim@demomail.test,Liam Okafor,2022-11-24 09:55:00,Y,Yara Haddad,Avery Blake,Liam Sato,REF-5051,QA Engineer,,,,,,TAG-3570,,,SKU-5261,liam.sato@examplecorp.test,,,,Active,,100696,100387,100445,100551,,,,,,,,Other,100782,,,,100291,,,rahul.okafor@sampleco.test,casey.mensah@acme-fake.test,Quarterly Newsletter,100414,,,100399,,,,,,,101825,,,,N,
100555,Contact,102380,morgan.reyes@acme-fake.test,Noah Vance,2024-06-24 14:04:00,riley.ford@examplecorp.test,Liam Ashby,2025-12-03 14:10:00,aisha.mensah@examplecorp.test,Quinn Ford,2025-07-29 15:34:00,rahul.calder@demomail.test,Reese Patel,2024-02-25 22:00:00,N,Rowan Ashby,Sofia Nguyen,Casey Kim,TAG-9212,Data Analyst,,,,,,,,,REF-2719,casey.kim@demomail.test,,,,Inactive,100355,100672,100538,100023,100487,,,,,,,,Alpha,100568,,,Beta,100656,100062,,elena.reyes@sampleco.test,diego.calder@acme-fake.test,Re-engagement,100446,Everest Labs LLC,Standard,100028,,,,,,,,,,,,
100750,Contact,102382,yara.vance@sampleco.test,Marco Cohen,2024-12-10 07:49:00,fatima.larsson@acme-fake.test,Avery Reyes,2025-11-30 06:02:00,drew.kim@acme-fake.test,Rahul Ashby,2025-02-09 16:50:00,fatima.mercer@demomail.test,Mei Mensah,2024-04-26 10:29:00,Y,Casey Ashby,Fatima Vance,Reese Larsson,TAG-1258,Accountant,,,,,Delta,,,TAG-7853,REF-3766,reese.larsson@examplecorp.test,,,,Active,100398,,100519,100582,,,,,,,,100003,Standard,100115,,,Alpha,,100737,,sofia.ashby@sampleco.test,drew.okafor@examplecorp.test,Quarterly Newsletter,100429,,,,,3,,,,,101840,,,,,
100765,Contact,102384,elena.sloan@sampleco.test,Liam Okafor,2024-03-12 22:21:00,avery.dorsey@demomail.test,Reese Haddad,2023-12-07 01:59:00,quinn.garcia@sampleco.test,Sofia Nguyen,2024-08-18 09:20:00,emerson.sloan@demomail.test,Arjun Blake,2024-06-22 02:23:00,N,Omar Sloan,Omar Calder,Riley Silva,LOT-3965,Recruiter,,,,,,,,,REF-2283,riley.silva@sampleco.test,,,,Inactive,,100295,100200,100542,100721,,,,,100009,,100516,Standard,100558,,,Alpha,100733,,,omar.patel@sampleco.test,sofia.larsson@sampleco.test,Quarterly Newsletter,100604,Meridian Retail LLC,Alpha,100552,,,,,,,,,,,N,
100611,Contact,102385,arjun.kim@acme-fake.test,Sofia Patel,2024-02-06 08:26:00,emerson.mensah@examplecorp.test,Emerson Sloan,2022-11-02 07:02:00,avery.patel@acme-fake.test,Nina Ford,2025-10-15 16:53:00,alex.blake@sampleco.test,Quinn Ivanov,2023-04-13 11:24:00,N,Chen Haddad,Diego Larsson,Reese Ford,SKU-6037,Software Developer,,,,,,,,,SKU-3757,reese.ford@sampleco.test,,,,Inactive,100785,100582,100055,,,,,,,100664,,100561,Beta,100033,,,Beta,,100096,,liam.vance@examplecorp.test,arjun.brooks@examplecorp.test,Re-engagement,100566,,Delta,,,9,,,,,101831,,,,N,
100172,Contact,102388,rahul.calder@sampleco.test,Riley Ashby,2025-11-19 22:59:00,jamie.okafor@sampleco.test,Skyler Kim,2024-12-31 17:23:00,morgan.sloan@sampleco.test,Riley Brooks,2025-11-25 09:05:00,omar.sloan@examplecorp.test,Priya Cohen,2024-10-14 18:50:00,Y,Liam Mensah,Arjun Blake,Avery Haddad,REF-9412,Software Developer,,,,,,,,,LOT-9202,avery.haddad@acme-fake.test,,,,Active,100142,,100199,100204,100155,,,,,100660,,,Other,100504,,,Other,100162,100724,,elena.reyes@acme-fake.test,emerson.haddad@demomail.test,Product Update,100330,,Standard,,,,,,,,101795,,,,,
100125,Contact,102389,quinn.silva@demomail.test,Diego Kim,2023-03-14 07:51:00,skyler.patel@examplecorp.test,Rahul Okafor,2024-03-28 18:58:00,yara.ford@demomail.test,Morgan Haddad,2024-09-06 08:06:00,marco.vance@demomail.test,Rahul Mensah,2024-04-10 21:06:00,Y,Rowan Ashby,Chen Silva,Aisha Dorsey,SKU-9390,Data Analyst,,,,,,SKU-4457,,,TAG-6378,aisha.dorsey@sampleco.test,,,,Active,100257,100652,100565,,100468,,,,,,,100707,Gamma,100619,,,,100221,100224,,rowan.garcia@acme-fake.test,drew.rossi@demomail.test,Renewal Nudge,100425,,,,,,,,,,101831,,,,Y,
100405,Contact,102391,marco.whitfield@demomail.test,Skyler Sloan,2023-01-21 10:15:00,emerson.ford@demomail.test,Rowan Larsson,2023-07-28 07:35:00,drew.ashby@examplecorp.test,Taylor Dorsey,2025-04-28 10:48:00,arjun.mensah@acme-fake.test,Rahul Rossi,2024-03-31 00:19:00,Y,Liam Calder,Liam Ford,Riley Larsson,TAG-9811,Accountant,,LOT-5928,,,,,,,SKU-6122,riley.larsson@examplecorp.test,,,,Active,100415,100067,100221,,100622,,,,,100587,,100732,Alpha,100033,,,,100595,,,alex.rossi@sampleco.test,liam.brooks@examplecorp.test,Event Invite,100267,Granite Media Ltd,Alpha,,,,4,,,,,,,,,
100035,Contact,102392,riley.reyes@examplecorp.test,Arjun Ashby,2025-03-02 03:20:00,jamie.whitfield@demomail.test,Diego Nguyen,2025-01-17 10:02:00,skyler.dorsey@sampleco.test,Rahul Costa,2022-12-11 15:42:00,noah.nguyen@sampleco.test,Jordan Vance,2023-04-04 05:16:00,Y,Rahul Sloan,Fatima Blake,Priya Garcia,SKU-9636,Customer Success Manager,,,,,,,,,REF-6792,priya.garcia@sampleco.test,,,,Active,,,100073,100256,100117,,,,,,,,Other,100007,,,,100469,,,skyler.patel@sampleco.test,jordan.ashby@acme-fake.test,Re-engagement,100130,Brightpath Foods Corp,Beta,100509,,,,,,,,,,,,
100405,Contact,102393,taylor.haddad@sampleco.test,Rahul Mercer,2024-06-24 15:26:00,marco.ashby@demomail.test,Mei Larsson,2025-01-02 19:13:00,sofia.patel@sampleco.test,Chen Costa,2024-08-04 09:41:00,marco.ashby@sampleco.test,Reese Larsson,2026-05-17 23:41:00,Y,Sofia Okafor,Arjun Blake,Skyler Larsson,,Accountant,,,,Delta,,,,,LOT-5815,skyler.larsson@examplecorp.test,,,,Active,100120,100654,100696,100565,,TAG-8768,,,,100484,,,Standard,100683,,,Standard,100558,100599,,aisha.costa@sampleco.test,marco.larsson@examplecorp.test,Product Update,100645,,Other,100732,,,,,,,,,,,,
100156,Contact,102394,sofia.patel@demomail.test,Priya Blake,2024-07-19 06:45:00,jordan.rossi@sampleco.test,Rowan Okafor,2024-07-04 21:35:00,nina.reyes@examplecorp.test,Priya Costa,2023-12-01 02:29:00,noah.ivanov@examplecorp.test,Noah Ivanov,2026-07-27 20:33:00,Y,Sofia Haddad,Diego Vance,Taylor Cohen,TAG-3189,Payroll Specialist,,,,,,,,SKU-1403,TAG-8787,taylor.cohen@examplecorp.test,,,,Active,,100689,100645,,100694,,,,,,,100608,Gamma,100721,,,,100325,100196,,rahul.ashby@sampleco.test,fatima.blake@demomail.test,Quarterly Newsletter,100730,Ironwood Analytics Co,Delta,100551,,5,,,,,,,,,Y,
100733,Contact,102396,elena.larsson@demomail.test,Taylor Vance,2025-10-24 20:22:00,noah.ivanov@examplecorp.test,Jordan Costa,2023-09-11 16:48:00,jamie.ivanov@sampleco.test,Arjun Rossi,2024-08-22 15:41:00,quinn.calder@demomail.test,Avery Haddad,2024-01-20 16:24:00,Y,Casey Whitfield,Elena Haddad,Morgan Okafor,SKU-3675,Operations Associate,,,,,,,,REF-4744,SKU-5498,morgan.okafor@acme-fake.test,,,,Active,100149,,100650,100593,,,,,,100751,,,Delta,100522,,,Gamma,,100528,,fatima.ford@examplecorp.test,diego.sloan@demomail.test,Quarterly Newsletter,100106,Beacon Analytics LLC,Alpha,100410,,,,,,,,,,,Y,Y
100421,Contact,102397,marco.ford@examplecorp.test,Yara Calder,2026-02-08 23:33:00,priya.blake@acme-fake.test,Priya Brooks,2025-03-14 08:19:00,marco.ivanov@sampleco.test,Rowan Larsson,2025-05-23 10:47:00,yara.ashby@sampleco.test,Jamie Reyes,2023-10-14 17:40:00,Y,Jamie Silva,Noah Rossi,Mei Sato,TAG-4133,Payroll Specialist,,,,,,,,,SKU-4914,mei.sato@sampleco.test,,,,Active,,100087,100551,,100503,,,,,100079,,100165,Gamma,100103,,,,,,,jamie.sloan@sampleco.test,skyler.dorsey@demomail.test,Event Invite,100732,,,100665,,,,8,,,,,,,,
100572,Contact,102400,sofia.ivanov@examplecorp.test,Marco Vance,2025-08-08 03:40:00,rowan.mensah@demomail.test,Emerson Garcia,2022-12-08 02:11:00,jordan.blake@sampleco.test,Taylor Haddad,2025-05-27 03:55:00,mei.ivanov@examplecorp.test,Mei Sato,2024-02-15 07:06:00,Y,Riley Okafor,Drew Sato,Casey Calder,SKU-2653,Financial Analyst,,,,,,,,SKU-2880,TAG-6340,casey.calder@demomail.test,,,,Active,100196,100137,100172,100386,100680,,,,,100470,,100315,Beta,100246,,,Beta,100643,100253,,drew.patel@acme-fake.test,avery.reyes@sampleco.test,Re-engagement,100484,Cobalt Foods Inc,Gamma,,,,,,,,101861,,,,Y,
100079,Contact,102401,marco.reyes@acme-fake.test,Riley Sato,2024-12-10 12:24:00,alex.ford@acme-fake.test,Taylor Garcia,2024-08-15 08:33:00,reese.vance@sampleco.test,Taylor Mensah,2026-05-12 19:20:00,morgan.sloan@acme-fake.test,Rowan Larsson,2024-08-09 09:34:00,Y,Riley Kim,Avery Patel,Jordan Blake,,Accountant,,,,,,,,SKU-7073,SKU-4896,jordan.blake@sampleco.test,,,,Active,,,100065,100484,,,,,,,,100043,Alpha,100322,,,Delta,,,,avery.calder@sampleco.test,noah.patel@demomail.test,Event Invite,100275,Everest Labs Group,Standard,100420,,,,,,,101807,,,,Y,
100448,Contact,102402,rowan.patel@sampleco.test,Jordan Mensah,2023-04-10 04:52:00,chen.costa@sampleco.test,Chen Sato,2024-12-18 05:56:00,mei.costa@acme-fake.test,Rahul Garcia,2024-05-25 04:57:00,yara.patel@acme-fake.test,Fatima Calder,2026-07-25 18:47:00,Y,Sofia Whitfield,Morgan Calder,Riley Ford,REF-8190,Data Analyst,,,,,,,,LOT-8172,TAG-7520,riley.ford@examplecorp.test,,,,Active,100340,,100271,100077,,,,,,,,,Other,100047,,,Beta,100647,100050,,yara.nguyen@acme-fake.test,noah.reyes@examplecorp.test,Quarterly Newsletter,100332,,,100317,,,,,,,101860,,,,,
100404,Contact,102404,casey.reyes@sampleco.test,Skyler Mercer,2022-10-03 06:26:00,rowan.garcia@acme-fake.test,Aisha Cohen,2026-04-18 23:54:00,marco.whitfield@sampleco.test,Quinn Whitfield,2026-02-28 08:24:00,fatima.cohen@demomail.test,Diego Patel,2024-09-05 07:16:00,Y,Omar Brooks,Chen Brooks,Fatima Vance,LOT-7495,HR Generalist,,,,,,,,,LOT-3039,fatima.vance@examplecorp.test,,,,Active,100470,,100137,100528,,,,,,100392,,,Delta,100710,,,,,100683,,elena.ford@demomail.test,jordan.larsson@sampleco.test,Product Update,100473,Redwood Systems Ltd,,100054,,,,,,,101813,,,,,
100149,Contact,102405,rowan.garcia@acme-fake.test,Elena Garcia,2024-01-05 10:58:00,avery.ashby@acme-fake.test,Emerson Cohen,2024-11-29 22:14:00,omar.garcia@acme-fake.test,Elena Garcia,2024-01-28 05:16:00,casey.mercer@acme-fake.test,Fatima Haddad,2023-02-23 04:07:00,N,Nina Silva,Marco Cohen,Marco Mensah,SKU-4772,Data Analyst,,,,,Gamma,,,,REF-7465,marco.mensah@acme-fake.test,,,,Inactive,,,100165,,,,,,,,,100083,Delta,100311,,,Delta,,,,casey.mensah@examplecorp.test,casey.okafor@examplecorp.test,Product Update,100137,,,,,,,6,,,101873,,,,,
100665,Contact,102406,liam.ford@acme-fake.test,Aisha Costa,2025-02-05 15:10:00,emerson.larsson@acme-fake.test,Sofia Kim,2026-01-05 22:00:00,jordan.costa@examplecorp.test,Aisha Mercer,2023-05-08 05:17:00,chen.sato@acme-fake.test,Jamie Calder,2024-07-22 22:27:00,Y,Rahul Nguyen,Mei Okafor,Reese Haddad,LOT-4696,Support Specialist,,,,,,,,,REF-4701,reese.haddad@examplecorp.test,,,,Active,,100481,100404,100278,,,,,,100435,,,Alpha,100496,,,,100181,100727,,sofia.sato@demomail.test,marco.reyes@sampleco.test,Quarterly Newsletter,100458,Lakeside Partners Corp,,100750,,,,,,,,,,,,
100707,Contact,102409,marco.haddad@demomail.test,Mei Mensah,2026-02-27 20:49:00,rowan.reyes@sampleco.test,Priya Blake,2024-01-28 08:53:00,marco.mensah@demomail.test,Arjun Nguyen,2025-04-02 16:42:00,avery.larsson@acme-fake.test,Casey Ford,2025-09-19 16:55:00,Y,Arjun Costa,Casey Ford,Fatima Ivanov,SKU-8267,Accountant,,,,,,,,SKU-7196,LOT-7911,fatima.ivanov@demomail.test,,,,Active,,100532,100558,100683,,,,,,100393,,100062,Beta,100128,,,Standard,,,,nina.ashby@demomail.test,mei.kim@examplecorp.test,Renewal Nudge,100490,,,100089,,,,,,,101883,,,,,
100570,Contact,102410,quinn.brooks@demomail.test,Arjun Sato,2024-06-15 05:47:00,jamie.cohen@demomail.test,Nina Calder,2026-04-24 00:03:00,morgan.silva@acme-fake.test,Alex Cohen,2024-12-21 10:22:00,avery.okafor@sampleco.test,Aisha Silva,2023-08-04 07:00:00,Y,Emerson Sato,Omar Garcia,Avery Mensah,REF-7632,Accountant,,,,,,REF-2406,,LOT-4662,REF-3933,avery.mensah@demomail.test,,,,Active,100383,,100494,100441,100021,,,,,100667,,100149,Gamma,100421,,,Delta,,100759,,jamie.costa@acme-fake.test,liam.sato@sampleco.test,Renewal Nudge,100484,Pioneer Financial LLP,Standard,100396,,,,,,,101887,Y,,,N,
100153,Contact,102411,arjun.reyes@sampleco.test,Rahul Ashby,2026-03-30 06:08:00,liam.brooks@sampleco.test,Elena Cohen,2026-03-18 07:20:00,noah.sloan@demomail.test,Alex Mercer,2024-01-20 09:27:00,drew.dorsey@examplecorp.test,Skyler Ashby,2023-07-26 03:08:00,Y,Yara Brooks,Sofia Ivanov,Liam Ivanov,REF-6324,Support Specialist,,,,,,,,,LOT-8462,liam.ivanov@sampleco.test,,,,Active,100661,,100671,,,TAG-9348,,,,100264,,,Other,100475,,,Standard,,100005,,avery.garcia@demomail.test,arjun.vance@sampleco.test,Re-engagement,100305,Everest Financial LLP,,100454,,,,,,,,,,,N,
100182,Contact,102412,rahul.dorsey@acme-fake.test,Reese Sato,2023-06-13 15:00:00,drew.rossi@demomail.test,Priya Mercer,2025-04-06 09:17:00,mei.mensah@demomail.test,Noah Brooks,2024-07-27 03:27:00,aisha.mercer@examplecorp.test,Reese Haddad,2024-11-08 16:30:00,N,Yara Brooks,Aisha Costa,Avery Calder,SKU-4244,Operations Associate,,LOT-6332,,Alpha,,,,,LOT-2127,avery.calder@examplecorp.test,,,,Inactive,,100697,100704,100359,100762,,,,,100680,,100496,Delta,100303,,,Delta,100434,100242,,riley.larsson@demomail.test,arjun.calder@acme-fake.test,Event Invite,100558,Vertex Partners,,100645,,,,,,,101816,Y,,,Y,Y
100033,Contact,102415,mei.vance@acme-fake.test,Jamie Garcia,2023-09-07 14:19:00,aisha.rossi@examplecorp.test,Nina Mensah,2024-06-25 09:44:00,casey.patel@examplecorp.test,Liam Sato,2026-05-11 16:21:00,elena.larsson@sampleco.test,Morgan Okafor,2023-07-27 00:32:00,N,Rowan Sato,Noah Brooks,Diego Larsson,,Accountant,,,,,,,,TAG-8605,TAG-8517,diego.larsson@demomail.test,,,,Inactive,,100231,100062,100640,100357,,,,,,,100042,Beta,100404,,,Delta,100224,100291,,fatima.dorsey@demomail.test,nina.costa@acme-fake.test,Renewal Nudge,100133,Everest Networks,,,,,,,,,101805,,,,N,
100629,Contact,102416,yara.mensah@demomail.test,Quinn Garcia,2026-05-24 21:29:00,jordan.haddad@demomail.test,Alex Ivanov,2023-09-03 04:51:00,priya.ivanov@sampleco.test,Mei Nguyen,2025-06-17 16:15:00,riley.blake@demomail.test,Priya Brooks,2025-06-13 13:18:00,N,Elena Nguyen,Reese Ford,Morgan Sloan,REF-1343,Recruiter,,,,Beta,,,,TAG-6293,LOT-7549,morgan.sloan@examplecorp.test,,,,Inactive,,100208,100457,100303,100412,,,,,100188,,100123,Standard,100162,,,,100226,,,morgan.calder@acme-fake.test,reese.garcia@examplecorp.test,Product Update,100522,Atlas Ventures Corp,Other,100639,,,,,,,,,,,Y,
100359,Contact,102419,morgan.mensah@sampleco.test,Noah Ivanov,2025-11-02 18:05:00,diego.calder@acme-fake.test,Drew Ivanov,2025-11-08 08:31:00,mei.mercer@examplecorp.test,Aisha Calder,2022-10-08 11:32:00,drew.calder@examplecorp.test,Omar Rossi,2026-06-22 06:19:00,Y,Quinn Ashby,Alex Okafor,Reese Nguyen,SKU-5832,Project Manager,,,,,,,,TAG-9455,TAG-5811,reese.nguyen@examplecorp.test,,,,Active,,100300,100504,100699,100782,,,,,100100,,,Delta,100619,,,Standard,,,,alex.blake@demomail.test,elena.haddad@sampleco.test,Quarterly Newsletter,100139,,,,,,,,,,101792,,,,,
100611,Contact,102421,marco.mensah@examplecorp.test,Emerson Ashby,2025-09-15 18:24:00,elena.mensah@examplecorp.test,Alex Nguyen,2024-05-01 20:13:00,drew.brooks@acme-fake.test,Arjun Patel,2023-09-13 11:47:00,riley.larsson@sampleco.test,Liam Sato,2025-03-19 16:52:00,Y,Drew Rossi,Jamie Rossi,Jamie Nguyen,TAG-9771,Operations Associate,,,,,,,,,REF-9357,jamie.nguyen@demomail.test,,,,Active,,100790,100277,,100697,,,,,,,,Alpha,100139,,,Other,100601,100033,,elena.ford@acme-fake.test,jordan.whitfield@demomail.test,Event Invite,100062,Brightpath Foods,,100350,,,,,,,101827,,,,N,
100656,Contact,102424,fatima.dorsey@demomail.test,Drew Patel,2025-02-26 01:11:00,yara.mercer@examplecorp.test,Rowan Okafor,2025-02-26 02:50:00,rahul.kim@sampleco.test,Rowan Garcia,2024-07-02 23:11:00,quinn.ashby@examplecorp.test,Casey Costa,2023-02-19 15:06:00,Y,Alex Larsson,Diego Cohen,Morgan Mensah,SKU-7873,Customer Success Manager,,,,,,,,,SKU-7928,morgan.mensah@sampleco.test,,,,Active,,100658,100054,100068,100750,,,,,100522,,,Alpha,100286,,,Other,100092,,,mei.vance@demomail.test,elena.rossi@demomail.test,Renewal Nudge,100613,,Alpha,100229,,,,,,,101862,,,,N,
100718,Contact,102426,aisha.blake@acme-fake.test,Jordan Silva,2025-07-29 05:40:00,arjun.ivanov@demomail.test,Marco Whitfield,2022-10-18 11:36:00,aisha.ford@sampleco.test,Chen Blake,2025-09-13 20:16:00,priya.kim@sampleco.test,Taylor Haddad,2026-03-19 15:52:00,Y,Reese Garcia,Noah Garcia,Rahul Whitfield,LOT-7089,Bookkeeper,,,,,,,,,LOT-8765,rahul.whitfield@demomail.test,,,,Active,100475,100779,100061,100672,,,,,,100134,,100173,Standard,100691,,,Standard,,100322,,arjun.vance@demomail.test,chen.patel@examplecorp.test,Product Update,100291,,Standard,100683,,,,,,,,,,,,
100392,Contact,102427,liam.garcia@sampleco.test,Chen Whitfield,2024-05-03 18:13:00,nina.reyes@acme-fake.test,Liam Blake,2025-02-03 03:18:00,omar.cohen@examplecorp.test,Drew Haddad,2024-12-28 08:45:00,jamie.haddad@demomail.test,Jamie Blake,2023-03-22 08:09:00,N,Fatima Mensah,Riley Costa,Avery Blake,TAG-9700,Payroll Specialist,,TAG-5062,,,,,,SKU-7712,SKU-7592,avery.blake@examplecorp.test,,,,Inactive,100596,,100062,,100152,,,,,100776,,,Gamma,100457,,,,100428,100516,,jamie.mensah@demomail.test,liam.ford@acme-fake.test,Quarterly Newsletter,100153,Ironwood Foods Inc,Beta,,,,,,,,101860,,,,N,
100401,Contact,102430,marco.garcia@acme-fake.test,Diego Haddad,2025-09-09 00:50:00,quinn.ashby@demomail.test,Emerson Nguyen,2024-11-27 21:32:00,fatima.sloan@examplecorp.test,Omar Dorsey,2025-01-31 11:42:00,avery.ivanov@demomail.test,Jamie Rossi,2024-08-21 07:39:00,Y,Elena Ivanov,Yara Ford,Rowan Vance,REF-5253,Executive Assistant,,,,,,,,LOT-2236,TAG-2737,rowan.vance@sampleco.test,,,,Active,100016,100585,100654,100441,100061,,,,,100350,,,Other,100554,,,Delta,100173,,,yara.vance@acme-fake.test,fatima.patel@sampleco.test,Re-engagement,100753,Pioneer Textiles,Gamma,100026,,,,,,,101801,,,,Y,
100647,Contact,102431,yara.cohen@acme-fake.test,Yara Ivanov,2026-06-28 18:11:00,fatima.brooks@sampleco.test,Arjun Ford,2026-03-03 20:19:00,riley.cohen@demomail.test,Yara Blake,2024-05-08 07:48:00,rowan.vance@sampleco.test,Jamie Okafor,2024-10-13 21:26:00,Y,Emerson Brooks,Casey Whitfield,Drew Sato,TAG-9595,Recruiter,,,,,,,,,TAG-1708,drew.sato@sampleco.test,,,,Active,100435,100512,100120,,,,,,,100264,,,Gamma,100432,,Y,Delta,,,,quinn.ford@examplecorp.test,skyler.ivanov@examplecorp.test,Product Update,100371,,Other,100357,,,,,,,101834,,,,N,
100570,Contact,102434,mei.vance@sampleco.test,Morgan Silva,2023-04-16 10:14:00,diego.dorsey@demomail.test,Nina Whitfield,2024-03-22 11:23:00,priya.ford@acme-fake.test,Reese Cohen,2023-05-25 09:12:00,emerson.garcia@demomail.test,Chen Okafor,2025-02-15 23:20:00,Y,Emerson Sloan,Chen Whitfield,Riley Mensah,SKU-9038,Marketing Coordinator,,,,,,,,SKU-4303,TAG-9646,riley.mensah@examplecorp.test,,,,Active,100315,100369,100761,,,,,,,,,,Alpha,100680,,,Alpha,,100565,,arjun.cohen@demomail.test,rowan.reyes@examplecorp.test,Event Invite,100385,,,100428,,,,,,,,,,,Y,
100067,Contact,102436,yara.mercer@sampleco.test,Rahul Kim,2026-03-31 15:15:00,yara.mensah@demomail.test,Rahul Calder,2023-04-20 04:34:00,noah.haddad@sampleco.test,Elena Rossi,2025-06-21 07:03:00,yara.larsson@examplecorp.test,Sofia Patel,2025-09-12 06:37:00,Y,Reese Garcia,Emerson Ivanov,Quinn Mercer,TAG-8844,Support Specialist,,,,,,,,SKU-3942,REF-7548,quinn.mercer@demomail.test,,,,Active,,100545,100210,100632,100349,,,,,100453,,100724,Alpha,100634,,,Standard,,,,marco.sato@acme-fake.test,taylor.dorsey@sampleco.test,Quarterly Newsletter,100296,Beacon Solutions Corp,Alpha,,,,,,,,,,,,,
100309,Contact,102437,fatima.nguyen@sampleco.test,Omar Mensah,2022-11-17 09:22:00,drew.brooks@acme-fake.test,Jordan Larsson,2024-07-28 20:16:00,riley.silva@sampleco.test,Nina Rossi,2024-03-28 03:26:00,riley.kim@acme-fake.test,Sofia Silva,2025-08-01 17:04:00,Y,Nina Costa,Rowan Cohen,Sofia Ford,SKU-4711,Data Analyst,,,,,,,,,SKU-8093,sofia.ford@acme-fake.test,,,,Active,100244,100423,100660,,100599,,,,,100026,,100236,Beta,100211,,Y,Alpha,100405,,,emerson.patel@examplecorp.test,taylor.ashby@acme-fake.test,Quarterly Newsletter,100467,,Beta,100741,,,,,,,,,,,,
100566,Contact,102440,nina.nguyen@demomail.test,Taylor Patel,2025-07-04 08:12:00,skyler.ford@examplecorp.test,Rahul Silva,2023-01-10 23:34:00,nina.ashby@sampleco.test,Rahul Dorsey,2023-04-09 10:58:00,priya.rossi@sampleco.test,Drew Garcia,2023-02-02 15:23:00,Y,Arjun Kim,Quinn Brooks,Taylor Silva,TAG-2103,Software Developer,,,,,,,,LOT-7505,REF-5257,taylor.silva@demomail.test,,,,Active,100092,,100083,100421,100467,,,,,,,100103,Gamma,100343,,,Beta,,,,avery.mensah@acme-fake.test,quinn.larsson@examplecorp.test,Quarterly Newsletter,100768,Summit Logistics Co,Beta,100434,,,,,,,,,,,Y,
100398,Contact,102443,diego.whitfield@sampleco.test,Elena Sato,2023-01-29 02:41:00,marco.blake@demomail.test,Priya Mercer,2022-10-07 11:51:00,quinn.brooks@demomail.test,Avery Silva,2023-10-19 07:59:00,reese.ashby@acme-fake.test,Jordan Okafor,2024-05-29 15:21:00,Y,Reese Dorsey,Jamie Ford,Emerson Mercer,SKU-7079,Data Analyst,,,,,,,,LOT-8592,LOT-9622,emerson.mercer@sampleco.test,,,,Active,100468,100564,100147,100509,,,,,,,,100704,Standard,100117,,,Standard,100156,100350,,sofia.reyes@examplecorp.test,skyler.larsson@demomail.test,Quarterly Newsletter,100490,,Gamma,100627,,,,,,,101881,,,,,
100624,Contact,102444,jamie.reyes@examplecorp.test,Jamie Silva,2026-06-02 13:12:00,skyler.reyes@demomail.test,Priya Sloan,2026-05-10 19:32:00,riley.ford@examplecorp.test,Reese Kim,2023-01-31 00:15:00,rahul.haddad@sampleco.test,Casey Brooks,2025-09-16 20:13:00,Y,Omar Whitfield,Chen Sloan,Nina Vance,TAG-5918,Support Specialist,,,,,,REF-6920,,,TAG-1170,nina.vance@demomail.test,,,,Active,,,100256,100215,,,,,,100576,,100071,Alpha,100061,,,,,100768,,marco.haddad@sampleco.test,chen.whitfield@acme-fake.test,Re-engagement,100050,,Delta,,,,,,,,101830,,,,N,
100076,Contact,102446,quinn.whitfield@sampleco.test,Mei Kim,2025-02-22 16:19:00,taylor.whitfield@sampleco.test,Mei Sloan,2023-11-14 09:54:00,jamie.kim@examplecorp.test,Jamie Dorsey,2024-11-18 20:44:00,mei.nguyen@demomail.test,Fatima Nguyen,2024-12-16 20:59:00,Y,Drew Patel,Elena Ford,Priya Ford,REF-6231,Customer Success Manager,,,,,,,8639,,SKU-3138,priya.ford@examplecorp.test,,,,Active,,100009,100471,100475,100718,,,,,100467,,,Other,100221,,,,100203,100478,,morgan.mensah@sampleco.test,arjun.patel@demomail.test,Re-engagement,100632,Horizon Health Group,,,,,,9,,,101889,,,,Y,
100420,Contact,102448,marco.garcia@examplecorp.test,Aisha Sloan,2023-07-29 19:05:00,reese.silva@demomail.test,Skyler Sloan,2023-02-21 13:22:00,avery.sato@examplecorp.test,Priya Blake,2023-05-08 23:11:00,emerson.sloan@examplecorp.test,Riley Mercer,2024-05-03 22:47:00,Y,Liam Vance,Avery Nguyen,Jordan Costa,SKU-9650,Customer Success Manager,,,,,,,1534,LOT-6451,LOT-7531,jordan.costa@sampleco.test,,,,Active,,,100401,100724,100345,,,,,,,,Other,100194,,,Standard,,100352,,alex.okafor@demomail.test,nina.silva@acme-fake.test,Product Update,100211,Atlas Media Co,,,,,,,,,101830,,,,,
100295,Contact,102451,marco.ashby@examplecorp.test,Rahul Cohen,2024-08-16 21:57:00,arjun.costa@demomail.test,Alex Ivanov,2025-11-10 15:38:00,yara.brooks@demomail.test,Skyler Haddad,2023-02-28 05:23:00,jamie.calder@acme-fake.test,Sofia Calder,2023-05-31 16:11:00,Y,Priya Costa,Quinn Ashby,Alex Calder,LOT-3387,Bookkeeper,,,,,,,,,TAG-3240,alex.calder@sampleco.test,,,,Active,100210,,100414,,100106,,,,,,,,Alpha,100043,,Y,,100640,,,rahul.sato@demomail.test,emerson.dorsey@demomail.test,Quarterly Newsletter,100756,Cardinal Textiles Inc,Delta,,,,,,,,101867,,,,N,
100619,Contact,102454,omar.ashby@sampleco.test,Drew Sato,2025-09-02 04:14:00,riley.patel@examplecorp.test,Aisha Vance,2022-12-29 18:09:00,aisha.cohen@sampleco.test,Morgan Brooks,2025-12-30 04:22:00,emerson.ford@demomail.test,Fatima Okafor,2022-12-31 08:00:00,N,Priya Haddad,Noah Calder,Alex Sloan,SKU-8595,Bookkeeper,,,,,,,,TAG-4661,TAG-1964,alex.sloan@acme-fake.test,,,,Inactive,100404,100257,100128,100123,,,,,,100158,,100315,Gamma,100295,,,,100035,,,yara.whitfield@acme-fake.test,reese.ford@examplecorp.test,Event Invite,100697,,,100635,,,,,,,,,,,,N
100130,Contact,102456,aisha.haddad@examplecorp.test,Noah Ashby,2023-09-04 23:19:00,emerson.dorsey@demomail.test,Rahul Reyes,2023-08-13 01:31:00,casey.mercer@acme-fake.test,Omar Kim,2022-10-15 08:36:00,aisha.mensah@examplecorp.test,Reese Nguyen,2024-04-02 01:30:00,Y,Taylor Dorsey,Quinn Mercer,Omar Dorsey,SKU-6499,Operations Associate,,,,,,,,,REF-7016,omar.dorsey@sampleco.test,,,,Active,,100647,100371,100449,100696,LOT-4334,,,,100726,,100574,Standard,100210,,,Standard,100028,100087,,rahul.rossi@sampleco.test,arjun.dorsey@acme-fake.test,Event Invite,100634,,,,,,,,,,101836,,,,N,
100119,Contact,102459,emerson.okafor@examplecorp.test,Nina Vance,2023-12-17 05:40:00,alex.mensah@examplecorp.test,Elena Larsson,2024-11-22 04:43:00,quinn.cohen@acme-fake.test,Alex Ivanov,2024-05-29 12:51:00,skyler.ivanov@acme-fake.test,Emerson Ford,2024-05-06 12:04:00,N,Arjun Blake,Jordan Ivanov,Jordan Garcia,TAG-8079,Recruiter,,,,,,,8208,,REF-7850,jordan.garcia@examplecorp.test,,,,Inactive,100120,,100026,,100665,,,,,100043,,,Alpha,100398,,,,100082,100638,,morgan.sloan@acme-fake.test,taylor.costa@examplecorp.test,Event Invite,100345,Redwood Logistics Co,,,,,,,,,,,,,N,
100639,Contact,102460,reese.garcia@examplecorp.test,Jamie Mensah,2023-12-12 11:00:00,jordan.sato@acme-fake.test,Alex Mensah,2025-06-17 20:33:00,morgan.kim@acme-fake.test,Sofia Vance,2023-03-15 01:53:00,rahul.dorsey@acme-fake.test,Drew Ivanov,2024-07-12 19:31:00,Y,Skyler Vance,Sofia Whitfield,Nina Larsson,SKU-2642,Customer Success Manager,,,,,,,,LOT-8297,LOT-3680,nina.larsson@demomail.test,,,,Active,,,100191,,100624,,,,,100498,,100471,Other,100516,,,Standard,100156,100718,,emerson.vance@examplecorp.test,morgan.brooks@acme-fake.test,Event Invite,100371,Keystone Foods Inc,Beta,,,,,0,,,101853,,,,,
100745,Contact,102461,casey.dorsey@examplecorp.test,Elena Sloan,2024-05-09 22:22:00,riley.dorsey@sampleco.test,Fatima Mercer,2026-04-24 20:31:00,avery.haddad@examplecorp.test,Quinn Ashby,2023-02-09 01:10:00,jordan.sloan@examplecorp.test,Mei Okafor,2026-06-28 03:33:00,Y,Elena Costa,Quinn Patel,Quinn Kim,,Bookkeeper,,,,,,TAG-8444,,,REF-6273,quinn.kim@acme-fake.test,,,,Active,,100519,100335,100162,100775,,,,,100552,,,Other,100295,,,Delta,100438,100389,,sofia.blake@acme-fake.test,noah.brooks@examplecorp.test,Re-engagement,100774,,Alpha,100054,,,,4,,,101827,,,,N,
100325,Contact,102463,emerson.haddad@demomail.test,Emerson Ford,2023-03-02 20:25:00,reese.garcia@acme-fake.test,Yara Calder,2025-01-22 15:47:00,chen.ashby@acme-fake.test,Emerson Nguyen,2023-07-23 19:05:00,arjun.reyes@acme-fake.test,Alex Sato,2023-09-28 10:04:00,N,Sofia Mercer,Yara Mercer,Casey Blake,SKU-2681,Software Developer,,,,,,,,REF-7487,SKU-7247,casey.blake@examplecorp.test,,,,Inactive,100062,,100509,100570,,,,,,,,,Other,100215,,,,100599,,,yara.patel@examplecorp.test,sofia.mercer@sampleco.test,Product Update,100691,,Standard,,,,,,,,101800,,,,,N
100718,Contact,102465,diego.larsson@demomail.test,Emerson Vance,2026-07-23 08:40:00,yara.silva@examplecorp.test,Diego Larsson,2023-05-08 18:05:00,nina.sloan@demomail.test,Drew Sloan,2025-08-03 14:45:00,morgan.calder@sampleco.test,Reese Rossi,2025-10-16 09:34:00,N,Sofia Patel,Arjun Cohen,Nina Calder,REF-6546,Operations Associate,,,,,Beta,,,SKU-9853,SKU-7461,nina.calder@sampleco.test,,,,Inactive,100205,,100239,,100503,,,,,,,100782,Alpha,100366,,,Other,100156,100613,,alex.silva@acme-fake.test,casey.garcia@examplecorp.test,Quarterly Newsletter,100671,Cobalt Textiles,,,,,,,,,101792,,,,,
100291,Contact,102466,jordan.haddad@demomail.test,Nina Reyes,2023-01-07 17:50:00,morgan.cohen@examplecorp.test,Avery Mensah,2025-03-06 07:35:00,avery.ivanov@demomail.test,Aisha Brooks,2025-05-01 03:50:00,casey.whitfield@acme-fake.test,Morgan Calder,2022-11-23 13:58:00,Y,Yara Calder,Aisha Sloan,Taylor Blake,REF-7334,Customer Success Manager,,,,,,,,,REF-8262,taylor.blake@acme-fake.test,,,,Active,,,100100,100579,100199,,,,,100300,,,Standard,100003,,,,100669,100528,,riley.ivanov@examplecorp.test,chen.calder@acme-fake.test,Event Invite,100627,Pioneer Textiles Group,Beta,100267,,,,,,,,,,,,
100147,Contact,102469,quinn.kim@sampleco.test,Marco Mensah,2024-09-03 22:43:00,diego.ivanov@demomail.test,Skyler Patel,2025-10-21 07:11:00,taylor.silva@sampleco.test,Casey Dorsey,2024-03-03 10:20:00,reese.dorsey@sampleco.test,Avery Cohen,2024-02-04 13:47:00,Y,Priya Mercer,Fatima Patel,Morgan Dorsey,TAG-8149,Operations Associate,,,,,,,,,REF-1016,morgan.dorsey@examplecorp.test,,,,Active,,,100372,100328,100208,,,,,,,100047,Gamma,100169,,,,100181,,,alex.calder@sampleco.test,priya.vance@demomail.test,Quarterly Newsletter,100047,Pioneer Group Co,,100570,,5,4,,,,,,,,,
100073,Contact,102472,drew.kim@examplecorp.test,Fatima Larsson,2026-05-02 22:33:00,skyler.costa@demomail.test,Morgan Patel,2025-01-22 03:48:00,elena.mercer@demomail.test,Skyler Patel,2022-10-17 02:51:00,marco.mensah@acme-fake.test,Elena Costa,2026-06-04 20:43:00,N,Riley Garcia,Morgan Sato,Noah Garcia,SKU-3236,HR Generalist,,,,,,,,LOT-6115,TAG-8255,noah.garcia@demomail.test,,,,Inactive,100359,,100768,,,,,,,100578,,100309,Other,100221,,,Standard,100067,,,aisha.silva@demomail.test,omar.reyes@examplecorp.test,Quarterly Newsletter,100569,,,100005,,,,,,,101800,,,,,
100525,Contact,102473,reese.haddad@acme-fake.test,Mei Ashby,2024-06-15 13:02:00,elena.rossi@demomail.test,Jordan Dorsey,2023-06-04 07:11:00,emerson.sloan@sampleco.test,Rahul Mercer,2022-11-02 03:30:00,omar.sloan@demomail.test,Noah Reyes,2024-10-01 02:35:00,Y,Mei Haddad,Alex Haddad,Liam Calder,REF-9275,Customer Success Manager,,,Gamma,,Gamma,,,,REF-3881,liam.calder@sampleco.test,,,,Active,,100100,100735,100410,,,,,,,,,Beta,100201,,,Standard,,100188,,taylor.vance@demomail.test,arjun.ashby@demomail.test,Quarterly Newsletter,100737,,Beta,100229,,,,,,,,,,,,
100134,Contact,102476,taylor.cohen@acme-fake.test,Quinn Vance,2023-06-28 13:14:00,arjun.garcia@sampleco.test,Arjun Dorsey,2024-04-18 16:56:00,arjun.blake@demomail.test,Jordan Haddad,2025-12-01 20:24:00,alex.larsson@demomail.test,Diego Vance,2024-06-11 15:00:00,Y,Nina Ashby,Skyler Silva,Nina Ford,REF-6665,Customer Success Manager,,,,,,,,,TAG-5852,nina.ford@sampleco.test,,,,Active,,,100538,100071,100481,,,,,,,,Beta,100710,,,Other,100320,100335,,rowan.reyes@acme-fake.test,taylor.mercer@sampleco.test,Event Invite,100775,Copper Group LLC,,100704,,,,,,,101800,,,,,
100295,Contact,102477,elena.reyes@sampleco.test,Quinn Calder,2023-09-03 19:43:00,emerson.whitfield@sampleco.test,Nina Rossi,2025-12-14 02:36:00,marco.kim@demomail.test,Elena Ashby,2025-06-28 00:46:00,sofia.vance@examplecorp.test,Fatima Mensah,2024-01-13 00:17:00,Y,Liam Costa,Reese Patel,Fatima Cohen,TAG-8538,Bookkeeper,,,,,,,,,REF-5685,fatima.cohen@examplecorp.test,,,,Active,100449,100694,100688,,100658,,,,,,,100378,Other,100572,,,Gamma,,100365,,jamie.cohen@sampleco.test,priya.ashby@acme-fake.test,Event Invite,100260,Redwood Robotics Inc,Beta,,,,,,,,,,,,,
100322,Contact,102480,emerson.ford@examplecorp.test,Chen Brooks,2025-07-23 06:27:00,rowan.mercer@demomail.test,Avery Garcia,2023-05-28 13:25:00,morgan.larsson@acme-fake.test,Yara Nguyen,2023-03-31 19:01:00,morgan.ashby@acme-fake.test,Nina Mercer,2024-02-23 21:34:00,Y,Chen Patel,Arjun Okafor,Fatima Costa,REF-9922,Software Developer,,,,,,,,TAG-2875,SKU-9296,fatima.costa@examplecorp.test,,,,Active,100162,,100047,100412,,TAG-1523,,,,100365,,,Standard,100578,,,,,100267,,noah.silva@demomail.test,taylor.rossi@acme-fake.test,Product Update,100412,,Beta,,,,,,,,,,,,Y,
100650,Contact,102482,riley.sato@examplecorp.test,Nina Ivanov,2025-04-24 08:14:00,jordan.costa@sampleco.test,Mei Patel,2026-01-17 14:25:00,emerson.calder@demomail.test,Mei Silva,2023-03-03 23:20:00,elena.sato@examplecorp.test,Rahul Ivanov,2025-08-12 02:59:00,Y,Sofia Silva,Casey Cohen,Quinn Ivanov,SKU-5991,Data Analyst,,,,,,,,,REF-4123,quinn.ivanov@examplecorp.test,,,,Active,100514,100700,100120,100147,,,,,,100432,,100590,Other,100335,,,Alpha,,,,rowan.sloan@examplecorp.test,chen.mensah@sampleco.test,Quarterly Newsletter,100461,,Standard,,,,,,,,,,,,N,
100355,Contact,102485,yara.nguyen@demomail.test,Avery Silva,2025-10-31 04:22:00,rowan.garcia@sampleco.test,Nina Ashby,2025-08-18 04:46:00,yara.vance@examplecorp.test,Nina Mensah,2025-08-04 19:15:00,reese.kim@demomail.test,Diego Brooks,2023-07-17 11:01:00,Y,Chen Larsson,Yara Ford,Drew Whitfield,TAG-3631,Data Analyst,,SKU-8387,,,,,,,REF-5795,drew.whitfield@examplecorp.test,,,,Active,,,100726,100193,100296,,,,,100507,,100147,Beta,100622,,,Beta,100140,,,rahul.blake@sampleco.test,jamie.reyes@sampleco.test,Event Invite,100647,,Alpha,100239,,,,,,,101812,,,,N,Y
100652,Contact,102486,priya.cohen@examplecorp.test,Rahul Ashby,2023-08-29 08:09:00,marco.brooks@sampleco.test,Chen Ford,2024-08-03 14:55:00,taylor.whitfield@sampleco.test,Morgan Rossi,2026-03-27 09:47:00,riley.mercer@examplecorp.test,Arjun Patel,2024-04-02 08:30:00,Y,Omar Kim,Rowan Sato,Morgan Ivanov,SKU-1683,Marketing Coordinator,,,,,,,,LOT-5448,LOT-2293,morgan.ivanov@demomail.test,,,,Active,100393,,100103,100194,,,,,,100713,,,Other,100465,,,Standard,100550,100386,,rahul.kim@examplecorp.test,rahul.vance@examplecorp.test,Re-engagement,100199,,,,,,,,,,101875,N,,,,
100532,Contact,102488,sofia.nguyen@examplecorp.test,Jordan Costa,2024-12-09 16:37:00,marco.larsson@demomail.test,Avery Costa,2024-07-05 04:37:00,rowan.reyes@demomail.test,Skyler Blake,2023-06-01 08:29:00,diego.sloan@acme-fake.test,Elena Dorsey,2024-07-21 19:55:00,Y,Aisha Brooks,Alex Sato,Jordan Ashby,SKU-2212,Recruiter,,,,,,,,REF-8916,REF-5580,jordan.ashby@demomail.test,,,,Active,100776,,100252,,100079,,,,,100403,,100432,Other,100640,,,,,100314,,chen.okafor@sampleco.test,nina.sato@sampleco.test,Event Invite,100340,Meridian Solutions Ltd,Alpha,,,,,,,,101853,,,,,
100735,Contact,102491,casey.patel@acme-fake.test,Jamie Sloan,2023-05-28 08:41:00,drew.whitfield@sampleco.test,Elena Haddad,2025-12-19 09:49:00,omar.okafor@acme-fake.test,Morgan Garcia,2023-04-25 00:36:00,liam.brooks@acme-fake.test,Noah Reyes,2024-10-13 09:17:00,N,Taylor Blake,Fatima Garcia,Chen Nguyen,LOT-1633,Financial Analyst,,,Gamma,,,,,,LOT-2607,chen.nguyen@examplecorp.test,,,,Inactive,,,100774,100514,100173,,,,,,,,Beta,100219,,,,100790,,,quinn.whitfield@acme-fake.test,sofia.patel@examplecorp.test,Renewal Nudge,100264,Horizon Textiles LLC,Alpha,,,,,,,,101813,,,,,
100512,Contact,102493,fatima.ashby@sampleco.test,Marco Reyes,2024-01-12 02:22:00,morgan.vance@sampleco.test,Emerson Calder,2024-03-29 11:31:00,taylor.rossi@examplecorp.test,Drew Dorsey,2023-04-26 23:17:00,elena.nguyen@examplecorp.test,Omar Ashby,2023-06-28 14:25:00,Y,Marco Brooks,Marco Ashby,Diego Sloan,REF-9339,Customer Success Manager,,,,,,,,,TAG-1694,diego.sloan@demomail.test,,,,Active,100298,100362,100311,100468,100418,,,,,100055,,100423,Gamma,100753,,Y,Delta,100421,100702,,yara.ivanov@examplecorp.test,taylor.rossi@examplecorp.test,Re-engagement,100472,,,,,,,,,,,,,,,N
100117,Contact,102495,liam.sloan@demomail.test,Fatima Ivanov,2024-03-16 13:08:00,jordan.ashby@examplecorp.test,Nina Ivanov,2024-06-24 20:03:00,taylor.calder@acme-fake.test,Reese Patel,2025-07-15 19:35:00,rahul.garcia@acme-fake.test,Nina Garcia,2024-12-12 17:18:00,Y,Aisha Silva,Noah Blake,Rahul Blake,REF-9781,HR Generalist,,,,Other,,,,,TAG-4732,rahul.blake@examplecorp.test,,,,Active,,,100120,100590,,,,,,100325,,100561,Other,100733,,,Alpha,100791,,,avery.nguyen@demomail.test,noah.silva@sampleco.test,Renewal Nudge,100669,,Delta,100211,,,4,,,,101875,,,,Y,
100487,Contact,102498,drew.rossi@sampleco.test,Skyler Blake,2026-07-27 06:07:00,diego.reyes@acme-fake.test,Rowan Ashby,2023-05-07 21:47:00,elena.rossi@examplecorp.test,Marco Blake,2025-02-12 20:54:00,nina.vance@sampleco.test,Mei Vance,2023-02-11 20:30:00,Y,Jamie Ivanov,Liam Reyes,Jordan Blake,SKU-7528,Software Developer,,,,,Delta,,,,LOT-1134,jordan.blake@demomail.test,,,,Active,,100130,100699,100149,,,,,,100305,,100613,Delta,100264,,,Beta,100233,,,fatima.patel@demomail.test,taylor.sloan@acme-fake.test,Quarterly Newsletter,100096,,Beta,100371,,1,,,,,101887,,,,N,
100717,Contact,102500,yara.patel@acme-fake.test,Quinn Sato,2022-11-22 13:35:00,chen.blake@demomail.test,Taylor Kim,2026-01-04 11:14:00,rahul.larsson@examplecorp.test,Taylor Nguyen,2025-12-18 14:51:00,omar.ivanov@acme-fake.test,Priya Sloan,2024-04-13 05:10:00,Y,Casey Okafor,Priya Kim,Jamie Haddad,TAG-8713,Customer Success Manager,,,,,,,,REF-2961,TAG-1530,jamie.haddad@demomail.test,,,,Active,100299,100675,100361,100330,100403,,,,,,,100382,Gamma,100332,,Y,,,,,marco.ford@examplecorp.test,yara.silva@sampleco.test,Quarterly Newsletter,100194,,,,,,,,,,101846,,,,N,
100525,Contact,102501,omar.mercer@examplecorp.test,Mei Kim,2024-03-30 22:58:00,marco.silva@examplecorp.test,Jamie Sloan,2023-11-13 03:21:00,rowan.blake@sampleco.test,Yara Patel,2023-08-18 21:13:00,arjun.costa@demomail.test,Sofia Ashby,2025-03-06 17:06:00,N,Casey Sato,Alex Haddad,Omar Garcia,LOT-4701,Recruiter,,,,,,,,,SKU-5138,omar.garcia@examplecorp.test,,,,Inactive,100068,100496,100252,100168,,TAG-6224,,,,,,,Alpha,100156,,,Beta,100106,100335,,rahul.costa@demomail.test,yara.vance@sampleco.test,Re-engagement,100568,,Beta,,,,3,,,,,,,,Y,
100031,Contact,102502,chen.whitfield@acme-fake.test,Riley Whitfield,2025-12-24 20:52:00,priya.sato@acme-fake.test,Omar Blake,2022-10-25 08:48:00,emerson.ivanov@acme-fake.test,Riley Vance,2025-07-12 20:34:00,elena.brooks@sampleco.test,Riley Garcia,2024-01-23 16:27:00,Y,Omar Brooks,Fatima Sloan,Skyler Blake,SKU-1872,HR Generalist,,,,,Delta,,,,TAG-4157,skyler.blake@sampleco.test,,,,Active,100697,100178,100779,,,,,,,100519,,100125,Delta,100053,,,Other,100761,100067,,rowan.ivanov@demomail.test,skyler.reyes@acme-fake.test,Renewal Nudge,100532,,,100496,,3,,,,,101858,,,,N,
100021,Contact,102504,diego.okafor@sampleco.test,Emerson Ford,2026-06-09 10:08:00,morgan.mensah@sampleco.test,Riley Ford,2023-09-29 18:13:00,omar.larsson@sampleco.test,Quinn Whitfield,2025-03-03 05:03:00,drew.cohen@sampleco.test,Aisha Nguyen,2024-01-08 05:57:00,Y,Riley Okafor,Morgan Sloan,Liam Ford,SKU-1106,Project Manager,,,,,,,,,LOT-6676,liam.ford@examplecorp.test,,,,Active,100155,,100046,100702,,,,,,100611,,100445,Alpha,100490,,,Beta,100031,100599,,nina.cohen@acme-fake.test,drew.ivanov@acme-fake.test,Quarterly Newsletter,100125,,,100068,,,,,,,101883,,,,Y,Y
100696,Contact,102506,fatima.cohen@demomail.test,Alex Silva,2026-03-31 05:20:00,chen.larsson@demomail.test,Mei Ashby,2023-09-14 04:54:00,riley.mercer@acme-fake.test,Chen Sato,2025-05-30 15:53:00,noah.ashby@sampleco.test,Diego Haddad,2025-07-23 00:08:00,Y,Marco Vance,Emerson Mercer,Alex Brooks,,Accountant,,,,,,,,,TAG-8663,alex.brooks@demomail.test,,,,Active,,100613,100094,100689,100349,,,,,100439,,,Other,100123,,,Standard,,,,elena.mensah@examplecorp.test,sofia.brooks@demomail.test,Renewal Nudge,100082,,Beta,,,,,10,,,,,,,,N
100325,Contact,102508,jordan.sato@sampleco.test,Yara Blake,2025-02-01 08:39:00,drew.whitfield@sampleco.test,Sofia Haddad,2024-02-05 02:02:00,noah.silva@acme-fake.test,Mei Sato,2023-08-22 07:15:00,arjun.brooks@sampleco.test,Mei Blake,2024-08-23 18:50:00,Y,Nina Garcia,Rahul Silva,Morgan Larsson,TAG-3280,Project Manager,,LOT-7594,,,,,,,SKU-7980,morgan.larsson@sampleco.test,,,,Active,100168,100178,100155,100340,,LOT-1912,,,,100029,,,Other,100169,,,Standard,100648,100067,,morgan.larsson@sampleco.test,casey.garcia@acme-fake.test,Re-engagement,100082,,Beta,100441,,,,,,,101888,,,,N,
100727,Contact,102509,diego.dorsey@demomail.test,Marco Kim,2023-07-07 10:05:00,noah.ashby@examplecorp.test,Alex Cohen,2026-04-15 10:20:00,sofia.brooks@examplecorp.test,Mei Rossi,2024-10-05 13:41:00,skyler.reyes@examplecorp.test,Casey Costa,2026-03-03 07:46:00,Y,Alex Costa,Drew Sato,Fatima Garcia,SKU-7713,Project Manager,,,,,,LOT-8445,3331,LOT-4800,LOT-3032,fatima.garcia@acme-fake.test,,,,Active,100745,100273,100438,,100058,,,,,,,100619,Delta,100215,,,,,100472,,liam.cohen@examplecorp.test,omar.cohen@demomail.test,Quarterly Newsletter,100418,,,,,,,,,,101817,N,,,N,
100296,Contact,102510,nina.ivanov@examplecorp.test,Omar Mercer,2022-11-24 16:22:00,fatima.garcia@acme-fake.test,Rahul Dorsey,2025-02-05 23:09:00,aisha.sloan@sampleco.test,Noah Ford,2024-02-05 00:51:00,nina.larsson@sampleco.test,Jordan Patel,2025-04-25 04:08:00,N,Taylor Dorsey,Diego Costa,Sofia Whitfield,,QA Engineer,,,,Other,,,,,REF-3147,sofia.whitfield@acme-fake.test,,,,Inactive,,,100082,,100277,,,,,100071,,100473,Gamma,100385,,,,,100564,,drew.patel@sampleco.test,jamie.sato@examplecorp.test,Event Invite,100155,Granite Labs LLP,Alpha,100566,,,,,,,,,,,Y,
100429,Contact,102512,chen.nguyen@sampleco.test,Elena Blake,2022-11-12 10:32:00,liam.patel@acme-fake.test,Liam Blake,2026-07-02 04:38:00,casey.kim@sampleco.test,Alex Haddad,2024-10-10 21:25:00,liam.reyes@acme-fake.test,Yara Kim,2025-09-04 06:09:00,N,Liam Dorsey,Rahul Nguyen,Alex Haddad,REF-8311,Accountant,,,,,,,,,SKU-6118,alex.haddad@demomail.test,,,,Inactive,100776,100068,100208,,100469,,,,,,,,Beta,100619,,,Beta,,,,chen.ivanov@acme-fake.test,arjun.brooks@acme-fake.test,Quarterly Newsletter,100735,,Gamma,,,,,,,,101807,,,,N,
100460,Contact,102513,noah.vance@sampleco.test,Liam Reyes,2023-05-10 12:14:00,marco.garcia@examplecorp.test,Skyler Haddad,2025-02-26 22:43:00,rahul.nguyen@sampleco.test,Reese Ivanov,2026-07-02 11:31:00,fatima.okafor@sampleco.test,Avery Brooks,2026-04-02 22:01:00,Y,Noah Patel,Morgan Ford,Sofia Sloan,REF-1366,Accountant,,,,,,,,REF-9311,SKU-7234,sofia.sloan@examplecorp.test,,,,Active,100423,100042,100528,100503,100599,,,,,,,100421,Beta,100339,,,,100529,100732,,noah.nguyen@examplecorp.test,jordan.mercer@demomail.test,Quarterly Newsletter,100253,Falcon Media LLP,Alpha,100490,,,,,,,,,,,N,
100396,Contact,102516,noah.brooks@examplecorp.test,Marco Haddad,2023-10-20 23:17:00,jordan.cohen@acme-fake.test,Liam Silva,2023-01-13 12:09:00,omar.sato@sampleco.test,Jordan Ashby,2023-04-23 04:50:00,drew.larsson@examplecorp.test,Omar Calder,2026-05-26 15:21:00,Y,Rowan Dorsey,Rahul Okafor,Alex Reyes,SKU-4829,Payroll Specialist,,,,,,,,,REF-1801,alex.reyes@examplecorp.test,,,,Active,,100555,100786,,100317,,,,,100352,,,Alpha,100284,,,,100476,100256,,marco.dorsey@acme-fake.test,avery.blake@sampleco.test,Renewal Nudge,100385,Everest Robotics Co,,100208,,9,,,,,101889,,,,N,
100182,Contact,102518,morgan.silva@examplecorp.test,Alex Larsson,2023-09-08 09:41:00,rowan.sloan@acme-fake.test,Jordan Sato,2025-04-15 12:02:00,skyler.silva@demomail.test,Sofia Reyes,2025-03-25 22:42:00,rowan.costa@examplecorp.test,Quinn Ashby,2025-10-05 15:27:00,N,Morgan Blake,Chen Brooks,Skyler Garcia,SKU-5381,Financial Analyst,,,,,,,,,SKU-8459,skyler.garcia@examplecorp.test,,,,Inactive,100638,100076,100565,,100671,,,,,,,,Gamma,100579,,,Other,,100047,,reese.dorsey@acme-fake.test,jordan.mercer@demomail.test,Quarterly Newsletter,100724,Evergreen Foods Inc,,100442,,,,,,,101854,,,,,
100083,Contact,102520,riley.calder@sampleco.test,Morgan Ashby,2024-06-26 12:00:00,fatima.costa@acme-fake.test,Elena Mercer,2026-01-18 00:37:00,quinn.garcia@sampleco.test,Fatima Larsson,2023-12-09 02:53:00,rowan.haddad@demomail.test,Sofia Costa,2025-05-29 12:25:00,N,Taylor Costa,Drew Patel,Marco Nguyen,REF-8624,Software Developer,,,,,,,,,REF-7189,marco.nguyen@acme-fake.test,,,,Inactive,,100441,100246,,100762,,,,,100325,,100082,Alpha,100161,,,,100082,,,rahul.blake@demomail.test,yara.larsson@sampleco.test,Event Invite,100645,,Other,,,,,,,,101883,,,,,Y
100587,Contact,102521,drew.mercer@demomail.test,Nina Reyes,2024-02-24 07:22:00,emerson.blake@acme-fake.test,Rahul Sloan,2024-05-21 09:09:00,quinn.ashby@examplecorp.test,Skyler Rossi,2025-12-15 08:43:00,skyler.brooks@demomail.test,Taylor Sloan,2023-08-27 09:09:00,Y,Jamie Mercer,Elena Vance,Emerson Okafor,TAG-4889,Executive Assistant,,,,,,,,TAG-3708,SKU-3390,emerson.okafor@sampleco.test,,,,Active,100654,,100414,,,,,,,100260,,,Other,100415,,,Beta,100467,100418,,priya.haddad@sampleco.test,aisha.vance@examplecorp.test,Quarterly Newsletter,100490,Copper Dynamics Co,Standard,100328,,,,,,,,,,,Y,
100458,Contact,102524,nina.mercer@acme-fake.test,Emerson Brooks,2022-12-24 04:19:00,priya.sloan@examplecorp.test,Elena Whitfield,2025-04-24 18:43:00,elena.nguyen@sampleco.test,Diego Blake,2023-11-30 14:40:00,arjun.reyes@sampleco.test,Alex Ashby,2025-07-24 04:15:00,N,Taylor Mercer,Arjun Garcia,Alex Brooks,REF-2857,Payroll Specialist,,,,,,,,REF-2389,SKU-7076,alex.brooks@examplecorp.test,,,,Inactive,100130,100756,100514,,100568,,,,,,,100420,Beta,100770,,,Alpha,100246,,,liam.ford@examplecorp.test,skyler.haddad@sampleco.test,Quarterly Newsletter,100561,Cobalt Financial Group,Other,,,,,,,,,,,,,
100067,Contact,102525,aisha.haddad@demomail.test,Priya Sato,2024-08-05 19:30:00,marco.ivanov@examplecorp.test,Morgan Mensah,2024-02-22 06:30:00,sofia.haddad@demomail.test,Arjun Rossi,2026-03-25 23:36:00,priya.mercer@examplecorp.test,Avery Sloan,2025-10-03 20:17:00,Y,Quinn Ivanov,Mei Larsson,Reese Patel,SKU-4677,Operations Associate,,,,,,,,SKU-7388,TAG-2984,reese.patel@demomail.test,,,,Active,,,100622,100217,100386,,,,,,,100786,Gamma,100340,,,,100380,,,arjun.okafor@sampleco.test,noah.blake@sampleco.test,Product Update,100733,Falcon Industries Inc,,100247,,,,,,,,,,,,
100242,Contact,102526,marco.patel@acme-fake.test,Reese Kim,2023-05-19 17:50:00,drew.mensah@sampleco.test,Casey Haddad,2025-10-24 19:53:00,rahul.cohen@examplecorp.test,Mei Mercer,2025-01-20 22:32:00,rahul.nguyen@demomail.test,Rowan Cohen,2024-10-20 00:24:00,Y,Morgan Sloan,Fatima Costa,Riley Mercer,REF-5009,Executive Assistant,,,,,,,,TAG-7975,LOT-1140,riley.mercer@demomail.test,,,,Active,,,100275,100134,100307,,,,,,,,Alpha,100578,,,,100700,100650,,elena.ivanov@demomail.test,priya.ashby@acme-fake.test,Renewal Nudge,100371,Pioneer Group LLC,,,,,,,,,101878,,,,N,
100073,Contact,102527,rowan.costa@sampleco.test,Elena Mensah,2024-11-26 08:12:00,taylor.mensah@sampleco.test,Quinn Ivanov,2024-03-20 23:47:00,rowan.patel@acme-fake.test,Jordan Ashby,2022-11-08 04:54:00,drew.whitfield@acme-fake.test,Noah Dorsey,2024-01-04 01:47:00,Y,Jordan Cohen,Drew Silva,Alex Okafor,TAG-6651,Payroll Specialist,,,,Standard,,,,LOT-8861,LOT-7345,alex.okafor@demomail.test,,,,Active,100441,100191,100651,100016,100490,,,,,100242,,,Beta,100361,,,,100484,,,jamie.dorsey@acme-fake.test,reese.brooks@demomail.test,Renewal Nudge,100585,Horizon Robotics,Standard,,,,,,,,101867,,,,Y,
100640,Contact,102530,diego.sloan@examplecorp.test,Riley Vance,2026-02-15 13:49:00,marco.calder@acme-fake.test,Casey Cohen,2024-06-24 18:42:00,jamie.costa@sampleco.test,Chen Garcia,2024-05-30 06:56:00,yara.blake@demomail.test,Fatima Brooks,2024-04-05 10:41:00,Y,Fatima Costa,Omar Whitfield,Alex Mercer,TAG-4878,Support Specialist,,,,,,,859,SKU-8272,LOT-5391,alex.mercer@sampleco.test,,,,Active,100664,,100042,100315,,,,,,,,100396,Gamma,100548,,,,100733,,,priya.ivanov@examplecorp.test,riley.brooks@examplecorp.test,Quarterly Newsletter,100352,Vertex Foods Ltd,,100787,,,,,,,,,,,Y,
100139,Contact,102533,jamie.blake@examplecorp.test,Chen Mensah,2025-12-17 19:11:00,emerson.calder@demomail.test,Casey Rossi,2024-10-06 16:28:00,noah.whitfield@examplecorp.test,Taylor Kim,2025-07-10 14:21:00,omar.ford@sampleco.test,Riley Whitfield,2025-02-24 22:02:00,N,Nina Reyes,Nina Kim,Avery Haddad,REF-5162,Payroll Specialist,,,,,,,,,LOT-7250,avery.haddad@demomail.test,,,,Inactive,100484,100112,100042,100750,,,,,,100509,,,Standard,100776,,,Delta,100161,100453,,morgan.ivanov@sampleco.test,riley.sato@acme-fake.test,Event Invite,100029,Summit Logistics Corp,,100215,,,,,,,101865,,,,Y,Y
100671,Contact,102536,aisha.nguyen@acme-fake.test,Fatima Calder,2022-11-22 08:00:00,casey.cohen@sampleco.test,Jamie Haddad,2023-02-03 21:41:00,chen.sloan@examplecorp.test,Noah Reyes,2026-05-15 19:32:00,jamie.whitfield@examplecorp.test,Reese Whitfield,2024-04-25 20:56:00,Y,Omar Mensah,Aisha Mensah,Avery Garcia,LOT-2259,Operations Associate,,,,,,,,SKU-5555,REF-5189,avery.garcia@sampleco.test,,,,Active,,100432,100221,,,,,,,100724,,100332,Gamma,100349,,,Alpha,,,,diego.calder@sampleco.test,nina.brooks@demomail.test,Quarterly Newsletter,100400,Beacon Retail Inc,,100713,,,,,,,101827,,,,,
100667,Contact,102539,aisha.okafor@sampleco.test,Arjun Ford,2024-11-27 14:12:00,aisha.nguyen@examplecorp.test,Riley Mensah,2023-12-18 22:06:00,sofia.silva@demomail.test,Rahul Larsson,2025-01-16 19:57:00,mei.silva@demomail.test,Alex Brooks,2023-12-20 15:40:00,Y,Elena Larsson,Rowan Mensah,Reese Cohen,SKU-4103,Bookkeeper,,,,,,,,,SKU-6279,reese.cohen@examplecorp.test,,,,Active,,,100236,,,,,,,100407,,100205,Gamma,100231,,Y,,100256,100494,,rahul.sato@acme-fake.test,alex.nguyen@examplecorp.test,Renewal Nudge,100191,,Standard,,,,,,,,101813,,,,,
100619,Contact,102541,omar.silva@sampleco.test,Nina Reyes,2025-11-24 03:17:00,priya.calder@examplecorp.test,Riley Ford,2024-10-22 18:41:00,aisha.nguyen@demomail.test,Emerson Larsson,2025-12-28 20:00:00,fatima.mensah@sampleco.test,Jamie Nguyen,2024-09-18 19:53:00,N,Aisha Okafor,Arjun Silva,Mei Ivanov,REF-5242,Project Manager,,,,,,,,,REF-5976,mei.ivanov@acme-fake.test,,,,Inactive,100768,100252,100613,,100299,,,,,100590,,100461,Beta,100079,,,,100432,100647,,rowan.silva@examplecorp.test,marco.ashby@demomail.test,Event Invite,100178,,Beta,100157,,,,,,,101837,,,,Y,
100178,Contact,102542,liam.ford@demomail.test,Riley Ashby,2025-02-25 00:27:00,rowan.haddad@examplecorp.test,Taylor Sato,2023-07-01 09:20:00,quinn.haddad@demomail.test,Sofia Brooks,2025-03-17 18:54:00,aisha.silva@examplecorp.test,Rahul Calder,2024-04-06 19:10:00,Y,Noah Costa,Riley Cohen,Liam Mercer,LOT-3906,Operations Associate,,,,,,,9092,,TAG-4066,liam.mercer@acme-fake.test,,,,Active,100291,100718,100756,100784,,,,,,100753,,,Standard,100393,,,Alpha,,100604,,morgan.rossi@examplecorp.test,alex.haddad@acme-fake.test,Quarterly Newsletter,100096,Vertex Health Corp,Beta,100669,,,,,,,101801,,,,,Y
100761,Contact,102543,mei.blake@demomail.test,Sofia Ashby,2025-07-08 05:30:00,omar.costa@acme-fake.test,Mei Mercer,2025-10-01 12:27:00,jordan.costa@sampleco.test,Fatima Nguyen,2024-12-26 04:28:00,elena.silva@sampleco.test,Reese Patel,2024-05-18 12:45:00,N,Sofia Cohen,Fatima Garcia,Sofia Haddad,LOT-8806,Recruiter,,,,,,,,,LOT-1836,sofia.haddad@sampleco.test,,,,Inactive,,,100177,100009,100593,,,,,,,,Delta,100284,,,,,100038,,mei.sloan@demomail.test,fatima.nguyen@sampleco.test,Product Update,100269,Keystone Capital Group,,100462,,5,,,,,,,,,N,
100263,Contact,102546,rahul.kim@acme-fake.test,Chen Blake,2024-10-02 01:07:00,avery.cohen@acme-fake.test,Sofia Whitfield,2026-06-14 21:49:00,emerson.ivanov@demomail.test,Chen Patel,2024-03-08 19:04:00,nina.mercer@sampleco.test,Jordan Haddad,2022-12-06 18:23:00,Y,Fatima Mensah,Morgan Larsson,Fatima Ford,LOT-3923,Financial Analyst,,,,,,,,SKU-3756,REF-6450,fatima.ford@demomail.test,,,,Active,,100471,100396,100109,100016,,,,,100414,,100428,Delta,100106,,,,,,,aisha.sloan@demomail.test,drew.ivanov@sampleco.test,Quarterly Newsletter,100638,Northwind Holdings,,100345,,,,,,,101857,,,,,
100774,Contact,102548,emerson.garcia@acme-fake.test,Skyler Garcia,2025-09-30 19:07:00,morgan.mensah@acme-fake.test,Mei Mensah,2024-06-19 02:11:00,morgan.calder@sampleco.test,Casey Vance,2026-01-29 14:44:00,noah.ashby@examplecorp.test,Drew Blake,2025-12-28 21:34:00,N,Sofia Mensah,Skyler Calder,Chen Garcia,REF-8017,Support Specialist,,,,,,TAG-3337,,,SKU-3257,chen.garcia@sampleco.test,,,,Inactive,100345,100570,100730,,100776,,,,,,,100291,Beta,100014,,,,100153,,,arjun.nguyen@sampleco.test,marco.silva@examplecorp.test,Quarterly Newsletter,100152,,Beta,100753,,,0,,,,,,,,N,
100386,Contact,102549,emerson.okafor@demomail.test,Riley Calder,2023-06-23 03:45:00,avery.cohen@sampleco.test,Taylor Kim,2024-07-05 16:30:00,casey.kim@acme-fake.test,Mei Sloan,2023-02-11 08:28:00,emerson.mercer@sampleco.test,Avery Whitfield,2025-12-31 16:33:00,Y,Emerson Mercer,Taylor Sloan,Drew Reyes,LOT-7982,Project Manager,,,,,,,,REF-7440,REF-5440,drew.reyes@acme-fake.test,,,,Active,,100050,100457,100162,,,,,,100155,,100566,Delta,100445,,,,100436,100162,,nina.vance@acme-fake.test,jamie.sato@acme-fake.test,Re-engagement,100046,Granite Capital Co,,100689,,,,1,,,,,,,Y,
100503,Contact,102552,jamie.reyes@acme-fake.test,Rahul Ivanov,2025-03-07 03:03:00,nina.nguyen@sampleco.test,Jordan Okafor,2025-09-11 09:15:00,drew.mercer@sampleco.test,Liam Silva,2025-08-31 03:33:00,alex.nguyen@examplecorp.test,Rowan Silva,2023-10-21 03:04:00,Y,Aisha Okafor,Priya Dorsey,Liam Ford,REF-2229,HR Generalist,,,,,,,,,REF-3474,liam.ford@demomail.test,,,,Active,,,100475,100142,100768,,,,,100023,,,Other,100319,,,,100442,,,chen.whitfield@examplecorp.test,drew.dorsey@demomail.test,Product Update,100432,Silverline Health Group,Gamma,,,3,,,,,,,,,N,Y
100156,Contact,102555,casey.costa@acme-fake.test,Marco Mercer,2022-11-05 19:39:00,rahul.sloan@sampleco.test,Casey Mercer,2023-12-02 16:59:00,mei.ivanov@acme-fake.test,Emerson Cohen,2024-09-16 15:05:00,chen.cohen@acme-fake.test,Skyler Cohen,2024-12-21 03:45:00,Y,Omar Larsson,Aisha Garcia,Jordan Vance,SKU-2784,Recruiter,,TAG-8798,,,,,,,REF-7788,jordan.vance@acme-fake.test,,,,Active,100587,,100203,,100775,,,,,,,100675,Standard,100412,,,,,,,elena.garcia@demomail.test,taylor.larsson@acme-fake.test,Quarterly Newsletter,100137,,Standard,,,,,,,,101827,,,,Y,
100741,Contact,102557,reese.blake@acme-fake.test,Mei Cohen,2023-11-01 02:40:00,elena.okafor@examplecorp.test,Taylor Mercer,2023-10-02 15:23:00,morgan.vance@demomail.test,Rowan Blake,2025-01-05 18:54:00,quinn.garcia@sampleco.test,Jamie Okafor,2026-01-09 15:24:00,N,Avery Mercer,Alex Cohen,Aisha Reyes,,HR Generalist,,,,,Alpha,,,,LOT-9667,aisha.reyes@demomail.test,,,,Inactive,100314,,100445,100435,,REF-8804,,,,100375,,100465,Beta,100142,,,Other,100790,,,skyler.brooks@demomail.test,drew.mercer@demomail.test,Event Invite,100624,,,,,,,,,,101795,,,,N,Y
100484,Contact,102559,noah.patel@examplecorp.test,Diego Reyes,2023-05-11 12:03:00,emerson.silva@demomail.test,Reese Mensah,2024-02-08 12:22:00,fatima.garcia@sampleco.test,Sofia Costa,2023-07-07 08:57:00,nina.okafor@sampleco.test,Casey Silva,2026-05-10 17:49:00,N,Noah Costa,Mei Garcia,Jamie Costa,SKU-9451,Recruiter,,,,,Gamma,,,,SKU-2668,jamie.costa@examplecorp.test,,,,Inactive,100174,,100307,100226,100277,SKU-5366,,,,,,,Standard,100776,,,,100779,100739,,diego.sloan@sampleco.test,marco.mensah@examplecorp.test,Product Update,100345,,,,,,,,,,101795,,,,Y,
100629,Contact,102562,chen.dorsey@sampleco.test,Morgan Dorsey,2025-05-12 02:01:00,alex.vance@examplecorp.test,Reese Calder,2026-02-04 15:41:00,casey.mercer@sampleco.test,Morgan Okafor,2025-05-15 21:58:00,noah.costa@demomail.test,Mei Vance,2023-11-16 08:54:00,Y,Quinn Mercer,Jordan Garcia,Yara Calder,,Support Specialist,,,,,,REF-2935,,TAG-8925,SKU-6085,yara.calder@acme-fake.test,,,,Active,,,100412,100759,,TAG-4943,,,,,,100128,Delta,100236,,Y,,100774,,,sofia.ford@sampleco.test,jordan.dorsey@examplecorp.test,Product Update,100357,Cobalt Dynamics,Other,,,,,,,,101825,,,,,
100514,Contact,102563,riley.mercer@sampleco.test,Morgan Costa,2024-12-19 13:10:00,taylor.patel@sampleco.test,Chen Vance,2026-04-15 20:30:00,emerson.kim@examplecorp.test,Reese Cohen,2026-01-28 09:03:00,jordan.okafor@acme-fake.test,Avery Blake,2025-06-13 16:28:00,Y,Aisha Ivanov,Omar Sloan,Emerson Nguyen,LOT-4906,HR Generalist,,,,,,,,SKU-2601,REF-7104,emerson.nguyen@sampleco.test,,,,Active,100047,100385,100407,100343,100115,TAG-5441,,,,100514,,100157,Gamma,100277,,,Other,,100082,,reese.silva@examplecorp.test,jamie.haddad@demomail.test,Product Update,100407,Keystone Capital Co,,100694,,,,,,,,,,,,
100718,Contact,102565,jamie.ivanov@demomail.test,Skyler Nguyen,2026-01-20 14:58:00,liam.kim@examplecorp.test,Nina Ivanov,2024-03-06 18:33:00,drew.reyes@examplecorp.test,Emerson Okafor,2024-11-28 09:53:00,casey.dorsey@acme-fake.test,Alex Cohen,2023-04-09 10:24:00,Y,Fatima Blake,Taylor Mercer,Taylor Whitfield,TAG-8830,Accountant,,,,,,,7341,,TAG-5860,taylor.whitfield@demomail.test,,,,Active,100120,100315,100707,100790,100193,,,,,,,,Delta,100396,,,,100092,100336,,jamie.whitfield@examplecorp.test,yara.dorsey@acme-fake.test,Product Update,100632,,,100733,,2,,,,,101798,,,,N,
100689,Contact,102566,elena.vance@examplecorp.test,Riley Kim,2022-12-27 12:27:00,taylor.mercer@examplecorp.test,Rahul Whitfield,2024-03-27 02:15:00,aisha.kim@examplecorp.test,Chen Dorsey,2024-08-30 18:56:00,drew.blake@sampleco.test,Alex Ford,2025-10-02 17:35:00,Y,Marco Nguyen,Quinn Calder,Casey Larsson,SKU-2259,Customer Success Manager,,,,,,TAG-9840,,TAG-9232,SKU-1364,casey.larsson@demomail.test,,,,Active,,,100587,,100741,,,,,,,,Gamma,100140,,,Gamma,,100438,,alex.reyes@demomail.test,arjun.mercer@examplecorp.test,Product Update,100119,Lakeside Solutions Corp,Alpha,,,,,,,,,,,,,
100082,Contact,102567,marco.sloan@acme-fake.test,Quinn Vance,2026-01-03 19:09:00,skyler.ivanov@sampleco.test,Arjun Whitfield,2023-03-22 12:56:00,diego.ford@sampleco.test,Morgan Okafor,2022-10-18 13:29:00,taylor.nguyen@sampleco.test,Avery Mercer,2023-03-05 16:32:00,Y,Jamie Nguyen,Fatima Vance,Yara Garcia,LOT-6141,HR Generalist,,,,,,,,REF-6445,REF-1945,yara.garcia@demomail.test,,,,Active,100345,,100019,100503,,,,,,100168,,100540,Other,100696,,,,100604,100140,,alex.ivanov@examplecorp.test,avery.blake@demomail.test,Renewal Nudge,100224,,,,,,,,,,101858,,,,,
100669,Contact,102570,chen.vance@examplecorp.test,Noah Rossi,2024-12-09 15:09:00,priya.mensah@examplecorp.test,Jordan Mercer,2025-11-23 11:18:00,avery.dorsey@examplecorp.test,Yara Okafor,2026-04-10 23:20:00,jordan.silva@acme-fake.test,Fatima Larsson,2023-10-17 19:32:00,N,Chen Calder,Skyler Ivanov,Priya Rossi,LOT-2334,Financial Analyst,,,,,,,,,TAG-9884,priya.rossi@examplecorp.test,,,,Inactive,,100193,100771,,100299,,,,,100307,,,Other,100635,,,Other,100578,100420,,taylor.dorsey@sampleco.test,sofia.ford@sampleco.test,Quarterly Newsletter,100599,,,,,,,,,,101812,Y,,,,
100343,Contact,102573,chen.calder@examplecorp.test,Marco Whitfield,2025-07-04 04:09:00,sofia.nguyen@examplecorp.test,Avery Garcia,2023-07-04 04:03:00,jordan.sloan@acme-fake.test,Drew Ivanov,2025-01-06 05:35:00,taylor.whitfield@examplecorp.test,Elena Haddad,2024-11-28 17:07:00,Y,Marco Whitfield,Casey Ford,Marco Ivanov,LOT-1522,Financial Analyst,,,,,,,,TAG-7463,TAG-6586,marco.ivanov@sampleco.test,,,,Active,,,100710,,,,,,,100790,,100177,Alpha,100065,,,Other,100300,100298,,noah.cohen@acme-fake.test,jordan.sloan@sampleco.test,Event Invite,100252,,Beta,100694,,,,,,,,,,,,
100271,Contact,102576,diego.ashby@demomail.test,Jamie Haddad,2023-07-02 15:28:00,arjun.mercer@examplecorp.test,Rahul Ivanov,2024-10-17 03:59:00,casey.calder@demomail.test,Reese Cohen,2025-12-22 15:01:00,emerson.sato@acme-fake.test,Rowan Ford,2025-01-29 02:28:00,Y,Fatima Calder,Drew Mercer,Quinn Sato,SKU-5798,Executive Assistant,,,,,,,,,TAG-8543,quinn.sato@sampleco.test,,,,Active,,,100647,100779,,,,,,100178,,100645,Standard,100256,,,Alpha,,,,skyler.reyes@sampleco.test,mei.nguyen@acme-fake.test,Renewal Nudge,100267,Keystone Health LLP,Alpha,,,,,,,,,,,,Y,
100224,Contact,102577,fatima.reyes@acme-fake.test,Noah Okafor,2023-02-12 18:44:00,reese.silva@examplecorp.test,Diego Sloan,2024-06-01 16:40:00,noah.reyes@examplecorp.test,Mei Ivanov,2023-10-21 13:21:00,alex.brooks@sampleco.test,Mei Reyes,2024-03-10 06:19:00,N,Noah Blake,Reese Ivanov,Elena Cohen,LOT-8280,Marketing Coordinator,,,,,,,,,LOT-4062,elena.cohen@examplecorp.test,,,,Inactive,100264,100396,100182,,,,,,,,,,Gamma,100233,,,,,100606,,alex.larsson@acme-fake.test,riley.garcia@acme-fake.test,Quarterly Newsletter,100475,,Delta,100199,,,,,,,101846,,,,,
100634,Contact,102579,diego.mensah@examplecorp.test,Nina Silva,2025-11-15 12:14:00,avery.reyes@sampleco.test,Taylor Sato,2026-05-23 16:02:00,rowan.kim@examplecorp.test,Riley Rossi,2023-11-23 17:12:00,drew.cohen@demomail.test,Chen Patel,2026-02-02 15:40:00,Y,Alex Okafor,Elena Nguyen,Rahul Costa,TAG-6848,Customer Success Manager,,,,,,,,TAG-2565,REF-9807,rahul.costa@examplecorp.test,,,,Active,,100790,100392,100065,100779,,,,,100611,,100188,Gamma,100264,,Y,Beta,100686,100448,,priya.nguyen@demomail.test,priya.garcia@sampleco.test,Quarterly Newsletter,100183,,Alpha,,,,,,,,101883,,,,,
100449,Contact,102581,omar.vance@demomail.test,Quinn Calder,2024-08-07 05:46:00,diego.haddad@acme-fake.test,Reese Nguyen,2023-04-17 11:50:00,avery.blake@sampleco.test,Omar Whitfield,2025-12-10 15:32:00,riley.sloan@sampleco.test,Omar Kim,2025-08-16 15:28:00,Y,Casey Dorsey,Rowan Sato,Drew Haddad,TAG-5056,Bookkeeper,,,,,,,,SKU-6494,TAG-3874,drew.haddad@acme-fake.test,,,,Active,100403,,100399,,,,,,,100504,,100500,Other,100504,,,,100065,,,priya.kim@demomail.test,jamie.okafor@acme-fake.test,Event Invite,100371,Harbor Textiles LLC,Standard,,,,,,,,101792,,,,Y,
100019,Contact,102584,alex.reyes@sampleco.test,Avery Rossi,2023-10-20 08:41:00,alex.brooks@acme-fake.test,Priya Whitfield,2024-02-27 15:49:00,drew.ivanov@sampleco.test,Rahul Mercer,2023-04-20 11:00:00,morgan.kim@acme-fake.test,Aisha Rossi,2025-01-12 03:03:00,N,Elena Larsson,Reese Ashby,Noah Brooks,SKU-7761,Customer Success Manager,,,,,,,,,LOT-7770,noah.brooks@acme-fake.test,,,,Inactive,,,100751,,100721,,,,,,,,Standard,100139,,,Other,,100601,,morgan.rossi@demomail.test,avery.sato@acme-fake.test,Renewal Nudge,100771,Redwood Networks Corp,,100604,,,,,,,101794,,,,N,
100569,Contact,102587,chen.dorsey@examplecorp.test,Casey Calder,2024-09-30 07:28:00,elena.ivanov@demomail.test,Sofia Vance,2024-02-12 08:35:00,taylor.mercer@demomail.test,Morgan Cohen,2025-04-16 02:26:00,alex.haddad@demomail.test,Aisha Sloan,2025-07-28 17:17:00,Y,Chen Costa,Mei Dorsey,Arjun Nguyen,LOT-9434,Financial Analyst,,,,,,,,,SKU-8420,arjun.nguyen@acme-fake.test,,,,Active,100529,100714,100244,100634,,,,,,100664,,100314,Beta,100383,,,,100458,100309,,noah.calder@sampleco.test,omar.mensah@examplecorp.test,Event Invite,100271,,Standard,,,,,,,,101870,,,,,
100149,Contact,102588,jamie.mercer@acme-fake.test,Alex Sato,2023-10-08 18:27:00,riley.brooks@examplecorp.test,Quinn Rossi,2025-09-15 04:56:00,casey.reyes@acme-fake.test,Jordan Silva,2022-10-09 04:33:00,diego.cohen@demomail.test,Riley Costa,2024-05-15 07:08:00,Y,Aisha Cohen,Yara Nguyen,Riley Ivanov,SKU-1270,Bookkeeper,,,,,,,,,LOT-2747,riley.ivanov@sampleco.test,,,,Active,100454,,100031,,100062,,,,,,,100429,Standard,100514,,,Other,100082,100185,,drew.garcia@acme-fake.test,nina.ford@sampleco.test,Re-engagement,100565,,Beta,,,,,,,,101825,,,,Y,
100296,Contact,102591,mei.calder@acme-fake.test,Aisha Ford,2025-11-10 06:09:00,noah.blake@demomail.test,Jordan Larsson,2023-06-18 14:46:00,marco.patel@acme-fake.test,Riley Dorsey,2023-06-25 09:19:00,jamie.ford@sampleco.test,Rahul Cohen,2023-02-08 09:01:00,N,Drew Calder,Arjun Costa,Priya Mensah,SKU-6250,Project Manager,,,,,,,,LOT-4605,REF-8554,priya.mensah@demomail.test,,,,Inactive,,100158,100750,,100267,,,,,100619,,100371,Other,100568,,N,Alpha,100181,100761,,reese.nguyen@examplecorp.test,aisha.dorsey@acme-fake.test,Re-engagement,100654,Ironwood Media Ltd,,,,,,,,,,N,,,,
100787,Contact,102593,liam.calder@examplecorp.test,Yara Mensah,2025-02-28 14:23:00,avery.silva@acme-fake.test,Avery Okafor,2023-08-12 22:06:00,yara.larsson@sampleco.test,Chen Sloan,2023-10-31 02:29:00,aisha.mensah@demomail.test,Mei Mensah,2023-02-07 19:46:00,Y,Riley Haddad,Reese Whitfield,Chen Garcia,TAG-5602,QA Engineer,,,,,,,,,SKU-1430,chen.garcia@sampleco.test,,,,Active,100193,100194,100220,100648,100442,,,,,,,100330,Delta,100658,,,Other,100688,100768,,marco.kim@demomail.test,liam.mercer@demomail.test,Re-engagement,100774,Horizon Media Co,,,,,,,,,101881,Y,,,Y,
100648,Contact,102596,jordan.okafor@demomail.test,Diego Sloan,2023-08-28 11:40:00,liam.blake@acme-fake.test,Quinn Silva,2026-06-22 01:41:00,elena.calder@demomail.test,Avery Mercer,2024-04-06 22:16:00,alex.mercer@examplecorp.test,Morgan Patel,2025-07-16 08:53:00,Y,Jordan Larsson,Riley Sloan,Aisha Garcia,REF-7274,HR Generalist,,,,,,,,,TAG-9751,aisha.garcia@examplecorp.test,,,,Active,,,100205,100260,100451,,,,,100208,,,Alpha,100678,,,Gamma,,100343,,elena.mensah@examplecorp.test,quinn.costa@acme-fake.test,Event Invite,100535,,Standard,,,,,,,,,,,,,
100791,Contact,102597,yara.silva@demomail.test,Quinn Haddad,2025-07-22 22:36:00,nina.sloan@examplecorp.test,Taylor Ivanov,2024-02-15 08:52:00,avery.silva@sampleco.test,Sofia Reyes,2022-11-04 10:38:00,arjun.reyes@examplecorp.test,Aisha Blake,2024-07-20 16:27:00,N,Elena Haddad,Yara Vance,Quinn Ashby,TAG-3294,Project Manager,,,,,,,,LOT-4936,REF-7019,quinn.ashby@demomail.test,,,,Inactive,100770,100188,100423,,,LOT-8972,,,,100352,,100587,Other,100050,,,Delta,,100205,,mei.sloan@examplecorp.test,jordan.mensah@examplecorp.test,Quarterly Newsletter,100183,,,,,,0,,,,,,,,N,
100208,Contact,102600,diego.kim@acme-fake.test,Sofia Haddad,2023-03-12 21:59:00,marco.cohen@examplecorp.test,Elena Mercer,2025-06-19 19:04:00,rowan.sloan@demomail.test,Diego Cohen,2024-04-22 20:12:00,arjun.garcia@acme-fake.test,Emerson Reyes,2024-10-04 18:57:00,Y,Rahul Mercer,Elena Reyes,Noah Sato,SKU-5639,Operations Associate,,,,,,,,,REF-4875,noah.sato@sampleco.test,,,,Active,100365,100038,100635,,,,,,,,,,Gamma,100103,,,,100139,,,arjun.cohen@acme-fake.test,aisha.sloan@sampleco.test,Product Update,100177,Horizon Capital Group,Alpha,100012,,,,,,,,,,,,
100750,Contact,102601,alex.mensah@acme-fake.test,Aisha Calder,2026-04-20 21:27:00,casey.haddad@acme-fake.test,Taylor Sloan,2024-09-11 19:44:00,reese.haddad@acme-fake.test,Mei Whitfield,2023-02-10 17:23:00,alex.nguyen@examplecorp.test,Morgan Okafor,2023-10-15 19:13:00,Y,Elena Kim,Yara Ford,Riley Brooks,REF-7735,Support Specialist,,,,,,,,REF-2995,REF-3338,riley.brooks@examplecorp.test,,,,Active,100448,100200,100244,100555,,,,,,,,100468,Delta,100659,,,Gamma,100133,100656,,alex.reyes@examplecorp.test,nina.okafor@acme-fake.test,Event Invite,100012,Blue Ridge Health LLP,Alpha,100717,,,8,,,,,,,,Y,
100340,Contact,102604,rahul.nguyen@examplecorp.test,Morgan Rossi,2024-07-16 19:42:00,nina.mensah@acme-fake.test,Jamie Dorsey,2026-04-26 01:07:00,liam.whitfield@demomail.test,Fatima Patel,2025-04-01 02:21:00,riley.nguyen@examplecorp.test,Skyler Ivanov,2023-01-03 12:11:00,Y,Emerson Rossi,Arjun Garcia,Sofia Mercer,REF-4614,Support Specialist,,,,,,,,TAG-7005,LOT-8814,sofia.mercer@acme-fake.test,,,,Active,100595,100700,100016,,100624,,,,,,,100322,Other,100732,,,Beta,100178,100559,,sofia.mensah@examplecorp.test,rowan.calder@sampleco.test,Event Invite,100147,,,,,,,,,,,,,,,
100787,Contact,102606,casey.cohen@acme-fake.test,Avery Patel,2023-10-05 09:37:00,aisha.mercer@examplecorp.test,Priya Calder,2023-03-06 21:04:00,emerson.brooks@examplecorp.test,Mei Rossi,2025-04-24 01:00:00,taylor.sato@sampleco.test,Emerson Mercer,2023-08-13 06:39:00,Y,Reese Reyes,Noah Larsson,Riley Ivanov,SKU-7845,Software Developer,,,,,,,,,LOT-3029,riley.ivanov@acme-fake.test,,,,Active,,,100311,100089,,,,,,,,,Other,100256,,,Alpha,100496,100504,,morgan.costa@demomail.test,reese.sato@sampleco.test,Product Update,100441,,Standard,100211,,3,,,,,101853,,,,,
100613,Contact,102607,rahul.costa@acme-fake.test,Mei Ivanov,2023-09-11 11:36:00,jordan.vance@examplecorp.test,Mei Ashby,2025-07-08 02:56:00,emerson.silva@demomail.test,Drew Ashby,2025-12-05 10:05:00,drew.brooks@examplecorp.test,Aisha Reyes,2023-02-21 09:43:00,Y,Jordan Costa,Elena Sato,Casey Dorsey,LOT-9621,Payroll Specialist,,,,,Gamma,,7722,,LOT-8103,casey.dorsey@demomail.test,,,,Active,100561,100350,100465,100009,,,,,,,,,Standard,100332,,,Beta,,,,fatima.vance@acme-fake.test,rowan.whitfield@acme-fake.test,Event Invite,100672,Beacon Media Corp,,100118,,,6,,,,101830,,,,N,
100471,Contact,102609,sofia.silva@sampleco.test,Riley Ashby,2024-12-15 21:54:00,jordan.calder@sampleco.test,Omar Ashby,2023-06-13 05:25:00,sofia.ashby@acme-fake.test,Quinn Brooks,2025-03-08 20:36:00,aisha.nguyen@demomail.test,Diego Reyes,2022-11-10 15:53:00,Y,Jamie Dorsey,Riley Nguyen,Elena Dorsey,SKU-8420,Marketing Coordinator,,,,,,,,TAG-7205,TAG-1811,elena.dorsey@examplecorp.test,,,,Active,100147,100564,100595,100551,,,,,,,,100732,Standard,100564,,,Other,100558,100298,,diego.vance@demomail.test,taylor.nguyen@examplecorp.test,Event Invite,100328,Everest Systems Inc,Beta,100047,,,,,,,101870,,,,,
100062,Contact,102611,skyler.brooks@demomail.test,Chen Ford,2025-02-22 09:40:00,mei.blake@acme-fake.test,Morgan Cohen,2023-11-07 06:32:00,yara.brooks@acme-fake.test,Diego Reyes,2024-08-27 03:53:00,jordan.sloan@acme-fake.test,Skyler Larsson,2025-04-07 07:57:00,N,Morgan Sato,Liam Patel,Elena Sloan,LOT-3881,Support Specialist,,,,,,,,,LOT-5049,elena.sloan@examplecorp.test,,,,Inactive,100540,,100277,,100552,,,,,,,,Delta,100005,,,Other,,100119,,liam.sloan@demomail.test,jordan.dorsey@sampleco.test,Event Invite,100512,Silverline Solutions LLP,,100654,,,,,,,101875,,,,Y,
100658,Contact,102612,rowan.haddad@sampleco.test,Drew Kim,2023-01-25 20:09:00,drew.blake@examplecorp.test,Elena Patel,2025-01-06 01:23:00,mei.patel@acme-fake.test,Nina Whitfield,2026-03-31 22:57:00,morgan.okafor@sampleco.test,Rahul Kim,2025-06-20 07:45:00,Y,Liam Costa,Priya Sloan,Alex Blake,SKU-8903,Bookkeeper,,,,,,,,TAG-2098,LOT-3769,alex.blake@demomail.test,,,,Active,,100737,100165,,,,,,,100062,,100359,Alpha,100576,,,,,,,aisha.ivanov@acme-fake.test,avery.ivanov@demomail.test,Quarterly Newsletter,100147,,,100548,,,,,,,,,,,Y,
100412,Contact,102615,diego.rossi@examplecorp.test,Noah Sloan,2024-08-14 06:13:00,mei.rossi@acme-fake.test,Drew Dorsey,2024-07-22 12:13:00,diego.ivanov@acme-fake.test,Alex Silva,2026-03-25 11:48:00,drew.ashby@sampleco.test,Jordan Calder,2023-11-04 06:52:00,Y,Marco Ashby,Rowan Sloan,Nina Silva,REF-6897,Support Specialist,,,,,Beta,,,SKU-4331,TAG-7640,nina.silva@sampleco.test,,,,Active,,,100038,100299,,,,,,100540,,100661,Standard,100699,,,Alpha,100568,100595,,emerson.sato@acme-fake.test,taylor.haddad@demomail.test,Re-engagement,100191,Copper Logistics Corp,Alpha,100383,,,,,,,101821,Y,,,,
100275,Contact,102618,fatima.brooks@sampleco.test,Reese Reyes,2026-05-29 17:07:00,yara.cohen@demomail.test,Jordan Whitfield,2023-02-16 14:14:00,emerson.ford@acme-fake.test,Alex Ashby,2023-09-05 18:52:00,rowan.vance@demomail.test,Nina Larsson,2024-03-09 16:17:00,N,Rowan Brooks,Taylor Silva,Aisha Haddad,TAG-1934,Operations Associate,,,,,,,,REF-1741,LOT-9513,aisha.haddad@examplecorp.test,,,,Inactive,,100784,100252,100770,100737,,,,,100281,,,Delta,100086,,,,100369,100558,,priya.ashby@acme-fake.test,diego.ashby@demomail.test,Renewal Nudge,100650,,,100622,,,,,,,,,,,,
100320,Contact,102619,mei.blake@sampleco.test,Chen Mensah,2024-09-12 10:45:00,nina.mercer@examplecorp.test,Taylor Blake,2024-10-04 21:40:00,casey.mercer@examplecorp.test,Casey Blake,2025-10-20 15:20:00,chen.sato@demomail.test,Emerson Vance,2023-10-21 22:08:00,N,Arjun Vance,Casey Whitfield,Casey Ivanov,TAG-2596,Financial Analyst,,,,,,,,REF-2402,LOT-4005,casey.ivanov@acme-fake.test,,,,Inactive,100465,,100067,100345,100779,,,,,100137,,100686,Alpha,100178,,,Delta,,100165,,nina.garcia@examplecorp.test,drew.whitfield@demomail.test,Product Update,100058,Silverline Foods Ltd,Other,,,,,,,,101817,,,,Y,
100188,Contact,102620,skyler.dorsey@examplecorp.test,Elena Okafor,2024-09-25 20:03:00,elena.haddad@examplecorp.test,Quinn Whitfield,2025-12-06 21:44:00,arjun.whitfield@acme-fake.test,Jordan Kim,2025-11-05 03:10:00,skyler.rossi@sampleco.test,Diego Cohen,2023-02-09 18:38:00,Y,Aisha Mercer,Reese Costa,Drew Nguyen,REF-9526,Support Specialist,,,,,,,,REF-3272,SKU-1908,drew.nguyen@examplecorp.test,,,,Active,100576,100298,100232,100277,,TAG-6727,,,,100125,,,Standard,100200,,,,100545,,,drew.brooks@demomail.test,arjun.calder@sampleco.test,Event Invite,100768,Beacon Retail Inc,,,,,,,,,101887,,,,N,
100448,Contact,102622,arjun.rossi@demomail.test,Sofia Haddad,2024-10-09 07:58:00,avery.larsson@demomail.test,Nina Sato,2024-05-25 15:05:00,elena.patel@examplecorp.test,Diego Dorsey,2022-12-10 00:48:00,aisha.ashby@demomail.test,Drew Ivanov,2026-03-05 01:03:00,Y,Riley Nguyen,Nina Okafor,Arjun Reyes,SKU-1933,Financial Analyst,,,,,,,,REF-4905,REF-3476,arjun.reyes@sampleco.test,,,,Active,100671,,100082,100503,100140,,,,,,,100667,Delta,100199,,,Beta,,100291,,taylor.costa@sampleco.test,rahul.larsson@examplecorp.test,Re-engagement,100784,Harbor Solutions LLP,Standard,100149,,,,,,,101870,,,,N,
100691,Contact,102624,jordan.calder@demomail.test,Marco Vance,2026-06-08 05:59:00,quinn.calder@demomail.test,Yara Sloan,2024-07-16 13:24:00,reese.rossi@examplecorp.test,Priya Sloan,2022-11-02 21:33:00,jordan.mensah@demomail.test,Casey Sloan,2024-06-08 07:33:00,Y,Elena Ford,Morgan Ivanov,Liam Ivanov,,Recruiter,,,,,,,,,LOT-7894,liam.ivanov@examplecorp.test,,,,Active,100735,,100026,100169,100578,,,,,100435,,100770,Beta,100555,,,Beta,,,,jamie.cohen@acme-fake.test,jordan.ford@acme-fake.test,Renewal Nudge,100445,Keystone Industries Inc,Gamma,,,,,2,,,,,,,Y,
100188,Contact,102627,yara.larsson@acme-fake.test,Reese Patel,2024-02-13 15:20:00,liam.mensah@acme-fake.test,Alex Haddad,2026-02-01 03:02:00,rowan.patel@sampleco.test,Drew Mercer,2023-06-19 12:47:00,quinn.dorsey@demomail.test,Elena Ashby,2026-01-23 06:20:00,Y,Emerson Larsson,Elena Reyes,Marco Haddad,SKU-8758,Software Developer,,,,Standard,,,8788,REF-5367,SKU-2004,marco.haddad@acme-fake.test,,,,Active,,100291,100330,100473,100269,,,,,,,,Other,100079,,,,,100606,,aisha.cohen@examplecorp.test,emerson.dorsey@demomail.test,Renewal Nudge,100470,,Gamma,100043,,,,,,,101867,,,,,
100429,Contact,102628,drew.reyes@examplecorp.test,Taylor Costa,2026-05-27 21:31:00,taylor.whitfield@sampleco.test,Fatima Reyes,2026-07-27 08:53:00,quinn.sloan@sampleco.test,Drew Ivanov,2023-06-22 18:47:00,emerson.garcia@examplecorp.test,Alex Cohen,2023-05-01 14:00:00,N,Rowan Ford,Skyler Reyes,Liam Mensah,REF-6290,Financial Analyst,,,,,,,,REF-5502,SKU-7322,liam.mensah@acme-fake.test,,,,Inactive,100726,,100522,100484,100578,,,,,,,100441,Other,100335,,,Alpha,100185,100634,,jordan.sloan@sampleco.test,mei.brooks@sampleco.test,Event Invite,100061,,Gamma,100697,,,,,,,101889,,,,N,
100627,Contact,102629,arjun.mercer@sampleco.test,Mei Nguyen,2025-04-05 03:09:00,jamie.garcia@demomail.test,Omar Okafor,2023-08-15 09:02:00,omar.costa@demomail.test,Jordan Ford,2022-10-20 08:07:00,drew.haddad@demomail.test,Diego Patel,2023-06-15 22:46:00,Y,Priya Blake,Jamie Silva,Reese Dorsey,SKU-9791,Executive Assistant,,,,,,,,,SKU-8050,reese.dorsey@acme-fake.test,,,,Active,,100125,100771,100201,100303,,,,,100529,,100385,Beta,100040,,,,100529,,,mei.dorsey@examplecorp.test,yara.larsson@acme-fake.test,Quarterly Newsletter,100669,Meridian Analytics Ltd,Other,100210,,,,,,,101794,,,,,
100185,Contact,102630,skyler.rossi@acme-fake.test,Jamie Haddad,2025-12-15 21:01:00,arjun.silva@sampleco.test,Priya Sloan,2023-03-09 02:23:00,reese.nguyen@sampleco.test,Nina Haddad,2023-06-27 11:51:00,jamie.garcia@demomail.test,Liam Sloan,2024-03-27 04:44:00,Y,Jamie Silva,Skyler Reyes,Emerson Calder,,HR Generalist,,,,,,,,,LOT-9340,emerson.calder@demomail.test,,,,Active,,,100470,,,,,,,100003,,,Gamma,100305,,Y,Gamma,100201,100380,,avery.silva@demomail.test,taylor.ivanov@demomail.test,Renewal Nudge,100400,,Other,100707,,,,,,,101831,,,,Y,N
100441,Contact,102631,omar.brooks@acme-fake.test,Elena Mensah,2024-03-07 20:10:00,aisha.brooks@acme-fake.test,Alex Ford,2025-07-03 08:23:00,taylor.ashby@sampleco.test,Sofia Silva,2025-04-20 00:25:00,emerson.mercer@demomail.test,Priya Calder,2024-05-13 06:13:00,Y,Jordan Costa,Rowan Blake,Omar Calder,TAG-5720,Data Analyst,,REF-3477,,,,,9237,,TAG-5569,omar.calder@examplecorp.test,,,,Active,,,100019,100305,100418,SKU-7487,,,,,,100410,Standard,100751,,,Alpha,,100428,,avery.mensah@acme-fake.test,chen.larsson@acme-fake.test,Re-engagement,100191,,,,,,,,,,,,,,,
100385,Contact,102633,drew.whitfield@examplecorp.test,Noah Haddad,2026-01-06 14:38:00,taylor.brooks@sampleco.test,Marco Dorsey,2025-10-15 08:28:00,taylor.okafor@demomail.test,Arjun Costa,2024-12-02 22:13:00,jamie.mensah@examplecorp.test,Casey Dorsey,2025-09-23 23:24:00,Y,Omar Vance,Chen Ivanov,Drew Reyes,LOT-2042,Accountant,,,,,,,,,REF-8791,drew.reyes@acme-fake.test,,,,Active,,,100481,,100252,,,,,100507,,100022,Other,100296,,,Delta,,100123,,yara.calder@demomail.test,noah.calder@examplecorp.test,Product Update,100420,,Delta,100418,,4,,,,,,,,,N,
100079,Contact,102635,aisha.ford@examplecorp.test,Drew Mercer,2025-01-31 02:56:00,aisha.ford@demomail.test,Taylor Costa,2022-10-21 04:37:00,reese.larsson@sampleco.test,Liam Haddad,2025-04-16 01:34:00,noah.brooks@sampleco.test,Riley Nguyen,2024-10-05 03:24:00,Y,Rahul Dorsey,Reese Costa,Taylor Larsson,LOT-5776,Marketing Coordinator,,REF-4680,,,,,,REF-4140,TAG-1297,taylor.larsson@examplecorp.test,,,,Active,100606,100585,100650,,100335,,,,,100393,,,Standard,100224,,,Other,100053,100263,,noah.calder@acme-fake.test,avery.ford@examplecorp.test,Event Invite,100177,Everest Manufacturing Inc,,100029,,,,,,,101881,N,,,,
100246,Contact,102636,avery.brooks@examplecorp.test,Aisha Brooks,2024-11-10 11:19:00,omar.sloan@demomail.test,Alex Larsson,2024-06-28 14:16:00,jordan.ivanov@demomail.test,Yara Rossi,2025-12-26 06:59:00,quinn.larsson@acme-fake.test,Riley Brooks,2024-03-12 23:39:00,Y,Fatima Sloan,Drew Calder,Alex Dorsey,SKU-7925,QA Engineer,,,,,,,,REF-3498,SKU-1834,alex.dorsey@demomail.test,,,,Active,100200,100267,100196,100707,,,,,,100576,,,Beta,100713,,,Delta,100473,100343,,yara.cohen@demomail.test,alex.rossi@demomail.test,Product Update,100421,Cardinal Foods LLP,Other,,,,,,,,101813,Y,,,,
100493,Contact,102637,omar.vance@examplecorp.test,Drew Haddad,2023-03-26 10:33:00,chen.vance@sampleco.test,Fatima Okafor,2024-07-25 00:49:00,alex.rossi@examplecorp.test,Emerson Nguyen,2024-11-18 07:39:00,noah.ivanov@acme-fake.test,Aisha Blake,2025-07-12 09:04:00,Y,Alex Brooks,Jordan Ivanov,Jordan Whitfield,SKU-3201,Payroll Specialist,,,,,,,,TAG-6944,TAG-9214,jordan.whitfield@sampleco.test,,,,Active,100425,100774,100579,,100264,,,,,100714,,100201,Alpha,100756,,,,,,,elena.patel@examplecorp.test,riley.cohen@examplecorp.test,Re-engagement,100465,,Beta,,,,,,,,101821,,,,Y,N
100696,Contact,102639,rahul.ivanov@acme-fake.test,Riley Rossi,2024-01-30 14:38:00,casey.dorsey@acme-fake.test,Drew Rossi,2025-06-15 15:18:00,emerson.cohen@sampleco.test,Skyler Garcia,2023-10-11 01:19:00,riley.garcia@acme-fake.test,Taylor Okafor,2024-08-31 12:38:00,Y,Sofia Calder,Diego Mensah,Jamie Mensah,SKU-1453,Customer Success Manager,,,,,,,,,REF-6738,jamie.mensah@demomail.test,,,,Active,100400,,100469,,,,,,,100303,,,Gamma,100493,,,Other,,100246,,jamie.dorsey@demomail.test,rowan.mensah@acme-fake.test,Event Invite,100380,Falcon Systems Ltd,,,,,,,,,101843,,,,,
100595,Contact,102641,avery.dorsey@sampleco.test,Rahul Mensah,2022-12-05 14:37:00,rowan.rossi@demomail.test,Morgan Nguyen,2024-01-03 06:37:00,mei.brooks@demomail.test,Priya Sloan,2024-08-06 17:43:00,yara.ashby@sampleco.test,Quinn Sloan,2026-03-14 23:26:00,N,Taylor Calder,Sofia Reyes,Arjun Ivanov,SKU-8734,Executive Assistant,,,,,,,4803,SKU-9276,LOT-7036,arjun.ivanov@examplecorp.test,,,,Inactive,100415,100595,100275,100714,100686,,,,,,,100470,Standard,100181,,,Standard,100246,100137,,casey.haddad@sampleco.test,elena.sato@acme-fake.test,Event Invite,100758,Summit Group LLP,Standard,100054,,,,,,,,,,,,
100639,Contact,102643,liam.vance@sampleco.test,Rahul Okafor,2024-06-02 17:26:00,nina.whitfield@sampleco.test,Avery Calder,2025-05-14 00:36:00,marco.ashby@demomail.test,Taylor Larsson,2023-10-05 21:40:00,elena.kim@sampleco.test,Arjun Cohen,2022-10-23 13:42:00,Y,Elena Mercer,Diego Rossi,Yara Haddad,SKU-7881,Financial Analyst,,,,,,,,,LOT-9434,yara.haddad@sampleco.test,,,,Active,,100211,100493,100469,100009,,,,,100194,,100713,Delta,100429,,,Delta,,100462,,morgan.vance@examplecorp.test,drew.vance@acme-fake.test,Quarterly Newsletter,100454,Brightpath Dynamics LLC,Delta,100673,,,,,,,101819,,,,N,
100445,Contact,102644,yara.blake@demomail.test,Nina Ford,2023-09-25 16:51:00,avery.vance@sampleco.test,Arjun Reyes,2025-12-13 04:29:00,riley.okafor@examplecorp.test,Quinn Dorsey,2025-10-07 11:40:00,arjun.dorsey@examplecorp.test,Drew Kim,2025-03-02 22:05:00,Y,Mei Reyes,Drew Garcia,Taylor Patel,LOT-6345,Software Developer,,,,,,,3333,,TAG-3950,taylor.patel@acme-fake.test,,,,Active,,100790,100269,,100438,,,,,100082,,,Delta,100467,,,Other,100244,100396,,liam.okafor@acme-fake.test,jordan.ivanov@examplecorp.test,Quarterly Newsletter,100519,Delta Energy Ltd,Standard,100232,,,,,,,101822,,,,,N
100756,Contact,102647,priya.vance@examplecorp.test,Morgan Sato,2024-12-19 18:56:00,sofia.ford@sampleco.test,Alex Whitfield,2023-05-22 07:25:00,arjun.kim@examplecorp.test,Rahul Cohen,2023-02-10 22:41:00,elena.mercer@sampleco.test,Nina Okafor,2023-10-19 09:07:00,Y,Arjun Garcia,Noah Dorsey,Noah Whitfield,TAG-3069,Payroll Specialist,,,,,,,,,LOT-9939,noah.whitfield@acme-fake.test,,,,Active,100193,100624,100782,,,,,,,100554,,100639,Other,100007,,,Standard,100178,100776,,fatima.sloan@demomail.test,emerson.larsson@demomail.test,Renewal Nudge,100350,,Delta,,,,,,,,101878,,,,N,
100686,Contact,102648,chen.calder@sampleco.test,Riley Calder,2023-11-13 13:46:00,chen.mercer@demomail.test,Priya Blake,2024-09-02 08:07:00,noah.ford@demomail.test,Reese Brooks,2026-06-16 10:05:00,sofia.vance@demomail.test,Riley Dorsey,2023-04-15 19:32:00,Y,Arjun Dorsey,Sofia Haddad,Riley Sato,REF-8740,Project Manager,,,,,,,,,TAG-9233,riley.sato@examplecorp.test,,,,Active,,100545,100694,100710,,,,,,,,100200,Other,100476,,,Alpha,,100648,,quinn.larsson@examplecorp.test,taylor.ford@sampleco.test,Product Update,100357,Cardinal Labs Co,,100529,,,,,,,101865,,,,Y,
100142,Contact,102649,riley.cohen@acme-fake.test,Elena Kim,2025-08-31 07:44:00,morgan.haddad@sampleco.test,Fatima Reyes,2023-11-19 12:39:00,jordan.kim@sampleco.test,Avery Dorsey,2024-01-25 13:53:00,noah.rossi@demomail.test,Aisha Ford,2026-05-24 10:42:00,N,Yara Mercer,Drew Sloan,Jamie Silva,TAG-5984,Software Developer,,,,,,,,LOT-6865,SKU-6337,jamie.silva@examplecorp.test,,,,Inactive,,100295,100568,100165,100639,,,,,,,,Other,100217,,,,100239,100403,,chen.reyes@sampleco.test,priya.garcia@examplecorp.test,Quarterly Newsletter,100608,,,,,,,,,,,,,,N,
100498,Contact,102651,drew.sato@examplecorp.test,Avery Blake,2024-06-14 19:55:00,jordan.sato@demomail.test,Arjun Garcia,2026-05-10 12:48:00,rowan.sloan@demomail.test,Reese Ford,2023-01-03 11:19:00,alex.costa@sampleco.test,Taylor Patel,2025-02-16 17:42:00,Y,Omar Patel,Omar Patel,Aisha Nguyen,TAG-5168,Data Analyst,,,,,,,,,LOT-8499,aisha.nguyen@acme-fake.test,,,,Active,,,100365,,100514,,,,,,,100073,Alpha,100672,,,,100761,,,quinn.whitfield@demomail.test,arjun.mensah@demomail.test,Renewal Nudge,100721,,,,,,,,,,,,,,N,Y
100399,Contact,102653,jordan.garcia@demomail.test,Yara Nguyen,2024-06-09 06:24:00,alex.ashby@sampleco.test,Aisha Costa,2025-06-02 16:09:00,avery.rossi@sampleco.test,Quinn Calder,2025-08-03 16:32:00,fatima.dorsey@examplecorp.test,Casey Mercer,2023-03-28 18:44:00,N,Reese Dorsey,Sofia Garcia,Emerson Mensah,LOT-3615,Executive Assistant,,SKU-3196,,,,,,,LOT-6906,emerson.mensah@acme-fake.test,,,,Inactive,100762,100451,100462,100714,100503,,,,,100366,,,Gamma,100220,,,Alpha,100029,100067,,aisha.garcia@acme-fake.test,quinn.ivanov@examplecorp.test,Quarterly Newsletter,100503,,Gamma,100412,,,,,,,101807,,,,,
100295,Contact,102655,yara.ford@demomail.test,Aisha Vance,2024-11-10 17:03:00,chen.vance@demomail.test,Drew Garcia,2023-03-05 17:24:00,omar.reyes@examplecorp.test,Omar Haddad,2023-12-29 20:57:00,mei.kim@acme-fake.test,Morgan Sato,2023-03-21 02:39:00,Y,Marco Okafor,Casey Reyes,Avery Mensah,,Bookkeeper,,,Other,,,,,,REF-7478,avery.mensah@acme-fake.test,,,,Active,,100650,100775,100726,100055,,,,,100410,,100750,Gamma,100629,,,Delta,100288,100362,,jordan.sato@examplecorp.test,drew.silva@examplecorp.test,Quarterly Newsletter,100205,Keystone Textiles Corp,,100335,,,,,,,101861,,,,N,
100640,Contact,102656,emerson.reyes@sampleco.test,Reese Kim,2025-09-01 13:30:00,rahul.blake@sampleco.test,Priya Ivanov,2023-09-08 08:02:00,diego.sloan@acme-fake.test,Alex Vance,2024-12-27 01:03:00,avery.reyes@acme-fake.test,Chen Calder,2023-12-04 16:52:00,Y,Quinn Okafor,Rahul Mercer,Skyler Garcia,REF-4056,Financial Analyst,,,,,,SKU-2949,,,LOT-1098,skyler.garcia@acme-fake.test,,,,Active,,100566,100165,,,,,,,100554,,100089,Other,100624,,,Beta,,100466,,skyler.sato@acme-fake.test,arjun.brooks@examplecorp.test,Quarterly Newsletter,100125,,Gamma,,,,,,,,101870,,,,N,
100629,Contact,102659,liam.blake@sampleco.test,Mei Kim,2025-05-27 01:44:00,reese.cohen@sampleco.test,Jamie Sato,2024-01-23 20:18:00,noah.larsson@demomail.test,Drew Patel,2024-07-15 04:28:00,alex.costa@acme-fake.test,Mei Whitfield,2023-10-10 17:25:00,Y,Yara Rossi,Yara Larsson,Avery Silva,,Marketing Coordinator,,,,,,,,,LOT-7118,avery.silva@acme-fake.test,,,,Active,,100529,100273,,100162,REF-5672,,,,,,100299,Standard,100389,,,,100741,100277,,skyler.patel@demomail.test,omar.garcia@acme-fake.test,Renewal Nudge,100632,,,100009,,,,,,,101819,,,,Y,
100481,Contact,102662,riley.patel@examplecorp.test,Elena Vance,2026-06-17 11:04:00,sofia.rossi@demomail.test,Alex Mercer,2024-09-24 19:11:00,diego.ashby@demomail.test,Noah Sato,2022-11-24 13:58:00,riley.vance@demomail.test,Aisha Silva,2022-10-04 17:51:00,Y,Quinn Calder,Sofia Whitfield,Riley Ford,TAG-6608,Data Analyst,,,,,,,,,TAG-8201,riley.ford@acme-fake.test,,,,Active,,,100221,,,,,,,100438,,100361,Delta,100405,,,Standard,100415,,,aisha.haddad@demomail.test,diego.mercer@acme-fake.test,Event Invite,100062,,Gamma,100421,,,,,,,101815,,,,Y,
100629,Contact,102664,noah.whitfield@sampleco.test,Reese Ford,2025-05-28 06:21:00,avery.dorsey@sampleco.test,Sofia Dorsey,2025-10-17 00:27:00,riley.dorsey@examplecorp.test,Elena Calder,2025-10-19 03:46:00,noah.whitfield@examplecorp.test,Chen Sato,2023-04-25 01:52:00,Y,Mei Rossi,Priya Rossi,Avery Larsson,LOT-7285,Software Developer,,,,,,,1807,SKU-9983,REF-5030,avery.larsson@demomail.test,,,,Active,100525,100532,100257,,100652,,,,,100292,,100233,Delta,100281,,,Alpha,100357,,,arjun.kim@sampleco.test,liam.nguyen@examplecorp.test,Event Invite,100383,Delta Systems Ltd,Standard,100295,,,,,,,,,,,,
100448,Contact,102665,avery.nguyen@sampleco.test,Morgan Silva,2025-11-22 00:17:00,mei.brooks@examplecorp.test,Drew Reyes,2023-12-12 06:27:00,quinn.sato@sampleco.test,Jamie Mercer,2026-06-16 21:55:00,fatima.cohen@examplecorp.test,Diego Calder,2025-09-11 11:20:00,Y,Aisha Reyes,Chen Kim,Aisha Brooks,REF-7072,Payroll Specialist,,,,,,SKU-8899,,,LOT-3251,aisha.brooks@demomail.test,,,,Active,100565,,100281,,,,,,,100023,,100467,Other,100123,,,,100595,,,mei.sloan@sampleco.test,avery.brooks@acme-fake.test,Re-engagement,100697,,Gamma,100739,,,,,,,,,,,Y,
100133,Contact,102666,avery.silva@sampleco.test,Arjun Ford,2023-11-10 23:53:00,elena.sloan@sampleco.test,Emerson Mensah,2024-09-06 09:35:00,emerson.costa@examplecorp.test,Diego Sato,2024-02-21 02:51:00,fatima.costa@examplecorp.test,Emerson Sloan,2023-12-22 10:51:00,Y,Rowan Nguyen,Noah Calder,Priya Whitfield,SKU-3126,HR Generalist,,,,,,,,REF-3001,REF-8191,priya.whitfield@demomail.test,,,,Active,100790,,100724,,100284,,,,,100083,,100196,Alpha,100654,,,Other,100782,100629,,skyler.okafor@sampleco.test,mei.calder@examplecorp.test,Event Invite,100375,,,100582,,,,,,,,,,,,
100092,Contact,102668,arjun.silva@sampleco.test,Drew Kim,2023-03-15 20:23:00,arjun.silva@examplecorp.test,Rahul Ford,2026-04-07 20:16:00,fatima.calder@examplecorp.test,Jamie Cohen,2025-10-07 19:55:00,quinn.sloan@demomail.test,Jamie Blake,2025-09-04 21:33:00,Y,Yara Patel,Taylor Garcia,Arjun Okafor,SKU-3604,Software Developer,,,,,,,,,TAG-6384,arjun.okafor@acme-fake.test,,,,Active,100529,100340,100247,100596,100115,LOT-5980,,,,100185,,,Delta,100658,,,,,100157,,mei.ashby@examplecorp.test,drew.silva@sampleco.test,Quarterly Newsletter,100727,,,,,,,,,,,,,,,
100387,Contact,102671,emerson.costa@examplecorp.test,Priya Silva,2026-06-10 23:25:00,rahul.sloan@acme-fake.test,Marco Mensah,2023-05-07 13:19:00,sofia.okafor@demomail.test,Omar Vance,2025-10-10 21:02:00,skyler.garcia@examplecorp.test,Liam Haddad,2022-10-09 04:20:00,Y,Arjun Larsson,Emerson Whitfield,Nina Larsson,LOT-9358,Project Manager,,,,Gamma,,,,TAG-3589,LOT-8627,nina.larsson@examplecorp.test,,,,Active,,100191,100414,,100689,,,,,100035,,100525,Beta,100465,,,Other,,100133,,sofia.garcia@sampleco.test,chen.kim@sampleco.test,Renewal Nudge,100415,Vertex Textiles LLC,,100639,,,,,,,,,,,,
100507,Contact,102673,alex.ford@examplecorp.test,Reese Whitfield,2026-01-28 06:50:00,chen.dorsey@demomail.test,Marco Rossi,2025-08-22 03:23:00,liam.blake@examplecorp.test,Elena Brooks,2026-03-22 14:40:00,drew.blake@examplecorp.test,Sofia Mercer,2023-03-18 10:14:00,Y,Rowan Garcia,Noah Cohen,Skyler Blake,SKU-5589,HR Generalist,,,,,,,,LOT-5147,SKU-5659,skyler.blake@examplecorp.test,,,,Active,100100,100519,100418,100219,,,,,,100410,,100273,Other,100232,,Y,,100566,100745,,skyler.dorsey@demomail.test,yara.whitfield@acme-fake.test,Renewal Nudge,100421,Summit Ventures Group,Alpha,,,,,,,,,,,,,
100743,Contact,102676,aisha.haddad@demomail.test,Noah Ford,2023-10-08 07:34:00,emerson.dorsey@demomail.test,Jordan Sloan,2023-04-26 10:59:00,aisha.mensah@demomail.test,Sofia Sloan,2025-07-20 02:44:00,morgan.costa@examplecorp.test,Liam Okafor,2025-06-29 23:26:00,Y,Arjun Dorsey,Marco Nguyen,Elena Calder,LOT-1635,Executive Assistant,,,,,,,,,LOT-7774,elena.calder@acme-fake.test,,,,Active,,100787,100252,100478,100457,SKU-9268,,,,,,100162,Gamma,100770,,,Standard,,,,jordan.silva@demomail.test,riley.rossi@examplecorp.test,Product Update,100193,Pioneer Manufacturing,Standard,,,,,,,,101807,,,,,
100343,Contact,102677,aisha.larsson@demomail.test,Noah Whitfield,2024-07-23 06:08:00,aisha.ashby@examplecorp.test,Skyler Calder,2023-01-13 12:56:00,omar.mercer@acme-fake.test,Casey Nguyen,2025-02-04 18:45:00,elena.sloan@acme-fake.test,Casey Garcia,2023-08-13 18:30:00,N,Reese Silva,Arjun Haddad,Jamie Vance,TAG-7334,Bookkeeper,,,,,,,,TAG-1406,LOT-3656,jamie.vance@sampleco.test,,,,Inactive,100733,100203,100264,100579,100750,TAG-9120,,,,,,100098,Other,100096,,Y,Alpha,,100410,,elena.brooks@acme-fake.test,reese.sloan@acme-fake.test,Event Invite,100181,Harbor Capital Co,,100089,,,,,,,,,,,N,
100269,Contact,102678,chen.patel@examplecorp.test,Sofia Blake,2022-10-30 10:34:00,drew.patel@acme-fake.test,Chen Whitfield,2023-12-14 00:06:00,liam.costa@acme-fake.test,Quinn Whitfield,2025-08-04 12:04:00,reese.silva@acme-fake.test,Elena Nguyen,2024-04-22 07:29:00,Y,Avery Nguyen,Marco Ford,Elena Dorsey,REF-1740,Financial Analyst,,,,,,,,LOT-6579,REF-3582,elena.dorsey@demomail.test,,,,Active,100648,100634,100275,100611,100232,,,,,,,,Gamma,100236,,,,,100784,,mei.okafor@sampleco.test,rowan.larsson@acme-fake.test,Quarterly Newsletter,100061,,Other,,,,,,,,101819,,,,N,
100776,Contact,102680,rahul.sloan@demomail.test,Fatima Cohen,2025-01-20 07:34:00,emerson.calder@sampleco.test,Avery Sloan,2023-06-28 13:10:00,taylor.sloan@examplecorp.test,Taylor Ashby,2025-04-03 12:07:00,morgan.brooks@examplecorp.test,Reese Kim,2026-02-23 01:30:00,N,Morgan Costa,Aisha Haddad,Casey Silva,SKU-6101,Data Analyst,,,,,,,,,LOT-4591,casey.silva@examplecorp.test,,,,Inactive,100298,100490,100425,100461,,,,,,100214,,100392,Beta,100481,,,Standard,,100747,,omar.rossi@sampleco.test,rowan.ashby@acme-fake.test,Product Update,100579,,,100100,,,,,,,101813,,,,Y,
100396,Contact,102681,arjun.silva@demomail.test,Noah Brooks,2024-11-15 16:07:00,aisha.ashby@acme-fake.test,Yara Costa,2024-11-26 18:10:00,rowan.mercer@sampleco.test,Jamie Reyes,2023-06-10 00:39:00,emerson.mensah@examplecorp.test,Drew Vance,2023-11-24 10:10:00,Y,Elena Mensah,Nina Mensah,Priya Mensah,SKU-4414,Support Specialist,,,,,,,,,REF-4597,priya.mensah@sampleco.test,,,,Active,100246,100635,100476,100624,100119,,,,,,,100516,Other,100153,,,Beta,,100606,,marco.kim@sampleco.test,elena.vance@demomail.test,Event Invite,100457,,,100460,,,,,,,101878,,,,,
100208,Contact,102684,fatima.garcia@demomail.test,Mei Cohen,2024-07-08 02:54:00,alex.reyes@demomail.test,Nina Whitfield,2025-11-28 23:34:00,arjun.sato@demomail.test,Rowan Dorsey,2023-07-09 20:23:00,nina.silva@demomail.test,Jamie Whitfield,2025-05-31 08:39:00,Y,Elena Sloan,Emerson Rossi,Mei Dorsey,TAG-3302,Software Developer,,,,,,,,TAG-8071,TAG-7260,mei.dorsey@sampleco.test,,,,Active,,,100415,,,,,,,100269,,100328,Alpha,100372,,,Gamma,100420,,,marco.okafor@sampleco.test,aisha.mercer@demomail.test,Re-engagement,100473,Beacon Ventures Ltd,,100275,,4,,,,,,,,,N,
100770,Contact,102686,aisha.garcia@demomail.test,Chen Ashby,2026-05-13 04:19:00,priya.sato@sampleco.test,Mei Patel,2023-01-20 08:57:00,rowan.dorsey@sampleco.test,Casey Kim,2024-03-23 08:00:00,omar.calder@examplecorp.test,Yara Dorsey,2024-05-28 13:04:00,Y,Elena Rossi,Priya Okafor,Omar Mensah,REF-8094,Accountant,,,,,,TAG-6772,,REF-4086,REF-8270,omar.mensah@sampleco.test,,,,Active,100561,100068,100733,100771,100707,,,,,100208,,,Delta,100121,,,Standard,,,,priya.mensah@examplecorp.test,diego.vance@sampleco.test,Renewal Nudge,100140,,Alpha,,,,,,,,101831,,,,Y,
100231,Contact,102688,casey.mensah@sampleco.test,Mei Vance,2026-04-12 02:58:00,emerson.kim@acme-fake.test,Emerson Blake,2025-05-25 18:16:00,rahul.ivanov@demomail.test,Casey Ivanov,2025-07-26 12:25:00,jordan.blake@demomail.test,Jordan Blake,2022-12-18 10:23:00,Y,Fatima Brooks,Marco Whitfield,Nina Sato,REF-7328,Support Specialist,,,,,,,,REF-4115,SKU-4546,nina.sato@examplecorp.test,,,,Active,100425,100053,100782,100616,100275,,,,,,,100438,Gamma,100019,,,Standard,100582,100199,,omar.mercer@acme-fake.test,diego.mensah@sampleco.test,Re-engagement,100325,,,100737,,,,,,,,,,,Y,Y
100528,Contact,102689,rahul.whitfield@demomail.test,Quinn Ivanov,2026-07-27 12:28:00,noah.ashby@demomail.test,Rowan Kim,2026-02-03 17:04:00,noah.reyes@acme-fake.test,Alex Haddad,2026-07-27 09:45:00,marco.sloan@sampleco.test,Emerson Ashby,2023-03-03 08:52:00,Y,Omar Larsson,Chen Costa,Elena Reyes,SKU-2375,Operations Associate,,,,,,,,,SKU-6597,elena.reyes@demomail.test,,,,Active,100509,,100232,100152,100062,,,,,,,100112,Beta,100366,,,Standard,100252,100096,,morgan.dorsey@sampleco.test,alex.brooks@demomail.test,Event Invite,100613,,,,,,,,,,,,,,,
100380,Contact,102691,morgan.sato@sampleco.test,Casey Sato,2023-04-17 17:07:00,chen.larsson@demomail.test,Marco Patel,2026-02-17 03:41:00,jamie.whitfield@examplecorp.test,Rowan Cohen,2023-04-04 13:34:00,fatima.cohen@sampleco.test,Arjun Ashby,2025-12-06 15:46:00,Y,Noah Haddad,Priya Kim,Rowan Ivanov,TAG-4000,Financial Analyst,,,,,,,,,REF-2165,rowan.ivanov@examplecorp.test,,,,Active,100128,100172,100035,,100410,,,,,100616,,100551,Delta,100130,,,Standard,100387,,,chen.haddad@sampleco.test,mei.dorsey@demomail.test,Product Update,100382,Delta Textiles Corp,,,,6,,,,,101816,,,,Y,
100733,Contact,102693,diego.sloan@examplecorp.test,Yara Sloan,2023-12-30 11:35:00,emerson.silva@acme-fake.test,Morgan Kim,2024-10-28 13:27:00,skyler.rossi@examplecorp.test,Taylor Ashby,2024-05-15 23:04:00,morgan.cohen@examplecorp.test,Yara Cohen,2025-01-28 01:19:00,Y,Elena Mercer,Taylor Ivanov,Liam Ivanov,LOT-5889,HR Generalist,,,,,,,,,LOT-6913,liam.ivanov@demomail.test,,,,Active,,100229,100689,100201,,,,,,100453,,,Gamma,100721,,,Standard,,,,jamie.sato@acme-fake.test,drew.cohen@demomail.test,Renewal Nudge,100696,,Beta,100516,,,,,,,101858,,,,N,
100449,Contact,102694,yara.reyes@examplecorp.test,Arjun Dorsey,2022-11-25 00:50:00,rahul.larsson@examplecorp.test,Diego Okafor,2025-09-20 21:56:00,skyler.cohen@demomail.test,Nina Sato,2024-08-29 01:10:00,casey.larsson@acme-fake.test,Casey Larsson,2026-02-11 14:21:00,Y,Taylor Sato,Avery Calder,Priya Mercer,LOT-3688,Data Analyst,,,,,,,,TAG-5035,LOT-5339,priya.mercer@demomail.test,,,,Active,100398,100242,100672,100339,100200,,,,,100219,,100574,Standard,100671,,N,Gamma,,,,noah.okafor@acme-fake.test,priya.kim@examplecorp.test,Renewal Nudge,100785,,Gamma,,,2,,,,,101849,,,,Y,
100352,Contact,102696,riley.cohen@acme-fake.test,Aisha Ford,2024-07-18 19:52:00,elena.ivanov@acme-fake.test,Riley Reyes,2025-05-03 18:59:00,nina.calder@examplecorp.test,Chen Rossi,2023-08-21 01:28:00,alex.whitfield@sampleco.test,Rahul Costa,2025-04-27 15:49:00,Y,Priya Okafor,Alex Haddad,Alex Silva,LOT-1457,Executive Assistant,,,,,,,,,LOT-9633,alex.silva@demomail.test,,,,Active,,100046,100585,100273,,,,,,,,,Other,100552,,,,,100182,,emerson.larsson@acme-fake.test,drew.brooks@examplecorp.test,Product Update,100519,,,,,,,,,,101816,,,,,
100286,Contact,102698,omar.haddad@examplecorp.test,Marco Ivanov,2025-06-07 12:45:00,morgan.reyes@sampleco.test,Emerson Ashby,2026-05-21 07:03:00,marco.calder@acme-fake.test,Rahul Dorsey,2025-01-10 21:37:00,taylor.brooks@demomail.test,Jamie Mensah,2023-02-11 22:10:00,N,Arjun Brooks,Riley Rossi,Rahul Haddad,LOT-8337,Financial Analyst,,,,,,,,,LOT-7011,rahul.haddad@demomail.test,,,,Inactive,100149,,100770,100699,,,,,,100558,,,Delta,100053,,,,100449,,,rowan.ford@acme-fake.test,skyler.kim@acme-fake.test,Product Update,100700,,Gamma,,,,,,,,101837,,,,N,Y
100771,Contact,102699,taylor.nguyen@examplecorp.test,Quinn Costa,2025-02-25 03:09:00,priya.nguyen@demomail.test,Diego Ivanov,2025-02-15 11:18:00,noah.ashby@demomail.test,Nina Mercer,2024-06-19 14:33:00,diego.sloan@acme-fake.test,Morgan Nguyen,2022-10-16 07:16:00,Y,Sofia Reyes,Taylor Sloan,Avery Calder,LOT-5249,Executive Assistant,,,,,,,,,LOT-5684,avery.calder@acme-fake.test,,,,Active,100661,100564,100296,100253,,,,,,,,100208,Beta,100743,,Y,,100699,100559,,jordan.blake@demomail.test,arjun.haddad@acme-fake.test,Event Invite,100023,Northwind Analytics Ltd,Delta,,,,,,,,,,,,Y,
100157,Contact,102702,taylor.mensah@sampleco.test,Rowan Okafor,2023-05-20 06:39:00,drew.blake@examplecorp.test,Diego Sato,2025-06-07 12:19:00,taylor.calder@demomail.test,Jordan Haddad,2026-05-26 07:10:00,nina.ashby@examplecorp.test,Casey Silva,2024-05-13 04:50:00,N,Arjun Sloan,Quinn Nguyen,Morgan Patel,SKU-7854,Customer Success Manager,,,,Other,,,,REF-7313,LOT-9740,morgan.patel@examplecorp.test,,,,Inactive,,100428,100647,,100118,,,,,100445,,100137,Standard,100639,,,Beta,100311,,,aisha.ford@acme-fake.test,alex.okafor@examplecorp.test,Re-engagement,100220,,Gamma,100386,,,,,,,,,,,N,
100173,Contact,102705,priya.kim@examplecorp.test,Diego Brooks,2023-08-22 17:38:00,noah.whitfield@sampleco.test,Aisha Dorsey,2023-11-17 04:26:00,drew.brooks@acme-fake.test,Marco Haddad,2024-04-15 14:52:00,fatima.silva@sampleco.test,Avery Ford,2025-08-30 11:15:00,N,Mei Okafor,Priya Whitfield,Emerson Haddad,REF-1082,Executive Assistant,,,,,,,,,TAG-3840,emerson.haddad@examplecorp.test,,,,Inactive,100125,100378,100774,100173,100745,,,,,100040,,100016,Delta,100012,,,,100396,100109,,marco.ford@sampleco.test,chen.dorsey@acme-fake.test,Re-engagement,100697,,Alpha,100087,,,,,,,101798,,,,,
100608,Contact,102707,riley.mercer@sampleco.test,Casey Sato,2023-05-27 22:01:00,arjun.brooks@examplecorp.test,Noah Larsson,2023-04-20 17:43:00,arjun.ashby@sampleco.test,Aisha Reyes,2023-07-02 19:11:00,morgan.kim@examplecorp.test,Priya Blake,2023-10-31 22:22:00,Y,Rowan Sloan,Chen Reyes,Riley Kim,SKU-6349,Software Developer,,,,,,,,TAG-3062,LOT-9565,riley.kim@sampleco.test,,,,Active,,,100133,100428,,,,,,100005,,100068,Delta,100786,,,,100021,,,rowan.ivanov@acme-fake.test,arjun.patel@sampleco.test,Renewal Nudge,100157,,,,,,,,,,,,,,N,
100055,Contact,102709,fatima.mensah@demomail.test,Aisha Whitfield,2022-10-16 06:27:00,reese.haddad@examplecorp.test,Reese Silva,2025-11-05 00:42:00,omar.garcia@acme-fake.test,Mei Blake,2025-05-29 03:15:00,nina.garcia@examplecorp.test,Alex Whitfield,2022-11-07 17:33:00,Y,Avery Cohen,Morgan Mensah,Morgan Reyes,LOT-3251,Financial Analyst,,,,,,,,,REF-2287,morgan.reyes@examplecorp.test,,,,Active,100181,100284,100229,,,,,,,100593,,100759,Other,100296,,,Standard,,100260,,arjun.brooks@sampleco.test,diego.patel@demomail.test,Product Update,100714,,,100103,,,,,,,101854,,,,,
100058,Contact,102711,arjun.cohen@sampleco.test,Jamie Ashby,2023-03-01 20:44:00,riley.rossi@acme-fake.test,Priya Sato,2023-12-11 10:41:00,omar.vance@acme-fake.test,Riley Sloan,2026-03-04 23:24:00,noah.sato@sampleco.test,Rowan Cohen,2023-08-23 15:50:00,Y,Priya Blake,Diego Haddad,Drew Calder,LOT-5236,Marketing Coordinator,,,,Beta,,,,REF-5876,LOT-4561,drew.calder@demomail.test,,,,Active,100519,100665,100522,100740,100776,,,,,100042,,100648,Delta,100405,,,,,100161,,alex.cohen@demomail.test,noah.rossi@acme-fake.test,Event Invite,100199,,Gamma,,,,,,,,,,,,Y,
100667,Contact,102713,reese.sato@acme-fake.test,Mei Costa,2022-12-05 21:39:00,reese.cohen@sampleco.test,Mei Haddad,2024-11-08 23:40:00,sofia.whitfield@examplecorp.test,Riley Ford,2023-12-22 12:08:00,chen.garcia@examplecorp.test,Noah Vance,2024-04-30 21:29:00,N,Nina Costa,Alex Okafor,Diego Okafor,REF-9468,Support Specialist,,,,,,,6694,,LOT-3926,diego.okafor@examplecorp.test,,,,Inactive,100340,100137,100371,100086,,,,,,,,,Beta,100782,,,Alpha,,,,noah.okafor@acme-fake.test,quinn.calder@sampleco.test,Event Invite,100747,Meridian Foods LLC,,,,,,,,,,,,,Y,
100053,Contact,102716,arjun.larsson@acme-fake.test,Arjun Ford,2026-07-09 19:04:00,riley.ford@demomail.test,Yara Cohen,2024-10-23 10:31:00,rowan.whitfield@acme-fake.test,Skyler Okafor,2025-03-17 15:22:00,riley.reyes@demomail.test,Reese Garcia,2023-07-21 04:28:00,Y,Rowan Vance,Taylor Patel,Taylor Mensah,REF-8068,Recruiter,,,,,,,,,SKU-4275,taylor.mensah@demomail.test,,,,Active,100730,100538,100089,100445,100469,,,,,,,100559,Alpha,100118,,,Other,100014,,,sofia.ford@acme-fake.test,reese.ashby@acme-fake.test,Re-engagement,100033,,,,,,,,,,,,,,N,
100217,Contact,102719,fatima.brooks@examplecorp.test,Yara Mensah,2024-08-26 22:26:00,jordan.silva@demomail.test,Alex Mercer,2025-10-15 19:01:00,nina.costa@examplecorp.test,Yara Haddad,2023-04-28 02:37:00,nina.kim@demomail.test,Mei Ivanov,2025-03-04 23:23:00,N,Skyler Nguyen,Emerson Mensah,Mei Dorsey,SKU-3043,HR Generalist,,,,,,,,,REF-6134,mei.dorsey@acme-fake.test,,,,Inactive,100076,,100345,,,,,,,100079,,100737,Other,100040,,,Delta,100779,,,avery.reyes@sampleco.test,taylor.haddad@examplecorp.test,Quarterly Newsletter,100732,Northwind Manufacturing,Beta,,,,,,,,101878,,,,,
100208,Contact,102722,rowan.mensah@acme-fake.test,Chen Costa,2024-03-31 04:40:00,mei.nguyen@sampleco.test,Elena Brooks,2023-10-23 12:09:00,omar.ford@sampleco.test,Priya Vance,2025-03-02 09:35:00,elena.nguyen@acme-fake.test,Arjun Brooks,2025-01-29 18:20:00,N,Mei Ashby,Casey Sloan,Liam Mensah,LOT-5570,Customer Success Manager,,LOT-1417,,,,,,TAG-7885,REF-6584,liam.mensah@examplecorp.test,,,,Inactive,100700,100330,100454,,100357,,,,,100471,,,Standard,100155,,,Alpha,100652,100288,,arjun.nguyen@acme-fake.test,liam.whitfield@acme-fake.test,Event Invite,100295,,Delta,100747,,,,,,,101871,,,,Y,
100061,Contact,102724,sofia.rossi@acme-fake.test,Omar Silva,2025-09-14 07:47:00,fatima.garcia@examplecorp.test,Nina Brooks,2025-05-19 01:29:00,sofia.whitfield@acme-fake.test,Jordan Okafor,2026-02-14 09:34:00,riley.larsson@demomail.test,Jordan Rossi,2024-11-11 17:06:00,N,Priya Haddad,Omar Mercer,Jamie Sato,TAG-8177,HR Generalist,,,,,,,,REF-9996,LOT-6201,jamie.sato@examplecorp.test,,,,Inactive,100246,100568,100638,100503,100671,,,,,100493,,,Beta,100574,,,Other,100292,,,mei.mercer@demomail.test,emerson.mercer@demomail.test,Product Update,100675,Ironwood Industries Inc,Delta,100145,,,,,,,101836,,,,Y,
100119,Contact,102727,emerson.blake@examplecorp.test,Priya Ivanov,2022-11-13 18:12:00,arjun.rossi@sampleco.test,Aisha Okafor,2025-05-10 07:21:00,nina.cohen@acme-fake.test,Elena Rossi,2024-06-13 15:17:00,mei.larsson@sampleco.test,Rowan Haddad,2023-02-13 06:36:00,Y,Arjun Ford,Reese Calder,Morgan Whitfield,TAG-9758,Payroll Specialist,,,,,,,,SKU-2698,SKU-1945,morgan.whitfield@examplecorp.test,,,,Active,100137,100152,100275,,100639,,,,,100361,,,Delta,100152,,,Beta,,100115,,casey.cohen@acme-fake.test,chen.patel@acme-fake.test,Renewal Nudge,100054,,Gamma,100355,,,0,,,,101800,,,,Y,Y
100157,Contact,102728,marco.nguyen@acme-fake.test,Riley Mensah,2024-08-19 02:08:00,reese.calder@acme-fake.test,Reese Reyes,2026-03-14 17:50:00,reese.rossi@acme-fake.test,Jamie Larsson,2025-11-11 01:02:00,taylor.whitfield@examplecorp.test,Sofia Blake,2024-08-27 20:58:00,N,Nina Mensah,Liam Brooks,Reese Brooks,SKU-9998,Accountant,,,,,,,,,TAG-1184,reese.brooks@demomail.test,,,,Inactive,,100065,100680,,100565,,,,,,,100350,Delta,100106,,,,,,,jamie.silva@acme-fake.test,jamie.rossi@acme-fake.test,Event Invite,100664,,,100149,,,,,,,101875,,,,,
100680,Contact,102731,alex.blake@examplecorp.test,Noah Reyes,2026-03-05 06:08:00,mei.larsson@demomail.test,Casey Vance,2023-07-05 11:15:00,avery.haddad@demomail.test,Casey Whitfield,2026-04-28 05:31:00,sofia.mercer@examplecorp.test,Avery Sloan,2024-02-16 11:49:00,Y,Liam Cohen,Liam Costa,Emerson Reyes,REF-8972,Payroll Specialist,,REF-9868,,,,,,LOT-6946,TAG-7283,emerson.reyes@examplecorp.test,,,,Active,,100572,100449,100606,100322,,,,,,,100109,Gamma,100224,,,Gamma,,,,nina.vance@acme-fake.test,rahul.mensah@demomail.test,Event Invite,100576,,,,,,,,,,101875,,,,,
100401,Contact,102734,rowan.rossi@sampleco.test,Jamie Costa,2023-06-14 18:18:00,nina.cohen@sampleco.test,Elena Vance,2023-10-04 06:15:00,priya.mensah@examplecorp.test,Fatima Reyes,2025-02-19 08:54:00,riley.okafor@examplecorp.test,Priya Ford,2024-11-04 19:41:00,N,Riley Mensah,Casey Costa,Elena Whitfield,TAG-7569,Software Developer,,,,,,SKU-3594,,,LOT-9628,elena.whitfield@sampleco.test,,,,Inactive,100396,100640,100372,,,,,,,,,100658,Gamma,100123,,,,100058,100219,,taylor.sato@demomail.test,arjun.ashby@sampleco.test,Product Update,100009,,,,,,,,,,,,,,Y,
100457,Contact,102735,marco.haddad@acme-fake.test,Sofia Silva,2023-11-11 11:01:00,riley.blake@sampleco.test,Rowan Blake,2023-10-31 14:01:00,drew.brooks@examplecorp.test,Rowan Blake,2023-04-23 21:55:00,arjun.whitfield@acme-fake.test,Morgan Blake,2024-06-28 15:48:00,Y,Chen Costa,Noah Whitfield,Diego Kim,TAG-6280,Customer Success Manager,,,Alpha,,,,,,SKU-5562,diego.kim@sampleco.test,,,,Active,100121,,100449,,,,,,,,,100504,Delta,100077,,,Gamma,100174,,,casey.sloan@demomail.test,quinn.kim@sampleco.test,Re-engagement,100516,,,100593,,,,,,,,,,,,
100269,Contact,102736,noah.cohen@sampleco.test,Alex Silva,2023-05-03 14:17:00,emerson.mercer@demomail.test,Liam Larsson,2025-08-28 22:51:00,arjun.larsson@sampleco.test,Taylor Silva,2024-06-26 00:51:00,yara.okafor@acme-fake.test,Liam Costa,2026-05-21 21:19:00,Y,Casey Kim,Jamie Costa,Alex Mercer,SKU-1848,Customer Success Manager,,,,,,REF-7730,,,TAG-2404,alex.mercer@examplecorp.test,,,,Active,,,100005,100647,,,,,,,,100762,Other,100658,,,Delta,100355,100173,,quinn.reyes@demomail.test,yara.patel@sampleco.test,Product Update,100153,,Standard,100765,,,,,,,,,,,,
100471,Contact,102739,quinn.reyes@sampleco.test,Avery Garcia,2026-04-24 02:50:00,nina.blake@acme-fake.test,Noah Garcia,2025-03-30 15:21:00,omar.rossi@examplecorp.test,Quinn Haddad,2026-01-03 09:12:00,marco.mercer@examplecorp.test,Liam Sloan,2024-09-16 19:01:00,Y,Fatima Okafor,Drew Sloan,Drew Nguyen,SKU-1004,Project Manager,,,,,Alpha,SKU-9760,,,SKU-4630,drew.nguyen@acme-fake.test,,,,Active,,,100753,,,,,,,,,100398,Standard,100208,,,,100551,100535,,arjun.mensah@demomail.test,mei.dorsey@examplecorp.test,Renewal Nudge,100442,Delta Networks Co,,100239,,,,,,,,,,,,
100532,Contact,102740,avery.larsson@acme-fake.test,Mei Patel,2024-08-09 01:31:00,casey.vance@demomail.test,Rahul Sato,2022-11-29 04:06:00,emerson.vance@acme-fake.test,Emerson Ivanov,2025-01-01 00:08:00,priya.whitfield@sampleco.test,Elena Sato,2024-04-27 06:32:00,N,Noah Garcia,Fatima Garcia,Noah Blake,LOT-3328,Recruiter,,,,,,,,,TAG-7625,noah.blake@acme-fake.test,,,,Inactive,100484,,100468,100415,100750,,,,,100191,,100233,Other,100667,,,Beta,,100601,,reese.sloan@demomail.test,nina.kim@acme-fake.test,Re-engagement,100123,Horizon Textiles Co,Standard,100568,,,,,,,,,,,,
100100,Contact,102743,casey.cohen@examplecorp.test,Yara Vance,2024-06-04 22:13:00,fatima.rossi@acme-fake.test,Riley Reyes,2026-04-23 17:09:00,jordan.mercer@examplecorp.test,Taylor Ford,2025-10-16 03:18:00,quinn.ashby@sampleco.test,Mei Ivanov,2026-07-02 00:32:00,Y,Arjun Kim,Mei Calder,Nina Mercer,LOT-6861,HR Generalist,,,,,,,,,LOT-5643,nina.mercer@examplecorp.test,,,,Active,,,100117,,,,,,,100400,,,Alpha,100357,,N,,,100441,,nina.brooks@demomail.test,emerson.okafor@examplecorp.test,Event Invite,100378,Cardinal Labs,Delta,,,,,,,,101849,,,,,
100009,Contact,102745,noah.mensah@examplecorp.test,Taylor Silva,2026-05-26 16:35:00,jordan.larsson@sampleco.test,Avery Haddad,2024-12-19 09:39:00,quinn.okafor@examplecorp.test,Elena Dorsey,2025-01-19 04:29:00,fatima.haddad@demomail.test,Diego Patel,2022-10-05 18:56:00,N,Sofia Sloan,Avery Haddad,Marco Patel,REF-8362,Customer Success Manager,,,,,,,,,SKU-2082,marco.patel@acme-fake.test,,,,Inactive,,,100383,,,,,,,100355,,100428,Alpha,100790,,,Alpha,100410,100619,,mei.silva@sampleco.test,alex.whitfield@acme-fake.test,Event Invite,100188,Harbor Robotics Ltd,Gamma,,,,,,,,101822,,,,,
100582,Contact,102746,fatima.vance@acme-fake.test,Skyler Mercer,2024-08-15 01:48:00,sofia.kim@demomail.test,Casey Patel,2022-10-12 08:12:00,priya.ivanov@acme-fake.test,Avery Haddad,2024-01-17 16:01:00,reese.ford@examplecorp.test,Skyler Haddad,2023-09-12 17:13:00,N,Chen Ford,Marco Mensah,Nina Okafor,SKU-4939,Support Specialist,,,,,,,6895,,REF-6671,nina.okafor@demomail.test,,,,Inactive,100253,100457,100140,,,,,,,,,100528,Gamma,100737,,,Delta,,100516,,fatima.reyes@examplecorp.test,morgan.brooks@demomail.test,Re-engagement,100366,,,100683,,,,,,,,,,,,
100292,Contact,102749,quinn.mercer@sampleco.test,Taylor Brooks,2026-05-09 21:39:00,marco.sloan@demomail.test,Jordan Sato,2023-03-15 01:54:00,nina.garcia@demomail.test,Arjun Rossi,2022-12-25 20:20:00,yara.whitfield@sampleco.test,Skyler Vance,2024-01-05 20:37:00,N,Riley Sloan,Marco Haddad,Marco Kim,REF-6286,Operations Associate,,,,,,,,LOT-9947,TAG-1884,marco.kim@sampleco.test,,,,Inactive,100582,,100643,,100352,REF-8486,,,,100264,,,Standard,100271,,,Other,,100083,,quinn.blake@demomail.test,marco.brooks@sampleco.test,Renewal Nudge,100522,Meridian Partners LLC,,,,,,,,,101843,,,,,
100201,Contact,102750,riley.whitfield@demomail.test,Elena Larsson,2023-06-14 03:47:00,fatima.okafor@examplecorp.test,Avery Cohen,2023-10-19 02:47:00,diego.okafor@examplecorp.test,Chen Nguyen,2024-12-10 04:55:00,rahul.ashby@acme-fake.test,Sofia Nguyen,2022-11-24 09:16:00,N,Skyler Brooks,Rowan Costa,Yara Blake,REF-3149,Support Specialist,,,,,,,,LOT-3544,SKU-2447,yara.blake@acme-fake.test,,,,Inactive,100068,100003,100019,100595,100047,,,,,100098,,,Alpha,100493,,,,,100236,,nina.silva@acme-fake.test,rowan.reyes@examplecorp.test,Re-engagement,100494,Harbor Ventures Corp,Other,,,,,,,,101873,,,,,
100372,Contact,102752,mei.rossi@examplecorp.test,Morgan Cohen,2024-10-06 20:42:00,diego.kim@acme-fake.test,Marco Blake,2024-05-09 11:27:00,priya.brooks@demomail.test,Reese Garcia,2022-12-24 13:40:00,priya.kim@examplecorp.test,Quinn Costa,2023-02-19 18:07:00,Y,Arjun Rossi,Noah Reyes,Jamie Sato,TAG-2949,Customer Success Manager,,,,,,,,LOT-5530,SKU-2181,jamie.sato@demomail.test,,,,Active,,,100191,,,,,,,,,100498,Beta,100551,,,Alpha,100648,,,yara.patel@acme-fake.test,priya.dorsey@examplecorp.test,Quarterly Newsletter,100743,Atlas Dynamics LLC,,100214,,,,,,,,,,,Y,
100317,Contact,102754,diego.whitfield@acme-fake.test,Rowan Ford,2023-11-06 14:20:00,jordan.whitfield@examplecorp.test,Reese Mercer,2023-07-02 16:07:00,sofia.reyes@acme-fake.test,Alex Calder,2025-07-13 08:14:00,yara.calder@sampleco.test,Jamie Sato,2022-12-05 04:54:00,Y,Reese Blake,Rowan Cohen,Drew Garcia,SKU-5461,Software Developer,,,,Delta,,,,,REF-1337,drew.garcia@sampleco.test,,,,Active,100023,,100750,,100494,,,,,100023,,100233,Other,100759,,,,100220,,,rahul.reyes@sampleco.test,yara.dorsey@acme-fake.test,Event Invite,100545,,Delta,100345,,,,,,,101827,Y,,,,
100382,Contact,102755,sofia.reyes@demomail.test,Riley Ivanov,2026-05-05 17:55:00,drew.kim@acme-fake.test,Omar Rossi,2024-02-07 20:01:00,sofia.ashby@demomail.test,Arjun Vance,2026-06-08 10:20:00,fatima.nguyen@examplecorp.test,Chen Reyes,2026-06-03 23:38:00,Y,Jamie Vance,Riley Silva,Riley Ford,REF-9456,Marketing Coordinator,,,,,,,,,REF-6591,riley.ford@acme-fake.test,,,,Active,100392,100484,100599,,,,,,,100247,,100083,Alpha,100691,,,,100112,100242,,quinn.silva@acme-fake.test,jamie.mercer@acme-fake.test,Product Update,100775,Evergreen Ventures Co,Beta,,,,,,,,,,,,,
100023,Contact,102756,diego.ford@examplecorp.test,Omar Rossi,2024-12-12 08:08:00,yara.ford@acme-fake.test,Fatima Rossi,2026-02-05 14:53:00,rowan.reyes@sampleco.test,Drew Whitfield,2022-11-04 03:07:00,fatima.brooks@demomail.test,Skyler Sloan,2024-07-18 09:13:00,Y,Omar Haddad,Riley Ashby,Reese Dorsey,TAG-1695,Data Analyst,,,,,,,,TAG-6484,SKU-4038,reese.dorsey@sampleco.test,,,,Active,100627,100436,100169,,100572,,,,,100651,,100103,Standard,100291,,,Beta,100096,,,arjun.kim@examplecorp.test,yara.calder@acme-fake.test,Quarterly Newsletter,100178,Silverline Industries Inc,,,,,,,,,101873,,,,,
100244,Contact,102759,nina.vance@examplecorp.test,Omar Ashby,2024-09-30 06:04:00,jamie.mercer@examplecorp.test,Liam Whitfield,2025-05-07 08:24:00,elena.costa@sampleco.test,Diego Mercer,2024-12-18 05:32:00,alex.ford@demomail.test,Elena Ashby,2024-08-04 17:55:00,Y,Casey Haddad,Rowan Nguyen,Jamie Ivanov,REF-3362,Executive Assistant,,,,,,,,,SKU-2485,jamie.ivanov@sampleco.test,,,,Active,100208,,100635,,100286,,,,,100654,,100675,Beta,100336,,,Other,,,,quinn.reyes@demomail.test,sofia.garcia@examplecorp.test,Renewal Nudge,100721,Everest Textiles Inc,Other,100639,,,,,,,101819,,,,,
100303,Contact,102761,morgan.ivanov@sampleco.test,Morgan Haddad,2025-08-14 07:47:00,chen.okafor@demomail.test,Skyler Ford,2026-06-25 20:40:00,marco.vance@examplecorp.test,Emerson Vance,2024-11-25 13:35:00,morgan.whitfield@demomail.test,Rowan Calder,2023-01-13 21:01:00,Y,Jordan Silva,Avery Dorsey,Emerson Kim,SKU-5531,Payroll Specialist,,,,,,,474,,REF-3055,emerson.kim@examplecorp.test,,,,Active,,,100421,100016,,,,,,,,,Beta,100298,,,,,,,emerson.mercer@sampleco.test,quinn.blake@examplecorp.test,Event Invite,100399,Evergreen Holdings Ltd,Other,,,,,,,,101867,,,,,
100599,Contact,102763,taylor.mercer@demomail.test,Alex Ashby,2023-08-12 14:30:00,rahul.ford@sampleco.test,Emerson Nguyen,2023-02-18 20:31:00,priya.ford@sampleco.test,Casey Patel,2023-07-11 05:55:00,omar.ford@acme-fake.test,Elena Rossi,2026-01-21 21:21:00,Y,Alex Ashby,Omar Ashby,Aisha Reyes,SKU-2767,QA Engineer,,,,Delta,,,,,TAG-2944,aisha.reyes@examplecorp.test,,,,Active,,100365,100675,100147,100260,,,,,,,,Other,100785,,,Other,100380,,,riley.ford@demomail.test,chen.ford@acme-fake.test,Re-engagement,100100,,Standard,100761,,,,,,,,,,,N,
100014,Contact,102764,emerson.okafor@examplecorp.test,Rowan Nguyen,2024-05-11 03:55:00,noah.ashby@sampleco.test,Avery Sloan,2023-05-22 04:57:00,jamie.dorsey@sampleco.test,Noah Mensah,2024-12-03 06:24:00,avery.nguyen@demomail.test,Reese Costa,2025-05-30 18:21:00,Y,Morgan Nguyen,Sofia Dorsey,Rowan Mensah,LOT-6382,Recruiter,,,,,,,,,TAG-7872,rowan.mensah@sampleco.test,,,,Active,100494,100369,100425,,100252,,,,,,,,Other,100372,,,,100572,100204,,reese.larsson@examplecorp.test,riley.nguyen@demomail.test,Re-engagement,100495,,,100640,,,,,,,101860,,,,N,
100651,Contact,102766,drew.ivanov@sampleco.test,Fatima Silva,2025-03-29 16:35:00,morgan.rossi@sampleco.test,Riley Costa,2026-03-22 05:55:00,yara.calder@examplecorp.test,Taylor Calder,2026-06-13 17:17:00,liam.rossi@examplecorp.test,Morgan Rossi,2025-06-06 17:54:00,Y,Aisha Okafor,Rowan Costa,Chen Ivanov,TAG-8391,Project Manager,,,,,,,,SKU-9759,REF-4462,chen.ivanov@sampleco.test,,,,Active,,100335,100345,100601,100647,,,,,100756,,100375,Gamma,100724,,,,100275,100362,,noah.ashby@demomail.test,jamie.whitfield@examplecorp.test,Product Update,100173,Harbor Capital LLC,Alpha,100421,,,,,,,101887,,,,,
100263,Contact,102767,avery.ashby@sampleco.test,Priya Reyes,2026-03-14 11:08:00,elena.brooks@sampleco.test,Marco Sato,2023-06-03 06:58:00,casey.larsson@demomail.test,Chen Reyes,2026-06-21 02:05:00,jamie.blake@acme-fake.test,Reese Ashby,2023-12-01 13:37:00,Y,Omar Calder,Emerson Okafor,Sofia Sato,SKU-2508,Executive Assistant,,,,,,,,,REF-9138,sofia.sato@acme-fake.test,,,,Active,,100319,100023,100281,100067,,,,,100191,,100683,Standard,100303,,,Alpha,100117,100357,,elena.blake@acme-fake.test,riley.rossi@demomail.test,Product Update,100593,Falcon Holdings Co,Standard,100608,,,,,,,,,,,Y,
100023,Contact,102769,quinn.vance@acme-fake.test,Alex Larsson,2025-08-02 22:39:00,jamie.cohen@sampleco.test,Avery Garcia,2024-03-07 19:31:00,arjun.whitfield@examplecorp.test,Morgan Okafor,2026-02-13 12:07:00,elena.kim@sampleco.test,Rahul Whitfield,2025-06-30 14:37:00,Y,Taylor Haddad,Jordan Costa,Fatima Larsson,LOT-1430,Software Developer,,,,,,,,,TAG-8758,fatima.larsson@sampleco.test,,,,Active,,100322,100046,100660,100473,,,,,100162,,,Other,100634,,,Other,100478,,,aisha.okafor@demomail.test,nina.sloan@sampleco.test,Re-engagement,100145,,,100362,,,,,,,,,,,,
100779,Contact,102770,rahul.sato@acme-fake.test,Skyler Sloan,2025-05-05 11:33:00,rahul.reyes@examplecorp.test,Emerson Ashby,2025-11-24 10:32:00,fatima.kim@acme-fake.test,Omar Garcia,2024-11-29 09:58:00,skyler.larsson@demomail.test,Priya Dorsey,2024-05-22 11:00:00,N,Yara Okafor,Marco Sloan,Fatima Vance,LOT-8615,Data Analyst,,,,,,,,,SKU-3176,fatima.vance@examplecorp.test,,,,Inactive,,,100689,100737,,,,,,100277,,100565,Alpha,100601,,,,100396,,,rowan.mercer@examplecorp.test,marco.nguyen@demomail.test,Event Invite,100284,,,100420,,7,,,,,101875,Y,,,,
100548,Contact,102773,drew.vance@demomail.test,Elena Ashby,2024-06-11 21:52:00,yara.costa@sampleco.test,Arjun Costa,2024-05-03 18:28:00,rahul.whitfield@demomail.test,Omar Costa,2025-05-12 19:39:00,aisha.mensah@acme-fake.test,Avery Larsson,2023-06-26 02:24:00,Y,Elena Sloan,Arjun Kim,Elena Silva,REF-6762,Accountant,,,,,,,,TAG-3315,LOT-7439,elena.silva@sampleco.test,,,,Active,100656,100658,100647,,,,,,,100215,,100162,Standard,100086,,,,100062,100745,,omar.calder@acme-fake.test,skyler.reyes@acme-fake.test,Re-engagement,100325,Delta Logistics Group,,,,,,,,,101873,,,,,
100086,Contact,102776,emerson.rossi@acme-fake.test,Skyler Haddad,2025-06-25 08:41:00,aisha.mensah@sampleco.test,Liam Silva,2023-01-13 01:06:00,liam.kim@sampleco.test,Morgan Whitfield,2022-12-08 21:24:00,jamie.mensah@demomail.test,Emerson Larsson,2025-04-25 15:57:00,Y,Nina Okafor,Yara Ivanov,Elena Whitfield,LOT-5035,Financial Analyst,,,,,,,,LOT-9192,SKU-4326,elena.whitfield@examplecorp.test,,,,Active,,,100640,100739,100047,,,,,100494,,,Gamma,100357,,,,,100548,,omar.blake@demomail.test,priya.cohen@sampleco.test,Renewal Nudge,100149,,Gamma,,,,,,,,,,,,,
100747,Contact,102779,avery.reyes@examplecorp.test,Priya Okafor,2023-02-12 13:59:00,emerson.dorsey@acme-fake.test,Mei Blake,2023-04-08 00:22:00,sofia.sato@examplecorp.test,Drew Mercer,2025-10-12 00:08:00,jordan.silva@demomail.test,Noah Haddad,2023-02-08 04:49:00,Y,Taylor Dorsey,Liam Silva,Aisha Rossi,LOT-5442,Accountant,,,,,Delta,,3912,SKU-6742,LOT-2993,aisha.rossi@examplecorp.test,,,,Active,,100645,100314,100161,100743,,,,,100210,,100314,Standard,100033,,,,100314,100387,,sofia.blake@sampleco.test,nina.larsson@acme-fake.test,Quarterly Newsletter,100076,Beacon Dynamics Group,Alpha,,,,,,,,101886,,,,N,
100055,Contact,102781,sofia.brooks@examplecorp.test,Yara Whitfield,2023-04-17 08:21:00,reese.patel@acme-fake.test,Taylor Blake,2023-06-24 21:31:00,riley.ivanov@demomail.test,Aisha Sato,2024-03-24 06:53:00,drew.blake@sampleco.test,Nina Garcia,2024-06-22 12:54:00,N,Nina Mercer,Emerson Rossi,Aisha Whitfield,LOT-2627,Recruiter,,,,,,,,,SKU-3555,aisha.whitfield@acme-fake.test,,,,Inactive,100120,100779,100651,,100205,,,,,,,,Gamma,100435,,,Alpha,100214,,,taylor.ivanov@examplecorp.test,casey.cohen@sampleco.test,Re-engagement,100191,,,100361,,,,,,,,,,,Y,
100599,Contact,102783,rahul.mensah@demomail.test,Avery Sato,2023-03-08 05:20:00,jordan.silva@acme-fake.test,Drew Whitfield,2022-11-07 21:38:00,diego.kim@acme-fake.test,Jamie Costa,2025-04-12 06:23:00,quinn.whitfield@acme-fake.test,Jamie Calder,2024-12-24 14:26:00,Y,Alex Dorsey,Jordan Kim,Liam Silva,TAG-3420,Operations Associate,,,,,,,,REF-8716,SKU-1885,liam.silva@sampleco.test,,,,Active,,100446,100252,100109,,,,,,100667,,,Standard,100314,,,Alpha,100438,100286,,chen.ivanov@sampleco.test,jamie.silva@examplecorp.test,Renewal Nudge,100761,Redwood Labs Group,,100336,,,,,,,,Y,,,N,
100139,Contact,102784,arjun.dorsey@examplecorp.test,Diego Ashby,2022-11-11 17:02:00,omar.nguyen@examplecorp.test,Skyler Sloan,2025-10-09 23:07:00,elena.dorsey@acme-fake.test,Marco Kim,2025-07-11 23:53:00,diego.ford@acme-fake.test,Yara Calder,2024-09-02 03:45:00,N,Chen Rossi,Liam Calder,Morgan Brooks,REF-6725,Marketing Coordinator,,,,,,,,,TAG-5115,morgan.brooks@demomail.test,,,,Inactive,,100572,100765,,100465,,,,,100503,,100271,Beta,100300,,Y,Beta,,,,quinn.mensah@acme-fake.test,morgan.mensah@examplecorp.test,Renewal Nudge,100622,,,100357,,,,,,,101831,,,,N,
100727,Contact,102786,avery.ivanov@examplecorp.test,Chen Brooks,2023-05-11 12:19:00,mei.dorsey@sampleco.test,Drew Okafor,2022-12-13 16:20:00,taylor.blake@demomail.test,Diego Brooks,2022-10-26 12:26:00,morgan.silva@sampleco.test,Skyler Okafor,2025-07-19 10:09:00,Y,Jordan Mensah,Priya Reyes,Marco Kim,SKU-6860,Accountant,,,,,,,,,LOT-8222,marco.kim@demomail.test,,,,Active,100652,100336,100247,,100016,,,,,,,100435,Other,100468,,,Alpha,100053,100756,,marco.garcia@demomail.test,liam.mensah@examplecorp.test,Re-engagement,100003,,Other,100564,,,,,,,101851,,,,N,Y
100509,Contact,102787,rowan.mensah@examplecorp.test,Yara Ford,2023-08-13 14:29:00,jamie.nguyen@sampleco.test,Yara Garcia,2026-06-21 23:56:00,riley.ivanov@acme-fake.test,Priya Vance,2026-03-01 06:34:00,riley.vance@examplecorp.test,Skyler Ivanov,2024-09-24 14:22:00,Y,Rahul Blake,Yara Haddad,Alex Sato,,Support Specialist,,,,,,,,,REF-6171,alex.sato@examplecorp.test,,,,Active,,100134,100671,100478,100735,,,,,100277,,100188,Other,100053,,,Beta,,100362,,casey.ashby@examplecorp.test,avery.vance@examplecorp.test,Event Invite,100303,Northwind Systems Inc,Standard,100601,,,,,,,101830,,,,N,
100611,Contact,102790,noah.rossi@examplecorp.test,Yara Ivanov,2026-01-09 16:30:00,marco.sato@sampleco.test,Taylor Vance,2024-11-15 23:50:00,quinn.calder@acme-fake.test,Omar Silva,2026-03-22 09:32:00,yara.mensah@sampleco.test,Avery Ashby,2023-06-11 07:17:00,Y,Reese Larsson,Reese Dorsey,Rowan Sato,TAG-8124,HR Generalist,,REF-8656,,,Standard,,,,SKU-7589,rowan.sato@demomail.test,,,,Active,,100434,100758,100168,,,,,,,,100550,Other,100787,,,Alpha,,,,quinn.haddad@sampleco.test,skyler.vance@examplecorp.test,Renewal Nudge,100079,,,,,,,,,,101853,,,,N,
100634,Contact,102793,morgan.ford@demomail.test,Mei Mensah,2026-04-13 15:20:00,avery.dorsey@acme-fake.test,Yara Calder,2025-12-23 18:47:00,omar.dorsey@examplecorp.test,Diego Sloan,2025-12-11 14:28:00,rowan.ivanov@acme-fake.test,Jamie Blake,2023-01-28 11:11:00,Y,Alex Okafor,Priya Nguyen,Marco Brooks,TAG-9616,Project Manager,,,,,,,497,,SKU-9715,marco.brooks@sampleco.test,,,,Active,100362,,100555,100669,,,,,,,,100761,Other,100758,,,Standard,100622,100441,,avery.rossi@demomail.test,avery.cohen@sampleco.test,Quarterly Newsletter,100183,Everest Holdings Co,Alpha,100428,,,,,,,,N,,,,
100375,Contact,102794,alex.larsson@acme-fake.test,Noah Nguyen,2024-07-13 08:02:00,reese.calder@acme-fake.test,Drew Rossi,2023-09-11 20:09:00,diego.mercer@sampleco.test,Avery Garcia,2022-10-14 14:07:00,elena.mensah@examplecorp.test,Drew Blake,2023-03-31 19:45:00,Y,Marco Kim,Nina Sloan,Fatima Blake,REF-6251,Support Specialist,,,,,,,,,SKU-8687,fatima.blake@acme-fake.test,,,,Active,,,100436,100147,100345,,,,,,,,Beta,100065,,,Standard,100759,,,priya.sato@sampleco.test,liam.mercer@examplecorp.test,Renewal Nudge,100068,,Delta,100194,,,,,,,101851,,,,N,
100349,Contact,102796,sofia.brooks@demomail.test,Aisha Dorsey,2025-01-04 05:19:00,morgan.blake@acme-fake.test,Yara Ashby,2023-05-05 07:01:00,arjun.mercer@sampleco.test,Chen Brooks,2025-03-07 15:13:00,nina.dorsey@demomail.test,Emerson Rossi,2024-01-05 13:56:00,Y,Fatima Rossi,Chen Ashby,Reese Sloan,TAG-5544,Recruiter,,,,,Delta,,,,TAG-1819,reese.sloan@examplecorp.test,,,,Active,,100441,100071,100288,,,,,,100532,,100359,Standard,100169,,Y,Alpha,,100328,,marco.ashby@examplecorp.test,skyler.sloan@acme-fake.test,Product Update,100733,Evergreen Foods Ltd,Gamma,100601,,,,,,,,,,,Y,
100204,Contact,102799,jamie.cohen@sampleco.test,Morgan Ford,2025-08-18 09:31:00,morgan.rossi@acme-fake.test,Omar Blake,2025-09-08 12:36:00,arjun.kim@demomail.test,Skyler Ford,2023-08-07 23:50:00,diego.reyes@sampleco.test,Jordan Rossi,2025-06-29 20:31:00,Y,Taylor Garcia,Reese Brooks,Jamie Calder,SKU-2938,Bookkeeper,,,,Alpha,,,,,LOT-6946,jamie.calder@sampleco.test,,,,Active,100247,,100247,,100453,,,,,,,,Standard,100047,,N,,100640,100328,,drew.ashby@sampleco.test,priya.nguyen@demomail.test,Quarterly Newsletter,100065,,Standard,,,,,,,,101815,,,,,
100579,Contact,102802,aisha.ashby@acme-fake.test,Fatima Whitfield,2025-03-05 22:37:00,nina.cohen@sampleco.test,Marco Brooks,2024-07-08 06:35:00,aisha.vance@sampleco.test,Taylor Ford,2025-10-30 08:34:00,taylor.ivanov@sampleco.test,Riley Sloan,2025-09-09 08:06:00,Y,Alex Haddad,Drew Reyes,Omar Calder,SKU-4791,Project Manager,,,Delta,,,,8927,,SKU-6940,omar.calder@demomail.test,,,,Active,100640,100678,100277,,100462,,,,,,,100582,Delta,100415,,,Other,,,,quinn.brooks@demomail.test,sofia.reyes@demomail.test,Product Update,100478,,Beta,100753,,,,,,,,N,,,N,
100120,Contact,102805,arjun.calder@acme-fake.test,Avery Costa,2023-04-03 17:01:00,emerson.silva@acme-fake.test,Diego Cohen,2026-06-11 22:29:00,riley.ivanov@sampleco.test,Aisha Reyes,2023-02-18 21:22:00,avery.brooks@demomail.test,Morgan Vance,2024-10-25 05:34:00,Y,Rahul Dorsey,Jordan Ashby,Chen Reyes,LOT-1588,Payroll Specialist,,,,,Alpha,,,TAG-3145,REF-8300,chen.reyes@demomail.test,,,,Active,,100315,100134,100704,100750,,,,,100627,,,Beta,100634,,,Gamma,,100058,,elena.ivanov@examplecorp.test,diego.sloan@demomail.test,Re-engagement,100263,,Other,,,2,,,,,,,,,Y,
100629,Contact,102806,casey.cohen@acme-fake.test,Aisha Whitfield,2023-09-23 13:16:00,elena.nguyen@sampleco.test,Skyler Mercer,2023-03-17 02:45:00,alex.blake@sampleco.test,Sofia Ashby,2024-12-27 22:43:00,diego.blake@sampleco.test,Sofia Reyes,2025-12-01 09:40:00,N,Elena Silva,Noah Whitfield,Rowan Silva,REF-2750,Project Manager,,,,,,,,,REF-4459,rowan.silva@demomail.test,,,,Inactive,100204,100296,100643,100559,,,,,,,,100365,Other,100400,,,,100165,100281,,diego.larsson@demomail.test,elena.mercer@demomail.test,Renewal Nudge,100242,,,100315,,,,,,,101865,,,,,Y
100565,Contact,102807,sofia.whitfield@acme-fake.test,Priya Ford,2025-08-17 03:59:00,rowan.ford@sampleco.test,Chen Brooks,2025-07-29 05:05:00,casey.blake@examplecorp.test,Skyler Okafor,2026-01-17 21:42:00,aisha.ford@sampleco.test,Jordan Reyes,2023-11-27 09:48:00,N,Rahul Sato,Chen Mensah,Noah Ashby,REF-1175,Accountant,,,,,,,,,LOT-9000,noah.ashby@demomail.test,,,,Inactive,100694,,100403,,100673,,,,,100375,,,Gamma,100702,,,,100428,100050,,reese.ivanov@demomail.test,yara.mensah@examplecorp.test,Re-engagement,100042,,Delta,100784,,6,,3,,,101878,,,,N,
100053,Contact,102810,jamie.larsson@examplecorp.test,Drew Brooks,2025-03-09 17:37:00,alex.calder@sampleco.test,Alex Ashby,2023-09-15 04:29:00,emerson.sloan@demomail.test,Skyler Patel,2024-01-05 04:59:00,jordan.reyes@demomail.test,Jordan Whitfield,2023-04-20 00:48:00,Y,Reese Brooks,Mei Blake,Yara Brooks,SKU-8139,Data Analyst,,,,,,,,REF-8114,SKU-7432,yara.brooks@acme-fake.test,,,,Active,,,100169,100779,100291,,,,,,,100420,Other,100014,,,,,100434,,chen.brooks@demomail.test,reese.ford@acme-fake.test,Product Update,100330,Redwood Systems Group,,100173,,,,10,,,101870,,,,,
100348,Contact,102812,mei.costa@acme-fake.test,Casey Garcia,2024-10-18 22:19:00,rahul.garcia@sampleco.test,Quinn Ivanov,2023-04-11 23:21:00,drew.blake@demomail.test,Yara Blake,2023-05-04 06:22:00,riley.mercer@demomail.test,Alex Larsson,2025-05-25 22:05:00,Y,Rowan Ford,Arjun Cohen,Emerson Silva,TAG-5514,Project Manager,,,,,Beta,,,,LOT-9224,emerson.silva@acme-fake.test,,,,Active,,100634,100442,100771,,,,,,,,100307,Standard,100260,,,Gamma,100671,100003,,drew.dorsey@examplecorp.test,diego.cohen@sampleco.test,Quarterly Newsletter,100112,Redwood Foods Inc,,100330,,,,,,,101862,,,,Y,
100503,Contact,102813,marco.reyes@examplecorp.test,Rowan Mercer,2024-12-03 20:16:00,jordan.dorsey@examplecorp.test,Reese Haddad,2025-11-18 22:55:00,chen.larsson@demomail.test,Casey Silva,2025-01-29 14:04:00,skyler.brooks@sampleco.test,Rowan Vance,2023-07-12 21:52:00,Y,Casey Ford,Nina Haddad,Omar Larsson,TAG-8378,Accountant,,,,,,,,REF-9534,REF-1781,omar.larsson@examplecorp.test,,,,Active,,100378,100359,100392,100047,,,,,,,,Beta,100158,,,Alpha,100470,,,casey.whitfield@examplecorp.test,liam.larsson@acme-fake.test,Re-engagement,100215,,,,,0,,,,,101800,N,,,Y,N
100068,Contact,102816,skyler.silva@sampleco.test,Liam Sloan,2025-08-11 02:18:00,arjun.patel@examplecorp.test,Casey Reyes,2022-10-09 09:53:00,alex.cohen@acme-fake.test,Elena Patel,2024-06-11 14:02:00,chen.nguyen@demomail.test,Priya Rossi,2024-09-04 13:48:00,N,Reese Larsson,Marco Garcia,Jamie Sato,REF-6382,Payroll Specialist,,,,,,,,,TAG-8375,jamie.sato@acme-fake.test,,,,Inactive,100009,100470,100330,,100065,,,,,100741,,,Delta,100774,,,Beta,,,,sofia.mercer@examplecorp.test,liam.patel@demomail.test,Quarterly Newsletter,100576,,Other,100702,,,,,,,,,,,Y,
100165,Contact,102818,drew.haddad@demomail.test,Arjun Silva,2024-12-26 01:40:00,noah.costa@acme-fake.test,Drew Kim,2026-06-22 13:58:00,priya.mercer@examplecorp.test,Mei Cohen,2025-06-21 18:48:00,diego.rossi@examplecorp.test,Reese Mensah,2024-11-27 21:24:00,Y,Emerson Reyes,Yara Silva,Fatima Kim,,Project Manager,,REF-4563,,Alpha,Alpha,,,LOT-4513,LOT-7511,fatima.kim@demomail.test,,,,Active,100134,,100012,,,,,,,100552,,,Other,100405,,Y,Standard,100133,100779,,casey.vance@acme-fake.test,chen.ford@demomail.test,Product Update,100305,,Gamma,,,,,,,,101867,,,,N,
100765,Contact,102819,taylor.silva@examplecorp.test,Emerson Whitfield,2024-09-11 20:28:00,taylor.sato@examplecorp.test,Jordan Larsson,2026-07-04 19:58:00,drew.vance@demomail.test,Priya Haddad,2023-03-05 02:15:00,emerson.vance@sampleco.test,Riley Ford,2025-12-24 08:19:00,Y,Rowan Ford,Aisha Calder,Reese Sato,REF-3830,Operations Associate,,,,,,,,,LOT-6302,reese.sato@demomail.test,,,,Active,,100404,100559,100667,,,,,,100751,,100118,Gamma,100375,,,Standard,,,,taylor.kim@demomail.test,marco.kim@examplecorp.test,Product Update,100233,Northwind Financial Co,Alpha,100469,,,,,,,101812,,,,Y,
100047,Contact,102821,marco.patel@acme-fake.test,Quinn Mensah,2025-04-01 06:46:00,elena.sloan@demomail.test,Skyler Ford,2022-12-05 00:10:00,alex.okafor@demomail.test,Arjun Haddad,2024-02-05 15:52:00,chen.larsson@demomail.test,Quinn Ivanov,2025-09-25 13:02:00,Y,Riley Silva,Marco Ashby,Taylor Dorsey,TAG-5514,Data Analyst,,,,,,,,,SKU-5933,taylor.dorsey@acme-fake.test,,,,Active,,100776,100429,100047,,,,,,100077,,100026,Beta,100183,,,Alpha,,100396,,alex.whitfield@acme-fake.test,chen.costa@sampleco.test,Event Invite,100673,Horizon Textiles Group,,100073,,,,,,,,N,,,Y,
100199,Contact,102822,casey.ivanov@acme-fake.test,Omar Ford,2025-06-30 18:47:00,alex.cohen@examplecorp.test,Rowan Ivanov,2025-12-03 21:11:00,arjun.silva@demomail.test,Casey Sloan,2025-03-09 08:05:00,rowan.costa@demomail.test,Skyler Ashby,2024-07-04 19:46:00,Y,Rahul Whitfield,Taylor Ford,Noah Cohen,LOT-4338,Financial Analyst,,,,,,,,,LOT-4963,noah.cohen@demomail.test,,,,Active,100305,100203,100229,,,,,,,100284,,100616,Other,100194,,,Alpha,100401,,,emerson.okafor@acme-fake.test,arjun.kim@demomail.test,Re-engagement,100718,,,,,,,,,,101889,,,,,
100495,Contact,102824,morgan.mensah@sampleco.test,Omar Cohen,2023-07-18 11:25:00,avery.silva@sampleco.test,Nina Kim,2025-04-19 06:06:00,noah.patel@sampleco.test,Jamie Blake,2024-08-09 12:53:00,emerson.kim@demomail.test,Marco Rossi,2026-02-03 16:54:00,N,Rowan Mensah,Noah Dorsey,Mei Nguyen,TAG-9858,Marketing Coordinator,,,,,,,,,TAG-2322,mei.nguyen@examplecorp.test,,,,Inactive,100733,,100328,100307,100055,,,,,100669,,,Other,100118,,,Other,100330,100174,,marco.rossi@examplecorp.test,priya.whitfield@sampleco.test,Re-engagement,100516,,Beta,,,,,,,,101881,,,,N,
100466,Contact,102825,mei.patel@demomail.test,Riley Dorsey,2023-10-22 22:14:00,taylor.ford@examplecorp.test,Skyler Rossi,2025-01-14 05:05:00,mei.vance@demomail.test,Avery Larsson,2025-04-16 11:00:00,skyler.dorsey@acme-fake.test,Drew Mercer,2026-07-27 06:45:00,Y,Priya Vance,Jordan Mercer,Nina Silva,LOT-9258,Data Analyst,,,,,,REF-2319,,,TAG-5623,nina.silva@demomail.test,,,,Active,,100656,100643,,,,,,,,,100233,Gamma,100442,,,Delta,100519,100035,,alex.dorsey@demomail.test,casey.rossi@examplecorp.test,Renewal Nudge,100514,,Other,100215,,,,,,,,N,,,N,
100400,Contact,102827,casey.mensah@acme-fake.test,Elena Nguyen,2024-08-27 06:23:00,skyler.ivanov@sampleco.test,Nina Kim,2023-04-22 02:42:00,jamie.rossi@demomail.test,Diego Okafor,2023-06-02 14:24:00,aisha.vance@acme-fake.test,Emerson Whitfield,2024-07-01 07:08:00,Y,Arjun Haddad,Marco Silva,Skyler Haddad,REF-8549,Operations Associate,,,,,,,,,LOT-3977,skyler.haddad@examplecorp.test,,,,Active,100472,,100355,100295,100028,,,,,100038,,100735,Other,100174,,,,100292,100375,,jordan.vance@examplecorp.test,arjun.dorsey@examplecorp.test,Quarterly Newsletter,100724,Beacon Labs,Standard,100756,,1,,,,,,,,,Y,
100210,Contact,102830,avery.ashby@examplecorp.test,Noah Silva,2023-07-25 01:26:00,jordan.larsson@examplecorp.test,Alex Nguyen,2022-10-10 04:35:00,drew.brooks@demomail.test,Reese Larsson,2025-05-24 20:36:00,aisha.haddad@demomail.test,Avery Patel,2023-04-01 01:04:00,Y,Elena Whitfield,Riley Vance,Skyler Ashby,TAG-8698,HR Generalist,,,,,,,,TAG-6445,TAG-1585,skyler.ashby@demomail.test,,,,Active,100435,,100700,100115,100400,REF-8450,,,,100616,,,Gamma,100696,,,,100161,,,chen.blake@sampleco.test,rowan.ford@sampleco.test,Renewal Nudge,100713,Vertex Ventures Inc,,,,,,,,,101861,,,,Y,
100194,Contact,102833,emerson.whitfield@sampleco.test,Marco Vance,2023-06-20 21:44:00,sofia.brooks@demomail.test,Aisha Vance,2025-02-09 11:32:00,liam.ashby@examplecorp.test,Emerson Reyes,2026-04-08 09:56:00,morgan.brooks@sampleco.test,Jordan Blake,2024-08-11 00:06:00,Y,Quinn Calder,Morgan Ashby,Jordan Costa,TAG-4942,Customer Success Manager,,,,Gamma,,,,,LOT-6076,jordan.costa@acme-fake.test,,,,Active,100555,100361,100566,100782,100472,,,,,100311,,,Standard,100654,,,Standard,100790,100739,,nina.dorsey@sampleco.test,fatima.blake@sampleco.test,Quarterly Newsletter,100619,,,100680,,,,,,,101873,,,,N,
100551,Contact,102834,fatima.costa@acme-fake.test,Skyler Ashby,2023-02-23 19:40:00,mei.ashby@acme-fake.test,Mei Kim,2024-06-03 00:34:00,sofia.kim@demomail.test,Casey Nguyen,2025-10-03 18:00:00,aisha.whitfield@acme-fake.test,Fatima Rossi,2022-12-30 01:27:00,Y,Diego Blake,Skyler Sato,Rahul Kim,REF-9680,Software Developer,,,,,,,,,LOT-7764,rahul.kim@acme-fake.test,,,,Active,,,100415,,100205,,,,,,,100418,Beta,100153,,,Alpha,,100089,,quinn.ashby@examplecorp.test,jamie.patel@examplecorp.test,Re-engagement,100535,Falcon Manufacturing LLP,,,,,,,,,101822,Y,,,Y,
100380,Contact,102835,aisha.cohen@sampleco.test,Quinn Vance,2026-04-04 05:25:00,chen.vance@sampleco.test,Noah Sato,2025-05-31 10:33:00,priya.rossi@sampleco.test,Rowan Garcia,2025-06-04 13:25:00,omar.reyes@demomail.test,Diego Kim,2023-12-13 12:47:00,Y,Aisha Garcia,Skyler Ford,Elena Vance,,Customer Success Manager,,,,,,,,REF-3376,SKU-9668,elena.vance@sampleco.test,,,,Active,,100275,100726,100414,100317,,,,,,,,Gamma,100787,,,,,100730,,riley.kim@demomail.test,liam.garcia@demomail.test,Product Update,100246,Summit Textiles Co,,100540,,,,,,,101819,,,,Y,
100205,Contact,102838,nina.ivanov@examplecorp.test,Reese Cohen,2025-08-04 18:05:00,rahul.rossi@acme-fake.test,Arjun Okafor,2024-03-02 14:24:00,chen.silva@demomail.test,Taylor Garcia,2026-04-18 07:38:00,liam.mercer@acme-fake.test,Reese Sloan,2024-12-16 20:37:00,Y,Arjun Sato,Reese Okafor,Priya Larsson,REF-9724,Software Developer,,,,,,,,REF-7485,SKU-2139,priya.larsson@demomail.test,,,,Active,100029,,100137,100500,100267,,,,,100067,,100405,Gamma,100732,,,Standard,100134,100065,,jamie.cohen@examplecorp.test,sofia.sloan@acme-fake.test,Event Invite,100118,,Gamma,,,,,,,,,,,,N,
100739,Contact,102840,marco.blake@examplecorp.test,Rahul Reyes,2024-01-13 10:16:00,morgan.brooks@demomail.test,Marco Whitfield,2026-06-05 04:39:00,casey.kim@demomail.test,Omar Silva,2025-10-02 16:58:00,casey.cohen@acme-fake.test,Alex Haddad,2026-01-10 22:10:00,Y,Jamie Sloan,Mei Patel,Elena Dorsey,LOT-8926,Bookkeeper,,TAG-6515,,,,,,SKU-5720,REF-2275,elena.dorsey@examplecorp.test,,,,Active,,,100288,,100125,,,,,100400,,,Beta,100587,,,,100096,100718,,quinn.vance@demomail.test,aisha.blake@demomail.test,Re-engagement,100021,Cardinal Dynamics Co,Beta,100271,,,2,,,,,,,,,
100054,Contact,102843,jordan.costa@demomail.test,Yara Rossi,2022-10-09 12:56:00,jordan.nguyen@demomail.test,Rahul Vance,2023-12-13 00:28:00,noah.costa@examplecorp.test,Reese Nguyen,2024-05-08 00:27:00,fatima.cohen@examplecorp.test,Reese Haddad,2024-11-20 14:06:00,N,Chen Brooks,Jordan Reyes,Fatima Patel,SKU-1682,Recruiter,,,,,,,,,REF-2950,fatima.patel@sampleco.test,,,,Inactive,100256,100053,100535,100559,100415,,,,,100383,,,Delta,100343,,,,,,,chen.sloan@demomail.test,mei.mercer@demomail.test,Quarterly Newsletter,100162,Brightpath Manufacturing,Other,,,,,,,,,,,,N,
100552,Contact,102844,priya.blake@demomail.test,Skyler Ford,2025-11-01 20:40:00,priya.reyes@sampleco.test,Avery Nguyen,2025-07-23 02:20:00,casey.kim@sampleco.test,Marco Blake,2023-12-29 19:43:00,aisha.vance@demomail.test,Quinn Mercer,2022-10-19 17:26:00,Y,Riley Haddad,Aisha Cohen,Aisha Costa,TAG-4986,Recruiter,,,,Other,,,,,TAG-7385,aisha.costa@examplecorp.test,,,,Active,100528,,100410,,100389,,,,,,,,Alpha,100468,,,Beta,,100119,,nina.ashby@acme-fake.test,skyler.garcia@sampleco.test,Renewal Nudge,100303,,,,,,,,,,,,,,,Y
100420,Contact,102845,rowan.silva@demomail.test,Skyler Okafor,2026-06-09 22:18:00,liam.dorsey@demomail.test,Morgan Dorsey,2025-06-03 13:54:00,priya.garcia@sampleco.test,Chen Okafor,2026-07-27 15:41:00,rahul.blake@sampleco.test,Omar Silva,2024-06-25 07:14:00,Y,Taylor Larsson,Quinn Mensah,Omar Ashby,SKU-6613,Accountant,,,,,,,,,SKU-9716,omar.ashby@demomail.test,,,,Active,,100038,100727,100457,100622,,,,,100727,,100372,Standard,100585,,Y,Alpha,100429,,,nina.kim@sampleco.test,chen.haddad@acme-fake.test,Quarterly Newsletter,100067,Horizon Labs LLC,Delta,100582,,,,,,,101812,,,,,
100399,Contact,102847,quinn.sato@acme-fake.test,Quinn Sloan,2025-12-11 21:40:00,arjun.costa@sampleco.test,Taylor Larsson,2026-05-02 03:28:00,casey.ashby@demomail.test,Fatima Patel,2023-05-24 19:41:00,jordan.cohen@acme-fake.test,Priya Sloan,2022-12-06 22:56:00,Y,Casey Nguyen,Emerson Costa,Skyler Cohen,SKU-8171,Operations Associate,,,,,,,,REF-3607,SKU-2340,skyler.cohen@examplecorp.test,,,,Active,100058,100611,100155,100277,,,,,,,,,Beta,100050,,,,100320,,,nina.sloan@sampleco.test,yara.reyes@acme-fake.test,Product Update,100194,Keystone Textiles Co,,100574,,,,,,,101881,,,,N,Y
100068,Contact,102848,omar.mensah@examplecorp.test,Jamie Ashby,2024-01-19 15:16:00,alex.whitfield@examplecorp.test,Riley Sloan,2024-06-22 12:31:00,aisha.ashby@examplecorp.test,Riley Okafor,2024-11-15 06:37:00,quinn.ashby@demomail.test,Yara Garcia,2024-04-07 15:43:00,Y,Drew Cohen,Quinn Ivanov,Omar Costa,SKU-5851,Recruiter,,,,Alpha,,,,REF-8920,LOT-2124,omar.costa@acme-fake.test,,,,Active,100311,100003,100172,100071,100552,,,,,,,100076,Delta,100386,,,Delta,100375,100009,,jamie.vance@acme-fake.test,taylor.sato@acme-fake.test,Renewal Nudge,100396,Delta Industries Corp,Beta,100220,,,,,,,101865,,,,N,
100172,Contact,102851,avery.sloan@demomail.test,Aisha Rossi,2023-03-18 16:15:00,rowan.kim@examplecorp.test,Quinn Nguyen,2022-12-08 16:51:00,chen.ford@sampleco.test,Rahul Rossi,2025-04-12 21:30:00,avery.vance@sampleco.test,Rahul Kim,2024-09-28 18:03:00,Y,Drew Mercer,Priya Mercer,Noah Reyes,REF-1386,Support Specialist,,,,Standard,,SKU-6423,,,TAG-1152,noah.reyes@acme-fake.test,,,,Active,,,100761,,100504,LOT-7508,,,,,,100183,Beta,100601,,,Gamma,100362,,,diego.costa@demomail.test,marco.garcia@demomail.test,Event Invite,100669,Brightpath Retail LLP,Alpha,100068,,,,,,,,,,,,
100421,Contact,102853,jordan.costa@acme-fake.test,Alex Whitfield,2022-11-29 18:58:00,nina.silva@demomail.test,Rahul Ford,2025-06-11 02:20:00,omar.costa@examplecorp.test,Marco Dorsey,2024-08-24 19:15:00,priya.silva@examplecorp.test,Alex Vance,2023-08-29 03:42:00,N,Alex Vance,Sofia Patel,Taylor Silva,LOT-8299,Software Developer,,LOT-8365,,,,,,,REF-6510,taylor.silva@acme-fake.test,,,,Inactive,100385,,100673,,100675,,,,,,,100369,Delta,100296,,Y,Delta,100425,100380,,arjun.haddad@examplecorp.test,avery.kim@demomail.test,Quarterly Newsletter,100768,Silverline Textiles LLP,Gamma,100352,,,,,,,101815,,,,,
100696,Contact,102854,reese.kim@demomail.test,Priya Mercer,2022-10-05 20:29:00,quinn.patel@demomail.test,Reese Brooks,2026-06-25 22:41:00,casey.okafor@acme-fake.test,Avery Costa,2026-04-09 03:37:00,avery.cohen@acme-fake.test,Rahul Silva,2023-09-08 11:45:00,Y,Jamie Cohen,Priya Reyes,Jamie Garcia,LOT-9745,Executive Assistant,,,,,,,,,REF-7158,jamie.garcia@acme-fake.test,,,,Active,,,100278,100232,100713,,,,,100730,,100100,Alpha,100733,,,Standard,,100587,,mei.rossi@demomail.test,rahul.silva@sampleco.test,Renewal Nudge,100494,,Gamma,100753,,,,,,,101851,,,,N,
100009,Contact,102857,mei.reyes@sampleco.test,Riley Whitfield,2023-04-23 08:24:00,skyler.haddad@demomail.test,Reese Sloan,2024-06-10 11:28:00,drew.okafor@acme-fake.test,Avery Larsson,2023-01-30 03:06:00,fatima.whitfield@sampleco.test,Arjun Blake,2022-12-08 15:49:00,Y,Arjun Patel,Mei Haddad,Drew Silva,REF-1125,Financial Analyst,,,,,,SKU-6779,,,LOT-2574,drew.silva@acme-fake.test,,,,Active,,,100214,100083,100065,,,,,,,100561,Beta,100242,,,Beta,,,,drew.sloan@acme-fake.test,nina.silva@acme-fake.test,Event Invite,100232,,Gamma,100236,,,,,,,101801,,,,Y,N
100572,Contact,102859,marco.ivanov@examplecorp.test,Emerson Sato,2025-12-31 10:06:00,marco.okafor@demomail.test,Avery Sloan,2024-05-29 05:37:00,drew.dorsey@sampleco.test,Riley Ashby,2023-11-22 22:12:00,reese.mercer@examplecorp.test,Drew Haddad,2024-12-24 02:28:00,N,Chen Garcia,Arjun Rossi,Emerson Costa,SKU-6799,Data Analyst,,,,,,,,REF-7807,SKU-1147,emerson.costa@sampleco.test,,,,Inactive,,100214,100494,100697,100540,,,,,,,100774,Beta,100123,,,,,100389,,diego.cohen@acme-fake.test,avery.garcia@acme-fake.test,Renewal Nudge,100707,,Beta,100203,,,,,,,,,,,,
100548,Contact,102860,fatima.garcia@demomail.test,Yara Reyes,2024-04-03 06:44:00,marco.sloan@sampleco.test,Fatima Mercer,2026-02-01 12:39:00,rahul.ford@acme-fake.test,Liam Brooks,2024-06-24 06:05:00,reese.sato@sampleco.test,Morgan Dorsey,2026-02-04 10:09:00,Y,Rahul Cohen,Morgan Ashby,Taylor Ford,LOT-1261,Software Developer,,,,,,,5311,,SKU-5416,taylor.ford@demomail.test,,,,Active,100737,100503,100119,,,,,,,,,,Gamma,100042,,,Delta,,100220,,skyler.mercer@acme-fake.test,marco.brooks@sampleco.test,Renewal Nudge,100281,,,,,,,,,,101822,,,,Y,
100082,Contact,102862,riley.nguyen@sampleco.test,Arjun Brooks,2023-03-01 17:52:00,drew.costa@acme-fake.test,Marco Reyes,2023-03-18 23:29:00,reese.mercer@demomail.test,Quinn Larsson,2024-01-14 15:47:00,drew.blake@acme-fake.test,Chen Whitfield,2025-08-19 22:43:00,Y,Chen Cohen,Taylor Mensah,Liam Haddad,REF-2423,Payroll Specialist,,,,,,,,,LOT-4499,liam.haddad@sampleco.test,,,,Active,100156,100278,100205,,100779,,,,,100616,,,Other,100278,,,Alpha,,,,taylor.ashby@examplecorp.test,liam.ivanov@demomail.test,Event Invite,100461,,,100109,,,,,,,,,,,Y,
100100,Contact,102863,jordan.kim@acme-fake.test,Rahul Whitfield,2022-12-12 04:42:00,fatima.whitfield@sampleco.test,Reese Sloan,2026-01-29 06:49:00,quinn.haddad@sampleco.test,Sofia Brooks,2023-06-29 06:49:00,taylor.sato@demomail.test,Chen Costa,2026-07-31 10:37:00,Y,Fatima Nguyen,Jordan Sloan,Alex Silva,TAG-7078,QA Engineer,,,,,,,,REF-8253,REF-6881,alex.silva@demomail.test,,,,Active,,100768,100375,100635,100366,,,,,100055,,100451,Alpha,100378,,,Gamma,,,,taylor.cohen@acme-fake.test,rahul.sloan@acme-fake.test,Product Update,100540,,Delta,100550,,,,,,,101816,,,,N,
100552,Contact,102866,skyler.silva@examplecorp.test,Nina Haddad,2025-06-30 03:33:00,reese.sloan@demomail.test,Alex Vance,2022-10-14 11:34:00,rowan.ivanov@examplecorp.test,Rahul Nguyen,2026-03-07 01:40:00,sofia.haddad@demomail.test,Rahul Ivanov,2024-12-05 23:59:00,Y,Priya Nguyen,Arjun Sato,Marco Vance,LOT-7981,Customer Success Manager,,,,Beta,,,,LOT-8773,REF-8666,marco.vance@acme-fake.test,,,,Active,,100718,100264,100704,,,,,,,,100599,Gamma,100574,,,,100438,,,alex.whitfield@sampleco.test,liam.nguyen@demomail.test,Event Invite,100495,,Other,,,,,,,,101821,,,,,
100183,Contact,102868,jamie.reyes@demomail.test,Avery Kim,2025-06-10 10:14:00,aisha.kim@examplecorp.test,Arjun Silva,2026-02-23 04:17:00,jordan.nguyen@demomail.test,Nina Calder,2023-01-31 06:04:00,reese.mercer@sampleco.test,Priya Vance,2026-05-13 00:04:00,N,Skyler Patel,Aisha Garcia,Aisha Haddad,TAG-2880,Software Developer,,,,,Standard,,,,TAG-6159,aisha.haddad@examplecorp.test,,,,Inactive,,100500,100699,100481,,,,,,,,100029,Other,100435,,,Alpha,,,,taylor.costa@sampleco.test,skyler.costa@examplecorp.test,Event Invite,100753,Evergreen Retail LLC,Alpha,100707,,,,,,,101800,,,,N,
100688,Contact,102869,quinn.kim@demomail.test,Skyler Kim,2025-02-18 22:05:00,taylor.kim@demomail.test,Morgan Blake,2025-04-08 22:05:00,avery.cohen@examplecorp.test,Liam Kim,2025-01-05 19:08:00,rahul.okafor@examplecorp.test,Jordan Cohen,2026-04-24 11:39:00,N,Morgan Calder,Chen Sloan,Sofia Blake,REF-8737,Customer Success Manager,,SKU-1623,,Alpha,,,,,LOT-7331,sofia.blake@acme-fake.test,,,,Inactive,,100582,100770,,,,,,,100779,,100441,Delta,100512,,,Standard,100211,,,arjun.sato@acme-fake.test,rahul.calder@sampleco.test,Re-engagement,100389,,,100019,,,,,,,101821,,,,Y,
100168,Contact,102870,alex.nguyen@acme-fake.test,Drew Brooks,2024-07-29 20:50:00,taylor.patel@acme-fake.test,Rowan Patel,2025-06-28 03:30:00,jordan.calder@sampleco.test,Casey Ivanov,2026-04-02 01:33:00,nina.mensah@examplecorp.test,Fatima Reyes,2024-09-20 17:20:00,Y,Sofia Larsson,Jamie Vance,Skyler Ashby,LOT-2935,Data Analyst,,,,,,,,SKU-8433,LOT-7209,skyler.ashby@examplecorp.test,,,,Active,100014,100432,100336,100361,100753,,,,,100071,,,Alpha,100672,,Y,Standard,100383,,,diego.larsson@examplecorp.test,diego.patel@sampleco.test,Renewal Nudge,100680,,,,,,,,,,101886,,,,N,
100667,Contact,102873,emerson.calder@examplecorp.test,Nina Costa,2024-11-10 18:43:00,marco.reyes@demomail.test,Alex Sato,2023-12-15 17:17:00,elena.dorsey@acme-fake.test,Reese Patel,2025-04-21 19:06:00,omar.ashby@demomail.test,Aisha Vance,2023-09-26 07:34:00,Y,Marco Whitfield,Omar Haddad,Diego Brooks,,Payroll Specialist,,,,,,,,,LOT-8973,diego.brooks@sampleco.test,,,,Active,,100311,100640,100155,,,,,,100732,,,Standard,100233,,,,100003,,,morgan.ashby@examplecorp.test,emerson.mensah@sampleco.test,Quarterly Newsletter,100484,,Other,,,,,,,,101816,,,,,
100448,Contact,102876,chen.mensah@examplecorp.test,Taylor Calder,2023-09-09 17:00:00,drew.ivanov@acme-fake.test,Elena Mercer,2025-09-16 05:27:00,liam.sloan@demomail.test,Nina Garcia,2022-10-14 21:34:00,drew.vance@sampleco.test,Drew Okafor,2023-10-31 07:32:00,Y,Elena Whitfield,Taylor Costa,Liam Sato,LOT-9913,Software Developer,,,,,,,,,REF-6331,liam.sato@sampleco.test,,,,Active,100643,100439,100253,100421,,,,,,,,,Gamma,100401,,,,100747,100224,,jordan.whitfield@examplecorp.test,yara.patel@demomail.test,Quarterly Newsletter,100236,Granite Textiles Group,Delta,100730,,,,,,,101861,,,,Y,
100385,Contact,102878,mei.garcia@examplecorp.test,Quinn Dorsey,2026-03-08 14:00:00,priya.brooks@acme-fake.test,Quinn Mercer,2026-07-15 07:40:00,morgan.larsson@demomail.test,Noah Dorsey,2024-12-09 23:01:00,riley.mercer@demomail.test,Riley Ashby,2026-03-02 12:20:00,N,Jordan Rossi,Jordan Whitfield,Casey Costa,REF-9085,Software Developer,,,,,,,,SKU-1635,SKU-5459,casey.costa@acme-fake.test,,,,Inactive,,,100484,100305,,,,,,100118,,,Other,100205,,,Delta,100779,100542,,reese.blake@demomail.test,quinn.ford@demomail.test,Product Update,100566,,Beta,100604,,,,,,,101792,,,,,
100484,Contact,102879,reese.silva@demomail.test,Omar Larsson,2022-12-10 13:36:00,reese.whitfield@sampleco.test,Jamie Sloan,2023-02-17 15:13:00,skyler.calder@examplecorp.test,Chen Costa,2024-04-09 09:27:00,yara.mercer@acme-fake.test,Yara Haddad,2022-10-03 03:36:00,Y,Elena Rossi,Yara Mercer,Yara Patel,REF-8549,Payroll Specialist,,,,,,,,,LOT-4184,yara.patel@acme-fake.test,,,,Active,100174,,100077,,,,,,,100359,,,Alpha,100771,,,,100076,,,skyler.okafor@sampleco.test,casey.patel@examplecorp.test,Re-engagement,100403,Cobalt Group Corp,Beta,100595,,,,,,,101875,N,,,Y,
100559,Contact,102881,aisha.dorsey@acme-fake.test,Skyler Reyes,2024-06-17 09:30:00,fatima.cohen@demomail.test,Skyler Mercer,2023-09-17 02:45:00,quinn.vance@examplecorp.test,Emerson Sato,2024-04-30 04:34:00,reese.mensah@sampleco.test,Chen Calder,2025-11-01 08:03:00,Y,Quinn Vance,Arjun Vance,Taylor Patel,REF-1453,Recruiter,,,,Delta,,,,,TAG-3138,taylor.patel@acme-fake.test,,,,Active,,,100145,100572,100696,,,,,100487,,,Beta,100490,,,,,100115,,liam.costa@sampleco.test,mei.haddad@sampleco.test,Renewal Nudge,100125,,Delta,100540,,,,,,,101881,,,,,
100713,Contact,102883,sofia.kim@demomail.test,Omar Blake,2024-09-11 05:43:00,elena.vance@sampleco.test,Drew Silva,2023-12-08 17:39:00,arjun.cohen@sampleco.test,Aisha Okafor,2025-11-23 13:54:00,chen.rossi@examplecorp.test,Marco Garcia,2025-04-03 01:48:00,N,Mei Calder,Skyler Brooks,Riley Ivanov,SKU-4512,Executive Assistant,,TAG-4225,,,,,,,REF-2695,riley.ivanov@acme-fake.test,,,,Inactive,100699,100062,100619,,,,,,,100120,,100762,Beta,100453,,,Standard,100493,100680,,riley.brooks@acme-fake.test,omar.calder@acme-fake.test,Re-engagement,100269,,Alpha,100727,,,,,,,101843,,,,,
100092,Contact,102886,nina.dorsey@acme-fake.test,Mei Silva,2025-02-12 06:07:00,morgan.larsson@sampleco.test,Casey Vance,2023-04-12 20:41:00,mei.mensah@examplecorp.test,Emerson Sato,2023-02-09 20:47:00,taylor.ivanov@acme-fake.test,Marco Sloan,2024-04-22 12:54:00,Y,Mei Ivanov,Alex Mensah,Fatima Rossi,LOT-9934,Payroll Specialist,,,,,,,,SKU-3823,SKU-4815,fatima.rossi@sampleco.test,,,,Active,100077,,100578,100737,100157,,,,,100435,,,Beta,100053,,,Gamma,,100660,,morgan.mercer@acme-fake.test,mei.costa@acme-fake.test,Renewal Nudge,100566,Atlas Logistics LLC,Delta,,,,,,,,101871,,,,,
100021,Contact,102889,mei.haddad@sampleco.test,Fatima Silva,2024-08-18 11:58:00,rowan.ivanov@acme-fake.test,Priya Whitfield,2023-07-01 04:13:00,taylor.sato@acme-fake.test,Yara Kim,2024-06-28 04:51:00,rowan.calder@acme-fake.test,Alex Haddad,2024-03-11 21:04:00,N,Rahul Ford,Arjun Rossi,Quinn Costa,TAG-1115,QA Engineer,,,,,,,,REF-6090,LOT-4888,quinn.costa@sampleco.test,,,,Inactive,100194,,100130,100791,100345,,,,,100762,,,Alpha,100652,,Y,Delta,,100498,,yara.sloan@demomail.test,fatima.ashby@acme-fake.test,Re-engagement,100061,,Delta,100652,,,,,,,,Y,,,,
100375,Contact,102892,elena.cohen@sampleco.test,Yara Mensah,2024-01-30 21:02:00,alex.costa@acme-fake.test,Marco Brooks,2022-10-28 17:32:00,rahul.mensah@acme-fake.test,Priya Ashby,2025-03-25 15:12:00,quinn.silva@examplecorp.test,Omar Rossi,2025-04-24 21:14:00,Y,Rahul Cohen,Riley Larsson,Aisha Silva,REF-7463,QA Engineer,,,,,,,,,LOT-6277,aisha.silva@examplecorp.test,,,,Active,100062,100286,100217,100142,100155,,,,,100028,,,Other,100665,,N,Standard,100761,100300,,marco.blake@demomail.test,mei.dorsey@demomail.test,Re-engagement,100404,Evergreen Labs Ltd,Beta,100405,,,,,,,101888,,,,,
100393,Contact,102894,avery.rossi@demomail.test,Chen Cohen,2024-02-02 20:43:00,drew.rossi@sampleco.test,Emerson Mercer,2026-04-27 04:57:00,aisha.haddad@demomail.test,Arjun Vance,2025-06-22 06:15:00,sofia.reyes@acme-fake.test,Arjun Garcia,2024-03-24 03:17:00,Y,Jordan Okafor,Marco Kim,Chen Nguyen,TAG-1929,Bookkeeper,,,,Other,,,,,SKU-4308,chen.nguyen@examplecorp.test,,,,Active,,100686,100730,100522,100003,,,,,100785,,100205,Beta,100776,,Y,Alpha,100217,100496,,diego.mensah@examplecorp.test,mei.sloan@acme-fake.test,Event Invite,100275,Everest Systems Group,,100680,,,,,,,101878,,,,,
100016,Contact,102896,diego.ford@sampleco.test,Arjun Sloan,2023-12-24 06:50:00,noah.rossi@examplecorp.test,Elena Whitfield,2026-07-02 20:13:00,riley.silva@acme-fake.test,Riley Kim,2024-06-12 03:52:00,marco.whitfield@examplecorp.test,Avery Haddad,2023-03-05 00:19:00,Y,Skyler Calder,Alex Okafor,Jamie Sloan,TAG-2896,Recruiter,,,,,,,,,REF-3965,jamie.sloan@sampleco.test,,,,Active,100519,,100740,100470,100552,,,,,,,100050,Gamma,100538,,,Delta,,100193,,riley.ivanov@demomail.test,yara.patel@sampleco.test,Product Update,100188,Evergreen Ventures Inc,Beta,100328,,,,,,,101825,,,,N,
100494,Contact,102898,aisha.cohen@acme-fake.test,Rahul Silva,2024-01-15 22:56:00,aisha.mercer@demomail.test,Rahul Blake,2023-01-10 09:51:00,mei.ivanov@sampleco.test,Reese Larsson,2025-08-06 23:15:00,drew.vance@demomail.test,Noah Rossi,2026-07-25 18:48:00,Y,Avery Silva,Aisha Silva,Liam Patel,SKU-2684,HR Generalist,,,,,,,,,LOT-1676,liam.patel@acme-fake.test,,,,Active,100264,100303,100595,100740,,,,,,100325,,100112,Delta,100726,,,,,100724,,drew.larsson@examplecorp.test,alex.mensah@examplecorp.test,Event Invite,100743,Beacon Textiles Co,Beta,100582,,,,,,,101795,,,,N,
100125,Contact,102899,casey.mercer@examplecorp.test,Riley Rossi,2024-05-13 02:25:00,morgan.ivanov@sampleco.test,Jordan Nguyen,2024-07-24 01:29:00,sofia.patel@acme-fake.test,Jamie Dorsey,2024-09-12 15:33:00,diego.haddad@demomail.test,Omar Larsson,2024-05-26 11:52:00,Y,Fatima Mensah,Reese Mercer,Skyler Okafor,TAG-7113,Support Specialist,,,,,,,,,TAG-6863,skyler.okafor@examplecorp.test,,,,Active,,,100619,,100768,,,,,100300,,,Alpha,100442,,,,100315,,,drew.dorsey@sampleco.test,riley.vance@examplecorp.test,Renewal Nudge,100765,Cobalt Dynamics Corp,Delta,,,,,7,,,,,,,N,
100647,Contact,102900,marco.cohen@examplecorp.test,Riley Dorsey,2023-08-31 13:13:00,omar.silva@sampleco.test,Sofia Sato,2024-05-12 12:31:00,quinn.kim@acme-fake.test,Reese Ford,2023-04-14 07:59:00,alex.sato@examplecorp.test,Omar Rossi,2023-05-15 04:45:00,Y,Rowan Kim,Skyler Costa,Morgan Brooks,SKU-4000,Payroll Specialist,,,,,,,,,TAG-9230,morgan.brooks@examplecorp.test,,,,Active,,100627,100435,100215,100168,,,,,100194,,100420,Beta,100490,,,Delta,100205,,,emerson.whitfield@sampleco.test,elena.larsson@demomail.test,Event Invite,100204,Vertex Health LLP,,100732,,,,,,,101807,,,,,
100317,Contact,102901,liam.kim@sampleco.test,Reese Okafor,2023-08-20 08:02:00,noah.mensah@acme-fake.test,Sofia Patel,2025-01-17 23:18:00,jordan.mensah@sampleco.test,Chen Garcia,2026-07-31 17:43:00,noah.haddad@sampleco.test,Omar Rossi,2023-04-24 07:11:00,N,Arjun Mercer,Liam Dorsey,Liam Ashby,LOT-6810,QA Engineer,,,,,,,,,SKU-6287,liam.ashby@acme-fake.test,,,,Inactive,100467,100305,100658,100624,,,,,,100671,,,Alpha,100042,,,Gamma,,100739,,marco.dorsey@acme-fake.test,sofia.whitfield@sampleco.test,Quarterly Newsletter,100157,Meridian Media Ltd,Standard,100740,,,,,,,,,,,N,
100161,Contact,102902,yara.mensah@examplecorp.test,Liam Costa,2024-12-28 01:57:00,jamie.ivanov@examplecorp.test,Aisha Blake,2024-01-10 04:11:00,jamie.silva@acme-fake.test,Liam Blake,2025-12-13 03:35:00,skyler.mensah@examplecorp.test,Morgan Sato,2023-12-17 15:46:00,Y,Yara Nguyen,Liam Haddad,Elena Nguyen,TAG-3070,Operations Associate,,,,,,,,,LOT-5721,elena.nguyen@examplecorp.test,,,,Active,,,100291,,,TAG-9033,,,,100380,,100647,Other,100565,,,Standard,100635,100082,,yara.silva@examplecorp.test,liam.whitfield@sampleco.test,Renewal Nudge,100188,,Delta,,,,,,,,101821,,,,,
100733,Contact,102903,reese.dorsey@sampleco.test,Reese Whitfield,2025-07-27 03:31:00,noah.okafor@demomail.test,Elena Ashby,2025-05-11 08:56:00,omar.larsson@demomail.test,Diego Ivanov,2025-12-15 03:21:00,quinn.kim@demomail.test,Elena Sloan,2023-08-26 14:41:00,N,Jamie Sloan,Drew Garcia,Jamie Silva,SKU-3547,Bookkeeper,,TAG-9162,,,,,,,SKU-1923,jamie.silva@examplecorp.test,,,,Inactive,100688,,100733,,,,,,,100707,,100629,Gamma,100688,,,Beta,100224,100739,,chen.rossi@examplecorp.test,jordan.mercer@examplecorp.test,Event Invite,100149,Delta Analytics Co,Beta,,,,,,,,101886,,,,N,
100721,Contact,102906,skyler.silva@acme-fake.test,Mei Mensah,2025-11-22 15:18:00,alex.dorsey@demomail.test,Skyler Mercer,2026-04-27 08:48:00,casey.ivanov@examplecorp.test,Omar Larsson,2023-06-20 10:24:00,skyler.vance@acme-fake.test,Yara Whitfield,2024-06-10 05:32:00,N,Rowan Whitfield,Avery Sato,Avery Patel,,Support Specialist,,,,,,,,,LOT-5056,avery.patel@demomail.test,,,,Inactive,100062,,100369,,,,,,,,,,Alpha,100514,,,Alpha,100155,100428,,quinn.ford@sampleco.test,rowan.larsson@demomail.test,Re-engagement,100535,Pioneer Retail Co,Other,100246,,,,,,,,,,,Y,
100355,Contact,102907,omar.whitfield@sampleco.test,Nina Larsson,2025-11-30 19:34:00,priya.mercer@demomail.test,Chen Mercer,2023-08-26 16:30:00,jamie.whitfield@examplecorp.test,Drew Whitfield,2025-08-30 02:13:00,diego.brooks@demomail.test,Drew Patel,2026-02-07 21:03:00,Y,Quinn Ford,Quinn Whitfield,Alex Rossi,TAG-2175,Data Analyst,,,,,,,,SKU-2822,TAG-5796,alex.rossi@sampleco.test,,,,Active,,100295,100320,,100654,,,,,,,100462,Other,100204,,N,Standard,100042,100758,,rahul.ashby@demomail.test,elena.mensah@acme-fake.test,Renewal Nudge,100707,Silverline Partners,Delta,,,,,,,,101867,Y,,,,
100260,Contact,102909,riley.dorsey@examplecorp.test,Elena Rossi,2023-06-17 18:02:00,skyler.ford@demomail.test,Avery Ford,2024-04-20 06:11:00,priya.okafor@acme-fake.test,Arjun Sloan,2025-06-22 03:57:00,avery.mercer@demomail.test,Noah Mercer,2026-02-16 10:05:00,Y,Priya Haddad,Reese Ivanov,Elena Dorsey,LOT-4693,Payroll Specialist,,,,,,,,,LOT-3954,elena.dorsey@acme-fake.test,,,,Active,100250,100096,100183,100194,100743,,,,,,,,Beta,100079,,,,100372,,,jordan.patel@acme-fake.test,nina.haddad@acme-fake.test,Renewal Nudge,100061,Northwind Ventures Inc,,100611,,,,,,,,,,,,N
100336,Contact,102910,marco.sato@sampleco.test,Aisha Haddad,2023-09-27 09:56:00,alex.silva@acme-fake.test,Chen Garcia,2022-10-14 21:29:00,alex.vance@demomail.test,Diego Ford,2026-03-02 02:08:00,avery.mensah@sampleco.test,Fatima Garcia,2024-06-13 02:39:00,Y,Marco Sato,Casey Okafor,Diego Mensah,SKU-3844,Software Developer,,,,,,,,,REF-3397,diego.mensah@acme-fake.test,,,,Active,,100414,100596,100061,,,,,,100278,,100441,Alpha,100761,,,,,100724,,omar.ashby@sampleco.test,diego.costa@examplecorp.test,Re-engagement,100525,Atlas Systems,Other,100768,,,,,,,101837,,,,N,
100448,Contact,102913,morgan.ashby@acme-fake.test,Noah Sato,2022-10-23 13:39:00,drew.kim@sampleco.test,Jamie Sloan,2024-06-02 15:13:00,rowan.okafor@sampleco.test,Quinn Garcia,2024-12-07 00:16:00,skyler.nguyen@examplecorp.test,Sofia Reyes,2025-07-04 18:12:00,Y,Taylor Ashby,Arjun Silva,Diego Rossi,LOT-6408,Support Specialist,,,,,,,,LOT-2784,SKU-3604,diego.rossi@demomail.test,,,,Active,,,100181,100498,,,,,,100145,,100317,Delta,100446,,,Other,,,,morgan.garcia@examplecorp.test,noah.garcia@sampleco.test,Product Update,100103,,Beta,100019,,,,,,,101813,,,,,
100421,Contact,102914,mei.calder@examplecorp.test,Omar Rossi,2024-09-29 19:56:00,liam.calder@demomail.test,Elena Nguyen,2025-07-27 16:12:00,marco.haddad@acme-fake.test,Noah Mercer,2023-01-24 01:29:00,marco.garcia@acme-fake.test,Arjun Brooks,2026-06-09 19:03:00,N,Taylor Dorsey,Marco Rossi,Elena Haddad,TAG-1345,QA Engineer,,,,,,,,,TAG-2057,elena.haddad@sampleco.test,,,,Inactive,100569,100365,100585,,100462,,,,,,,,Alpha,100707,,,,100519,100407,,riley.ashby@demomail.test,alex.calder@examplecorp.test,Product Update,100730,,Standard,100570,,,,,,,101888,,,,Y,
100372,Contact,102915,fatima.reyes@examplecorp.test,Fatima Okafor,2023-08-31 01:29:00,mei.costa@sampleco.test,Quinn Reyes,2024-03-16 05:00:00,aisha.garcia@sampleco.test,Fatima Cohen,2024-11-21 09:18:00,chen.garcia@examplecorp.test,Chen Ivanov,2024-10-07 12:44:00,Y,Skyler Cohen,Alex Dorsey,Quinn Garcia,SKU-7402,HR Generalist,,,,,,,,,REF-3756,quinn.garcia@acme-fake.test,,,,Active,,,100585,100421,100242,,,,,,,100118,Standard,100335,,,Standard,100727,100269,,casey.garcia@sampleco.test,rowan.kim@demomail.test,Product Update,100601,,Standard,,,,,,,,101800,,,,N,
100732,Contact,102916,morgan.rossi@examplecorp.test,Omar Mercer,2022-11-11 20:12:00,taylor.dorsey@acme-fake.test,Chen Ivanov,2026-05-08 04:16:00,avery.patel@demomail.test,Jordan Haddad,2023-01-02 18:18:00,casey.costa@examplecorp.test,Omar Ivanov,2025-08-20 08:27:00,Y,Avery Ford,Taylor Mercer,Reese Nguyen,REF-2180,Bookkeeper,,,,,,,4827,,LOT-6505,reese.nguyen@demomail.test,,,,Active,100441,100504,100224,100378,100021,,,,,,,,Gamma,100332,,,Gamma,100357,100031,,rahul.whitfield@acme-fake.test,rowan.haddad@examplecorp.test,Quarterly Newsletter,100375,Falcon Capital Corp,Delta,100332,,,,,,,,,,,,
100407,Contact,102918,emerson.mensah@acme-fake.test,Omar Mensah,2025-09-07 11:05:00,aisha.silva@acme-fake.test,Diego Vance,2023-08-14 14:54:00,casey.haddad@sampleco.test,Jamie Cohen,2026-07-19 14:26:00,mei.okafor@acme-fake.test,Aisha Sato,2024-03-15 07:20:00,Y,Chen Vance,Marco Sloan,Sofia Blake,TAG-6419,Software Developer,,,,,,,,,LOT-7238,sofia.blake@demomail.test,,,,Active,,100704,100694,,,,,,,100578,,,Standard,100405,,,,,,,drew.sloan@demomail.test,quinn.vance@examplecorp.test,Event Invite,100369,Redwood Ventures Co,,100651,,,,,,,101860,,,,N,
100606,Contact,102921,alex.ashby@demomail.test,Diego Ashby,2023-11-28 23:07:00,rahul.kim@examplecorp.test,Marco Reyes,2025-01-30 04:44:00,sofia.silva@sampleco.test,Mei Sato,2026-02-24 00:08:00,elena.nguyen@sampleco.test,Omar Rossi,2024-12-15 16:36:00,Y,Priya Whitfield,Skyler Ivanov,Quinn Cohen,SKU-1083,Bookkeeper,,,,,,,,,LOT-9194,quinn.cohen@sampleco.test,,,,Active,100264,100516,100570,100291,100473,,,,,100319,,100246,Beta,100495,,,Alpha,100386,,,emerson.okafor@examplecorp.test,arjun.cohen@demomail.test,Re-engagement,100185,,Other,,,,,,,,101840,N,,,Y,
100593,Contact,102922,skyler.nguyen@examplecorp.test,Nina Okafor,2022-10-10 10:07:00,marco.kim@examplecorp.test,Quinn Nguyen,2025-03-28 21:23:00,liam.rossi@examplecorp.test,Skyler Calder,2026-01-09 00:26:00,riley.rossi@demomail.test,Yara Dorsey,2025-04-30 20:22:00,Y,Drew Kim,Emerson Kim,Marco Silva,LOT-1730,Customer Success Manager,,REF-8328,,,,,,LOT-3472,TAG-3637,marco.silva@demomail.test,,,,Active,100204,,100106,,,,,,,100125,,100747,Alpha,100512,,,Gamma,100593,100188,,sofia.reyes@demomail.test,jordan.mercer@examplecorp.test,Event Invite,100743,,,100737,,,,,,,,,,,N,
100296,Contact,102924,skyler.reyes@demomail.test,Nina Rossi,2025-05-09 17:47:00,fatima.calder@acme-fake.test,Taylor Okafor,2023-08-18 07:39:00,taylor.cohen@examplecorp.test,Jordan Haddad,2024-01-19 14:18:00,jamie.mercer@demomail.test,Fatima Sato,2024-06-30 10:40:00,Y,Omar Okafor,Alex Nguyen,Fatima Reyes,REF-9480,Recruiter,,,,,,,,,REF-3191,fatima.reyes@examplecorp.test,,,,Active,,,100130,100378,,,,,,100299,,,Alpha,100139,,,Delta,,100579,,arjun.blake@examplecorp.test,elena.mercer@sampleco.test,Quarterly Newsletter,100645,Beacon Health Corp,,,,,,3,,,101792,,,,Y,
100404,Contact,102926,morgan.nguyen@demomail.test,Riley Rossi,2023-11-13 19:52:00,drew.okafor@sampleco.test,Aisha Sato,2024-05-21 12:11:00,diego.vance@acme-fake.test,Chen Blake,2026-01-22 04:45:00,casey.nguyen@examplecorp.test,Priya Ivanov,2025-09-12 13:19:00,N,Casey Nguyen,Mei Reyes,Emerson Brooks,LOT-9708,Software Developer,,LOT-4665,,,,,,,REF-8520,emerson.brooks@sampleco.test,,,,Inactive,100548,100512,100200,100361,,,,,,,,100686,Other,100566,,Y,,,,,emerson.blake@acme-fake.test,noah.costa@demomail.test,Renewal Nudge,100425,,,100762,,10,,,,,,,,,Y,
100606,Contact,102927,fatima.ford@sampleco.test,Elena Sloan,2025-07-16 23:10:00,priya.mensah@acme-fake.test,Rowan Ashby,2024-08-03 04:02:00,elena.silva@acme-fake.test,Taylor Ford,2026-02-03 10:25:00,noah.silva@sampleco.test,Chen Mensah,2023-03-28 18:19:00,Y,Rowan Sloan,Elena Patel,Skyler Okafor,LOT-7416,Software Developer,,,,,,,,,SKU-3766,skyler.okafor@examplecorp.test,,,,Active,100552,100214,100745,100201,100211,,,,,100137,,,Delta,100380,,,Delta,,,,omar.ford@acme-fake.test,jordan.silva@examplecorp.test,Renewal Nudge,100339,Harbor Textiles Corp,,100519,,,,,,,101870,,,,N,
100495,Contact,102928,casey.sato@examplecorp.test,Diego Reyes,2025-01-16 11:27:00,omar.reyes@acme-fake.test,Marco Blake,2024-12-20 08:55:00,rowan.costa@acme-fake.test,Casey Larsson,2025-10-23 12:11:00,fatima.larsson@acme-fake.test,Taylor Haddad,2024-10-29 17:32:00,Y,Sofia Blake,Omar Larsson,Drew Silva,REF-3682,QA Engineer,,,,,,TAG-5073,,,REF-2293,drew.silva@examplecorp.test,,,,Active,100120,100330,100134,100393,100257,,,,,100566,,,Gamma,100182,,,Alpha,,100076,,diego.dorsey@acme-fake.test,alex.silva@demomail.test,Re-engagement,100647,,Other,100191,,4,,,,,,,,,,
100552,Contact,102931,mei.ivanov@acme-fake.test,Chen Ford,2024-06-30 16:59:00,rahul.dorsey@sampleco.test,Rahul Dorsey,2025-09-07 08:53:00,mei.haddad@demomail.test,Nina Reyes,2025-09-19 12:18:00,alex.ashby@examplecorp.test,Quinn Ivanov,2025-05-21 09:12:00,Y,Diego Mercer,Yara Haddad,Rahul Brooks,SKU-3369,Recruiter,,,,,,,708,,LOT-7042,rahul.brooks@sampleco.test,,,,Active,,100082,100467,100658,100257,,,,,,,100224,Beta,100627,,,Other,100161,100559,,skyler.silva@demomail.test,reese.brooks@examplecorp.test,Product Update,100340,Redwood Dynamics Group,Beta,100322,,,,,,,101887,,,,Y,
100314,Contact,102933,priya.garcia@acme-fake.test,Alex Mensah,2023-11-17 19:20:00,diego.sato@sampleco.test,Chen Garcia,2025-04-11 01:26:00,avery.garcia@sampleco.test,Mei Patel,2023-08-19 11:44:00,taylor.calder@acme-fake.test,Rowan Whitfield,2025-11-08 16:03:00,Y,Taylor Calder,Chen Dorsey,Marco Blake,TAG-1035,Operations Associate,,,Other,,,,,TAG-1833,TAG-9273,marco.blake@sampleco.test,,,,Active,100414,100683,100147,100697,100611,,,,,100229,,,Other,100418,,,Other,,100554,,elena.whitfield@examplecorp.test,liam.ford@demomail.test,Event Invite,100292,,,100191,,,,,,,,,,,,
100751,Contact,102934,casey.cohen@sampleco.test,Jordan Nguyen,2025-07-31 17:30:00,priya.rossi@examplecorp.test,Emerson Dorsey,2026-04-12 16:08:00,drew.dorsey@sampleco.test,Rowan Calder,2024-01-16 06:04:00,fatima.brooks@acme-fake.test,Jordan Sato,2024-07-16 17:31:00,Y,Noah Sloan,Nina Haddad,Nina Okafor,,Operations Associate,,,,,,,,REF-9158,TAG-3632,nina.okafor@acme-fake.test,,,,Active,,100120,100264,,,,,,,,,100786,Delta,100168,,,,100470,,,mei.sato@examplecorp.test,jordan.larsson@examplecorp.test,Product Update,100753,,,,,,,,,,,,,,N,
100201,Contact,102935,marco.vance@sampleco.test,Liam Vance,2024-11-05 23:36:00,skyler.okafor@sampleco.test,Rowan Cohen,2022-12-02 18:10:00,fatima.haddad@examplecorp.test,Noah Blake,2025-02-17 10:31:00,liam.ivanov@sampleco.test,Nina Sato,2025-12-10 21:49:00,N,Skyler Okafor,Avery Blake,Sofia Ford,SKU-1516,Customer Success Manager,,,,,,,,,REF-7624,sofia.ford@acme-fake.test,,,,Inactive,100359,,100173,100590,,,,,,,,,Standard,100441,,,Delta,,100191,,drew.ivanov@demomail.test,yara.okafor@sampleco.test,Quarterly Newsletter,100774,Granite Manufacturing LLC,Beta,100593,,,,,,,101888,,,,,
100635,Contact,102936,taylor.calder@demomail.test,Elena Okafor,2025-12-07 07:23:00,mei.ivanov@demomail.test,Elena Sato,2023-12-27 11:47:00,riley.sato@sampleco.test,Aisha Mercer,2022-10-10 02:02:00,rowan.brooks@acme-fake.test,Chen Sato,2024-03-30 19:39:00,N,Diego Patel,Jamie Okafor,Noah Reyes,,Financial Analyst,,,,,Alpha,SKU-8553,,LOT-6059,LOT-6520,noah.reyes@sampleco.test,,,,Inactive,,100140,100540,,100451,,,,,,,100021,Beta,100658,,,,100514,100007,,skyler.blake@acme-fake.test,fatima.silva@sampleco.test,Event Invite,100721,,Other,,,10,,,,,101853,,,,,
100007,Contact,102939,sofia.rossi@demomail.test,Marco Reyes,2024-05-31 06:48:00,riley.kim@demomail.test,Fatima Kim,2022-10-03 11:03:00,rahul.sato@examplecorp.test,Nina Cohen,2023-08-25 20:25:00,diego.costa@acme-fake.test,Fatima Nguyen,2024-06-28 10:21:00,Y,Arjun Garcia,Omar Dorsey,Noah Haddad,REF-2208,HR Generalist,,,,,,,,,REF-2922,noah.haddad@acme-fake.test,,,,Active,100704,100702,100442,100564,,LOT-8996,,,,,,100587,Delta,100214,,,Standard,,100193,,quinn.haddad@acme-fake.test,jamie.patel@sampleco.test,Re-engagement,100224,Brightpath Capital LLC,,100640,,,,,,,,,,,,
100139,Contact,102941,morgan.mercer@demomail.test,Fatima Mensah,2025-06-18 15:55:00,riley.vance@acme-fake.test,Omar Brooks,2023-04-09 10:54:00,omar.mercer@examplecorp.test,Yara Blake,2024-03-18 23:08:00,emerson.rossi@examplecorp.test,Taylor Patel,2025-06-16 02:23:00,N,Taylor Okafor,Aisha Ford,Omar Mensah,LOT-7772,Bookkeeper,,,,,,,,,TAG-5751,omar.mensah@acme-fake.test,,,,Inactive,100425,,100239,100540,100751,LOT-3007,,,,100458,,100403,Other,100743,,,,,,,elena.reyes@examplecorp.test,aisha.vance@sampleco.test,Re-engagement,100632,Blue Ridge Foods Inc,,,,,,,,,,,,,Y,
100790,Contact,102943,morgan.costa@acme-fake.test,Jamie Ashby,2025-11-12 17:38:00,omar.dorsey@examplecorp.test,Rahul Whitfield,2022-11-27 05:23:00,sofia.okafor@examplecorp.test,Sofia Mensah,2026-02-08 03:42:00,chen.mercer@examplecorp.test,Arjun Costa,2024-01-05 23:26:00,Y,Aisha Sato,Drew Rossi,Skyler Reyes,LOT-4261,Project Manager,,,,,,TAG-9529,,,SKU-1593,skyler.reyes@examplecorp.test,,,,Active,,100005,100629,,,,,,,,,,Standard,100288,,Y,,100457,100086,,riley.ford@demomail.test,rahul.whitfield@sampleco.test,Renewal Nudge,100400,Keystone Foods LLP,Gamma,100016,,,,,,,101822,,,,,
100043,Contact,102944,rahul.calder@acme-fake.test,Avery Blake,2023-09-25 23:44:00,jamie.patel@acme-fake.test,Mei Haddad,2022-10-12 04:32:00,drew.reyes@sampleco.test,Rahul Blake,2023-02-01 21:00:00,marco.silva@examplecorp.test,Alex Rossi,2026-03-22 21:22:00,Y,Reese Mercer,Rowan Cohen,Elena Nguyen,REF-9361,Financial Analyst,,,,,,,,,TAG-5946,elena.nguyen@acme-fake.test,,,,Active,100516,100647,100472,,100634,,,,,,,,Beta,100348,,,Standard,100675,100112,,riley.brooks@demomail.test,noah.okafor@acme-fake.test,Renewal Nudge,100217,,,,,,,,,,101812,,,,N,
100155,Contact,102947,quinn.ford@acme-fake.test,Liam Patel,2025-02-14 19:58:00,fatima.whitfield@demomail.test,Quinn Reyes,2023-11-26 03:30:00,quinn.kim@acme-fake.test,Jordan Patel,2024-08-13 02:12:00,noah.reyes@sampleco.test,Emerson Vance,2026-04-28 19:51:00,Y,Jordan Sloan,Aisha Brooks,Rowan Brooks,REF-9725,Operations Associate,,,,,,,,,TAG-4676,rowan.brooks@sampleco.test,,,,Active,100468,,100092,100298,100493,,,,,,,,Alpha,100784,,,Beta,100500,100740,,drew.patel@demomail.test,yara.haddad@examplecorp.test,Quarterly Newsletter,100697,,,100704,,,5,,,,,,,,N,
100587,Contact,102950,rahul.ford@acme-fake.test,Elena Mercer,2024-09-23 06:19:00,emerson.kim@sampleco.test,Omar Mensah,2023-09-25 13:29:00,mei.haddad@demomail.test,Quinn Dorsey,2026-02-07 07:19:00,noah.okafor@demomail.test,Reese Reyes,2023-08-31 08:14:00,Y,Riley Whitfield,Jordan Reyes,Drew Garcia,LOT-5601,Data Analyst,,,,,,,,,SKU-9311,drew.garcia@acme-fake.test,,,,Active,100604,,100538,100405,100178,,,,,,,100117,Other,100403,,,Beta,100242,100383,,morgan.ashby@demomail.test,sofia.costa@examplecorp.test,Renewal Nudge,100133,Northwind Holdings Inc,Standard,,,,5,6,,,,,,,Y,
100468,Contact,102951,diego.sloan@examplecorp.test,Jordan Rossi,2024-11-10 20:30:00,diego.larsson@acme-fake.test,Jamie Rossi,2022-10-28 17:44:00,diego.costa@examplecorp.test,Noah Dorsey,2023-12-12 10:36:00,jordan.calder@examplecorp.test,Rowan Brooks,2025-05-12 22:27:00,Y,Diego Reyes,Casey Silva,Alex Reyes,LOT-1725,Executive Assistant,,SKU-6102,,,,,,,TAG-1876,alex.reyes@examplecorp.test,,,,Active,100658,100656,100519,100330,100678,,,,,100009,,100566,Gamma,100053,,,,,100606,,reese.vance@demomail.test,rahul.reyes@examplecorp.test,Quarterly Newsletter,100133,Evergreen Labs LLP,,100188,,,,,,,101873,,,,,N
100233,Contact,102953,aisha.whitfield@sampleco.test,Morgan Mensah,2023-06-29 16:41:00,jamie.haddad@demomail.test,Casey Reyes,2026-01-01 04:50:00,reese.nguyen@examplecorp.test,Emerson Reyes,2025-10-17 05:07:00,arjun.vance@sampleco.test,Fatima Silva,2026-06-15 18:49:00,Y,Marco Blake,Rowan Haddad,Sofia Costa,TAG-6756,HR Generalist,,,,,,,,,TAG-9906,sofia.costa@acme-fake.test,,,,Active,100340,100375,100332,100021,,SKU-7318,,,,100635,,,Gamma,100507,,,Other,100457,100362,,alex.vance@sampleco.test,chen.ford@sampleco.test,Renewal Nudge,100762,Beacon Financial LLP,,,,,,,,,101798,,,,Y,
100311,Contact,102955,aisha.ford@examplecorp.test,Casey Mensah,2026-07-21 07:59:00,morgan.sloan@sampleco.test,Jordan Ivanov,2024-10-17 17:26:00,riley.reyes@acme-fake.test,Skyler Calder,2024-08-08 02:52:00,yara.sato@acme-fake.test,Avery Brooks,2023-10-01 11:08:00,Y,Elena Nguyen,Fatima Kim,Alex Ford,REF-3991,Executive Assistant,,,,,,,,,SKU-7702,alex.ford@demomail.test,,,,Active,100203,100031,100188,100232,100128,,,,,100460,,100389,Delta,100528,,Y,,100759,100100,,jordan.cohen@demomail.test,omar.costa@demomail.test,Quarterly Newsletter,100421,,,,,,,,,,,,,,Y,
100128,Contact,102958,elena.rossi@sampleco.test,Chen Rossi,2025-11-11 04:56:00,yara.mensah@demomail.test,Taylor Brooks,2022-11-19 00:38:00,nina.ivanov@acme-fake.test,Drew Vance,2023-10-08 03:11:00,arjun.dorsey@sampleco.test,Chen Sloan,2024-11-12 17:53:00,Y,Elena Haddad,Morgan Cohen,Aisha Kim,LOT-7714,Payroll Specialist,,SKU-5257,,Other,,,,SKU-6383,TAG-5310,aisha.kim@examplecorp.test,,,,Active,100786,100462,100345,100226,,,,,,100123,,100401,Delta,100421,,,Delta,100700,100669,,jordan.haddad@sampleco.test,sofia.patel@demomail.test,Renewal Nudge,100587,Keystone Logistics Inc,Other,100005,,,,,,,101803,,,,Y,
100750,Contact,102960,omar.calder@acme-fake.test,Reese Vance,2024-01-26 17:09:00,sofia.sloan@demomail.test,Rahul Brooks,2023-09-15 17:51:00,jamie.rossi@examplecorp.test,Aisha Whitfield,2023-04-23 05:45:00,liam.okafor@examplecorp.test,Jamie Larsson,2023-09-04 14:12:00,Y,Rowan Garcia,Aisha Mensah,Alex Mensah,REF-6217,Financial Analyst,,,,,Gamma,,,LOT-3665,TAG-2949,alex.mensah@examplecorp.test,,,,Active,,,100634,100587,,,,,,100414,,,Delta,100441,,,,,100604,,liam.cohen@sampleco.test,taylor.rossi@examplecorp.test,Re-engagement,100174,,,100740,,,,,,,101867,,,,,
100658,Contact,102962,mei.mercer@acme-fake.test,Omar Costa,2025-02-06 09:52:00,emerson.vance@examplecorp.test,Emerson Vance,2025-05-10 07:05:00,riley.okafor@demomail.test,Noah Mercer,2024-07-11 13:15:00,elena.mensah@examplecorp.test,Fatima Larsson,2024-04-21 19:36:00,N,Liam Garcia,Priya Haddad,Jordan Ivanov,LOT-4582,Financial Analyst,,,,,,REF-4395,,TAG-2764,LOT-2136,jordan.ivanov@examplecorp.test,,,,Inactive,,,100786,100790,,,,,,,,,Beta,100525,,,Alpha,100495,100246,,yara.brooks@examplecorp.test,reese.nguyen@examplecorp.test,Quarterly Newsletter,100460,,Delta,,,,,,,,101819,,,,Y,
100172,Contact,102965,emerson.silva@demomail.test,Chen Calder,2025-04-07 06:32:00,priya.blake@sampleco.test,Sofia Patel,2024-06-06 18:10:00,nina.garcia@examplecorp.test,Avery Silva,2023-04-18 14:02:00,riley.rossi@acme-fake.test,Liam Reyes,2022-10-30 09:59:00,N,Mei Cohen,Drew Dorsey,Avery Mercer,SKU-9973,Software Developer,,,,,,,,,SKU-5121,avery.mercer@acme-fake.test,,,,Inactive,100365,100451,100208,,100065,,,,,100210,,100493,Gamma,100627,,,Alpha,100182,100019,,morgan.brooks@examplecorp.test,nina.mercer@sampleco.test,Re-engagement,100761,,Beta,100726,,,,,,,,,,,,
100775,Contact,102968,mei.costa@acme-fake.test,Skyler Mensah,2026-06-27 04:28:00,casey.garcia@demomail.test,Reese Ashby,2025-01-18 22:06:00,quinn.reyes@sampleco.test,Rahul Garcia,2025-08-12 07:12:00,riley.mercer@demomail.test,Arjun Reyes,2023-04-10 20:59:00,N,Omar Garcia,Emerson Garcia,Reese Okafor,LOT-3456,Data Analyst,,,,,,,,,TAG-7158,reese.okafor@sampleco.test,,,,Inactive,,100038,100425,,,,,,,,,,Other,100622,,,Other,100194,100246,,rahul.mercer@sampleco.test,marco.nguyen@examplecorp.test,Event Invite,100471,,,,,8,,,,,,,,,,
100522,Contact,102969,arjun.okafor@acme-fake.test,Jamie Cohen,2023-07-11 02:04:00,riley.brooks@examplecorp.test,Omar Sloan,2026-05-18 12:05:00,arjun.sloan@sampleco.test,Reese Mercer,2022-12-12 18:00:00,taylor.patel@demomail.test,Marco Sloan,2023-05-01 16:05:00,Y,Morgan Garcia,Liam Calder,Yara Ford,REF-6661,HR Generalist,,SKU-4068,,,Beta,,,,TAG-3604,yara.ford@demomail.test,,,,Active,,100168,100383,100700,,,,,,,,100332,Standard,100120,,,Standard,100624,100359,,nina.ivanov@examplecorp.test,rowan.costa@demomail.test,Quarterly Newsletter,100137,Lakeside Holdings Co,Other,100369,,,,,,,,,,,Y,
100033,Contact,102972,arjun.patel@examplecorp.test,Skyler Vance,2024-10-14 04:59:00,elena.blake@demomail.test,Marco Cohen,2025-12-19 04:20:00,elena.mensah@sampleco.test,Reese Garcia,2023-12-09 14:07:00,riley.whitfield@acme-fake.test,Drew Reyes,2022-11-03 06:13:00,Y,Rowan Silva,Jordan Silva,Riley Ivanov,TAG-7802,Marketing Coordinator,,,,,,,9599,TAG-2506,LOT-2172,riley.ivanov@demomail.test,,,,Active,,,100133,,,,,,,100425,,100355,Beta,100040,,,,,,,diego.nguyen@examplecorp.test,chen.cohen@examplecorp.test,Product Update,100740,Keystone Manufacturing LLP,Beta,,,4,,,,,101887,,,,Y,N
100569,Contact,102975,marco.sloan@examplecorp.test,Morgan Mensah,2026-05-19 22:22:00,marco.haddad@demomail.test,Elena Blake,2024-11-08 18:51:00,avery.patel@sampleco.test,Omar Calder,2023-07-24 00:12:00,yara.sato@demomail.test,Diego Nguyen,2026-02-17 09:11:00,Y,Rowan Kim,Nina Sloan,Reese Patel,SKU-3992,Bookkeeper,,,,,,,,,TAG-8183,reese.patel@examplecorp.test,,,,Active,100784,,100278,100652,100601,,,,,100665,,100710,Delta,100264,,,,100522,100016,,liam.rossi@examplecorp.test,mei.ivanov@examplecorp.test,Quarterly Newsletter,100699,,,100205,,,,,,,,,,,Y,N
100022,Contact,102978,aisha.larsson@demomail.test,Rowan Ashby,2023-08-13 06:13:00,reese.mercer@demomail.test,Fatima Ivanov,2025-03-23 19:18:00,priya.kim@examplecorp.test,Sofia Ford,2025-06-26 21:43:00,elena.cohen@sampleco.test,Noah Cohen,2023-04-10 06:37:00,N,Diego Silva,Elena Vance,Skyler Calder,SKU-2143,Financial Analyst,,,,,,,,TAG-3041,SKU-4341,skyler.calder@acme-fake.test,,,,Inactive,100435,100643,100465,100185,,,,,,100519,,,Gamma,100322,,,,100267,,,omar.patel@demomail.test,arjun.sloan@examplecorp.test,Product Update,100191,Cardinal Group Inc,Beta,,,,,,,,101803,,,,,
100765,Contact,102979,skyler.kim@sampleco.test,Alex Mercer,2022-10-16 17:47:00,morgan.reyes@examplecorp.test,Elena Larsson,2022-10-08 16:42:00,rahul.vance@demomail.test,Omar Mercer,2026-04-04 11:58:00,arjun.silva@demomail.test,Casey Costa,2024-09-19 04:21:00,Y,Elena Rossi,Fatima Patel,Nina Larsson,SKU-5931,Support Specialist,,,,,,,,TAG-4508,REF-4419,nina.larsson@acme-fake.test,,,,Active,100062,100355,100700,100462,100454,,,,,,,100178,Beta,100529,,,,,100120,,avery.cohen@examplecorp.test,yara.cohen@sampleco.test,Event Invite,100432,,Gamma,,,,,,,,101853,,,,,
100077,Contact,102980,avery.haddad@sampleco.test,Jamie Calder,2022-10-18 23:49:00,casey.brooks@demomail.test,Yara Whitfield,2024-07-11 01:23:00,skyler.patel@demomail.test,Rowan Rossi,2026-04-14 20:33:00,reese.okafor@demomail.test,Quinn Haddad,2025-06-14 07:35:00,Y,Diego Whitfield,Priya Larsson,Marco Blake,LOT-5376,Financial Analyst,,,,,,,,,REF-8288,marco.blake@demomail.test,,,,Active,,,100771,,100481,LOT-9556,,,,100219,,,Other,100758,,,,100401,100634,,sofia.vance@demomail.test,priya.blake@examplecorp.test,Event Invite,100627,Meridian Systems LLP,,100145,,,,,,,101846,,,,N,
100264,Contact,102983,jamie.whitfield@acme-fake.test,Alex Dorsey,2025-11-25 07:02:00,yara.whitfield@sampleco.test,Emerson Dorsey,2024-12-04 11:44:00,yara.okafor@examplecorp.test,Taylor Larsson,2025-01-09 16:40:00,priya.costa@demomail.test,Riley Patel,2023-02-03 09:45:00,Y,Aisha Sloan,Arjun Cohen,Emerson Whitfield,SKU-9239,Customer Success Manager,,,,,,,,,TAG-9346,emerson.whitfield@examplecorp.test,,,,Active,,,100089,100309,,,,,,,,,Gamma,100054,,,Other,,100239,,arjun.patel@demomail.test,casey.ford@examplecorp.test,Renewal Nudge,100286,Falcon Manufacturing,,,,,,6,,,101801,,,,Y,
100525,Contact,102984,rowan.whitfield@sampleco.test,Rahul Mensah,2025-04-21 23:56:00,jamie.calder@sampleco.test,Elena Sato,2024-08-28 13:03:00,jamie.calder@sampleco.test,Chen Mercer,2024-12-11 19:21:00,elena.calder@acme-fake.test,Avery Sato,2025-09-16 19:10:00,Y,Noah Mensah,Sofia Ashby,Mei Okafor,LOT-4864,Accountant,,,,,,,,SKU-2269,LOT-8693,mei.okafor@sampleco.test,,,,Active,100250,100504,100181,,,,,,,100629,,100442,Gamma,100627,,N,Beta,,100568,,reese.larsson@examplecorp.test,drew.cohen@demomail.test,Renewal Nudge,100578,Redwood Capital Co,Beta,,,,,,,,101812,,,,Y,
100100,Contact,102985,jamie.costa@demomail.test,Taylor Dorsey,2023-10-08 08:01:00,casey.rossi@demomail.test,Diego Ford,2024-03-09 00:41:00,drew.cohen@sampleco.test,Priya Dorsey,2024-12-19 21:16:00,nina.mensah@acme-fake.test,Arjun Cohen,2023-08-27 13:05:00,Y,Avery Mensah,Jordan Reyes,Riley Larsson,,Support Specialist,,,,,,,,,LOT-1351,riley.larsson@examplecorp.test,,,,Active,100724,,100570,100142,100169,,,,,,,,Standard,100169,,,,100791,100317,,yara.brooks@acme-fake.test,liam.haddad@demomail.test,Event Invite,100405,,,100288,,,,,,,,,,,,
100400,Contact,102987,omar.ivanov@acme-fake.test,Reese Calder,2026-03-08 08:43:00,omar.sloan@demomail.test,Quinn Haddad,2026-06-04 23:16:00,omar.nguyen@sampleco.test,Aisha Ashby,2026-06-03 19:24:00,arjun.cohen@sampleco.test,Nina Kim,2024-01-13 01:34:00,Y,Chen Ford,Elena Nguyen,Diego Patel,LOT-2343,Executive Assistant,,TAG-5401,,,Delta,,,,LOT-2430,diego.patel@demomail.test,,,,Active,,100191,100169,100481,,,,,,100130,,,Delta,100221,,,Beta,100683,100343,,aisha.cohen@sampleco.test,casey.vance@acme-fake.test,Product Update,100348,,Alpha,100317,,,,,,,,N,,,,
100393,Contact,102988,alex.cohen@demomail.test,Skyler Vance,2024-07-04 14:41:00,sofia.sloan@sampleco.test,Morgan Garcia,2026-07-30 14:40:00,casey.nguyen@sampleco.test,Yara Larsson,2023-10-01 05:12:00,riley.vance@acme-fake.test,Reese Brooks,2023-11-11 02:53:00,Y,Liam Ford,Skyler Dorsey,Arjun Vance,TAG-5705,HR Generalist,,,,,Delta,,,SKU-6603,REF-7381,arjun.vance@sampleco.test,,,,Active,100762,100275,100314,100269,,,,,,100782,,100291,Gamma,100421,,,,100121,100092,,alex.reyes@sampleco.test,reese.brooks@demomail.test,Event Invite,100247,,Beta,,,,,,,,101810,,,,,Y
100601,Contact,102991,morgan.mercer@examplecorp.test,Marco Silva,2025-08-10 11:23:00,marco.mensah@sampleco.test,Elena Kim,2023-09-10 07:03:00,chen.rossi@acme-fake.test,Mei Rossi,2023-05-31 18:18:00,riley.larsson@examplecorp.test,Rahul Mercer,2023-09-21 18:58:00,Y,Jordan Sato,Yara Patel,Rahul Brooks,REF-6724,Financial Analyst,,,,,,,,SKU-7754,REF-2913,rahul.brooks@sampleco.test,,,,Active,100629,,100311,100174,,,,,,100481,,,Standard,100768,,,,100423,100378,,arjun.brooks@acme-fake.test,elena.silva@sampleco.test,Re-engagement,100779,Copper Foods LLP,,100118,,4,,,,,101801,,,,N,
100252,Contact,102993,quinn.cohen@sampleco.test,Elena Larsson,2024-09-11 04:29:00,reese.mensah@acme-fake.test,Rowan Mensah,2026-03-09 20:42:00,aisha.larsson@acme-fake.test,Yara Ford,2024-09-24 21:35:00,diego.reyes@demomail.test,Aisha Cohen,2024-10-01 11:42:00,Y,Omar Patel,Alex Nguyen,Liam Garcia,REF-7978,Customer Success Manager,,,,,,,,,SKU-5695,liam.garcia@examplecorp.test,,,,Active,100542,100278,100016,,100140,,,,,,,,Gamma,100120,,,Alpha,100576,,,priya.ivanov@demomail.test,fatima.patel@acme-fake.test,Event Invite,100762,Everest Media LLP,Beta,,,,,,,,,,,,,
100790,Contact,102995,avery.haddad@examplecorp.test,Fatima Reyes,2024-02-29 12:09:00,marco.whitfield@examplecorp.test,Taylor Costa,2026-02-01 08:38:00,morgan.okafor@acme-fake.test,Liam Calder,2023-03-21 00:31:00,jamie.blake@examplecorp.test,Mei Sloan,2023-02-10 19:23:00,N,Morgan Costa,Jordan Costa,Fatima Haddad,REF-2747,Project Manager,,,,,,,,,SKU-6388,fatima.haddad@demomail.test,,,,Inactive,,100704,100665,100253,100079,,,,,,,100396,Standard,100133,,,,100372,100335,,skyler.silva@demomail.test,omar.patel@sampleco.test,Re-engagement,100490,Lakeside Analytics LLC,,,,,,,,,,,,,Y,
100158,Contact,102997,taylor.ashby@demomail.test,Avery Sloan,2026-01-30 18:11:00,noah.ivanov@demomail.test,Rahul Haddad,2023-01-17 06:41:00,quinn.garcia@acme-fake.test,Skyler Ashby,2025-01-19 15:34:00,jamie.calder@demomail.test,Skyler Kim,2025-09-22 20:48:00,Y,Mei Vance,Liam Ivanov,Taylor Blake,REF-6568,Bookkeeper,,,,,,,,,SKU-4935,taylor.blake@sampleco.test,,,,Active,100462,100585,100339,,,,,,,100561,,100305,Standard,100568,,,Standard,100336,,,liam.blake@acme-fake.test,quinn.blake@examplecorp.test,Re-engagement,100599,,,,,,,,,,101857,,,,,
100423,Contact,103000,chen.garcia@sampleco.test,Casey Brooks,2023-07-21 14:33:00,yara.whitfield@demomail.test,Alex Calder,2023-05-29 06:35:00,mei.silva@demomail.test,Emerson Ashby,2026-01-07 13:45:00,diego.ivanov@sampleco.test,Drew Brooks,2023-04-01 00:58:00,Y,Elena Larsson,Avery Mercer,Reese Ashby,REF-5436,Bookkeeper,,,,,,,,,LOT-3077,reese.ashby@sampleco.test,,,,Active,,,100332,,,,,,,100415,,,Alpha,100086,,,Other,100322,,,reese.sloan@sampleco.test,rahul.larsson@sampleco.test,Re-engagement,100156,,Beta,100504,,,,,,,101870,N,,,,
100307,Contact,103002,nina.ford@demomail.test,Priya Sato,2023-06-24 16:04:00,riley.garcia@acme-fake.test,Rowan Costa,2025-04-16 00:01:00,arjun.larsson@acme-fake.test,Omar Calder,2024-01-24 06:25:00,fatima.patel@acme-fake.test,Quinn Ivanov,2024-12-14 14:44:00,Y,Fatima Brooks,Nina Costa,Aisha Okafor,SKU-7310,QA Engineer,,,,,Alpha,,,,TAG-9397,aisha.okafor@acme-fake.test,,,,Active,100475,100634,100086,100047,,REF-8310,,,,,,,Delta,100650,,,Standard,100535,100410,,aisha.kim@demomail.test,rahul.blake@examplecorp.test,Renewal Nudge,100675,,,100667,,,,,,,101871,,,,Y,
100214,Contact,103005,fatima.kim@examplecorp.test,Mei Whitfield,2026-02-26 07:08:00,noah.vance@acme-fake.test,Liam Kim,2024-06-28 19:09:00,chen.haddad@demomail.test,Jamie Ford,2025-07-03 16:20:00,morgan.blake@examplecorp.test,Omar Sloan,2026-02-21 22:14:00,Y,Jordan Costa,Jamie Nguyen,Sofia Ivanov,,Accountant,,,,Standard,,,,,SKU-4809,sofia.ivanov@acme-fake.test,,,,Active,100042,,100627,100454,,TAG-9318,,,,100149,,100775,Delta,100451,,,Beta,,100700,,aisha.blake@examplecorp.test,reese.reyes@acme-fake.test,Quarterly Newsletter,100339,,Gamma,,,,,,,,101851,,,,N,
100478,Contact,103008,drew.nguyen@examplecorp.test,Elena Garcia,2026-05-10 13:54:00,liam.reyes@examplecorp.test,Jamie Larsson,2024-06-07 04:24:00,avery.sato@acme-fake.test,Quinn Brooks,2023-03-22 14:16:00,elena.calder@acme-fake.test,Marco Nguyen,2023-01-27 16:30:00,N,Arjun Costa,Yara Costa,Sofia Calder,SKU-2256,HR Generalist,,,,,,,,,LOT-9648,sofia.calder@acme-fake.test,,,,Inactive,,,100404,100654,100582,,,,,100611,,100231,Alpha,100071,,,Alpha,,,,drew.ivanov@sampleco.test,morgan.haddad@demomail.test,Quarterly Newsletter,100568,Brightpath Retail LLP,Standard,100281,,,,,,,,,,,,
100296,Contact,103009,quinn.ashby@examplecorp.test,Nina Dorsey,2025-02-22 15:34:00,jordan.nguyen@acme-fake.test,Drew Costa,2023-07-08 03:09:00,arjun.nguyen@examplecorp.test,Casey Reyes,2024-01-21 03:08:00,priya.sato@sampleco.test,Drew Reyes,2025-05-11 16:24:00,N,Sofia Rossi,Chen Sato,Nina Whitfield,TAG-1611,Marketing Coordinator,,,,,,,,,LOT-4709,nina.whitfield@examplecorp.test,,,,Inactive,,100392,100418,100490,100153,,,,,100717,,100145,Delta,100309,,,Beta,,100751,,jamie.sloan@sampleco.test,avery.brooks@acme-fake.test,Event Invite,100271,Harbor Group Corp,Alpha,100345,,,,,,,,,,,,
100500,Contact,103010,arjun.blake@sampleco.test,Skyler Calder,2024-11-08 20:44:00,omar.haddad@demomail.test,Casey Kim,2026-07-07 08:17:00,priya.ford@sampleco.test,Morgan Larsson,2023-07-23 03:23:00,fatima.ashby@examplecorp.test,Quinn Ivanov,2025-04-18 13:08:00,Y,Rowan Ashby,Drew Garcia,Morgan Vance,SKU-4654,Software Developer,,,,Delta,,,,,LOT-1406,morgan.vance@acme-fake.test,,,,Active,,100031,100436,,,,,,,,,100242,Standard,100771,,,,100118,100336,,rowan.garcia@examplecorp.test,morgan.brooks@sampleco.test,Renewal Nudge,100414,,Standard,100453,,,,,,,101886,,,,,
100425,Contact,103013,rowan.ivanov@demomail.test,Sofia Vance,2023-11-15 13:36:00,rowan.brooks@examplecorp.test,Emerson Larsson,2023-05-22 12:15:00,alex.nguyen@sampleco.test,Emerson Okafor,2024-10-02 23:56:00,arjun.silva@acme-fake.test,Rahul Costa,2023-03-10 22:55:00,N,Mei Mensah,Taylor Garcia,Yara Vance,SKU-4909,Marketing Coordinator,,,,,,,,,TAG-2442,yara.vance@acme-fake.test,,,,Inactive,100622,100540,100694,,,,,,,100675,,100660,Alpha,100611,,Y,Other,,,,reese.dorsey@sampleco.test,rowan.sato@sampleco.test,Product Update,100043,,Beta,,,,,,,,101800,,,,,
100305,Contact,103015,rowan.silva@acme-fake.test,Arjun Rossi,2023-07-11 13:25:00,jamie.ford@sampleco.test,Emerson Ivanov,2026-06-25 06:50:00,avery.okafor@acme-fake.test,Priya Mercer,2024-10-09 18:07:00,fatima.sato@demomail.test,Reese Rossi,2024-02-28 06:55:00,Y,Taylor Haddad,Arjun Garcia,Nina Brooks,LOT-4631,Operations Associate,,,,,,,,LOT-6524,REF-9341,nina.brooks@demomail.test,,,,Active,,100123,100053,100264,100292,,,,,,,100596,Standard,100076,,,,100606,,,chen.okafor@sampleco.test,reese.haddad@acme-fake.test,Product Update,100119,Pioneer Holdings,Alpha,100680,,,,,,,101849,,,,,
100242,Contact,103017,mei.sato@demomail.test,Elena Ashby,2024-03-11 01:45:00,chen.kim@acme-fake.test,Arjun Mercer,2026-03-30 17:23:00,nina.sloan@sampleco.test,Nina Okafor,2024-01-31 13:30:00,rowan.calder@examplecorp.test,Riley Costa,2024-04-13 13:09:00,Y,Rowan Costa,Nina Mensah,Avery Garcia,SKU-2591,Software Developer,,,,,,,7149,,TAG-2214,avery.garcia@examplecorp.test,,,,Active,100244,100758,100611,,100303,,,,,,,,Other,100022,,,,100664,,,quinn.mercer@sampleco.test,alex.vance@examplecorp.test,Product Update,100035,,,100601,,,,,,,101886,,,,Y,
100570,Contact,103018,nina.okafor@demomail.test,Drew Garcia,2023-11-12 00:06:00,taylor.mercer@acme-fake.test,Nina Cohen,2024-06-15 23:43:00,quinn.nguyen@examplecorp.test,Liam Cohen,2025-08-16 02:27:00,jamie.costa@sampleco.test,Aisha Larsson,2024-05-09 06:04:00,Y,Omar Brooks,Rahul Blake,Fatima Mensah,LOT-5274,Recruiter,,,,,,,,SKU-9650,REF-3400,fatima.mensah@demomail.test,,,,Active,100256,100737,100267,,100355,,,,,100756,,100659,Beta,100578,,,Other,,100208,,omar.silva@acme-fake.test,priya.larsson@demomail.test,Event Invite,100196,,,100627,,,,,,,101860,,,,,
100050,Contact,103019,jordan.whitfield@acme-fake.test,Sofia Okafor,2025-05-18 10:58:00,marco.mercer@examplecorp.test,Fatima Nguyen,2025-09-24 17:48:00,liam.ford@demomail.test,Omar Brooks,2026-05-22 00:35:00,aisha.sato@acme-fake.test,Morgan Sato,2023-05-02 13:49:00,Y,Rahul Larsson,Chen Silva,Sofia Ford,LOT-6952,Customer Success Manager,,,,,,,7486,,REF-5742,sofia.ford@demomail.test,,,,Active,100683,,100721,100217,100220,,,,,100453,,100040,Alpha,100624,,,Alpha,100516,100033,,morgan.costa@demomail.test,reese.rossi@sampleco.test,Product Update,100040,Atlas Manufacturing Inc,,100007,,,,,,,,,,,,
100561,Contact,103020,arjun.reyes@acme-fake.test,Avery Ashby,2024-02-13 08:43:00,quinn.costa@sampleco.test,Elena Okafor,2024-02-15 20:45:00,yara.ford@acme-fake.test,Yara Costa,2025-03-26 16:23:00,rowan.nguyen@sampleco.test,Elena Haddad,2024-02-06 22:20:00,N,Taylor Sato,Casey Calder,Yara Okafor,SKU-7438,Marketing Coordinator,,,,,,,,LOT-9672,SKU-1182,yara.okafor@acme-fake.test,,,,Inactive,100244,100429,100790,100407,,,,,,100558,,,Beta,100119,,,Beta,,,,marco.reyes@acme-fake.test,rowan.patel@sampleco.test,Renewal Nudge,100371,,,100555,,,,,,,,,,,Y,
100645,Contact,103023,aisha.brooks@demomail.test,Skyler Garcia,2023-06-26 13:02:00,sofia.brooks@acme-fake.test,Nina Whitfield,2024-12-18 13:31:00,sofia.blake@acme-fake.test,Arjun Reyes,2023-03-25 06:59:00,nina.rossi@examplecorp.test,Diego Vance,2022-10-06 02:15:00,Y,Riley Okafor,Marco Ivanov,Avery Sato,TAG-1157,Payroll Specialist,,,,,Beta,,,LOT-3610,TAG-7445,avery.sato@sampleco.test,,,,Active,,100516,100750,,,,,,,100357,,,Other,100271,,Y,,,,,jordan.costa@sampleco.test,morgan.mercer@acme-fake.test,Re-engagement,100119,Summit Dynamics,Gamma,100165,,,,,,,,,,,Y,
100410,Contact,103025,liam.vance@examplecorp.test,Jordan Kim,2025-08-08 17:19:00,arjun.brooks@acme-fake.test,Skyler Larsson,2023-05-16 17:52:00,chen.kim@examplecorp.test,Morgan Cohen,2022-10-13 10:20:00,fatima.whitfield@acme-fake.test,Liam Ford,2026-05-23 09:58:00,Y,Mei Kim,Nina Reyes,Avery Reyes,REF-7198,Software Developer,,SKU-6786,,,,,,,LOT-3741,avery.reyes@demomail.test,,,,Active,100733,100476,100118,,,,,,,,,,Beta,100423,,,,100576,100076,,marco.mercer@sampleco.test,marco.ivanov@examplecorp.test,Renewal Nudge,100548,,Other,100153,,,,,,,101822,,,,,
100490,Contact,103028,nina.ashby@sampleco.test,Marco Silva,2024-04-03 13:24:00,omar.sloan@sampleco.test,Priya Dorsey,2025-11-21 21:03:00,diego.haddad@examplecorp.test,Jordan Nguyen,2026-03-15 17:59:00,casey.cohen@sampleco.test,Jordan Sloan,2023-02-22 23:00:00,Y,Elena Patel,Nina Haddad,Elena Costa,SKU-4102,QA Engineer,,,,,,,,,REF-1768,elena.costa@acme-fake.test,,,,Active,100593,,100635,100359,,TAG-6311,,,,,,100264,Standard,100177,,,Delta,100378,100383,,riley.reyes@acme-fake.test,avery.sloan@demomail.test,Renewal Nudge,100776,Beacon Robotics Group,Gamma,,,,,,,,101837,,,,,
100067,Contact,103030,yara.mensah@examplecorp.test,Chen Patel,2024-07-20 18:41:00,yara.ivanov@examplecorp.test,Casey Rossi,2024-10-08 07:34:00,diego.larsson@sampleco.test,Drew Rossi,2025-05-18 11:25:00,marco.haddad@demomail.test,Marco Patel,2025-03-26 14:55:00,Y,Marco Whitfield,Rowan Haddad,Marco Ford,LOT-6508,Operations Associate,,,,,,TAG-2691,,,SKU-6869,marco.ford@acme-fake.test,,,,Active,100576,100314,100068,,,,,,,100579,,,Standard,100031,,,,,,,casey.reyes@acme-fake.test,yara.garcia@sampleco.test,Product Update,100412,,Other,,,,,,,,,,,,,
100791,Contact,103032,sofia.dorsey@demomail.test,Omar Nguyen,2024-07-28 03:46:00,riley.cohen@acme-fake.test,Alex Sloan,2025-09-27 01:41:00,morgan.ivanov@acme-fake.test,Nina Okafor,2026-05-12 11:03:00,riley.ford@examplecorp.test,Quinn Haddad,2025-04-20 04:28:00,Y,Avery Garcia,Jordan Costa,Sofia Dorsey,LOT-8589,Project Manager,,,,,,,,,LOT-4795,sofia.dorsey@examplecorp.test,,,,Active,100106,,100507,100446,,,,,,,,,Standard,100315,,,Alpha,,100469,,reese.nguyen@acme-fake.test,riley.okafor@acme-fake.test,Product Update,100076,,Beta,100109,,,,,,,,,,,N,
100680,Contact,103034,fatima.sloan@examplecorp.test,Morgan Larsson,2025-04-22 18:32:00,quinn.whitfield@demomail.test,Reese Brooks,2026-03-08 18:55:00,reese.larsson@examplecorp.test,Avery Ivanov,2022-11-14 16:42:00,drew.kim@demomail.test,Casey Ashby,2025-08-30 04:27:00,Y,Morgan Okafor,Avery Garcia,Rowan Nguyen,LOT-8251,Software Developer,,,,,Beta,,,,SKU-5769,rowan.nguyen@acme-fake.test,,,,Active,100307,100201,100352,100403,100466,,,,,,,100686,Standard,100161,,,,100250,100083,,aisha.ford@demomail.test,rowan.sloan@examplecorp.test,Re-engagement,100117,,,100470,,,,,,,,,,,,
100400,Contact,103037,noah.cohen@examplecorp.test,Elena Mercer,2023-05-06 19:15:00,emerson.haddad@examplecorp.test,Alex Nguyen,2026-04-13 14:44:00,liam.sloan@acme-fake.test,Riley Patel,2022-11-30 22:12:00,fatima.kim@examplecorp.test,Drew Blake,2026-05-20 19:32:00,Y,Fatima Haddad,Nina Calder,Aisha Dorsey,SKU-3340,Software Developer,,,,,,,,LOT-8112,SKU-1525,aisha.dorsey@examplecorp.test,,,,Active,100680,,100128,100055,100405,TAG-4082,,,,100732,,100468,Gamma,100434,,,Alpha,100735,100383,,priya.dorsey@sampleco.test,yara.sato@demomail.test,Renewal Nudge,100622,,Gamma,100648,,1,,3,,,101836,,,,Y,
100182,Contact,103040,mei.costa@examplecorp.test,Reese Sloan,2024-08-06 15:56:00,fatima.dorsey@sampleco.test,Drew Garcia,2023-12-29 01:38:00,mei.patel@examplecorp.test,Morgan Mercer,2024-02-17 04:01:00,quinn.cohen@examplecorp.test,Casey Ford,2024-10-20 19:21:00,Y,Noah Mercer,Riley Garcia,Marco Haddad,SKU-5138,Executive Assistant,,,,,,,,,REF-4948,marco.haddad@demomail.test,,,,Active,100428,,100246,,,,,,,100177,,100599,Beta,100335,,,Gamma,,100785,,avery.sato@acme-fake.test,yara.okafor@acme-fake.test,Renewal Nudge,100503,Keystone Dynamics,,100465,,,,8,,,101886,,,,Y,
100257,Contact,103041,reese.rossi@examplecorp.test,Morgan Vance,2022-10-28 18:57:00,liam.dorsey@acme-fake.test,Jamie Mercer,2025-08-27 23:15:00,reese.nguyen@examplecorp.test,Jamie Ivanov,2024-01-24 02:19:00,marco.kim@demomail.test,Morgan Sloan,2022-10-21 02:18:00,Y,Skyler Mensah,Arjun Calder,Rowan Patel,LOT-7560,Bookkeeper,,,,,,,,,TAG-3959,rowan.patel@demomail.test,,,,Active,100062,100208,100339,,100519,,,,,,,100389,Beta,100564,,Y,Beta,100587,100033,,sofia.vance@demomail.test,yara.sato@examplecorp.test,Re-engagement,100421,,Delta,100295,,,,,,,101810,,,,Y,
100465,Contact,103043,avery.haddad@examplecorp.test,Alex Rossi,2024-01-24 17:04:00,fatima.sloan@sampleco.test,Reese Whitfield,2025-07-07 08:47:00,skyler.larsson@sampleco.test,Drew Garcia,2023-04-23 14:01:00,reese.reyes@acme-fake.test,Fatima Vance,2023-11-03 03:51:00,Y,Quinn Larsson,Fatima Ivanov,Sofia Costa,LOT-6562,QA Engineer,,,,,,LOT-2499,,,LOT-8160,sofia.costa@acme-fake.test,,,,Active,100021,,100604,,100076,,,,,,,100753,Delta,100205,,,,,,,priya.calder@sampleco.test,jordan.mensah@acme-fake.test,Re-engagement,100250,Delta Networks Co,Gamma,,,,,,,,101834,,,,Y,
100648,Contact,103045,emerson.cohen@acme-fake.test,Mei Garcia,2025-08-08 02:49:00,jamie.sloan@acme-fake.test,Jamie Ashby,2023-03-02 23:02:00,emerson.mercer@demomail.test,Fatima Calder,2023-11-11 13:08:00,drew.silva@sampleco.test,Arjun Sato,2025-07-18 14:24:00,N,Sofia Whitfield,Drew Patel,Rowan Cohen,TAG-6957,Financial Analyst,,,,,,SKU-2724,,SKU-6392,TAG-2615,rowan.cohen@acme-fake.test,,,,Inactive,100319,,100635,100724,,,,,,100664,,,Delta,100421,,,,100678,100142,,quinn.nguyen@sampleco.test,rowan.whitfield@examplecorp.test,Event Invite,100149,Horizon Media LLC,Gamma,,,,,,,,101887,,,,Y,
100264,Contact,103047,mei.garcia@sampleco.test,Yara Kim,2024-02-19 09:37:00,chen.kim@demomail.test,Aisha Calder,2023-12-21 18:34:00,emerson.silva@demomail.test,Omar Nguyen,2025-01-31 11:16:00,liam.ford@demomail.test,Taylor Sato,2025-01-20 04:41:00,Y,Liam Larsson,Diego Costa,Taylor Costa,SKU-5394,HR Generalist,,,,,,,,,SKU-2166,taylor.costa@demomail.test,,,,Active,,100252,100572,100771,100130,,,,,,,100438,Gamma,100554,,,Beta,100054,100330,,jordan.haddad@acme-fake.test,omar.sato@acme-fake.test,Quarterly Newsletter,100040,,,,,,,,,,101843,,,,,Y
100735,Contact,103050,yara.ashby@examplecorp.test,Arjun Garcia,2023-04-04 01:39:00,fatima.okafor@demomail.test,Fatima Reyes,2025-02-28 22:22:00,liam.blake@sampleco.test,Elena Costa,2024-11-07 21:36:00,noah.blake@acme-fake.test,Avery Brooks,2025-01-07 14:21:00,N,Aisha Vance,Arjun Patel,Rahul Mercer,REF-9440,HR Generalist,,,,,,,,,LOT-4150,rahul.mercer@sampleco.test,,,,Inactive,100229,100361,100125,100775,,,,,,,,100003,Other,100244,,,Beta,100762,,,rahul.sato@demomail.test,avery.larsson@acme-fake.test,Product Update,100205,Meridian Group Co,Gamma,100407,,8,,,,,,,,,,
100461,Contact,103052,noah.cohen@demomail.test,Liam Kim,2024-02-12 16:28:00,nina.sato@examplecorp.test,Casey Kim,2022-12-11 11:34:00,skyler.nguyen@acme-fake.test,Sofia Blake,2025-09-28 14:22:00,diego.kim@acme-fake.test,Casey Mercer,2024-10-09 01:46:00,Y,Diego Haddad,Rahul Reyes,Rahul Whitfield,SKU-9978,Software Developer,,,,,,,,REF-4797,REF-7380,rahul.whitfield@examplecorp.test,,,,Active,100645,100140,100352,100021,100168,,,,,100753,,,Gamma,100532,,,,100599,100713,,noah.patel@sampleco.test,reese.garcia@acme-fake.test,Renewal Nudge,100680,,Gamma,100019,,,,,,,101813,,,,N,
100399,Contact,103053,casey.larsson@demomail.test,Fatima Silva,2025-01-17 00:25:00,diego.larsson@sampleco.test,Yara Larsson,2025-01-07 14:03:00,diego.costa@acme-fake.test,Morgan Ivanov,2026-03-08 12:25:00,sofia.vance@sampleco.test,Aisha Calder,2023-02-25 06:11:00,Y,Jamie Okafor,Mei Ashby,Chen Rossi,,Recruiter,,,,,,,,REF-9369,REF-9749,chen.rossi@acme-fake.test,,,,Active,100650,100372,100451,100119,,,,,,100016,,100724,Other,100697,,,Delta,100659,,,liam.silva@examplecorp.test,elena.sato@acme-fake.test,Product Update,100568,,,100787,,,,,,,,,,,Y,
100109,Contact,103056,drew.whitfield@sampleco.test,Aisha Brooks,2023-01-31 06:52:00,jamie.vance@demomail.test,Quinn Whitfield,2026-01-11 03:19:00,priya.sloan@acme-fake.test,Diego Ashby,2026-01-21 15:24:00,skyler.larsson@demomail.test,Diego Kim,2023-09-05 21:52:00,Y,Avery Rossi,Aisha Ivanov,Yara Calder,TAG-8664,Bookkeeper,,,,,,,,,TAG-7543,yara.calder@acme-fake.test,,,,Active,100660,100555,100226,100750,,,,,,,,100325,Alpha,100239,,,Beta,100438,,,riley.cohen@sampleco.test,priya.brooks@demomail.test,Re-engagement,100398,,Other,,,,,,,,,,,,,
100145,Contact,103059,yara.brooks@acme-fake.test,Chen Nguyen,2026-07-10 18:25:00,sofia.haddad@sampleco.test,Priya Nguyen,2024-08-19 01:02:00,jordan.silva@examplecorp.test,Nina Dorsey,2026-02-13 20:47:00,chen.mercer@demomail.test,Diego Sloan,2023-02-06 06:35:00,Y,Diego Mercer,Priya Sato,Reese Ivanov,SKU-6014,Marketing Coordinator,,,,,,,,REF-4930,LOT-3785,reese.ivanov@examplecorp.test,,,,Active,,100616,100429,,100548,,,,,100007,,100700,Standard,100454,,,Gamma,,100439,,emerson.calder@acme-fake.test,arjun.kim@demomail.test,Renewal Nudge,100765,,,,,,,4,,,101825,,,,Y,
100775,Contact,103060,omar.larsson@sampleco.test,Elena Cohen,2022-12-05 22:58:00,aisha.patel@sampleco.test,Casey Mercer,2023-09-26 05:46:00,aisha.nguyen@sampleco.test,Morgan Blake,2023-06-04 02:31:00,arjun.whitfield@demomail.test,Fatima Ivanov,2024-12-02 10:09:00,Y,Rowan Mensah,Arjun Brooks,Riley Patel,,Software Developer,,,,Delta,,,7485,,TAG-3142,riley.patel@examplecorp.test,,,,Active,100133,100239,100109,,,,,,,100446,,100371,Gamma,100566,,,Alpha,100476,100652,,jamie.larsson@acme-fake.test,priya.dorsey@demomail.test,Event Invite,100393,Blue Ridge Health LLC,,,,,,,,,101878,,,,,
100569,Contact,103061,skyler.rossi@examplecorp.test,Noah Ashby,2025-10-28 14:32:00,jamie.reyes@sampleco.test,Reese Dorsey,2025-08-30 08:43:00,avery.larsson@sampleco.test,Riley Sato,2023-08-29 12:46:00,sofia.dorsey@examplecorp.test,Casey Costa,2024-03-29 19:03:00,N,Nina Whitfield,Yara Blake,Emerson Sloan,REF-9837,QA Engineer,,,,,,SKU-7075,,,LOT-1335,emerson.sloan@demomail.test,,,,Inactive,100656,,100466,100016,,,,,,,,,Alpha,100134,,,Alpha,,100771,,avery.ivanov@acme-fake.test,arjun.mensah@demomail.test,Re-engagement,100125,Redwood Textiles Corp,Other,100348,,,,,,,101862,,,,Y,
100082,Contact,103064,skyler.rossi@sampleco.test,Fatima Dorsey,2024-01-30 16:33:00,liam.ashby@examplecorp.test,Marco Calder,2026-03-18 07:17:00,skyler.ford@demomail.test,Fatima Sloan,2024-08-05 17:20:00,arjun.silva@examplecorp.test,Aisha Costa,2026-02-07 22:28:00,Y,Liam Ashby,Omar Whitfield,Rahul Cohen,TAG-4457,Payroll Specialist,,,,,,,,REF-4218,TAG-2688,rahul.cohen@examplecorp.test,,,,Active,100689,100691,100622,100606,100260,,,,,,,100263,Gamma,100365,,,,100130,100461,,avery.cohen@sampleco.test,marco.garcia@sampleco.test,Quarterly Newsletter,100453,,Delta,,,,,,,,101860,,,,N,
100028,Contact,103067,casey.larsson@demomail.test,Emerson Ivanov,2025-11-02 08:02:00,diego.nguyen@acme-fake.test,Rahul Dorsey,2022-12-06 07:19:00,marco.cohen@acme-fake.test,Omar Mercer,2024-01-14 03:59:00,diego.rossi@demomail.test,Omar Brooks,2026-06-01 13:25:00,Y,Yara Garcia,Morgan Vance,Reese Whitfield,LOT-9275,Executive Assistant,,,,,,,,,TAG-8845,reese.whitfield@sampleco.test,,,,Active,100624,,100315,100569,100250,,,,,,,,Alpha,100619,,,,100278,100740,,sofia.ivanov@demomail.test,arjun.haddad@examplecorp.test,Product Update,100300,,Standard,,,,,,,,101865,,,,,
100495,Contact,103069,omar.patel@examplecorp.test,Reese Vance,2023-12-06 16:23:00,morgan.silva@examplecorp.test,Yara Sato,2025-02-07 12:55:00,reese.haddad@demomail.test,Mei Nguyen,2025-02-28 05:23:00,riley.calder@demomail.test,Jordan Ivanov,2025-04-09 18:19:00,Y,Reese Blake,Marco Garcia,Riley Ford,TAG-9949,Software Developer,,,,,,,,TAG-5002,REF-7542,riley.ford@demomail.test,,,,Active,100149,100162,100014,100745,,,,,,100040,,,Delta,100061,,,Delta,,,,avery.garcia@acme-fake.test,morgan.nguyen@sampleco.test,Renewal Nudge,100387,Ironwood Manufacturing Ltd,,100201,,,,4,,,101807,,,,,
100035,Contact,103072,noah.okafor@examplecorp.test,Diego Dorsey,2025-12-05 18:40:00,taylor.cohen@acme-fake.test,Yara Kim,2023-05-05 23:11:00,marco.brooks@sampleco.test,Reese Costa,2026-02-11 20:34:00,noah.blake@sampleco.test,Morgan Sato,2023-06-29 09:51:00,Y,Jamie Mercer,Rahul Kim,Noah Calder,LOT-8403,QA Engineer,,,,Gamma,,,,,REF-6992,noah.calder@acme-fake.test,,,,Active,,,100449,100735,100493,,,,,,,,Other,100638,,,Standard,,100691,,morgan.okafor@demomail.test,riley.dorsey@demomail.test,Event Invite,100219,Cardinal Retail LLC,Standard,,,,,,,,101888,N,,,Y,
100022,Contact,103073,nina.mensah@sampleco.test,Taylor Cohen,2025-06-18 20:47:00,marco.ford@demomail.test,Jordan Vance,2025-10-18 11:30:00,priya.sloan@demomail.test,Noah Costa,2024-01-19 03:36:00,noah.mercer@examplecorp.test,Alex Ashby,2024-09-28 22:57:00,N,Aisha Vance,Noah Nguyen,Elena Dorsey,LOT-8273,Financial Analyst,,REF-4631,,,,,,SKU-4996,REF-8872,elena.dorsey@demomail.test,,,,Inactive,100247,,100239,100196,100307,,,,,100425,,,Beta,100470,,Y,Other,100296,100157,,nina.mensah@acme-fake.test,omar.mercer@demomail.test,Re-engagement,100182,,,,,,,,,,101886,N,,,N,
100022,Contact,103074,liam.sloan@acme-fake.test,Avery Whitfield,2025-12-21 05:36:00,quinn.sato@acme-fake.test,Diego Ivanov,2024-08-25 18:33:00,noah.garcia@sampleco.test,Elena Brooks,2024-07-15 17:10:00,yara.silva@sampleco.test,Alex Costa,2022-12-05 12:39:00,N,Casey Sloan,Aisha Ford,Nina Reyes,LOT-5870,Accountant,,TAG-5007,,,,SKU-7186,,,REF-3496,nina.reyes@sampleco.test,,,,Inactive,,,100019,,100435,,,,,,,,Beta,100087,,,Standard,100699,100286,,riley.nguyen@acme-fake.test,drew.larsson@demomail.test,Quarterly Newsletter,100595,Ironwood Solutions Corp,Alpha,100462,,8,,2,,,,N,,,N,
100204,Contact,103077,drew.garcia@examplecorp.test,Noah Calder,2023-06-15 06:07:00,alex.ford@sampleco.test,Riley Larsson,2023-11-10 17:21:00,taylor.vance@acme-fake.test,Noah Sato,2023-07-21 09:45:00,priya.ashby@demomail.test,Mei Sloan,2026-03-19 08:50:00,Y,Reese Ford,Omar Mercer,Mei Mercer,LOT-4729,Financial Analyst,,,,,Delta,,2032,REF-2996,TAG-4480,mei.mercer@examplecorp.test,,,,Active,100732,100314,100446,100525,,,,,,100761,,100449,Other,100007,,,Delta,100352,100640,,marco.larsson@acme-fake.test,rahul.okafor@acme-fake.test,Event Invite,100423,,,,,,,,,,101883,,,,,N
100201,Contact,103080,aisha.blake@demomail.test,Chen Costa,2024-03-16 15:58:00,reese.okafor@acme-fake.test,Emerson Sato,2025-02-02 00:24:00,morgan.nguyen@acme-fake.test,Taylor Larsson,2023-05-06 15:44:00,jamie.calder@demomail.test,Sofia Ivanov,2023-08-20 21:53:00,Y,Casey Sato,Sofia Ivanov,Priya Dorsey,REF-7557,Bookkeeper,,,,,,,,SKU-8632,LOT-9958,priya.dorsey@acme-fake.test,,,,Active,,,100232,,100445,REF-1159,,,,,,,Standard,100315,,,Delta,,100298,,mei.rossi@examplecorp.test,rahul.brooks@sampleco.test,Renewal Nudge,100214,Cobalt Dynamics Inc,Gamma,100275,,,,,,,101875,,,,Y,
100442,Contact,103082,chen.rossi@demomail.test,Diego Ford,2023-01-06 15:52:00,noah.mercer@demomail.test,Priya Dorsey,2022-10-30 01:52:00,taylor.haddad@acme-fake.test,Noah Ivanov,2024-04-29 04:31:00,rowan.patel@demomail.test,Nina Nguyen,2025-08-29 04:00:00,Y,Rowan Dorsey,Priya Blake,Arjun Nguyen,SKU-8423,Project Manager,,,,,,,,,SKU-3724,arjun.nguyen@demomail.test,,,,Active,,,100710,100782,100239,,,,,100702,,100182,Gamma,100624,,N,,100278,100635,,omar.larsson@acme-fake.test,yara.nguyen@acme-fake.test,Product Update,100061,Everest Health,Delta,100392,,,,,,,,,,,N,
100665,Contact,103083,nina.dorsey@acme-fake.test,Casey Dorsey,2026-03-19 22:11:00,avery.kim@acme-fake.test,Diego Mensah,2025-02-07 22:32:00,skyler.vance@examplecorp.test,Taylor Garcia,2025-12-28 13:43:00,sofia.calder@examplecorp.test,Jordan Sato,2025-12-26 17:19:00,Y,Noah Blake,Casey Brooks,Rahul Brooks,SKU-4993,Payroll Specialist,,,,,,,,REF-9100,TAG-5314,rahul.brooks@examplecorp.test,,,,Active,,100117,100349,100519,100535,,,,,,,,Gamma,100467,,,,100221,,,nina.reyes@demomail.test,emerson.okafor@examplecorp.test,Product Update,100446,Summit Logistics Co,Gamma,,,,,,,,101851,,,,,
100055,Contact,103085,chen.brooks@demomail.test,Quinn Larsson,2024-03-29 18:14:00,liam.haddad@acme-fake.test,Sofia Ivanov,2023-09-30 11:03:00,aisha.vance@examplecorp.test,Marco Sato,2022-12-12 00:16:00,jordan.dorsey@acme-fake.test,Rahul Ivanov,2025-08-12 00:41:00,Y,Jordan Garcia,Elena Mercer,Sofia Garcia,REF-9038,Marketing Coordinator,,,,Other,,,,REF-1923,REF-2683,sofia.garcia@sampleco.test,,,,Active,100042,100067,100658,,100247,,,,,,,,Standard,100696,,,Delta,,,,skyler.ivanov@demomail.test,riley.blake@demomail.test,Quarterly Newsletter,100260,Lakeside Logistics Inc,Gamma,,,,,,,,,,,,N,
100246,Contact,103088,drew.silva@sampleco.test,Chen Silva,2024-04-24 00:34:00,elena.brooks@acme-fake.test,Diego Sato,2022-11-06 02:41:00,jamie.larsson@sampleco.test,Avery Whitfield,2026-04-19 16:31:00,yara.haddad@examplecorp.test,Arjun Silva,2023-04-13 07:43:00,Y,Jordan Whitfield,Emerson Dorsey,Sofia Sato,LOT-5946,Recruiter,,,,,,,,,REF-9610,sofia.sato@sampleco.test,,,,Active,,100380,100378,,100507,SKU-7514,,,,100697,,100271,Gamma,100407,,,Other,100487,,,avery.mercer@demomail.test,jamie.ivanov@demomail.test,Event Invite,100117,Lakeside Energy Co,Standard,100686,,,,,,,101794,,,,N,N
100246,Contact,103091,marco.ford@acme-fake.test,Aisha Brooks,2026-06-01 07:11:00,quinn.okafor@sampleco.test,Arjun Dorsey,2023-06-25 07:22:00,riley.dorsey@examplecorp.test,Mei Haddad,2024-11-08 09:55:00,nina.calder@demomail.test,Alex Dorsey,2023-02-02 06:29:00,N,Liam Dorsey,Priya Okafor,Avery Rossi,REF-8562,Support Specialist,,,,Delta,,,,TAG-5603,TAG-1642,avery.rossi@acme-fake.test,,,,Inactive,100449,,100498,,100707,,,,,,,,Beta,100269,,,Beta,100572,,,taylor.mercer@acme-fake.test,noah.patel@examplecorp.test,Re-engagement,100627,Evergreen Energy LLP,Standard,,,,,,,,101849,,,,,
100446,Contact,103092,noah.larsson@demomail.test,Emerson Calder,2024-01-20 18:10:00,aisha.cohen@demomail.test,Morgan Kim,2024-02-08 01:01:00,priya.cohen@acme-fake.test,Rahul Whitfield,2025-11-22 11:51:00,jordan.okafor@examplecorp.test,Priya Brooks,2023-04-29 16:20:00,Y,Sofia Larsson,Emerson Larsson,Marco Silva,SKU-7717,Project Manager,,,,,,,,,REF-3044,marco.silva@demomail.test,,,,Active,,100574,100106,,,,,,,,,100058,Delta,100365,,,Beta,,100432,,nina.ford@sampleco.test,drew.ivanov@demomail.test,Re-engagement,100320,Cardinal Analytics Inc,,,,,,,,,101870,,,,N,N
100656,Contact,103095,mei.cohen@examplecorp.test,Taylor Costa,2025-09-12 13:57:00,liam.patel@demomail.test,Rahul Dorsey,2023-02-13 07:34:00,avery.kim@demomail.test,Aisha Brooks,2024-06-12 00:40:00,diego.ford@acme-fake.test,Quinn Nguyen,2023-03-31 11:04:00,Y,Liam Vance,Rowan Sloan,Jordan Silva,TAG-3972,Financial Analyst,,,,,,,,REF-8650,LOT-6916,jordan.silva@demomail.test,,,,Active,100392,100219,100019,100686,,,,,,100386,,,Alpha,100120,,,,,100574,,nina.mercer@examplecorp.test,casey.kim@acme-fake.test,Quarterly Newsletter,100372,,Gamma,,,,,,,,101792,,,,Y,
100700,Contact,103097,skyler.larsson@examplecorp.test,Elena Vance,2024-09-07 20:56:00,skyler.mercer@sampleco.test,Taylor Blake,2025-11-17 00:40:00,diego.patel@demomail.test,Fatima Vance,2026-03-17 14:26:00,priya.okafor@acme-fake.test,Mei Costa,2023-04-14 18:08:00,Y,Arjun Blake,Sofia Garcia,Aisha Ford,TAG-2742,Software Developer,,,,,,,,LOT-7444,LOT-4812,aisha.ford@acme-fake.test,,,,Active,,,100496,100042,100616,,,,,100128,,100098,Delta,100371,,,,,100366,,marco.sato@demomail.test,mei.reyes@acme-fake.test,Product Update,100257,Horizon Financial Group,Standard,100680,,,,,,,,,,,Y,
100697,Contact,103100,skyler.kim@acme-fake.test,Casey Cohen,2023-01-24 18:24:00,taylor.vance@examplecorp.test,Nina Calder,2024-04-15 06:31:00,taylor.calder@acme-fake.test,Priya Cohen,2025-09-12 08:56:00,nina.garcia@demomail.test,Rowan Calder,2024-05-25 21:21:00,Y,Reese Sato,Sofia Kim,Emerson Cohen,REF-4602,Bookkeeper,,,,,,,,,REF-5334,emerson.cohen@examplecorp.test,,,,Active,100177,100713,100532,100702,100475,,,,,100319,,100622,Delta,100092,,,,100194,100449,,nina.vance@demomail.test,morgan.patel@sampleco.test,Quarterly Newsletter,100361,Northwind Logistics Co,,,,,,,,,101862,,,,Y,
100335,Contact,103101,emerson.patel@sampleco.test,Aisha Mensah,2023-10-18 10:07:00,marco.sato@sampleco.test,Quinn Ivanov,2024-10-21 05:29:00,reese.cohen@demomail.test,Priya Mensah,2023-12-11 09:33:00,yara.rossi@acme-fake.test,Drew Brooks,2025-08-22 02:56:00,Y,Quinn Nguyen,Sofia Ivanov,Yara Rossi,SKU-6277,Accountant,,,,,,,,,REF-6378,yara.rossi@examplecorp.test,,,,Active,100790,,100582,100622,100226,,,,,,,100699,Gamma,100696,,,,,,,alex.larsson@acme-fake.test,skyler.ford@sampleco.test,Product Update,100250,,Delta,,,,,,,,,,,,N,
100014,Contact,103104,morgan.patel@acme-fake.test,Rowan Costa,2024-07-02 15:42:00,noah.brooks@sampleco.test,Quinn Garcia,2023-08-20 19:05:00,avery.blake@demomail.test,Sofia Ford,2026-06-09 15:30:00,aisha.reyes@examplecorp.test,Casey Calder,2022-11-05 02:34:00,Y,Skyler Rossi,Yara Larsson,Diego Reyes,SKU-5074,Payroll Specialist,,,,,,SKU-2664,,,REF-8251,diego.reyes@examplecorp.test,,,,Active,,100229,100278,100031,,,,,,,,100775,Other,100472,,,Gamma,100185,100779,,arjun.whitfield@demomail.test,yara.mensah@sampleco.test,Renewal Nudge,100204,,Other,100345,,,,,,,,,,,,
100047,Contact,103105,aisha.haddad@examplecorp.test,Alex Larsson,2026-05-11 07:25:00,reese.ivanov@demomail.test,Quinn Larsson,2022-11-20 10:09:00,emerson.mensah@acme-fake.test,Taylor Mensah,2025-09-23 12:39:00,elena.okafor@sampleco.test,Priya Costa,2023-01-18 23:39:00,Y,Quinn Calder,Arjun Cohen,Priya Larsson,LOT-3671,Support Specialist,,,,,,,,,REF-8439,priya.larsson@examplecorp.test,,,,Active,,,100071,,,,,,,,,,Beta,100264,,,Other,,100250,,diego.dorsey@examplecorp.test,noah.vance@demomail.test,Product Update,100168,,Gamma,100162,,,,,,,,,,,,
100688,Contact,103107,sofia.vance@demomail.test,Omar Reyes,2025-09-01 17:05:00,avery.sato@examplecorp.test,Emerson Dorsey,2025-02-26 00:36:00,rowan.ivanov@sampleco.test,Arjun Ivanov,2025-02-07 17:37:00,mei.ashby@examplecorp.test,Avery Mensah,2025-12-12 19:39:00,N,Quinn Kim,Omar Sato,Aisha Kim,REF-3944,Executive Assistant,,,,,,,,SKU-5736,TAG-5419,aisha.kim@sampleco.test,,,,Inactive,100579,100156,100168,100585,100442,,,,,100442,,100582,Delta,100475,,Y,,100551,100400,,mei.vance@examplecorp.test,taylor.kim@demomail.test,Event Invite,100161,,Gamma,100438,,,,,,,,,,,N,Y
100590,Contact,103110,aisha.patel@demomail.test,Aisha Rossi,2025-09-14 21:59:00,jamie.ford@demomail.test,Sofia Ashby,2025-02-10 15:59:00,omar.dorsey@acme-fake.test,Elena Mercer,2022-10-27 14:36:00,rowan.reyes@sampleco.test,Jordan Mercer,2025-06-25 07:49:00,Y,Noah Vance,Liam Ivanov,Yara Okafor,LOT-5162,HR Generalist,,,,,,,,LOT-9855,REF-2920,yara.okafor@acme-fake.test,,,,Active,100622,,100359,100414,100286,,,,,100100,,100471,Other,100786,,,,100026,100123,,liam.costa@sampleco.test,quinn.nguyen@demomail.test,Event Invite,100619,,Beta,100779,,,,,,,101817,,,,Y,N
100369,Contact,103112,chen.sloan@examplecorp.test,Chen Costa,2023-05-03 08:23:00,rowan.larsson@examplecorp.test,Quinn Calder,2025-03-14 05:56:00,morgan.okafor@examplecorp.test,Rahul Costa,2024-08-25 22:10:00,noah.blake@acme-fake.test,Omar Sloan,2026-03-15 07:37:00,Y,Avery Silva,Drew Sato,Drew Costa,LOT-5601,Financial Analyst,,,,,,,,,TAG-8851,drew.costa@examplecorp.test,,,,Active,,100125,100704,100446,100109,,,,,100219,,100554,Gamma,100383,,,Gamma,,,,yara.calder@acme-fake.test,rahul.rossi@acme-fake.test,Re-engagement,100387,,Delta,,,,,5,,,101854,,,,,
100790,Contact,103115,priya.silva@demomail.test,Avery Vance,2025-03-07 06:08:00,liam.haddad@acme-fake.test,Riley Sato,2024-01-26 12:59:00,mei.nguyen@acme-fake.test,Emerson Sato,2025-01-20 10:34:00,aisha.cohen@acme-fake.test,Rahul Reyes,2022-12-09 14:01:00,Y,Nina Costa,Reese Patel,Sofia Okafor,SKU-9788,Executive Assistant,,,,,,,,,SKU-7528,sofia.okafor@sampleco.test,,,,Active,,100071,100389,100319,,,,,,100147,,,Delta,100664,,,,,,,marco.patel@sampleco.test,skyler.ford@sampleco.test,Product Update,100667,,,,,,,9,,,101878,,,,Y,
100134,Contact,103117,jamie.whitfield@acme-fake.test,Noah Rossi,2023-10-25 18:46:00,jordan.costa@acme-fake.test,Avery Whitfield,2023-02-20 14:07:00,quinn.rossi@acme-fake.test,Taylor Costa,2023-12-20 06:20:00,jordan.rossi@acme-fake.test,Noah Calder,2026-03-31 06:44:00,N,Priya Ashby,Reese Ford,Rowan Ashby,LOT-2479,QA Engineer,,,,Other,,,,,REF-2680,rowan.ashby@acme-fake.test,,,,Inactive,100634,,100401,100058,100156,,,,,,,100153,Beta,100369,,,,100267,100572,,aisha.blake@sampleco.test,jamie.patel@demomail.test,Quarterly Newsletter,100432,Falcon Logistics LLP,,100435,,,,,,,,,,,,
100256,Contact,103118,mei.cohen@sampleco.test,Riley Calder,2024-10-30 06:16:00,quinn.mensah@examplecorp.test,Marco Silva,2024-02-23 15:00:00,avery.ashby@sampleco.test,Diego Calder,2024-11-24 14:15:00,marco.whitfield@acme-fake.test,Sofia Vance,2026-01-30 01:48:00,Y,Fatima Garcia,Mei Rossi,Chen Silva,LOT-4278,Recruiter,,,,,,,,REF-1041,SKU-3006,chen.silva@examplecorp.test,,,,Active,100393,100332,100322,100403,100632,,,,,,,100046,Standard,100295,,,Other,,100737,,aisha.reyes@demomail.test,emerson.mercer@sampleco.test,Re-engagement,100496,Keystone Textiles Ltd,Gamma,100161,,,,,,,101886,,,,N,
100295,Contact,103120,morgan.costa@acme-fake.test,Rahul Blake,2023-01-11 00:25:00,reese.mensah@demomail.test,Morgan Kim,2024-03-27 07:47:00,taylor.mensah@sampleco.test,Fatima Rossi,2024-05-06 19:49:00,priya.cohen@demomail.test,Skyler Costa,2024-04-28 04:55:00,N,Avery Reyes,Quinn Nguyen,Taylor Mercer,REF-2894,Project Manager,,,,,,,7998,,REF-2754,taylor.mercer@demomail.test,,,,Inactive,100246,,100710,100654,100291,,,,,100733,,100787,Standard,100590,,,,100125,,,nina.rossi@examplecorp.test,jamie.larsson@demomail.test,Event Invite,100478,Vertex Analytics LLC,,,,,,,,,101795,,,,,
100392,Contact,103122,riley.larsson@acme-fake.test,Mei Okafor,2024-05-16 06:56:00,rahul.blake@examplecorp.test,Sofia Haddad,2025-10-12 11:02:00,aisha.ivanov@sampleco.test,Riley Ashby,2024-05-27 09:06:00,priya.costa@demomail.test,Arjun Mensah,2024-09-14 23:23:00,Y,Drew Reyes,Sofia Calder,Arjun Kim,,Payroll Specialist,,,,Alpha,,,,,TAG-6190,arjun.kim@examplecorp.test,,,,Active,100559,100787,100622,100115,100169,TAG-6078,,,,100449,,100768,Standard,100233,,,Standard,100188,100382,,marco.ashby@acme-fake.test,morgan.ashby@acme-fake.test,Re-engagement,100496,Meridian Networks Co,,100181,,,,,,,,,,,N,
100714,Contact,103124,rahul.okafor@examplecorp.test,Rahul Brooks,2025-12-30 19:23:00,noah.mensah@acme-fake.test,Morgan Haddad,2023-05-26 11:48:00,rowan.okafor@examplecorp.test,Liam Haddad,2024-07-29 11:04:00,reese.okafor@acme-fake.test,Priya Okafor,2025-05-16 01:17:00,N,Priya Okafor,Fatima Patel,Chen Whitfield,LOT-3187,Data Analyst,,,,,,,,TAG-8894,LOT-2542,chen.whitfield@acme-fake.test,,,,Inactive,100548,100503,100162,100205,100115,,,,,100525,,,Delta,100269,,,Gamma,,100067,,jamie.kim@acme-fake.test,diego.blake@demomail.test,Re-engagement,100761,,Standard,,,,,,,,,,,,Y,
100525,Contact,103126,morgan.garcia@examplecorp.test,Yara Vance,2023-03-24 09:25:00,chen.silva@demomail.test,Chen Whitfield,2026-05-09 16:14:00,elena.calder@demomail.test,Reese Calder,2022-10-04 09:40:00,avery.costa@acme-fake.test,Rowan Cohen,2023-11-28 11:01:00,Y,Casey Ford,Jordan Nguyen,Fatima Larsson,REF-5781,Project Manager,,TAG-3733,,,,,,,REF-2791,fatima.larsson@examplecorp.test,,,,Active,,,100152,,100371,,,,,100246,,,Alpha,100472,,,Standard,100509,100673,,nina.whitfield@acme-fake.test,rowan.cohen@sampleco.test,Event Invite,100038,,,,,,,,,,101816,,,,,
100065,Contact,103128,rowan.mensah@examplecorp.test,Riley Mercer,2026-07-27 02:20:00,sofia.ivanov@acme-fake.test,Jamie Nguyen,2024-03-27 15:59:00,skyler.nguyen@demomail.test,Mei Kim,2024-12-02 03:59:00,quinn.reyes@examplecorp.test,Morgan Cohen,2023-01-31 23:30:00,Y,Emerson Larsson,Riley Mercer,Rowan Cohen,REF-6670,Financial Analyst,,,,,,,,SKU-1993,TAG-4929,rowan.cohen@examplecorp.test,,,,Active,,,100009,,,,,,,,,100462,Gamma,100003,,,Gamma,,,,mei.silva@acme-fake.test,noah.garcia@sampleco.test,Product Update,100071,,Standard,100137,,,2,,,,101875,N,,,Y,
100500,Contact,103129,rahul.whitfield@demomail.test,Jamie Dorsey,2025-09-03 04:07:00,yara.haddad@acme-fake.test,Taylor Mercer,2023-04-15 00:46:00,jamie.mercer@acme-fake.test,Riley Kim,2023-10-10 13:31:00,drew.calder@sampleco.test,Yara Whitfield,2022-10-05 01:41:00,Y,Drew Silva,Liam Garcia,Yara Vance,SKU-3490,Customer Success Manager,,,,,,,,SKU-9688,TAG-2546,yara.vance@acme-fake.test,,,,Active,,100721,100468,,100003,,,,,100576,,100660,Delta,100053,,,,100758,,,yara.okafor@examplecorp.test,avery.garcia@demomail.test,Renewal Nudge,100369,,,,,2,,,,,,,,,N,
100540,Contact,103132,alex.haddad@examplecorp.test,Morgan Sato,2023-02-01 21:27:00,aisha.mensah@sampleco.test,Casey Reyes,2023-08-03 14:48:00,riley.costa@demomail.test,Noah Cohen,2026-03-14 08:06:00,rowan.reyes@demomail.test,Chen Costa,2025-01-18 09:25:00,Y,Priya Cohen,Drew Rossi,Nina Kim,SKU-8578,Customer Success Manager,,,,,,,8326,REF-4598,LOT-5258,nina.kim@sampleco.test,,,,Active,,100564,100436,100089,,,,,,,,100193,Beta,100314,,,,100542,100654,,quinn.okafor@demomail.test,jamie.larsson@examplecorp.test,Renewal Nudge,100713,Brightpath Manufacturing LLC,Other,100648,,,,,,,,,,,,
100076,Contact,103134,mei.okafor@acme-fake.test,Fatima Ivanov,2025-03-29 03:34:00,marco.ford@sampleco.test,Avery Cohen,2022-11-10 15:47:00,quinn.whitfield@examplecorp.test,Rahul Brooks,2026-05-27 00:07:00,diego.dorsey@examplecorp.test,Emerson Vance,2025-05-04 17:25:00,N,Yara Okafor,Jamie Vance,Rowan Nguyen,REF-3030,Project Manager,,,,,,,,TAG-9685,LOT-9246,rowan.nguyen@examplecorp.test,,,,Inactive,,,100779,,,SKU-1148,,,,100519,,100702,Beta,100538,,,,100269,100028,,rahul.brooks@sampleco.test,arjun.silva@sampleco.test,Re-engagement,100349,,Standard,100178,,5,,,,,,,,,,
100743,Contact,103136,morgan.mercer@sampleco.test,Diego Blake,2025-05-10 11:35:00,priya.nguyen@demomail.test,Drew Mercer,2023-10-04 08:50:00,rowan.larsson@acme-fake.test,Rowan Calder,2024-04-15 13:06:00,elena.haddad@demomail.test,Nina Brooks,2025-08-11 08:20:00,N,Skyler Larsson,Jamie Haddad,Taylor Silva,LOT-1484,Executive Assistant,,,,,,,,SKU-3768,TAG-4418,taylor.silva@acme-fake.test,,,,Inactive,100785,100672,100667,100412,,,,,,100442,,100054,Alpha,100771,,Y,,,,,rahul.sloan@examplecorp.test,arjun.dorsey@acme-fake.test,Renewal Nudge,100761,Keystone Robotics Inc,,,,,,,,,101853,,,,Y,
100622,Contact,103139,jordan.cohen@demomail.test,Yara Sloan,2025-05-09 06:32:00,riley.vance@examplecorp.test,Aisha Brooks,2025-01-10 15:10:00,priya.sato@examplecorp.test,Rowan Garcia,2022-12-22 19:49:00,aisha.sloan@examplecorp.test,Marco Reyes,2024-03-01 19:22:00,Y,Arjun Brooks,Drew Nguyen,Fatima Haddad,TAG-1538,Data Analyst,,,,,,,,,REF-9933,fatima.haddad@demomail.test,,,,Active,,,100142,,,,,,,100572,,100291,Standard,100400,,,Standard,100068,,,marco.cohen@sampleco.test,rahul.whitfield@acme-fake.test,Renewal Nudge,100014,,,,,,,,,,,,,,Y,
100366,Contact,103140,alex.calder@examplecorp.test,Drew Rossi,2023-02-27 20:48:00,arjun.silva@sampleco.test,Liam Mercer,2026-07-14 19:13:00,liam.vance@sampleco.test,Casey Reyes,2025-05-12 17:58:00,drew.vance@demomail.test,Nina Mensah,2025-10-01 21:41:00,N,Riley Silva,Morgan Reyes,Chen Sloan,TAG-4021,Recruiter,,,,,,,,,REF-3827,chen.sloan@acme-fake.test,,,,Inactive,,100762,100585,100664,100545,,,,,,,100785,Standard,100514,,,Gamma,100704,100139,,alex.sato@examplecorp.test,liam.silva@acme-fake.test,Event Invite,100299,,Other,,,,,8,,,101870,,,,,Y
100250,Contact,103142,riley.sloan@demomail.test,Jamie Dorsey,2024-12-15 22:29:00,arjun.costa@acme-fake.test,Diego Okafor,2024-03-18 12:21:00,alex.ivanov@examplecorp.test,Diego Calder,2025-06-02 18:14:00,quinn.mercer@demomail.test,Riley Silva,2022-11-01 10:25:00,N,Drew Cohen,Marco Kim,Alex Brooks,LOT-8864,Accountant,,,,,,,,TAG-9134,TAG-2142,alex.brooks@acme-fake.test,,,,Inactive,100747,100707,100003,,100776,,,,,100149,,,Beta,100707,,,,,100460,,drew.sloan@examplecorp.test,diego.sloan@acme-fake.test,Re-engagement,100120,Delta Systems,Other,,,,,,,,,,,,,
100665,Contact,103144,aisha.ford@sampleco.test,Mei Vance,2025-09-07 04:57:00,nina.kim@acme-fake.test,Chen Calder,2023-11-01 04:16:00,liam.haddad@acme-fake.test,Nina Brooks,2025-09-20 15:21:00,marco.vance@examplecorp.test,Casey Ford,2023-11-23 04:22:00,Y,Alex Nguyen,Fatima Calder,Yara Vance,SKU-6452,Executive Assistant,,,,,,,,REF-4489,REF-9179,yara.vance@examplecorp.test,,,,Active,,100407,100130,100300,,,,,,100220,,100092,Other,100053,,,Other,100696,100423,,quinn.kim@demomail.test,elena.silva@examplecorp.test,Re-engagement,100405,,,100465,,,,,,,101810,Y,,,N,
100694,Contact,103146,nina.larsson@sampleco.test,Yara Garcia,2025-05-04 16:37:00,liam.garcia@examplecorp.test,Jamie Sato,2026-01-08 04:54:00,aisha.haddad@demomail.test,Priya Rossi,2023-01-19 13:21:00,drew.ivanov@acme-fake.test,Omar Patel,2024-10-26 05:00:00,Y,Casey Okafor,Quinn Ivanov,Avery Brooks,LOT-1983,HR Generalist,,,,,,,,,TAG-4902,avery.brooks@sampleco.test,,,,Active,100784,,100465,,100125,,,,,100632,,100504,Standard,100775,,,Alpha,100683,100784,,riley.okafor@sampleco.test,jordan.ashby@sampleco.test,Event Invite,100791,Ironwood Foods Group,Standard,,,,,,,,101836,,,,N,
100538,Contact,103147,aisha.rossi@examplecorp.test,Fatima Costa,2023-09-02 21:28:00,priya.reyes@demomail.test,Nina Haddad,2025-03-21 09:50:00,jamie.okafor@examplecorp.test,Priya Okafor,2023-03-13 20:21:00,arjun.sloan@sampleco.test,Casey Sato,2023-04-19 06:02:00,Y,Arjun Vance,Drew Reyes,Quinn Sloan,REF-1309,QA Engineer,,,,,,,,TAG-8814,TAG-5371,quinn.sloan@demomail.test,,,,Active,100062,100696,100231,,,,,,,,,,Gamma,100470,,,Beta,,100369,,avery.haddad@demomail.test,morgan.costa@demomail.test,Renewal Nudge,100730,,,,,,,,,,,,,,,
100362,Contact,103150,noah.ivanov@sampleco.test,Casey Mensah,2026-07-03 21:34:00,alex.haddad@demomail.test,Liam Okafor,2025-01-16 20:27:00,chen.mercer@examplecorp.test,Priya Dorsey,2023-11-01 15:06:00,elena.dorsey@acme-fake.test,Mei Vance,2025-10-13 08:10:00,Y,Marco Vance,Avery Blake,Fatima Kim,REF-3795,Payroll Specialist,,,,,,,,TAG-1168,LOT-8950,fatima.kim@demomail.test,,,,Active,100694,,100031,100699,,,,,,100624,,100691,Standard,100217,,,Other,100092,,,diego.larsson@sampleco.test,elena.blake@sampleco.test,Product Update,100739,,Delta,100149,,,,,,,101849,,,,,
100403,Contact,103152,emerson.garcia@acme-fake.test,Rahul Ashby,2025-02-02 13:28:00,taylor.kim@examplecorp.test,Yara Ivanov,2025-03-24 02:10:00,quinn.nguyen@acme-fake.test,Taylor Rossi,2023-07-23 07:55:00,nina.ivanov@acme-fake.test,Taylor Kim,2024-05-21 13:45:00,Y,Liam Dorsey,Elena Mensah,Chen Patel,LOT-2078,Marketing Coordinator,,,,,,,,SKU-2131,REF-5069,chen.patel@acme-fake.test,,,,Active,,100622,100420,,100611,,,,,,,,Beta,100068,,,Delta,100401,100399,,chen.okafor@examplecorp.test,liam.mensah@acme-fake.test,Product Update,100123,Meridian Networks,,,,,,7,,,101853,,,,,
100751,Contact,103154,drew.silva@acme-fake.test,Quinn Kim,2025-10-15 09:07:00,fatima.nguyen@examplecorp.test,Yara Haddad,2023-09-14 22:42:00,casey.patel@demomail.test,Jordan Haddad,2024-04-05 12:46:00,drew.patel@acme-fake.test,Yara Nguyen,2026-01-26 23:59:00,Y,Nina Sloan,Elena Garcia,Jordan Blake,SKU-3243,HR Generalist,,,,,,,,,LOT-6851,jordan.blake@sampleco.test,,,,Active,100627,100292,100471,,100325,,,,,100671,,,Beta,100538,,,Other,100548,,,priya.ivanov@acme-fake.test,omar.sato@sampleco.test,Re-engagement,100233,,Other,100627,,,,1,,,,,,,,
100525,Contact,103156,taylor.haddad@examplecorp.test,Diego Dorsey,2023-03-07 06:07:00,rowan.okafor@sampleco.test,Emerson Sato,2023-06-05 18:05:00,taylor.larsson@examplecorp.test,Aisha Mercer,2025-01-25 09:53:00,drew.haddad@acme-fake.test,Priya Mensah,2024-05-19 02:35:00,Y,Emerson Vance,Morgan Costa,Arjun Whitfield,TAG-7750,Payroll Specialist,,,,,,,,LOT-4797,SKU-2639,arjun.whitfield@demomail.test,,,,Active,100545,,100165,100253,,,,,,,,,Delta,100654,,,Gamma,100418,100026,,fatima.nguyen@demomail.test,marco.kim@acme-fake.test,Product Update,100717,,Standard,100398,,,,,,,,,,,N,
100332,Contact,103159,fatima.brooks@acme-fake.test,Rahul Costa,2025-11-28 22:59:00,quinn.ford@sampleco.test,Nina Ford,2022-12-25 18:17:00,jordan.okafor@acme-fake.test,Mei Whitfield,2023-04-30 18:57:00,omar.costa@acme-fake.test,Omar Reyes,2024-01-11 11:34:00,Y,Taylor Ashby,Arjun Blake,Casey Blake,SKU-7511,Operations Associate,,,,,,,,SKU-3612,REF-5002,casey.blake@examplecorp.test,,,,Active,100349,100576,100745,,100595,,,,,100305,,100619,Gamma,100246,,,,100250,,,sofia.calder@sampleco.test,jamie.mercer@sampleco.test,Re-engagement,100239,,Gamma,,,,,,,,101865,,,,,
100643,Contact,103162,mei.whitfield@examplecorp.test,Noah Rossi,2025-07-24 23:11:00,reese.mercer@acme-fake.test,Alex Dorsey,2023-07-22 00:12:00,noah.ford@sampleco.test,Fatima Ford,2023-10-17 04:58:00,rahul.nguyen@sampleco.test,Riley Patel,2024-01-30 21:07:00,Y,Skyler Nguyen,Marco Larsson,Taylor Ashby,LOT-2519,Bookkeeper,,,,,,,,SKU-3901,LOT-7501,taylor.ashby@examplecorp.test,,,,Active,,,100689,100325,100446,TAG-6805,,,,100387,,,Alpha,100469,,,Other,,100357,,liam.dorsey@examplecorp.test,drew.calder@sampleco.test,Event Invite,100665,,,,,,,,,,101843,,,,Y,
100003,Contact,103164,elena.brooks@demomail.test,Yara Haddad,2023-07-23 08:33:00,fatima.cohen@demomail.test,Reese Mercer,2025-11-12 13:48:00,omar.costa@acme-fake.test,Yara Ashby,2025-05-13 04:08:00,rahul.vance@examplecorp.test,Fatima Rossi,2023-07-14 18:37:00,Y,Aisha Reyes,Quinn Haddad,Diego Blake,SKU-5243,Customer Success Manager,,,,,,REF-4318,,,REF-9859,diego.blake@sampleco.test,,,,Active,100003,,100401,100142,100648,,,,,,,,Standard,100068,,Y,Alpha,100065,,,skyler.rossi@demomail.test,priya.calder@sampleco.test,Quarterly Newsletter,100652,,Standard,100298,,,,,,,,,,,,
100349,Contact,103165,arjun.rossi@sampleco.test,Yara Blake,2023-02-22 06:47:00,morgan.vance@sampleco.test,Aisha Reyes,2025-11-27 09:58:00,chen.costa@examplecorp.test,Morgan Nguyen,2026-05-21 14:11:00,riley.patel@acme-fake.test,Diego Mercer,2025-09-01 22:47:00,Y,Skyler Mercer,Elena Calder,Drew Whitfield,REF-1795,Accountant,,,,,,,,,REF-7774,drew.whitfield@acme-fake.test,,,,Active,100554,100263,100177,100457,100559,,,,,100359,,,Standard,100741,,,,,,,sofia.blake@demomail.test,morgan.dorsey@sampleco.test,Product Update,100475,,Alpha,100199,,,,,,,,,,,,Y
100503,Contact,103166,reese.haddad@sampleco.test,Casey Okafor,2025-03-18 13:40:00,elena.silva@examplecorp.test,Drew Ivanov,2025-07-07 05:57:00,jordan.sloan@acme-fake.test,Aisha Rossi,2025-05-16 07:55:00,rahul.nguyen@acme-fake.test,Aisha Sloan,2024-06-21 15:42:00,Y,Diego Okafor,Emerson Larsson,Chen Sloan,LOT-2711,Marketing Coordinator,,,,,Beta,,,,LOT-1586,chen.sloan@acme-fake.test,,,,Active,,100315,100791,100624,100761,,,,,100386,,,Alpha,100494,,,Delta,,100317,,yara.vance@examplecorp.test,aisha.ashby@demomail.test,Renewal Nudge,100713,,Delta,100226,,9,,3,,,,,,,N,
100204,Contact,103169,sofia.okafor@acme-fake.test,Priya Dorsey,2023-03-06 03:34:00,aisha.ford@demomail.test,Arjun Brooks,2025-02-03 16:44:00,reese.ivanov@examplecorp.test,Noah Whitfield,2025-07-30 13:38:00,skyler.calder@acme-fake.test,Aisha Mercer,2022-12-20 17:56:00,Y,Elena Garcia,Skyler Mensah,Priya Blake,TAG-7850,Data Analyst,,,,,,,,TAG-6231,REF-8532,priya.blake@sampleco.test,,,,Active,,100733,100311,,100194,,,,,100673,,,Beta,100231,,,,100472,100487,,rowan.haddad@acme-fake.test,marco.blake@acme-fake.test,Renewal Nudge,100451,,,100115,,,,,,,,,,,Y,
100392,Contact,103170,rowan.costa@examplecorp.test,Rowan Mensah,2025-02-05 01:15:00,taylor.okafor@examplecorp.test,Drew Sato,2024-01-04 14:06:00,quinn.okafor@acme-fake.test,Skyler Silva,2024-10-15 10:38:00,elena.ashby@demomail.test,Taylor Ivanov,2024-03-14 17:35:00,Y,Sofia Reyes,Chen Vance,Rahul Costa,SKU-9257,Operations Associate,,,,,,,7646,TAG-5008,REF-1212,rahul.costa@acme-fake.test,,,,Active,100246,100449,100158,100130,,,,,,100253,,100399,Delta,100759,,,,100275,100162,,priya.calder@acme-fake.test,taylor.kim@examplecorp.test,Renewal Nudge,100071,,,,,,,,,,101887,,,,N,
100503,Contact,103172,casey.costa@acme-fake.test,Omar Garcia,2026-02-17 02:39:00,chen.kim@examplecorp.test,Quinn Sato,2023-09-25 01:34:00,skyler.okafor@sampleco.test,Morgan Silva,2026-03-11 02:30:00,marco.ivanov@acme-fake.test,Rowan Patel,2022-12-10 04:15:00,Y,Avery Okafor,Rowan Dorsey,Liam Costa,LOT-7599,HR Generalist,,,,,Other,,,REF-9758,TAG-7961,liam.costa@sampleco.test,,,,Active,100756,,100414,,,,,,,100172,,100512,Other,100619,,,,100119,100576,,jordan.mercer@examplecorp.test,marco.okafor@examplecorp.test,Renewal Nudge,100688,,Delta,,,,,,,,,,,,,
100578,Contact,103173,drew.whitfield@demomail.test,Drew Cohen,2025-04-09 01:13:00,alex.haddad@demomail.test,Omar Ford,2024-10-09 02:35:00,omar.silva@examplecorp.test,Noah Rossi,2025-05-11 12:49:00,diego.reyes@examplecorp.test,Reese Nguyen,2023-01-18 09:09:00,Y,Avery Vance,Noah Mensah,Quinn Kim,SKU-6841,Accountant,,,,Gamma,,,,,SKU-4319,quinn.kim@acme-fake.test,,,,Active,,100196,100288,,,,,,,100445,,,Gamma,100784,,,Beta,,,,nina.silva@acme-fake.test,noah.sato@sampleco.test,Renewal Nudge,100077,,,100730,,,,,,,,,,,N,
100496,Contact,103174,riley.okafor@sampleco.test,Arjun Vance,2024-12-15 10:12:00,alex.ivanov@sampleco.test,Marco Vance,2025-01-04 17:26:00,marco.sato@acme-fake.test,Noah Reyes,2024-09-04 14:08:00,avery.whitfield@acme-fake.test,Taylor Sato,2025-10-27 21:35:00,Y,Elena Silva,Elena Blake,Alex Dorsey,REF-1078,Support Specialist,,,Gamma,Gamma,,,,,SKU-7083,alex.dorsey@acme-fake.test,,,,Active,100401,100775,100378,100449,,,,,,,,,Beta,100770,,,,100357,,,aisha.sato@acme-fake.test,taylor.cohen@demomail.test,Product Update,100348,,Standard,100599,,2,,,,,,,,,Y,
100407,Contact,103176,avery.okafor@acme-fake.test,Taylor Calder,2022-10-11 20:59:00,rahul.ashby@sampleco.test,Yara Calder,2023-03-26 10:18:00,jordan.blake@sampleco.test,Elena Vance,2023-04-01 17:10:00,elena.calder@sampleco.test,Marco Kim,2023-12-18 16:07:00,N,Elena Cohen,Reese Sloan,Jordan Calder,TAG-7203,Data Analyst,,,,,,,,,REF-4604,jordan.calder@acme-fake.test,,,,Inactive,100590,100031,100648,100348,100204,,,,,100634,,100086,Beta,100784,,,,100112,100271,,jamie.ivanov@acme-fake.test,jordan.vance@sampleco.test,Re-engagement,100696,,Gamma,100389,,,,,,,101888,,,,N,
100319,Contact,103179,riley.larsson@acme-fake.test,Alex Costa,2024-09-28 09:31:00,chen.ford@acme-fake.test,Aisha Haddad,2023-04-05 06:55:00,priya.silva@acme-fake.test,Drew Sato,2026-05-10 18:27:00,mei.mensah@sampleco.test,Avery Nguyen,2025-11-05 01:29:00,N,Noah Blake,Yara Reyes,Emerson Haddad,REF-9343,Data Analyst,,,,,,,,SKU-4974,LOT-1471,emerson.haddad@demomail.test,,,,Inactive,100112,,100061,100504,100021,,,,,100500,,100204,Gamma,100247,,,,100559,,,casey.vance@demomail.test,arjun.sato@demomail.test,Event Invite,100092,,,100115,,,,,,,,,,,,
100498,Contact,103180,drew.ashby@acme-fake.test,Jordan Ford,2025-03-23 11:01:00,alex.ford@acme-fake.test,Marco Cohen,2023-09-11 11:18:00,sofia.ashby@acme-fake.test,Chen Whitfield,2023-01-27 13:07:00,mei.cohen@acme-fake.test,Fatima Brooks,2025-06-03 09:45:00,Y,Omar Dorsey,Liam Reyes,Marco Nguyen,LOT-3573,Bookkeeper,,,,,,,463,SKU-1438,SKU-3807,marco.nguyen@acme-fake.test,,,,Active,,,100724,100181,100286,,,,,100616,,100650,Other,100269,,,,100762,,,taylor.whitfield@sampleco.test,yara.sato@acme-fake.test,Event Invite,100022,,Standard,,,,,8,,,,,,,,
100357,Contact,103181,aisha.nguyen@examplecorp.test,Alex Ashby,2025-11-15 02:39:00,alex.vance@demomail.test,Liam Rossi,2023-11-07 15:09:00,alex.rossi@acme-fake.test,Marco Whitfield,2025-12-13 09:27:00,avery.blake@examplecorp.test,Avery Blake,2025-09-01 05:10:00,Y,Drew Haddad,Jordan Mensah,Arjun Patel,,QA Engineer,,,,,,,,,REF-1141,arjun.patel@demomail.test,,,,Active,100046,100242,100291,100606,,,,,,,,100053,Gamma,100724,,,Beta,100570,,,jordan.larsson@demomail.test,casey.ivanov@examplecorp.test,Event Invite,100215,,,100606,,,,,,,101887,,,,N,
100288,Contact,103182,mei.costa@demomail.test,Reese Calder,2023-09-30 00:13:00,rowan.larsson@acme-fake.test,Reese Cohen,2024-09-20 09:00:00,elena.ivanov@demomail.test,Rahul Sloan,2023-06-09 20:53:00,morgan.ashby@sampleco.test,Nina Garcia,2023-12-07 12:22:00,Y,Aisha Garcia,Reese Rossi,Priya Dorsey,REF-4912,Recruiter,,,,,Delta,,,,TAG-4140,priya.dorsey@demomail.test,,,,Active,,100311,100751,,100292,TAG-2719,,,,,,,Gamma,100204,,,Other,100007,100073,,taylor.silva@examplecorp.test,casey.kim@acme-fake.test,Renewal Nudge,100538,,Gamma,,,,,,,,101813,,,,,
100382,Contact,103183,skyler.haddad@examplecorp.test,Arjun Ford,2023-03-08 11:56:00,nina.sloan@examplecorp.test,Diego Mensah,2022-12-06 09:48:00,aisha.ford@demomail.test,Sofia Blake,2024-02-09 09:25:00,noah.cohen@acme-fake.test,Arjun Ashby,2025-05-14 22:58:00,Y,Elena Calder,Marco Mercer,Elena Dorsey,REF-7641,QA Engineer,,,,,,,,TAG-4527,LOT-8745,elena.dorsey@sampleco.test,,,,Active,,100183,100713,100412,,,,,,,,100145,Standard,100484,,,Gamma,100094,100068,,arjun.ashby@demomail.test,avery.mensah@sampleco.test,Re-engagement,100152,,Other,100330,,,,8,,,,,,,,
100233,Contact,103184,emerson.rossi@examplecorp.test,Quinn Vance,2022-10-31 15:53:00,liam.sloan@demomail.test,Sofia Larsson,2024-03-27 20:07:00,liam.silva@sampleco.test,Arjun Blake,2023-03-22 09:01:00,noah.blake@demomail.test,Aisha Ashby,2025-06-02 03:18:00,Y,Emerson Reyes,Elena Mercer,Yara Okafor,SKU-4512,Financial Analyst,,,,,,TAG-4024,,,TAG-4278,yara.okafor@acme-fake.test,,,,Active,,,100089,100613,100675,,,,,100667,,,Standard,100033,,,Beta,100410,100421,,reese.patel@demomail.test,rahul.dorsey@demomail.test,Quarterly Newsletter,100271,Pioneer Industries Group,Beta,100387,,,,,,,101831,,,,,
100507,Contact,103187,riley.blake@demomail.test,Skyler Sloan,2025-01-12 19:51:00,sofia.patel@sampleco.test,Riley Haddad,2025-04-27 04:37:00,nina.okafor@acme-fake.test,Riley Haddad,2024-03-04 19:46:00,priya.sato@demomail.test,Mei Dorsey,2023-10-24 21:28:00,Y,Rowan Silva,Arjun Larsson,Drew Larsson,REF-8661,Accountant,,,,,,,5481,SKU-5032,SKU-5502,drew.larsson@acme-fake.test,,,,Active,100252,,100732,,100660,,,,,100453,,100750,Other,100183,,,Alpha,,100466,,sofia.reyes@demomail.test,riley.garcia@sampleco.test,Re-engagement,100460,Copper Retail,,100509,,,,,,,,Y,,,,
100142,Contact,103188,taylor.silva@acme-fake.test,Casey Ashby,2026-06-22 21:57:00,sofia.mercer@sampleco.test,Rahul Brooks,2026-07-16 11:44:00,reese.nguyen@examplecorp.test,Reese Sloan,2025-03-02 17:09:00,rowan.mensah@sampleco.test,Avery Patel,2023-05-05 00:41:00,Y,Priya Whitfield,Alex Larsson,Rahul Okafor,LOT-1260,QA Engineer,,,,Delta,,,,,LOT-2314,rahul.okafor@examplecorp.test,,,,Active,100267,,100528,100330,100470,,,,,,,,Beta,100204,,,Beta,100357,,,reese.larsson@sampleco.test,mei.whitfield@acme-fake.test,Product Update,100775,Beacon Analytics LLC,Standard,100559,,,,7,,,101840,Y,,,,
100253,Contact,103190,fatima.ashby@demomail.test,Casey Mensah,2023-10-14 06:09:00,omar.calder@sampleco.test,Morgan Sato,2024-04-12 20:37:00,yara.whitfield@examplecorp.test,Nina Mensah,2025-01-04 13:14:00,emerson.ashby@demomail.test,Jordan Ashby,2024-09-06 05:35:00,N,Mei Larsson,Omar Ivanov,Arjun Larsson,LOT-2667,Executive Assistant,,,,,,,,,TAG-3537,arjun.larsson@demomail.test,,,,Inactive,100565,,100675,,100710,,,,,100352,,100139,Alpha,100471,,,Gamma,100239,,,sofia.sloan@demomail.test,fatima.costa@demomail.test,Quarterly Newsletter,100500,Northwind Holdings Group,Beta,100134,,,,,,,,,,,N,
100298,Contact,103191,diego.ford@sampleco.test,Omar Haddad,2024-04-09 22:42:00,taylor.garcia@sampleco.test,Noah Brooks,2023-10-14 13:33:00,reese.rossi@examplecorp.test,Mei Garcia,2022-12-13 23:18:00,morgan.calder@sampleco.test,Taylor Haddad,2024-10-20 18:30:00,Y,Taylor Kim,Skyler Mercer,Marco Calder,,Financial Analyst,,,,,,,,TAG-6045,SKU-9566,marco.calder@examplecorp.test,,,,Active,100410,,100082,100639,100121,,,,,100750,,100118,Other,100428,,,Standard,100183,,,chen.brooks@examplecorp.test,avery.silva@examplecorp.test,Renewal Nudge,100423,Ironwood Foods Co,Delta,100185,,,,,,,,,,,,
100632,Contact,103193,liam.mercer@acme-fake.test,Alex Larsson,2023-06-08 15:41:00,rahul.reyes@acme-fake.test,Rowan Cohen,2024-08-25 12:12:00,arjun.costa@acme-fake.test,Taylor Whitfield,2025-07-04 22:56:00,jamie.mercer@sampleco.test,Reese Ford,2024-06-03 18:31:00,Y,Omar Silva,Taylor Blake,Aisha Mercer,REF-9333,QA Engineer,,,,,,,,,SKU-5697,aisha.mercer@sampleco.test,,,,Active,,100493,100529,100115,,,,,,100652,,,Beta,100410,,,Standard,100119,100201,,arjun.ashby@demomail.test,nina.ford@demomail.test,Renewal Nudge,100229,,Gamma,100201,,,,,,,101860,,,,,
100100,Contact,103195,quinn.cohen@demomail.test,Rowan Brooks,2024-11-13 14:20:00,nina.cohen@examplecorp.test,Noah Garcia,2024-12-16 22:12:00,jordan.mensah@acme-fake.test,Priya Silva,2023-11-11 05:16:00,aisha.sloan@demomail.test,Morgan Costa,2026-07-04 11:18:00,Y,Alex Ford,Reese Costa,Liam Patel,SKU-8735,Marketing Coordinator,,,,,Other,,,,TAG-6808,liam.patel@sampleco.test,,,,Active,100786,100472,100570,100724,,,,,,100696,,100490,Standard,100068,,,,,100774,,liam.vance@sampleco.test,jordan.ford@demomail.test,Event Invite,100003,,,100109,,,,,,,101888,,,,Y,
100352,Contact,103196,diego.mensah@acme-fake.test,Avery Ivanov,2026-02-26 12:38:00,quinn.larsson@sampleco.test,Yara Reyes,2025-08-20 00:21:00,fatima.whitfield@acme-fake.test,Noah Ashby,2026-07-16 16:04:00,omar.dorsey@examplecorp.test,Riley Costa,2025-08-28 20:16:00,Y,Chen Ford,Diego Rossi,Mei Haddad,LOT-4104,Financial Analyst,,,,,,,,REF-8491,REF-6835,mei.haddad@acme-fake.test,,,,Active,,,100535,100050,,,,,,,,,Alpha,100519,,,,,,,emerson.calder@examplecorp.test,nina.dorsey@examplecorp.test,Re-engagement,100087,,,100481,,,,,,,,,,,,
100305,Contact,103199,noah.silva@demomail.test,Arjun Cohen,2023-12-07 19:21:00,mei.sato@demomail.test,Elena Blake,2025-03-23 07:57:00,rahul.garcia@acme-fake.test,Casey Larsson,2023-07-26 00:17:00,casey.ivanov@acme-fake.test,Taylor Garcia,2024-04-19 05:57:00,Y,Omar Vance,Mei Brooks,Riley Ford,LOT-3518,Operations Associate,,,,,,,,,TAG-6529,riley.ford@examplecorp.test,,,,Active,100046,,100745,100019,100137,,,,,,,100317,Beta,100387,,,Beta,100632,,,fatima.dorsey@demomail.test,aisha.reyes@demomail.test,Quarterly Newsletter,100076,Northwind Industries LLC,,,,10,,,,,101878,N,,,N,
100142,Contact,103202,casey.vance@examplecorp.test,Reese Ivanov,2025-06-14 10:27:00,diego.mensah@examplecorp.test,Morgan Kim,2026-06-02 15:48:00,elena.vance@demomail.test,Rowan Brooks,2023-12-15 17:43:00,marco.haddad@acme-fake.test,Rowan Kim,2025-06-02 14:08:00,Y,Arjun Mensah,Riley Garcia,Fatima Ivanov,SKU-9864,Recruiter,,,,,,,,LOT-9368,SKU-8292,fatima.ivanov@examplecorp.test,,,,Active,100691,100465,100142,100786,100133,,,,,,,,Standard,100619,,Y,Delta,,,,jordan.nguyen@acme-fake.test,mei.mensah@demomail.test,Quarterly Newsletter,100561,Falcon Retail,Standard,,,,,,,,,,,,N,
100784,Contact,103205,casey.brooks@demomail.test,Aisha Nguyen,2023-07-28 01:29:00,riley.larsson@acme-fake.test,Drew Sato,2024-01-12 20:00:00,aisha.nguyen@examplecorp.test,Nina Mercer,2024-06-08 21:47:00,chen.haddad@demomail.test,Yara Brooks,2025-01-28 09:20:00,Y,Riley Costa,Noah Sato,Mei Garcia,SKU-7004,Recruiter,,,,,,,,,SKU-8850,mei.garcia@sampleco.test,,,,Active,100014,100047,100436,100745,100281,,,,,100140,,,Alpha,100263,,,Other,100412,,,marco.silva@sampleco.test,reese.larsson@acme-fake.test,Renewal Nudge,100158,,Beta,100065,,,,,,,101873,,,,,
100403,Contact,103207,liam.ivanov@sampleco.test,Casey Dorsey,2026-07-22 11:20:00,quinn.mensah@acme-fake.test,Rowan Sato,2025-04-21 11:30:00,yara.rossi@sampleco.test,Fatima Vance,2026-07-27 02:22:00,liam.rossi@examplecorp.test,Rahul Dorsey,2025-06-21 14:41:00,Y,Omar Ford,Priya Larsson,Emerson Calder,TAG-3987,Customer Success Manager,,,,,,,,REF-5915,SKU-6375,emerson.calder@examplecorp.test,,,,Active,100498,100551,100022,100747,,,,,,100514,,100654,Other,100330,,,Alpha,100414,,,marco.whitfield@sampleco.test,omar.whitfield@demomail.test,Re-engagement,100745,,Gamma,100686,,,,,,,,,,,,
100125,Contact,103208,morgan.vance@acme-fake.test,Jamie Ford,2023-09-19 05:58:00,jordan.patel@acme-fake.test,Reese Ford,2023-01-01 08:39:00,jordan.nguyen@examplecorp.test,Aisha Whitfield,2023-09-09 22:25:00,morgan.vance@sampleco.test,Riley Haddad,2022-11-04 14:56:00,Y,Quinn Nguyen,Sofia Blake,Sofia Kim,LOT-7476,Support Specialist,,,,,,TAG-4184,,,SKU-9996,sofia.kim@sampleco.test,,,,Active,100067,,100309,,,,,,,,,100109,Gamma,100383,,,Beta,100579,100031,,aisha.ford@sampleco.test,diego.mensah@examplecorp.test,Product Update,100407,Granite Analytics Ltd,Gamma,100683,,,,,,,101853,,,,N,
100264,Contact,103211,arjun.ford@demomail.test,Yara Mensah,2025-03-23 19:57:00,jamie.silva@sampleco.test,Morgan Rossi,2024-11-12 10:40:00,sofia.mercer@sampleco.test,Casey Nguyen,2026-05-19 10:18:00,alex.haddad@demomail.test,Omar Brooks,2023-03-09 23:15:00,N,Marco Sloan,Rowan Sloan,Drew Haddad,TAG-2271,Marketing Coordinator,,,,,,,,,LOT-8050,drew.haddad@acme-fake.test,,,,Inactive,100361,100639,100169,,,,,,,100012,,100252,Beta,100753,,,,,,,casey.blake@examplecorp.test,marco.mercer@acme-fake.test,Product Update,100242,,,100393,,,,,,,101821,,,,Y,
100300,Contact,103214,mei.nguyen@sampleco.test,Omar Whitfield,2024-05-26 23:35:00,marco.whitfield@demomail.test,Casey Okafor,2024-05-11 16:06:00,emerson.mensah@demomail.test,Jamie Garcia,2023-07-26 21:15:00,aisha.dorsey@acme-fake.test,Fatima Ivanov,2022-11-28 11:50:00,Y,Diego Patel,Marco Haddad,Reese Larsson,SKU-3304,Support Specialist,,,,,,,,,SKU-8901,reese.larsson@examplecorp.test,,,,Active,100092,,100267,,100542,,,,,100009,,100595,Alpha,100204,,,Alpha,,100021,,reese.sato@acme-fake.test,sofia.patel@sampleco.test,Renewal Nudge,100369,,Delta,100392,,,,,,,101873,,,,,
100658,Contact,103215,drew.reyes@demomail.test,Casey Cohen,2026-06-16 08:37:00,rowan.costa@examplecorp.test,Priya Costa,2024-04-02 11:22:00,emerson.costa@demomail.test,Noah Sato,2023-12-20 11:15:00,arjun.garcia@sampleco.test,Skyler Garcia,2024-02-01 21:10:00,Y,Alex Mensah,Casey Ashby,Arjun Okafor,TAG-7251,Executive Assistant,,,,,,,,,LOT-3662,arjun.okafor@demomail.test,,,,Active,100278,100183,100156,100420,,,,,,,,,Standard,100007,,N,,100224,,,emerson.calder@acme-fake.test,marco.haddad@sampleco.test,Re-engagement,100568,Keystone Partners Co,Beta,100201,,,,,,,101871,,,,,
100162,Contact,103218,riley.nguyen@examplecorp.test,Nina Sloan,2024-06-04 20:06:00,skyler.garcia@acme-fake.test,Aisha Haddad,2023-02-20 13:53:00,jordan.larsson@sampleco.test,Yara Vance,2025-10-20 00:22:00,riley.garcia@examplecorp.test,Sofia Ashby,2024-06-08 11:15:00,Y,Morgan Silva,Jamie Okafor,Omar Brooks,LOT-7930,Marketing Coordinator,,,,,,,,SKU-8929,LOT-5753,omar.brooks@sampleco.test,,,,Active,,,100009,,100420,,,,,,,100165,Delta,100659,,,,100191,,,morgan.ashby@acme-fake.test,casey.ivanov@demomail.test,Product Update,100707,Keystone Media Group,Standard,,,,,4,,,101822,,,,N,
100659,Contact,103221,riley.mercer@examplecorp.test,Rahul Mensah,2023-10-20 01:28:00,emerson.okafor@acme-fake.test,Drew Mercer,2026-02-19 05:02:00,arjun.rossi@demomail.test,Noah Rossi,2023-06-27 11:53:00,liam.whitfield@acme-fake.test,Sofia Vance,2024-10-25 06:45:00,Y,Yara Rossi,Yara Okafor,Jamie Patel,REF-5883,Data Analyst,,,,,,,,,TAG-7385,jamie.patel@acme-fake.test,,,,Active,100429,,100365,,,,,,,,,100007,Beta,100217,,Y,,,,,chen.costa@demomail.test,priya.blake@examplecorp.test,Re-engagement,100503,Horizon Logistics Corp,,,,,10,,,,,,,,,
100019,Contact,103224,riley.garcia@acme-fake.test,Jordan Sato,2025-06-04 15:28:00,quinn.silva@acme-fake.test,Skyler Blake,2025-10-13 06:41:00,aisha.blake@sampleco.test,Elena Haddad,2025-09-24 11:56:00,chen.nguyen@sampleco.test,Yara Reyes,2025-01-14 04:58:00,Y,Arjun Whitfield,Elena Ashby,Emerson Brooks,TAG-1117,Project Manager,,,,,,,,TAG-8968,SKU-5704,emerson.brooks@sampleco.test,,,,Active,,,100601,,,,,,,100466,,100263,Other,100152,,,,100660,,,taylor.ford@demomail.test,noah.whitfield@acme-fake.test,Product Update,100697,,Alpha,,,,,,,,101803,Y,,,N,
100689,Contact,103227,taylor.sloan@sampleco.test,Drew Nguyen,2025-03-13 07:10:00,drew.sloan@sampleco.test,Liam Silva,2026-06-14 12:21:00,jamie.vance@examplecorp.test,Arjun Garcia,2025-08-10 12:31:00,omar.vance@sampleco.test,Mei Dorsey,2026-06-18 02:39:00,Y,Sofia Reyes,Morgan Dorsey,Casey Dorsey,REF-5434,Recruiter,,,Standard,,,,,,LOT-5579,casey.dorsey@demomail.test,,,,Active,100434,,100418,100561,,,,,,,,,Gamma,100671,,,,100658,100582,,rowan.larsson@sampleco.test,alex.sato@sampleco.test,Product Update,100094,,,100046,,,,,,,,Y,,,Y,
100471,Contact,103229,rahul.brooks@acme-fake.test,Rahul Ashby,2025-04-07 21:55:00,mei.reyes@sampleco.test,Priya Silva,2025-07-22 06:58:00,casey.dorsey@sampleco.test,Morgan Calder,2023-10-18 01:02:00,nina.blake@sampleco.test,Mei Sloan,2026-04-12 02:25:00,N,Jordan Cohen,Rahul Nguyen,Diego Kim,REF-5018,Financial Analyst,,,,,,,,SKU-3870,TAG-9703,diego.kim@demomail.test,,,,Inactive,100339,100217,100046,100613,,TAG-1207,,,,100103,,100109,Gamma,100622,,,Other,100507,,,morgan.whitfield@sampleco.test,alex.calder@sampleco.test,Event Invite,100782,,,100564,,,,,,,101837,,,,,
100201,Contact,103230,nina.ivanov@acme-fake.test,Priya Ivanov,2022-11-08 23:33:00,sofia.calder@acme-fake.test,Aisha Garcia,2024-05-07 08:10:00,elena.costa@examplecorp.test,Alex Costa,2023-05-25 02:00:00,fatima.silva@acme-fake.test,Reese Silva,2026-03-10 01:01:00,Y,Casey Sloan,Marco Mensah,Sofia Ivanov,LOT-4563,Accountant,,,,,,,,,TAG-9326,sofia.ivanov@acme-fake.test,,,,Active,100656,,100461,,100516,,,,,100454,,,Beta,100432,,,,,100423,,quinn.larsson@demomail.test,jordan.garcia@examplecorp.test,Product Update,100096,Redwood Textiles Inc,Beta,100383,,3,,,,,101883,,,,,
100042,Contact,103233,omar.ivanov@examplecorp.test,Yara Ashby,2024-11-06 21:33:00,reese.calder@sampleco.test,Rowan Ford,2025-03-18 12:42:00,alex.larsson@examplecorp.test,Taylor Kim,2023-12-10 11:01:00,yara.sato@demomail.test,Rahul Dorsey,2025-10-05 21:22:00,Y,Quinn Larsson,Drew Blake,Morgan Whitfield,LOT-1937,Accountant,,,,,,,,,REF-5049,morgan.whitfield@examplecorp.test,,,,Active,100494,100441,100762,100420,,,,,,,,,Standard,100162,,,,100345,100428,,liam.rossi@acme-fake.test,yara.dorsey@sampleco.test,Product Update,100771,Delta Solutions Group,Delta,,,,,,,,101875,,,,Y,
100089,Contact,103235,morgan.ashby@sampleco.test,Avery Garcia,2023-08-28 03:57:00,omar.dorsey@examplecorp.test,Nina Rossi,2022-12-22 05:00:00,sofia.rossi@sampleco.test,Emerson Whitfield,2026-01-22 17:29:00,noah.haddad@examplecorp.test,Reese Vance,2023-09-13 15:22:00,Y,Avery Garcia,Quinn Mercer,Alex Sloan,LOT-6808,Software Developer,,,,,,,,,REF-6556,alex.sloan@demomail.test,,,,Active,100407,100257,100156,100448,100415,,,,,,,,Gamma,100737,,,Alpha,,100410,,avery.patel@demomail.test,chen.ford@acme-fake.test,Quarterly Newsletter,100475,Delta Group LLP,Standard,100005,,,,,,,,,,,,
100582,Contact,103238,marco.reyes@examplecorp.test,Diego Calder,2024-05-25 20:59:00,sofia.nguyen@demomail.test,Arjun Vance,2024-10-17 08:52:00,jamie.reyes@acme-fake.test,Quinn Nguyen,2023-07-29 11:16:00,fatima.ivanov@examplecorp.test,Fatima Patel,2025-10-10 14:05:00,Y,Arjun Garcia,Skyler Sato,Aisha Mensah,SKU-9573,Data Analyst,,,,,,,,,SKU-3760,aisha.mensah@sampleco.test,,,,Active,100325,,100185,100735,100660,,,,,100484,,,Beta,100165,,,Other,,100357,,jordan.sloan@acme-fake.test,quinn.mensah@demomail.test,Quarterly Newsletter,100714,Ironwood Labs LLC,,,,,,,,,,,,,N,
100418,Contact,103241,diego.calder@demomail.test,Sofia Sato,2023-04-27 10:06:00,jamie.reyes@sampleco.test,Sofia Calder,2022-10-23 18:18:00,rahul.calder@acme-fake.test,Jordan Nguyen,2024-06-03 08:07:00,nina.ivanov@acme-fake.test,Quinn Blake,2026-07-05 05:26:00,Y,Rahul Blake,Elena Rossi,Casey Vance,TAG-5823,HR Generalist,,,,,,,,,REF-9630,casey.vance@acme-fake.test,,,,Active,,,100193,100062,100404,,,,,100458,,100199,Gamma,100498,,,Other,100392,,,mei.ivanov@demomail.test,skyler.mensah@examplecorp.test,Renewal Nudge,100100,Copper Media Co,Alpha,100494,,,,,,,,,,,,
100288,Contact,103244,noah.ford@demomail.test,Chen Patel,2023-04-06 22:13:00,drew.nguyen@acme-fake.test,Marco Ford,2024-03-07 11:36:00,elena.cohen@demomail.test,Arjun Reyes,2022-11-06 17:59:00,reese.mensah@examplecorp.test,Riley Sloan,2026-05-26 01:44:00,Y,Diego Cohen,Marco Kim,Marco Whitfield,REF-6850,Marketing Coordinator,,,,,,,,,REF-1788,marco.whitfield@demomail.test,,,,Active,,100779,100753,,,REF-8289,,,,,,100053,Alpha,100246,,,Delta,100194,100403,,emerson.haddad@acme-fake.test,taylor.garcia@sampleco.test,Event Invite,100071,,,100548,,,,,,,101816,,,,Y,
100675,Contact,103245,nina.haddad@examplecorp.test,Yara Sloan,2023-10-24 18:41:00,fatima.brooks@examplecorp.test,Reese Sloan,2025-10-11 10:39:00,priya.reyes@acme-fake.test,Marco Ashby,2024-03-18 10:16:00,sofia.cohen@acme-fake.test,Rowan Dorsey,2024-08-11 05:05:00,Y,Marco Dorsey,Nina Kim,Nina Nguyen,LOT-3443,Software Developer,,,,,,,,SKU-1809,SKU-9550,nina.nguyen@demomail.test,,,,Active,100569,,100494,100741,100077,,,,,100252,,,Other,100759,,,Delta,,,,taylor.sato@sampleco.test,reese.mercer@demomail.test,Quarterly Newsletter,100145,,Alpha,100221,,,5,,,,101821,,,,,
100128,Contact,103246,casey.costa@acme-fake.test,Jamie Ivanov,2023-02-12 03:01:00,jordan.garcia@sampleco.test,Reese Brooks,2023-12-29 01:03:00,liam.ivanov@acme-fake.test,Liam Garcia,2024-11-16 17:08:00,aisha.okafor@sampleco.test,Morgan Cohen,2025-06-17 03:51:00,Y,Aisha Whitfield,Yara Larsson,Sofia Kim,LOT-8935,Financial Analyst,,,,,,SKU-4863,,SKU-6025,LOT-4497,sofia.kim@acme-fake.test,,,,Active,,,100590,100194,100753,,,,,,,,Delta,100765,,,Alpha,100277,100516,,avery.calder@demomail.test,skyler.okafor@examplecorp.test,Renewal Nudge,100673,Atlas Industries Corp,Alpha,100137,,,,,,,101815,,,,,
100683,Contact,103249,emerson.nguyen@acme-fake.test,Mei Reyes,2025-04-16 12:04:00,reese.silva@demomail.test,Noah Costa,2023-11-19 11:54:00,reese.dorsey@demomail.test,Rowan Garcia,2023-08-20 09:02:00,rowan.ivanov@acme-fake.test,Morgan Blake,2026-04-22 00:40:00,Y,Skyler Sloan,Chen Mercer,Sofia Mercer,,Software Developer,,,,Gamma,,,,REF-2239,TAG-3830,sofia.mercer@examplecorp.test,,,,Active,100224,100021,100244,100211,,TAG-4487,,,,,,100550,Other,100528,,Y,Alpha,100339,,,jamie.haddad@sampleco.test,riley.nguyen@examplecorp.test,Product Update,100345,,Standard,,,,,,,,,,,,N,
100300,Contact,103251,nina.haddad@acme-fake.test,Rowan Vance,2023-01-28 04:52:00,reese.cohen@sampleco.test,Alex Larsson,2023-09-17 17:17:00,riley.ford@demomail.test,Fatima Ford,2025-02-28 10:16:00,taylor.sato@demomail.test,Yara Ford,2024-08-23 05:36:00,Y,Riley Blake,Mei Vance,Riley Vance,SKU-5905,Executive Assistant,,,,,,,,,LOT-4521,riley.vance@sampleco.test,,,,Active,100525,100320,100771,100275,,,,,,100330,,,Standard,100634,,,,,100446,,aisha.costa@examplecorp.test,fatima.vance@demomail.test,Product Update,100371,,Standard,,,,,,,,101853,,,,Y,
100046,Contact,103253,noah.garcia@sampleco.test,Priya Ashby,2024-10-01 17:47:00,elena.whitfield@sampleco.test,Alex Ford,2024-08-13 16:20:00,jamie.ford@acme-fake.test,Taylor Larsson,2023-06-13 08:02:00,liam.ford@examplecorp.test,Aisha Garcia,2025-08-30 18:35:00,Y,Jamie Garcia,Reese Nguyen,Aisha Costa,REF-8347,Payroll Specialist,,LOT-1600,,,,,,,TAG-7057,aisha.costa@sampleco.test,,,,Active,100028,100311,100704,100599,,,,,,,,,Gamma,100226,,,Gamma,,,,elena.okafor@sampleco.test,drew.blake@sampleco.test,Quarterly Newsletter,100758,Northwind Energy Group,,100465,,,,,,,,,,,N,N
100613,Contact,103256,riley.kim@examplecorp.test,Nina Sloan,2025-03-13 18:37:00,skyler.larsson@demomail.test,Avery Blake,2025-04-20 12:59:00,omar.nguyen@acme-fake.test,Skyler Mercer,2025-10-13 21:54:00,emerson.patel@acme-fake.test,Emerson Okafor,2025-05-08 01:11:00,Y,Casey Ford,Elena Ashby,Jordan Silva,SKU-7647,Operations Associate,,,,,,,,LOT-1229,TAG-7087,jordan.silva@acme-fake.test,,,,Active,100275,100645,100281,100587,100121,,,,,100643,,,Beta,100082,,,Beta,100404,100415,,rowan.kim@demomail.test,fatima.blake@demomail.test,Quarterly Newsletter,100643,Redwood Foods Group,,,,0,5,,,,101800,,,,N,
100174,Contact,103259,skyler.brooks@sampleco.test,Quinn Kim,2023-08-01 13:43:00,noah.mensah@demomail.test,Rahul Haddad,2025-08-23 09:03:00,liam.sato@demomail.test,Casey Ashby,2025-01-23 07:22:00,morgan.sloan@examplecorp.test,Yara Dorsey,2024-12-04 17:23:00,Y,Alex Mercer,Aisha Larsson,Priya Reyes,LOT-6915,Marketing Coordinator,,,,,,,,,LOT-7778,priya.reyes@demomail.test,,,,Active,100512,,100335,100291,100493,,,,,100753,,100624,Other,100380,,,Alpha,,,,taylor.dorsey@sampleco.test,elena.costa@acme-fake.test,Event Invite,100247,,,100340,,,,,,,,,,,,
100462,Contact,103260,drew.cohen@demomail.test,Skyler Mercer,2024-10-26 01:55:00,omar.calder@examplecorp.test,Mei Sato,2026-02-21 16:12:00,morgan.kim@acme-fake.test,Sofia Sloan,2023-07-08 07:56:00,taylor.calder@demomail.test,Arjun Cohen,2024-10-20 02:07:00,N,Mei Whitfield,Aisha Mensah,Reese Sato,REF-8119,HR Generalist,,,,,,,,,REF-4235,reese.sato@sampleco.test,,,,Inactive,,100183,100061,100026,100161,,,,,,,,Delta,100233,,,Beta,100403,100386,,elena.ivanov@acme-fake.test,emerson.larsson@acme-fake.test,Product Update,100770,Evergreen Robotics Inc,Gamma,,,,,6,,,101883,,,,,
100466,Contact,103261,jamie.costa@acme-fake.test,Alex Silva,2026-06-07 00:24:00,rahul.sato@acme-fake.test,Marco Nguyen,2026-01-07 23:56:00,yara.ivanov@sampleco.test,Fatima Cohen,2025-04-23 05:08:00,rowan.sato@sampleco.test,Quinn Whitfield,2023-12-22 23:06:00,Y,Riley Larsson,Liam Patel,Drew Patel,SKU-1313,Support Specialist,,,,,Other,,,,REF-7313,drew.patel@examplecorp.test,,,,Active,,100215,100252,100436,100405,,,,,,,100651,Alpha,100269,,,Standard,100590,,,riley.mensah@acme-fake.test,noah.cohen@examplecorp.test,Re-engagement,100435,,Other,100109,,,,7,,,101862,,,,Y,Y
100196,Contact,103264,jamie.blake@acme-fake.test,Fatima Sloan,2026-05-15 13:46:00,elena.whitfield@demomail.test,Fatima Calder,2025-10-04 13:36:00,skyler.cohen@sampleco.test,Jamie Ashby,2023-02-08 00:43:00,diego.sato@acme-fake.test,Skyler Sato,2025-11-26 16:39:00,N,Arjun Whitfield,Arjun Garcia,Yara Mensah,TAG-2737,Executive Assistant,,SKU-5020,,,,,,REF-6580,LOT-2566,yara.mensah@acme-fake.test,,,,Inactive,100460,100291,100425,,,,,,,100115,,,Gamma,100785,,,Delta,100414,,,rahul.whitfield@sampleco.test,sofia.ford@examplecorp.test,Renewal Nudge,100172,,,100446,,,,,,,101846,,,,,
100130,Contact,103267,morgan.ivanov@demomail.test,Arjun Cohen,2023-02-10 06:59:00,riley.ashby@demomail.test,Aisha Costa,2024-08-17 18:11:00,alex.larsson@acme-fake.test,Jordan Calder,2026-04-11 13:20:00,elena.whitfield@examplecorp.test,Liam Costa,2024-11-12 08:56:00,Y,Marco Nguyen,Skyler Larsson,Drew Garcia,TAG-7152,HR Generalist,,,,Delta,,,,REF-6484,REF-2519,drew.garcia@examplecorp.test,,,,Active,100673,100496,100140,,100079,,,,,100086,,100393,Beta,100552,,,Delta,100627,100691,,aisha.costa@examplecorp.test,quinn.costa@sampleco.test,Renewal Nudge,100650,,,,,4,,,,,101819,,,,,
100671,Contact,103268,drew.nguyen@examplecorp.test,Riley Ford,2024-04-13 05:42:00,yara.calder@examplecorp.test,Aisha Ford,2024-01-14 10:37:00,sofia.larsson@examplecorp.test,Marco Cohen,2026-02-19 06:28:00,alex.mensah@sampleco.test,Fatima Mensah,2024-01-02 07:21:00,Y,Elena Sato,Rowan Mercer,Omar Costa,REF-8098,Customer Success Manager,,,Alpha,,,,,,LOT-5871,omar.costa@acme-fake.test,,,,Active,100400,100661,100441,100569,,,,,,100288,,100529,Beta,100348,,,Gamma,,100759,,morgan.whitfield@examplecorp.test,jamie.cohen@demomail.test,Re-engagement,100569,Pioneer Group,Beta,,,,,,,,,,,,,
100303,Contact,103271,avery.dorsey@examplecorp.test,Sofia Ivanov,2025-06-25 12:35:00,emerson.vance@sampleco.test,Avery Brooks,2023-12-08 04:51:00,avery.mercer@demomail.test,Quinn Sloan,2024-11-27 09:06:00,rahul.ashby@sampleco.test,Alex Okafor,2025-09-15 14:30:00,Y,Nina Haddad,Jordan Blake,Noah Calder,LOT-6359,Bookkeeper,,,,,,,,,REF-7377,noah.calder@acme-fake.test,,,,Active,100087,,100398,100660,100669,,,,,100498,,100470,Alpha,100226,,,Beta,100532,100284,,rowan.reyes@sampleco.test,jamie.vance@demomail.test,Product Update,100469,Falcon Robotics Co,,100161,,,,,,,101813,,,,,
100726,Contact,103272,liam.blake@demomail.test,Taylor Silva,2025-10-03 02:56:00,avery.costa@sampleco.test,Sofia Nguyen,2024-12-24 02:12:00,alex.reyes@sampleco.test,Elena Dorsey,2025-10-25 06:33:00,taylor.ashby@acme-fake.test,Avery Costa,2024-07-08 10:56:00,Y,Rowan Brooks,Aisha Okafor,Morgan Ford,LOT-7164,Support Specialist,,,,,Standard,,,,LOT-4647,morgan.ford@acme-fake.test,,,,Active,,100608,100472,100142,,,,,,100484,,100199,Gamma,100153,,,,100177,100558,,avery.cohen@examplecorp.test,morgan.sato@acme-fake.test,Quarterly Newsletter,100269,,,,,,,,,,,,,,,
100743,Contact,103275,noah.nguyen@sampleco.test,Avery Dorsey,2023-10-03 05:14:00,rowan.patel@demomail.test,Jamie Okafor,2022-12-07 06:42:00,arjun.okafor@examplecorp.test,Skyler Dorsey,2024-10-25 11:14:00,emerson.silva@examplecorp.test,Arjun Ashby,2024-10-19 04:07:00,N,Emerson Rossi,Drew Nguyen,Nina Ford,LOT-2442,Accountant,,,,,,,,SKU-2354,REF-7814,nina.ford@demomail.test,,,,Inactive,,100566,100658,,,,,,,100462,,100561,Beta,100033,,,,100504,,,diego.dorsey@examplecorp.test,morgan.nguyen@acme-fake.test,Renewal Nudge,100185,,,,,,,5,,,101854,,,,Y,
100315,Contact,103278,quinn.garcia@acme-fake.test,Jamie Whitfield,2025-06-03 03:24:00,morgan.blake@sampleco.test,Mei Mercer,2026-05-06 08:27:00,rahul.kim@demomail.test,Alex Dorsey,2026-05-05 21:51:00,morgan.ivanov@sampleco.test,Morgan Whitfield,2025-05-30 23:04:00,Y,Elena Calder,Elena Vance,Jamie Vance,TAG-8577,Project Manager,,,,,,,,,LOT-5391,jamie.vance@acme-fake.test,,,,Active,100042,100012,100661,100028,,,,,,,,100096,Gamma,100423,,,,100005,,,riley.brooks@demomail.test,chen.kim@demomail.test,Quarterly Newsletter,100415,,Alpha,,,,,,,,101807,,,,,
100231,Contact,103279,casey.silva@examplecorp.test,Alex Reyes,2024-01-13 11:42:00,skyler.kim@demomail.test,Mei Cohen,2026-02-27 09:05:00,jamie.cohen@demomail.test,Omar Mensah,2023-04-24 13:01:00,mei.whitfield@examplecorp.test,Mei Patel,2023-08-18 16:19:00,Y,Omar Ivanov,Diego Dorsey,Liam Ashby,REF-4381,Accountant,,,Gamma,,,TAG-8618,8642,LOT-7763,TAG-7290,liam.ashby@demomail.test,,,,Active,100161,,100156,100372,,,,,,100203,,100466,Beta,100770,,,Other,100762,100161,,rahul.whitfield@sampleco.test,reese.brooks@examplecorp.test,Quarterly Newsletter,100566,,Other,,,2,,,,,101813,,,,N,
100244,Contact,103280,liam.haddad@examplecorp.test,Rahul Haddad,2025-02-19 06:27:00,skyler.ivanov@examplecorp.test,Quinn Reyes,2024-09-04 02:22:00,noah.silva@sampleco.test,Skyler Cohen,2024-06-03 20:06:00,riley.ashby@acme-fake.test,Quinn Haddad,2025-05-14 18:24:00,Y,Rahul Calder,Skyler Haddad,Arjun Blake,TAG-6254,Project Manager,,,,,,,,,LOT-2171,arjun.blake@sampleco.test,,,,Active,100299,100239,100157,100519,100145,,,,,,,100215,Delta,100298,,,Beta,,100669,,omar.mercer@sampleco.test,quinn.garcia@acme-fake.test,Renewal Nudge,100735,Meridian Energy LLC,Other,100210,,,,,,,101878,,,,Y,Y
100040,Contact,103281,elena.blake@acme-fake.test,Avery Ivanov,2023-10-06 16:14:00,priya.calder@acme-fake.test,Priya Blake,2025-12-02 02:19:00,nina.ivanov@demomail.test,Liam Patel,2022-10-12 07:53:00,jamie.sloan@acme-fake.test,Rowan Silva,2023-07-01 14:57:00,Y,Quinn Vance,Priya Mensah,Reese Patel,LOT-9701,Operations Associate,,,Delta,Standard,,,,,TAG-4058,reese.patel@demomail.test,,,,Active,,100162,100086,,100635,,,,,100445,,100073,Beta,100481,,,Gamma,,100256,,taylor.calder@demomail.test,arjun.ashby@demomail.test,Event Invite,100201,Redwood Industries LLC,,100211,,,,,,,101857,,,,,
100559,Contact,103284,morgan.vance@demomail.test,Noah Sloan,2023-07-28 00:38:00,arjun.whitfield@examplecorp.test,Reese Larsson,2024-10-06 07:13:00,taylor.silva@demomail.test,Rowan Haddad,2025-08-06 21:42:00,drew.costa@sampleco.test,Aisha Okafor,2023-01-12 04:49:00,Y,Skyler Costa,Rowan Garcia,Omar Larsson,LOT-7112,Executive Assistant,,,,,,,,,SKU-3329,omar.larsson@examplecorp.test,,,,Active,100407,100067,100118,100022,,,,,,100076,,100300,Gamma,100121,,,,100439,,,riley.sato@sampleco.test,elena.ashby@demomail.test,Re-engagement,100415,Blue Ridge Media Inc,Delta,,,,,,,,,Y,,,,
100191,Contact,103287,yara.blake@examplecorp.test,Avery Ford,2023-12-03 01:01:00,reese.calder@examplecorp.test,Jordan Okafor,2024-05-08 17:17:00,mei.rossi@demomail.test,Jamie Whitfield,2024-05-11 04:41:00,skyler.ivanov@acme-fake.test,Drew Brooks,2024-12-17 01:28:00,Y,Mei Larsson,Jordan Garcia,Riley Calder,TAG-3953,Recruiter,,,Delta,,,,,,SKU-4656,riley.calder@demomail.test,,,,Active,100438,,100035,,100548,,,,,,,,Other,100328,,,,100335,100624,,elena.vance@sampleco.test,alex.mercer@examplecorp.test,Product Update,100578,,Standard,,,,,,,,101854,N,,,Y,
100768,Contact,103288,arjun.mercer@acme-fake.test,Emerson Costa,2023-04-04 09:50:00,marco.silva@sampleco.test,Elena Sato,2024-05-28 17:25:00,morgan.larsson@sampleco.test,Marco Ashby,2025-03-21 18:34:00,omar.dorsey@examplecorp.test,Emerson Sato,2023-12-21 10:24:00,Y,Drew Nguyen,Reese Vance,Yara Cohen,LOT-8386,Payroll Specialist,,,,,,,,,SKU-3543,yara.cohen@demomail.test,,,,Active,,100651,100606,100173,,,,,,,,100392,Standard,100694,,,Other,100343,100704,,jamie.patel@examplecorp.test,jordan.mercer@demomail.test,Re-engagement,100009,,,100058,,,,,,,,,,,Y,
100355,Contact,103290,skyler.calder@acme-fake.test,Drew Kim,2025-09-07 13:41:00,jordan.reyes@examplecorp.test,Reese Vance,2026-04-27 13:30:00,quinn.sloan@sampleco.test,Quinn Whitfield,2025-12-10 00:53:00,avery.reyes@examplecorp.test,Sofia Patel,2025-10-20 01:58:00,Y,Aisha Sloan,Quinn Reyes,Chen Sato,SKU-7320,Software Developer,,,,,,,,LOT-4846,REF-6609,chen.sato@acme-fake.test,,,,Active,100393,,100512,,,,,,,100242,,100730,Delta,100005,,N,Alpha,100538,100634,,avery.calder@sampleco.test,morgan.dorsey@sampleco.test,Re-engagement,100425,Evergreen Analytics Ltd,,100068,,8,,,,,101854,N,,,,
100496,Contact,103291,chen.mercer@acme-fake.test,Noah Okafor,2026-05-30 05:52:00,omar.ford@sampleco.test,Yara Reyes,2023-05-07 04:25:00,reese.costa@demomail.test,Yara Patel,2026-06-13 14:27:00,rahul.okafor@demomail.test,Aisha Mercer,2025-01-08 07:45:00,N,Chen Dorsey,Omar Larsson,Mei Costa,SKU-6845,Bookkeeper,,,,,,,,,LOT-7410,mei.costa@sampleco.test,,,,Inactive,100481,100349,100691,100724,,,,,,100345,,,Gamma,100740,,,Delta,100405,100475,,mei.dorsey@demomail.test,taylor.okafor@examplecorp.test,Renewal Nudge,100548,Blue Ridge Financial Ltd,Gamma,100683,,,,,,,101854,,,,N,
100627,Contact,103294,morgan.okafor@examplecorp.test,Marco Dorsey,2024-08-16 13:10:00,riley.whitfield@demomail.test,Liam Mercer,2024-12-23 21:52:00,alex.sloan@acme-fake.test,Liam Okafor,2026-05-23 16:52:00,casey.whitfield@sampleco.test,Quinn Nguyen,2024-05-07 08:27:00,Y,Jamie Reyes,Skyler Cohen,Aisha Nguyen,SKU-7253,Executive Assistant,,,,,,,,,REF-9032,aisha.nguyen@sampleco.test,,,,Active,100498,,100599,100328,,,,,,100103,,,Beta,100372,,,Standard,100585,,,avery.rossi@examplecorp.test,priya.calder@demomail.test,Renewal Nudge,100775,Meridian Financial Ltd,Beta,,,,,,,,101871,,,,,
100264,Contact,103296,rahul.sloan@demomail.test,Riley Calder,2023-06-01 22:17:00,omar.cohen@sampleco.test,Noah Sloan,2023-10-16 07:47:00,quinn.kim@examplecorp.test,Drew Sloan,2026-07-25 10:17:00,chen.silva@demomail.test,Quinn Dorsey,2024-08-03 23:54:00,Y,Fatima Brooks,Liam Mercer,Sofia Okafor,LOT-1693,Financial Analyst,,,,,Alpha,,8543,SKU-4593,LOT-9223,sofia.okafor@demomail.test,,,,Active,100634,,100348,100467,100730,SKU-1065,,,,,,,Other,100211,,Y,Alpha,,100120,,marco.mercer@acme-fake.test,sofia.garcia@acme-fake.test,Re-engagement,100250,,Alpha,100604,,,,,,,101836,,,,N,
100640,Contact,103297,drew.mercer@acme-fake.test,Reese Silva,2024-06-16 17:15:00,noah.rossi@acme-fake.test,Nina Costa,2026-06-19 20:04:00,nina.larsson@examplecorp.test,Morgan Haddad,2024-03-09 23:20:00,marco.reyes@sampleco.test,Fatima Sato,2025-01-20 02:31:00,N,Quinn Sato,Priya Cohen,Elena Sato,SKU-6277,Accountant,,,,,,,,TAG-6603,REF-2706,elena.sato@demomail.test,,,,Inactive,100392,100361,100476,,100694,,,,,100191,,100232,Alpha,100117,,Y,Delta,100627,100747,,jordan.kim@examplecorp.test,liam.nguyen@sampleco.test,Quarterly Newsletter,100478,,,100667,,,,,,,101795,,,,,
100476,Contact,103298,skyler.brooks@demomail.test,Diego Okafor,2026-07-18 03:20:00,rowan.ford@acme-fake.test,Rahul Whitfield,2024-11-03 14:25:00,taylor.rossi@examplecorp.test,Nina Kim,2023-10-19 14:52:00,yara.mercer@acme-fake.test,Jordan Garcia,2024-02-04 23:57:00,Y,Rowan Ashby,Quinn Ivanov,Mei Silva,LOT-7686,Accountant,,,,,,,,TAG-4305,REF-8219,mei.silva@examplecorp.test,,,,Active,,,100561,100103,100191,REF-8534,,,,100415,,100343,Other,100349,,N,Gamma,100660,,,casey.cohen@acme-fake.test,yara.sloan@demomail.test,Product Update,100750,,Delta,100673,,,,,,,,Y,,,Y,
100165,Contact,103299,elena.okafor@sampleco.test,Rowan Sato,2023-11-21 18:34:00,morgan.vance@examplecorp.test,Riley Nguyen,2022-12-24 12:39:00,chen.ashby@examplecorp.test,Fatima Larsson,2023-01-07 00:49:00,rahul.dorsey@examplecorp.test,Noah Ivanov,2025-06-27 20:50:00,Y,Sofia Dorsey,Liam Dorsey,Jordan Whitfield,TAG-9759,HR Generalist,,,,,,,,,REF-8689,jordan.whitfield@demomail.test,,,,Active,100730,,100425,100332,,,,,,,,,Alpha,100451,,,Standard,,,,aisha.haddad@sampleco.test,avery.nguyen@examplecorp.test,Product Update,100516,,Standard,100785,,,,,,,101846,,,,Y,
100152,Contact,103302,morgan.okafor@demomail.test,Omar Reyes,2022-12-28 16:39:00,rahul.reyes@acme-fake.test,Morgan Larsson,2023-04-30 15:43:00,elena.whitfield@examplecorp.test,Marco Cohen,2023-08-04 12:56:00,omar.nguyen@acme-fake.test,Chen Kim,2023-10-28 03:00:00,Y,Rowan Mensah,Drew Kim,Drew Costa,REF-2255,Customer Success Manager,,,,,,,,LOT-6563,SKU-9170,drew.costa@demomail.test,,,,Active,,100578,100704,100672,100496,,,,,,,100645,Delta,100253,,,Other,100564,,,jamie.sato@sampleco.test,sofia.sato@sampleco.test,Quarterly Newsletter,100665,,Beta,,,,,,,,101807,,,,Y,
100335,Contact,103305,yara.ashby@acme-fake.test,Priya Ford,2024-01-11 18:05:00,omar.mercer@examplecorp.test,Aisha Sloan,2026-03-02 00:00:00,chen.vance@examplecorp.test,Riley Mensah,2024-05-29 22:18:00,jamie.blake@demomail.test,Riley Larsson,2023-01-09 02:50:00,Y,Jamie Blake,Priya Haddad,Noah Mensah,REF-3353,QA Engineer,,,,,,,,,SKU-6811,noah.mensah@examplecorp.test,,,,Active,,100028,100512,,,,,,,,,100277,Delta,100305,,,Gamma,100112,,,sofia.kim@acme-fake.test,taylor.larsson@demomail.test,Quarterly Newsletter,100490,,Alpha,,,,,,,,101849,,,,N,
100174,Contact,103308,morgan.dorsey@examplecorp.test,Rowan Ashby,2023-12-29 21:08:00,rowan.kim@examplecorp.test,Jamie Larsson,2023-11-16 07:47:00,emerson.sato@acme-fake.test,Noah Okafor,2025-09-25 01:24:00,yara.okafor@examplecorp.test,Elena Reyes,2023-09-19 16:32:00,Y,Fatima Ford,Riley Cohen,Drew Sloan,SKU-9549,Support Specialist,,,,,,,,REF-7063,REF-6073,drew.sloan@sampleco.test,,,,Active,,100747,100750,100776,,,,,,100624,,,Gamma,100525,,,Other,100470,100449,,rahul.okafor@examplecorp.test,omar.rossi@acme-fake.test,Renewal Nudge,100572,Copper Analytics LLC,,100382,,,,,,,101800,,,,N,
100031,Contact,103309,yara.cohen@demomail.test,Yara Calder,2023-04-24 18:29:00,quinn.dorsey@demomail.test,Casey Reyes,2024-08-29 22:33:00,jamie.patel@acme-fake.test,Noah Dorsey,2024-01-16 01:53:00,aisha.sloan@sampleco.test,Drew Sloan,2026-05-04 07:12:00,Y,Marco Reyes,Diego Nguyen,Priya Silva,TAG-2597,HR Generalist,,,,,,,,,SKU-8670,priya.silva@acme-fake.test,,,,Active,100732,100317,100350,100271,,,,,,100182,,100040,Beta,100565,,,Standard,100182,,,fatima.silva@sampleco.test,taylor.rossi@sampleco.test,Renewal Nudge,100031,,,100077,,1,,,,,,,,,N,
100233,Contact,103310,skyler.nguyen@examplecorp.test,Morgan Haddad,2025-11-08 09:10:00,chen.nguyen@demomail.test,Priya Haddad,2024-08-02 05:06:00,elena.ford@sampleco.test,Avery Okafor,2025-04-15 06:29:00,avery.ford@demomail.test,Quinn Whitfield,2022-10-07 02:05:00,Y,Diego Calder,Noah Mensah,Avery Okafor,LOT-1755,Data Analyst,,,,,,,,,TAG-8854,avery.okafor@sampleco.test,,,,Active,100726,,100233,100694,,,,,,,,100487,Alpha,100718,,,,,100309,,reese.dorsey@demomail.test,priya.mercer@sampleco.test,Event Invite,100278,,Delta,100471,,,,,,,,,,,Y,
100288,Contact,103311,mei.sato@acme-fake.test,Drew Dorsey,2025-09-15 06:42:00,avery.sato@demomail.test,Arjun Sato,2022-10-07 17:36:00,morgan.whitfield@acme-fake.test,Diego Mercer,2022-11-15 19:53:00,morgan.silva@examplecorp.test,Riley Okafor,2025-04-11 17:33:00,N,Casey Costa,Aisha Ivanov,Elena Garcia,LOT-3893,Project Manager,,,,,,REF-2113,,,TAG-4156,elena.garcia@sampleco.test,,,,Inactive,,100418,100542,100029,100155,SKU-2106,,,,100156,,100595,Beta,100288,,,,100472,100194,,mei.silva@examplecorp.test,liam.blake@examplecorp.test,Re-engagement,100724,Northwind Solutions,,100434,,,,,,,101800,,,,,
100193,Contact,103314,reese.costa@acme-fake.test,Priya Calder,2026-07-30 19:11:00,noah.sato@sampleco.test,Liam Cohen,2024-10-28 08:50:00,rahul.brooks@sampleco.test,Fatima Rossi,2023-04-16 09:44:00,morgan.brooks@sampleco.test,Alex Haddad,2025-10-13 19:13:00,N,Taylor Silva,Reese Cohen,Diego Ford,TAG-4580,Financial Analyst,,,Standard,Beta,,,,,REF-1027,diego.ford@demomail.test,,,,Inactive,,,100559,100252,100504,SKU-9872,,,,,,100029,Delta,100152,,,Beta,100717,100750,,reese.reyes@demomail.test,sofia.sato@acme-fake.test,Product Update,100669,Northwind Industries Ltd,Standard,,,,,,,,,,,,Y,
100741,Contact,103315,sofia.ford@examplecorp.test,Avery Brooks,2023-10-04 02:25:00,reese.cohen@sampleco.test,Fatima Okafor,2023-06-08 18:24:00,liam.whitfield@sampleco.test,Elena Brooks,2025-12-24 11:12:00,arjun.sloan@sampleco.test,Emerson Larsson,2026-05-21 00:26:00,Y,Marco Kim,Quinn Rossi,Marco Haddad,REF-9865,Bookkeeper,,,,,,,,,TAG-2758,marco.haddad@acme-fake.test,,,,Active,100339,100142,100453,100385,,,,,,100210,,100130,Alpha,100139,,,Delta,100632,100787,,jordan.ford@examplecorp.test,drew.mercer@acme-fake.test,Renewal Nudge,100140,Redwood Networks,Gamma,,,,,,,,,,,,,Y
100182,Contact,103317,riley.kim@demomail.test,Diego Ivanov,2024-07-08 15:11:00,chen.haddad@acme-fake.test,Morgan Ashby,2025-07-16 11:46:00,emerson.silva@sampleco.test,Morgan Ashby,2025-01-11 08:35:00,quinn.reyes@examplecorp.test,Emerson Sato,2026-05-23 20:59:00,Y,Liam Ashby,Rowan Dorsey,Riley Brooks,SKU-6669,Bookkeeper,,,,,,,,,TAG-8889,riley.brooks@sampleco.test,,,,Active,,,100535,,,,,,,100647,,,Beta,100407,,,Gamma,100257,100288,,rowan.garcia@acme-fake.test,alex.vance@examplecorp.test,Quarterly Newsletter,100434,Cardinal Networks LLP,Standard,,,,,,,,,,,,,
100389,Contact,103319,reese.mensah@demomail.test,Marco Dorsey,2024-06-25 11:23:00,reese.dorsey@examplecorp.test,Casey Dorsey,2026-04-08 05:12:00,mei.sloan@examplecorp.test,Emerson Costa,2024-02-13 13:44:00,diego.patel@demomail.test,Chen Ashby,2026-07-27 22:11:00,N,Priya Okafor,Fatima Mensah,Reese Whitfield,LOT-7783,Support Specialist,,,,,,,,,SKU-4678,reese.whitfield@demomail.test,,,,Inactive,,,100158,,100490,,,,,,,100791,Standard,100412,,,,100599,,,emerson.sloan@acme-fake.test,nina.garcia@examplecorp.test,Quarterly Newsletter,100366,Blue Ridge Energy Corp,Other,,,,,,,,,,,,,
100319,Contact,103321,aisha.reyes@sampleco.test,Skyler Patel,2025-01-01 19:18:00,sofia.ashby@examplecorp.test,Morgan Sloan,2024-08-20 15:04:00,rowan.cohen@acme-fake.test,Emerson Ashby,2024-10-16 19:06:00,emerson.blake@demomail.test,Marco Larsson,2023-11-23 19:48:00,Y,Drew Dorsey,Emerson Haddad,Rowan Rossi,TAG-1983,Executive Assistant,,,,,,,,,LOT-9882,rowan.rossi@acme-fake.test,,,,Active,100756,100696,100756,,,,,,,100428,,100325,Gamma,100349,,Y,,,,,taylor.mensah@examplecorp.test,aisha.whitfield@examplecorp.test,Re-engagement,100119,,Beta,,,6,6,,,,101840,,,,,
100516,Contact,103324,sofia.silva@examplecorp.test,Elena Sloan,2024-07-08 08:33:00,noah.ashby@sampleco.test,Riley Silva,2024-05-31 01:27:00,liam.larsson@examplecorp.test,Morgan Garcia,2024-09-30 16:50:00,priya.cohen@acme-fake.test,Liam Ford,2026-04-24 09:23:00,Y,Morgan Silva,Reese Garcia,Rahul Nguyen,SKU-1346,Software Developer,,,,,,,,,REF-5407,rahul.nguyen@sampleco.test,,,,Active,100428,100173,100246,100156,100169,,,,,100181,,100559,Other,100659,,,Standard,,,,avery.costa@acme-fake.test,elena.patel@acme-fake.test,Product Update,100559,,Gamma,100652,,,,,,,,,,,,
100357,Contact,103326,marco.ivanov@demomail.test,Elena Mercer,2025-03-23 23:02:00,elena.garcia@sampleco.test,Jordan Rossi,2023-11-20 19:39:00,skyler.patel@demomail.test,Morgan Silva,2024-11-17 12:56:00,noah.ashby@demomail.test,Morgan Ashby,2025-10-25 23:53:00,Y,Elena Nguyen,Mei Reyes,Noah Brooks,SKU-5130,Support Specialist,,LOT-1857,,,,,,,REF-5892,noah.brooks@acme-fake.test,,,,Active,,100350,100651,,100247,,,,,100120,,100292,Beta,100717,,,,100089,100152,,riley.whitfield@sampleco.test,elena.ivanov@demomail.test,Product Update,100654,Silverline Networks Group,,100217,,,,,,,101800,,,,Y,
100246,Contact,103327,emerson.sloan@sampleco.test,Aisha Nguyen,2023-08-10 05:16:00,drew.larsson@acme-fake.test,Skyler Patel,2023-12-04 05:27:00,reese.calder@sampleco.test,Fatima Vance,2024-10-25 10:39:00,noah.whitfield@acme-fake.test,Rowan Garcia,2024-09-29 15:18:00,N,Liam Garcia,Liam Costa,Chen Ivanov,LOT-6259,Marketing Coordinator,,,,,,,,,LOT-6231,chen.ivanov@examplecorp.test,,,,Inactive,,,100103,,100252,,,,,,,,Beta,100161,,,,100339,100721,,arjun.sloan@sampleco.test,arjun.ivanov@examplecorp.test,Quarterly Newsletter,100498,,,100299,,,,2,,,,,,,,
100077,Contact,103328,liam.ivanov@examplecorp.test,Priya Ashby,2026-04-02 12:33:00,riley.mercer@sampleco.test,Arjun Vance,2023-07-25 05:20:00,omar.ford@demomail.test,Skyler Ivanov,2025-11-25 00:41:00,jordan.ashby@sampleco.test,Sofia Blake,2023-03-26 22:05:00,Y,Reese Costa,Mei Rossi,Rahul Rossi,REF-2966,Customer Success Manager,,,,Delta,,,,,SKU-3165,rahul.rossi@acme-fake.test,,,,Active,,100038,100629,100774,100317,,,,,,,100565,Standard,100645,,,Beta,100203,,,drew.silva@sampleco.test,priya.silva@sampleco.test,Renewal Nudge,100403,Lakeside Holdings Corp,,100130,,4,,,,,101851,,,,,
100461,Contact,103331,chen.whitfield@examplecorp.test,Elena Vance,2025-12-24 05:57:00,arjun.okafor@acme-fake.test,Sofia Vance,2026-01-20 09:25:00,emerson.whitfield@sampleco.test,Taylor Brooks,2023-02-21 05:57:00,rahul.silva@demomail.test,Drew Silva,2024-05-14 08:04:00,Y,Marco Reyes,Alex Mercer,Liam Haddad,REF-9015,Software Developer,,SKU-3156,,,,,,,REF-6213,liam.haddad@acme-fake.test,,,,Active,100336,,100139,,,,,,,100022,,,Gamma,100461,,,,100680,,,casey.reyes@acme-fake.test,fatima.calder@acme-fake.test,Quarterly Newsletter,100468,,Beta,,,,,,,,101813,,,,N,
100667,Contact,103333,alex.rossi@sampleco.test,Mei Okafor,2026-01-10 16:05:00,aisha.reyes@examplecorp.test,Jamie Costa,2024-06-17 10:44:00,jordan.okafor@sampleco.test,Alex Ivanov,2026-03-08 05:41:00,rahul.sloan@sampleco.test,Alex Reyes,2023-03-07 06:36:00,Y,Casey Reyes,Sofia Calder,Emerson Ashby,LOT-4976,Financial Analyst,,,,,,SKU-9436,,,REF-7462,emerson.ashby@acme-fake.test,,,,Active,100558,100507,100325,100753,,,,,,100645,,,Gamma,100565,,,Standard,100484,,,quinn.reyes@demomail.test,yara.mercer@sampleco.test,Renewal Nudge,100239,Meridian Networks LLC,Delta,100434,,,,,,,,,,,N,
100199,Contact,103334,avery.nguyen@demomail.test,Jamie Calder,2026-04-29 12:20:00,fatima.sloan@sampleco.test,Fatima Garcia,2024-02-10 15:09:00,sofia.rossi@acme-fake.test,Sofia Mercer,2023-03-15 16:43:00,rahul.ivanov@demomail.test,Nina Mercer,2024-07-21 21:35:00,Y,Nina Haddad,Rowan Haddad,Arjun Sato,TAG-2402,Executive Assistant,,,,,,,,,SKU-5431,arjun.sato@acme-fake.test,,,,Active,100309,100498,100457,100012,100035,,,,,100123,,100593,Delta,100743,,,Standard,100299,100441,,avery.nguyen@demomail.test,diego.calder@sampleco.test,Re-engagement,100305,Copper Foods Group,Beta,,,,,,,,101873,,,,,
100611,Contact,103337,jordan.cohen@examplecorp.test,Arjun Ashby,2025-10-16 10:49:00,noah.garcia@acme-fake.test,Nina Garcia,2025-08-03 09:31:00,jordan.ivanov@acme-fake.test,Diego Silva,2024-10-31 02:46:00,emerson.sloan@acme-fake.test,Elena Vance,2026-06-24 21:30:00,Y,Liam Whitfield,Mei Garcia,Quinn Brooks,SKU-5798,Executive Assistant,,,,,,,,LOT-4757,REF-4618,quinn.brooks@sampleco.test,,,,Active,100460,,100538,,,TAG-4601,,,,100396,,100340,Beta,100421,,,Other,,100058,,emerson.sato@examplecorp.test,alex.ford@sampleco.test,Product Update,100555,,Standard,,,,,,,,101865,Y,,,,
100639,Contact,103338,omar.calder@examplecorp.test,Drew Sato,2025-11-06 17:16:00,arjun.rossi@examplecorp.test,Alex Dorsey,2024-12-02 04:25:00,noah.cohen@sampleco.test,Omar Dorsey,2025-03-28 09:06:00,emerson.cohen@sampleco.test,Noah Dorsey,2024-05-30 02:08:00,N,Avery Garcia,Skyler Okafor,Morgan Mensah,LOT-1932,Project Manager,,,Gamma,,,,,,SKU-6443,morgan.mensah@sampleco.test,,,,Inactive,,,100758,,100689,,,,,,,100761,Gamma,100669,,,Alpha,100203,100570,,arjun.garcia@sampleco.test,mei.costa@demomail.test,Event Invite,100349,,Gamma,100026,,,,,,,,,,,N,
100689,Contact,103339,chen.ford@acme-fake.test,Riley Calder,2024-11-16 02:17:00,liam.dorsey@examplecorp.test,Alex Calder,2023-02-25 10:52:00,arjun.mensah@sampleco.test,Taylor Ford,2022-12-10 23:01:00,marco.brooks@demomail.test,Emerson Costa,2024-07-31 03:50:00,Y,Arjun Kim,Arjun Mensah,Riley Sloan,REF-6632,Marketing Coordinator,,,,,Gamma,,,SKU-8482,LOT-8768,riley.sloan@examplecorp.test,,,,Active,100089,,100555,,,,,,,100559,,100449,Standard,100350,,,Delta,100292,100211,,reese.blake@sampleco.test,avery.brooks@demomail.test,Re-engagement,100448,,,100157,,,,,,,,,,,,
100389,Contact,103341,chen.kim@sampleco.test,Taylor Garcia,2023-01-24 08:33:00,aisha.dorsey@demomail.test,Drew Okafor,2022-12-18 18:59:00,reese.vance@acme-fake.test,Riley Vance,2024-10-28 16:04:00,riley.whitfield@examplecorp.test,Fatima Sato,2023-12-24 19:19:00,Y,Marco Silva,Taylor Mercer,Avery Haddad,LOT-5518,Recruiter,,,,,,,,,LOT-8545,avery.haddad@sampleco.test,,,,Active,100487,,100606,,100319,,,,,100578,,,Beta,100094,,,,,100519,,jamie.mensah@acme-fake.test,priya.calder@demomail.test,Re-engagement,100112,,,100689,,,,,,,,,,,,
100277,Contact,103343,sofia.silva@sampleco.test,Drew Sloan,2023-04-04 06:42:00,arjun.garcia@examplecorp.test,Drew Garcia,2025-03-02 07:33:00,noah.okafor@demomail.test,Yara Sato,2023-07-18 11:11:00,mei.haddad@acme-fake.test,Arjun Whitfield,2026-05-23 05:16:00,Y,Mei Patel,Rowan Okafor,Morgan Reyes,TAG-3225,Operations Associate,,,,,,,,SKU-7791,REF-6100,morgan.reyes@acme-fake.test,,,,Active,,,100400,100542,100155,,,,,100585,,,Alpha,100561,,,Alpha,100593,,,liam.kim@acme-fake.test,skyler.patel@demomail.test,Product Update,100787,,Delta,100158,,,,6,,,101888,,,,,
100065,Contact,103346,yara.patel@examplecorp.test,Arjun Cohen,2023-03-26 07:57:00,skyler.cohen@examplecorp.test,Taylor Ivanov,2024-04-12 18:59:00,nina.kim@sampleco.test,Liam Rossi,2024-04-07 20:11:00,rahul.reyes@demomail.test,Diego Brooks,2023-11-30 14:18:00,Y,Marco Rossi,Sofia Reyes,Mei Patel,SKU-3347,Data Analyst,,,,,,,,,REF-1689,mei.patel@demomail.test,,,,Active,100470,100199,100183,100003,,,,,,100659,,,Beta,100493,,,Gamma,,,,nina.brooks@acme-fake.test,casey.mercer@demomail.test,Event Invite,100451,Vertex Networks Group,Other,100169,,,,,,,,,,,N,
100040,Contact,103348,omar.mensah@examplecorp.test,Elena Kim,2023-03-14 01:04:00,diego.rossi@demomail.test,Rahul Ford,2022-12-03 01:15:00,rahul.okafor@sampleco.test,Marco Dorsey,2025-05-04 14:40:00,omar.silva@demomail.test,Quinn Ashby,2025-10-01 19:11:00,Y,Rahul Vance,Omar Patel,Avery Ivanov,SKU-9493,Executive Assistant,,,Other,,,,,,TAG-7013,avery.ivanov@examplecorp.test,,,,Active,100038,100399,100317,100532,100335,,,,,100181,,,Other,100561,,,Standard,100139,,,elena.garcia@sampleco.test,skyler.garcia@demomail.test,Product Update,100385,,Gamma,100076,,,,,,,101886,,,,,
100478,Contact,103351,avery.costa@sampleco.test,Jamie Garcia,2023-09-27 07:58:00,rahul.rossi@acme-fake.test,Diego Dorsey,2024-10-25 23:26:00,taylor.kim@sampleco.test,Elena Vance,2024-04-11 06:56:00,fatima.ford@examplecorp.test,Taylor Ivanov,2024-10-30 20:02:00,Y,Drew Ivanov,Drew Costa,Taylor Dorsey,REF-7627,Project Manager,,,,,,,,,REF-8979,taylor.dorsey@demomail.test,,,,Active,100380,100467,100275,100678,100348,,,,,,,100448,Beta,100204,,,,100441,100076,,diego.nguyen@acme-fake.test,liam.ashby@demomail.test,Re-engagement,100733,Lakeside Health Co,,,,,,,,,101836,,,,,
100398,Contact,103353,rowan.sloan@sampleco.test,Mei Blake,2023-08-27 08:43:00,noah.brooks@demomail.test,Rowan Reyes,2024-04-13 17:16:00,marco.dorsey@sampleco.test,Reese Larsson,2024-03-15 12:33:00,riley.sloan@demomail.test,Jordan Ford,2024-09-02 16:12:00,Y,Sofia Okafor,Emerson Reyes,Marco Ford,TAG-5259,Customer Success Manager,,,,,,,,SKU-9714,REF-8223,marco.ford@examplecorp.test,,,,Active,100519,100193,100267,100121,,,,,,100650,,100791,Standard,100348,,,,100389,,,reese.ford@acme-fake.test,sofia.patel@demomail.test,Re-engagement,100484,Everest Networks LLP,,,,,,,,,101886,,,,,
100747,Contact,103356,priya.okafor@examplecorp.test,Fatima Whitfield,2026-07-09 22:32:00,avery.cohen@acme-fake.test,Yara Vance,2024-05-24 18:03:00,alex.rossi@acme-fake.test,Noah Garcia,2024-01-06 14:26:00,nina.ford@examplecorp.test,Nina Whitfield,2025-06-15 12:10:00,Y,Jamie Okafor,Alex Sato,Riley Okafor,TAG-5439,Bookkeeper,,,,Gamma,,TAG-1647,,LOT-4197,REF-5649,riley.okafor@examplecorp.test,,,,Active,,,100481,,,,,,,,,100142,Alpha,100461,,,,100713,100601,,omar.rossi@examplecorp.test,sofia.mercer@sampleco.test,Product Update,100514,,,100548,,,,,,,101887,,,,,
100721,Contact,103357,taylor.whitfield@demomail.test,Emerson Vance,2023-03-06 13:56:00,chen.ford@demomail.test,Casey Ivanov,2025-02-20 22:55:00,quinn.costa@acme-fake.test,Omar Rossi,2025-11-21 21:14:00,emerson.mensah@acme-fake.test,Fatima Blake,2025-01-13 17:13:00,Y,Morgan Ivanov,Rowan Larsson,Taylor Ford,SKU-5065,Software Developer,,,,,,,,,SKU-7199,taylor.ford@examplecorp.test,,,,Active,100576,100106,100092,100678,100632,,,,,,,100438,Delta,100558,,,,100707,,,nina.dorsey@sampleco.test,mei.blake@demomail.test,Product Update,100747,,,,,,6,,,,101881,Y,,,,
100516,Contact,103359,diego.okafor@sampleco.test,Marco Rossi,2026-06-08 14:34:00,avery.silva@sampleco.test,Priya Reyes,2026-07-03 04:32:00,jordan.mensah@demomail.test,Liam Larsson,2025-10-06 11:27:00,chen.ford@demomail.test,Emerson Ashby,2023-08-02 10:38:00,Y,Omar Reyes,Jordan Costa,Morgan Calder,LOT-5672,Bookkeeper,,,,,,,,,REF-6512,morgan.calder@sampleco.test,,,,Active,,,100608,100504,100572,,,,,,,,Beta,100152,,,Other,100667,100538,,riley.larsson@examplecorp.test,diego.kim@acme-fake.test,Product Update,100568,Redwood Energy Co,Beta,,,,,,,,101854,,,,N,
100451,Contact,103360,sofia.larsson@examplecorp.test,Casey Silva,2024-11-02 12:21:00,jamie.haddad@acme-fake.test,Emerson Brooks,2023-06-09 14:55:00,mei.blake@sampleco.test,Chen Garcia,2023-02-11 17:12:00,casey.ford@sampleco.test,Riley Larsson,2025-07-29 18:56:00,N,Skyler Nguyen,Riley Sloan,Rowan Reyes,LOT-4547,Financial Analyst,,,Alpha,,,,,,SKU-7142,rowan.reyes@examplecorp.test,,,,Inactive,,,100201,100733,,,,,,,,,Other,100147,,,,100473,,,elena.silva@demomail.test,morgan.calder@sampleco.test,Product Update,100330,Keystone Foods Ltd,,,,,0,,,,101870,,,,,
100694,Contact,103363,liam.kim@sampleco.test,Liam Garcia,2024-09-23 07:10:00,quinn.sloan@sampleco.test,Noah Silva,2025-02-12 07:13:00,aisha.calder@examplecorp.test,Avery Mensah,2025-01-07 19:17:00,taylor.mensah@acme-fake.test,Rowan Mercer,2023-02-05 18:50:00,Y,Jamie Garcia,Mei Cohen,Sofia Whitfield,LOT-4162,Software Developer,,,,,,,970,,LOT-3667,sofia.whitfield@examplecorp.test,,,,Active,,100256,100466,,100542,,,,,100791,,,Standard,100704,,,Gamma,100330,,,omar.nguyen@acme-fake.test,morgan.okafor@acme-fake.test,Product Update,100569,Blue Ridge Group LLC,Gamma,,,,,,,,101846,,,,N,
100451,Contact,103366,avery.silva@sampleco.test,Arjun Calder,2025-09-15 09:18:00,sofia.ashby@examplecorp.test,Yara Haddad,2024-03-06 01:47:00,liam.patel@examplecorp.test,Noah Silva,2025-10-07 05:55:00,jordan.kim@demomail.test,Nina Vance,2024-05-15 07:44:00,Y,Elena Reyes,Nina Cohen,Reese Brooks,SKU-8394,Bookkeeper,,,,,,,,,REF-3728,reese.brooks@acme-fake.test,,,,Active,,,100478,,100009,,,,,100732,,100785,Standard,100177,,,Standard,100098,100330,,drew.reyes@examplecorp.test,casey.kim@sampleco.test,Re-engagement,100152,Horizon Ventures Co,,,,4,,,,,101792,,,,,
100079,Contact,103369,skyler.reyes@examplecorp.test,Diego Larsson,2023-12-02 22:58:00,skyler.reyes@acme-fake.test,Quinn Okafor,2026-01-31 23:49:00,jordan.mercer@acme-fake.test,Skyler Reyes,2023-12-13 09:34:00,noah.larsson@examplecorp.test,Morgan Mensah,2022-12-19 11:41:00,Y,Nina Reyes,Arjun Blake,Taylor Nguyen,SKU-1553,Accountant,,,,,,,,REF-3937,SKU-7828,taylor.nguyen@demomail.test,,,,Active,100319,100247,100200,100784,,,,,,100423,,,Other,100423,,,Delta,,100410,,morgan.cohen@demomail.test,omar.ashby@demomail.test,Renewal Nudge,100137,,,100751,,,,9,,,101888,,,,,
100292,Contact,103372,sofia.kim@demomail.test,Priya Whitfield,2023-11-24 15:29:00,nina.sloan@sampleco.test,Noah Brooks,2022-11-03 17:00:00,priya.ivanov@demomail.test,Mei Costa,2025-08-01 12:31:00,aisha.nguyen@demomail.test,Marco Cohen,2023-03-01 05:46:00,N,Elena Silva,Diego Silva,Fatima Sloan,REF-1846,Bookkeeper,,,,,,,,,TAG-8239,fatima.sloan@acme-fake.test,,,,Inactive,,100522,100158,100675,100696,,,,,,,,Beta,100210,,,Gamma,,100335,,taylor.sato@examplecorp.test,morgan.brooks@examplecorp.test,Re-engagement,100616,,Other,100193,,,,,,,,,,,Y,
100284,Contact,103374,marco.vance@sampleco.test,Mei Cohen,2025-01-05 02:46:00,sofia.blake@examplecorp.test,Noah Cohen,2026-07-13 05:25:00,jamie.sloan@sampleco.test,Elena Silva,2025-11-30 15:47:00,rowan.garcia@examplecorp.test,Omar Whitfield,2024-01-22 10:12:00,Y,Arjun Dorsey,Fatima Costa,Priya Ford,LOT-6343,Bookkeeper,,,,,,,,,SKU-1870,priya.ford@examplecorp.test,,,,Active,,,100232,100292,100460,,,,,100503,,,Other,100053,,,,100487,100365,,diego.reyes@acme-fake.test,noah.dorsey@demomail.test,Event Invite,100188,,,100292,,,,,,,,,,,,
100590,Contact,103377,morgan.sato@examplecorp.test,Rowan Costa,2024-11-16 13:34:00,reese.costa@demomail.test,Quinn Sloan,2023-02-05 15:01:00,yara.haddad@examplecorp.test,Reese Dorsey,2023-03-21 07:30:00,mei.garcia@examplecorp.test,Riley Sato,2025-01-16 23:18:00,Y,Chen Patel,Taylor Patel,Avery Calder,SKU-6385,Payroll Specialist,,TAG-6009,,,,,,,LOT-5183,avery.calder@sampleco.test,,,,Active,,100242,100355,100404,100023,,,,,,,100380,Alpha,100528,,,,100281,,,nina.whitfield@examplecorp.test,priya.vance@acme-fake.test,Product Update,100172,,,100445,,,,6,,,,N,,,,
100469,Contact,103379,jordan.larsson@acme-fake.test,Noah Patel,2025-09-06 18:35:00,riley.ashby@acme-fake.test,Noah Cohen,2023-02-13 22:26:00,chen.whitfield@acme-fake.test,Jordan Larsson,2025-09-05 08:18:00,nina.ashby@acme-fake.test,Morgan Mercer,2024-07-19 01:38:00,Y,Riley Larsson,Fatima Ford,Yara Cohen,TAG-7583,Support Specialist,,,,,,,,LOT-8937,TAG-9830,yara.cohen@examplecorp.test,,,,Active,100570,100194,100250,100542,100473,,,,,100718,,,Standard,100153,,N,Standard,100314,,,riley.patel@demomail.test,jamie.rossi@sampleco.test,Product Update,100669,Blue Ridge Analytics Co,Alpha,,,,,,,,101816,,,,N,
100273,Contact,103381,elena.patel@sampleco.test,Sofia Larsson,2023-10-20 19:23:00,liam.mercer@examplecorp.test,Riley Cohen,2024-06-08 06:53:00,casey.costa@demomail.test,Jamie Mensah,2024-12-22 18:29:00,casey.ford@examplecorp.test,Skyler Cohen,2025-05-06 04:59:00,N,Marco Cohen,Marco Reyes,Diego Nguyen,TAG-3864,QA Engineer,,,,,,,,TAG-8741,SKU-7568,diego.nguyen@demomail.test,,,,Inactive,,,100638,100611,,,,,,100700,,,Other,100403,,,,100401,,,fatima.larsson@sampleco.test,rowan.calder@examplecorp.test,Quarterly Newsletter,100445,,Delta,100173,,,,,,,,,,,,
100462,Contact,103382,aisha.brooks@examplecorp.test,Noah Calder,2026-02-04 08:08:00,sofia.reyes@examplecorp.test,Reese Haddad,2023-04-16 01:36:00,chen.mensah@examplecorp.test,Mei Sloan,2024-10-24 09:03:00,alex.blake@examplecorp.test,Noah Garcia,2026-01-30 22:45:00,Y,Skyler Calder,Priya Mercer,Nina Silva,TAG-4705,Data Analyst,,,,,,,5183,,LOT-4630,nina.silva@examplecorp.test,,,,Active,,,100055,,100529,LOT-6336,,,,100441,,,Beta,100188,,,,,100421,,morgan.ivanov@acme-fake.test,emerson.nguyen@sampleco.test,Event Invite,100727,Ironwood Holdings LLP,Alpha,100667,,,,3,,,101860,,,,N,
100349,Contact,103384,emerson.reyes@examplecorp.test,Sofia Reyes,2024-05-10 03:44:00,aisha.dorsey@sampleco.test,Skyler Costa,2026-01-30 20:33:00,casey.whitfield@acme-fake.test,Morgan Calder,2022-11-14 17:10:00,elena.calder@acme-fake.test,Elena Dorsey,2026-07-01 20:27:00,Y,Sofia Mensah,Fatima Blake,Arjun Sato,SKU-1526,Customer Success Manager,,,,,,,,,SKU-8819,arjun.sato@acme-fake.test,,,,Active,100392,100392,100570,100089,100155,,,,,100496,,,Standard,100168,,,,,100654,,skyler.garcia@acme-fake.test,reese.ford@sampleco.test,Re-engagement,100768,Falcon Retail LLP,Other,,,,,,,,101822,,,,,
100215,Contact,103386,nina.garcia@acme-fake.test,Aisha Brooks,2025-01-22 10:14:00,liam.reyes@sampleco.test,Avery Whitfield,2024-05-22 16:16:00,reese.whitfield@examplecorp.test,Diego Mensah,2026-01-19 11:37:00,taylor.sato@sampleco.test,Sofia Haddad,2023-08-18 10:27:00,Y,Rowan Ford,Skyler Cohen,Quinn Costa,REF-6737,HR Generalist,,,,,,,,LOT-4076,REF-3680,quinn.costa@acme-fake.test,,,,Active,100217,,100673,,,,,,,,,,Gamma,100735,,N,Beta,,,,aisha.cohen@examplecorp.test,priya.ashby@demomail.test,Product Update,100454,Cobalt Partners Group,Standard,100117,,8,,,,,,,,,,
100168,Contact,103387,elena.reyes@sampleco.test,Quinn Haddad,2024-12-09 06:18:00,rowan.mercer@demomail.test,Skyler Mercer,2026-02-01 17:29:00,casey.ford@demomail.test,Riley Nguyen,2025-07-02 21:02:00,reese.reyes@demomail.test,Rahul Haddad,2026-07-22 19:02:00,Y,Reese Mercer,Rahul Kim,Nina Rossi,REF-9545,Customer Success Manager,,,,,,SKU-4001,,,TAG-1005,nina.rossi@examplecorp.test,,,,Active,,100375,100378,100292,100172,,,,,,,100236,Other,100188,,,Alpha,100462,100378,,yara.larsson@sampleco.test,jamie.vance@sampleco.test,Re-engagement,100183,Keystone Retail Inc,,100400,,,,6,,,101819,,,,,
100423,Contact,103390,rahul.larsson@sampleco.test,Noah Vance,2023-04-28 22:26:00,sofia.patel@examplecorp.test,Quinn Mensah,2025-02-20 15:56:00,alex.dorsey@sampleco.test,Jordan Cohen,2023-03-20 14:18:00,rahul.sloan@acme-fake.test,Jordan Blake,2023-06-17 20:54:00,Y,Jordan Cohen,Jordan Whitfield,Rahul Cohen,SKU-5630,Data Analyst,,,,,,REF-9774,,,LOT-6022,rahul.cohen@sampleco.test,,,,Active,,,100564,,100638,,,,,,,,Delta,100005,,,Standard,100675,,,aisha.ford@demomail.test,quinn.reyes@examplecorp.test,Product Update,100787,,Standard,100178,,3,,,,,101821,Y,,,N,
100149,Contact,103393,priya.cohen@sampleco.test,Rahul Ashby,2026-07-26 01:28:00,chen.silva@sampleco.test,Elena Blake,2025-09-09 11:04:00,drew.blake@acme-fake.test,Riley Ivanov,2022-10-13 11:41:00,reese.sato@demomail.test,Chen Cohen,2023-02-02 19:40:00,N,Avery Patel,Emerson Larsson,Quinn Okafor,SKU-4037,Accountant,,,,,Delta,,,,TAG-2884,quinn.okafor@sampleco.test,,,,Inactive,,100401,100559,100640,100512,,,,,100067,,,Standard,100317,,N,Delta,,,,jamie.rossi@acme-fake.test,omar.rossi@acme-fake.test,Renewal Nudge,100639,Granite Dynamics Co,Beta,,,,,,,,,,,,Y,
100145,Contact,103395,arjun.sloan@demomail.test,Fatima Nguyen,2025-06-15 11:30:00,jamie.calder@sampleco.test,Riley Sloan,2025-05-17 17:13:00,riley.ford@acme-fake.test,Omar Costa,2026-06-12 06:31:00,skyler.ford@examplecorp.test,Priya Sloan,2025-09-06 20:03:00,Y,Mei Patel,Quinn Larsson,Jordan Sloan,LOT-2220,HR Generalist,,,,,,,,,SKU-6024,jordan.sloan@demomail.test,,,,Active,100590,100145,100067,100350,100494,,,,,100659,,100784,Standard,100350,,Y,Delta,100191,,,fatima.dorsey@acme-fake.test,fatima.mercer@examplecorp.test,Re-engagement,100193,Summit Media,Other,100735,,,,7,,,101792,,,,,
100026,Contact,103397,taylor.ivanov@sampleco.test,Avery Costa,2023-04-11 08:40:00,alex.silva@examplecorp.test,Mei Larsson,2025-10-16 10:33:00,morgan.reyes@demomail.test,Nina Brooks,2023-05-06 23:28:00,jamie.patel@sampleco.test,Riley Whitfield,2023-06-15 09:27:00,N,Diego Reyes,Jordan Mensah,Emerson Mercer,LOT-7680,Customer Success Manager,,,,,,,,SKU-7054,TAG-6473,emerson.mercer@acme-fake.test,,,,Inactive,,100242,100343,100233,100204,,,,,100696,,,Beta,100156,,,,100200,,,drew.calder@sampleco.test,rahul.reyes@examplecorp.test,Re-engagement,100611,,Alpha,,,,,,,,101805,,,,Y,
100504,Contact,103398,morgan.rossi@acme-fake.test,Rahul Ford,2023-04-11 13:27:00,casey.mensah@acme-fake.test,Elena Garcia,2025-05-01 13:19:00,morgan.ashby@sampleco.test,Jordan Reyes,2024-10-11 06:29:00,alex.whitfield@demomail.test,Emerson Haddad,2022-10-12 08:43:00,Y,Emerson Costa,Elena Haddad,Taylor Ivanov,LOT-2833,HR Generalist,,,,,,,,REF-3967,LOT-7818,taylor.ivanov@acme-fake.test,,,,Active,100741,100774,100434,100383,100514,,,,,100671,,,Alpha,100134,,,Standard,100779,,,omar.ashby@examplecorp.test,nina.ivanov@acme-fake.test,Quarterly Newsletter,100574,,Beta,100579,,,,,,,,,,,Y,
100473,Contact,103400,liam.okafor@demomail.test,Jamie Sato,2023-08-04 22:58:00,casey.reyes@demomail.test,Emerson Ashby,2023-11-23 03:00:00,skyler.patel@sampleco.test,Taylor Calder,2023-02-18 11:46:00,casey.ashby@examplecorp.test,Fatima Silva,2026-06-27 04:34:00,Y,Riley Garcia,Reese Garcia,Alex Whitfield,LOT-3160,Software Developer,,,,Other,,,,,REF-1809,alex.whitfield@sampleco.test,,,,Active,100058,100745,100737,,100737,,,,,100469,,100758,Alpha,100365,,,,100256,100454,,chen.larsson@demomail.test,aisha.larsson@sampleco.test,Renewal Nudge,100348,Silverline Energy Inc,Delta,,,,,,,,,,,,N,
100158,Contact,103401,yara.dorsey@sampleco.test,Chen Ashby,2022-12-28 16:52:00,morgan.ford@examplecorp.test,Rahul Rossi,2025-07-12 08:07:00,arjun.kim@sampleco.test,Yara Mercer,2023-08-06 09:11:00,avery.dorsey@acme-fake.test,Arjun Blake,2023-10-23 04:58:00,Y,Liam Mercer,Chen Garcia,Elena Ashby,SKU-4746,Recruiter,,,,,,,7155,,REF-4315,elena.ashby@acme-fake.test,,,,Active,100054,100273,100442,100201,100423,TAG-1916,,,,,,100732,Delta,100035,,,Gamma,100627,,,liam.rossi@sampleco.test,elena.garcia@acme-fake.test,Product Update,100277,Copper Analytics LLC,Gamma,,,,,,,,101881,,,,N,
100352,Contact,103402,yara.whitfield@sampleco.test,Reese Garcia,2025-06-21 18:54:00,sofia.sloan@examplecorp.test,Emerson Whitfield,2024-09-01 22:10:00,sofia.garcia@sampleco.test,Riley Haddad,2023-04-16 05:41:00,omar.dorsey@examplecorp.test,Diego Okafor,2023-05-02 13:38:00,Y,Jamie Sato,Aisha Larsson,Chen Reyes,LOT-9680,Executive Assistant,,,,,,,,,TAG-9020,chen.reyes@demomail.test,,,,Active,100210,,100269,,,,,,,100634,,,Beta,100405,,,Delta,,100467,,morgan.reyes@examplecorp.test,aisha.reyes@sampleco.test,Event Invite,100462,,Alpha,,,,,10,,,101870,,,,N,
100643,Contact,103403,jordan.okafor@acme-fake.test,Priya Reyes,2025-09-27 18:51:00,quinn.silva@sampleco.test,Alex Larsson,2023-08-16 23:03:00,reese.ford@acme-fake.test,Morgan Reyes,2026-02-20 22:26:00,rahul.costa@acme-fake.test,Jamie Reyes,2026-01-05 08:52:00,N,Nina Blake,Drew Cohen,Rahul Larsson,TAG-2584,Bookkeeper,,,,Beta,,,,,SKU-5285,rahul.larsson@acme-fake.test,,,,Inactive,100782,100149,100106,,100123,,,,,,,,Beta,100579,,N,Alpha,100707,100385,,drew.silva@sampleco.test,diego.ford@demomail.test,Event Invite,100576,,Beta,100339,,,,,,,101794,,,,,
100658,Contact,103406,yara.ford@acme-fake.test,Elena Vance,2024-11-12 20:28:00,noah.sloan@sampleco.test,Reese Nguyen,2023-11-13 02:31:00,jamie.okafor@acme-fake.test,Noah Whitfield,2025-11-30 22:56:00,mei.haddad@sampleco.test,Nina Reyes,2023-03-03 22:00:00,N,Riley Haddad,Casey Patel,Skyler Silva,SKU-8725,Operations Associate,,,,,,TAG-5943,,,LOT-7865,skyler.silva@sampleco.test,,,,Inactive,100694,,100407,100704,,,,,,,,100442,Gamma,100284,,,Alpha,,100137,,fatima.blake@sampleco.test,riley.brooks@demomail.test,Re-engagement,100205,Everest Industries Ltd,,100629,,,,,,,101792,,,,N,
100220,Contact,103409,alex.reyes@examplecorp.test,Omar Calder,2023-02-28 08:44:00,mei.mercer@demomail.test,Casey Sloan,2023-01-29 02:03:00,casey.cohen@examplecorp.test,Priya Larsson,2025-09-24 12:54:00,morgan.dorsey@acme-fake.test,Riley Calder,2025-03-02 09:59:00,Y,Skyler Kim,Priya Costa,Marco Kim,,Project Manager,,,,,Gamma,,,,REF-6765,marco.kim@demomail.test,,,,Active,100555,,100100,,100500,,,,,,,,Standard,100438,,,Other,100672,100361,,emerson.sloan@examplecorp.test,morgan.dorsey@examplecorp.test,Quarterly Newsletter,100149,,Beta,100494,,,,,,,,,,,,
100461,Contact,103412,taylor.brooks@acme-fake.test,Drew Larsson,2025-11-07 18:53:00,yara.cohen@sampleco.test,Avery Blake,2026-04-27 21:38:00,yara.dorsey@acme-fake.test,Diego Brooks,2025-05-10 08:41:00,arjun.sloan@acme-fake.test,Arjun Brooks,2022-10-30 14:12:00,Y,Rahul Ford,Rahul Calder,Alex Cohen,REF-8598,Data Analyst,,,,,,,,SKU-5540,SKU-6142,alex.cohen@acme-fake.test,,,,Active,100047,100654,100442,,100410,,,,,,,,Beta,100253,,,Other,,100786,,elena.brooks@demomail.test,casey.ford@acme-fake.test,Renewal Nudge,100457,,Delta,100466,,,,,,,101887,,,,,
100555,Contact,103413,priya.nguyen@acme-fake.test,Omar Cohen,2026-04-21 07:08:00,skyler.ford@acme-fake.test,Elena Garcia,2025-05-10 01:30:00,skyler.blake@acme-fake.test,Nina Sloan,2024-08-14 09:02:00,reese.brooks@examplecorp.test,Skyler Kim,2024-08-25 14:03:00,Y,Liam Kim,Drew Rossi,Jordan Cohen,SKU-6198,Project Manager,,,,Alpha,,,,,SKU-8813,jordan.cohen@examplecorp.test,,,,Active,,100453,100775,,100467,SKU-1606,,,,,,100648,Standard,100112,,,Beta,100361,100787,,casey.okafor@sampleco.test,rahul.reyes@examplecorp.test,Quarterly Newsletter,100665,,,100267,,,,5,,,,,,,Y,
100325,Contact,103414,emerson.mensah@demomail.test,Yara Sloan,2026-04-03 20:01:00,casey.nguyen@examplecorp.test,Marco Garcia,2024-09-18 08:33:00,noah.sato@acme-fake.test,Arjun Kim,2026-07-15 10:33:00,riley.vance@demomail.test,Nina Sloan,2023-12-19 05:38:00,Y,Quinn Silva,Sofia Silva,Liam Rossi,LOT-8282,Customer Success Manager,,,,,,,,LOT-6953,REF-1247,liam.rossi@demomail.test,,,,Active,100260,,100790,,100493,,,,,100599,,100441,Alpha,100009,,,,100478,100661,,mei.patel@acme-fake.test,marco.calder@acme-fake.test,Re-engagement,100535,,Alpha,100578,,,,0,,,101792,Y,,,Y,
100554,Contact,103416,rowan.garcia@demomail.test,Aisha Calder,2024-11-07 01:37:00,riley.garcia@demomail.test,Alex Blake,2022-11-09 00:40:00,drew.silva@sampleco.test,Quinn Haddad,2023-12-03 01:38:00,drew.costa@demomail.test,Elena Dorsey,2025-10-19 16:52:00,Y,Arjun Blake,Noah Okafor,Mei Whitfield,,Executive Assistant,,,,,,,,,TAG-6462,mei.whitfield@demomail.test,,,,Active,100739,100162,100134,100645,,,,,,,,100399,Gamma,100490,,,Other,,100629,,riley.kim@examplecorp.test,skyler.ashby@sampleco.test,Quarterly Newsletter,100086,Lakeside Manufacturing Group,Gamma,,,,,,,,,,,,,
100680,Contact,103417,rahul.garcia@demomail.test,Arjun Silva,2023-08-19 15:49:00,casey.sato@acme-fake.test,Taylor Nguyen,2023-08-06 03:23:00,emerson.nguyen@acme-fake.test,Liam Calder,2026-01-20 13:36:00,jordan.calder@acme-fake.test,Yara Rossi,2024-01-08 08:40:00,Y,Riley Ford,Nina Dorsey,Reese Ford,SKU-4134,Customer Success Manager,,,,Standard,,,,,REF-6936,reese.ford@examplecorp.test,,,,Active,,,100713,100566,100299,,,,,,,100211,Delta,100415,,,,100094,,,fatima.mensah@examplecorp.test,taylor.calder@acme-fake.test,Event Invite,100498,,,100118,,,,,,,101831,,,,Y,
100257,Contact,103419,yara.ford@acme-fake.test,Avery Blake,2022-11-03 10:50:00,priya.nguyen@sampleco.test,Drew Mensah,2024-10-19 06:03:00,aisha.mensah@demomail.test,Quinn Mensah,2026-04-23 21:18:00,jordan.whitfield@examplecorp.test,Reese Dorsey,2025-05-05 17:56:00,Y,Diego Cohen,Marco Mensah,Rowan Whitfield,LOT-1545,HR Generalist,,,,,,,,REF-9794,REF-7182,rowan.whitfield@acme-fake.test,,,,Active,,,100252,100442,100275,,,,,,,,Standard,100525,,,,100640,100199,,emerson.reyes@sampleco.test,noah.sato@sampleco.test,Product Update,100570,Meridian Labs Inc,Beta,,,9,,,,,101849,,,,,
100214,Contact,103422,reese.vance@examplecorp.test,Omar Reyes,2023-05-21 11:31:00,aisha.ashby@acme-fake.test,Casey Nguyen,2026-02-11 16:09:00,avery.nguyen@demomail.test,Skyler Calder,2024-07-07 01:58:00,mei.costa@acme-fake.test,Reese Larsson,2023-08-08 07:24:00,Y,Rowan Ashby,Chen Patel,Liam Rossi,LOT-5652,Financial Analyst,,,,,,,,LOT-7275,SKU-8093,liam.rossi@demomail.test,,,,Active,100071,,100570,,100169,,,,,,,100568,Gamma,100765,,,,100246,,,aisha.silva@acme-fake.test,jordan.mercer@acme-fake.test,Renewal Nudge,100407,Brightpath Ventures LLP,Beta,100119,,,,,,,101846,,,,,
100320,Contact,103425,nina.mensah@demomail.test,Mei Reyes,2024-07-07 15:29:00,fatima.mercer@acme-fake.test,Arjun Cohen,2024-10-13 15:13:00,elena.nguyen@demomail.test,Priya Garcia,2024-04-14 00:38:00,morgan.whitfield@examplecorp.test,Liam Okafor,2023-03-21 01:42:00,Y,Skyler Garcia,Casey Ivanov,Omar Sloan,SKU-1226,Accountant,,,,,Other,,,,REF-4849,omar.sloan@sampleco.test,,,,Active,100490,100768,100758,100735,100770,REF-9878,,,,100750,,100779,Gamma,100295,,Y,,,100309,,jordan.sloan@demomail.test,omar.costa@acme-fake.test,Event Invite,100232,Vertex Capital Inc,Alpha,100441,,,,10,,,,,,,,
100472,Contact,103426,alex.sato@examplecorp.test,Reese Ashby,2023-04-12 07:41:00,avery.ivanov@demomail.test,Marco Whitfield,2023-05-08 00:33:00,skyler.larsson@acme-fake.test,Aisha Reyes,2024-07-05 00:23:00,arjun.garcia@acme-fake.test,Alex Larsson,2025-05-15 04:49:00,Y,Skyler Haddad,Quinn Sato,Drew Sloan,,QA Engineer,,,,,,,,,LOT-1127,drew.sloan@examplecorp.test,,,,Active,100383,100665,100382,,100267,,,,,100732,,100152,Alpha,100137,,,,,,,arjun.ford@sampleco.test,mei.mensah@demomail.test,Renewal Nudge,100448,,Standard,,,,,,,,,,,,,
100382,Contact,103427,reese.ivanov@demomail.test,Reese Mercer,2024-05-26 09:39:00,arjun.sato@demomail.test,Morgan Blake,2023-01-31 05:46:00,priya.sloan@demomail.test,Sofia Garcia,2023-04-15 08:39:00,avery.ashby@examplecorp.test,Noah Mensah,2025-04-05 00:41:00,N,Noah Cohen,Skyler Larsson,Skyler Brooks,TAG-5051,Customer Success Manager,,LOT-7041,,,,,,REF-6968,TAG-4453,skyler.brooks@sampleco.test,,,,Inactive,100348,100608,100673,100500,100765,TAG-7637,,,,100118,,100671,Gamma,100332,,,Gamma,100247,,,avery.sato@examplecorp.test,rahul.mensah@demomail.test,Event Invite,100545,Copper Textiles Ltd,Gamma,,,,,,,,,,,,Y,
100362,Contact,103430,noah.haddad@demomail.test,Chen Mercer,2024-02-10 12:45:00,emerson.sato@sampleco.test,Chen Whitfield,2024-08-25 13:04:00,taylor.okafor@sampleco.test,Morgan Haddad,2024-12-01 03:01:00,casey.sato@examplecorp.test,Elena Reyes,2024-08-02 13:14:00,Y,Casey Rossi,Emerson Mensah,Nina Ford,LOT-2124,Support Specialist,,,,,,,,,LOT-3369,nina.ford@examplecorp.test,,,,Active,100688,100465,100671,100791,100665,,,,,,,100439,Alpha,100762,,,Gamma,,100467,,rowan.sato@sampleco.test,skyler.kim@examplecorp.test,Event Invite,100566,,Beta,100038,,,,,,,101889,Y,,,Y,
100325,Contact,103432,alex.costa@acme-fake.test,Omar Sato,2023-06-25 20:56:00,marco.whitfield@acme-fake.test,Marco Patel,2024-09-23 18:57:00,yara.silva@demomail.test,Marco Rossi,2024-08-05 20:38:00,yara.ivanov@examplecorp.test,Emerson Rossi,2023-10-08 04:17:00,Y,Jordan Mercer,Noah Blake,Marco Kim,REF-1764,Support Specialist,,,,Delta,,,,LOT-4015,TAG-1270,marco.kim@acme-fake.test,,,,Active,100561,100340,100412,100500,100550,,,,,100174,,100058,Gamma,100330,,,Other,100042,100664,,sofia.ashby@sampleco.test,rahul.calder@examplecorp.test,Event Invite,100152,Delta Industries,Standard,100345,,0,,,,,,,,,,
100165,Contact,103434,elena.brooks@examplecorp.test,Drew Silva,2024-03-25 10:11:00,sofia.reyes@acme-fake.test,Quinn Ivanov,2023-05-30 14:48:00,taylor.ivanov@demomail.test,Marco Garcia,2024-07-08 03:03:00,casey.patel@acme-fake.test,Avery Costa,2023-09-10 00:46:00,Y,Omar Costa,Casey Ford,Omar Mercer,LOT-3138,Accountant,,,,,,TAG-2151,,,TAG-1389,omar.mercer@demomail.test,,,,Active,,100201,100696,100007,,,,,,100465,,100073,Delta,100021,,,Gamma,,,,rowan.brooks@sampleco.test,skyler.blake@examplecorp.test,Event Invite,100740,,Gamma,100239,,,,,,,101887,,,,,
100475,Contact,103437,rowan.cohen@examplecorp.test,Nina Whitfield,2023-11-15 17:19:00,skyler.ivanov@acme-fake.test,Sofia Dorsey,2025-12-29 21:41:00,yara.sloan@acme-fake.test,Riley Vance,2025-10-03 20:06:00,drew.larsson@sampleco.test,Noah Blake,2025-07-13 11:40:00,Y,Avery Haddad,Marco Larsson,Taylor Brooks,,Project Manager,,,,,Delta,,,SKU-5388,SKU-3685,taylor.brooks@acme-fake.test,,,,Active,,,100208,,100174,,,,,,,100647,Gamma,100732,,N,Beta,,100211,,riley.whitfield@demomail.test,emerson.garcia@demomail.test,Renewal Nudge,100593,Silverline Health LLC,Alpha,100208,,,,,,,101857,,,,N,Y
100076,Contact,103440,nina.ford@examplecorp.test,Casey Calder,2025-06-17 11:36:00,jordan.dorsey@demomail.test,Mei Rossi,2022-10-13 14:02:00,alex.whitfield@demomail.test,Emerson Patel,2024-08-25 08:56:00,omar.costa@demomail.test,Fatima Sloan,2025-01-13 20:17:00,Y,Priya Reyes,Emerson Mensah,Omar Garcia,TAG-3771,Support Specialist,,,,,,,,,SKU-3838,omar.garcia@examplecorp.test,,,,Active,,,100538,,100303,,,,,,,100033,Standard,100733,,,,100470,,,nina.brooks@sampleco.test,chen.haddad@acme-fake.test,Product Update,100267,Falcon Financial Co,Standard,,,,,,,,,,,,,
100741,Contact,103443,sofia.cohen@examplecorp.test,Jamie Vance,2026-02-12 23:49:00,fatima.mercer@acme-fake.test,Priya Ashby,2022-12-31 20:30:00,elena.silva@acme-fake.test,Liam Larsson,2024-12-22 13:15:00,reese.larsson@acme-fake.test,Marco Kim,2023-05-02 02:39:00,Y,Liam Mensah,Chen Sloan,Mei Silva,TAG-9381,Bookkeeper,,,,,,,,,TAG-8485,mei.silva@sampleco.test,,,,Active,100291,100704,100220,,100484,,,,,100741,,100256,Alpha,100785,,,,100401,,,noah.brooks@sampleco.test,emerson.dorsey@demomail.test,Renewal Nudge,100660,Vertex Media Corp,,,,0,,,,,101883,,,,,
100532,Contact,103446,avery.kim@acme-fake.test,Fatima Ashby,2022-12-28 09:57:00,noah.cohen@examplecorp.test,Avery Rossi,2024-03-29 01:46:00,liam.whitfield@sampleco.test,Avery Reyes,2023-02-14 16:11:00,riley.cohen@demomail.test,Elena Patel,2025-08-29 04:44:00,Y,Avery Calder,Jamie Costa,Yara Haddad,REF-5105,HR Generalist,,,,,,,,LOT-6909,TAG-9152,yara.haddad@demomail.test,,,,Active,,100648,100414,100357,,,,,,,,100487,Gamma,100509,,,,,100550,,nina.ford@acme-fake.test,mei.haddad@sampleco.test,Re-engagement,100590,Meridian Ventures Inc,,100383,,,,,,,101812,,,,,
100359,Contact,103449,jamie.whitfield@examplecorp.test,Taylor Haddad,2023-04-18 15:17:00,taylor.vance@examplecorp.test,Sofia Whitfield,2025-04-24 17:25:00,casey.reyes@demomail.test,Alex Okafor,2024-06-15 05:49:00,yara.ashby@examplecorp.test,Yara Ashby,2025-06-09 22:29:00,Y,Nina Ivanov,Taylor Nguyen,Taylor Haddad,LOT-7592,Operations Associate,,,,,,,,,REF-3334,taylor.haddad@examplecorp.test,,,,Active,100076,100121,100629,,100295,,,,,100269,,,Gamma,100599,,Y,Alpha,,,,jordan.kim@sampleco.test,chen.ivanov@demomail.test,Quarterly Newsletter,100532,,,100490,,,,,,,101851,,,,N,
100493,Contact,103450,liam.ford@demomail.test,Taylor Dorsey,2023-07-28 05:01:00,taylor.okafor@examplecorp.test,Avery Reyes,2023-10-30 15:45:00,avery.sato@examplecorp.test,Emerson Ashby,2025-02-28 19:18:00,riley.kim@sampleco.test,Nina Vance,2024-07-17 04:32:00,Y,Casey Ashby,Fatima Kim,Priya Rossi,REF-7843,Financial Analyst,,,,,,,,,LOT-6959,priya.rossi@demomail.test,,,,Active,,,100595,100632,100471,,,,,100407,,,Standard,100023,,,Alpha,100252,100647,,sofia.ford@sampleco.test,aisha.mensah@acme-fake.test,Re-engagement,100188,Northwind Energy Co,Other,,,,,,,,,,,,N,
100576,Contact,103451,mei.mercer@examplecorp.test,Morgan Calder,2024-12-02 18:42:00,jamie.nguyen@examplecorp.test,Sofia Haddad,2025-01-20 21:42:00,drew.mercer@sampleco.test,Morgan Sato,2025-09-26 23:16:00,sofia.larsson@examplecorp.test,Yara Ford,2025-10-08 12:38:00,Y,Aisha Sloan,Liam Ivanov,Riley Ashby,SKU-7153,Executive Assistant,,,,,,TAG-4905,7437,SKU-7735,SKU-1806,riley.ashby@examplecorp.test,,,,Active,,,100745,100307,100420,,,,,,,100236,Alpha,100686,,,Beta,100071,100217,,marco.okafor@acme-fake.test,chen.whitfield@acme-fake.test,Re-engagement,100648,,,,,,,,,,101821,,,,N,
100065,Contact,103453,sofia.mensah@examplecorp.test,Liam Garcia,2024-09-25 18:33:00,yara.cohen@acme-fake.test,Rowan Costa,2023-08-24 06:12:00,jamie.cohen@examplecorp.test,Jordan Reyes,2022-11-25 09:53:00,emerson.garcia@demomail.test,Rahul Larsson,2024-05-15 04:00:00,N,Sofia Nguyen,Jordan Silva,Quinn Mensah,SKU-1329,Data Analyst,,,,Other,,,,SKU-1343,SKU-5239,quinn.mensah@examplecorp.test,,,,Inactive,100158,,100429,100199,,,,,,,,100414,Other,100721,,,Standard,100021,100786,,mei.reyes@examplecorp.test,morgan.mercer@sampleco.test,Product Update,100434,,,,,,,,,,101821,,,,,
100291,Contact,103454,omar.reyes@acme-fake.test,Taylor Cohen,2023-07-28 21:47:00,fatima.calder@sampleco.test,Rowan Blake,2022-11-05 03:37:00,marco.whitfield@demomail.test,Diego Rossi,2023-10-26 08:01:00,liam.ashby@demomail.test,Quinn Whitfield,2024-02-25 16:39:00,N,Marco Reyes,Yara Ford,Arjun Okafor,REF-4467,Executive Assistant,,,,,,,,,REF-7046,arjun.okafor@examplecorp.test,,,,Inactive,100678,,100718,100311,100214,,,,,,,,Alpha,100210,,,Alpha,100278,100023,,casey.reyes@acme-fake.test,omar.haddad@acme-fake.test,Re-engagement,100210,Pioneer Capital LLC,Standard,,,9,,,,,101817,N,,,N,
100399,Contact,103456,alex.silva@acme-fake.test,Noah Ashby,2023-07-19 18:35:00,morgan.garcia@acme-fake.test,Nina Dorsey,2025-10-18 21:44:00,elena.mensah@sampleco.test,Sofia Sato,2025-07-11 03:31:00,taylor.sloan@demomail.test,Jamie Ashby,2025-07-06 14:14:00,Y,Rahul Costa,Nina Sato,Noah Sato,SKU-8168,Financial Analyst,,,,,,,,,TAG-1466,noah.sato@sampleco.test,,,,Active,100181,100724,100753,100449,100269,SKU-9750,,,,,,100153,Gamma,100247,,,,,100471,,riley.reyes@examplecorp.test,drew.mensah@sampleco.test,Event Invite,100650,,Beta,100561,,,,,,,,,,,N,N
100619,Contact,103457,skyler.garcia@demomail.test,Mei Larsson,2022-11-15 06:15:00,sofia.vance@examplecorp.test,Reese Sato,2025-06-26 02:48:00,riley.garcia@demomail.test,Noah Cohen,2024-02-11 04:59:00,taylor.whitfield@acme-fake.test,Skyler Dorsey,2025-08-07 16:53:00,Y,Jamie Haddad,Noah Ivanov,Mei Garcia,LOT-5421,Data Analyst,,,,,,,,LOT-7834,REF-2583,mei.garcia@acme-fake.test,,,,Active,100330,100472,100314,,100393,,,,,100335,,,Other,100203,,,Delta,100264,100407,,skyler.garcia@examplecorp.test,jordan.whitfield@demomail.test,Event Invite,100726,,Gamma,100410,,,,,,,,,,,Y,
100717,Contact,103460,taylor.silva@acme-fake.test,Taylor Dorsey,2023-07-09 01:15:00,skyler.silva@examplecorp.test,Mei Sloan,2025-06-14 02:51:00,quinn.nguyen@examplecorp.test,Fatima Rossi,2026-03-18 21:34:00,chen.ivanov@sampleco.test,Rowan Mercer,2024-04-16 20:53:00,Y,Yara Ivanov,Liam Sloan,Rahul Ivanov,SKU-5629,Support Specialist,,,,,,,,,LOT-8588,rahul.ivanov@demomail.test,,,,Active,,,100269,100694,,,,,,,,100299,Beta,100432,,Y,Beta,,100322,,aisha.nguyen@sampleco.test,jamie.patel@sampleco.test,Event Invite,100062,Keystone Logistics LLC,Alpha,100386,,,,,,,101889,,,,Y,
100019,Contact,103462,skyler.ashby@sampleco.test,Diego Haddad,2025-12-05 11:34:00,emerson.dorsey@demomail.test,Sofia Calder,2023-04-24 06:38:00,liam.mercer@examplecorp.test,Skyler Patel,2026-07-05 15:46:00,elena.dorsey@sampleco.test,Arjun Mercer,2025-10-03 13:57:00,Y,Marco Ford,Aisha Vance,Liam Vance,SKU-2546,Project Manager,,,,,,,,TAG-2232,TAG-1035,liam.vance@examplecorp.test,,,,Active,100362,100247,100787,100330,,LOT-4720,,,,,,,Beta,100196,,,,100031,100016,,emerson.silva@demomail.test,diego.okafor@sampleco.test,Event Invite,100173,,Alpha,,,,,6,,,,,,,Y,
100278,Contact,103464,mei.rossi@acme-fake.test,Morgan Ashby,2023-07-02 23:15:00,priya.cohen@demomail.test,Quinn Rossi,2024-09-08 21:22:00,emerson.patel@acme-fake.test,Aisha Reyes,2024-02-11 15:01:00,yara.larsson@acme-fake.test,Nina Ivanov,2025-07-30 05:58:00,N,Yara Ashby,Liam Sloan,Taylor Costa,TAG-6909,Data Analyst,,,,,,,7270,,REF-6783,taylor.costa@sampleco.test,,,,Inactive,100665,100638,100507,100345,,TAG-5111,,,,100694,,100385,Delta,100322,,,Beta,,,,chen.whitfield@demomail.test,elena.rossi@examplecorp.test,Product Update,100697,Silverline Health Inc,Beta,,,,,,,,101860,Y,,,,
100314,Contact,103465,sofia.larsson@sampleco.test,Aisha Reyes,2024-07-28 02:34:00,aisha.garcia@sampleco.test,Elena Silva,2025-10-26 11:11:00,omar.rossi@demomail.test,Morgan Whitfield,2025-07-06 22:19:00,quinn.patel@examplecorp.test,Sofia Mensah,2024-05-07 12:43:00,Y,Mei Mercer,Omar Cohen,Marco Calder,LOT-9240,Recruiter,,,,,,,,SKU-5910,REF-4509,marco.calder@acme-fake.test,,,,Active,,,100472,,100155,,,,,,,,Other,100545,,,Standard,100021,100210,,liam.brooks@demomail.test,jamie.sloan@examplecorp.test,Re-engagement,100244,,,100375,,,,,,,101831,Y,,,,
100119,Contact,103468,jamie.nguyen@demomail.test,Rowan Cohen,2024-05-05 14:12:00,reese.reyes@examplecorp.test,Elena Sato,2025-10-28 17:31:00,drew.ivanov@demomail.test,Marco Ivanov,2026-07-12 05:53:00,priya.mensah@acme-fake.test,Rowan Sloan,2023-09-28 04:39:00,Y,Arjun Mensah,Nina Dorsey,Arjun Rossi,REF-8352,Marketing Coordinator,,,,,,,,,TAG-2344,arjun.rossi@acme-fake.test,,,,Active,,,100359,100750,,,,,,100086,,,Beta,100550,,,Alpha,,100012,,quinn.whitfield@examplecorp.test,diego.brooks@examplecorp.test,Quarterly Newsletter,100697,Blue Ridge Group LLC,Gamma,,,,,,,,101853,,,,,
100753,Contact,103470,nina.ashby@demomail.test,Noah Sato,2025-03-23 01:50:00,riley.ford@acme-fake.test,Quinn Ford,2024-10-22 15:21:00,fatima.garcia@demomail.test,Diego Vance,2023-05-28 02:08:00,elena.ashby@examplecorp.test,Aisha Larsson,2024-11-07 22:57:00,N,Priya Cohen,Morgan Calder,Casey Whitfield,REF-7418,Support Specialist,,,,Beta,,,,,LOT-9861,casey.whitfield@demomail.test,,,,Inactive,100683,100472,100585,100340,100627,,,,,100656,,,Other,100307,,,,,100178,,chen.reyes@examplecorp.test,rowan.patel@acme-fake.test,Quarterly Newsletter,100494,,,100172,,,,8,,,,,,,N,
100277,Contact,103472,nina.calder@sampleco.test,Liam Larsson,2022-10-29 19:26:00,omar.calder@acme-fake.test,Noah Silva,2024-08-22 16:08:00,liam.larsson@acme-fake.test,Avery Costa,2025-09-19 05:02:00,marco.kim@sampleco.test,Alex Brooks,2025-02-04 03:30:00,Y,Arjun Cohen,Aisha Whitfield,Chen Dorsey,LOT-5613,Bookkeeper,,,,,,,,,REF-4215,chen.dorsey@sampleco.test,,,,Active,100158,,100569,100420,,,,,,,,,Other,100421,,,Delta,,100696,,aisha.brooks@sampleco.test,priya.larsson@examplecorp.test,Re-engagement,100686,,Other,100291,,,,,,,,,,,N,
100457,Contact,103474,sofia.brooks@demomail.test,Sofia Mensah,2026-07-07 06:06:00,jamie.ford@acme-fake.test,Quinn Garcia,2025-02-02 11:16:00,elena.brooks@demomail.test,Emerson Patel,2023-08-21 22:34:00,liam.sloan@sampleco.test,Yara Sloan,2024-11-28 09:59:00,N,Noah Okafor,Quinn Sloan,Omar Whitfield,REF-6051,Recruiter,,,,,,,,,SKU-6475,omar.whitfield@sampleco.test,,,,Inactive,100191,100201,100339,100047,,,,,,100349,,100380,Delta,100208,,,,,100278,,marco.sloan@demomail.test,emerson.kim@acme-fake.test,Event Invite,100514,Everest Financial LLC,Standard,100359,,,,,,,101861,,,,,
100651,Contact,103477,taylor.ashby@demomail.test,Quinn Whitfield,2026-01-11 16:47:00,sofia.ivanov@acme-fake.test,Jordan Ashby,2024-06-28 12:16:00,liam.sato@sampleco.test,Emerson Blake,2024-09-29 02:33:00,marco.sato@sampleco.test,Casey Calder,2023-06-27 20:19:00,Y,Avery Calder,Omar Ashby,Noah Whitfield,LOT-6901,Recruiter,,,,,Gamma,,,,SKU-1151,noah.whitfield@examplecorp.test,,,,Active,100669,,100336,100061,,,,,,100495,,100569,Delta,100269,,,Other,100320,100208,,casey.vance@examplecorp.test,jamie.nguyen@sampleco.test,Renewal Nudge,100332,,,100076,,8,,,,,101857,,,,,
100726,Contact,103478,arjun.rossi@demomail.test,Taylor Whitfield,2023-07-27 18:07:00,jordan.dorsey@acme-fake.test,Omar Calder,2023-12-05 22:32:00,rahul.vance@examplecorp.test,Quinn Larsson,2022-11-01 02:50:00,marco.calder@acme-fake.test,Jordan Mercer,2024-12-23 03:16:00,Y,Jordan Cohen,Omar Rossi,Rahul Ivanov,SKU-5833,Bookkeeper,,LOT-5459,,,,,,TAG-8684,TAG-6279,rahul.ivanov@acme-fake.test,,,,Active,,100350,100403,,,,,,,,,100277,Other,100042,,,,100404,100003,,emerson.nguyen@acme-fake.test,chen.brooks@acme-fake.test,Renewal Nudge,100726,Granite Labs Group,Other,,,,,2,,,101851,,,,,
100759,Contact,103481,skyler.mensah@demomail.test,Skyler Calder,2023-09-20 00:35:00,taylor.mensah@examplecorp.test,Rowan Okafor,2023-02-13 19:09:00,riley.blake@sampleco.test,Skyler Reyes,2024-05-23 14:44:00,liam.calder@acme-fake.test,Skyler Garcia,2023-06-10 22:24:00,Y,Chen Ashby,Quinn Larsson,Jamie Rossi,TAG-4995,Marketing Coordinator,,,,Standard,,,,,SKU-5277,jamie.rossi@sampleco.test,,,,Active,100688,,100428,100435,,,,,,100724,,100086,Gamma,100335,,,Standard,100730,,,yara.sloan@acme-fake.test,riley.mercer@acme-fake.test,Product Update,100756,Ironwood Industries LLP,Other,,,,,,,,101858,,,,,
100023,Contact,103483,casey.whitfield@demomail.test,Fatima Vance,2025-12-20 06:42:00,diego.haddad@examplecorp.test,Nina Garcia,2026-05-23 02:58:00,morgan.whitfield@demomail.test,Rowan Ivanov,2025-09-11 22:38:00,casey.haddad@examplecorp.test,Noah Blake,2023-11-05 08:13:00,Y,Skyler Nguyen,Nina Blake,Reese Ivanov,REF-3452,Executive Assistant,,,,,,,,TAG-1568,REF-5106,reese.ivanov@examplecorp.test,,,,Active,,100065,100012,100278,100421,,,,,,,,Other,100727,,,Gamma,100003,,,yara.silva@acme-fake.test,sofia.silva@sampleco.test,Renewal Nudge,100269,Everest Systems Group,Gamma,,,,,,,,,,,,Y,
100120,Contact,103485,reese.kim@sampleco.test,Elena Dorsey,2025-10-17 11:57:00,casey.silva@sampleco.test,Yara Mensah,2024-03-11 13:56:00,morgan.calder@sampleco.test,Yara Sato,2023-11-14 05:04:00,aisha.reyes@acme-fake.test,Noah Whitfield,2024-03-04 09:14:00,Y,Priya Sloan,Noah Okafor,Alex Blake,LOT-9773,Bookkeeper,,,,,,,,,LOT-2752,alex.blake@examplecorp.test,,,,Active,100399,100119,100740,100147,,,,,,100203,,100622,Delta,100664,,N,,,,,quinn.ford@demomail.test,priya.sato@examplecorp.test,Product Update,100572,,,100134,,,,,,,101883,,,,N,
100555,Contact,103488,marco.garcia@acme-fake.test,Elena Sloan,2023-08-09 17:23:00,avery.rossi@sampleco.test,Fatima Reyes,2024-07-07 14:22:00,marco.larsson@demomail.test,Jordan Mensah,2024-06-12 05:18:00,priya.nguyen@examplecorp.test,Reese Silva,2025-10-23 09:23:00,Y,Rahul Rossi,Elena Okafor,Arjun Kim,REF-6413,QA Engineer,,,,Other,,,,,LOT-6685,arjun.kim@acme-fake.test,,,,Active,,100694,100647,100003,100073,,,,,100743,,100246,Gamma,100714,,,Gamma,100660,,,marco.brooks@demomail.test,noah.mercer@demomail.test,Quarterly Newsletter,100487,,,100578,,,,,,,101810,,,,,N
100468,Contact,103489,noah.rossi@examplecorp.test,Avery Sato,2023-10-28 15:16:00,avery.larsson@demomail.test,Yara Mercer,2025-11-11 19:45:00,marco.ashby@acme-fake.test,Jordan Ivanov,2025-07-08 21:12:00,avery.ivanov@demomail.test,Yara Reyes,2026-06-01 10:53:00,Y,Aisha Silva,Taylor Brooks,Yara Haddad,TAG-8647,HR Generalist,,,,,,,,SKU-9850,REF-7863,yara.haddad@sampleco.test,,,,Active,,100532,100779,100385,100372,,,,,,,,Other,100481,,N,,,100149,,riley.kim@examplecorp.test,yara.mensah@demomail.test,Product Update,100062,,,100410,,,,,,,101862,,,,Y,
100564,Contact,103492,chen.haddad@acme-fake.test,Skyler Ford,2024-06-15 01:34:00,omar.ford@examplecorp.test,Chen Nguyen,2024-03-20 07:37:00,morgan.reyes@demomail.test,Drew Ivanov,2023-05-15 14:01:00,rowan.mercer@acme-fake.test,Liam Ford,2025-03-19 23:41:00,Y,Skyler Ashby,Sofia Vance,Avery Vance,LOT-3769,Customer Success Manager,,,,,,,,LOT-9391,SKU-6068,avery.vance@acme-fake.test,,,,Active,,,100153,100707,100672,,,,,,,100073,Delta,100672,,,Gamma,,100120,,aisha.rossi@examplecorp.test,jamie.rossi@demomail.test,Event Invite,100236,Vertex Retail Group,Gamma,100414,,,,,,,101800,,,,N,
100009,Contact,103494,jamie.ivanov@examplecorp.test,Jamie Whitfield,2026-02-13 15:13:00,drew.mercer@acme-fake.test,Priya Costa,2026-05-17 04:05:00,aisha.rossi@examplecorp.test,Quinn Haddad,2026-07-14 19:01:00,avery.cohen@demomail.test,Skyler Garcia,2024-03-02 17:41:00,Y,Liam Okafor,Elena Sato,Aisha Haddad,SKU-4101,Marketing Coordinator,,,,,,,,,SKU-8185,aisha.haddad@demomail.test,,,,Active,100525,,100656,100487,100284,,,,,100029,,,Gamma,100733,,,Delta,,100753,,mei.cohen@sampleco.test,casey.costa@examplecorp.test,Re-engagement,100532,,Alpha,100512,,,,,,,,,,,,
100286,Contact,103495,riley.blake@acme-fake.test,Nina Garcia,2025-05-25 16:26:00,riley.sato@examplecorp.test,Elena Mensah,2023-08-24 05:11:00,elena.sloan@sampleco.test,Quinn Patel,2025-09-30 09:43:00,avery.kim@demomail.test,Fatima Patel,2024-08-10 22:10:00,Y,Rowan Blake,Liam Rossi,Emerson Ford,,Accountant,,,,,,,,,REF-3216,emerson.ford@demomail.test,,,,Active,,100604,100572,,,,,,,100214,,,Gamma,100215,,,Alpha,100043,100401,,aisha.rossi@examplecorp.test,avery.vance@sampleco.test,Quarterly Newsletter,100120,Vertex Energy Group,,,,,,,,,,,,,,
100414,Contact,103496,elena.patel@demomail.test,Rahul Cohen,2024-04-23 10:42:00,quinn.haddad@sampleco.test,Morgan Vance,2024-12-03 22:57:00,riley.brooks@acme-fake.test,Avery Mercer,2024-06-25 02:49:00,priya.calder@acme-fake.test,Skyler Ford,2024-06-27 18:56:00,Y,Chen Sloan,Avery Rossi,Sofia Dorsey,SKU-8084,Financial Analyst,,,,,Standard,LOT-3587,,,SKU-6797,sofia.dorsey@sampleco.test,,,,Active,,,100445,,100158,,,,,100271,,100512,Beta,100714,,,,100112,100252,,noah.haddad@sampleco.test,nina.whitfield@acme-fake.test,Quarterly Newsletter,100458,,,,,,,,,,,,,,N,
100743,Contact,103498,elena.brooks@sampleco.test,Avery Sloan,2024-06-25 20:37:00,avery.haddad@acme-fake.test,Noah Cohen,2023-10-19 04:01:00,drew.nguyen@acme-fake.test,Taylor Sato,2026-01-18 14:52:00,casey.mensah@sampleco.test,Mei Brooks,2025-05-08 20:26:00,Y,Elena Blake,Priya Costa,Quinn Sato,REF-8432,Payroll Specialist,,,,,,LOT-9278,,LOT-1712,REF-2370,quinn.sato@sampleco.test,,,,Active,,,100142,100473,100047,,,,,100182,,100462,Delta,100404,,,,,100401,,mei.nguyen@sampleco.test,diego.vance@sampleco.test,Re-engagement,100472,,,,,,,,,,101807,,,,Y,
100737,Contact,103501,priya.vance@acme-fake.test,Rowan Vance,2023-10-05 02:34:00,quinn.ivanov@acme-fake.test,Sofia Garcia,2024-08-01 04:46:00,priya.whitfield@acme-fake.test,Elena Okafor,2023-11-14 13:51:00,riley.calder@examplecorp.test,Drew Okafor,2024-08-06 00:26:00,Y,Chen Whitfield,Yara Ashby,Jamie Costa,SKU-1854,Software Developer,,,,Delta,,,,,LOT-8813,jamie.costa@demomail.test,,,,Active,100309,100753,100535,100538,100028,,,,,100540,,100673,Gamma,100359,,,Alpha,,100062,,jamie.kim@acme-fake.test,casey.silva@sampleco.test,Product Update,100307,Brightpath Analytics Corp,Other,100263,,,,,,,101837,,,,Y,
100217,Contact,103504,sofia.ivanov@demomail.test,Reese Vance,2022-11-28 22:38:00,diego.cohen@acme-fake.test,Skyler Larsson,2025-04-21 00:15:00,elena.calder@acme-fake.test,Chen Garcia,2026-04-13 23:21:00,quinn.calder@sampleco.test,Yara Costa,2026-05-24 01:03:00,Y,Drew Blake,Elena Blake,Diego Kim,LOT-8178,Accountant,,,,,,,,,SKU-2645,diego.kim@sampleco.test,,,,Active,100300,100284,100205,100713,,,,,,100418,,,Other,100142,,,,100263,,,avery.okafor@acme-fake.test,fatima.sato@examplecorp.test,Re-engagement,100330,Summit Logistics LLC,Gamma,100490,,,,,,,,,,,Y,
100362,Contact,103507,sofia.vance@examplecorp.test,Skyler Mercer,2026-03-14 23:38:00,priya.mercer@demomail.test,Jordan Sloan,2024-09-11 19:10:00,yara.kim@acme-fake.test,Taylor Mercer,2025-03-28 04:58:00,sofia.sloan@sampleco.test,Rowan Blake,2023-10-12 20:48:00,N,Avery Mercer,Omar Mercer,Elena Whitfield,REF-5364,Accountant,,,,,,,,,LOT-6428,elena.whitfield@demomail.test,,,,Inactive,100678,100484,100219,100404,100033,,,,,,,100522,Alpha,100106,,,Delta,100182,100475,,mei.silva@demomail.test,aisha.whitfield@demomail.test,Renewal Nudge,100153,Evergreen Financial Group,,100169,,,,,,,101821,,,,,
100643,Contact,103510,skyler.sloan@examplecorp.test,Priya Okafor,2026-07-03 04:01:00,skyler.nguyen@examplecorp.test,Alex Blake,2024-12-27 09:47:00,arjun.cohen@demomail.test,Jordan Ashby,2023-05-07 19:50:00,riley.blake@demomail.test,Riley Haddad,2026-05-13 00:04:00,Y,Noah Sloan,Jordan Mensah,Arjun Sloan,SKU-3502,Executive Assistant,,,,Beta,,LOT-8288,209,,SKU-1995,arjun.sloan@demomail.test,,,,Active,100264,,100031,100532,,,,,,,,100658,Beta,100134,,,Other,,,,rahul.sato@sampleco.test,yara.cohen@examplecorp.test,Re-engagement,100339,,,100077,,,,,,,,,,,,N
100133,Contact,103512,quinn.mercer@acme-fake.test,Casey Larsson,2023-08-06 23:14:00,priya.nguyen@sampleco.test,Aisha Ford,2024-02-05 23:32:00,jordan.mercer@acme-fake.test,Avery Ashby,2024-04-09 17:26:00,priya.nguyen@examplecorp.test,Nina Garcia,2023-04-11 15:29:00,Y,Jamie Ivanov,Sofia Garcia,Quinn Sloan,REF-9067,Recruiter,,,,,,,,,TAG-2889,quinn.sloan@acme-fake.test,,,,Active,100386,100200,100475,,100471,,,,,,,100503,Alpha,100098,,Y,Standard,,,,mei.mercer@sampleco.test,liam.silva@sampleco.test,Renewal Nudge,100587,Beacon Health LLC,Alpha,100012,,,,,,,,,,,,
100380,Contact,103515,avery.whitfield@examplecorp.test,Alex Whitfield,2024-12-25 01:45:00,nina.kim@sampleco.test,Alex Blake,2023-04-10 05:07:00,priya.blake@sampleco.test,Emerson Dorsey,2025-04-24 18:15:00,omar.silva@demomail.test,Drew Cohen,2024-07-12 01:59:00,Y,Emerson Ford,Yara Rossi,Rowan Kim,TAG-3143,Executive Assistant,,,,,,,,LOT-6133,REF-5691,rowan.kim@examplecorp.test,,,,Active,100309,100068,100250,100352,,,,,,100096,,100484,Alpha,100770,,N,,,100089,,diego.silva@demomail.test,mei.dorsey@acme-fake.test,Event Invite,100062,Beacon Energy Co,Gamma,100446,,,,,,,101881,,,,N,
100745,Contact,103516,aisha.blake@acme-fake.test,Sofia Garcia,2024-01-11 12:45:00,elena.nguyen@examplecorp.test,Drew Sloan,2026-04-28 19:04:00,elena.silva@sampleco.test,Omar Garcia,2025-08-03 13:29:00,rowan.ford@demomail.test,Rowan Brooks,2023-08-11 11:58:00,N,Jordan Vance,Alex Dorsey,Omar Sato,TAG-4452,Software Developer,,,,,,,,,SKU-7446,omar.sato@sampleco.test,,,,Inactive,100647,,100292,,100267,,,,,100284,,,Alpha,100343,,,Alpha,100627,100392,,drew.okafor@examplecorp.test,mei.vance@examplecorp.test,Renewal Nudge,100565,Copper Retail Inc,,,,7,,,,,101873,,,,N,
100470,Contact,103519,rowan.mercer@examplecorp.test,Noah Vance,2025-09-15 07:02:00,yara.costa@demomail.test,Priya Okafor,2023-05-11 16:43:00,quinn.okafor@examplecorp.test,Taylor Calder,2023-06-15 16:40:00,emerson.dorsey@sampleco.test,Quinn Ivanov,2026-01-08 21:04:00,Y,Fatima Brooks,Nina Kim,Morgan Mensah,SKU-5156,Support Specialist,,,,,,,,,LOT-2842,morgan.mensah@acme-fake.test,,,,Active,100035,,100147,,,,,,,100322,,100582,Standard,100147,,,,100476,100579,,alex.cohen@demomail.test,skyler.larsson@examplecorp.test,Renewal Nudge,100660,Northwind Capital Co,,100554,,,,,,,101800,,,,N,N
100023,Contact,103520,aisha.dorsey@demomail.test,Arjun Nguyen,2026-06-26 22:59:00,arjun.costa@demomail.test,Sofia Sloan,2025-12-16 17:25:00,chen.kim@acme-fake.test,Casey Brooks,2022-11-17 00:28:00,reese.patel@examplecorp.test,Aisha Kim,2023-11-28 21:22:00,Y,Noah Mercer,Sofia Larsson,Quinn Vance,,Payroll Specialist,,,,,,,,TAG-9496,TAG-4551,quinn.vance@acme-fake.test,,,,Active,,100737,100484,100362,100118,,,,,100188,,100250,Delta,100201,,,,100361,,,casey.cohen@sampleco.test,marco.rossi@demomail.test,Event Invite,100188,,Alpha,100453,,,,,,,,,,,,Y
100500,Contact,103521,fatima.mercer@demomail.test,Elena Sato,2024-09-24 05:39:00,morgan.haddad@examplecorp.test,Taylor Nguyen,2025-10-30 19:39:00,priya.blake@demomail.test,Emerson Dorsey,2024-08-31 10:00:00,skyler.mercer@sampleco.test,Skyler Costa,2024-04-04 17:09:00,Y,Morgan Ford,Liam Whitfield,Casey Vance,TAG-7778,HR Generalist,,,,,,REF-6277,,,TAG-2067,casey.vance@examplecorp.test,,,,Active,100291,100211,100387,100103,100449,,,,,100410,,100608,Delta,100392,,,,100173,100330,,fatima.vance@demomail.test,taylor.cohen@sampleco.test,Product Update,100350,,Alpha,100288,,,,,,,101865,,,,,
100445,Contact,103522,chen.ford@examplecorp.test,Rahul Nguyen,2022-10-08 23:29:00,emerson.ford@examplecorp.test,Emerson Calder,2023-05-03 06:15:00,avery.costa@demomail.test,Reese Haddad,2024-05-26 15:35:00,riley.silva@demomail.test,Casey Costa,2025-08-31 10:17:00,Y,Avery Ford,Arjun Rossi,Sofia Vance,,Customer Success Manager,,,,,,,,,LOT-3551,sofia.vance@sampleco.test,,,,Active,,100275,100217,,,,,,,,,,Alpha,100047,,Y,Other,100071,100117,,marco.nguyen@demomail.test,yara.rossi@acme-fake.test,Quarterly Newsletter,100067,Meridian Logistics Co,Delta,100665,,2,,,,,,,,,Y,
100149,Contact,103525,mei.rossi@examplecorp.test,Chen Brooks,2022-11-04 10:36:00,drew.vance@demomail.test,Sofia Calder,2026-03-19 04:51:00,chen.mensah@acme-fake.test,Rahul Ford,2026-06-09 01:55:00,avery.cohen@examplecorp.test,Emerson Ivanov,2023-01-20 23:47:00,Y,Fatima Silva,Liam Mercer,Mei Ashby,REF-5030,Data Analyst,,,,Beta,,,,,LOT-5200,mei.ashby@sampleco.test,,,,Active,100569,,100098,100077,100014,,,,,,,100735,Alpha,100026,,,,100569,100475,,sofia.haddad@demomail.test,jamie.dorsey@examplecorp.test,Re-engagement,100271,Northwind Financial Inc,Alpha,100380,,,,,,,,,,,,
100449,Contact,103526,arjun.nguyen@demomail.test,Omar Ivanov,2024-07-08 00:10:00,nina.kim@examplecorp.test,Aisha Sloan,2024-09-07 06:56:00,nina.ivanov@sampleco.test,Alex Whitfield,2023-01-07 18:18:00,yara.patel@examplecorp.test,Riley Silva,2025-04-13 01:58:00,Y,Reese Sato,Noah Mensah,Reese Ashby,SKU-1188,Executive Assistant,,,,,,,,,REF-5943,reese.ashby@demomail.test,,,,Active,100629,100535,100436,,100210,,,,,100183,,100112,Standard,100578,,,,100315,100319,,skyler.patel@acme-fake.test,sofia.kim@sampleco.test,Re-engagement,100512,Everest Foods Co,Standard,100425,,,,,,,,,,,Y,
100281,Contact,103527,emerson.kim@examplecorp.test,Drew Larsson,2023-08-22 18:56:00,omar.ivanov@examplecorp.test,Reese Garcia,2024-05-03 14:55:00,aisha.patel@examplecorp.test,Chen Haddad,2023-09-17 14:21:00,mei.kim@examplecorp.test,Diego Vance,2025-01-21 00:21:00,N,Omar Kim,Jordan Vance,Emerson Calder,SKU-6280,Operations Associate,,,,,,,,,TAG-8461,emerson.calder@demomail.test,,,,Inactive,100185,100335,100357,100139,100590,,,,,,,100158,Standard,100077,,,,,100291,,liam.vance@demomail.test,yara.patel@demomail.test,Quarterly Newsletter,100399,Copper Capital Group,Delta,100012,,,,,,,101871,,,,,
100680,Contact,103528,sofia.okafor@demomail.test,Priya Silva,2023-03-25 09:26:00,arjun.sato@acme-fake.test,Rowan Cohen,2025-08-29 14:32:00,alex.mercer@sampleco.test,Quinn Mercer,2025-05-17 13:38:00,sofia.reyes@demomail.test,Rowan Mensah,2026-05-02 05:37:00,Y,Chen Dorsey,Avery Sato,Rahul Cohen,LOT-9615,Payroll Specialist,,,,,,,,,LOT-1366,rahul.cohen@acme-fake.test,,,,Active,,100688,100315,100432,100765,,,,,,,,Alpha,100694,,,Beta,,100564,,rahul.blake@acme-fake.test,jamie.mensah@acme-fake.test,Event Invite,100435,,Alpha,100551,,,,,,,,,,,,
100378,Contact,103530,marco.haddad@acme-fake.test,Rowan Mercer,2025-12-01 06:08:00,noah.haddad@demomail.test,Elena Patel,2023-01-21 09:33:00,casey.ford@demomail.test,Jordan Reyes,2024-07-24 13:09:00,nina.brooks@examplecorp.test,Rowan Vance,2023-10-31 14:04:00,Y,Riley Ford,Reese Sloan,Taylor Kim,TAG-8534,Operations Associate,,,,,,,,TAG-1832,LOT-2798,taylor.kim@examplecorp.test,,,,Active,100445,100029,100448,100359,,,,,,,,100005,Gamma,100173,,,Standard,,,,yara.sloan@acme-fake.test,yara.silva@demomail.test,Re-engagement,100405,Copper Partners Inc,,100392,,,,,,,,,,,Y,
100232,Contact,103533,mei.rossi@examplecorp.test,Marco Ashby,2024-12-08 17:34:00,priya.vance@acme-fake.test,Jamie Garcia,2025-02-01 04:25:00,taylor.okafor@sampleco.test,Drew Nguyen,2024-03-30 09:49:00,quinn.vance@acme-fake.test,Noah Brooks,2026-07-24 19:25:00,Y,Casey Cohen,Sofia Nguyen,Chen Kim,TAG-3922,HR Generalist,,,,,Beta,,,,TAG-3378,chen.kim@sampleco.test,,,,Active,100595,100231,100033,100383,100062,LOT-1928,,,,100476,,,Gamma,100067,,,,100496,100494,,aisha.calder@sampleco.test,aisha.sloan@acme-fake.test,Re-engagement,100275,Vertex Manufacturing Corp,,,,,,6,,,,,,,Y,Y
100106,Contact,103535,avery.ashby@sampleco.test,Avery Dorsey,2025-03-21 15:11:00,priya.nguyen@demomail.test,Chen Garcia,2024-01-04 06:12:00,jordan.ford@demomail.test,Emerson Mensah,2023-05-04 06:31:00,omar.whitfield@demomail.test,Chen Kim,2023-11-04 16:28:00,Y,Skyler Ford,Taylor Whitfield,Sofia Blake,TAG-5122,Payroll Specialist,,,,,,,,,REF-9586,sofia.blake@acme-fake.test,,,,Active,100639,,100596,,100026,,,,,100470,,100076,Standard,100713,,N,Other,100700,100303,,rowan.nguyen@sampleco.test,noah.cohen@acme-fake.test,Product Update,100162,Brightpath Foods Ltd,Other,,,,,,,,101849,,,,,
100392,Contact,103536,casey.calder@examplecorp.test,Riley Ashby,2024-11-10 16:38:00,morgan.blake@sampleco.test,Emerson Ivanov,2025-02-07 22:47:00,avery.rossi@examplecorp.test,Drew Costa,2025-05-07 22:41:00,yara.brooks@acme-fake.test,Rahul Cohen,2025-08-30 22:46:00,N,Nina Ashby,Casey Ashby,Mei Blake,,Support Specialist,,,,,Other,,,,SKU-3147,mei.blake@demomail.test,,,,Inactive,100713,,100561,,,,,,,100199,,,Delta,100380,,,Standard,,100142,,quinn.ivanov@acme-fake.test,drew.dorsey@sampleco.test,Product Update,100012,,,,,,,,,,101807,,,,N,
100226,Contact,103539,morgan.brooks@demomail.test,Reese Reyes,2022-11-16 00:32:00,arjun.kim@demomail.test,Sofia Sato,2024-08-23 02:26:00,marco.silva@sampleco.test,Avery Ashby,2023-06-05 12:51:00,elena.larsson@examplecorp.test,Reese Sato,2026-02-03 07:30:00,N,Aisha Mercer,Jamie Larsson,Rahul Haddad,SKU-7159,HR Generalist,,,,,,,,,TAG-1840,rahul.haddad@examplecorp.test,,,,Inactive,,100699,100031,,,,,,,,,100196,Delta,100436,,,Beta,,100751,,quinn.mercer@demomail.test,rahul.vance@acme-fake.test,Product Update,100442,,Delta,100453,,,,,,,,,,,Y,
100714,Contact,103541,liam.calder@demomail.test,Emerson Haddad,2026-06-28 23:37:00,emerson.sato@sampleco.test,Mei Haddad,2026-06-01 08:19:00,riley.haddad@demomail.test,Riley Silva,2024-12-28 14:57:00,morgan.sato@sampleco.test,Avery Rossi,2024-11-12 12:36:00,N,Skyler Haddad,Chen Whitfield,Rowan Rossi,SKU-2836,Software Developer,,,,,,,,LOT-5845,SKU-4870,rowan.rossi@acme-fake.test,,,,Inactive,,100700,100514,,,,,,,,,,Gamma,100717,,,Other,,,,sofia.kim@acme-fake.test,morgan.whitfield@sampleco.test,Quarterly Newsletter,100669,Summit Labs Inc,Standard,100667,,,,5,,,,,,,Y,
100055,Contact,103543,avery.cohen@demomail.test,Reese Kim,2022-12-13 06:58:00,riley.dorsey@acme-fake.test,Chen Kim,2025-10-03 09:34:00,sofia.cohen@sampleco.test,Jamie Ivanov,2024-05-24 05:53:00,diego.whitfield@acme-fake.test,Marco Rossi,2023-03-06 05:20:00,Y,Rowan Brooks,Jordan Costa,Taylor Sloan,SKU-5186,QA Engineer,,,,,,,,,TAG-4047,taylor.sloan@acme-fake.test,,,,Active,100303,,100204,100188,,SKU-1757,,,,,,,Delta,100168,,,,,100319,,rahul.whitfield@acme-fake.test,diego.costa@demomail.test,Re-engagement,100305,,Standard,,,,,,,,101815,Y,,,Y,
100382,Contact,103544,alex.ivanov@sampleco.test,Reese Mensah,2023-01-05 09:38:00,emerson.sloan@examplecorp.test,Diego Whitfield,2024-08-11 08:32:00,chen.blake@examplecorp.test,Arjun Reyes,2024-04-09 04:43:00,rowan.nguyen@sampleco.test,Fatima Ford,2023-11-09 11:02:00,Y,Reese Reyes,Elena Calder,Jamie Sato,TAG-6043,Data Analyst,,,,,,,,TAG-9798,TAG-5706,jamie.sato@demomail.test,,,,Active,,,100203,100092,100305,,,,,100086,,100599,Other,100582,,Y,Standard,100065,100462,,jamie.ashby@demomail.test,chen.silva@examplecorp.test,Re-engagement,100509,Cardinal Systems LLC,Other,100031,,,,,,,101853,,,,Y,
100083,Contact,103546,liam.brooks@demomail.test,Sofia Vance,2025-09-07 11:18:00,arjun.mercer@sampleco.test,Jamie Silva,2023-11-14 17:18:00,omar.dorsey@acme-fake.test,Diego Patel,2025-06-27 22:46:00,riley.okafor@acme-fake.test,Casey Ivanov,2026-06-30 20:28:00,Y,Fatima Haddad,Sofia Okafor,Drew Sloan,SKU-8724,Payroll Specialist,,,,,,,,LOT-6294,TAG-2492,drew.sloan@demomail.test,,,,Active,100106,100086,100775,100694,100689,,,,,100470,,100188,Gamma,100727,,,Delta,,100226,,jordan.reyes@acme-fake.test,rowan.sato@sampleco.test,Event Invite,100123,Cardinal Foods Group,Other,100448,,3,,3,,,,,,,,N
100383,Contact,103549,jordan.mensah@examplecorp.test,Rowan Kim,2023-11-12 01:50:00,noah.dorsey@examplecorp.test,Avery Rossi,2026-05-21 11:49:00,rowan.sato@examplecorp.test,Mei Patel,2023-10-09 22:41:00,diego.silva@examplecorp.test,Alex Larsson,2022-10-17 14:28:00,Y,Emerson Sloan,Rahul Nguyen,Yara Patel,LOT-7340,QA Engineer,,,,,,,,,LOT-8919,yara.patel@demomail.test,,,,Active,100350,100762,100083,,,,,,,100165,,100217,Delta,100275,,N,,100639,100320,,omar.haddad@demomail.test,jordan.haddad@demomail.test,Renewal Nudge,100540,,Beta,100054,,,,,,,101853,,,,,
100507,Contact,103551,fatima.whitfield@sampleco.test,Elena Costa,2026-03-22 15:39:00,drew.brooks@sampleco.test,Drew Nguyen,2023-01-16 09:51:00,riley.costa@acme-fake.test,Arjun Blake,2023-09-11 06:29:00,nina.rossi@sampleco.test,Diego Ford,2026-07-17 06:55:00,N,Liam Whitfield,Skyler Brooks,Aisha Blake,SKU-3693,HR Generalist,,REF-3319,,,,,,,REF-5555,aisha.blake@acme-fake.test,,,,Inactive,100292,,100157,,100702,,,,,,,100721,Other,100161,,,,,,,priya.sloan@demomail.test,riley.whitfield@sampleco.test,Quarterly Newsletter,100574,Ironwood Textiles Group,Delta,100707,,,,,,,,,,,,
100457,Contact,103553,priya.haddad@acme-fake.test,Morgan Haddad,2025-03-13 15:33:00,reese.calder@demomail.test,Jordan Costa,2022-11-20 23:12:00,jordan.okafor@acme-fake.test,Aisha Reyes,2026-05-02 13:43:00,reese.costa@sampleco.test,Jamie Vance,2023-10-19 22:49:00,N,Riley Patel,Nina Ivanov,Sofia Vance,SKU-8471,Marketing Coordinator,,,Delta,,,,,SKU-4713,LOT-6631,sofia.vance@acme-fake.test,,,,Inactive,,100204,100389,,100688,,,,,100732,,,Standard,100232,,,Alpha,100325,100481,,omar.patel@examplecorp.test,reese.blake@demomail.test,Event Invite,100525,,Beta,100672,,,,,,,,,,,N,
100465,Contact,103554,aisha.dorsey@examplecorp.test,Aisha Ivanov,2023-04-24 18:00:00,jordan.calder@acme-fake.test,Jamie Blake,2023-05-10 18:31:00,riley.vance@acme-fake.test,Rahul Ashby,2023-11-17 08:40:00,noah.reyes@acme-fake.test,Noah Okafor,2024-11-15 22:42:00,Y,Marco Ivanov,Avery Patel,Casey Whitfield,TAG-9165,Bookkeeper,,LOT-9559,,,,,,,REF-8961,casey.whitfield@examplecorp.test,,,,Active,,,100470,,100139,,,,,,,,Other,100504,,,,,,,aisha.brooks@acme-fake.test,quinn.ford@sampleco.test,Event Invite,100271,Silverline Retail Group,Gamma,100256,,,,,,,101792,,,,N,
100387,Contact,103557,alex.sloan@demomail.test,Nina Ford,2023-07-28 22:00:00,noah.mensah@sampleco.test,Casey Costa,2024-06-21 05:18:00,jordan.vance@sampleco.test,Rowan Costa,2022-10-02 08:30:00,omar.reyes@demomail.test,Rahul Sato,2023-10-05 23:01:00,Y,Yara Ford,Fatima Kim,Nina Ashby,LOT-2853,Data Analyst,,,,,,,,,SKU-2840,nina.ashby@sampleco.test,,,,Active,100661,100737,100550,,100300,SKU-4540,,,,,,,Delta,100291,,,Gamma,,,,liam.costa@acme-fake.test,marco.calder@acme-fake.test,Re-engagement,100680,Summit Industries,,100193,,,,,,,,,,,,
100555,Contact,103558,quinn.cohen@acme-fake.test,Avery Blake,2023-08-25 23:36:00,noah.brooks@examplecorp.test,Liam Larsson,2024-02-11 19:25:00,nina.whitfield@acme-fake.test,Aisha Ashby,2026-02-22 11:26:00,aisha.okafor@sampleco.test,Casey Whitfield,2026-06-17 23:45:00,N,Fatima Reyes,Nina Whitfield,Marco Sloan,TAG-7326,Bookkeeper,,,,,,,,REF-9113,TAG-3621,marco.sloan@acme-fake.test,,,,Inactive,100028,,100096,,100382,,,,,100775,,100727,Beta,100378,,,,,100465,,casey.brooks@sampleco.test,sofia.blake@examplecorp.test,Quarterly Newsletter,100058,,Gamma,100054,,,,,,,101834,Y,,,Y,
100700,Contact,103559,alex.mensah@demomail.test,Sofia Costa,2026-05-08 10:30:00,avery.ashby@sampleco.test,Noah Nguyen,2024-04-05 03:09:00,morgan.brooks@acme-fake.test,Priya Haddad,2025-12-01 03:44:00,alex.haddad@examplecorp.test,Sofia Kim,2024-02-20 17:53:00,Y,Arjun Sato,Diego Okafor,Casey Ashby,,Software Developer,,,,Beta,,,,TAG-3134,SKU-1258,casey.ashby@sampleco.test,,,,Active,100448,100476,100291,100667,100399,,,,,100439,,,Beta,100404,,,Other,100139,,,avery.cohen@examplecorp.test,yara.nguyen@acme-fake.test,Quarterly Newsletter,100009,,,100579,,,,,,,,,,,,
100369,Contact,103560,skyler.dorsey@examplecorp.test,Riley Sloan,2025-07-02 02:11:00,rowan.garcia@examplecorp.test,Mei Calder,2026-02-02 17:13:00,chen.sloan@acme-fake.test,Priya Whitfield,2023-07-31 13:35:00,alex.reyes@acme-fake.test,Avery Whitfield,2024-06-22 07:47:00,N,Jordan Kim,Omar Kim,Taylor Ford,LOT-7289,Accountant,,,,,,,,,LOT-5407,taylor.ford@sampleco.test,,,,Inactive,100178,,100042,100412,,,,,,100782,,,Standard,100267,,,Delta,,100509,,sofia.kim@sampleco.test,reese.reyes@sampleco.test,Event Invite,100092,Cobalt Networks Co,Other,100385,,,,,,,,,,,Y,
100439,Contact,103563,skyler.ashby@demomail.test,Casey Ashby,2025-08-28 23:27:00,chen.calder@examplecorp.test,Emerson Garcia,2023-04-09 14:12:00,riley.brooks@examplecorp.test,Fatima Calder,2025-06-10 19:33:00,aisha.mercer@acme-fake.test,Rowan Nguyen,2023-03-29 11:29:00,Y,Chen Nguyen,Drew Dorsey,Omar Ford,LOT-2490,Software Developer,,,,,,,,LOT-3447,LOT-4517,omar.ford@demomail.test,,,,Active,100372,,100311,100147,100624,TAG-5852,,,,100246,,,Other,100471,,,,,,,fatima.ivanov@sampleco.test,nina.dorsey@demomail.test,Product Update,100664,Cardinal Ventures Ltd,Delta,100724,,,,,,,101795,,,,,
100009,Contact,103566,yara.rossi@demomail.test,Mei Blake,2022-11-07 06:13:00,rowan.ford@examplecorp.test,Riley Nguyen,2024-08-31 16:22:00,reese.mercer@demomail.test,Skyler Calder,2022-11-16 19:52:00,noah.dorsey@examplecorp.test,Emerson Patel,2025-03-24 01:33:00,Y,Mei Haddad,Fatima Garcia,Mei Nguyen,TAG-6050,QA Engineer,,,,,,LOT-7162,,,SKU-1130,mei.nguyen@demomail.test,,,,Active,,,100608,,,TAG-9528,,,,100300,,100678,Delta,100033,,,Delta,100366,,,drew.mensah@acme-fake.test,taylor.blake@acme-fake.test,Re-engagement,100062,,,,,,,,,,101792,,,,Y,
100779,Contact,103567,elena.ivanov@acme-fake.test,Rowan Brooks,2024-02-20 23:58:00,marco.reyes@sampleco.test,Elena Silva,2024-01-29 03:19:00,reese.sato@demomail.test,Mei Brooks,2023-12-12 13:33:00,skyler.nguyen@acme-fake.test,Aisha Mensah,2025-11-20 06:19:00,Y,Drew Dorsey,Yara Vance,Fatima Larsson,REF-5761,Accountant,,,,,,,,,TAG-5928,fatima.larsson@sampleco.test,,,,Active,100704,,100407,100495,,,,,,,,100478,Alpha,100590,,Y,,100086,100532,,yara.sloan@sampleco.test,omar.patel@demomail.test,Product Update,100253,,Gamma,100622,,,,,,,101831,,,,,
100050,Contact,103570,fatima.garcia@examplecorp.test,Jordan Rossi,2022-11-09 09:04:00,skyler.rossi@demomail.test,Priya Cohen,2024-03-16 10:09:00,omar.haddad@acme-fake.test,Sofia Blake,2023-03-02 03:02:00,avery.haddad@examplecorp.test,Morgan Brooks,2023-07-06 05:11:00,N,Chen Ford,Avery Kim,Marco Ford,SKU-6525,Executive Assistant,,,,,,,,LOT-9422,LOT-2512,marco.ford@examplecorp.test,,,,Inactive,100349,100398,100624,,100759,,,,,100472,,,Alpha,100092,,,Beta,100246,100469,,rowan.nguyen@sampleco.test,arjun.blake@demomail.test,Product Update,100658,Beacon Ventures Ltd,Delta,100281,,,,,,,,,,,N,
100226,Contact,103573,yara.ivanov@sampleco.test,Rowan Larsson,2024-12-19 05:25:00,jamie.cohen@acme-fake.test,Quinn Mercer,2025-08-28 02:27:00,yara.dorsey@demomail.test,Liam Ivanov,2022-11-03 20:33:00,quinn.blake@acme-fake.test,Jordan Vance,2023-01-22 10:15:00,Y,Jamie Kim,Priya Cohen,Rowan Vance,SKU-4836,Operations Associate,,,,,,,,,REF-7578,rowan.vance@acme-fake.test,,,,Active,,100768,100320,100487,100762,,,,,,,100314,Beta,100453,,,,100678,,,reese.blake@sampleco.test,arjun.silva@examplecorp.test,Quarterly Newsletter,100465,,Delta,100438,,,,,,,101827,,,,N,
100117,Contact,103575,sofia.sloan@demomail.test,Fatima Cohen,2024-08-20 12:28:00,alex.ashby@examplecorp.test,Omar Ivanov,2023-06-20 02:08:00,marco.garcia@examplecorp.test,Jamie Blake,2025-11-26 10:35:00,nina.mensah@demomail.test,Arjun Mercer,2025-06-28 14:17:00,Y,Nina Mensah,Chen Okafor,Chen Brooks,SKU-5724,QA Engineer,,,,Beta,,,,,REF-2445,chen.brooks@acme-fake.test,,,,Active,100403,,100106,100071,,,,,,,,,Alpha,100634,,,Beta,100572,100733,,fatima.brooks@demomail.test,priya.ford@sampleco.test,Renewal Nudge,100700,,,100661,,,,,,,101827,Y,,,N,Y
100042,Contact,103576,jordan.patel@acme-fake.test,Chen Whitfield,2023-12-16 14:53:00,aisha.calder@examplecorp.test,Rowan Ford,2024-03-14 05:08:00,rowan.garcia@acme-fake.test,Reese Mensah,2025-10-26 14:21:00,taylor.blake@sampleco.test,Rowan Sloan,2023-12-02 12:41:00,Y,Reese Ivanov,Omar Blake,Quinn Vance,SKU-9459,Operations Associate,,,,Beta,,,,REF-7860,LOT-1606,quinn.vance@acme-fake.test,,,,Active,100058,,100648,100635,,LOT-9488,,,,100775,,100203,Standard,100125,,,Alpha,,,,yara.sloan@examplecorp.test,fatima.ashby@sampleco.test,Re-engagement,100613,,,100205,,,,,,,,,,,Y,
100185,Contact,103578,liam.garcia@acme-fake.test,Omar Whitfield,2025-01-28 06:14:00,avery.rossi@demomail.test,Reese Garcia,2025-01-22 03:29:00,quinn.costa@examplecorp.test,Yara Brooks,2023-11-15 18:44:00,chen.rossi@examplecorp.test,Jordan Kim,2023-06-16 02:04:00,N,Omar Vance,Nina Ivanov,Rahul Vance,REF-2584,HR Generalist,,,,Other,,,,,TAG-6049,rahul.vance@examplecorp.test,,,,Inactive,100791,100726,100335,100652,,,,,,,,,Delta,100414,,,Beta,100277,100174,,quinn.sloan@demomail.test,rowan.okafor@examplecorp.test,Product Update,100067,,Standard,,,,,,,,101836,,,,,
100500,Contact,103580,yara.ivanov@examplecorp.test,Avery Costa,2025-05-26 07:27:00,diego.larsson@acme-fake.test,Alex Reyes,2025-12-12 07:51:00,liam.calder@examplecorp.test,Liam Sloan,2026-06-04 04:09:00,mei.kim@demomail.test,Elena Whitfield,2024-03-05 10:24:00,Y,Morgan Haddad,Arjun Larsson,Casey Sato,REF-8897,Software Developer,,,,,,,,,TAG-2666,casey.sato@sampleco.test,,,,Active,100730,100053,100191,100082,,,,,,100217,,100386,Other,100694,,,,,100014,,morgan.rossi@examplecorp.test,taylor.whitfield@sampleco.test,Re-engagement,100073,Horizon Foods Inc,,,,,,,,,101822,,,,Y,
100441,Contact,103581,emerson.ford@demomail.test,Skyler Larsson,2025-05-05 16:26:00,emerson.mensah@demomail.test,Fatima Sloan,2022-12-29 14:02:00,mei.whitfield@demomail.test,Riley Kim,2025-10-01 17:59:00,taylor.ivanov@examplecorp.test,Nina Vance,2026-03-03 16:37:00,N,Omar Whitfield,Omar Calder,Jamie Sloan,TAG-7412,Software Developer,,,,,,,,LOT-3063,SKU-6643,jamie.sloan@sampleco.test,,,,Inactive,,100016,100021,,100730,,,,,100743,,,Gamma,100548,,,,100208,,,rahul.vance@examplecorp.test,rahul.ashby@examplecorp.test,Product Update,100335,,,,,,,,,,,Y,,,N,
100451,Contact,103582,yara.okafor@demomail.test,Nina Nguyen,2025-11-08 04:55:00,rahul.blake@examplecorp.test,Marco Whitfield,2025-10-09 06:09:00,jamie.sato@examplecorp.test,Emerson Haddad,2026-01-03 09:35:00,reese.ivanov@demomail.test,Chen Rossi,2024-10-12 11:11:00,Y,Reese Rossi,Skyler Sloan,Riley Whitfield,SKU-3945,Accountant,,,,,Other,LOT-5311,,,SKU-1600,riley.whitfield@examplecorp.test,,,,Active,100357,,100608,100658,100564,,,,,100476,,100540,Alpha,100469,,,Delta,100678,100622,,diego.whitfield@examplecorp.test,diego.ashby@sampleco.test,Product Update,100478,Lakeside Health Co,Standard,,,,,,,,101854,,,,,
100737,Contact,103584,avery.ashby@examplecorp.test,Alex Vance,2024-06-27 02:37:00,liam.patel@sampleco.test,Alex Whitfield,2024-12-12 09:15:00,priya.okafor@demomail.test,Skyler Ashby,2023-04-09 10:20:00,morgan.ashby@examplecorp.test,Yara Garcia,2025-08-05 12:21:00,Y,Jamie Vance,Omar Dorsey,Noah Silva,SKU-9430,Project Manager,,,,,,,,LOT-7557,SKU-9338,noah.silva@demomail.test,,,,Active,100710,100014,100079,,100494,,,,,100204,,,Standard,100319,,,Delta,,,,skyler.calder@sampleco.test,reese.larsson@examplecorp.test,Event Invite,100683,Blue Ridge Networks Ltd,Beta,100236,,,,,,,101861,,,,Y,N
100407,Contact,103585,yara.rossi@demomail.test,Marco Ford,2024-09-30 19:57:00,avery.garcia@examplecorp.test,Jamie Larsson,2024-04-15 23:03:00,jamie.whitfield@examplecorp.test,Drew Rossi,2023-10-17 04:40:00,liam.whitfield@demomail.test,Avery Ivanov,2024-07-21 07:13:00,N,Fatima Haddad,Casey Ford,Rowan Rossi,LOT-4703,Support Specialist,,,,,,,,,LOT-7052,rowan.rossi@sampleco.test,,,,Inactive,,,100389,100697,100721,,,,,100174,,100076,Beta,100123,,,Alpha,100782,100343,,noah.silva@demomail.test,nina.kim@acme-fake.test,Product Update,100140,,,,,,,0,,,101819,,,,,
100299,Contact,103586,casey.cohen@acme-fake.test,Marco Rossi,2023-04-20 08:12:00,jamie.dorsey@sampleco.test,Drew Okafor,2026-02-05 12:50:00,nina.rossi@examplecorp.test,Taylor Ivanov,2026-05-01 07:46:00,marco.brooks@sampleco.test,Fatima Ashby,2022-12-08 04:00:00,Y,Jamie Calder,Fatima Blake,Liam Silva,,Software Developer,,REF-6568,,,,,,,LOT-2404,liam.silva@sampleco.test,,,,Active,100357,100756,100140,100469,100291,,,,,100205,,100296,Other,100229,,,Delta,100375,100199,,elena.garcia@sampleco.test,liam.haddad@demomail.test,Re-engagement,100196,Redwood Holdings,Other,,,,,,,,,,,,N,
100622,Contact,103589,rowan.sato@sampleco.test,Rahul Ford,2024-06-26 12:06:00,elena.garcia@examplecorp.test,Jordan Sato,2023-04-16 01:09:00,diego.dorsey@sampleco.test,Reese Mensah,2025-03-19 08:04:00,casey.vance@acme-fake.test,Omar Nguyen,2025-11-29 18:10:00,N,Mei Sloan,Fatima Rossi,Sofia Rossi,SKU-8753,Marketing Coordinator,,,,Other,,,,SKU-5175,LOT-9946,sofia.rossi@sampleco.test,,,,Inactive,100098,100389,100385,100648,100651,,,,,100401,,,Gamma,100721,,,Standard,,100393,,alex.whitfield@acme-fake.test,marco.blake@demomail.test,Event Invite,100185,,Other,100380,,,,,,,101819,N,,,Y,Y
100650,Contact,103592,priya.reyes@acme-fake.test,Skyler Silva,2025-09-20 11:22:00,drew.costa@examplecorp.test,Casey Dorsey,2022-10-19 07:05:00,reese.kim@sampleco.test,Riley Ford,2024-03-03 19:34:00,noah.garcia@acme-fake.test,Priya Kim,2025-02-15 18:36:00,Y,Rowan Calder,Noah Ford,Elena Vance,TAG-3501,Customer Success Manager,,,,,,,8430,LOT-3527,LOT-5601,elena.vance@examplecorp.test,,,,Active,,100188,100579,100578,100119,,,,,,,,Beta,100393,,,Delta,100362,,,sofia.larsson@sampleco.test,avery.sloan@examplecorp.test,Product Update,100109,,Alpha,100214,,,,,,,101795,,,,N,
100128,Contact,103595,marco.haddad@acme-fake.test,Chen Vance,2026-07-16 09:40:00,jordan.silva@demomail.test,Sofia Calder,2025-05-23 09:20:00,fatima.larsson@examplecorp.test,Casey Sato,2024-03-23 06:51:00,emerson.mensah@examplecorp.test,Mei Brooks,2025-03-11 16:40:00,N,Chen Blake,Drew Ashby,Skyler Haddad,SKU-2750,Bookkeeper,,,,,,,,TAG-4245,LOT-7617,skyler.haddad@acme-fake.test,,,,Inactive,100538,,100062,,,,,,,100438,,100519,Beta,100336,,N,Delta,100155,100476,,fatima.mercer@sampleco.test,riley.silva@demomail.test,Re-engagement,100412,Horizon Holdings Co,Gamma,100673,,,,,,,101887,,,,,
100022,Contact,103598,aisha.reyes@sampleco.test,Fatima Garcia,2026-05-08 11:09:00,mei.silva@sampleco.test,Alex Whitfield,2026-04-19 23:19:00,quinn.whitfield@examplecorp.test,Rahul Ford,2025-07-17 06:54:00,quinn.mensah@demomail.test,Quinn Ivanov,2024-02-19 22:00:00,Y,Noah Dorsey,Sofia Patel,Arjun Whitfield,LOT-2526,Data Analyst,,,,,,LOT-1624,,,REF-4235,arjun.whitfield@demomail.test,,,,Active,,100300,100635,100028,100263,,,,,100775,,100040,Beta,100660,,,Delta,100790,100664,,chen.cohen@examplecorp.test,skyler.rossi@acme-fake.test,Product Update,100315,Atlas Media Corp,Beta,100040,,,,,,,,Y,,,N,
100205,Contact,103600,noah.ford@sampleco.test,Elena Larsson,2025-10-29 14:00:00,casey.larsson@acme-fake.test,Avery Costa,2025-10-06 08:23:00,sofia.nguyen@acme-fake.test,Skyler Larsson,2025-12-27 23:11:00,liam.dorsey@acme-fake.test,Quinn Ashby,2023-05-11 19:49:00,Y,Marco Okafor,Elena Okafor,Jordan Cohen,TAG-1456,Executive Assistant,,,,Other,,,,LOT-4490,REF-6581,jordan.cohen@demomail.test,,,,Active,100435,100217,100174,100309,,,,,,,,,Gamma,100737,,,Delta,100375,100385,,morgan.larsson@examplecorp.test,alex.whitfield@examplecorp.test,Re-engagement,100634,Everest Group LLC,Gamma,,,,,,,,101821,,,,N,
100468,Contact,103603,arjun.dorsey@sampleco.test,Rahul Brooks,2025-10-12 22:27:00,sofia.brooks@sampleco.test,Nina Blake,2024-11-29 02:48:00,reese.dorsey@demomail.test,Mei Patel,2026-05-06 03:20:00,morgan.reyes@acme-fake.test,Jordan Rossi,2025-02-03 16:18:00,N,Sofia Cohen,Arjun Calder,Nina Sato,LOT-4596,Operations Associate,,,,,,REF-5203,,,REF-8015,nina.sato@demomail.test,,,,Inactive,,,100380,,100043,,,,,100023,,100271,Gamma,100156,,,Gamma,100632,100761,,diego.calder@acme-fake.test,taylor.cohen@sampleco.test,Product Update,100740,Silverline Labs Group,Standard,100472,,,,,,,,,,,,
100740,Contact,103606,reese.ivanov@examplecorp.test,Casey Nguyen,2026-01-24 05:11:00,nina.calder@sampleco.test,Mei Ashby,2023-09-05 15:17:00,liam.mercer@demomail.test,Skyler Dorsey,2024-03-02 09:06:00,aisha.vance@examplecorp.test,Casey Blake,2025-02-13 22:05:00,Y,Aisha Dorsey,Omar Sloan,Rahul Ivanov,REF-6755,Bookkeeper,,,,,,,,,LOT-6703,rahul.ivanov@acme-fake.test,,,,Active,100442,100244,100710,,,,,,,100787,,100727,Delta,100448,,,Gamma,100173,,,marco.patel@examplecorp.test,yara.costa@sampleco.test,Event Invite,100608,Delta Group,Alpha,100740,,,,,,,101875,,,,Y,N
100604,Contact,103608,chen.ivanov@examplecorp.test,Skyler Haddad,2025-02-11 22:03:00,aisha.sloan@acme-fake.test,Rowan Dorsey,2025-06-30 16:52:00,fatima.whitfield@demomail.test,Sofia Mercer,2023-02-22 14:52:00,rowan.costa@demomail.test,Avery Mensah,2023-09-27 06:18:00,Y,Noah Okafor,Rahul Mensah,Jordan Mercer,TAG-8006,Customer Success Manager,,,,,,,,TAG-1933,TAG-5676,jordan.mercer@sampleco.test,,,,Active,100288,100194,100053,,100756,,,,,,,,Beta,100309,,,,100205,,,aisha.ivanov@acme-fake.test,diego.sloan@sampleco.test,Quarterly Newsletter,100242,,,,,,,,,,101851,,,,N,
100751,Contact,103611,rowan.mensah@acme-fake.test,Liam Mercer,2026-04-08 17:01:00,elena.larsson@demomail.test,Omar Calder,2024-09-29 22:19:00,fatima.brooks@sampleco.test,Mei Okafor,2023-03-22 13:36:00,chen.kim@sampleco.test,Quinn Silva,2024-02-01 15:19:00,N,Emerson Costa,Priya Ford,Aisha Ivanov,TAG-6035,Software Developer,,,,,,,,,SKU-4984,aisha.ivanov@examplecorp.test,,,,Inactive,100672,,100137,,100242,,,,,100587,,100158,Other,100007,,Y,Beta,100658,,,yara.whitfield@demomail.test,marco.patel@examplecorp.test,Product Update,100221,,,100490,,,,,,,,,,,N,
100246,Contact,103612,emerson.blake@sampleco.test,Marco Dorsey,2025-04-24 00:48:00,taylor.calder@examplecorp.test,Arjun Garcia,2022-12-14 18:30:00,liam.mensah@acme-fake.test,Aisha Blake,2024-07-11 01:24:00,rowan.haddad@demomail.test,Reese Rossi,2022-10-05 02:53:00,Y,Chen Mensah,Riley Nguyen,Rowan Garcia,TAG-6975,Data Analyst,,,,,Beta,,,TAG-7667,REF-9323,rowan.garcia@demomail.test,,,,Active,100210,100689,100647,,100652,,,,,100142,,100751,Alpha,100561,,Y,Other,100672,,,morgan.mercer@acme-fake.test,chen.reyes@demomail.test,Product Update,100638,Cobalt Solutions Co,,,,8,,,,,101853,,,,,N
100640,Contact,103615,rahul.haddad@acme-fake.test,Omar Larsson,2024-11-14 13:12:00,mei.haddad@sampleco.test,Sofia Cohen,2025-10-12 22:38:00,rahul.silva@acme-fake.test,Jordan Whitfield,2023-06-11 13:41:00,mei.sloan@demomail.test,Liam Vance,2022-12-17 12:13:00,N,Noah Ashby,Emerson Whitfield,Avery Haddad,TAG-3109,Marketing Coordinator,,,,,,,,LOT-5040,REF-7961,avery.haddad@examplecorp.test,,,,Inactive,,100451,100305,100019,,,,,,100435,,100446,Delta,100724,,,,100753,,,nina.cohen@examplecorp.test,morgan.silva@sampleco.test,Re-engagement,100741,,Standard,,,,,,,,101862,,,,,
100220,Contact,103617,omar.vance@examplecorp.test,Riley Haddad,2023-11-07 23:19:00,alex.vance@examplecorp.test,Morgan Cohen,2026-07-14 20:11:00,mei.vance@demomail.test,Drew Nguyen,2022-12-20 15:52:00,quinn.reyes@examplecorp.test,Rowan Mercer,2023-04-27 08:09:00,Y,Yara Ashby,Nina Sloan,Aisha Sato,,Operations Associate,,,,,,,390,,SKU-4878,aisha.sato@acme-fake.test,,,,Active,100158,100751,100014,,,,,,,,,100522,Alpha,100405,,,Beta,100407,100493,,omar.ashby@sampleco.test,riley.whitfield@acme-fake.test,Quarterly Newsletter,100173,Falcon Partners LLP,,100404,,3,,,,,101871,,,,,
100707,Contact,103619,priya.silva@examplecorp.test,Nina Ivanov,2023-07-24 16:43:00,taylor.okafor@sampleco.test,Sofia Whitfield,2022-11-25 16:38:00,marco.dorsey@examplecorp.test,Arjun Sloan,2025-10-31 03:31:00,jamie.ivanov@sampleco.test,Skyler Brooks,2023-08-14 01:47:00,Y,Yara Ford,Marco Vance,Avery Garcia,LOT-2296,Recruiter,,,,,,,,,SKU-8967,avery.garcia@acme-fake.test,,,,Active,,,100435,100611,100252,,,,,,,100639,Alpha,100361,,,Delta,100387,,,skyler.calder@examplecorp.test,mei.blake@acme-fake.test,Product Update,100054,Summit Analytics Co,Gamma,,,,,0,,,,,,,,
100098,Contact,103621,jamie.calder@demomail.test,Sofia Okafor,2023-06-08 01:15:00,marco.silva@sampleco.test,Aisha Kim,2026-01-09 20:05:00,jamie.sato@examplecorp.test,Rowan Calder,2023-08-04 21:37:00,rowan.ford@examplecorp.test,Omar Haddad,2022-11-16 10:54:00,Y,Aisha Kim,Sofia Dorsey,Diego Sloan,REF-5914,Recruiter,,TAG-5658,,,,,,LOT-4925,TAG-5333,diego.sloan@examplecorp.test,,,,Active,100106,,100730,,100651,,,,,100196,,100438,Delta,100177,,Y,Other,100115,100458,,aisha.nguyen@demomail.test,jamie.reyes@examplecorp.test,Event Invite,100062,,Beta,,,,,,,,101795,,,,,
100350,Contact,103624,alex.haddad@acme-fake.test,Liam Sloan,2023-09-25 12:55:00,omar.sato@sampleco.test,Jamie Garcia,2024-09-24 21:57:00,taylor.sloan@demomail.test,Diego Brooks,2024-01-01 06:22:00,noah.vance@examplecorp.test,Noah Sato,2022-10-17 04:57:00,Y,Jamie Sloan,Priya Ashby,Alex Okafor,LOT-6949,Accountant,,,,,,,,REF-9168,SKU-9279,alex.okafor@examplecorp.test,,,,Active,,100457,100125,,100103,,,,,100177,,100040,Standard,100236,,,Other,,,,emerson.cohen@acme-fake.test,priya.ford@demomail.test,Product Update,100566,Falcon Capital Co,Beta,,,,,7,,,,,,,N,
100405,Contact,103627,chen.sloan@sampleco.test,Chen Nguyen,2025-05-19 23:58:00,elena.reyes@demomail.test,Mei Patel,2024-10-19 23:51:00,jamie.nguyen@sampleco.test,Jordan Blake,2023-04-13 22:51:00,omar.ivanov@demomail.test,Chen Vance,2026-05-07 02:46:00,Y,Morgan Calder,Rowan Sloan,Yara Dorsey,SKU-7518,Customer Success Manager,,,,,,,,,TAG-1056,yara.dorsey@examplecorp.test,,,,Active,100355,,100252,100451,,,,,,100094,,100054,Other,100068,,,Other,100389,,,skyler.haddad@sampleco.test,jordan.ashby@sampleco.test,Product Update,100188,,Delta,100357,,,,,,,101849,,,,N,
100554,Contact,103629,elena.cohen@examplecorp.test,Jamie Nguyen,2025-06-16 03:38:00,yara.kim@acme-fake.test,Mei Costa,2023-02-24 03:13:00,quinn.vance@demomail.test,Priya Cohen,2023-06-18 12:49:00,elena.okafor@acme-fake.test,Quinn Ford,2024-07-17 05:19:00,Y,Chen Reyes,Rahul Garcia,Emerson Silva,,Payroll Specialist,,,,,,,,,TAG-5058,emerson.silva@acme-fake.test,,,,Active,100229,,100362,,,SKU-7614,,,,100133,,100718,Other,100704,,,,100211,100385,,jordan.nguyen@demomail.test,quinn.calder@demomail.test,Product Update,100476,,Gamma,100451,,,,,,,,,,,,Y
100428,Contact,103630,morgan.ashby@examplecorp.test,Rahul Okafor,2024-01-13 18:32:00,drew.mensah@examplecorp.test,Omar Ivanov,2023-05-20 12:18:00,reese.cohen@sampleco.test,Quinn Cohen,2025-02-04 19:53:00,arjun.patel@examplecorp.test,Riley Okafor,2024-08-11 09:48:00,Y,Diego Haddad,Jamie Okafor,Liam Sloan,LOT-9818,Software Developer,,,,,,,,,REF-7649,liam.sloan@sampleco.test,,,,Active,100504,100385,100263,100387,100098,,,,,100753,,,Alpha,100155,,,,,100046,,drew.ashby@examplecorp.test,jordan.sato@acme-fake.test,Event Invite,100434,,,,,,,,,,,,,,,
100451,Contact,103631,quinn.vance@acme-fake.test,Yara Ashby,2026-06-18 13:14:00,mei.rossi@demomail.test,Sofia Okafor,2023-05-31 03:08:00,drew.okafor@acme-fake.test,Jamie Larsson,2026-06-11 08:41:00,taylor.haddad@acme-fake.test,Liam Ivanov,2023-09-09 13:38:00,Y,Arjun Sloan,Noah Mensah,Morgan Vance,SKU-9586,Software Developer,,,,,,REF-5511,,,SKU-7304,morgan.vance@sampleco.test,,,,Active,100182,100055,100149,,100029,,,,,100396,,100542,Gamma,100062,,,,100683,,,skyler.patel@acme-fake.test,mei.garcia@examplecorp.test,Quarterly Newsletter,100466,,,,,,,,,,101854,,,,N,
100214,Contact,103633,drew.patel@sampleco.test,Liam Nguyen,2025-05-19 05:28:00,chen.cohen@demomail.test,Riley Mercer,2024-08-11 01:08:00,alex.sloan@demomail.test,Yara Blake,2023-02-08 04:08:00,rahul.ivanov@acme-fake.test,Chen Calder,2026-01-31 17:40:00,Y,Quinn Costa,Marco Kim,Liam Reyes,SKU-5056,Software Developer,,,,,,,,,SKU-9593,liam.reyes@demomail.test,,,,Active,100429,100355,100490,100068,,,,,,,,100647,Gamma,100540,,,Delta,100470,,,priya.silva@sampleco.test,reese.silva@demomail.test,Quarterly Newsletter,100658,,,100608,,,,,,,,,,,N,
100244,Contact,103635,priya.calder@examplecorp.test,Noah Larsson,2025-05-09 22:56:00,priya.nguyen@examplecorp.test,Quinn Sato,2024-08-20 20:58:00,priya.larsson@sampleco.test,Jamie Ford,2023-03-17 07:54:00,alex.rossi@examplecorp.test,Fatima Vance,2024-02-09 21:20:00,N,Sofia Larsson,Avery Calder,Nina Brooks,TAG-8226,Support Specialist,,,,,,,5394,LOT-9866,SKU-7552,nina.brooks@sampleco.test,,,,Inactive,100554,100009,100169,,,,,,,100435,,100761,Delta,100439,,,Beta,100355,,,casey.patel@sampleco.test,noah.brooks@demomail.test,Quarterly Newsletter,100393,Atlas Systems LLP,Gamma,100226,,,,,,,,,,,Y,
100106,Contact,103636,casey.larsson@demomail.test,Noah Garcia,2022-10-18 23:48:00,alex.reyes@sampleco.test,Reese Blake,2024-10-26 16:38:00,sofia.ivanov@examplecorp.test,Aisha Vance,2022-11-15 08:23:00,sofia.rossi@acme-fake.test,Sofia Vance,2025-05-05 06:05:00,Y,Liam Vance,Diego Dorsey,Liam Larsson,TAG-2153,Bookkeeper,,,,,,,,SKU-3485,SKU-1278,liam.larsson@sampleco.test,,,,Active,,,100587,100658,100210,,,,,100309,,,Gamma,100604,,,Delta,100172,,,chen.okafor@sampleco.test,priya.dorsey@demomail.test,Renewal Nudge,100328,,,100226,,,,,,,101888,N,,,N,Y
100651,Contact,103638,sofia.ford@sampleco.test,Yara Costa,2023-07-05 08:22:00,nina.okafor@sampleco.test,Drew Costa,2024-02-16 13:34:00,avery.calder@demomail.test,Sofia Ashby,2024-05-10 07:18:00,diego.mercer@sampleco.test,Marco Silva,2025-09-28 02:31:00,N,Aisha Sato,Liam Larsson,Alex Dorsey,LOT-6672,Software Developer,,,,,,,,,TAG-2887,alex.dorsey@examplecorp.test,,,,Inactive,100106,100328,100068,,,REF-9995,,,,,,,Standard,100759,,,Gamma,,,,mei.sato@acme-fake.test,mei.ashby@examplecorp.test,Event Invite,100157,Keystone Solutions Ltd,,100094,,,,,,,,,,,Y,
100412,Contact,103639,priya.vance@examplecorp.test,Mei Garcia,2022-11-12 19:33:00,emerson.cohen@examplecorp.test,Yara Cohen,2025-10-16 13:51:00,rahul.ford@sampleco.test,Noah Garcia,2022-10-07 10:39:00,aisha.ashby@examplecorp.test,Morgan Brooks,2023-08-29 21:56:00,Y,Quinn Mercer,Yara Mensah,Rahul Okafor,SKU-1440,Executive Assistant,,,,,,SKU-8864,,,SKU-5868,rahul.okafor@examplecorp.test,,,,Active,,100040,100106,100188,,,,,,100782,,,Alpha,100332,,,Delta,100678,100570,,skyler.vance@sampleco.test,chen.nguyen@acme-fake.test,Quarterly Newsletter,100232,,,100158,,,,,,,,N,,,,
100403,Contact,103641,omar.larsson@examplecorp.test,Emerson Vance,2025-09-30 19:36:00,marco.reyes@demomail.test,Nina Cohen,2025-09-30 21:25:00,rahul.costa@examplecorp.test,Noah Ford,2026-02-21 16:23:00,riley.vance@examplecorp.test,Aisha Sloan,2024-09-25 13:48:00,Y,Noah Larsson,Sofia Ivanov,Drew Okafor,REF-6024,Bookkeeper,,,,,,,,,TAG-2178,drew.okafor@sampleco.test,,,,Active,,100043,100675,100031,100758,,,,,100193,,100487,Delta,100665,,,Delta,100558,100604,,jamie.sato@acme-fake.test,taylor.cohen@examplecorp.test,Event Invite,100355,,,,,,4,,,,,,,,,
100177,Contact,103642,omar.calder@sampleco.test,Priya Cohen,2023-01-04 18:02:00,marco.cohen@sampleco.test,Rowan Cohen,2023-07-30 17:42:00,taylor.patel@acme-fake.test,Casey Vance,2024-07-03 02:37:00,rahul.calder@examplecorp.test,Jamie Haddad,2023-10-06 00:01:00,Y,Skyler Dorsey,Rahul Ivanov,Riley Rossi,REF-9982,Accountant,,,,,,,,,SKU-2037,riley.rossi@examplecorp.test,,,,Active,,,100322,,100638,,,,,,,100196,Gamma,100579,,,,100094,,,skyler.ashby@acme-fake.test,riley.nguyen@demomail.test,Event Invite,100232,Silverline Robotics Inc,Delta,100740,,,,5,,,101865,,,,N,
100201,Contact,103645,morgan.reyes@demomail.test,Aisha Calder,2023-02-17 04:49:00,aisha.kim@examplecorp.test,Liam Okafor,2025-08-27 15:56:00,jordan.ford@examplecorp.test,Emerson Ford,2023-03-14 07:47:00,alex.sato@demomail.test,Diego Larsson,2024-03-31 11:58:00,Y,Drew Calder,Emerson Sloan,Priya Rossi,REF-8229,Executive Assistant,,,,,,,,,SKU-4929,priya.rossi@acme-fake.test,,,,Active,100317,100295,100727,,,,,,,100392,,,Beta,100232,,,Delta,100786,,,noah.rossi@examplecorp.test,casey.sloan@acme-fake.test,Product Update,100726,Brightpath Dynamics LLP,Delta,,,,,,,,,,,,Y,
100756,Contact,103648,reese.calder@acme-fake.test,Priya Larsson,2024-07-09 13:14:00,marco.vance@sampleco.test,Elena Cohen,2026-05-30 17:18:00,emerson.vance@examplecorp.test,Jamie Mercer,2025-03-25 08:20:00,jamie.kim@demomail.test,Emerson Brooks,2025-05-25 10:24:00,N,Rahul Brooks,Fatima Brooks,Nina Ashby,SKU-5698,Operations Associate,,,,,,,,,REF-8530,nina.ashby@sampleco.test,,,,Inactive,100638,,100645,100147,100410,,,,,100660,,,Other,100247,,,,100786,100647,,quinn.calder@demomail.test,arjun.okafor@examplecorp.test,Product Update,100269,Pioneer Ventures Group,Beta,,,,,,,,101795,,,,,
100656,Contact,103650,mei.calder@demomail.test,Yara Mercer,2022-10-18 06:18:00,jordan.kim@sampleco.test,Fatima Sloan,2024-04-10 20:45:00,arjun.ivanov@sampleco.test,Jordan Blake,2022-10-15 03:25:00,emerson.sloan@acme-fake.test,Skyler Haddad,2026-07-18 15:52:00,Y,Fatima Reyes,Yara Sloan,Noah Nguyen,REF-3065,Data Analyst,,,,,,,,REF-8081,LOT-3994,noah.nguyen@acme-fake.test,,,,Active,100345,100542,100548,,100401,,,,,,,,Standard,100162,,,Alpha,,100415,,jordan.mercer@examplecorp.test,yara.brooks@demomail.test,Event Invite,100140,Brightpath Capital LLP,Alpha,,,,,,,,,,,,,
100750,Contact,103652,quinn.vance@examplecorp.test,Sofia Whitfield,2023-09-22 14:53:00,jordan.blake@acme-fake.test,Quinn Silva,2026-02-21 23:19:00,liam.cohen@examplecorp.test,Jamie Costa,2024-01-30 04:10:00,reese.okafor@demomail.test,Mei Silva,2024-09-22 11:23:00,Y,Skyler Ashby,Quinn Garcia,Skyler Brooks,TAG-5158,Data Analyst,,,,,,,,TAG-7529,REF-8740,skyler.brooks@acme-fake.test,,,,Active,100574,100366,100707,,100582,,,,,,,,Other,100472,,Y,Other,100157,100177,,morgan.ashby@examplecorp.test,casey.cohen@examplecorp.test,Event Invite,100632,,Gamma,100320,,6,,,,,101851,,,,,N
100372,Contact,103654,riley.kim@sampleco.test,Avery Vance,2024-06-17 06:52:00,jamie.vance@sampleco.test,Priya Blake,2024-05-28 12:31:00,diego.mensah@examplecorp.test,Aisha Haddad,2023-10-30 07:28:00,omar.haddad@demomail.test,Drew Garcia,2026-03-23 19:49:00,N,Noah Sato,Fatima Reyes,Quinn Ivanov,SKU-4045,Project Manager,,,,Delta,,,,,REF-7172,quinn.ivanov@sampleco.test,,,,Inactive,100210,100128,100252,100500,100073,TAG-4635,,,,,,,Standard,100109,,,,,100365,,riley.whitfield@acme-fake.test,casey.sloan@acme-fake.test,Re-engagement,100525,,Gamma,,,,,,,,,,,,,Y
100504,Contact,103655,fatima.costa@acme-fake.test,Jordan Sloan,2024-01-17 13:04:00,fatima.sloan@examplecorp.test,Arjun Calder,2025-05-15 09:05:00,taylor.brooks@acme-fake.test,Diego Costa,2024-02-08 21:38:00,jordan.ivanov@demomail.test,Alex Mercer,2024-12-05 23:08:00,Y,Quinn Vance,Noah Silva,Marco Kim,TAG-1466,Software Developer,,,,,,REF-9716,,,TAG-3756,marco.kim@demomail.test,,,,Active,,100156,100661,100688,,,,,,100730,,,Gamma,100174,,,Other,,,,diego.silva@acme-fake.test,emerson.blake@examplecorp.test,Re-engagement,100211,,,,,,,,,,101798,,,,N,
100775,Contact,103657,liam.haddad@acme-fake.test,Rowan Haddad,2024-09-08 17:28:00,rowan.sato@sampleco.test,Sofia Mercer,2023-01-26 23:35:00,elena.haddad@acme-fake.test,Sofia Cohen,2025-08-12 03:02:00,aisha.nguyen@acme-fake.test,Marco Dorsey,2025-12-31 04:55:00,Y,Diego Blake,Sofia Silva,Arjun Silva,TAG-2898,HR Generalist,,,,,,,1931,,TAG-8663,arjun.silva@sampleco.test,,,,Active,100540,,100053,,100568,,,,,100564,,,Standard,100702,,,Other,,100398,,casey.brooks@acme-fake.test,avery.garcia@examplecorp.test,Product Update,100432,,,100134,,,,,,,,,,,,
100512,Contact,103658,rowan.sloan@examplecorp.test,Liam Reyes,2023-07-06 00:15:00,sofia.sloan@demomail.test,Liam Larsson,2023-12-15 19:48:00,skyler.blake@demomail.test,Nina Rossi,2024-02-07 14:46:00,omar.okafor@demomail.test,Rowan Cohen,2023-10-24 10:50:00,N,Fatima Nguyen,Mei Patel,Priya Mercer,SKU-3370,Project Manager,,LOT-2480,,,,,,,REF-6527,priya.mercer@acme-fake.test,,,,Inactive,100157,,100699,,,,,,,,,100784,Standard,100152,,,Alpha,,100558,,casey.brooks@examplecorp.test,chen.ford@demomail.test,Renewal Nudge,100317,,,,,,,,,,101801,,,,N,
100009,Contact,103661,chen.ashby@acme-fake.test,Omar Blake,2023-10-02 20:13:00,aisha.ashby@examplecorp.test,Emerson Haddad,2023-06-25 00:32:00,nina.cohen@demomail.test,Skyler Cohen,2024-02-10 20:17:00,skyler.costa@sampleco.test,Emerson Rossi,2024-09-03 02:09:00,N,Priya Larsson,Riley Sato,Arjun Reyes,LOT-8877,Accountant,,,,,,,,,TAG-6924,arjun.reyes@examplecorp.test,,,,Inactive,,100442,100582,,100654,,,,,100758,,100396,Gamma,100726,,,Alpha,100532,,,omar.nguyen@examplecorp.test,aisha.nguyen@demomail.test,Product Update,100596,Harbor Logistics Corp,Beta,,,,,,,,101794,,,,Y,
100239,Contact,103662,avery.ivanov@examplecorp.test,Taylor Ford,2024-07-31 23:01:00,rowan.cohen@examplecorp.test,Mei Rossi,2023-11-28 13:20:00,elena.reyes@acme-fake.test,Alex Calder,2025-12-27 11:39:00,drew.blake@acme-fake.test,Taylor Ford,2025-04-15 23:47:00,Y,Arjun Calder,Emerson Ford,Arjun Mensah,REF-8730,Bookkeeper,,,,,,,8038,,REF-3163,arjun.mensah@examplecorp.test,,,,Active,100542,,100552,100109,,,,,,,,100475,Beta,100570,,,Delta,,100077,,nina.mercer@sampleco.test,aisha.patel@examplecorp.test,Event Invite,100750,Cardinal Textiles Group,Standard,100221,,,,,,,101810,,,,,
100585,Contact,103664,yara.kim@acme-fake.test,Chen Brooks,2025-02-22 17:16:00,rahul.dorsey@acme-fake.test,Avery Sloan,2025-01-31 02:18:00,alex.dorsey@acme-fake.test,Casey Costa,2024-09-22 04:12:00,chen.mercer@sampleco.test,Chen Okafor,2022-12-19 08:39:00,Y,Rowan Vance,Drew Rossi,Rahul Whitfield,SKU-1002,Software Developer,,LOT-9815,,,,,,,REF-2647,rahul.whitfield@examplecorp.test,,,,Active,100246,100026,100787,,100643,,,,,100404,,100236,Gamma,100750,,Y,,100362,,,fatima.silva@acme-fake.test,omar.garcia@acme-fake.test,Event Invite,100073,,Beta,,,,,,,,,,,,,
100730,Contact,103666,casey.vance@sampleco.test,Alex Larsson,2025-06-25 21:37:00,casey.dorsey@sampleco.test,Emerson Patel,2026-05-18 10:22:00,mei.nguyen@examplecorp.test,Drew Vance,2024-01-06 23:34:00,skyler.vance@examplecorp.test,Arjun Vance,2023-03-02 01:32:00,Y,Avery Haddad,Sofia Silva,Morgan Whitfield,,Accountant,,,,,,SKU-1122,,,TAG-4417,morgan.whitfield@examplecorp.test,,,,Active,100750,100656,100035,100475,100707,,,,,100410,,100436,Other,100089,,,Other,100134,100675,,priya.mercer@demomail.test,mei.haddad@sampleco.test,Quarterly Newsletter,100314,Horizon Capital Corp,Alpha,100277,,,,,,,,,,,N,
100671,Contact,103668,liam.silva@examplecorp.test,Rowan Nguyen,2025-05-26 11:52:00,diego.costa@sampleco.test,Quinn Silva,2023-11-29 17:07:00,chen.calder@acme-fake.test,Priya Okafor,2022-11-27 21:05:00,yara.larsson@demomail.test,Mei Patel,2023-08-29 11:21:00,Y,Nina Haddad,Omar Blake,Marco Brooks,SKU-9856,Customer Success Manager,,,,Other,,,,LOT-7834,LOT-9104,marco.brooks@examplecorp.test,,,,Active,,100448,100432,100252,100307,,,,,,,,Alpha,100420,,,Alpha,100343,100494,,sofia.vance@demomail.test,sofia.reyes@examplecorp.test,Quarterly Newsletter,100191,Falcon Robotics LLP,,100343,,,,,,,101798,,,,Y,
100162,Contact,103671,noah.sato@sampleco.test,Arjun Mensah,2023-05-11 15:11:00,sofia.kim@demomail.test,Elena Kim,2024-06-14 21:58:00,skyler.brooks@demomail.test,Riley Haddad,2024-02-11 06:07:00,liam.haddad@sampleco.test,Mei Ashby,2025-07-23 18:17:00,Y,Jordan Ford,Mei Whitfield,Casey Mercer,REF-6929,HR Generalist,,,,,,,,SKU-8584,REF-5794,casey.mercer@acme-fake.test,,,,Active,,100648,100173,100348,,,,,,100173,,100732,Other,100590,,,Alpha,100478,,,marco.reyes@demomail.test,rowan.sloan@sampleco.test,Quarterly Newsletter,100418,,Alpha,100493,,,,,,,,,,,,
100568,Contact,103672,rowan.ashby@sampleco.test,Drew Blake,2024-10-29 00:45:00,mei.okafor@acme-fake.test,Diego Brooks,2025-08-28 09:45:00,morgan.mercer@sampleco.test,Morgan Nguyen,2023-12-05 15:54:00,arjun.okafor@acme-fake.test,Alex Ivanov,2023-08-19 13:29:00,N,Quinn Mercer,Drew Garcia,Chen Mercer,SKU-1457,Support Specialist,,,,,,,,,TAG-4641,chen.mercer@demomail.test,,,,Inactive,100314,,100574,100067,100211,SKU-3427,,,,100149,,,Gamma,100496,,,Gamma,100735,100193,,yara.rossi@sampleco.test,noah.nguyen@acme-fake.test,Quarterly Newsletter,100016,,Beta,,,,,,,,101795,,,,,
100239,Contact,103673,yara.ford@demomail.test,Quinn Sato,2024-01-02 14:17:00,noah.blake@sampleco.test,Chen Ford,2025-09-11 17:45:00,morgan.blake@acme-fake.test,Morgan Ashby,2026-02-10 01:27:00,jordan.silva@demomail.test,Arjun Patel,2024-03-29 01:19:00,Y,Jamie Cohen,Casey Dorsey,Rowan Blake,REF-3878,Customer Success Manager,,,,,,,,,REF-5967,rowan.blake@demomail.test,,,,Active,100082,100046,100277,100473,100650,,,,,100565,,100314,Alpha,100476,,,Beta,100021,100332,,quinn.ford@sampleco.test,omar.sloan@demomail.test,Quarterly Newsletter,100512,,,,,,,,,,101865,,,,,
100568,Contact,103676,mei.garcia@acme-fake.test,Elena Whitfield,2024-11-12 22:55:00,morgan.rossi@demomail.test,Drew Reyes,2024-09-02 05:28:00,avery.silva@demomail.test,Emerson Blake,2022-10-17 17:52:00,arjun.dorsey@demomail.test,Sofia Ivanov,2022-11-03 18:22:00,N,Fatima Mensah,Priya Brooks,Mei Haddad,TAG-3981,Marketing Coordinator,,,,,,,,,TAG-4669,mei.haddad@acme-fake.test,,,,Inactive,100412,,100047,100215,100229,,,,,100083,,100604,Delta,100555,,,,100257,100217,,aisha.brooks@examplecorp.test,chen.ford@examplecorp.test,Re-engagement,100686,Falcon Partners Corp,Alpha,,,,,,,,,,,,,
100026,Contact,103679,avery.larsson@acme-fake.test,Omar Brooks,2025-02-09 06:01:00,mei.rossi@demomail.test,Morgan Silva,2024-04-15 13:31:00,mei.sloan@demomail.test,Jordan Blake,2023-10-14 09:50:00,taylor.ashby@examplecorp.test,Marco Vance,2024-01-26 20:02:00,N,Rowan Okafor,Omar Costa,Rahul Sato,,QA Engineer,,,,,,,,,TAG-7365,rahul.sato@examplecorp.test,,,,Inactive,100199,100016,100468,,,,,,,100299,,100260,Beta,100525,,,,100204,100382,,morgan.okafor@examplecorp.test,casey.reyes@examplecorp.test,Re-engagement,100043,,,,,,,,,,,,,,,Y
100219,Contact,103682,riley.garcia@demomail.test,Emerson Sato,2025-08-14 13:43:00,emerson.ford@examplecorp.test,Aisha Patel,2024-06-03 09:51:00,taylor.blake@acme-fake.test,Skyler Mensah,2024-02-01 19:29:00,morgan.mensah@demomail.test,Jordan Haddad,2025-07-02 08:28:00,Y,Rahul Reyes,Quinn Cohen,Taylor Costa,TAG-7975,Financial Analyst,,,,,,,,,REF-2042,taylor.costa@examplecorp.test,,,,Active,,100779,100014,100372,100386,,,,,,,100267,Standard,100299,,,Beta,100509,100423,,yara.calder@examplecorp.test,quinn.rossi@demomail.test,Re-engagement,100661,Beacon Retail Ltd,,,,,,,,,101825,,,,,
100442,Contact,103683,noah.haddad@acme-fake.test,Chen Calder,2025-11-22 12:38:00,drew.rossi@demomail.test,Liam Larsson,2024-10-13 11:53:00,skyler.reyes@acme-fake.test,Arjun Kim,2024-09-19 12:43:00,jamie.okafor@examplecorp.test,Priya Ashby,2025-04-08 12:44:00,Y,Marco Nguyen,Avery Mensah,Emerson Reyes,SKU-4141,Marketing Coordinator,,,,,,,,,LOT-8828,emerson.reyes@sampleco.test,,,,Active,,100741,100507,100275,,,,,,100067,,,Other,100399,,,Alpha,100785,100224,,yara.mercer@acme-fake.test,aisha.haddad@examplecorp.test,Quarterly Newsletter,100196,,Standard,100372,,5,,,,,101805,,,,,
100699,Contact,103685,emerson.haddad@acme-fake.test,Taylor Costa,2022-10-28 22:02:00,sofia.rossi@examplecorp.test,Casey Garcia,2024-01-12 08:55:00,alex.silva@sampleco.test,Chen Mensah,2024-12-18 15:29:00,reese.vance@sampleco.test,Chen Mercer,2024-12-04 19:36:00,Y,Rowan Blake,Quinn Mercer,Jamie Sato,LOT-6363,Accountant,,,,,,,,,REF-6808,jamie.sato@sampleco.test,,,,Active,,,100673,,100239,,,,,100469,,,Standard,100643,,,Alpha,100232,,,arjun.patel@acme-fake.test,emerson.cohen@demomail.test,Renewal Nudge,100389,,Standard,100246,,,,,,,101887,,,,,
100286,Contact,103687,aisha.brooks@examplecorp.test,Avery Reyes,2024-07-22 08:24:00,yara.rossi@sampleco.test,Drew Ashby,2023-06-09 01:45:00,rahul.dorsey@examplecorp.test,Noah Cohen,2025-02-07 23:21:00,riley.sato@acme-fake.test,Aisha Brooks,2024-04-10 02:40:00,N,Alex Haddad,Skyler Brooks,Drew Patel,SKU-3391,Support Specialist,,,Delta,,,,,,TAG-2935,drew.patel@examplecorp.test,,,,Inactive,100352,,100121,,100224,,,,,100429,,100606,Standard,100233,,,Standard,,100671,,taylor.ford@demomail.test,liam.dorsey@demomail.test,Re-engagement,100516,,,100393,,,,,,,101822,,,,N,
100665,Contact,103688,noah.calder@examplecorp.test,Omar Costa,2024-06-02 23:50:00,noah.sato@examplecorp.test,Morgan Patel,2023-03-23 20:36:00,riley.ivanov@sampleco.test,Morgan Cohen,2025-08-12 16:42:00,arjun.okafor@sampleco.test,Sofia Reyes,2023-05-22 17:22:00,Y,Priya Garcia,Elena Ashby,Avery Calder,SKU-3187,Payroll Specialist,,,,,,,,SKU-9858,SKU-5823,avery.calder@examplecorp.test,,,,Active,100082,,100322,100611,,REF-7450,,,,100574,,,Gamma,100263,,,,100172,100478,,sofia.dorsey@examplecorp.test,riley.larsson@acme-fake.test,Re-engagement,100522,,Standard,100691,,,,,,,101810,,,,,N
100654,Contact,103689,fatima.silva@sampleco.test,Morgan Haddad,2024-10-19 10:17:00,riley.mercer@acme-fake.test,Emerson Ashby,2024-05-17 22:35:00,mei.reyes@sampleco.test,Taylor Kim,2025-06-30 08:30:00,elena.larsson@demomail.test,Liam Sato,2023-05-01 21:14:00,Y,Rahul Costa,Diego Costa,Jordan Larsson,REF-1344,Data Analyst,,,,,,,,REF-8525,REF-9359,jordan.larsson@examplecorp.test,,,,Active,,100256,100751,,,,,,,,,,Beta,100098,,Y,Gamma,100375,100678,,reese.blake@acme-fake.test,yara.whitfield@examplecorp.test,Product Update,100535,Atlas Robotics Ltd,Beta,100724,,,,,,,,,,,Y,
100627,Contact,103691,aisha.dorsey@acme-fake.test,Quinn Calder,2024-06-04 07:19:00,casey.haddad@demomail.test,Rowan Sato,2023-03-15 23:47:00,taylor.okafor@acme-fake.test,Mei Sato,2025-12-03 21:22:00,mei.patel@demomail.test,Taylor Cohen,2025-08-02 00:33:00,N,Avery Patel,Marco Blake,Liam Ivanov,LOT-4273,Data Analyst,,,,,,,,LOT-1466,TAG-3958,liam.ivanov@acme-fake.test,,,,Inactive,100023,,100669,100315,100747,TAG-2517,,,,100691,,,Delta,100121,,,,,100158,,alex.blake@examplecorp.test,jamie.vance@demomail.test,Re-engagement,100208,,,100033,,,,,,,,,,,Y,
100147,Contact,103694,noah.silva@demomail.test,Reese Ford,2024-12-30 09:15:00,fatima.ivanov@acme-fake.test,Chen Cohen,2022-11-15 05:58:00,reese.ivanov@demomail.test,Priya Kim,2023-07-02 12:26:00,rowan.reyes@demomail.test,Emerson Nguyen,2024-06-10 07:42:00,Y,Quinn Brooks,Chen Whitfield,Riley Brooks,TAG-4164,Software Developer,,,,,,,,LOT-6927,LOT-1894,riley.brooks@examplecorp.test,,,,Active,,100288,100393,100153,100758,,,,,,,100319,Alpha,100735,,,Gamma,,,,emerson.nguyen@examplecorp.test,rahul.dorsey@sampleco.test,Re-engagement,100445,,,,,,,10,,,,,,,N,
100418,Contact,103695,jordan.sato@acme-fake.test,Nina Nguyen,2026-04-29 17:48:00,aisha.rossi@demomail.test,Jamie Haddad,2025-05-02 02:31:00,sofia.kim@acme-fake.test,Rahul Reyes,2023-08-29 18:02:00,fatima.mercer@acme-fake.test,Priya Sato,2023-02-17 02:04:00,N,Avery Cohen,Noah Costa,Chen Calder,LOT-4021,Marketing Coordinator,,,,,,LOT-9133,,,SKU-8994,chen.calder@demomail.test,,,,Inactive,,100428,100770,,100786,,,,,100635,,100156,Delta,100724,,,,100253,100022,,alex.blake@demomail.test,riley.mensah@acme-fake.test,Quarterly Newsletter,100671,,,100328,,,,,,,101853,,,,N,
100205,Contact,103696,marco.vance@sampleco.test,Jamie Blake,2025-09-18 11:35:00,sofia.whitfield@examplecorp.test,Jordan Ford,2023-04-27 10:19:00,avery.sloan@acme-fake.test,Yara Sato,2025-10-12 20:25:00,taylor.blake@acme-fake.test,Rowan Silva,2022-12-03 02:38:00,Y,Jordan Larsson,Fatima Mercer,Reese Nguyen,SKU-5701,Customer Success Manager,,,,,,,9801,,SKU-3052,reese.nguyen@acme-fake.test,,,,Active,,100572,100343,,100205,,,,,,,,Delta,100519,,,,,100472,,omar.nguyen@acme-fake.test,arjun.blake@demomail.test,Re-engagement,100776,Copper Holdings Ltd,Alpha,,,,,,,,101857,,,,N,
100627,Contact,103697,emerson.reyes@examplecorp.test,Marco Nguyen,2026-01-04 04:12:00,emerson.brooks@demomail.test,Taylor Sloan,2022-11-05 08:39:00,rowan.brooks@demomail.test,Alex Okafor,2025-06-25 19:08:00,arjun.patel@examplecorp.test,Reese Okafor,2023-11-19 17:48:00,Y,Riley Kim,Arjun Brooks,Jamie Larsson,SKU-8415,Data Analyst,,,,,,,,,TAG-9753,jamie.larsson@examplecorp.test,,,,Active,100392,,100724,,100445,,,,,100643,,100654,Other,100319,,,Standard,100429,,,casey.mercer@demomail.test,diego.blake@examplecorp.test,Product Update,100484,,Beta,100242,,7,,,,,,,,,,
100158,Contact,103698,emerson.patel@demomail.test,Jordan Whitfield,2023-12-19 17:33:00,casey.patel@demomail.test,Rowan Mensah,2023-06-18 14:37:00,fatima.vance@acme-fake.test,Chen Costa,2023-12-19 11:49:00,riley.sato@sampleco.test,Riley Mensah,2024-08-29 15:11:00,Y,Avery Sloan,Rowan Brooks,Mei Ashby,REF-9487,Bookkeeper,,SKU-6789,,,,,,,REF-7182,mei.ashby@examplecorp.test,,,,Active,100086,100619,100675,,,,,,,,,100371,Other,100704,,,Gamma,,100375,,casey.ivanov@acme-fake.test,casey.haddad@demomail.test,Product Update,100211,Silverline Labs Ltd,Beta,,,,,9,,,101807,,,,,
100403,Contact,103699,taylor.calder@acme-fake.test,Priya Ivanov,2025-10-02 22:49:00,omar.whitfield@sampleco.test,Fatima Mercer,2025-06-27 02:12:00,rahul.costa@acme-fake.test,Avery Mensah,2024-06-25 21:43:00,priya.rossi@demomail.test,Drew Costa,2025-02-24 02:44:00,Y,Avery Sloan,Jamie Whitfield,Nina Ashby,REF-3604,Data Analyst,,,,,,,,REF-3692,TAG-6522,nina.ashby@examplecorp.test,,,,Active,100053,100756,100782,100386,,,,,,,,100671,Delta,100332,,,,,,,marco.patel@acme-fake.test,elena.rossi@sampleco.test,Quarterly Newsletter,100380,Everest Manufacturing Co,,100295,,,,,,,101878,,,,,
100134,Contact,103701,jordan.nguyen@demomail.test,Rowan Larsson,2026-07-26 02:14:00,riley.larsson@acme-fake.test,Liam Kim,2022-11-30 21:18:00,emerson.silva@sampleco.test,Sofia Nguyen,2025-07-24 17:27:00,morgan.ivanov@demomail.test,Priya Vance,2023-04-27 01:43:00,Y,Quinn Larsson,Emerson Mensah,Liam Larsson,LOT-4947,Project Manager,,,,,Beta,,,REF-1388,TAG-8164,liam.larsson@demomail.test,,,,Active,,100292,100634,,,,,,,,,100569,Beta,100401,,N,Delta,,100611,,liam.ivanov@examplecorp.test,marco.silva@sampleco.test,Re-engagement,100121,Evergreen Financial LLP,,,,,,,,,101812,,,,Y,
100239,Contact,103703,reese.haddad@sampleco.test,Jordan Calder,2025-05-19 15:11:00,elena.vance@demomail.test,Priya Ivanov,2025-01-20 05:10:00,jamie.haddad@demomail.test,Riley Blake,2026-05-26 17:49:00,quinn.ivanov@demomail.test,Jordan Larsson,2024-05-18 10:20:00,N,Diego Rossi,Taylor Mercer,Drew Blake,SKU-8044,Recruiter,,,,,,,,,TAG-8977,drew.blake@demomail.test,,,,Inactive,100098,,100446,100250,,,,,,100398,,100140,Delta,100121,,,,100462,,,diego.okafor@sampleco.test,elena.ashby@examplecorp.test,Renewal Nudge,100759,,Standard,,,,,,,,101800,,,,N,
100713,Contact,103704,drew.garcia@examplecorp.test,Sofia Calder,2024-05-03 06:46:00,jamie.whitfield@demomail.test,Morgan Garcia,2024-12-09 01:03:00,drew.cohen@demomail.test,Chen Larsson,2025-08-28 23:09:00,omar.reyes@examplecorp.test,Jordan Blake,2025-04-26 15:55:00,Y,Yara Sato,Skyler Patel,Jamie Okafor,SKU-7465,Data Analyst,,,,,,,,SKU-9302,TAG-2991,jamie.okafor@examplecorp.test,,,,Active,100570,100352,100193,100389,100689,,,,,100068,,100545,Delta,100130,,,Standard,100704,100214,,morgan.brooks@demomail.test,rahul.vance@sampleco.test,Re-engagement,100572,,Beta,,,,,,,,101822,,,,,
100476,Contact,103705,emerson.haddad@acme-fake.test,Taylor Mensah,2025-12-01 01:00:00,arjun.patel@acme-fake.test,Avery Calder,2026-05-06 18:51:00,drew.whitfield@demomail.test,Yara Calder,2025-02-23 20:24:00,rowan.dorsey@examplecorp.test,Drew Garcia,2025-08-07 04:32:00,N,Emerson Nguyen,Skyler Patel,Rowan Rossi,REF-3741,Payroll Specialist,,,,,,,,,SKU-3866,rowan.rossi@acme-fake.test,,,,Inactive,100194,100438,100393,100743,100087,,,,,100469,,100137,Beta,100627,,,,100359,100514,,fatima.garcia@demomail.test,aisha.garcia@sampleco.test,Product Update,100067,,Standard,100139,,,,,,,,,,,,
100713,Contact,103707,yara.rossi@examplecorp.test,Nina Haddad,2023-03-04 11:18:00,nina.ashby@sampleco.test,Casey Sloan,2026-02-07 06:44:00,omar.whitfield@acme-fake.test,Aisha Rossi,2026-07-07 10:35:00,riley.mercer@demomail.test,Mei Mercer,2023-06-15 04:44:00,N,Skyler Ford,Noah Silva,Yara Whitfield,REF-9848,Software Developer,,,,Gamma,,,,,LOT-5055,yara.whitfield@examplecorp.test,,,,Inactive,,100718,100343,,,,,,,100210,,100566,Other,100185,,,,100776,100355,,quinn.cohen@acme-fake.test,drew.larsson@demomail.test,Re-engagement,100675,Harbor Foods Ltd,Standard,,,,,,,,101873,,,,,
100371,Contact,103708,reese.sato@demomail.test,Arjun Sloan,2026-04-23 14:01:00,jordan.ivanov@examplecorp.test,Rowan Brooks,2024-06-19 03:47:00,jordan.okafor@sampleco.test,Quinn Ford,2024-05-01 04:26:00,reese.silva@acme-fake.test,Chen Dorsey,2024-03-06 21:30:00,N,Drew Sato,Elena Silva,Mei Calder,TAG-5345,Financial Analyst,,,,,,,,,LOT-2636,mei.calder@acme-fake.test,,,,Inactive,100149,100119,100753,,100741,,,,,100784,,100552,Delta,100365,,,Alpha,,100635,,yara.ashby@demomail.test,rahul.costa@acme-fake.test,Renewal Nudge,100407,,,100643,,,,,,,,N,,,,
100756,Contact,103711,noah.mercer@sampleco.test,Sofia Nguyen,2024-11-06 20:41:00,liam.reyes@demomail.test,Rowan Nguyen,2024-02-23 11:31:00,yara.whitfield@demomail.test,Elena Reyes,2026-07-04 19:29:00,quinn.sato@sampleco.test,Arjun Larsson,2024-09-16 14:55:00,N,Avery Costa,Avery Patel,Reese Larsson,TAG-3924,Bookkeeper,,,,,,,,,LOT-5132,reese.larsson@examplecorp.test,,,,Inactive,100071,100446,100028,100330,100494,,,,,100128,,,Delta,100281,,,Other,100540,,,sofia.ivanov@demomail.test,skyler.vance@demomail.test,Renewal Nudge,100554,Cardinal Health LLC,,100196,,,,,,,,,,,,
100239,Contact,103713,elena.reyes@examplecorp.test,Drew Rossi,2023-12-26 20:48:00,nina.mercer@acme-fake.test,Morgan Garcia,2024-02-25 00:17:00,taylor.costa@sampleco.test,Skyler Kim,2025-03-08 00:25:00,rowan.rossi@demomail.test,Liam Kim,2023-06-02 09:44:00,Y,Elena Haddad,Aisha Nguyen,Morgan Brooks,TAG-8825,Customer Success Manager,,,,,,,,TAG-1541,LOT-5592,morgan.brooks@demomail.test,,,,Active,100439,100699,100634,100178,100468,,,,,100007,,100627,Other,100320,,,Alpha,,100659,,elena.nguyen@acme-fake.test,sofia.brooks@acme-fake.test,Renewal Nudge,100233,,,100133,,,,,,,101857,,,,Y,
100735,Contact,103715,yara.silva@sampleco.test,Priya Whitfield,2024-03-13 06:22:00,elena.brooks@sampleco.test,Omar Vance,2024-11-10 07:23:00,rowan.dorsey@acme-fake.test,Liam Silva,2024-10-04 08:13:00,liam.reyes@sampleco.test,Omar Ashby,2023-12-28 03:10:00,Y,Marco Reyes,Drew Okafor,Jamie Silva,LOT-6105,Bookkeeper,,,,Standard,,,,TAG-3194,SKU-6201,jamie.silva@sampleco.test,,,,Active,100217,,100721,100307,100475,,,,,100096,,100570,Gamma,100542,,,,100191,100073,,aisha.ford@acme-fake.test,rowan.sato@demomail.test,Quarterly Newsletter,100540,Beacon Capital Ltd,Other,,,,,,,,101830,,,,N,
100121,Contact,103717,sofia.reyes@demomail.test,Noah Costa,2024-02-02 00:54:00,avery.reyes@examplecorp.test,Riley Mensah,2022-12-27 18:16:00,liam.silva@examplecorp.test,Emerson Mensah,2024-11-17 16:15:00,morgan.mercer@sampleco.test,Noah Calder,2026-01-15 22:25:00,Y,Priya Mensah,Jamie Larsson,Quinn Dorsey,REF-3393,Customer Success Manager,,TAG-2952,,,,,,,LOT-5461,quinn.dorsey@acme-fake.test,,,,Active,,,100134,,100585,,,,,100582,,,Beta,100683,,,,,100585,,aisha.dorsey@examplecorp.test,alex.larsson@examplecorp.test,Renewal Nudge,100529,,Standard,100699,,,,,,,,,,,Y,N
100188,Contact,103720,noah.mercer@examplecorp.test,Priya Whitfield,2025-05-11 01:44:00,skyler.costa@examplecorp.test,Rahul Garcia,2025-06-15 07:54:00,yara.cohen@acme-fake.test,Marco Whitfield,2023-09-27 19:53:00,skyler.okafor@demomail.test,Drew Ivanov,2023-05-30 03:38:00,Y,Arjun Brooks,Aisha Haddad,Diego Dorsey,REF-8754,HR Generalist,,,,,,,,LOT-3501,TAG-1028,diego.dorsey@sampleco.test,,,,Active,100774,100233,100776,,,,,,,100224,,100779,Gamma,100595,,,,100717,,,marco.reyes@examplecorp.test,aisha.okafor@demomail.test,Re-engagement,100372,,,100439,,,,,,,,,,,N,
100595,Contact,103723,fatima.cohen@examplecorp.test,Chen Mensah,2024-10-04 09:38:00,skyler.silva@acme-fake.test,Quinn Dorsey,2023-07-17 03:42:00,yara.haddad@acme-fake.test,Omar Rossi,2024-05-22 18:05:00,noah.vance@examplecorp.test,Rahul Cohen,2026-05-31 23:02:00,N,Arjun Sato,Quinn Whitfield,Diego Silva,LOT-8098,Software Developer,,,,,,REF-3388,,,SKU-4907,diego.silva@acme-fake.test,,,,Inactive,,,100542,100050,100053,,,,,100751,,100362,Alpha,100185,,,Delta,,,,avery.nguyen@acme-fake.test,arjun.calder@examplecorp.test,Renewal Nudge,100031,,Alpha,100320,,,,,,,101834,,,,N,
100572,Contact,103725,yara.garcia@examplecorp.test,Fatima Rossi,2024-07-12 17:33:00,diego.ivanov@sampleco.test,Yara Kim,2024-11-30 18:15:00,arjun.reyes@examplecorp.test,Chen Ashby,2026-04-13 05:07:00,casey.haddad@acme-fake.test,Nina Haddad,2025-10-22 14:48:00,Y,Avery Brooks,Priya Whitfield,Jamie Blake,TAG-7963,HR Generalist,,,,,,,,SKU-9085,TAG-6661,jamie.blake@examplecorp.test,,,,Active,100624,100449,100410,100590,,,,,,100790,,100765,Gamma,100042,,N,,100328,,,arjun.blake@acme-fake.test,reese.dorsey@examplecorp.test,Product Update,100392,,Delta,100512,,,,,,,,,,,Y,
100671,Contact,103727,jordan.sloan@examplecorp.test,Reese Sloan,2023-01-06 22:45:00,quinn.whitfield@sampleco.test,Alex Ashby,2025-10-16 07:07:00,rahul.garcia@examplecorp.test,Nina Brooks,2023-11-25 09:52:00,elena.calder@acme-fake.test,Morgan Okafor,2023-04-21 07:47:00,Y,Avery Ashby,Elena Vance,Drew Calder,,Bookkeeper,,,,,,,,,SKU-8628,drew.calder@acme-fake.test,,,,Active,100348,,100161,100552,100435,,,,,,,100552,Alpha,100640,,,,100606,,,casey.sloan@examplecorp.test,skyler.calder@examplecorp.test,Re-engagement,100570,,Delta,,,,,,,,101862,,,,,
100559,Contact,103729,alex.ivanov@sampleco.test,Yara Nguyen,2026-06-22 03:52:00,alex.silva@acme-fake.test,Riley Dorsey,2023-09-28 22:57:00,liam.mercer@sampleco.test,Arjun Garcia,2023-01-29 21:32:00,rahul.brooks@sampleco.test,Reese Patel,2026-06-13 22:44:00,N,Noah Vance,Chen Whitfield,Jordan Calder,,Payroll Specialist,,,,,,,,,LOT-7824,jordan.calder@demomail.test,,,,Inactive,100335,,100022,100246,100604,,,,,,,100120,Gamma,100460,,,,100645,,,yara.patel@acme-fake.test,sofia.reyes@acme-fake.test,Renewal Nudge,100385,,Standard,,,,,,,,101810,,,,,
100418,Contact,103732,riley.ivanov@acme-fake.test,Noah Nguyen,2026-03-21 07:53:00,marco.nguyen@examplecorp.test,Morgan Calder,2026-07-01 05:45:00,noah.ford@acme-fake.test,Omar Blake,2024-06-03 09:22:00,aisha.brooks@sampleco.test,Jordan Blake,2026-01-17 08:11:00,Y,Priya Vance,Alex Whitfield,Jamie Calder,LOT-1964,Operations Associate,,,,,,,,,SKU-1180,jamie.calder@examplecorp.test,,,,Active,,,100528,100125,,,,,,100109,,,Gamma,100162,,,Beta,100548,100407,,reese.ashby@demomail.test,diego.nguyen@demomail.test,Renewal Nudge,100458,,,100053,,,,,,,101837,,,,Y,
100405,Contact,103735,noah.brooks@demomail.test,Arjun Dorsey,2024-11-20 20:38:00,liam.haddad@demomail.test,Riley Rossi,2024-10-06 03:21:00,diego.haddad@acme-fake.test,Rahul Okafor,2025-12-16 12:17:00,quinn.kim@demomail.test,Quinn Brooks,2023-05-06 16:29:00,Y,Yara Silva,Avery Kim,Fatima Ivanov,TAG-4473,Data Analyst,,REF-1319,,,,,,,LOT-5524,fatima.ivanov@acme-fake.test,,,,Active,100460,100361,100168,,,,,,,,,,Other,100500,,,,,100548,,priya.brooks@examplecorp.test,mei.rossi@demomail.test,Event Invite,100643,Copper Systems LLP,,100281,,,,,,,101886,,,,,
100639,Contact,103736,alex.dorsey@sampleco.test,Skyler Blake,2023-08-06 18:07:00,skyler.calder@demomail.test,Drew Rossi,2025-09-11 20:24:00,diego.blake@demomail.test,Fatima Silva,2023-05-03 13:58:00,taylor.sloan@examplecorp.test,Taylor Mercer,2023-11-28 16:33:00,Y,Taylor Okafor,Reese Costa,Diego Sloan,LOT-5121,Operations Associate,,,,,,,,TAG-4333,TAG-9578,diego.sloan@acme-fake.test,,,,Active,100529,,100458,,100061,,,,,100215,,100691,Gamma,100067,,Y,,100019,100188,,casey.brooks@examplecorp.test,elena.haddad@acme-fake.test,Event Invite,100147,Lakeside Labs Inc,,,,,,,,,,,,,,
100672,Contact,103737,mei.costa@acme-fake.test,Fatima Brooks,2025-11-11 13:58:00,nina.brooks@sampleco.test,Omar Mercer,2023-03-09 03:50:00,rowan.mensah@demomail.test,Morgan Vance,2024-10-17 05:28:00,riley.ashby@demomail.test,Rahul Nguyen,2025-04-11 15:31:00,Y,Elena Mensah,Yara Whitfield,Yara Ivanov,,Accountant,,,,,,REF-6215,,,TAG-2667,yara.ivanov@examplecorp.test,,,,Active,100362,100115,100554,100665,,,,,,100168,,100671,Beta,100565,,,Beta,100475,100561,,jordan.cohen@examplecorp.test,drew.ashby@acme-fake.test,Product Update,100109,,Beta,100152,,,,,,,,,,,N,
100576,Contact,103738,rahul.nguyen@examplecorp.test,Noah Sato,2024-12-30 13:07:00,elena.okafor@sampleco.test,Alex Calder,2022-12-02 11:29:00,sofia.blake@acme-fake.test,Quinn Garcia,2026-07-24 07:51:00,drew.vance@examplecorp.test,Jordan Patel,2024-03-31 10:52:00,Y,Nina Sloan,Quinn Ashby,Nina Sato,LOT-3857,Support Specialist,,,,Other,,,,LOT-2650,TAG-2844,nina.sato@acme-fake.test,,,,Active,,,100366,100647,,,,,,100578,,100343,Beta,100420,,,Alpha,,100089,,quinn.sloan@examplecorp.test,arjun.vance@acme-fake.test,Re-engagement,100029,Granite Labs LLP,,,,,,,,,101794,,,,,N
100494,Contact,103740,taylor.mercer@examplecorp.test,Elena Ashby,2023-10-08 13:42:00,mei.sloan@acme-fake.test,Elena Mensah,2024-11-24 23:40:00,omar.patel@demomail.test,Yara Dorsey,2024-07-08 23:41:00,mei.silva@sampleco.test,Sofia Sato,2024-04-30 18:57:00,Y,Arjun Larsson,Rowan Brooks,Quinn Sloan,LOT-6989,Executive Assistant,,,,,,,,,LOT-5848,quinn.sloan@demomail.test,,,,Active,100137,100320,100173,,100134,,,,,,,,Beta,100596,,,,,,,morgan.garcia@acme-fake.test,morgan.mercer@examplecorp.test,Renewal Nudge,100782,Meridian Solutions Co,Gamma,,,,,,,,101830,,,,,
100022,Contact,103743,avery.whitfield@sampleco.test,Nina Cohen,2024-01-20 05:19:00,aisha.cohen@examplecorp.test,Chen Mensah,2025-01-15 16:50:00,casey.silva@demomail.test,Noah Calder,2024-10-18 02:34:00,taylor.whitfield@demomail.test,Noah Silva,2025-03-07 05:40:00,Y,Emerson Mensah,Casey Costa,Alex Sloan,SKU-6977,Accountant,,,,,,,,,SKU-5374,alex.sloan@sampleco.test,,,,Active,,100441,100328,,100468,,,,,,,100115,Delta,100172,,,Alpha,100094,100504,,chen.reyes@acme-fake.test,morgan.okafor@examplecorp.test,Renewal Nudge,100691,Keystone Solutions Inc,Standard,100495,,,,8,,,101865,,,,,
100635,Contact,103746,diego.okafor@sampleco.test,Chen Calder,2026-02-06 03:56:00,chen.ford@sampleco.test,Rahul Dorsey,2025-11-12 01:29:00,drew.sato@acme-fake.test,Reese Vance,2025-12-29 14:57:00,diego.brooks@examplecorp.test,Avery Brooks,2026-03-22 00:53:00,N,Sofia Haddad,Skyler Dorsey,Nina Garcia,LOT-8043,Marketing Coordinator,,,,,,,,,TAG-3034,nina.garcia@acme-fake.test,,,,Inactive,,100355,100724,100380,100256,SKU-8048,,,,100700,,100172,Gamma,100686,,,,,100073,,taylor.sloan@demomail.test,arjun.haddad@examplecorp.test,Renewal Nudge,100503,Keystone Retail Co,Beta,100468,,,,,,,101851,,,,,
100665,Contact,103747,taylor.ivanov@demomail.test,Quinn Brooks,2026-04-06 15:41:00,marco.sloan@examplecorp.test,Rahul Reyes,2026-07-01 21:24:00,riley.ashby@demomail.test,Yara Silva,2023-07-08 17:57:00,casey.sato@sampleco.test,Omar Mensah,2023-12-29 20:56:00,Y,Arjun Kim,Emerson Mensah,Skyler Nguyen,REF-3275,Data Analyst,,,,,,,,SKU-6864,LOT-7763,skyler.nguyen@examplecorp.test,,,,Active,100130,,100432,100512,100751,,,,,,,100713,Beta,100726,,,,,100087,,mei.ivanov@examplecorp.test,skyler.garcia@examplecorp.test,Product Update,100786,Summit Partners LLC,,100457,,,,,,,101861,,,,,
100645,Contact,103748,morgan.ford@demomail.test,Emerson Garcia,2026-05-28 21:45:00,diego.haddad@acme-fake.test,Liam Calder,2023-07-28 20:47:00,arjun.nguyen@demomail.test,Yara Mercer,2023-06-03 04:40:00,elena.sloan@demomail.test,Liam Ford,2023-12-22 22:01:00,Y,Omar Larsson,Reese Ivanov,Yara Sato,LOT-7901,Recruiter,,,,,,,,LOT-1849,TAG-8893,yara.sato@acme-fake.test,,,,Active,100038,,100453,,,,,,,100660,,100047,Gamma,100232,,,,,100475,,liam.brooks@acme-fake.test,arjun.sloan@demomail.test,Re-engagement,100199,,Gamma,,,,,2,,,101817,,,,Y,
100740,Contact,103749,chen.sloan@demomail.test,Reese Whitfield,2023-12-14 14:52:00,reese.brooks@sampleco.test,Fatima Reyes,2025-03-04 20:23:00,morgan.ford@demomail.test,Chen Rossi,2025-10-25 04:27:00,arjun.larsson@acme-fake.test,Alex Vance,2025-12-31 12:25:00,Y,Jamie Sato,Fatima Calder,Taylor Okafor,SKU-5139,Recruiter,,,,,,,,TAG-3600,SKU-5576,taylor.okafor@acme-fake.test,,,,Active,,100414,100786,,,,,,,,,,Standard,100694,,,,100067,100201,,riley.vance@examplecorp.test,quinn.okafor@examplecorp.test,Event Invite,100378,,Delta,100475,,,,,,,101795,,,,N,
100096,Contact,103751,emerson.ivanov@acme-fake.test,Alex Ivanov,2025-04-13 01:19:00,quinn.mensah@sampleco.test,Nina Cohen,2024-09-29 23:46:00,mei.mercer@demomail.test,Yara Silva,2026-04-03 19:09:00,sofia.ford@acme-fake.test,Priya Ivanov,2024-12-11 08:22:00,N,Aisha Sato,Jamie Ashby,Quinn Ashby,SKU-7949,Marketing Coordinator,,,,,,,,LOT-9931,TAG-6364,quinn.ashby@acme-fake.test,,,,Inactive,100128,100548,100471,,100252,,,,,,,,Alpha,100446,,,,100664,100382,,elena.silva@examplecorp.test,omar.rossi@examplecorp.test,Quarterly Newsletter,100654,Redwood Energy LLP,Delta,,,,,,,,101813,,,,,
100123,Contact,103753,chen.vance@sampleco.test,Skyler Okafor,2025-07-08 09:47:00,casey.okafor@demomail.test,Elena Costa,2025-05-10 10:11:00,elena.cohen@sampleco.test,Jordan Mensah,2026-01-21 18:50:00,emerson.blake@acme-fake.test,Rowan Silva,2024-10-24 10:19:00,Y,Aisha Garcia,Yara Whitfield,Nina Ashby,TAG-6286,HR Generalist,,REF-6194,,,,REF-9957,,,REF-6992,nina.ashby@acme-fake.test,,,,Active,100624,100400,100296,,,,,,,100435,,100098,Other,100535,,,Gamma,,,,arjun.kim@acme-fake.test,morgan.blake@demomail.test,Re-engagement,100242,,Alpha,100538,,,,,,,,Y,,,,
100658,Contact,103755,fatima.kim@demomail.test,Rowan Sloan,2025-10-06 14:54:00,omar.sato@acme-fake.test,Morgan Ivanov,2026-03-22 20:04:00,reese.mensah@acme-fake.test,Avery Ford,2024-01-30 15:38:00,arjun.mensah@acme-fake.test,Rahul Calder,2023-09-30 20:41:00,Y,Diego Vance,Drew Vance,Priya Sato,SKU-8016,Support Specialist,,,,,,,,,LOT-1817,priya.sato@sampleco.test,,,,Active,100021,100221,100153,100761,100296,,,,,100103,,100675,Delta,100439,,,,100673,100585,,jordan.blake@sampleco.test,marco.ford@acme-fake.test,Product Update,100699,Meridian Group Corp,Other,100688,,,,,,,101854,,,,,
100040,Contact,103758,reese.calder@examplecorp.test,Diego Ashby,2024-09-30 10:47:00,riley.calder@demomail.test,Riley Mercer,2024-01-17 13:23:00,arjun.cohen@acme-fake.test,Yara Ivanov,2024-03-28 07:31:00,taylor.mensah@examplecorp.test,Reese Costa,2025-04-23 16:08:00,Y,Nina Vance,Priya Calder,Avery Okafor,REF-4234,Payroll Specialist,,LOT-2958,,,,,,,SKU-1569,avery.okafor@sampleco.test,,,,Active,,100021,100756,100555,100438,,,,,100747,,100042,Beta,100481,,,,100758,100309,,omar.vance@examplecorp.test,nina.ivanov@demomail.test,Quarterly Newsletter,100576,Falcon Textiles Ltd,,,,5,,,,,101865,,,,,
100005,Contact,103759,sofia.kim@acme-fake.test,Noah Calder,2025-12-15 15:13:00,noah.rossi@sampleco.test,Emerson Vance,2025-05-26 11:53:00,rahul.ivanov@demomail.test,Omar Mensah,2024-03-08 10:32:00,elena.calder@sampleco.test,Rowan Rossi,2024-10-07 12:01:00,Y,Arjun Mercer,Jamie Reyes,Casey Ashby,REF-3353,Accountant,,,,,,,,,TAG-8703,casey.ashby@examplecorp.test,,,,Active,,100219,100601,,100770,,,,,,,100651,Alpha,100098,,,,100043,100747,,marco.okafor@acme-fake.test,taylor.brooks@sampleco.test,Event Invite,100566,,Other,100765,,,,,,,101827,,,,,
100299,Contact,103762,jamie.haddad@acme-fake.test,Alex Okafor,2024-08-13 22:34:00,alex.dorsey@demomail.test,Alex Ashby,2023-10-18 02:55:00,reese.mercer@examplecorp.test,Reese Blake,2026-01-12 22:32:00,fatima.brooks@examplecorp.test,Priya Dorsey,2024-10-17 12:47:00,Y,Sofia Mercer,Chen Sato,Morgan Calder,REF-1277,Support Specialist,,,,,,,,SKU-2030,TAG-8578,morgan.calder@sampleco.test,,,,Active,,,100428,100726,100118,,,,,100215,,100737,Alpha,100550,,,,100061,100009,,riley.brooks@examplecorp.test,skyler.vance@demomail.test,Quarterly Newsletter,100055,,Standard,100247,,,,,,,101851,,,,,
100199,Contact,103765,arjun.haddad@examplecorp.test,Mei Ashby,2026-05-19 23:34:00,sofia.patel@sampleco.test,Emerson Garcia,2026-07-18 20:08:00,emerson.kim@sampleco.test,Diego Patel,2024-02-21 15:58:00,jordan.rossi@acme-fake.test,Priya Mercer,2023-12-02 06:48:00,N,Jordan Calder,Jamie Blake,Noah Cohen,REF-6431,Data Analyst,,,,,,,,TAG-6560,SKU-2025,noah.cohen@examplecorp.test,,,,Inactive,,100490,100561,100704,,,,,,100158,,,Delta,100296,,,,,100410,,sofia.sato@demomail.test,avery.silva@demomail.test,Event Invite,100739,,Other,,,,,,,,101840,,,,Y,
100242,Contact,103767,marco.kim@sampleco.test,Skyler Nguyen,2024-11-05 06:53:00,casey.calder@sampleco.test,Riley Whitfield,2024-01-20 13:37:00,casey.larsson@demomail.test,Reese Larsson,2025-01-11 20:00:00,diego.haddad@demomail.test,Rowan Reyes,2025-12-11 11:29:00,Y,Mei Mercer,Emerson Ashby,Noah Costa,LOT-2202,QA Engineer,,,,,,,,,LOT-5610,noah.costa@examplecorp.test,,,,Active,100714,100585,100396,100385,,,,,,100634,,100387,Gamma,100753,,,Beta,,,,rowan.ford@demomail.test,chen.whitfield@sampleco.test,Quarterly Newsletter,100398,,Alpha,100758,,,,,,,101858,N,,,,
100038,Contact,103768,reese.garcia@demomail.test,Avery Whitfield,2023-01-07 05:44:00,priya.ashby@demomail.test,Elena Okafor,2025-07-06 17:31:00,jamie.sato@sampleco.test,Drew Okafor,2023-08-25 14:22:00,quinn.brooks@demomail.test,Emerson Larsson,2026-05-18 18:40:00,Y,Riley Nguyen,Alex Reyes,Avery Reyes,SKU-1101,Executive Assistant,,REF-8014,,,,,,,TAG-2002,avery.reyes@demomail.test,,,,Active,100713,100145,100389,100694,,SKU-8726,,,,,,100023,Standard,100162,,,Beta,100525,100217,,alex.sato@examplecorp.test,skyler.rossi@acme-fake.test,Product Update,100665,Ironwood Ventures,Alpha,100691,,,,,,,,,,,Y,
100659,Contact,103769,liam.larsson@demomail.test,Chen Whitfield,2022-12-02 09:51:00,diego.blake@sampleco.test,Fatima Dorsey,2026-06-20 15:19:00,reese.haddad@demomail.test,Morgan Silva,2026-02-22 15:46:00,omar.rossi@examplecorp.test,Chen Ivanov,2026-02-03 23:15:00,Y,Avery Ashby,Liam Mensah,Fatima Haddad,REF-8271,Support Specialist,,,,Alpha,,,,,REF-5294,fatima.haddad@examplecorp.test,,,,Active,,100616,100330,,,,,,,100434,,,Gamma,100465,,,Standard,,,,alex.mensah@examplecorp.test,yara.sato@acme-fake.test,Quarterly Newsletter,100014,,,,,,,,,,,,,,,
100079,Contact,103770,skyler.cohen@sampleco.test,Arjun Garcia,2022-10-01 21:46:00,morgan.sloan@sampleco.test,Rowan Nguyen,2023-02-01 21:51:00,emerson.okafor@sampleco.test,Priya Ashby,2026-06-03 15:27:00,noah.brooks@acme-fake.test,Omar Brooks,2025-04-19 09:22:00,Y,Fatima Larsson,Taylor Ivanov,Mei Patel,REF-6848,Financial Analyst,,,,,,,7368,,LOT-8628,mei.patel@demomail.test,,,,Active,,100774,100448,,100629,,,,,100616,,100500,Other,100453,,,,100246,,,priya.haddad@acme-fake.test,morgan.nguyen@acme-fake.test,Quarterly Newsletter,100229,,Other,100601,,3,,,,,,,,,Y,
100658,Contact,103771,diego.cohen@examplecorp.test,Jordan Silva,2025-08-22 18:05:00,jordan.calder@acme-fake.test,Diego Dorsey,2026-04-20 06:35:00,skyler.mercer@acme-fake.test,Rahul Whitfield,2026-01-30 10:23:00,omar.rossi@demomail.test,Omar Whitfield,2023-07-06 05:10:00,Y,Reese Sato,Taylor Garcia,Avery Costa,LOT-8152,QA Engineer,,,,,,,,,TAG-6980,avery.costa@sampleco.test,,,,Active,,,100694,,100112,,,,,,,100451,Gamma,100109,,,Beta,100741,100092,,elena.ashby@examplecorp.test,mei.ivanov@demomail.test,Event Invite,100737,Brightpath Analytics Ltd,,100453,,,,,,,101813,,,,,
100319,Contact,103774,mei.larsson@sampleco.test,Priya Haddad,2025-02-09 02:59:00,marco.ford@demomail.test,Fatima Whitfield,2025-05-23 06:12:00,reese.brooks@sampleco.test,Emerson Haddad,2026-03-26 15:53:00,chen.reyes@sampleco.test,Reese Patel,2025-06-29 22:10:00,Y,Sofia Brooks,Yara Ford,Emerson Mercer,REF-7203,Financial Analyst,,,,,,,,,REF-9917,emerson.mercer@demomail.test,,,,Active,100134,,100205,,100564,,,,,,,,Alpha,100671,,,,100449,100434,,omar.larsson@demomail.test,arjun.costa@examplecorp.test,Product Update,100242,,,,,,,,,,101805,,,,,
100652,Contact,103776,mei.ashby@acme-fake.test,Rahul Haddad,2025-04-28 03:57:00,emerson.costa@acme-fake.test,Taylor Nguyen,2025-11-25 18:24:00,drew.patel@examplecorp.test,Noah Blake,2024-04-28 15:07:00,liam.larsson@acme-fake.test,Jordan Okafor,2026-02-13 01:50:00,Y,Rahul Blake,Marco Kim,Priya Rossi,TAG-8822,QA Engineer,,,,,,,,TAG-4126,TAG-6052,priya.rossi@sampleco.test,,,,Active,100298,100504,100119,100217,100193,REF-9992,,,,,,100158,Beta,100578,,,Beta,100267,100288,,mei.sato@demomail.test,reese.silva@demomail.test,Renewal Nudge,100165,Copper Group LLC,Gamma,100739,,,,,,,101871,,,,N,
100650,Contact,103778,skyler.mercer@sampleco.test,Emerson Ivanov,2025-06-23 08:33:00,marco.nguyen@examplecorp.test,Rahul Reyes,2025-02-07 00:07:00,chen.ivanov@demomail.test,Mei Whitfield,2022-12-08 11:52:00,aisha.larsson@acme-fake.test,Reese Sato,2024-03-13 12:56:00,Y,Diego Okafor,Skyler Patel,Chen Garcia,SKU-9021,Operations Associate,,,Alpha,,Gamma,,,,REF-8573,chen.garcia@sampleco.test,,,,Active,,,100267,100256,,,,,,100153,,,Other,100448,,,,,100529,,liam.cohen@demomail.test,sofia.mensah@examplecorp.test,Product Update,100005,,,100661,,,,,,,,,,,N,
100446,Contact,103781,omar.cohen@demomail.test,Rahul Kim,2025-12-11 13:25:00,aisha.dorsey@examplecorp.test,Avery Okafor,2025-10-06 15:14:00,liam.vance@sampleco.test,Liam Ashby,2023-04-06 00:06:00,arjun.mensah@examplecorp.test,Quinn Larsson,2024-08-02 23:20:00,Y,Yara Okafor,Elena Ashby,Yara Vance,TAG-4742,Support Specialist,,,,,,,,,TAG-1105,yara.vance@examplecorp.test,,,,Active,100469,100021,100226,100173,,,,,,100162,,100745,Alpha,100714,,,Other,100067,100314,,arjun.dorsey@acme-fake.test,mei.haddad@examplecorp.test,Re-engagement,100217,,Alpha,100529,,,,,,,101831,,,,,
100458,Contact,103783,mei.garcia@sampleco.test,Morgan Calder,2023-08-30 19:46:00,rowan.calder@examplecorp.test,Noah Silva,2026-07-30 17:12:00,jamie.ford@examplecorp.test,Riley Silva,2024-08-28 20:40:00,mei.rossi@demomail.test,Drew Mensah,2026-07-02 02:13:00,Y,Elena Reyes,Drew Mensah,Noah Vance,REF-3897,Financial Analyst,,,,,,REF-3766,,,LOT-9562,noah.vance@sampleco.test,,,,Active,100253,100156,100211,100425,100162,,,,,100307,,100566,Other,100671,,,,100438,100061,,morgan.garcia@examplecorp.test,quinn.costa@sampleco.test,Renewal Nudge,100410,,,100538,,,,,,,,,,,N,
100359,Contact,103784,skyler.rossi@sampleco.test,Rowan Ivanov,2023-07-19 00:42:00,elena.sato@sampleco.test,Emerson Rossi,2023-11-02 06:56:00,morgan.brooks@sampleco.test,Rowan Rossi,2024-08-27 16:04:00,marco.whitfield@demomail.test,Rahul Sloan,2025-06-14 02:22:00,Y,Omar Sato,Fatima Ivanov,Chen Garcia,TAG-4445,Operations Associate,,,,,,,,,REF-8205,chen.garcia@acme-fake.test,,,,Active,,,100050,100498,100125,,,,,,,100750,Gamma,100026,,,,100125,100400,,emerson.ashby@examplecorp.test,yara.okafor@examplecorp.test,Event Invite,100638,Copper Systems Ltd,Alpha,100576,,,,,,,101836,,,,Y,
100340,Contact,103785,mei.sato@examplecorp.test,Yara Dorsey,2024-07-01 01:04:00,reese.kim@acme-fake.test,Jordan Calder,2025-12-28 05:11:00,taylor.sloan@demomail.test,Sofia Sloan,2026-06-07 13:06:00,chen.whitfield@demomail.test,Quinn Rossi,2025-04-07 01:08:00,N,Quinn Whitfield,Riley Kim,Taylor Sato,REF-5481,Bookkeeper,,,,,,,,TAG-7625,LOT-6956,taylor.sato@demomail.test,,,,Inactive,100669,,100244,,100659,SKU-9643,,,,100779,,,Other,100055,,,Delta,,,,jamie.rossi@examplecorp.test,diego.dorsey@demomail.test,Renewal Nudge,100599,,,,,,,,,,,,,,,
100191,Contact,103786,riley.okafor@demomail.test,Marco Garcia,2026-06-26 17:53:00,priya.whitfield@sampleco.test,Nina Nguyen,2025-01-05 10:36:00,morgan.ivanov@demomail.test,Noah Larsson,2023-06-24 14:38:00,mei.rossi@acme-fake.test,Taylor Sloan,2024-10-28 17:22:00,Y,Rahul Sato,Diego Blake,Emerson Sloan,TAG-3760,Payroll Specialist,,,,,,,,,REF-8667,emerson.sloan@sampleco.test,,,,Active,100673,100068,100498,100747,,,,,,100429,,100229,Other,100083,,,Alpha,,,,diego.silva@demomail.test,drew.whitfield@acme-fake.test,Re-engagement,100203,,,,,,,,,,,,,,Y,
100035,Contact,103787,avery.sato@sampleco.test,Rowan Larsson,2026-06-20 17:37:00,alex.rossi@acme-fake.test,Morgan Reyes,2025-07-16 02:47:00,marco.ashby@acme-fake.test,Drew Brooks,2023-08-13 02:15:00,elena.mensah@acme-fake.test,Priya Okafor,2026-04-11 00:43:00,Y,Fatima Ivanov,Rahul Costa,Nina Okafor,REF-7236,Data Analyst,,,,,,,,,LOT-6809,nina.okafor@examplecorp.test,,,,Active,,100278,100019,,,SKU-6488,,,,,,100221,Beta,100382,,,,100061,,,taylor.ashby@demomail.test,taylor.ivanov@demomail.test,Quarterly Newsletter,100645,Blue Ridge Health Inc,Other,100152,,,,,,,101888,,,,Y,
100082,Contact,103788,alex.brooks@demomail.test,Emerson Reyes,2024-04-13 11:29:00,emerson.vance@sampleco.test,Avery Patel,2022-11-20 12:49:00,omar.kim@acme-fake.test,Nina Ivanov,2024-06-04 14:57:00,diego.brooks@examplecorp.test,Liam Brooks,2026-07-12 17:54:00,Y,Nina Sloan,Chen Okafor,Avery Ivanov,REF-9158,Data Analyst,,,,,,,,,TAG-5322,avery.ivanov@acme-fake.test,,,,Active,100196,,100278,100139,100529,,,,,100619,,100555,Alpha,100120,,,Standard,100759,100275,,quinn.ford@acme-fake.test,marco.patel@sampleco.test,Renewal Nudge,100647,,Standard,100565,,,,,,,101854,,,,,
100514,Contact,103791,taylor.calder@sampleco.test,Liam Calder,2025-07-23 14:39:00,noah.larsson@acme-fake.test,Diego Whitfield,2024-09-06 22:29:00,noah.mercer@sampleco.test,Sofia Brooks,2023-07-23 05:54:00,sofia.nguyen@demomail.test,Taylor Haddad,2025-03-10 15:26:00,Y,Jordan Mercer,Fatima Calder,Taylor Calder,TAG-1321,Bookkeeper,,,,Other,Alpha,,4260,,TAG-7093,taylor.calder@acme-fake.test,,,,Active,,100137,100012,100096,,LOT-4961,,,,100579,,100089,Gamma,100043,,,Delta,100335,100432,,liam.sato@acme-fake.test,rowan.reyes@examplecorp.test,Quarterly Newsletter,100538,,Other,,,,,,,,101803,,,,,
100761,Contact,103794,jamie.rossi@sampleco.test,Elena Cohen,2023-08-06 03:17:00,nina.costa@acme-fake.test,Taylor Silva,2023-01-26 16:30:00,omar.patel@acme-fake.test,Mei Costa,2023-06-26 12:28:00,fatima.dorsey@demomail.test,Emerson Brooks,2022-11-25 15:58:00,N,Skyler Reyes,Reese Silva,Jamie Dorsey,LOT-1967,Project Manager,,,,,,,,SKU-2485,SKU-6408,jamie.dorsey@demomail.test,,,,Inactive,,100065,100661,100118,,,,,,,,,Gamma,100552,,,Beta,100697,,,rahul.costa@sampleco.test,aisha.okafor@sampleco.test,Quarterly Newsletter,100579,,,,,,,,,,,,,,,
100654,Contact,103795,rahul.blake@demomail.test,Rahul Ford,2026-05-27 05:48:00,jamie.sloan@acme-fake.test,Alex Larsson,2026-01-25 23:30:00,liam.blake@sampleco.test,Mei Larsson,2024-04-15 01:03:00,diego.rossi@sampleco.test,Riley Sato,2025-01-31 12:01:00,N,Liam Ashby,Morgan Patel,Fatima Garcia,TAG-7972,Payroll Specialist,,,,,Gamma,,,,SKU-3819,fatima.garcia@sampleco.test,,,,Inactive,100055,,100478,100619,100432,,,,,100201,,100774,Beta,100466,,,Alpha,100758,100231,,avery.ford@examplecorp.test,aisha.blake@sampleco.test,Renewal Nudge,100476,Delta Logistics LLC,,100776,,,,,,,101858,,,,N,
100299,Contact,103797,fatima.mercer@demomail.test,Jamie Vance,2023-02-27 07:58:00,casey.whitfield@demomail.test,Omar Haddad,2023-12-22 08:27:00,diego.dorsey@examplecorp.test,Jamie Sloan,2024-12-26 01:14:00,chen.sloan@acme-fake.test,Arjun Ashby,2024-03-01 16:23:00,Y,Rowan Ivanov,Chen Haddad,Sofia Calder,REF-8050,Data Analyst,,,,,,REF-3018,,,LOT-1864,sofia.calder@acme-fake.test,,,,Active,100429,100134,100203,,100697,,,,,100765,,100362,Gamma,100545,,,Beta,100291,100155,,yara.mensah@examplecorp.test,arjun.blake@sampleco.test,Quarterly Newsletter,100162,,Alpha,,,,,,,,101878,,,,,
100564,Contact,103800,jordan.ford@demomail.test,Sofia Whitfield,2022-11-15 19:41:00,sofia.vance@examplecorp.test,Emerson Cohen,2023-11-04 15:42:00,omar.nguyen@sampleco.test,Noah Dorsey,2025-09-18 03:02:00,morgan.kim@demomail.test,Priya Dorsey,2026-01-14 06:24:00,Y,Marco Haddad,Casey Larsson,Arjun Vance,LOT-3438,Executive Assistant,,,,,,,,LOT-7747,TAG-7836,arjun.vance@examplecorp.test,,,,Active,100319,100552,100707,,100303,,,,,,,,Gamma,100288,,,Standard,100740,100650,,morgan.ivanov@sampleco.test,marco.whitfield@demomail.test,Quarterly Newsletter,100361,,Alpha,,,,,,,,,,,,,
100421,Contact,103802,arjun.sloan@sampleco.test,Taylor Dorsey,2023-03-21 18:27:00,sofia.patel@acme-fake.test,Alex Sato,2024-11-15 19:41:00,taylor.mensah@demomail.test,Noah Mercer,2023-08-16 01:31:00,emerson.patel@examplecorp.test,Rowan Reyes,2025-08-07 10:08:00,Y,Priya Brooks,Arjun Mensah,Riley Silva,TAG-2399,Payroll Specialist,,,,,,,,LOT-4041,SKU-4802,riley.silva@demomail.test,,,,Active,100219,,100403,,,,,,,100423,,100770,Standard,100566,,,Standard,100054,100654,,nina.okafor@examplecorp.test,taylor.larsson@acme-fake.test,Product Update,100203,Redwood Energy Inc,,,,,,,,,101836,Y,,,,
100299,Contact,103804,arjun.blake@demomail.test,Fatima Garcia,2026-02-18 16:29:00,rowan.rossi@examplecorp.test,Morgan Dorsey,2024-12-06 16:17:00,rowan.larsson@sampleco.test,Chen Brooks,2025-09-06 10:54:00,elena.whitfield@examplecorp.test,Emerson Reyes,2024-02-18 06:35:00,Y,Aisha Ashby,Jamie Sloan,Rahul Garcia,,Operations Associate,,,,,,,,LOT-7203,LOT-6724,rahul.garcia@demomail.test,,,,Active,,100590,100247,100451,,,,,,100747,,100493,Delta,100118,,,,100753,,,emerson.garcia@demomail.test,rahul.costa@sampleco.test,Re-engagement,100494,,,100596,,,,,,,101807,,,,,
100484,Contact,103806,taylor.nguyen@acme-fake.test,Arjun Dorsey,2024-01-24 08:46:00,chen.haddad@examplecorp.test,Mei Vance,2024-03-09 17:30:00,yara.garcia@sampleco.test,Omar Rossi,2023-04-16 08:49:00,noah.cohen@sampleco.test,Taylor Costa,2025-01-21 18:13:00,N,Reese Sloan,Sofia Reyes,Rahul Mercer,LOT-3100,Customer Success Manager,,,,,,,,,TAG-2124,rahul.mercer@sampleco.test,,,,Inactive,100181,,100791,,100611,,,,,100672,,100737,Standard,100564,,,,,,,marco.dorsey@acme-fake.test,rowan.sato@acme-fake.test,Quarterly Newsletter,100120,Granite Solutions LLC,Other,,,,,,,,101827,,,,,
100369,Contact,103807,yara.garcia@examplecorp.test,Riley Brooks,2025-04-19 00:26:00,morgan.patel@sampleco.test,Chen Rossi,2023-06-26 18:53:00,taylor.patel@acme-fake.test,Casey Costa,2025-03-30 21:58:00,aisha.patel@sampleco.test,Riley Nguyen,2025-07-21 00:03:00,N,Quinn Larsson,Rahul Sloan,Priya Garcia,TAG-5634,Accountant,,,,,,,,REF-3578,LOT-6027,priya.garcia@examplecorp.test,,,,Inactive,,100161,100762,100405,,,,,,,,,Standard,100673,,,Gamma,100320,100284,,rowan.kim@acme-fake.test,alex.sato@acme-fake.test,Event Invite,100664,,Alpha,100756,,,,5,,,101878,,,,,N
100494,Contact,103808,mei.larsson@sampleco.test,Jordan Costa,2025-11-12 09:03:00,jamie.ashby@sampleco.test,Emerson Blake,2022-11-25 15:45:00,drew.ivanov@acme-fake.test,Taylor Haddad,2023-07-14 11:29:00,diego.blake@sampleco.test,Jamie Haddad,2026-05-31 21:32:00,Y,Omar Calder,Fatima Sloan,Sofia Okafor,TAG-5555,Support Specialist,,,,,,,,,LOT-9409,sofia.okafor@acme-fake.test,,,,Active,100771,100683,100401,100743,100608,,,,,100740,,,Other,100199,,,,100658,,,liam.mercer@acme-fake.test,mei.sloan@examplecorp.test,Renewal Nudge,100047,,,,,,,,,,101795,,,,,
100352,Contact,103809,avery.sato@examplecorp.test,Yara Haddad,2024-03-15 06:09:00,noah.vance@demomail.test,Alex Ivanov,2025-11-08 20:31:00,rowan.ashby@examplecorp.test,Fatima Silva,2025-09-10 00:20:00,rahul.mercer@acme-fake.test,Avery Dorsey,2025-04-03 04:16:00,Y,Marco Mensah,Emerson Mercer,Emerson Costa,TAG-5273,Recruiter,,,,,,,,SKU-5564,SKU-6627,emerson.costa@examplecorp.test,,,,Active,100128,,100656,,100348,,,,,100514,,100761,Delta,100231,,,Gamma,,100133,,elena.sloan@examplecorp.test,fatima.costa@examplecorp.test,Event Invite,100421,Summit Textiles Ltd,,100103,,,,,,,,,,,,
100732,Contact,103812,noah.garcia@examplecorp.test,Drew Silva,2023-01-18 10:13:00,chen.garcia@examplecorp.test,Emerson Costa,2025-09-02 11:47:00,chen.okafor@examplecorp.test,Rowan Reyes,2025-10-17 21:46:00,priya.vance@acme-fake.test,Rowan Nguyen,2023-01-02 07:29:00,Y,Marco Rossi,Jamie Rossi,Rahul Garcia,TAG-1531,Accountant,,,,,,,,TAG-7505,TAG-2341,rahul.garcia@demomail.test,,,,Active,,100236,100284,100493,100123,,,,,100745,,,Alpha,100119,,,Delta,,100307,,liam.haddad@examplecorp.test,rahul.kim@sampleco.test,Re-engagement,100718,,Alpha,,,,,,,,,,,,Y,
100791,Contact,103815,noah.rossi@sampleco.test,Noah Garcia,2023-11-09 08:26:00,omar.calder@sampleco.test,Arjun Costa,2025-12-03 11:13:00,quinn.mercer@examplecorp.test,Quinn Ivanov,2023-05-16 04:37:00,liam.cohen@examplecorp.test,Marco Sloan,2024-06-09 00:20:00,N,Rowan Sato,Liam Sato,Rahul Mensah,LOT-4336,Software Developer,,,,,,,,,REF-1955,rahul.mensah@examplecorp.test,,,,Inactive,,100673,100054,100275,100568,,,,,,,100704,Gamma,100696,,,,100498,100398,,avery.sloan@examplecorp.test,liam.whitfield@examplecorp.test,Product Update,100434,,Gamma,100328,,,,,,,,,,,,
100031,Contact,103817,reese.mercer@demomail.test,Mei Whitfield,2025-11-15 16:14:00,noah.garcia@demomail.test,Casey Ashby,2025-04-09 09:51:00,arjun.garcia@demomail.test,Arjun Blake,2024-01-27 13:50:00,reese.blake@examplecorp.test,Sofia Costa,2025-03-25 07:43:00,Y,Sofia Ford,Priya Ivanov,Mei Mercer,REF-1228,Financial Analyst,,,,,,,,,REF-7127,mei.mercer@examplecorp.test,,,,Active,,100418,100516,,100058,,,,,100451,,,Beta,100733,,,Alpha,,,,priya.ford@sampleco.test,sofia.dorsey@sampleco.test,Product Update,100664,,Gamma,100201,,,,5,,,101878,,,,N,
100694,Contact,103819,chen.vance@demomail.test,Jordan Calder,2023-05-21 16:35:00,avery.dorsey@sampleco.test,Omar Vance,2023-03-28 16:43:00,yara.haddad@acme-fake.test,Emerson Kim,2025-09-02 09:40:00,skyler.rossi@acme-fake.test,Liam Ford,2024-02-29 05:07:00,N,Avery Ashby,Chen Okafor,Liam Cohen,LOT-9642,Customer Success Manager,,,,,,,,SKU-3188,LOT-2877,liam.cohen@sampleco.test,,,,Inactive,100247,100462,100500,100656,100155,,,,,100096,,,Delta,100704,,,Standard,,,,aisha.silva@examplecorp.test,taylor.nguyen@examplecorp.test,Re-engagement,100053,,Gamma,100732,,,,,,,,,,,,
100273,Contact,103821,priya.calder@acme-fake.test,Rowan Garcia,2025-01-05 23:23:00,rahul.dorsey@sampleco.test,Fatima Patel,2023-08-31 08:22:00,jamie.silva@examplecorp.test,Nina Costa,2023-04-18 08:03:00,chen.costa@acme-fake.test,Priya Silva,2025-11-05 11:05:00,Y,Jamie Nguyen,Noah Haddad,Sofia Sato,LOT-3354,Software Developer,,,,,,,,,TAG-3870,sofia.sato@acme-fake.test,,,,Active,,,100675,100200,,,,,,,,,Delta,100317,,,Standard,,,,mei.haddad@demomail.test,emerson.dorsey@sampleco.test,Quarterly Newsletter,100120,,Other,,,,,9,,,,,,,,
100713,Contact,103822,arjun.dorsey@demomail.test,Marco Haddad,2024-10-19 10:49:00,alex.ivanov@sampleco.test,Arjun Dorsey,2023-06-28 04:31:00,diego.sloan@acme-fake.test,Morgan Rossi,2023-01-04 20:23:00,noah.mercer@sampleco.test,Quinn Haddad,2024-05-09 03:28:00,Y,Skyler Dorsey,Mei Vance,Taylor Okafor,LOT-2817,Data Analyst,,,,,,,,LOT-4605,LOT-9732,taylor.okafor@demomail.test,,,,Active,100771,100548,100119,,100286,,,,,,,,Gamma,100751,,,Delta,,100109,,aisha.nguyen@acme-fake.test,aisha.mercer@acme-fake.test,Quarterly Newsletter,100033,,,100157,,,,,,,,,,,,Y
100147,Contact,103823,diego.costa@demomail.test,Quinn Haddad,2024-03-27 12:59:00,aisha.kim@demomail.test,Emerson Sloan,2025-05-31 02:47:00,casey.blake@examplecorp.test,Omar Sloan,2023-12-04 20:29:00,nina.vance@examplecorp.test,Casey Cohen,2023-04-08 13:28:00,Y,Noah Sloan,Yara Ashby,Noah Brooks,SKU-1798,Project Manager,,,,,,,,TAG-1257,REF-1774,noah.brooks@demomail.test,,,,Active,100330,100619,100726,,100532,,,,,100535,,,Beta,100348,,,,,,,liam.silva@examplecorp.test,sofia.rossi@demomail.test,Event Invite,100572,Vertex Systems Inc,Beta,,,,2,,,,,,,,N,
100487,Contact,103825,quinn.patel@examplecorp.test,Aisha Ashby,2025-01-09 21:52:00,emerson.okafor@examplecorp.test,Skyler Ford,2023-11-08 23:23:00,alex.ashby@examplecorp.test,Casey Okafor,2025-07-14 05:33:00,reese.mercer@demomail.test,Emerson Silva,2025-10-16 01:16:00,Y,Morgan Larsson,Nina Dorsey,Diego Costa,REF-1333,Support Specialist,,,,,,,,SKU-9547,LOT-7732,diego.costa@examplecorp.test,,,,Active,100385,100429,100215,100352,100220,,,,,,,100117,Alpha,100005,,,,100503,,,jordan.sato@sampleco.test,jamie.silva@sampleco.test,Re-engagement,100046,,Gamma,,,,,,,,101870,N,,,Y,
100119,Contact,103827,rowan.blake@sampleco.test,Jamie Mercer,2023-04-30 08:04:00,alex.blake@examplecorp.test,Reese Haddad,2023-08-03 05:05:00,drew.mensah@sampleco.test,Taylor Mensah,2026-05-25 11:19:00,morgan.calder@demomail.test,Sofia Garcia,2024-11-14 17:21:00,Y,Alex Okafor,Liam Silva,Jordan Silva,LOT-1463,Recruiter,,,,,,REF-4092,,,REF-1065,jordan.silva@examplecorp.test,,,,Active,100473,,100244,100730,,,,,,100298,,,Gamma,100007,,,Other,100005,,,rahul.costa@sampleco.test,morgan.sloan@examplecorp.test,Event Invite,100503,Northwind Robotics Inc,,100542,,,,,,,101886,,,,Y,Y
100291,Contact,103830,sofia.ivanov@examplecorp.test,Diego Mercer,2024-12-28 14:45:00,morgan.reyes@demomail.test,Omar Dorsey,2026-03-05 23:45:00,marco.okafor@demomail.test,Fatima Costa,2024-04-14 05:06:00,alex.nguyen@sampleco.test,Casey Calder,2024-01-27 12:43:00,Y,Reese Vance,Sofia Calder,Fatima Ashby,REF-5991,Bookkeeper,,SKU-2007,,,Delta,,,TAG-4297,LOT-8056,fatima.ashby@examplecorp.test,,,,Active,,100770,100448,100696,100256,LOT-7498,,,,100082,,100775,Standard,100109,,,,,100713,,taylor.kim@acme-fake.test,alex.silva@sampleco.test,Re-engagement,100043,Evergreen Financial Inc,Gamma,,,,,,,,101860,,,,,
100522,Contact,103831,nina.ivanov@sampleco.test,Fatima Larsson,2023-07-27 15:12:00,rahul.rossi@sampleco.test,Chen Mercer,2025-05-10 16:06:00,noah.ford@acme-fake.test,Rowan Larsson,2024-12-05 08:24:00,skyler.reyes@acme-fake.test,Rowan Blake,2024-10-12 10:11:00,Y,Casey Kim,Rahul Ford,Arjun Rossi,LOT-3583,Accountant,,,,,,,,SKU-7893,TAG-4851,arjun.rossi@acme-fake.test,,,,Active,100651,100012,100686,100029,,,,,,100311,,100023,Delta,100076,,,Alpha,100582,100569,,jamie.haddad@acme-fake.test,chen.nguyen@examplecorp.test,Re-engagement,100481,Ironwood Health Group,Gamma,100724,,,,,,,101867,,,,N,
100478,Contact,103834,drew.mensah@acme-fake.test,Aisha Mercer,2025-05-20 17:02:00,rowan.ashby@examplecorp.test,Aisha Cohen,2023-06-15 13:15:00,yara.sloan@demomail.test,Chen Ivanov,2022-10-28 09:29:00,reese.brooks@demomail.test,Fatima Brooks,2026-01-04 18:50:00,N,Omar Costa,Arjun Calder,Drew Garcia,REF-3468,QA Engineer,,,,,,,,,TAG-5297,drew.garcia@acme-fake.test,,,,Inactive,,100704,100378,100550,,,,,,100471,,100100,Alpha,100161,,,Gamma,,100516,,sofia.sato@acme-fake.test,taylor.rossi@sampleco.test,Renewal Nudge,100473,,Gamma,,,,,,,,,N,,,,
100139,Contact,103837,sofia.sato@sampleco.test,Morgan Silva,2023-03-20 06:29:00,sofia.vance@acme-fake.test,Casey Sato,2024-02-26 16:33:00,liam.whitfield@acme-fake.test,Elena Vance,2025-05-25 18:22:00,chen.mercer@demomail.test,Jordan Vance,2023-11-27 04:08:00,N,Riley Ford,Sofia Vance,Diego Rossi,REF-5750,Financial Analyst,,,,,,,,,TAG-5930,diego.rossi@examplecorp.test,,,,Inactive,100599,100393,100203,100420,,,,,,100089,,,Delta,100414,,,Delta,100292,100177,,reese.mensah@examplecorp.test,skyler.ashby@sampleco.test,Re-engagement,100448,Brightpath Labs LLP,Standard,,,,,,,,101881,Y,,,,
100392,Contact,103840,skyler.reyes@acme-fake.test,Liam Vance,2025-11-20 04:19:00,casey.garcia@sampleco.test,Drew Rossi,2026-03-04 04:45:00,nina.reyes@examplecorp.test,Priya Vance,2023-05-19 06:41:00,aisha.mercer@demomail.test,Arjun Ashby,2024-11-18 20:54:00,Y,Arjun Costa,Drew Ashby,Elena Silva,,Operations Associate,,,,,,LOT-2509,,,TAG-3394,elena.silva@examplecorp.test,,,,Active,100054,100732,100022,100554,100503,,,,,100629,,100005,Other,100077,,,Other,100089,,,drew.ashby@examplecorp.test,jordan.mercer@demomail.test,Product Update,100023,,,,,,,4,,,101840,,,,Y,
100545,Contact,103842,aisha.patel@demomail.test,Jamie Vance,2026-01-09 02:18:00,chen.larsson@demomail.test,Avery Silva,2026-03-04 06:17:00,elena.brooks@examplecorp.test,Sofia Larsson,2026-06-07 23:50:00,alex.brooks@examplecorp.test,Omar Mensah,2025-02-17 05:53:00,Y,Rahul Whitfield,Casey Patel,Omar Costa,SKU-5544,HR Generalist,,,,,,,,,REF-6979,omar.costa@sampleco.test,,,,Active,,,100410,,,,,,,100774,,100467,Other,100314,,,Delta,,100457,,priya.silva@sampleco.test,arjun.calder@demomail.test,Event Invite,100253,Cardinal Capital LLP,Standard,,,,,,,,,,,,,
100429,Contact,103845,yara.costa@acme-fake.test,Reese Sato,2026-06-21 00:51:00,chen.ashby@examplecorp.test,Riley Ivanov,2026-03-20 01:32:00,mei.ivanov@demomail.test,Aisha Reyes,2026-02-11 11:36:00,noah.patel@examplecorp.test,Marco Vance,2024-01-02 16:01:00,Y,Noah Silva,Avery Reyes,Quinn Rossi,REF-3147,Recruiter,,,,,,,,SKU-6670,SKU-5535,quinn.rossi@sampleco.test,,,,Active,100461,,100582,100435,100436,,,,,100062,,100747,Gamma,100669,,,,100009,100745,,rowan.rossi@demomail.test,chen.silva@examplecorp.test,Quarterly Newsletter,100634,Silverline Health Ltd,,100428,,,,,,,101860,,,,N,
100181,Contact,103846,emerson.haddad@acme-fake.test,Sofia Haddad,2022-12-19 09:31:00,fatima.ashby@demomail.test,Aisha Costa,2026-05-12 02:16:00,nina.rossi@acme-fake.test,Mei Cohen,2024-07-02 05:07:00,avery.okafor@acme-fake.test,Jamie Larsson,2024-07-28 03:13:00,Y,Rahul Larsson,Noah Whitfield,Casey Garcia,SKU-7811,Operations Associate,,,,Beta,Standard,,,SKU-3553,REF-1825,casey.garcia@examplecorp.test,,,,Active,100790,,100428,,100721,,,,,100759,,,Standard,100125,,,Delta,100328,100253,,fatima.dorsey@demomail.test,jordan.dorsey@sampleco.test,Event Invite,100656,,,100385,,,,,,,101792,,,,,
100718,Contact,103847,alex.haddad@examplecorp.test,Skyler Sato,2024-07-05 12:44:00,reese.haddad@demomail.test,Elena Blake,2023-07-08 00:25:00,aisha.silva@acme-fake.test,Omar Whitfield,2026-05-09 21:41:00,diego.sato@sampleco.test,Quinn Blake,2026-04-06 23:09:00,Y,Omar Kim,Drew Larsson,Rowan Cohen,LOT-5803,Bookkeeper,,,,,,,7371,,SKU-6185,rowan.cohen@sampleco.test,,,,Active,,100355,100028,100782,,,,,,100291,,100264,Standard,100732,,Y,Standard,100047,100246,,morgan.brooks@acme-fake.test,jordan.okafor@demomail.test,Event Invite,100231,,,100263,,,,,,,,,,,N,
100253,Contact,103850,reese.ford@acme-fake.test,Elena Cohen,2024-08-15 14:35:00,alex.whitfield@acme-fake.test,Alex Vance,2026-01-24 06:05:00,jordan.whitfield@demomail.test,Nina Silva,2022-11-16 15:09:00,noah.blake@demomail.test,Rahul Garcia,2024-09-18 19:39:00,Y,Chen Haddad,Liam Sato,Marco Rossi,LOT-3632,Recruiter,,,,,,,,,REF-6612,marco.rossi@examplecorp.test,,,,Active,,100661,100467,,100784,,,,,100481,,100142,Gamma,100115,,,,100173,,,taylor.cohen@demomail.test,skyler.reyes@acme-fake.test,Product Update,100784,,Standard,,,,,8,,,101821,,,,N,
100751,Contact,103852,morgan.rossi@acme-fake.test,Sofia Mercer,2023-10-15 09:53:00,liam.dorsey@examplecorp.test,Yara Costa,2024-11-21 15:49:00,jordan.ford@sampleco.test,Chen Mensah,2026-05-14 18:43:00,quinn.larsson@sampleco.test,Jordan Mensah,2025-09-28 11:06:00,N,Fatima Costa,Priya Ivanov,Marco Vance,LOT-3386,Accountant,,,,,,,,SKU-2258,REF-5235,marco.vance@demomail.test,,,,Inactive,100448,100096,100221,,100183,,,,,,,100660,Alpha,100494,,,,,100194,,emerson.mercer@sampleco.test,alex.mensah@sampleco.test,Re-engagement,100029,,Alpha,,,,,,,,,,,,,
100579,Contact,103855,aisha.larsson@sampleco.test,Yara Ford,2024-06-15 21:07:00,yara.ivanov@acme-fake.test,Jordan Haddad,2022-10-06 13:25:00,priya.sato@sampleco.test,Rahul Kim,2025-12-03 12:37:00,taylor.cohen@acme-fake.test,Reese Garcia,2023-11-15 13:07:00,Y,Reese Haddad,Quinn Ashby,Fatima Dorsey,LOT-5175,Project Manager,,,,,,,,,SKU-7786,fatima.dorsey@demomail.test,,,,Active,,100643,100548,100053,,,,,,100753,,100130,Beta,100284,,,Other,,100741,,riley.whitfield@sampleco.test,drew.brooks@demomail.test,Quarterly Newsletter,100717,,Gamma,100436,,,,,,,101871,,,,,
100317,Contact,103858,quinn.patel@examplecorp.test,Rahul Kim,2025-03-30 04:45:00,aisha.mercer@demomail.test,Reese Dorsey,2024-11-23 21:31:00,quinn.cohen@examplecorp.test,Sofia Mensah,2024-11-24 16:48:00,reese.silva@examplecorp.test,Alex Mercer,2025-10-20 13:56:00,N,Taylor Whitfield,Marco Brooks,Noah Ivanov,SKU-7631,Software Developer,,,,,,,,,TAG-1837,noah.ivanov@demomail.test,,,,Inactive,,100403,100229,,100165,,,,,100514,,100576,Standard,100678,,,,,,,emerson.garcia@examplecorp.test,chen.nguyen@acme-fake.test,Quarterly Newsletter,100092,,Gamma,,,,,,,,101800,,,,Y,
100421,Contact,103859,arjun.sloan@acme-fake.test,Fatima Silva,2023-10-25 03:49:00,marco.whitfield@examplecorp.test,Avery Okafor,2026-02-12 04:01:00,nina.dorsey@sampleco.test,Quinn Garcia,2022-10-02 18:01:00,rowan.patel@sampleco.test,Riley Larsson,2023-04-18 22:03:00,Y,Drew Patel,Omar Blake,Omar Ford,TAG-7263,Operations Associate,,,,,,,5125,LOT-9398,LOT-3124,omar.ford@demomail.test,,,,Active,100399,100771,100775,100714,100519,,,,,100009,,,Alpha,100548,,,Beta,100369,100125,,drew.okafor@examplecorp.test,quinn.costa@demomail.test,Product Update,100555,Keystone Group Corp,,,,,,,,,,,,,,
100029,Contact,103862,casey.kim@demomail.test,Fatima Larsson,2023-11-29 07:45:00,nina.mensah@demomail.test,Alex Brooks,2024-03-22 02:23:00,aisha.reyes@examplecorp.test,Alex Whitfield,2024-07-05 15:12:00,alex.mercer@acme-fake.test,Skyler Calder,2023-11-23 09:58:00,Y,Taylor Haddad,Skyler Mensah,Omar Silva,SKU-7080,Executive Assistant,,,,,,SKU-6067,,,LOT-4233,omar.silva@sampleco.test,,,,Active,,,100753,100079,100168,,,,,100286,,100758,Standard,100082,,,Beta,,100504,,sofia.larsson@demomail.test,fatima.sloan@examplecorp.test,Event Invite,100786,,Standard,100322,,,,,,,101807,,,,,
100383,Contact,103865,alex.ashby@acme-fake.test,Chen Mensah,2025-05-30 18:13:00,marco.patel@examplecorp.test,Yara Ashby,2024-05-14 17:17:00,liam.larsson@examplecorp.test,Omar Sloan,2025-06-20 10:26:00,jamie.sloan@acme-fake.test,Jordan Nguyen,2025-01-23 08:14:00,Y,Marco Blake,Casey Nguyen,Alex Silva,REF-6030,Executive Assistant,,,,,,,,,TAG-7243,alex.silva@acme-fake.test,,,,Active,100217,100183,100661,100702,100386,,,,,,,100380,Standard,100645,,,,100400,,,morgan.dorsey@sampleco.test,marco.mensah@examplecorp.test,Event Invite,100201,Keystone Capital Inc,Standard,100761,,,,,,,,,,,N,Y
100252,Contact,103866,jordan.sato@sampleco.test,Avery Blake,2025-08-24 12:20:00,noah.calder@acme-fake.test,Omar Blake,2022-11-07 16:45:00,jordan.larsson@sampleco.test,Arjun Cohen,2026-04-25 02:54:00,jordan.haddad@demomail.test,Alex Blake,2025-01-07 01:56:00,Y,Elena Ashby,Alex Whitfield,Arjun Blake,REF-9945,HR Generalist,,,Beta,Delta,,,,TAG-5263,REF-7527,arjun.blake@sampleco.test,,,,Active,,100244,100658,100050,100572,,,,,,,100016,Standard,100689,,,Gamma,100529,,,priya.ford@demomail.test,morgan.garcia@examplecorp.test,Re-engagement,100152,Silverline Dynamics Ltd,Beta,,,,,,,,101840,,,,Y,
100387,Contact,103868,alex.calder@acme-fake.test,Diego Brooks,2026-05-26 23:36:00,omar.kim@acme-fake.test,Jordan Reyes,2023-10-07 23:43:00,rahul.brooks@demomail.test,Yara Larsson,2024-12-15 22:10:00,yara.vance@acme-fake.test,Liam Calder,2024-08-02 07:04:00,N,Chen Ashby,Aisha Vance,Reese Sato,TAG-9496,Bookkeeper,,,,,,,,REF-5889,REF-2344,reese.sato@acme-fake.test,,,,Inactive,,100332,100445,,100118,,,,,,,,Alpha,100269,,,,,,,reese.mercer@sampleco.test,aisha.mercer@examplecorp.test,Product Update,100183,,Beta,100380,,,,,,,101849,Y,,,N,
100467,Contact,103870,rowan.sato@acme-fake.test,Sofia Larsson,2025-06-08 06:43:00,mei.rossi@demomail.test,Chen Rossi,2026-06-30 01:16:00,arjun.patel@examplecorp.test,Jamie Reyes,2026-07-03 20:18:00,omar.rossi@acme-fake.test,Aisha Sato,2024-10-02 07:31:00,Y,Taylor Mensah,Aisha Mercer,Rahul Reyes,REF-7708,Operations Associate,,,,,,,,,SKU-9394,rahul.reyes@sampleco.test,,,,Active,100348,100007,100217,100429,100269,,,,,,,,Delta,100288,,,Gamma,100647,100494,,arjun.garcia@sampleco.test,alex.ivanov@sampleco.test,Renewal Nudge,100529,Beacon Solutions Co,,,,,,,,,,,,,N,
100121,Contact,103871,omar.cohen@examplecorp.test,Mei Larsson,2023-09-24 17:13:00,casey.mercer@acme-fake.test,Taylor Kim,2023-07-10 23:32:00,morgan.kim@examplecorp.test,Reese Okafor,2026-02-03 05:53:00,rahul.okafor@sampleco.test,Riley Whitfield,2025-09-28 08:24:00,Y,Noah Okafor,Morgan Mensah,Morgan Sloan,SKU-3259,Operations Associate,,,,,,,,,SKU-5514,morgan.sloan@demomail.test,,,,Active,100647,,100552,100396,,,,,,,,,Alpha,100362,,Y,Alpha,100214,,,liam.vance@examplecorp.test,jordan.cohen@acme-fake.test,Product Update,100098,,,100697,,,,,,,101865,N,,,Y,
100221,Contact,103874,avery.patel@demomail.test,Chen Blake,2024-08-22 07:02:00,drew.ivanov@demomail.test,Reese Sato,2026-06-14 04:14:00,priya.mensah@demomail.test,Drew Silva,2025-02-17 00:41:00,skyler.vance@demomail.test,Noah Okafor,2024-05-03 03:41:00,Y,Jordan Silva,Chen Larsson,Nina Whitfield,LOT-4796,Customer Success Manager,,,,Delta,,,,,TAG-4545,nina.whitfield@acme-fake.test,,,,Active,100121,100244,100458,,100425,,,,,100040,,100205,Delta,100669,,,,100785,,,elena.dorsey@acme-fake.test,skyler.cohen@acme-fake.test,Renewal Nudge,100133,Redwood Health Corp,Standard,100112,,,,,,,,Y,,,N,
100721,Contact,103875,fatima.cohen@examplecorp.test,Casey Mensah,2025-01-08 22:25:00,sofia.ivanov@sampleco.test,Quinn Dorsey,2026-03-26 18:14:00,casey.ford@examplecorp.test,Fatima Patel,2023-07-05 19:26:00,jordan.ford@demomail.test,Liam Blake,2026-04-02 02:10:00,Y,Jordan Sato,Mei Garcia,Aisha Vance,REF-6206,Marketing Coordinator,,,,,,,,SKU-8674,SKU-2312,aisha.vance@acme-fake.test,,,,Active,100493,100569,100732,100759,100629,,,,,100221,,,Delta,100516,,,,100300,,,sofia.larsson@acme-fake.test,fatima.rossi@sampleco.test,Event Invite,100570,Blue Ridge Group Corp,,100503,,,,,,,101873,,,,N,
100157,Contact,103877,skyler.silva@examplecorp.test,Riley Calder,2026-03-03 12:34:00,diego.haddad@sampleco.test,Arjun Vance,2022-12-17 00:46:00,noah.ivanov@examplecorp.test,Alex Brooks,2023-08-18 21:54:00,drew.blake@acme-fake.test,Avery Vance,2024-05-24 01:46:00,Y,Marco Cohen,Morgan Rossi,Skyler Ashby,LOT-6891,Accountant,,,,,,,8579,,LOT-9862,skyler.ashby@examplecorp.test,,,,Active,100565,100232,100727,,100650,,,,,,,100250,Gamma,100658,,,,,100730,,elena.mercer@examplecorp.test,yara.whitfield@sampleco.test,Product Update,100319,,Gamma,,,,,,,,101853,Y,,,,
100582,Contact,103878,rowan.ford@sampleco.test,Avery Mercer,2024-11-29 23:06:00,quinn.sloan@sampleco.test,Fatima Sato,2023-09-03 17:38:00,priya.kim@acme-fake.test,Aisha Larsson,2023-06-02 14:58:00,elena.patel@sampleco.test,Omar Haddad,2023-10-29 02:09:00,Y,Morgan Okafor,Skyler Ashby,Reese Nguyen,SKU-9058,Executive Assistant,,,,,,,,,REF-6160,reese.nguyen@acme-fake.test,,,,Active,100314,,100263,,100345,,,,,100689,,,Gamma,100652,,,Other,100055,,,chen.sato@sampleco.test,priya.sloan@demomail.test,Renewal Nudge,100601,,,,,,,,,,101805,Y,,,Y,
100420,Contact,103881,morgan.sato@sampleco.test,Sofia Dorsey,2024-03-28 03:42:00,skyler.silva@demomail.test,Elena Garcia,2024-03-01 14:40:00,chen.cohen@sampleco.test,Skyler Sato,2025-10-09 08:24:00,nina.ashby@acme-fake.test,Elena Brooks,2024-05-13 19:36:00,Y,Yara Whitfield,Alex Ashby,Avery Ashby,TAG-1084,Accountant,,,Alpha,,,TAG-8343,,,LOT-8467,avery.ashby@demomail.test,,,,Active,100277,,100762,100647,,,,,,100205,,100361,Gamma,100566,,,Standard,100082,,,yara.mercer@demomail.test,marco.vance@acme-fake.test,Re-engagement,100675,Evergreen Solutions Corp,,,,,,,,,,,,,N,
100710,Contact,103884,avery.cohen@sampleco.test,Omar Kim,2026-03-19 18:14:00,yara.ivanov@demomail.test,Reese Nguyen,2024-04-15 12:20:00,yara.ford@examplecorp.test,Reese Ivanov,2022-10-25 16:23:00,morgan.calder@examplecorp.test,Omar Ashby,2023-04-22 01:04:00,Y,Morgan Haddad,Sofia Ashby,Rowan Reyes,LOT-1456,Financial Analyst,,,,Standard,,,,TAG-4520,REF-2722,rowan.reyes@examplecorp.test,,,,Active,100759,100054,100775,,100076,,,,,100645,,100215,Delta,100538,,Y,Gamma,,,,liam.costa@demomail.test,emerson.blake@acme-fake.test,Product Update,100441,,,100028,,3,,,,,101807,,,,N,
100076,Contact,103885,taylor.calder@acme-fake.test,Omar Vance,2025-01-19 18:45:00,aisha.whitfield@examplecorp.test,Reese Haddad,2024-03-09 13:49:00,noah.dorsey@acme-fake.test,Liam Reyes,2026-04-15 05:48:00,riley.whitfield@sampleco.test,Sofia Costa,2023-10-09 20:25:00,Y,Taylor Vance,Jordan Rossi,Rowan Ford,TAG-8128,Software Developer,,,,,,,,LOT-3493,REF-7722,rowan.ford@demomail.test,,,,Active,100123,100247,100155,100545,100519,,,,,100478,,100496,Alpha,100392,,Y,Alpha,100532,100786,,jordan.ford@demomail.test,fatima.vance@examplecorp.test,Quarterly Newsletter,100467,Keystone Health LLC,Other,,,,,,,,101805,,,,Y,
100311,Contact,103886,marco.dorsey@sampleco.test,Elena Mensah,2024-05-17 16:24:00,jamie.haddad@sampleco.test,Jordan Garcia,2023-04-22 22:52:00,omar.mercer@sampleco.test,Noah Rossi,2023-10-21 07:19:00,nina.haddad@examplecorp.test,Rowan Okafor,2024-08-22 21:37:00,N,Noah Larsson,Liam Vance,Omar Sato,SKU-3090,Operations Associate,,,,,,,,,TAG-1930,omar.sato@acme-fake.test,,,,Inactive,,100500,100434,100525,100717,,,,,100629,,,Beta,100214,,,,100067,100157,,emerson.patel@acme-fake.test,liam.nguyen@sampleco.test,Re-engagement,100753,Northwind Logistics LLP,Gamma,,,,,,,,101851,,,,,
100599,Contact,103888,taylor.silva@demomail.test,Jamie Rossi,2022-11-09 19:05:00,chen.blake@demomail.test,Fatima Rossi,2024-02-11 18:03:00,noah.dorsey@sampleco.test,Elena Ivanov,2025-06-15 13:47:00,elena.costa@demomail.test,Elena Sato,2022-10-31 06:31:00,Y,Morgan Sato,Morgan Ashby,Quinn Dorsey,SKU-7288,Accountant,,,,,,,,,LOT-9813,quinn.dorsey@sampleco.test,,,,Active,100219,100525,100686,100214,100288,,,,,100412,,100211,Other,100040,,,,100732,100269,,jordan.ashby@demomail.test,sofia.dorsey@examplecorp.test,Product Update,100096,,Alpha,100568,,,,,,,101822,,,,,
100578,Contact,103889,drew.sloan@demomail.test,Jamie Reyes,2026-03-27 17:50:00,priya.sato@demomail.test,Sofia Garcia,2025-02-24 18:34:00,arjun.haddad@demomail.test,Jordan Blake,2023-07-24 04:25:00,drew.brooks@acme-fake.test,Morgan Ford,2023-06-25 08:09:00,Y,Priya Brooks,Liam Blake,Yara Sato,TAG-4952,Operations Associate,,,,Alpha,,,,,SKU-6251,yara.sato@examplecorp.test,,,,Active,,100375,100651,100651,100019,,,,,100403,,100418,Other,100385,,,Standard,100343,,,quinn.rossi@demomail.test,omar.okafor@demomail.test,Product Update,100260,,Gamma,100522,,,,,,,101803,,,,Y,
100340,Contact,103892,alex.okafor@acme-fake.test,Omar Ashby,2026-02-05 21:53:00,marco.brooks@sampleco.test,Priya Ford,2024-10-06 17:11:00,skyler.blake@examplecorp.test,Jordan Whitfield,2025-02-14 08:59:00,omar.ashby@demomail.test,Quinn Mercer,2026-03-12 11:46:00,N,Casey Haddad,Rahul Blake,Rahul Okafor,,Payroll Specialist,,,,,,,,,SKU-1270,rahul.okafor@demomail.test,,,,Inactive,100791,100073,100082,100158,100415,,,,,,,100183,Standard,100578,,,,,100385,,riley.ivanov@demomail.test,rowan.nguyen@demomail.test,Event Invite,100050,,,100786,,,,,,,101812,,,,Y,
100498,Contact,103893,skyler.cohen@sampleco.test,Yara Mensah,2026-03-31 06:58:00,fatima.kim@demomail.test,Drew Silva,2026-06-03 17:56:00,marco.kim@acme-fake.test,Riley Dorsey,2023-11-26 21:05:00,drew.calder@demomail.test,Liam Costa,2025-10-11 22:04:00,Y,Yara Brooks,Skyler Larsson,Rowan Kim,LOT-1391,Marketing Coordinator,,,,Delta,,,,,LOT-3806,rowan.kim@demomail.test,,,,Active,,100172,100758,100650,,,,,,,,100371,Other,100054,,,,,,,mei.haddad@demomail.test,morgan.ivanov@demomail.test,Event Invite,100242,Lakeside Networks Corp,Alpha,,,,,,,,101816,N,,,,
100774,Contact,103894,jordan.ford@demomail.test,Jordan Cohen,2023-06-10 00:53:00,liam.vance@examplecorp.test,Liam Silva,2024-01-05 09:24:00,morgan.whitfield@demomail.test,Nina Whitfield,2025-04-15 18:55:00,priya.okafor@sampleco.test,Noah Calder,2025-05-23 12:58:00,Y,Casey Garcia,Jordan Ivanov,Riley Ivanov,TAG-6972,Customer Success Manager,,,,,,,,LOT-4314,SKU-7078,riley.ivanov@demomail.test,,,,Active,100635,100632,100100,100275,100650,,,,,100053,,100204,Delta,100038,,,Standard,100094,,,chen.ivanov@sampleco.test,casey.kim@acme-fake.test,Re-engagement,100629,,,100023,,4,,,,,101865,,,,N,
100043,Contact,103895,omar.mercer@sampleco.test,Fatima Okafor,2022-10-04 20:42:00,jordan.okafor@sampleco.test,Diego Calder,2023-03-28 10:11:00,jordan.mercer@demomail.test,Rowan Calder,2023-03-09 07:25:00,morgan.whitfield@examplecorp.test,Avery Brooks,2024-07-26 03:59:00,N,Reese Sato,Rowan Haddad,Drew Patel,SKU-9108,Accountant,,,,,,,,,TAG-5521,drew.patel@acme-fake.test,,,,Inactive,100713,,100735,100042,100109,LOT-9810,,,,,,,Standard,100750,,,Other,100503,100357,,sofia.silva@examplecorp.test,skyler.kim@examplecorp.test,Product Update,100103,Cobalt Analytics,Standard,,,,,,,,101803,,,,,
100689,Contact,103897,riley.vance@acme-fake.test,Jordan Vance,2025-09-02 08:28:00,rahul.ashby@examplecorp.test,Priya Garcia,2026-02-06 14:40:00,noah.cohen@acme-fake.test,Omar Rossi,2025-09-01 07:04:00,sofia.mensah@demomail.test,Elena Cohen,2023-07-07 22:33:00,Y,Priya Sato,Skyler Ivanov,Reese Cohen,TAG-5757,Financial Analyst,,,,,Delta,,,,LOT-1331,reese.cohen@sampleco.test,,,,Active,,,100288,100702,,,,,,100601,,100162,Gamma,100359,,,Delta,100065,100263,,alex.cohen@demomail.test,liam.cohen@demomail.test,Quarterly Newsletter,100229,,Other,100359,,,,,,,,,,,,
100529,Contact,103898,emerson.sloan@demomail.test,Diego Kim,2023-03-31 15:47:00,taylor.vance@sampleco.test,Riley Whitfield,2023-09-19 15:23:00,mei.patel@sampleco.test,Aisha Ashby,2024-12-18 21:36:00,avery.dorsey@examplecorp.test,Nina Ivanov,2023-07-25 06:05:00,N,Emerson Sloan,Priya Brooks,Yara Rossi,REF-6248,QA Engineer,,,,,,TAG-5837,,,REF-9740,yara.rossi@examplecorp.test,,,,Inactive,,100307,100134,100432,100445,,,,,100021,,,Beta,100514,,,,100640,100400,,noah.nguyen@sampleco.test,yara.vance@demomail.test,Event Invite,100147,,Delta,100009,,,,,,,101805,N,,,N,
100031,Contact,103901,chen.dorsey@sampleco.test,Skyler Mercer,2024-02-13 04:52:00,nina.ivanov@examplecorp.test,Riley Costa,2026-05-22 14:05:00,reese.silva@sampleco.test,Priya Nguyen,2026-03-29 16:38:00,sofia.ford@demomail.test,Rowan Mensah,2023-03-03 17:38:00,Y,Jordan Sloan,Jordan Ivanov,Taylor Mensah,LOT-6722,Operations Associate,,,,,,,,,REF-7240,taylor.mensah@sampleco.test,,,,Active,100149,,100050,100689,,LOT-2923,,,,100415,,100300,Alpha,100680,,,Delta,,100383,,jordan.costa@demomail.test,yara.costa@demomail.test,Quarterly Newsletter,100643,Keystone Capital Co,Beta,100558,,,,,,,,,,,Y,Y
100500,Contact,103904,rowan.okafor@sampleco.test,Emerson Blake,2023-01-26 21:00:00,diego.mercer@demomail.test,Diego Larsson,2023-02-03 15:20:00,jordan.patel@demomail.test,Reese Ashby,2025-03-21 17:08:00,jamie.okafor@sampleco.test,Avery Dorsey,2025-12-29 19:16:00,Y,Elena Dorsey,Noah Ashby,Rahul Nguyen,SKU-8385,HR Generalist,,,,,,,,,REF-8238,rahul.nguyen@examplecorp.test,,,,Active,100153,,100604,100768,100205,,,,,100786,,100629,Gamma,100759,,,,100325,100335,,alex.reyes@acme-fake.test,arjun.cohen@examplecorp.test,Product Update,100173,,,100704,,,,,,,,Y,,,Y,
100362,Contact,103906,casey.mercer@sampleco.test,Emerson Brooks,2023-04-19 17:34:00,skyler.ashby@acme-fake.test,Aisha Patel,2024-11-22 08:53:00,priya.silva@acme-fake.test,Emerson Okafor,2022-12-11 14:14:00,riley.nguyen@sampleco.test,Riley Mensah,2023-01-02 11:20:00,N,Casey Nguyen,Yara Dorsey,Skyler Dorsey,TAG-7839,Support Specialist,,,,Standard,,,,,SKU-3045,skyler.dorsey@acme-fake.test,,,,Inactive,,100392,100399,100412,100382,,,,,100675,,100442,Gamma,100672,,,,100292,,,sofia.larsson@sampleco.test,drew.ashby@demomail.test,Event Invite,100737,Cardinal Robotics Co,Alpha,100714,,,,,,,101825,,,,,
100484,Contact,103909,rowan.sato@acme-fake.test,Jordan Sloan,2025-08-11 21:56:00,drew.larsson@acme-fake.test,Diego Patel,2023-10-23 06:08:00,noah.nguyen@sampleco.test,Riley Okafor,2025-11-20 14:51:00,reese.haddad@acme-fake.test,Reese Ashby,2023-03-27 16:45:00,Y,Quinn Ivanov,Rahul Blake,Chen Mensah,SKU-5731,HR Generalist,,,,,,,,,SKU-5575,chen.mensah@demomail.test,,,,Active,100418,100468,100118,,,,,,,100199,,,Beta,100696,,,Beta,100205,,,emerson.silva@demomail.test,priya.costa@acme-fake.test,Quarterly Newsletter,100700,,Other,,,,,,,,101860,N,,,,
100756,Contact,103910,yara.ashby@acme-fake.test,Avery Silva,2026-01-12 04:27:00,rowan.whitfield@demomail.test,Yara Kim,2023-12-28 05:06:00,marco.larsson@acme-fake.test,Casey Vance,2025-11-24 09:22:00,omar.larsson@acme-fake.test,Quinn Sato,2025-11-24 08:52:00,Y,Morgan Brooks,Chen Kim,Rowan Ford,REF-5176,Support Specialist,,,,,,,,,TAG-9878,rowan.ford@examplecorp.test,,,,Active,100087,100343,100231,100155,100713,,,,,100137,,,Gamma,100339,,,,100061,,,chen.silva@acme-fake.test,fatima.rossi@sampleco.test,Quarterly Newsletter,100042,,Alpha,100014,,,,,,,101887,,,,N,
100169,Contact,103911,marco.haddad@sampleco.test,Drew Ashby,2023-04-13 04:18:00,rahul.garcia@demomail.test,Skyler Sloan,2025-10-09 06:50:00,casey.patel@acme-fake.test,Arjun Okafor,2025-12-13 05:05:00,rahul.blake@acme-fake.test,Nina Larsson,2026-06-04 01:03:00,N,Mei Whitfield,Priya Haddad,Jamie Kim,SKU-3016,QA Engineer,,,,,,,,,REF-3074,jamie.kim@demomail.test,,,,Inactive,100043,,100281,,100380,,,,,100551,,,Alpha,100686,,,,100469,100264,,omar.okafor@acme-fake.test,priya.silva@acme-fake.test,Re-engagement,100371,Evergreen Health Inc,Standard,100457,,,,,,,101795,,,,N,
100606,Contact,103914,drew.brooks@examplecorp.test,Aisha Ashby,2024-06-24 14:54:00,arjun.mensah@sampleco.test,Riley Larsson,2023-05-27 11:47:00,quinn.silva@demomail.test,Avery Ashby,2024-02-10 23:53:00,liam.costa@sampleco.test,Rahul Whitfield,2026-03-15 20:27:00,Y,Mei Reyes,Emerson Sloan,Emerson Ashby,REF-7487,QA Engineer,,,,,,,,,LOT-2852,emerson.ashby@demomail.test,,,,Active,100137,100471,100558,100671,100446,,,,,,,,Standard,100242,,,Delta,,100205,,taylor.cohen@sampleco.test,alex.larsson@demomail.test,Quarterly Newsletter,100267,Atlas Energy Ltd,Other,100608,,,,,,,,,,,N,
100435,Contact,103917,arjun.silva@demomail.test,Skyler Sloan,2024-11-18 15:29:00,arjun.ashby@acme-fake.test,Sofia Whitfield,2023-08-14 12:48:00,quinn.rossi@acme-fake.test,Elena Reyes,2024-12-27 23:12:00,omar.whitfield@demomail.test,Jamie Mercer,2026-03-16 20:43:00,N,Skyler Silva,Rahul Nguyen,Noah Costa,REF-7863,QA Engineer,,,,Standard,,,,REF-7505,LOT-7273,noah.costa@examplecorp.test,,,,Inactive,100288,,100193,,100775,LOT-9587,,,,,,,Alpha,100775,,,,100314,100161,,elena.vance@demomail.test,alex.whitfield@sampleco.test,Quarterly Newsletter,100470,Granite Systems Corp,Alpha,100031,,,,,,,101810,,,,N,
100172,Contact,103918,riley.haddad@acme-fake.test,Jordan Dorsey,2026-01-24 22:04:00,diego.vance@examplecorp.test,Diego Brooks,2026-04-01 03:14:00,rowan.ivanov@acme-fake.test,Jamie Mercer,2023-05-06 04:56:00,chen.mensah@acme-fake.test,Alex Calder,2024-03-05 09:42:00,Y,Rowan Larsson,Priya Ashby,Diego Ashby,TAG-8829,Data Analyst,,,,,,,,,LOT-4516,diego.ashby@examplecorp.test,,,,Active,,,100658,,100295,,,,,100739,,,Other,100484,,,Gamma,,,,arjun.vance@sampleco.test,reese.patel@sampleco.test,Product Update,100145,,,,,,,,,,101800,,,,N,
100525,Contact,103920,omar.vance@examplecorp.test,Jamie Larsson,2024-12-05 14:49:00,arjun.dorsey@examplecorp.test,Arjun Blake,2026-07-28 03:56:00,fatima.ashby@demomail.test,Quinn Larsson,2024-04-28 16:42:00,nina.blake@demomail.test,Yara Ford,2023-11-18 19:43:00,N,Taylor Cohen,Jordan Sloan,Rowan Sato,REF-9391,Support Specialist,,,,,,LOT-6391,,,LOT-2725,rowan.sato@examplecorp.test,,,,Inactive,,,100038,,100317,,,,,,,100352,Other,100468,,,,,,,taylor.larsson@sampleco.test,omar.patel@examplecorp.test,Quarterly Newsletter,100349,,,100759,,,,,,,,,,,Y,
100315,Contact,103921,rahul.reyes@demomail.test,Taylor Okafor,2023-09-27 21:48:00,omar.reyes@acme-fake.test,Riley Garcia,2025-02-16 15:46:00,omar.cohen@demomail.test,Yara Mensah,2025-05-23 11:11:00,riley.larsson@examplecorp.test,Drew Kim,2024-04-05 18:55:00,Y,Alex Ivanov,Liam Haddad,Jamie Calder,TAG-6061,Executive Assistant,,,,,,,,,SKU-3239,jamie.calder@demomail.test,,,,Active,,,100498,100635,,,,,,100782,,100079,Beta,100350,,,,100415,100307,,aisha.brooks@demomail.test,priya.calder@examplecorp.test,Quarterly Newsletter,100203,Beacon Health Inc,,,,,,,,,,,,,,
100512,Contact,103923,alex.ashby@sampleco.test,Omar Vance,2026-02-14 00:44:00,arjun.blake@demomail.test,Chen Garcia,2025-12-05 20:03:00,quinn.dorsey@sampleco.test,Mei Whitfield,2023-01-18 21:37:00,reese.blake@examplecorp.test,Sofia Sloan,2026-07-06 14:26:00,Y,Avery Mercer,Sofia Larsson,Alex Nguyen,REF-3755,Support Specialist,,,,,,,,LOT-9703,LOT-9343,alex.nguyen@sampleco.test,,,,Active,100252,100071,100100,100528,100704,,,,,100740,,,Delta,100493,,,,,100016,,sofia.whitfield@sampleco.test,diego.patel@demomail.test,Renewal Nudge,100273,,,,,,,,,,101883,,,,,
100348,Contact,103924,reese.ford@sampleco.test,Jamie Reyes,2023-09-29 11:46:00,alex.reyes@acme-fake.test,Diego Nguyen,2025-02-10 08:14:00,arjun.costa@sampleco.test,Avery Dorsey,2025-07-17 21:13:00,quinn.haddad@examplecorp.test,Casey Mensah,2025-07-09 21:20:00,Y,Arjun Ivanov,Jordan Patel,Aisha Ford,LOT-7193,Customer Success Manager,,,,,,,,,LOT-9225,aisha.ford@examplecorp.test,,,,Active,,,100590,100173,,SKU-7496,,,,100022,,100336,Gamma,100089,,,Gamma,,,,jamie.dorsey@acme-fake.test,jamie.nguyen@examplecorp.test,Re-engagement,100585,Silverline Retail LLP,Beta,100109,,,,,,,,,,,N,Y
100451,Contact,103926,aisha.sato@acme-fake.test,Marco Kim,2025-02-03 04:41:00,marco.mensah@demomail.test,Yara Nguyen,2023-06-02 03:24:00,riley.dorsey@acme-fake.test,Riley Patel,2026-01-25 00:22:00,nina.reyes@acme-fake.test,Taylor Mercer,2023-07-07 04:35:00,Y,Fatima Okafor,Liam Costa,Jordan Rossi,TAG-7251,Payroll Specialist,,,,,,SKU-7035,,,LOT-1581,jordan.rossi@examplecorp.test,,,,Active,,,100420,,,,,,,,,100109,Alpha,100096,,,Other,100330,100054,,morgan.blake@demomail.test,fatima.mercer@sampleco.test,Re-engagement,100606,Cobalt Systems LLC,Standard,100745,,0,,,,,,,,,Y,
100291,Contact,103928,omar.blake@demomail.test,Morgan Rossi,2023-10-12 14:27:00,reese.costa@acme-fake.test,Yara Rossi,2024-10-29 00:58:00,diego.silva@demomail.test,Noah Nguyen,2025-02-22 20:27:00,jamie.patel@demomail.test,Casey Mensah,2023-06-01 09:18:00,N,Jordan Ashby,Liam Garcia,Aisha Okafor,TAG-2715,Executive Assistant,,,,,,,,SKU-7510,REF-5413,aisha.okafor@demomail.test,,,,Inactive,,100645,100215,,100389,,,,,100361,,100414,Beta,100094,,,Delta,,100660,,casey.mercer@acme-fake.test,mei.whitfield@demomail.test,Event Invite,100467,,Gamma,100478,,,,,,,101854,N,,,N,
100386,Contact,103930,sofia.ivanov@sampleco.test,Avery Sloan,2025-08-20 01:41:00,emerson.mensah@sampleco.test,Emerson Costa,2025-06-25 07:47:00,skyler.mercer@acme-fake.test,Skyler Calder,2023-09-07 06:23:00,riley.mercer@examplecorp.test,Taylor Sloan,2023-02-26 05:02:00,Y,Drew Ashby,Avery Nguyen,Rahul Blake,LOT-2747,Data Analyst,,,,,,,848,REF-6669,REF-7720,rahul.blake@demomail.test,,,,Active,100683,100083,100340,100418,100616,LOT-2324,,,,100770,,,Other,100507,,N,,,,,omar.ivanov@examplecorp.test,jamie.okafor@acme-fake.test,Re-engagement,100714,,,,,,,,,,101819,,,,N,
100194,Contact,103933,liam.nguyen@acme-fake.test,Morgan Whitfield,2025-01-08 07:24:00,emerson.garcia@sampleco.test,Emerson Calder,2024-02-16 14:29:00,avery.ford@sampleco.test,Avery Silva,2024-05-15 08:18:00,morgan.mensah@acme-fake.test,Jordan Patel,2025-11-16 20:32:00,N,Marco Whitfield,Marco Garcia,Jordan Whitfield,TAG-7247,Data Analyst,,,,,,,,,LOT-7185,jordan.whitfield@examplecorp.test,,,,Inactive,100389,100168,100401,,,,,,,,,,Other,100654,,,Alpha,,100740,,riley.whitfield@examplecorp.test,riley.blake@examplecorp.test,Quarterly Newsletter,100009,Northwind Health Inc,Delta,100086,,5,,,,,101865,,,,Y,
100713,Contact,103936,elena.patel@examplecorp.test,Drew Mercer,2025-12-31 16:28:00,liam.ford@examplecorp.test,Sofia Ford,2022-12-28 20:02:00,casey.okafor@demomail.test,Aisha Sato,2026-07-13 07:06:00,nina.larsson@sampleco.test,Avery Patel,2023-03-05 10:35:00,N,Nina Larsson,Fatima Whitfield,Rahul Ashby,REF-8889,Accountant,,TAG-5821,,,,,,,TAG-6173,rahul.ashby@acme-fake.test,,,,Inactive,,100671,100319,,100292,LOT-5339,,,,,,,Delta,100696,,,Gamma,,,,rahul.kim@examplecorp.test,omar.calder@examplecorp.test,Event Invite,100732,Lakeside Ventures Inc,Gamma,100776,,,,,,,101889,,,,,
100183,Contact,103939,noah.patel@demomail.test,Emerson Ashby,2024-08-06 14:09:00,jordan.garcia@demomail.test,Morgan Blake,2026-02-07 02:10:00,yara.reyes@sampleco.test,Nina Sato,2024-02-14 09:32:00,omar.costa@demomail.test,Quinn Ivanov,2024-04-07 20:26:00,Y,Casey Mensah,Quinn Haddad,Marco Mensah,SKU-6173,Software Developer,,,,,,,,,TAG-9830,marco.mensah@examplecorp.test,,,,Active,100622,100224,100389,100514,100332,,,,,,,100405,Delta,100273,,,Alpha,100743,,,arjun.costa@acme-fake.test,rowan.calder@sampleco.test,Quarterly Newsletter,100601,,Beta,100435,,,,,,,101810,,,,,
100183,Contact,103940,nina.cohen@demomail.test,Taylor Sato,2023-07-28 03:40:00,sofia.brooks@demomail.test,Jamie Vance,2026-06-04 23:29:00,yara.blake@demomail.test,Reese Dorsey,2023-10-19 12:04:00,sofia.vance@acme-fake.test,Drew Ashby,2025-04-20 13:56:00,N,Rahul Sloan,Fatima Nguyen,Drew Sloan,LOT-5390,Payroll Specialist,,,,,,SKU-3690,,TAG-3121,LOT-6336,drew.sloan@sampleco.test,,,,Inactive,,100117,100378,100776,,,,,,,,100542,Other,100325,,Y,Standard,100487,,,noah.vance@acme-fake.test,riley.ashby@examplecorp.test,Renewal Nudge,100100,,Alpha,,,,,,,,101810,,,,N,
100372,Contact,103943,emerson.patel@examplecorp.test,Elena Whitfield,2025-04-24 10:10:00,elena.brooks@sampleco.test,Marco Reyes,2022-11-14 20:17:00,noah.mercer@examplecorp.test,Fatima Reyes,2024-05-16 18:36:00,morgan.silva@acme-fake.test,Jamie Okafor,2026-05-24 10:34:00,Y,Yara Larsson,Jordan Silva,Riley Ashby,TAG-3875,Financial Analyst,,,,,,,,,REF-5644,riley.ashby@demomail.test,,,,Active,100454,,100759,100100,100398,,,,,,,,Alpha,100423,,,Other,100678,100727,,drew.okafor@acme-fake.test,reese.mensah@examplecorp.test,Product Update,100585,Summit Partners Ltd,Delta,100362,,,,,,,,,,,,
100574,Contact,103944,nina.okafor@demomail.test,Diego Larsson,2025-01-16 04:12:00,priya.mercer@sampleco.test,Nina Cohen,2023-10-18 06:14:00,yara.nguyen@acme-fake.test,Yara Patel,2025-05-26 11:03:00,marco.cohen@sampleco.test,Casey Mercer,2023-09-01 16:24:00,N,Jordan Silva,Elena Silva,Jamie Mercer,REF-6567,Executive Assistant,,,,,,,,LOT-9123,REF-6348,jamie.mercer@acme-fake.test,,,,Inactive,,100372,100350,100756,100147,,,,,,,100683,Other,100140,,,Beta,100281,,,noah.whitfield@demomail.test,chen.blake@demomail.test,Product Update,100724,Harbor Health Group,Beta,,,,,,,,101849,Y,,,Y,
100790,Contact,103947,omar.ashby@acme-fake.test,Reese Ivanov,2022-10-14 18:48:00,jordan.kim@acme-fake.test,Jordan Blake,2024-12-25 10:57:00,priya.costa@acme-fake.test,Riley Blake,2023-02-20 02:25:00,morgan.sloan@demomail.test,Skyler Reyes,2025-04-04 14:09:00,Y,Avery Mensah,Noah Ashby,Chen Nguyen,SKU-9322,Support Specialist,,,,,Beta,,,REF-3526,LOT-3006,chen.nguyen@examplecorp.test,,,,Active,100494,100648,100029,,,,,,,,,,Gamma,100565,,,Standard,100042,100400,,elena.vance@demomail.test,reese.patel@sampleco.test,Re-engagement,100378,,Standard,100055,,,,,,,101815,,,,,
100699,Contact,103948,drew.kim@acme-fake.test,Taylor Cohen,2023-05-26 16:23:00,diego.rossi@sampleco.test,Drew Haddad,2025-12-10 03:32:00,casey.brooks@examplecorp.test,Aisha Mercer,2026-06-22 06:24:00,elena.mensah@acme-fake.test,Skyler Ford,2026-02-06 18:53:00,Y,Sofia Blake,Fatima Mercer,Diego Mensah,TAG-3845,QA Engineer,,,,,Gamma,,,LOT-1011,REF-2393,diego.mensah@examplecorp.test,,,,Active,,100775,100247,100303,,,,,,100593,,100336,Delta,100743,,Y,,100054,100572,,riley.mercer@sampleco.test,skyler.nguyen@sampleco.test,Renewal Nudge,100759,,,,,7,,,,,101871,,,,,
100582,Contact,103949,jamie.cohen@examplecorp.test,Chen Mercer,2023-01-12 08:03:00,sofia.blake@sampleco.test,Liam Silva,2024-06-11 05:53:00,chen.mercer@acme-fake.test,Reese Patel,2022-11-29 12:37:00,skyler.dorsey@demomail.test,Diego Whitfield,2025-09-25 01:49:00,Y,Chen Kim,Skyler Dorsey,Sofia Ford,SKU-8755,Recruiter,,,,,,,,TAG-2130,REF-1577,sofia.ford@sampleco.test,,,,Active,100267,100378,100137,,,,,,,100156,,,Alpha,100389,,,Gamma,,100648,,morgan.calder@examplecorp.test,liam.ivanov@acme-fake.test,Re-engagement,100278,Ironwood Labs LLP,Other,,,,,,,,101805,,,,Y,
100640,Contact,103951,diego.ivanov@demomail.test,Fatima Calder,2023-08-18 18:49:00,rahul.whitfield@sampleco.test,Quinn Sloan,2026-07-26 01:55:00,priya.nguyen@examplecorp.test,Avery Haddad,2026-02-05 13:44:00,aisha.brooks@sampleco.test,Priya Ivanov,2024-07-20 23:05:00,Y,Jordan Kim,Aisha Reyes,Emerson Silva,REF-2932,HR Generalist,,REF-8329,Delta,,,,,,LOT-5556,emerson.silva@sampleco.test,,,,Active,100398,,100672,100106,100233,TAG-3084,,,,100055,,100232,Beta,100273,,,Standard,,100278,,riley.sato@examplecorp.test,taylor.ford@examplecorp.test,Re-engagement,100183,,,100412,,,,,,,,,,,,
100062,Contact,103954,chen.okafor@sampleco.test,Jamie Ivanov,2023-09-25 01:19:00,aisha.calder@sampleco.test,Riley Ivanov,2025-01-21 13:08:00,taylor.haddad@demomail.test,Noah Costa,2023-01-27 15:39:00,aisha.vance@acme-fake.test,Aisha Nguyen,2025-06-28 15:46:00,Y,Yara Whitfield,Arjun Dorsey,Sofia Okafor,LOT-1825,Data Analyst,,,,,,,,,TAG-7840,sofia.okafor@examplecorp.test,,,,Active,100343,100398,100349,100161,,,,,,,,100309,Alpha,100648,,,Gamma,,,,aisha.haddad@demomail.test,reese.patel@examplecorp.test,Re-engagement,100115,,Other,,,,,,,,101865,,,,N,
100461,Contact,103957,chen.mensah@examplecorp.test,Liam Nguyen,2025-01-21 19:23:00,marco.brooks@demomail.test,Morgan Ivanov,2024-02-07 14:08:00,elena.ashby@examplecorp.test,Fatima Whitfield,2022-10-17 22:04:00,riley.kim@examplecorp.test,Marco Sloan,2022-12-11 19:05:00,N,Aisha Kim,Omar Mercer,Mei Whitfield,SKU-2847,Marketing Coordinator,,,,,,,,TAG-7735,LOT-4301,mei.whitfield@sampleco.test,,,,Inactive,,100421,100305,100378,,,,,,,,100035,Alpha,100554,,,Delta,100065,100407,,marco.larsson@acme-fake.test,alex.nguyen@demomail.test,Product Update,100256,Everest Media LLC,,100704,,,10,,,,101803,,,,,
100277,Contact,103960,reese.mensah@demomail.test,Jordan Haddad,2023-03-15 15:19:00,emerson.rossi@sampleco.test,Alex Mercer,2026-07-05 22:09:00,omar.ivanov@demomail.test,Noah Reyes,2026-06-07 16:41:00,drew.cohen@acme-fake.test,Emerson Kim,2023-05-13 17:40:00,N,Skyler Okafor,Chen Silva,Avery Larsson,,Recruiter,,,,,,,,REF-6437,TAG-9345,avery.larsson@acme-fake.test,,,,Inactive,,,100211,100665,100205,,,,,100500,,,Gamma,100256,,,Gamma,,100178,,rowan.mercer@demomail.test,drew.silva@acme-fake.test,Re-engagement,100336,,Gamma,,,,,,,,,,,,Y,
100707,Contact,103963,avery.costa@acme-fake.test,Jamie Whitfield,2026-05-07 06:09:00,noah.ford@examplecorp.test,Priya Vance,2026-04-24 03:59:00,riley.mercer@sampleco.test,Sofia Mercer,2024-09-06 15:42:00,reese.dorsey@demomail.test,Drew Blake,2025-09-05 15:46:00,Y,Mei Haddad,Quinn Sato,Morgan Okafor,SKU-6255,Software Developer,,,,,,,8449,,REF-4009,morgan.okafor@acme-fake.test,,,,Active,,100181,100147,100191,100595,,,,,,,100528,Other,100330,,,Delta,100352,,,drew.reyes@acme-fake.test,alex.haddad@demomail.test,Event Invite,100332,,Gamma,100446,,,,,,,101840,,,,,
100507,Contact,103966,yara.ashby@demomail.test,Taylor Garcia,2023-02-23 19:48:00,diego.ashby@examplecorp.test,Rowan Vance,2022-10-24 01:44:00,rowan.silva@sampleco.test,Riley Calder,2023-08-19 12:55:00,chen.reyes@sampleco.test,Arjun Reyes,2022-12-16 19:23:00,Y,Arjun Dorsey,Mei Silva,Emerson Blake,TAG-4148,Recruiter,,,,Gamma,,,,,REF-7830,emerson.blake@acme-fake.test,,,,Active,100587,,100371,100702,100199,,,,,100672,,,Standard,100689,,,Alpha,100061,,,arjun.calder@demomail.test,sofia.ashby@acme-fake.test,Event Invite,100737,,Gamma,,,,,1,,,101853,,,,Y,
100109,Contact,103969,omar.costa@acme-fake.test,Rahul Garcia,2024-12-14 12:05:00,omar.nguyen@sampleco.test,Fatima Calder,2025-08-29 21:04:00,fatima.ford@acme-fake.test,Sofia Vance,2023-01-07 18:00:00,emerson.rossi@examplecorp.test,Avery Haddad,2025-04-30 06:36:00,Y,Taylor Ashby,Yara Sato,Skyler Ivanov,TAG-6094,HR Generalist,,,Beta,,,,,,LOT-2217,skyler.ivanov@demomail.test,,,,Active,,100786,100640,,,,,,,,,100425,Delta,100253,,,Delta,,,,liam.kim@sampleco.test,sofia.sloan@sampleco.test,Renewal Nudge,100696,,Beta,,,8,,,,,,,,,Y,
100229,Contact,103970,skyler.calder@examplecorp.test,Casey Blake,2025-01-18 21:28:00,noah.mensah@sampleco.test,Drew Haddad,2023-10-03 06:07:00,drew.ivanov@acme-fake.test,Diego Haddad,2026-05-08 07:51:00,emerson.okafor@examplecorp.test,Chen Whitfield,2022-11-18 04:33:00,Y,Aisha Sloan,Aisha Sato,Riley Garcia,LOT-1418,Data Analyst,,,,,,,,LOT-7915,LOT-4371,riley.garcia@examplecorp.test,,,,Active,100252,100273,100461,100481,,REF-1981,,,,100525,,100647,Other,100340,,,Alpha,100012,100309,,morgan.rossi@demomail.test,omar.sato@examplecorp.test,Event Invite,100142,,,100525,,,,,,,101871,,,,,
100278,Contact,103971,aisha.ashby@sampleco.test,Elena Mensah,2025-05-17 15:28:00,arjun.garcia@sampleco.test,Mei Brooks,2023-01-24 21:24:00,elena.reyes@examplecorp.test,Yara Mercer,2023-05-31 12:10:00,fatima.cohen@acme-fake.test,Elena Okafor,2025-10-07 13:44:00,Y,Morgan Mensah,Drew Whitfield,Marco Brooks,SKU-9687,Financial Analyst,,,,,,,,,REF-8143,marco.brooks@sampleco.test,,,,Active,,100219,100578,100507,100410,,,,,,,100762,Alpha,100561,,,,,100758,,fatima.silva@sampleco.test,riley.calder@acme-fake.test,Product Update,100157,,Standard,100448,,,,,,,,,,,,
100137,Contact,103974,diego.haddad@sampleco.test,Jordan Larsson,2023-12-24 08:37:00,alex.costa@demomail.test,Sofia Cohen,2025-05-26 17:43:00,jamie.reyes@sampleco.test,Elena Okafor,2024-08-18 13:26:00,sofia.reyes@sampleco.test,Diego Sloan,2023-05-31 03:54:00,Y,Drew Okafor,Reese Okafor,Yara Ford,TAG-3802,Operations Associate,,,,,,,3327,,REF-8368,yara.ford@acme-fake.test,,,,Active,,100145,100468,100529,,,,,,100435,,,Gamma,100137,,,,,,,reese.calder@demomail.test,jordan.patel@acme-fake.test,Re-engagement,100100,Blue Ridge Partners Co,Beta,100023,,,,,,,,,,,,
100256,Contact,103976,yara.silva@sampleco.test,Sofia Reyes,2025-11-26 12:09:00,rowan.blake@demomail.test,Mei Patel,2025-07-30 23:06:00,jamie.sloan@demomail.test,Elena Silva,2024-11-14 21:17:00,jordan.ashby@acme-fake.test,Omar Whitfield,2025-06-15 09:56:00,Y,Diego Dorsey,Diego Silva,Diego Blake,REF-5250,Recruiter,,,,,,,,LOT-2928,SKU-5931,diego.blake@acme-fake.test,,,,Active,,100469,100432,100699,100550,,,,,,,,Delta,100758,,,Standard,100208,100503,,quinn.ashby@examplecorp.test,alex.rossi@examplecorp.test,Re-engagement,100239,,,100565,,5,,,,,,,,,,
100348,Contact,103979,liam.ashby@sampleco.test,Jamie Vance,2024-11-04 19:14:00,elena.vance@acme-fake.test,Taylor Nguyen,2026-01-15 12:24:00,jamie.kim@sampleco.test,Jamie Nguyen,2024-06-18 11:47:00,yara.patel@examplecorp.test,Chen Dorsey,2024-04-23 16:19:00,Y,Skyler Ashby,Rowan Blake,Aisha Okafor,TAG-5571,Bookkeeper,,,Delta,,,,,SKU-2157,TAG-7707,aisha.okafor@sampleco.test,,,,Active,100468,,100439,100512,100561,SKU-9703,,,,100733,,,Delta,100418,,,Gamma,100535,100465,,avery.blake@sampleco.test,omar.dorsey@acme-fake.test,Renewal Nudge,100382,,,100046,,,,,,,,,,,,
100599,Contact,103980,jordan.mercer@sampleco.test,Jamie Nguyen,2026-07-08 03:03:00,rowan.haddad@examplecorp.test,Sofia Calder,2023-08-08 01:47:00,fatima.ford@sampleco.test,Aisha Cohen,2023-03-12 03:50:00,drew.vance@acme-fake.test,Alex Ivanov,2024-03-01 05:24:00,Y,Priya Cohen,Morgan Blake,Avery Reyes,SKU-9102,QA Engineer,,,,,,,,,SKU-3836,avery.reyes@examplecorp.test,,,,Active,,,100035,100246,,,,,,100436,,100137,Alpha,100340,,,,,,,emerson.nguyen@examplecorp.test,jamie.whitfield@examplecorp.test,Re-engagement,100371,Lakeside Systems Corp,,100162,,,,10,,,101889,,,,Y,
100031,Contact,103982,alex.cohen@acme-fake.test,Jordan Sloan,2024-02-02 14:33:00,rowan.dorsey@acme-fake.test,Elena Brooks,2024-06-01 00:34:00,casey.patel@examplecorp.test,Sofia Reyes,2024-01-03 18:26:00,aisha.vance@sampleco.test,Rowan Patel,2024-05-23 02:10:00,N,Yara Nguyen,Aisha Patel,Jordan Costa,SKU-9062,Financial Analyst,,,,,,,,REF-9530,LOT-1318,jordan.costa@acme-fake.test,,,,Inactive,100153,100172,100449,,,,,,,,,,Delta,100448,,,Standard,100320,100133,,yara.vance@acme-fake.test,quinn.mercer@sampleco.test,Quarterly Newsletter,100369,Ironwood Manufacturing Group,Gamma,100532,,,,,,,101878,,,,,
100741,Contact,103985,drew.dorsey@demomail.test,Sofia Sato,2025-08-15 07:12:00,elena.whitfield@demomail.test,Morgan Ivanov,2026-02-10 06:04:00,avery.costa@acme-fake.test,Arjun Okafor,2024-12-07 20:03:00,drew.mercer@acme-fake.test,Avery Brooks,2026-06-02 06:58:00,Y,Skyler Haddad,Diego Patel,Alex Larsson,TAG-4437,Data Analyst,,,,,,,,LOT-7933,LOT-6623,alex.larsson@demomail.test,,,,Active,100232,,100782,100361,100181,,,,,100558,,100382,Delta,100252,,,Delta,,100702,,mei.brooks@examplecorp.test,aisha.vance@sampleco.test,Re-engagement,100643,Cobalt Energy LLC,Standard,,,,,,,,,,,,,
100003,Contact,103986,rowan.rossi@acme-fake.test,Fatima Larsson,2023-05-23 12:40:00,noah.garcia@acme-fake.test,Omar Mercer,2022-10-11 22:27:00,mei.larsson@demomail.test,Yara Mensah,2024-09-17 10:55:00,skyler.ford@acme-fake.test,Emerson Haddad,2023-03-17 23:45:00,Y,Arjun Okafor,Sofia Dorsey,Marco Ford,SKU-7694,Bookkeeper,,,,Gamma,,,,,REF-8937,marco.ford@demomail.test,,,,Active,,100599,100296,100343,,,,,,100053,,,Standard,100305,,,Standard,100686,100314,,nina.reyes@sampleco.test,drew.garcia@demomail.test,Product Update,100448,,,,,,,,,,101862,,,,N,Y
100462,Contact,103989,nina.mercer@acme-fake.test,Jordan Haddad,2026-07-16 04:39:00,priya.haddad@acme-fake.test,Taylor Garcia,2025-09-11 02:50:00,rahul.brooks@examplecorp.test,Rowan Blake,2022-10-12 06:43:00,reese.garcia@sampleco.test,Nina Mercer,2024-01-31 08:11:00,Y,Avery Ashby,Quinn Larsson,Diego Mensah,REF-3092,Software Developer,,,,,,,7857,TAG-7540,LOT-1739,diego.mensah@acme-fake.test,,,,Active,100445,100758,100303,100226,100040,TAG-7250,,,,,,,Gamma,100554,,,,,100429,,skyler.dorsey@examplecorp.test,diego.kim@examplecorp.test,Quarterly Newsletter,100068,Harbor Partners LLC,Gamma,100201,,,,,,,101862,,,,Y,N
100348,Contact,103990,chen.haddad@acme-fake.test,Jamie Kim,2025-10-02 08:45:00,rahul.whitfield@acme-fake.test,Jamie Blake,2025-08-19 02:02:00,casey.garcia@examplecorp.test,Mei Reyes,2025-11-15 03:25:00,skyler.brooks@sampleco.test,Yara Mensah,2024-02-17 18:42:00,Y,Omar Sato,Nina Sloan,Rowan Dorsey,SKU-8907,QA Engineer,,,,,,,,,REF-7329,rowan.dorsey@demomail.test,,,,Active,100647,,100787,100481,100125,,,,,100579,,,Gamma,100726,,Y,Gamma,100149,,,mei.reyes@acme-fake.test,alex.vance@demomail.test,Re-engagement,100055,,Gamma,100768,,,,8,,,101867,,,,,
100361,Contact,103991,sofia.patel@demomail.test,Drew Costa,2025-12-01 21:42:00,liam.mercer@acme-fake.test,Marco Rossi,2023-01-24 23:03:00,emerson.silva@demomail.test,Reese Okafor,2024-01-21 04:01:00,casey.garcia@sampleco.test,Yara Ashby,2023-07-01 23:06:00,Y,Morgan Brooks,Sofia Cohen,Noah Silva,SKU-2464,Financial Analyst,,SKU-7560,,,,,,,LOT-4587,noah.silva@demomail.test,,,,Active,100256,,100732,100355,,,,,,,,100007,Standard,100542,,,Alpha,100601,100699,,reese.patel@acme-fake.test,mei.larsson@sampleco.test,Quarterly Newsletter,100386,Blue Ridge Media,Gamma,,,,,,,,,,,,,
100664,Contact,103993,diego.sloan@examplecorp.test,Sofia Brooks,2025-05-16 15:23:00,jordan.ford@sampleco.test,Liam Patel,2024-01-24 22:45:00,noah.larsson@demomail.test,Jamie Cohen,2024-11-19 02:41:00,liam.reyes@acme-fake.test,Morgan Mercer,2025-05-20 12:59:00,N,Aisha Rossi,Fatima Larsson,Rowan Larsson,TAG-2373,Project Manager,,,Beta,,,,,REF-8441,SKU-7060,rowan.larsson@demomail.test,,,,Inactive,,,100208,,,TAG-8058,,,,100758,,100188,Beta,100226,,,,100451,,,quinn.nguyen@acme-fake.test,sofia.costa@demomail.test,Product Update,100672,,,,,,,,,,101875,,,,,
100786,Contact,103996,marco.dorsey@examplecorp.test,Quinn Blake,2024-01-10 05:16:00,rowan.mercer@acme-fake.test,Sofia Vance,2025-09-18 12:14:00,skyler.ashby@sampleco.test,Morgan Silva,2025-02-23 18:27:00,quinn.sloan@sampleco.test,Aisha Garcia,2024-09-26 20:40:00,Y,Arjun Sato,Emerson Cohen,Rowan Ford,LOT-7051,Software Developer,,,,,,,,,SKU-6875,rowan.ford@sampleco.test,,,,Active,100551,100079,100201,100696,100365,,,,,100686,,100196,Standard,100616,,,Gamma,100322,100365,,emerson.mercer@sampleco.test,rowan.haddad@acme-fake.test,Renewal Nudge,100054,Lakeside Group Inc,,100109,,6,,,,,,,,,,
100214,Contact,103997,drew.rossi@demomail.test,Quinn Sloan,2022-12-14 05:33:00,elena.ivanov@examplecorp.test,Morgan Nguyen,2024-12-31 12:23:00,morgan.costa@acme-fake.test,Priya Sato,2025-05-29 21:58:00,jordan.ford@acme-fake.test,Riley Blake,2025-06-15 20:22:00,Y,Yara Larsson,Quinn Sloan,Taylor Okafor,REF-8453,Marketing Coordinator,,,,,,,,LOT-2572,SKU-4390,taylor.okafor@demomail.test,,,,Active,100791,,100401,100182,100256,,,,,,,,Gamma,100182,,,,,100702,,jordan.ashby@demomail.test,avery.garcia@sampleco.test,Quarterly Newsletter,100169,,Beta,100267,,,,,,,,,,,N,
100438,Contact,103998,rahul.reyes@demomail.test,Arjun Kim,2025-10-12 21:08:00,aisha.haddad@sampleco.test,Morgan Ashby,2022-12-30 08:43:00,diego.patel@demomail.test,Riley Nguyen,2024-03-31 05:51:00,morgan.ashby@acme-fake.test,Marco Haddad,2025-04-27 04:20:00,Y,Nina Vance,Quinn Cohen,Morgan Cohen,TAG-9742,Bookkeeper,,,,Delta,,,,REF-2856,LOT-2482,morgan.cohen@acme-fake.test,,,,Active,100658,100774,100652,,100669,,,,,100451,,100112,Delta,100478,,,Other,,100493,,elena.haddad@acme-fake.test,aisha.sato@demomail.test,Renewal Nudge,100493,,,100221,,,,,,,101857,,,,Y,
100119,Contact,103999,arjun.mercer@demomail.test,Quinn Nguyen,2025-02-12 09:18:00,yara.mercer@demomail.test,Noah Larsson,2026-04-02 05:51:00,marco.ivanov@examplecorp.test,Riley Ashby,2022-12-10 10:52:00,chen.whitfield@demomail.test,Alex Larsson,2022-12-29 10:36:00,Y,Omar Costa,Emerson Vance,Sofia Ashby,SKU-8065,Marketing Coordinator,,,,,,,,REF-4696,SKU-4591,sofia.ashby@sampleco.test,,,,Active,,100421,100204,100675,,,,,,,,100217,Delta,100629,,N,,,,,avery.patel@sampleco.test,alex.sato@examplecorp.test,Quarterly Newsletter,100133,Northwind Solutions Corp,Delta,,,,,,,,,,,,,
100205,Contact,104002,fatima.dorsey@examplecorp.test,Arjun Whitfield,2023-05-13 07:30:00,skyler.blake@acme-fake.test,Elena Kim,2022-12-28 13:27:00,rahul.ashby@acme-fake.test,Rahul Blake,2025-11-23 15:17:00,yara.kim@examplecorp.test,Riley Haddad,2024-08-21 12:49:00,Y,Elena Mensah,Priya Garcia,Morgan Brooks,SKU-3059,Project Manager,,,,,,,,SKU-7079,LOT-3783,morgan.brooks@acme-fake.test,,,,Active,100727,,100782,100232,100149,,,,,,,100071,Other,100745,,,Gamma,100349,100200,,marco.garcia@demomail.test,drew.brooks@examplecorp.test,Quarterly Newsletter,100349,Cobalt Dynamics Corp,,,,4,,,,,101819,,,,N,
100425,Contact,104003,quinn.vance@acme-fake.test,Noah Sato,2023-03-15 17:28:00,noah.cohen@examplecorp.test,Jamie Garcia,2022-12-19 23:04:00,morgan.costa@examplecorp.test,Drew Mercer,2025-09-13 02:51:00,yara.nguyen@demomail.test,Noah Mercer,2025-05-12 19:37:00,Y,Emerson Ford,Diego Larsson,Omar Mensah,REF-8399,Project Manager,,,,,,,,,REF-5057,omar.mensah@acme-fake.test,,,,Active,,,100509,100753,,,,,,100494,,100635,Other,100645,,,,100100,,,casey.ivanov@sampleco.test,priya.sloan@demomail.test,Re-engagement,100606,Blue Ridge Logistics LLP,Delta,,,,,,,,101853,,,,Y,
100566,Contact,104004,arjun.okafor@acme-fake.test,Sofia Vance,2026-05-21 20:57:00,quinn.vance@acme-fake.test,Priya Ashby,2023-12-19 23:35:00,arjun.calder@sampleco.test,Arjun Sloan,2023-02-12 22:03:00,jordan.larsson@sampleco.test,Alex Mercer,2022-12-25 03:01:00,Y,Jamie Kim,Jordan Ford,Casey Ashby,LOT-3738,Executive Assistant,,,,Beta,,,,,TAG-3634,casey.ashby@acme-fake.test,,,,Active,,,100509,100343,,,,,,100445,,100153,Beta,100247,,,,100208,,,omar.sloan@sampleco.test,avery.garcia@acme-fake.test,Re-engagement,100273,Blue Ridge Foods LLC,Standard,100260,,,,,,,,,,,N,
100145,Contact,104006,mei.kim@examplecorp.test,Avery Sloan,2023-08-11 03:45:00,rahul.haddad@demomail.test,Emerson Sloan,2026-05-23 20:36:00,omar.whitfield@examplecorp.test,Diego Vance,2023-09-01 23:45:00,marco.reyes@examplecorp.test,Noah Nguyen,2024-01-17 09:56:00,Y,Avery Garcia,Aisha Larsson,Drew Garcia,REF-9750,Executive Assistant,,,,,,,,TAG-3450,SKU-4803,drew.garcia@sampleco.test,,,,Active,,100579,100445,100462,,,,,,,,100465,Delta,100061,,,,100432,,,morgan.whitfield@acme-fake.test,rahul.blake@examplecorp.test,Event Invite,100253,,,,,,,,,,101878,,,,,
100273,Contact,104008,avery.larsson@demomail.test,Diego Okafor,2025-08-01 16:16:00,quinn.reyes@sampleco.test,Taylor Nguyen,2026-04-01 04:04:00,emerson.rossi@sampleco.test,Morgan Kim,2025-12-21 02:23:00,diego.silva@demomail.test,Priya Sato,2025-05-31 10:40:00,N,Skyler Okafor,Diego Okafor,Quinn Kim,TAG-2791,Customer Success Manager,,TAG-3859,,,,,,,REF-2408,quinn.kim@examplecorp.test,,,,Inactive,100335,,100484,100542,100466,,,,,,,100648,Standard,100490,,,Alpha,100565,,,casey.sato@demomail.test,sofia.nguyen@demomail.test,Event Invite,100704,Delta Analytics LLC,,,,,,2,,,101803,,,,,
100350,Contact,104011,noah.cohen@sampleco.test,Chen Larsson,2023-03-02 00:05:00,fatima.kim@demomail.test,Noah Brooks,2026-07-13 20:26:00,jamie.sato@demomail.test,Reese Mensah,2023-04-18 20:28:00,drew.mensah@examplecorp.test,Reese Dorsey,2024-04-03 11:32:00,N,Marco Blake,Jamie Patel,Noah Blake,TAG-7552,Executive Assistant,,,,,,,,LOT-6961,TAG-5949,noah.blake@sampleco.test,,,,Inactive,100295,100608,100359,,100787,,,,,,,100414,Alpha,100784,,Y,,,100761,,taylor.blake@examplecorp.test,drew.blake@sampleco.test,Re-engagement,100158,Pioneer Group Group,Standard,,,,,,,,101889,,,,,
100339,Contact,104014,chen.patel@acme-fake.test,Morgan Blake,2026-02-09 09:21:00,elena.okafor@examplecorp.test,Rowan Dorsey,2022-12-05 03:26:00,yara.mercer@acme-fake.test,Jordan Silva,2023-11-25 05:57:00,marco.rossi@sampleco.test,Liam Cohen,2024-10-25 17:18:00,N,Rahul Reyes,Casey Dorsey,Nina Ford,SKU-4158,QA Engineer,,,,,,,,,LOT-4220,nina.ford@examplecorp.test,,,,Inactive,100172,,100319,100707,,,,,,100743,,100299,Delta,100082,,,Delta,,100579,,liam.silva@acme-fake.test,quinn.vance@sampleco.test,Quarterly Newsletter,100115,Cardinal Energy Co,,100286,,,,,,,101800,,,,,
100791,Contact,104015,rahul.reyes@sampleco.test,Arjun Costa,2024-06-29 06:33:00,rahul.larsson@acme-fake.test,Chen Sato,2024-02-14 22:44:00,morgan.silva@demomail.test,Yara Whitfield,2026-07-31 19:10:00,omar.mercer@acme-fake.test,Rowan Kim,2024-08-04 20:54:00,Y,Marco Mensah,Yara Silva,Jamie Ashby,REF-3067,Executive Assistant,,,,,,,,,REF-4806,jamie.ashby@sampleco.test,,,,Active,100747,,100389,100454,,,,,,100200,,,Gamma,100724,,,Delta,100595,,,skyler.dorsey@examplecorp.test,riley.silva@demomail.test,Event Invite,100232,Cobalt Industries LLC,Standard,100232,,,,,,,,,,,Y,
100758,Contact,104018,avery.silva@demomail.test,Skyler Ford,2025-04-11 03:59:00,skyler.ivanov@demomail.test,Omar Cohen,2023-09-12 08:23:00,rahul.mercer@demomail.test,Avery Okafor,2025-09-04 08:13:00,jordan.haddad@acme-fake.test,Omar Nguyen,2026-05-14 09:11:00,N,Reese Mercer,Riley Ashby,Marco Whitfield,REF-6088,QA Engineer,,,,,,,8682,SKU-9078,SKU-1698,marco.whitfield@sampleco.test,,,,Inactive,,100661,100694,,100691,,,,,100204,,,Gamma,100529,,,Beta,100535,100023,,jordan.mercer@sampleco.test,noah.ivanov@acme-fake.test,Event Invite,100038,,Gamma,,,,,,,,101816,,,,N,
100569,Contact,104020,arjun.reyes@demomail.test,Yara Garcia,2023-01-28 11:51:00,taylor.garcia@demomail.test,Rahul Vance,2025-07-20 22:01:00,jordan.larsson@examplecorp.test,Alex Cohen,2023-10-16 04:04:00,skyler.vance@demomail.test,Aisha Mensah,2025-05-06 19:03:00,Y,Yara Whitfield,Quinn Nguyen,Reese Garcia,,Executive Assistant,,,,,,,,,TAG-1243,reese.garcia@sampleco.test,,,,Active,100271,100446,100622,,100460,SKU-6925,,,,100314,,,Delta,100522,,,,,,,sofia.larsson@demomail.test,mei.reyes@acme-fake.test,Product Update,100016,,,100386,,,,,,,101801,,,,,
100522,Contact,104023,alex.brooks@acme-fake.test,Casey Okafor,2026-07-29 06:42:00,marco.cohen@acme-fake.test,Liam Mensah,2023-07-03 23:12:00,fatima.mensah@sampleco.test,Taylor Ashby,2025-03-03 16:28:00,chen.dorsey@demomail.test,Liam Reyes,2022-10-15 01:26:00,Y,Jamie Ashby,Chen Brooks,Marco Ashby,LOT-7111,Accountant,,,,,,,345,,REF-8410,marco.ashby@acme-fake.test,,,,Active,100453,100717,100449,100106,100003,,,,,100005,,100627,Alpha,100554,,,,100269,,,sofia.garcia@sampleco.test,taylor.whitfield@demomail.test,Quarterly Newsletter,100481,Beacon Retail Co,Beta,,,9,,,,,101853,,,,N,
100003,Contact,104026,taylor.okafor@acme-fake.test,Marco Silva,2024-05-10 21:43:00,mei.cohen@demomail.test,Casey Nguyen,2025-02-17 21:21:00,casey.okafor@demomail.test,Priya Whitfield,2024-10-29 06:22:00,mei.mensah@demomail.test,Skyler Okafor,2023-06-06 08:37:00,Y,Rahul Mensah,Quinn Reyes,Marco Mercer,SKU-9381,Payroll Specialist,,,,,,SKU-4922,,,REF-7020,marco.mercer@examplecorp.test,,,,Active,,100359,100021,,,,,,,,,,Standard,100387,,Y,Beta,100481,,,fatima.blake@sampleco.test,noah.sato@examplecorp.test,Quarterly Newsletter,100552,,Beta,100003,,,,,,,101887,,,,Y,
100784,Contact,104028,skyler.vance@examplecorp.test,Mei Ivanov,2025-11-30 09:28:00,aisha.ashby@examplecorp.test,Chen Costa,2025-09-01 21:58:00,avery.nguyen@examplecorp.test,Jordan Reyes,2023-11-01 04:10:00,chen.silva@examplecorp.test,Diego Kim,2025-11-24 22:26:00,Y,Omar Reyes,Skyler Calder,Riley Ford,SKU-1658,Operations Associate,,REF-8259,,,,,4892,,REF-1457,riley.ford@sampleco.test,,,,Active,,,100428,100672,,,,,,,,,Standard,100487,,,Delta,100790,100325,,chen.silva@examplecorp.test,rowan.ford@demomail.test,Renewal Nudge,100634,,Delta,100185,,,,,,,101878,,,,Y,
100200,Contact,104030,yara.costa@sampleco.test,Quinn Rossi,2023-07-07 11:57:00,mei.costa@demomail.test,Diego Kim,2024-12-01 17:13:00,sofia.rossi@examplecorp.test,Rowan Mercer,2024-07-26 14:41:00,casey.calder@examplecorp.test,Yara Dorsey,2024-08-16 16:42:00,N,Alex Costa,Morgan Sato,Emerson Ford,TAG-2619,Project Manager,,,,Delta,,,,,SKU-7934,emerson.ford@demomail.test,,,,Inactive,,,100065,,,,,,,,,100582,Beta,100217,,,,100054,100229,,liam.blake@demomail.test,noah.nguyen@acme-fake.test,Quarterly Newsletter,100123,Cobalt Industries Co,Gamma,,,,,10,,,101813,,,,,
100050,Contact,104033,diego.kim@examplecorp.test,Arjun Patel,2024-04-23 16:58:00,emerson.nguyen@acme-fake.test,Morgan Ashby,2026-06-22 02:59:00,reese.rossi@demomail.test,Rowan Kim,2023-04-27 09:59:00,avery.sato@demomail.test,Jordan Mercer,2023-07-09 11:18:00,Y,Nina Blake,Drew Larsson,Casey Sloan,REF-8930,Payroll Specialist,,,,Alpha,,,,,REF-4772,casey.sloan@demomail.test,,,,Active,,100561,100707,,,,,,,100193,,100123,Other,100449,,,Other,,,,nina.silva@examplecorp.test,casey.costa@examplecorp.test,Re-engagement,100079,,Other,100461,,,,,,,,,,,Y,
100787,Contact,104036,liam.mercer@examplecorp.test,Rowan Haddad,2024-03-12 00:37:00,diego.brooks@demomail.test,Casey Whitfield,2025-09-29 02:20:00,elena.garcia@demomail.test,Rahul Sato,2023-07-02 14:23:00,rahul.cohen@acme-fake.test,Arjun Patel,2023-12-06 21:58:00,N,Morgan Dorsey,Yara Sloan,Liam Garcia,SKU-1168,Payroll Specialist,,,,,,,,,REF-2173,liam.garcia@sampleco.test,,,,Inactive,,100217,100062,100288,100554,,,,,100550,,,Gamma,100654,,,Standard,,100498,,marco.dorsey@examplecorp.test,fatima.haddad@acme-fake.test,Quarterly Newsletter,100028,,Alpha,,,,,,,,101812,,,,N,
100247,Contact,104037,skyler.silva@demomail.test,Casey Reyes,2023-08-10 02:20:00,liam.okafor@acme-fake.test,Noah Ford,2024-01-19 01:13:00,fatima.calder@demomail.test,Drew Sloan,2025-01-06 23:52:00,priya.costa@acme-fake.test,Avery Kim,2024-09-29 05:50:00,Y,Omar Haddad,Marco Sloan,Taylor Dorsey,REF-7051,HR Generalist,,,,,,,,SKU-9827,REF-7367,taylor.dorsey@sampleco.test,,,,Active,100028,100428,100125,,100404,,,,,100699,,,Delta,100650,,,,,,,jamie.whitfield@examplecorp.test,riley.nguyen@demomail.test,Product Update,100412,,,,,,,,,,101873,,,,N,
100469,Contact,104040,quinn.rossi@sampleco.test,Sofia Cohen,2026-03-28 20:33:00,emerson.ashby@acme-fake.test,Rahul Vance,2026-07-02 09:59:00,omar.brooks@sampleco.test,Taylor Okafor,2025-06-27 14:29:00,omar.whitfield@examplecorp.test,Marco Calder,2024-07-27 01:03:00,Y,Chen Kim,Marco Ivanov,Nina Larsson,TAG-2459,HR Generalist,,,,,,,,,REF-7800,nina.larsson@demomail.test,,,,Active,,100779,100579,100448,,,,,,100328,,,Beta,100507,,,Alpha,,100062,,jordan.costa@demomail.test,diego.mercer@acme-fake.test,Renewal Nudge,100123,,Beta,100275,,,,,,,101822,,,,,
100009,Contact,104041,aisha.sato@examplecorp.test,Mei Garcia,2025-12-16 17:07:00,reese.brooks@acme-fake.test,Omar Kim,2024-11-03 06:26:00,morgan.rossi@examplecorp.test,Nina Ford,2025-02-15 17:13:00,yara.brooks@acme-fake.test,Fatima Kim,2023-08-18 12:57:00,Y,Quinn Patel,Casey Mensah,Aisha Ivanov,SKU-2807,Executive Assistant,,LOT-7901,,,,,,,TAG-2597,aisha.ivanov@sampleco.test,,,,Active,100153,100737,100349,100651,,,,,,100229,,100651,Beta,100071,,,Standard,,100236,,marco.garcia@acme-fake.test,aisha.reyes@examplecorp.test,Renewal Nudge,100199,Evergreen Energy,Alpha,100418,,,,,,,101883,,,,,
100142,Contact,104044,mei.patel@sampleco.test,Noah Reyes,2026-05-06 18:48:00,sofia.larsson@acme-fake.test,Casey Mercer,2023-10-15 23:32:00,yara.cohen@sampleco.test,Morgan Mercer,2025-05-20 09:22:00,quinn.ashby@demomail.test,Marco Sloan,2025-09-07 00:57:00,Y,Drew Reyes,Casey Whitfield,Casey Whitfield,SKU-1124,Customer Success Manager,,,,,,,,,LOT-9556,casey.whitfield@sampleco.test,,,,Active,100507,100252,100383,100269,100062,,,,,100320,,,Beta,100236,,,Gamma,,,,jamie.silva@demomail.test,noah.calder@acme-fake.test,Re-engagement,100161,Ironwood Holdings Inc,Alpha,,,,,,,,101849,,,,N,
100702,Contact,104045,casey.haddad@acme-fake.test,Alex Whitfield,2025-03-09 15:31:00,elena.silva@acme-fake.test,Elena Garcia,2023-11-30 07:57:00,jordan.mensah@acme-fake.test,Casey Patel,2024-06-11 18:09:00,priya.silva@sampleco.test,Casey Mensah,2024-03-16 19:22:00,Y,Nina Garcia,Alex Calder,Reese Reyes,,Executive Assistant,,,,Beta,,,,SKU-1268,SKU-3927,reese.reyes@sampleco.test,,,,Active,100552,100182,100214,100494,100181,,,,,100775,,100286,Delta,100475,,,Delta,100635,100528,,yara.larsson@demomail.test,noah.silva@demomail.test,Quarterly Newsletter,100604,Falcon Retail Group,,,,,,,,,101851,,,,Y,
100076,Contact,104047,arjun.mercer@acme-fake.test,Taylor Nguyen,2023-09-08 18:32:00,emerson.sloan@demomail.test,Yara Mensah,2024-02-15 18:22:00,taylor.costa@examplecorp.test,Elena Ivanov,2022-10-15 14:55:00,skyler.garcia@acme-fake.test,Jordan Rossi,2024-03-23 03:52:00,Y,Rahul Garcia,Rowan Rossi,Liam Blake,SKU-4149,Data Analyst,,LOT-5041,,,,TAG-6832,,,TAG-7994,liam.blake@demomail.test,,,,Active,100579,100220,100650,100023,100300,,,,,,,,Gamma,100386,,,Gamma,100481,,,jordan.nguyen@sampleco.test,diego.costa@demomail.test,Product Update,100735,,,100659,,,,,,,,,,,Y,
100552,Contact,104049,sofia.reyes@acme-fake.test,Alex Brooks,2025-07-29 14:37:00,yara.dorsey@demomail.test,Sofia Calder,2024-12-23 17:47:00,jamie.okafor@examplecorp.test,Arjun Vance,2025-01-21 04:45:00,priya.ford@examplecorp.test,Reese Ashby,2026-04-01 21:34:00,Y,Noah Brooks,Jamie Sato,Sofia Larsson,REF-4555,Data Analyst,,,,Other,,,,,LOT-6598,sofia.larsson@demomail.test,,,,Active,,100286,100157,100134,,,,,,,,,Gamma,100157,,,Other,,100512,,priya.reyes@sampleco.test,avery.ford@demomail.test,Re-engagement,100686,Meridian Capital LLP,,100343,,,,,,,101817,,,,Y,
100068,Contact,104051,drew.nguyen@sampleco.test,Diego Mensah,2025-12-23 01:28:00,omar.ford@acme-fake.test,Taylor Sato,2025-11-21 23:30:00,aisha.vance@sampleco.test,Casey Patel,2026-03-03 15:07:00,casey.calder@examplecorp.test,Priya Nguyen,2024-12-31 15:09:00,Y,Nina Silva,Diego Reyes,Reese Costa,TAG-6848,Payroll Specialist,,,,,,,2728,,LOT-1993,reese.costa@examplecorp.test,,,,Active,,,100022,,,SKU-7720,,,,,,100538,Gamma,100460,,,Alpha,100740,100564,,aisha.mercer@acme-fake.test,chen.haddad@examplecorp.test,Renewal Nudge,100246,Falcon Retail Corp,Standard,,,,,,,,,,,,,
100665,Contact,104054,arjun.mercer@sampleco.test,Casey Ivanov,2023-05-18 15:29:00,avery.larsson@acme-fake.test,Priya Reyes,2024-07-15 18:58:00,arjun.patel@sampleco.test,Quinn Nguyen,2026-02-06 13:48:00,reese.costa@sampleco.test,Rowan Okafor,2025-08-06 23:44:00,Y,Fatima Ivanov,Riley Brooks,Liam Ivanov,TAG-1519,Marketing Coordinator,,,,,,SKU-2159,,,REF-8504,liam.ivanov@acme-fake.test,,,,Active,100727,100038,100345,100281,100632,,,,,,,100545,Beta,100137,,Y,Alpha,,100740,,priya.okafor@sampleco.test,rahul.larsson@acme-fake.test,Renewal Nudge,100233,Northwind Labs LLP,Other,100089,,,,,,,101875,,,,,
100012,Contact,104056,avery.mercer@demomail.test,Sofia Dorsey,2023-11-26 10:58:00,quinn.mensah@sampleco.test,Mei Ivanov,2026-01-17 12:51:00,quinn.patel@acme-fake.test,Liam Garcia,2022-12-08 17:51:00,fatima.vance@acme-fake.test,Liam Cohen,2025-09-10 21:27:00,Y,Aisha Mensah,Nina Larsson,Priya Ivanov,REF-4796,Bookkeeper,,SKU-4489,,Standard,Alpha,,,REF-3042,SKU-3676,priya.ivanov@examplecorp.test,,,,Active,100399,100590,100332,100267,,TAG-4127,,,,100022,,,Delta,100061,,,,100153,100528,,diego.haddad@sampleco.test,sofia.blake@acme-fake.test,Product Update,100608,Evergreen Energy Co,Other,,,,,,,,,,,,,N
100439,Contact,104057,fatima.sloan@examplecorp.test,Priya Sloan,2022-10-25 21:24:00,nina.silva@sampleco.test,Drew Cohen,2025-01-28 02:04:00,quinn.mercer@examplecorp.test,Emerson Ford,2026-02-22 17:19:00,diego.mensah@demomail.test,Jordan Patel,2024-08-23 14:01:00,Y,Taylor Brooks,Mei Ivanov,Elena Ivanov,TAG-9407,Financial Analyst,,,,,,,7411,,REF-5658,elena.ivanov@acme-fake.test,,,,Active,,100134,100770,,100647,,,,,,,,Gamma,100250,,,Other,100298,100753,,elena.mercer@examplecorp.test,alex.whitfield@demomail.test,Re-engagement,100383,Blue Ridge Capital Group,Gamma,,,,,5,,,101888,,,,Y,
100724,Contact,104059,liam.sloan@demomail.test,Jamie Calder,2023-11-09 01:13:00,priya.cohen@sampleco.test,Jordan Costa,2024-06-25 01:50:00,arjun.costa@demomail.test,Fatima Brooks,2023-07-09 18:13:00,skyler.vance@examplecorp.test,Nina Whitfield,2025-08-25 07:25:00,Y,Aisha Cohen,Nina Haddad,Aisha Mercer,LOT-7206,Marketing Coordinator,,,,,,,6169,SKU-3130,SKU-4881,aisha.mercer@examplecorp.test,,,,Active,100040,,100756,,100252,,,,,100585,,100771,Gamma,100178,,,,,100211,,riley.whitfield@demomail.test,omar.ford@sampleco.test,Product Update,100457,Atlas Energy LLP,Delta,100514,,,,,,,,,,,N,
100224,Contact,104062,skyler.cohen@sampleco.test,Marco Kim,2025-01-07 09:44:00,casey.sloan@acme-fake.test,Riley Okafor,2025-03-19 14:17:00,sofia.ford@acme-fake.test,Yara Cohen,2026-07-18 06:04:00,marco.silva@examplecorp.test,Emerson Silva,2025-11-08 08:13:00,N,Avery Dorsey,Drew Reyes,Reese Silva,LOT-4843,QA Engineer,,SKU-2963,,,,,,,TAG-2824,reese.silva@acme-fake.test,,,,Inactive,100414,100761,100765,100042,100516,,,,,,,,Alpha,100654,,,,100554,,,alex.larsson@acme-fake.test,rahul.reyes@sampleco.test,Event Invite,100375,Falcon Robotics Co,Beta,,,,,,,,,Y,,,,
100386,Contact,104065,sofia.mercer@demomail.test,Mei Ashby,2023-06-11 19:30:00,taylor.calder@demomail.test,Omar Ford,2024-04-06 17:21:00,morgan.whitfield@sampleco.test,Liam Ford,2022-10-22 04:55:00,drew.sloan@sampleco.test,Yara Mercer,2024-04-26 09:35:00,Y,Fatima Calder,Noah Nguyen,Fatima Blake,SKU-7402,Financial Analyst,,,,,,,7594,LOT-7487,SKU-8948,fatima.blake@acme-fake.test,,,,Active,,100239,100145,100194,,,,,,,,100565,Delta,100349,,,Alpha,100669,,,nina.ivanov@sampleco.test,emerson.ashby@sampleco.test,Quarterly Newsletter,100627,,Alpha,,,,,,,,,,,,N,
100611,Contact,104067,arjun.cohen@acme-fake.test,Riley Haddad,2025-03-31 01:37:00,riley.sloan@examplecorp.test,Priya Ashby,2023-03-30 21:39:00,aisha.patel@acme-fake.test,Aisha Rossi,2025-12-22 06:05:00,riley.sato@demomail.test,Quinn Whitfield,2024-06-03 01:43:00,Y,Jamie Garcia,Avery Reyes,Yara Calder,REF-6243,Bookkeeper,,,,,,,,,REF-1433,yara.calder@sampleco.test,,,,Active,100174,,100741,100775,100352,,,,,100791,,,Alpha,100332,,Y,,100512,,,rahul.silva@sampleco.test,morgan.dorsey@examplecorp.test,Renewal Nudge,100392,Brightpath Retail LLC,Alpha,100776,,,,,,,101849,,,,,
100121,Contact,104068,elena.sato@acme-fake.test,Arjun Mensah,2026-05-21 14:45:00,casey.larsson@demomail.test,Jamie Calder,2025-10-29 14:35:00,jamie.vance@acme-fake.test,Rahul Silva,2025-01-09 02:41:00,riley.whitfield@examplecorp.test,Emerson Nguyen,2025-12-30 06:37:00,Y,Reese Cohen,Morgan Costa,Riley Mensah,LOT-9201,Support Specialist,,,,,Alpha,,,TAG-4616,SKU-5894,riley.mensah@sampleco.test,,,,Active,100445,100651,100787,,100345,,,,,,,100046,Gamma,100178,,,Beta,100735,100156,,marco.garcia@examplecorp.test,elena.okafor@sampleco.test,Re-engagement,100436,,,100335,,,,,,,101867,,,,N,N
100118,Contact,104070,drew.whitfield@acme-fake.test,Morgan Cohen,2023-07-28 06:19:00,jordan.garcia@examplecorp.test,Liam Brooks,2023-01-01 17:17:00,riley.sloan@examplecorp.test,Liam Silva,2026-03-16 15:00:00,emerson.blake@sampleco.test,Avery Ford,2024-02-14 06:42:00,Y,Marco Haddad,Riley Dorsey,Fatima Mercer,LOT-4429,Data Analyst,,,,,,,,SKU-3548,LOT-8524,fatima.mercer@sampleco.test,,,,Active,100215,100145,100481,100016,100291,,,,,,,,Other,100400,,,,100608,100082,,jamie.ford@acme-fake.test,alex.vance@examplecorp.test,Event Invite,100157,Cardinal Industries Corp,Other,100386,,,,,,,,,,,N,
100675,Contact,104073,chen.kim@examplecorp.test,Marco Cohen,2026-04-26 15:18:00,elena.rossi@examplecorp.test,Omar Sato,2022-12-20 15:21:00,rahul.garcia@acme-fake.test,Drew Costa,2023-02-11 21:13:00,mei.rossi@sampleco.test,Rahul Ivanov,2024-08-06 15:45:00,N,Jamie Sloan,Emerson Reyes,Emerson Blake,TAG-4848,Data Analyst,,,,,,,,,LOT-6262,emerson.blake@demomail.test,,,,Inactive,,100399,100359,,100672,,,,,100714,,100790,Standard,100487,,,Alpha,,100147,,diego.ashby@sampleco.test,fatima.brooks@demomail.test,Event Invite,100599,,Alpha,,,10,,,,,101860,,,,N,
100229,Contact,104075,rahul.kim@sampleco.test,Mei Costa,2026-06-16 12:17:00,emerson.patel@demomail.test,Aisha Whitfield,2026-01-28 16:19:00,omar.reyes@sampleco.test,Taylor Blake,2024-08-16 03:32:00,quinn.dorsey@demomail.test,Reese Blake,2025-01-29 12:08:00,N,Quinn Cohen,Casey Rossi,Elena Sloan,REF-7908,Software Developer,,,,,,,,TAG-7342,TAG-6468,elena.sloan@demomail.test,,,,Inactive,100627,,100169,100350,,,,,,100462,,,Delta,100740,,,Alpha,100470,,,marco.sato@demomail.test,chen.garcia@examplecorp.test,Quarterly Newsletter,100449,,Delta,,,,,,,,,,,,N,
100714,Contact,104077,aisha.whitfield@acme-fake.test,Diego Costa,2026-04-23 04:07:00,arjun.cohen@examplecorp.test,Morgan Blake,2023-07-31 08:47:00,diego.vance@demomail.test,Rowan Rossi,2025-07-11 11:34:00,rowan.mensah@examplecorp.test,Aisha Blake,2025-08-08 16:13:00,Y,Avery Calder,Marco Larsson,Sofia Blake,REF-4916,Support Specialist,,,,,,,,,TAG-6720,sofia.blake@sampleco.test,,,,Active,100429,100221,100471,,,,,,,100635,,100669,Standard,100003,,,Alpha,,,,arjun.rossi@sampleco.test,elena.reyes@examplecorp.test,Quarterly Newsletter,100311,Ironwood Ventures Inc,Delta,,,,,,,,,,,,,Y
100239,Contact,104078,mei.larsson@examplecorp.test,Drew Reyes,2025-06-11 08:40:00,morgan.whitfield@demomail.test,Jamie Larsson,2022-12-04 16:53:00,riley.silva@demomail.test,Noah Silva,2026-02-15 21:56:00,riley.sato@sampleco.test,Liam Patel,2024-11-13 19:43:00,N,Yara Silva,Avery Dorsey,Noah Whitfield,SKU-7278,Software Developer,,,,,,,,LOT-2332,SKU-9065,noah.whitfield@acme-fake.test,,,,Inactive,,100656,100100,,100340,SKU-5532,,,,100174,,100645,Standard,100362,,,,,,,rahul.vance@sampleco.test,nina.haddad@sampleco.test,Quarterly Newsletter,100762,Horizon Labs Co,Beta,,,,,,,,101815,,,,,
100582,Contact,104081,aisha.whitfield@acme-fake.test,Mei Sloan,2024-06-17 14:14:00,nina.blake@examplecorp.test,Sofia Reyes,2024-10-15 21:42:00,riley.dorsey@acme-fake.test,Arjun Ford,2024-07-07 16:26:00,liam.ford@demomail.test,Casey Costa,2024-10-19 21:14:00,Y,Jamie Cohen,Diego Dorsey,Nina Mensah,SKU-9798,Data Analyst,,,,,,,,,SKU-7945,nina.mensah@sampleco.test,,,,Active,100741,,100545,100453,100315,,,,,100205,,100622,Alpha,100593,,,Standard,100784,100031,,nina.vance@acme-fake.test,taylor.costa@demomail.test,Re-engagement,100181,Vertex Financial Co,Beta,,,,,,,,101815,,,,N,N
100086,Contact,104082,arjun.cohen@sampleco.test,Fatima Dorsey,2023-06-27 02:38:00,omar.haddad@acme-fake.test,Marco Patel,2025-05-06 17:45:00,rahul.kim@acme-fake.test,Morgan Costa,2023-04-29 01:52:00,jordan.whitfield@sampleco.test,Liam Patel,2023-04-09 17:32:00,Y,Jordan Larsson,Morgan Patel,Reese Whitfield,REF-1790,HR Generalist,,,,,,,,REF-9268,TAG-2603,reese.whitfield@acme-fake.test,,,,Active,,,100595,,,,,,,100098,,100699,Other,100735,,,,100704,100704,,arjun.nguyen@sampleco.test,taylor.garcia@demomail.test,Renewal Nudge,100611,,,,,,4,,,,101816,,,,N,
100740,Contact,104084,chen.garcia@sampleco.test,Nina Ford,2023-03-13 21:09:00,liam.brooks@sampleco.test,Sofia Sloan,2024-12-09 07:08:00,aisha.costa@examplecorp.test,Fatima Larsson,2023-02-12 13:35:00,riley.vance@demomail.test,Rahul Brooks,2023-04-18 17:06:00,N,Arjun Calder,Priya Whitfield,Alex Ford,LOT-1130,Marketing Coordinator,,,,,,,,REF-3343,REF-1997,alex.ford@acme-fake.test,,,,Inactive,100220,100119,100082,100613,,,,,,,,100643,Standard,100339,,,Other,,100457,,skyler.cohen@sampleco.test,chen.blake@examplecorp.test,Renewal Nudge,100319,Copper Holdings LLC,Other,100509,,,,,,,,,,,N,
100042,Contact,104087,diego.mensah@examplecorp.test,Priya Silva,2026-01-18 15:06:00,taylor.dorsey@sampleco.test,Arjun Brooks,2023-12-30 01:00:00,omar.blake@sampleco.test,Aisha Blake,2024-09-18 07:42:00,jordan.dorsey@examplecorp.test,Nina Rossi,2025-04-16 20:47:00,N,Jamie Rossi,Emerson Cohen,Jamie Kim,REF-5241,Bookkeeper,,,,,Delta,,,,REF-7536,jamie.kim@examplecorp.test,,,,Inactive,,,100204,100322,100471,,,,,,,100233,Beta,100776,,,Gamma,100369,,,morgan.silva@demomail.test,fatima.okafor@examplecorp.test,Quarterly Newsletter,100031,,,,,,,,,,101817,,,,,
100735,Contact,104089,yara.blake@examplecorp.test,Arjun Calder,2025-08-17 02:02:00,casey.ford@demomail.test,Diego Blake,2026-04-22 03:43:00,taylor.nguyen@examplecorp.test,Avery Cohen,2025-01-16 06:28:00,chen.ashby@demomail.test,Liam Dorsey,2026-02-20 14:56:00,N,Yara Haddad,Arjun Reyes,Reese Garcia,TAG-3769,Marketing Coordinator,,,,,Beta,,,,REF-8986,reese.garcia@sampleco.test,,,,Inactive,,100125,100125,100396,100178,,,,,100383,,100244,Standard,100375,,,Other,,,,nina.sloan@sampleco.test,aisha.vance@sampleco.test,Renewal Nudge,100786,Cobalt Capital Inc,Gamma,100727,,,,,,,,,,,N,
100665,Contact,104092,noah.mercer@sampleco.test,Marco Mensah,2023-10-27 02:35:00,quinn.blake@examplecorp.test,Morgan Mensah,2025-07-25 10:48:00,emerson.reyes@acme-fake.test,Diego Kim,2023-11-29 21:13:00,aisha.patel@examplecorp.test,Noah Ivanov,2022-11-20 20:52:00,N,Nina Sato,Elena Garcia,Skyler Kim,REF-7192,Accountant,,,,Alpha,,,,,LOT-9976,skyler.kim@examplecorp.test,,,,Inactive,100117,,100292,100317,100519,,,,,100739,,100727,Alpha,100242,,,,100608,,,marco.haddad@examplecorp.test,morgan.ivanov@examplecorp.test,Event Invite,100058,Northwind Systems LLC,,100678,,,,,,,,Y,,,,
100645,Contact,104093,omar.ashby@sampleco.test,Marco Whitfield,2024-08-25 16:00:00,sofia.rossi@sampleco.test,Aisha Garcia,2025-02-03 02:56:00,arjun.ford@demomail.test,Riley Okafor,2024-12-14 10:21:00,sofia.dorsey@sampleco.test,Nina Sloan,2025-04-20 23:47:00,Y,Omar Silva,Casey Cohen,Liam Vance,TAG-8767,Recruiter,,,,,,,,,REF-4334,liam.vance@demomail.test,,,,Active,,100325,100140,,100096,,,,,100434,,,Gamma,100303,,,Delta,,100149,,jamie.costa@sampleco.test,priya.mensah@acme-fake.test,Product Update,100286,Beacon Retail Ltd,,100568,,,,1,,,,,,,Y,N
100130,Contact,104094,jamie.ashby@examplecorp.test,Arjun Ivanov,2024-02-20 15:11:00,marco.dorsey@acme-fake.test,Alex Calder,2023-07-16 15:32:00,fatima.larsson@examplecorp.test,Yara Rossi,2023-11-21 13:03:00,avery.blake@examplecorp.test,Morgan Blake,2025-02-17 11:56:00,N,Marco Blake,Rahul Nguyen,Elena Kim,SKU-5792,QA Engineer,,REF-6702,,,,,,TAG-4281,REF-3693,elena.kim@demomail.test,,,,Inactive,100083,100640,100106,100500,100465,SKU-9162,,,,,,,Other,100435,,N,,100349,100495,,riley.dorsey@sampleco.test,taylor.mensah@acme-fake.test,Re-engagement,100727,,Alpha,100465,,,,,,,101878,Y,,,,
100019,Contact,104096,emerson.ashby@acme-fake.test,Jamie Ivanov,2024-07-28 20:51:00,drew.mensah@demomail.test,Taylor Ashby,2026-01-10 05:08:00,chen.silva@acme-fake.test,Omar Ford,2024-12-29 17:25:00,arjun.vance@sampleco.test,Rahul Kim,2026-04-16 22:44:00,Y,Yara Cohen,Jordan Ivanov,Alex Whitfield,SKU-8372,Bookkeeper,,,,,,LOT-3140,,REF-2012,REF-3515,alex.whitfield@acme-fake.test,,,,Active,,100106,100273,,,,,,,100250,,100494,Alpha,100481,,,,,,,morgan.silva@examplecorp.test,fatima.sato@sampleco.test,Quarterly Newsletter,100233,,Standard,,,,,,,,,,,,,
100743,Contact,104099,jamie.cohen@demomail.test,Priya Haddad,2025-10-13 03:34:00,quinn.larsson@demomail.test,Arjun Sloan,2023-07-13 21:48:00,morgan.brooks@demomail.test,Jamie Mercer,2024-06-24 19:14:00,alex.costa@sampleco.test,Yara Sato,2023-03-23 11:35:00,Y,Avery Garcia,Quinn Haddad,Aisha Sloan,TAG-5567,Operations Associate,,,,,,,7648,SKU-8162,TAG-3332,aisha.sloan@demomail.test,,,,Active,100403,100299,100219,100073,100263,,,,,100791,,100570,Gamma,100665,,,Delta,,100386,,jamie.garcia@acme-fake.test,jordan.sato@acme-fake.test,Product Update,100740,,Other,100269,,,,1,,,101858,,,,,
100133,Contact,104100,yara.calder@sampleco.test,Casey Vance,2023-09-15 22:48:00,jamie.costa@acme-fake.test,Chen Larsson,2024-12-07 08:03:00,reese.mensah@demomail.test,Quinn Rossi,2022-12-10 17:55:00,alex.mensah@demomail.test,Fatima Sloan,2024-06-30 16:49:00,Y,Arjun Blake,Rahul Nguyen,Taylor Costa,REF-7724,Marketing Coordinator,,,,,,,,SKU-5300,TAG-5571,taylor.costa@examplecorp.test,,,,Active,100750,,100404,100762,,,,,,100469,,100281,Standard,100700,,Y,,,,,fatima.silva@acme-fake.test,casey.ashby@acme-fake.test,Re-engagement,100412,,Delta,100340,,,,,,,,,,,,
100201,Contact,104102,chen.whitfield@examplecorp.test,Priya Mercer,2024-03-09 15:08:00,diego.ford@demomail.test,Mei Kim,2025-08-18 22:52:00,emerson.ashby@examplecorp.test,Arjun Haddad,2022-12-22 06:14:00,casey.patel@demomail.test,Rowan Costa,2025-10-20 08:09:00,N,Diego Sloan,Yara Costa,Avery Brooks,SKU-5677,HR Generalist,,,,,,,,LOT-3875,REF-3490,avery.brooks@acme-fake.test,,,,Inactive,100053,100219,100357,100200,,,,,,,,100352,Other,100645,,N,,100498,100033,,aisha.sato@acme-fake.test,liam.kim@acme-fake.test,Event Invite,100475,Pioneer Dynamics,Other,,,,,,,,101858,,,,,
100157,Contact,104103,reese.sloan@sampleco.test,Drew Brooks,2025-06-05 07:10:00,liam.reyes@acme-fake.test,Casey Whitfield,2025-05-02 14:16:00,omar.costa@demomail.test,Arjun Sato,2025-07-27 22:00:00,rahul.brooks@demomail.test,Emerson Mensah,2025-05-02 14:18:00,N,Skyler Sato,Arjun Sloan,Quinn Ivanov,TAG-3744,Project Manager,,,,,,REF-5409,,REF-1667,REF-2227,quinn.ivanov@sampleco.test,,,,Inactive,,,100385,100724,100257,,,,,,,,Other,100196,,,,100645,100707,,sofia.reyes@sampleco.test,jamie.larsson@sampleco.test,Event Invite,100026,,Other,,,,,,,,101887,,,,N,
100267,Contact,104105,rahul.ivanov@demomail.test,Elena Ivanov,2024-04-19 20:10:00,avery.patel@examplecorp.test,Taylor Patel,2025-01-07 02:40:00,sofia.rossi@acme-fake.test,Yara Ashby,2025-05-01 14:40:00,yara.mercer@acme-fake.test,Drew Mensah,2025-08-15 02:37:00,Y,Reese Haddad,Priya Nguyen,Riley Garcia,SKU-7452,Support Specialist,,,,,,,,,SKU-9218,riley.garcia@demomail.test,,,,Active,,100639,100462,,100542,,,,,,,,Delta,100178,,,Alpha,,100203,,jamie.mercer@sampleco.test,avery.brooks@examplecorp.test,Product Update,100608,,Alpha,100707,,,,,,,,,,,Y,
100053,Contact,104107,avery.vance@acme-fake.test,Alex Costa,2024-10-30 08:19:00,jamie.mensah@demomail.test,Liam Sato,2025-07-07 09:31:00,taylor.garcia@sampleco.test,Riley Reyes,2023-12-04 01:28:00,marco.ashby@acme-fake.test,Jamie Okafor,2025-06-23 14:23:00,N,Fatima Calder,Rowan Blake,Elena Reyes,TAG-3594,Executive Assistant,,,,,,,,,LOT-2291,elena.reyes@demomail.test,,,,Inactive,100645,100224,100194,100404,,,,,,100040,,100286,Standard,100751,,,Gamma,100559,100401,,jordan.larsson@acme-fake.test,reese.reyes@acme-fake.test,Quarterly Newsletter,100686,Redwood Financial Co,,100211,,,,,,,101827,,,,,
100387,Contact,104110,rahul.larsson@demomail.test,Morgan Vance,2024-03-04 12:40:00,omar.mercer@demomail.test,Chen Dorsey,2026-05-27 20:09:00,skyler.blake@examplecorp.test,Priya Okafor,2026-01-12 06:03:00,fatima.costa@demomail.test,Omar Ivanov,2023-09-23 03:37:00,Y,Diego Mensah,Noah Cohen,Sofia Whitfield,LOT-8565,Payroll Specialist,,,,,,,,,LOT-1162,sofia.whitfield@examplecorp.test,,,,Active,,100029,100194,100286,100671,,,,,100130,,100673,Other,100565,,,Delta,100229,100317,,omar.garcia@demomail.test,marco.brooks@sampleco.test,Renewal Nudge,100204,Evergreen Manufacturing LLP,Other,100454,,,,,,,101830,,,,Y,
100031,Contact,104111,riley.vance@acme-fake.test,Morgan Garcia,2023-05-13 14:43:00,riley.whitfield@acme-fake.test,Omar Ivanov,2026-07-07 21:11:00,jordan.costa@sampleco.test,Priya Nguyen,2025-09-12 23:51:00,diego.whitfield@examplecorp.test,Morgan Ashby,2025-01-30 17:34:00,Y,Avery Rossi,Noah Calder,Liam Dorsey,LOT-2501,Accountant,,,,,,,,,REF-2527,liam.dorsey@sampleco.test,,,,Active,100578,100142,100425,,100578,,,,,100694,,100077,Delta,100393,,,Delta,100756,100504,,noah.larsson@demomail.test,mei.patel@acme-fake.test,Re-engagement,100233,,,,,,,6,,,101886,,,,,
100383,Contact,104113,jamie.larsson@acme-fake.test,Liam Mercer,2024-05-10 16:46:00,liam.okafor@examplecorp.test,Avery Blake,2024-05-02 00:46:00,liam.kim@acme-fake.test,Rowan Reyes,2024-12-03 02:30:00,aisha.mensah@demomail.test,Arjun Garcia,2024-09-11 11:10:00,Y,Avery Silva,Nina Rossi,Jamie Mercer,SKU-5165,Executive Assistant,,TAG-3388,,,,,,,LOT-4524,jamie.mercer@examplecorp.test,,,,Active,100067,100423,100438,,100118,,,,,100239,,,Alpha,100355,,Y,,100478,,,alex.vance@demomail.test,aisha.cohen@demomail.test,Event Invite,100786,,,,,,,,,,101795,,,,,
100714,Contact,104115,jamie.cohen@examplecorp.test,Rahul Haddad,2023-06-24 00:26:00,noah.mensah@examplecorp.test,Rowan Kim,2025-08-31 17:00:00,rowan.garcia@demomail.test,Reese Dorsey,2025-09-28 08:26:00,arjun.whitfield@examplecorp.test,Fatima Reyes,2026-04-03 11:58:00,N,Nina Nguyen,Priya Blake,Marco Blake,SKU-9385,Customer Success Manager,,,,Alpha,,,,,TAG-2168,marco.blake@examplecorp.test,,,,Inactive,100284,100118,100410,100120,100362,SKU-3219,,,,,,100785,Beta,100473,,,Gamma,100585,100016,,jamie.kim@examplecorp.test,omar.calder@sampleco.test,Renewal Nudge,100509,Brightpath Solutions Corp,Other,,,,,,,,,,,,Y,
100035,Contact,104116,arjun.blake@demomail.test,Morgan Patel,2024-07-20 11:14:00,elena.patel@examplecorp.test,Chen Vance,2026-06-11 22:59:00,noah.ashby@examplecorp.test,Jamie Patel,2024-05-29 03:54:00,jamie.patel@acme-fake.test,Emerson Whitfield,2026-05-20 04:37:00,Y,Riley Costa,Rahul Blake,Diego Silva,TAG-4977,Executive Assistant,,,,,,,,,REF-5617,diego.silva@acme-fake.test,,,,Active,100252,100635,100387,100475,100704,,,,,,,100172,Beta,100300,,,Alpha,,100355,,omar.rossi@demomail.test,diego.whitfield@sampleco.test,Renewal Nudge,100532,,Delta,100538,,,,,,,101858,,,,N,
100487,Contact,104117,jordan.rossi@examplecorp.test,Noah Sato,2025-03-26 23:16:00,nina.vance@demomail.test,Alex Rossi,2023-05-23 14:00:00,diego.okafor@sampleco.test,Nina Kim,2022-10-30 11:04:00,quinn.okafor@demomail.test,Omar Ford,2023-08-04 21:30:00,Y,Elena Kim,Priya Mercer,Fatima Ashby,TAG-4993,Marketing Coordinator,,,,,,,,TAG-2701,SKU-7311,fatima.ashby@demomail.test,,,,Active,100109,100393,100686,100100,100574,,,,,,,100727,Beta,100305,,,,,100157,,jamie.ashby@demomail.test,drew.rossi@sampleco.test,Renewal Nudge,100253,,,100226,,,,,,,101836,,,,N,
100221,Contact,104118,emerson.okafor@demomail.test,Diego Mercer,2025-04-15 06:37:00,avery.brooks@demomail.test,Marco Mensah,2022-10-10 04:31:00,reese.mensah@demomail.test,Arjun Ford,2023-06-11 18:44:00,drew.silva@demomail.test,Rowan Cohen,2025-10-11 23:10:00,N,Omar Calder,Marco Sato,Diego Ford,SKU-6730,Bookkeeper,,,,,,,,,TAG-5821,diego.ford@examplecorp.test,,,,Inactive,100275,,100253,100664,100496,,,,,100153,,,Other,100529,,,Other,,,,taylor.brooks@demomail.test,emerson.kim@sampleco.test,Event Invite,100393,,Alpha,,,,,4,,,,,,,N,
100468,Contact,104121,skyler.mensah@demomail.test,Jordan Patel,2025-11-30 16:45:00,sofia.kim@examplecorp.test,Jordan Ashby,2025-12-15 04:03:00,marco.okafor@examplecorp.test,Skyler Vance,2022-12-20 13:35:00,casey.ivanov@sampleco.test,Arjun Silva,2023-01-11 15:03:00,Y,Reese Dorsey,Yara Patel,Riley Dorsey,LOT-1080,Accountant,,,,,,,,REF-2932,LOT-7220,riley.dorsey@examplecorp.test,,,,Active,,,100660,100058,100753,,,,,100292,,,Delta,100211,,N,,100710,,,sofia.patel@sampleco.test,noah.mensah@acme-fake.test,Product Update,100696,Lakeside Health LLP,,100727,,,,,,,101837,,,,N,
100768,Contact,104122,rowan.blake@acme-fake.test,Priya Brooks,2024-01-02 07:18:00,jordan.nguyen@demomail.test,Diego Patel,2022-11-09 14:42:00,chen.nguyen@examplecorp.test,Drew Costa,2024-02-02 01:02:00,morgan.haddad@acme-fake.test,Morgan Costa,2024-08-01 19:27:00,Y,Rowan Sloan,Yara Kim,Taylor Garcia,LOT-7842,Software Developer,,,,,,,,LOT-7265,TAG-1454,taylor.garcia@sampleco.test,,,,Active,,100500,100117,,,,,,,100498,,100647,Delta,100019,,,Alpha,100082,100551,,fatima.calder@examplecorp.test,aisha.sato@sampleco.test,Re-engagement,100478,,,,,,,,,,101875,Y,,,,
100065,Contact,104124,reese.sloan@demomail.test,Liam Ashby,2025-11-05 23:36:00,mei.larsson@sampleco.test,Elena Patel,2025-11-07 03:08:00,morgan.ashby@examplecorp.test,Mei Garcia,2024-03-31 07:45:00,skyler.reyes@sampleco.test,Yara Blake,2026-03-03 23:35:00,Y,Priya Kim,Riley Cohen,Jamie Sloan,TAG-3323,Software Developer,,,,,Gamma,,,,LOT-2465,jamie.sloan@demomail.test,,,,Active,100441,100295,100415,100288,100540,,,,,,,,Delta,100454,,,,100153,,,chen.larsson@acme-fake.test,arjun.ashby@sampleco.test,Renewal Nudge,100745,,Beta,100389,,,,,,,,,,,Y,
100585,Contact,104126,emerson.mensah@acme-fake.test,Sofia Kim,2025-11-02 15:45:00,riley.haddad@demomail.test,Chen Patel,2024-09-12 20:11:00,chen.brooks@sampleco.test,Skyler Nguyen,2024-09-25 21:15:00,aisha.vance@sampleco.test,Noah Mercer,2024-12-19 10:07:00,Y,Nina Silva,Priya Ford,Elena Mensah,REF-9819,Accountant,,,,,,,,,TAG-5436,elena.mensah@demomail.test,,,,Active,100398,100267,100665,100199,100743,,,,,100673,,,Standard,100014,,,,100495,100065,,diego.mensah@examplecorp.test,emerson.sato@sampleco.test,Product Update,100412,Delta Capital Ltd,,,,1,,,,,,,,,N,
100220,Contact,104129,riley.reyes@acme-fake.test,Liam Ashby,2026-06-29 22:14:00,quinn.silva@acme-fake.test,Elena Cohen,2023-10-25 21:47:00,arjun.silva@sampleco.test,Sofia Dorsey,2024-10-28 19:04:00,aisha.okafor@demomail.test,Rowan Ashby,2025-04-23 05:03:00,N,Marco Sato,Rowan Sloan,Aisha Cohen,TAG-4585,Data Analyst,,,,,,,,,LOT-8048,aisha.cohen@examplecorp.test,,,,Inactive,100432,,100403,100616,100578,,,,,,,100055,Alpha,100471,,,,100503,,,noah.garcia@sampleco.test,quinn.garcia@demomail.test,Quarterly Newsletter,100378,Vertex Logistics Corp,,100438,,,,,,,101807,,,,N,
100217,Contact,104130,diego.blake@acme-fake.test,Arjun Okafor,2022-10-08 21:49:00,noah.haddad@sampleco.test,Diego Rossi,2024-03-18 09:39:00,nina.calder@examplecorp.test,Marco Rossi,2023-08-06 14:37:00,liam.whitfield@examplecorp.test,Yara Rossi,2024-01-11 13:14:00,Y,Mei Vance,Reese Rossi,Marco Reyes,LOT-6134,Executive Assistant,,,,,,,,,REF-1955,marco.reyes@examplecorp.test,,,,Active,100194,100065,100412,100650,100454,,,,,100590,,,Alpha,100296,,,Alpha,100418,100169,,taylor.rossi@examplecorp.test,aisha.mercer@demomail.test,Quarterly Newsletter,100554,,,100418,,,,,,,101813,,,,,
100134,Contact,104131,emerson.ashby@acme-fake.test,Omar Nguyen,2025-10-11 07:38:00,aisha.silva@examplecorp.test,Rahul Brooks,2025-03-19 00:41:00,yara.silva@acme-fake.test,Liam Calder,2024-09-15 12:07:00,morgan.mensah@examplecorp.test,Mei Mercer,2023-12-21 20:24:00,N,Emerson Okafor,Taylor Dorsey,Taylor Brooks,REF-8427,Software Developer,,,Beta,,,,,TAG-3280,LOT-5865,taylor.brooks@demomail.test,,,,Inactive,100231,100229,100005,100382,100782,,,,,,,100739,Delta,100478,,,Beta,,,,rahul.mercer@sampleco.test,yara.garcia@acme-fake.test,Quarterly Newsletter,100412,Lakeside Networks LLC,Gamma,,,,,,,,101821,,,,,
100538,Contact,104132,riley.okafor@demomail.test,Reese Sato,2025-09-08 02:24:00,chen.reyes@sampleco.test,Arjun Sloan,2024-05-29 06:19:00,skyler.vance@demomail.test,Nina Calder,2023-09-11 14:40:00,avery.ford@demomail.test,Morgan Brooks,2024-03-30 14:51:00,Y,Diego Blake,Morgan Costa,Mei Mensah,LOT-3335,Payroll Specialist,,,,,,,7118,,SKU-1637,mei.mensah@demomail.test,,,,Active,100582,100047,100470,100231,,,,,,100718,,100730,Delta,100100,,,,100082,,,mei.costa@examplecorp.test,priya.garcia@acme-fake.test,Re-engagement,100751,Lakeside Manufacturing LLP,,100606,,,,,,,,,,,N,
100118,Contact,104135,quinn.garcia@sampleco.test,Sofia Reyes,2024-12-08 17:30:00,rowan.calder@demomail.test,Marco Ashby,2024-10-14 16:54:00,rahul.ivanov@demomail.test,Alex Blake,2025-12-28 23:25:00,reese.larsson@sampleco.test,Arjun Mensah,2025-05-18 17:14:00,N,Fatima Rossi,Mei Dorsey,Marco Patel,TAG-1233,Bookkeeper,,,,,,,,,LOT-8022,marco.patel@demomail.test,,,,Inactive,100134,100412,100446,100201,100414,,,,,,,,Beta,100782,,,Other,,,,fatima.garcia@acme-fake.test,liam.reyes@sampleco.test,Quarterly Newsletter,100782,Redwood Robotics LLC,Standard,100699,,,,,,,,,,,,
100741,Contact,104138,fatima.nguyen@demomail.test,Elena Brooks,2023-02-28 05:28:00,yara.haddad@sampleco.test,Elena Whitfield,2023-06-06 10:58:00,emerson.ashby@demomail.test,Rahul Mensah,2025-02-26 00:52:00,skyler.blake@acme-fake.test,Skyler Ashby,2025-07-16 09:53:00,Y,Arjun Sloan,Nina Mensah,Taylor Ashby,REF-1535,QA Engineer,,,,,,,,,REF-5270,taylor.ashby@examplecorp.test,,,,Active,100153,,100242,100759,,,,,,,,100673,Delta,100454,,,,100119,100314,,skyler.cohen@demomail.test,omar.patel@examplecorp.test,Renewal Nudge,100140,,Standard,100217,,,,,,,101857,,,,N,N
100423,Contact,104141,taylor.garcia@demomail.test,Arjun Silva,2023-10-23 19:33:00,drew.sato@sampleco.test,Diego Patel,2023-12-15 20:37:00,yara.blake@acme-fake.test,Marco Sloan,2023-07-09 10:24:00,liam.mensah@demomail.test,Marco Ivanov,2024-01-05 13:59:00,Y,Diego Ashby,Reese Ford,Omar Reyes,SKU-9424,Financial Analyst,,,,,,,,,LOT-3780,omar.reyes@examplecorp.test,,,,Active,100210,,100073,,,,,,,,,,Alpha,100369,,,Alpha,100211,,,priya.whitfield@examplecorp.test,jordan.kim@sampleco.test,Event Invite,100071,,Beta,,,,,,,,,,,,N,
100387,Contact,104142,casey.mercer@acme-fake.test,Emerson Ashby,2025-11-21 14:04:00,jordan.blake@examplecorp.test,Diego Calder,2024-07-02 13:32:00,jordan.dorsey@examplecorp.test,Reese Mensah,2025-07-01 02:27:00,avery.ashby@acme-fake.test,Jamie Haddad,2025-05-11 17:03:00,Y,Noah Garcia,Elena Vance,Mei Dorsey,SKU-4117,Project Manager,,,,,,,,,TAG-3814,mei.dorsey@acme-fake.test,,,,Active,100441,,100286,100330,,,,,,100683,,,Beta,100441,,,Gamma,100340,100473,,omar.kim@sampleco.test,drew.brooks@demomail.test,Re-engagement,100415,,Gamma,,,,,,,,101825,,,,,N
100472,Contact,104145,rahul.vance@examplecorp.test,Rowan Patel,2025-08-23 08:26:00,rahul.rossi@demomail.test,Avery Ivanov,2023-10-05 03:36:00,morgan.patel@acme-fake.test,Yara Sloan,2024-04-10 16:24:00,elena.patel@demomail.test,Elena Haddad,2023-06-16 19:20:00,Y,Nina Costa,Quinn Cohen,Reese Ashby,TAG-3311,Recruiter,,,,,,,,,LOT-1359,reese.ashby@acme-fake.test,,,,Active,,,100606,100178,100375,,,,,,,100401,Delta,100071,,,Alpha,,,,riley.ford@acme-fake.test,jordan.whitfield@sampleco.test,Event Invite,100774,,Beta,,,,,,,,,,,,,
100599,Contact,104148,quinn.ivanov@acme-fake.test,Morgan Sloan,2024-01-20 12:18:00,fatima.blake@demomail.test,Emerson Sato,2024-09-04 08:41:00,drew.rossi@acme-fake.test,Elena Larsson,2023-08-08 08:55:00,jordan.ivanov@acme-fake.test,Marco Garcia,2024-05-22 06:50:00,N,Reese Okafor,Avery Sato,Liam Reyes,REF-6697,Project Manager,,,,,,,,,LOT-8762,liam.reyes@examplecorp.test,,,,Inactive,100434,100330,100532,100596,,,,,,,,,Standard,100414,,,Beta,100079,,,aisha.mensah@demomail.test,nina.dorsey@demomail.test,Renewal Nudge,100365,Cobalt Group LLC,,100601,,,,,,,,,,,Y,
100473,Contact,104149,mei.brooks@acme-fake.test,Nina Whitfield,2022-11-18 02:00:00,skyler.blake@sampleco.test,Emerson Reyes,2024-05-15 12:39:00,reese.calder@examplecorp.test,Riley Rossi,2025-11-13 04:37:00,casey.rossi@demomail.test,Arjun Cohen,2024-07-14 15:31:00,Y,Aisha Calder,Diego Larsson,Yara Brooks,LOT-7749,Marketing Coordinator,,,,,,,,LOT-9524,TAG-4947,yara.brooks@sampleco.test,,,,Active,100678,,100194,100348,,,,,,100686,,100733,Standard,100717,,,Standard,100761,,,jamie.ivanov@demomail.test,nina.reyes@examplecorp.test,Re-engagement,100509,Meridian Health Corp,Gamma,100509,,,,2,,,101813,,,,Y,
100785,Contact,104152,quinn.mensah@acme-fake.test,Mei Mensah,2025-07-09 18:59:00,mei.reyes@examplecorp.test,Morgan Rossi,2023-03-03 03:14:00,priya.cohen@examplecorp.test,Taylor Vance,2026-05-18 10:40:00,marco.patel@acme-fake.test,Jamie Larsson,2025-09-10 04:41:00,N,Drew Patel,Casey Brooks,Skyler Haddad,TAG-4443,HR Generalist,,,,,,TAG-9526,,,TAG-9924,skyler.haddad@sampleco.test,,,,Inactive,,100400,100330,100103,100244,REF-7781,,,,100359,,,Beta,100673,,,Standard,100062,100791,,riley.blake@examplecorp.test,liam.nguyen@sampleco.test,Quarterly Newsletter,100545,,Delta,,,,,5,,,101795,,,,,
100500,Contact,104153,alex.blake@examplecorp.test,Quinn Okafor,2023-01-18 03:53:00,marco.mercer@demomail.test,Casey Calder,2025-09-29 08:44:00,elena.ashby@demomail.test,Marco Nguyen,2026-07-07 15:49:00,yara.silva@demomail.test,Morgan Mercer,2025-10-18 12:19:00,Y,Emerson Dorsey,Priya Nguyen,Nina Costa,TAG-9896,Support Specialist,,,,,,,,,SKU-6106,nina.costa@acme-fake.test,,,,Active,100340,100751,100686,100157,100325,,,,,100475,,100436,Beta,100678,,,Alpha,,,,jamie.ashby@acme-fake.test,marco.ivanov@sampleco.test,Event Invite,100672,,Other,100003,,,,3,,,101817,,,,,
100109,Contact,104154,priya.kim@acme-fake.test,Emerson Silva,2024-01-05 03:39:00,noah.blake@examplecorp.test,Rowan Sloan,2024-03-14 18:44:00,morgan.ashby@acme-fake.test,Rowan Patel,2025-11-05 14:41:00,emerson.sloan@demomail.test,Sofia Rossi,2023-01-26 16:23:00,Y,Alex Ashby,Elena Ashby,Marco Cohen,SKU-3458,Data Analyst,,,,,,,,TAG-5866,LOT-5313,marco.cohen@sampleco.test,,,,Active,100619,,100038,,,,,,,,,,Gamma,100407,,,,100112,,,fatima.larsson@sampleco.test,quinn.blake@sampleco.test,Renewal Nudge,100336,Blue Ridge Industries Co,,100298,,,,,,,,,,,,
100779,Contact,104157,liam.reyes@demomail.test,Chen Dorsey,2026-01-18 22:54:00,sofia.costa@demomail.test,Alex Mercer,2025-10-16 18:14:00,marco.vance@examplecorp.test,Sofia Brooks,2024-11-30 05:48:00,yara.cohen@sampleco.test,Jamie Ford,2023-03-11 19:11:00,N,Aisha Sato,Emerson Okafor,Arjun Whitfield,SKU-6358,Accountant,,,,,,,,REF-5971,TAG-2090,arjun.whitfield@sampleco.test,,,,Inactive,100365,,100147,,,,,,,,,100739,Gamma,100149,,,,,,,arjun.sloan@examplecorp.test,riley.haddad@acme-fake.test,Renewal Nudge,100319,Everest Retail LLC,,100753,,,,,,,101853,,,,Y,Y
100727,Contact,104158,aisha.ivanov@demomail.test,Fatima Larsson,2023-05-18 09:15:00,fatima.mensah@sampleco.test,Priya Dorsey,2023-10-05 23:38:00,elena.calder@sampleco.test,Morgan Calder,2025-09-08 09:43:00,rowan.nguyen@acme-fake.test,Mei Larsson,2024-03-14 20:02:00,N,Riley Reyes,Yara Reyes,Riley Blake,REF-9855,Project Manager,,LOT-5931,,,,,6636,LOT-8774,REF-5884,riley.blake@acme-fake.test,,,,Inactive,100660,100153,100286,100264,,,,,,100014,,100031,Beta,100658,,,Beta,100392,100462,,omar.dorsey@sampleco.test,emerson.blake@examplecorp.test,Product Update,100585,,,100121,,,,,,,,,,,,
100086,Contact,104160,avery.dorsey@examplecorp.test,Riley Ford,2023-04-24 13:24:00,fatima.haddad@examplecorp.test,Jamie Whitfield,2023-08-10 08:32:00,aisha.mensah@examplecorp.test,Morgan Whitfield,2024-09-25 13:06:00,morgan.mercer@examplecorp.test,Jamie Patel,2024-06-14 05:10:00,Y,Emerson Garcia,Riley Calder,Morgan Calder,REF-7817,Support Specialist,,,,,,LOT-5021,,,SKU-9010,morgan.calder@examplecorp.test,,,,Active,,,100420,100522,100371,,,,,,,100569,Alpha,100273,,,,,100252,,chen.costa@demomail.test,skyler.sato@acme-fake.test,Re-engagement,100009,,Beta,100747,,,,,,,,,,,Y,
100053,Contact,104161,casey.mensah@examplecorp.test,Quinn Ford,2024-04-16 02:33:00,liam.cohen@demomail.test,Morgan Nguyen,2024-05-22 19:12:00,liam.vance@examplecorp.test,Drew Dorsey,2024-03-31 04:27:00,avery.dorsey@demomail.test,Arjun Reyes,2025-02-17 11:00:00,N,Casey Ivanov,Aisha Cohen,Noah Silva,TAG-5546,Software Developer,,,,,,,,TAG-6841,REF-5127,noah.silva@sampleco.test,,,,Inactive,,100319,100652,100672,,,,,,100624,,,Other,100196,,,,100414,100651,,priya.costa@acme-fake.test,morgan.patel@sampleco.test,Product Update,100382,Evergreen Media Inc,Gamma,,,,,,,,101889,,,,N,
100393,Contact,104162,noah.calder@examplecorp.test,Alex Calder,2025-04-19 04:24:00,drew.blake@demomail.test,Casey Rossi,2024-04-17 02:19:00,sofia.ford@sampleco.test,Casey Kim,2022-12-12 02:28:00,aisha.ivanov@demomail.test,Jordan Whitfield,2023-05-09 08:32:00,Y,Fatima Sato,Skyler Nguyen,Sofia Costa,TAG-8368,Operations Associate,,,,,,,,TAG-7843,SKU-4027,sofia.costa@sampleco.test,,,,Active,100177,,100174,,100428,,,,,,,100787,Other,100495,,,,100328,,,avery.larsson@examplecorp.test,drew.nguyen@demomail.test,Quarterly Newsletter,100252,Falcon Labs Corp,,,,,,,,,101792,,,,,Y
100574,Contact,104163,alex.sloan@demomail.test,Quinn Nguyen,2024-08-20 02:42:00,noah.blake@sampleco.test,Emerson Reyes,2025-07-02 23:14:00,avery.garcia@sampleco.test,Jamie Mensah,2026-01-02 11:16:00,reese.mercer@examplecorp.test,Skyler Mensah,2024-05-16 14:29:00,Y,Noah Sato,Jamie Ivanov,Jamie Ashby,REF-4575,Financial Analyst,,,,,,,,,SKU-6187,jamie.ashby@acme-fake.test,,,,Active,100158,100652,100673,100410,100435,,,,,100244,,100469,Standard,100023,,,Standard,100661,,,chen.larsson@demomail.test,drew.garcia@demomail.test,Product Update,100315,,Alpha,100244,,,,,,,,,,,N,
100784,Contact,104165,rowan.garcia@acme-fake.test,Nina Mensah,2025-01-29 13:06:00,drew.dorsey@demomail.test,Nina Sloan,2026-01-17 04:01:00,omar.ashby@sampleco.test,Priya Vance,2024-02-14 12:07:00,mei.brooks@sampleco.test,Sofia Ivanov,2026-04-23 10:14:00,Y,Skyler Cohen,Liam Okafor,Jamie Okafor,LOT-2673,Support Specialist,,,,,,,,REF-5983,LOT-8292,jamie.okafor@demomail.test,,,,Active,100147,100445,100770,100650,100475,,,,,,,,Gamma,100453,,,,100469,100540,,chen.larsson@sampleco.test,reese.sato@acme-fake.test,Product Update,100516,,,100739,,,,3,,,,,,,,
100548,Contact,104167,skyler.larsson@demomail.test,Avery Brooks,2023-06-14 14:16:00,reese.sloan@examplecorp.test,Quinn Okafor,2025-12-13 01:44:00,priya.rossi@demomail.test,Omar Patel,2024-09-09 12:32:00,mei.haddad@examplecorp.test,Morgan Costa,2023-02-20 18:32:00,Y,Priya Ford,Reese Mensah,Omar Vance,SKU-9164,Bookkeeper,,,,,,,,,TAG-8172,omar.vance@demomail.test,,,,Active,100134,,100152,,,REF-7790,,,,100697,,,Gamma,100619,,,,100689,,,morgan.kim@sampleco.test,omar.cohen@acme-fake.test,Renewal Nudge,100733,,,,,,,,,,,,,,Y,Y
100026,Contact,104170,arjun.haddad@sampleco.test,Avery Brooks,2023-08-11 23:50:00,emerson.sloan@sampleco.test,Marco Sloan,2023-02-12 18:43:00,drew.larsson@examplecorp.test,Liam Cohen,2025-04-11 03:53:00,morgan.reyes@examplecorp.test,Priya Sloan,2024-05-10 09:13:00,Y,Quinn Reyes,Jordan Larsson,Elena Vance,TAG-3507,Support Specialist,,,,,,,,,TAG-4029,elena.vance@sampleco.test,,,,Active,100200,100345,100756,100730,,,,,,100454,,100461,Gamma,100435,,,Standard,100267,,,skyler.blake@sampleco.test,taylor.ford@acme-fake.test,Event Invite,100449,,Gamma,100250,,,,4,,,,,,,,
100599,Contact,104171,noah.reyes@examplecorp.test,Morgan Sato,2023-05-08 11:26:00,casey.mercer@sampleco.test,Elena Costa,2025-03-31 10:35:00,riley.brooks@acme-fake.test,Sofia Nguyen,2023-11-03 07:17:00,omar.haddad@sampleco.test,Noah Calder,2023-08-23 07:08:00,Y,Nina Nguyen,Omar Blake,Chen Blake,TAG-4479,Accountant,,SKU-5646,,,,,9376,TAG-9221,LOT-7948,chen.blake@examplecorp.test,,,,Active,100638,,100191,,,,,,,,,100119,Alpha,100383,,,,,,,taylor.rossi@demomail.test,yara.whitfield@demomail.test,Event Invite,100558,Silverline Retail,Gamma,,,,,,,,,N,,,N,N
100732,Contact,104173,jordan.larsson@acme-fake.test,Diego Reyes,2024-07-19 01:06:00,riley.okafor@acme-fake.test,Diego Cohen,2024-10-30 10:42:00,emerson.brooks@sampleco.test,Rahul Haddad,2025-03-26 20:07:00,nina.larsson@acme-fake.test,Elena Ashby,2025-11-02 20:34:00,Y,Avery Blake,Taylor Ford,Noah Cohen,REF-9051,Software Developer,,,,,,,,LOT-7173,LOT-4969,noah.cohen@demomail.test,,,,Active,,100608,100590,100073,,,,,,,,,Alpha,100345,,Y,Beta,100252,100765,,aisha.mensah@demomail.test,reese.okafor@demomail.test,Re-engagement,100380,,Standard,,,,,6,,,101798,,,,N,
100616,Contact,104174,liam.brooks@sampleco.test,Priya Ivanov,2025-11-09 07:05:00,casey.dorsey@acme-fake.test,Elena Vance,2026-05-12 05:35:00,noah.sloan@acme-fake.test,Fatima Kim,2024-10-23 20:01:00,morgan.nguyen@sampleco.test,Rowan Mercer,2025-08-02 08:34:00,Y,Marco Silva,Fatima Sato,Skyler Sato,LOT-2289,Accountant,,,,,,,,,SKU-2911,skyler.sato@sampleco.test,,,,Active,100371,,100106,,,TAG-9907,,,,100168,,100718,Gamma,100694,,,,,100188,,jamie.rossi@examplecorp.test,sofia.kim@sampleco.test,Event Invite,100467,Brightpath Systems LLP,,100564,,,,,,,101792,,,,,
100317,Contact,104176,sofia.kim@sampleco.test,Drew Dorsey,2026-04-30 02:34:00,reese.brooks@sampleco.test,Rowan Ford,2024-09-25 22:40:00,riley.haddad@examplecorp.test,Alex Cohen,2024-09-02 04:37:00,marco.ashby@demomail.test,Riley Whitfield,2025-07-13 14:13:00,Y,Rowan Sloan,Morgan Patel,Morgan Sato,TAG-4935,Recruiter,,,,,Gamma,,,,LOT-4410,morgan.sato@sampleco.test,,,,Active,100442,,100067,100183,100770,,,,,100442,,100058,Delta,100375,,,,100273,100320,,rowan.ivanov@acme-fake.test,avery.mercer@demomail.test,Renewal Nudge,100191,,Other,100500,,,,,,,101822,,,,Y,
100473,Contact,104177,rowan.sato@acme-fake.test,Casey Brooks,2023-03-20 21:33:00,rowan.patel@acme-fake.test,Omar Calder,2025-08-22 22:28:00,priya.calder@examplecorp.test,Rahul Sloan,2023-08-16 14:11:00,chen.costa@acme-fake.test,Fatima Kim,2024-12-29 21:08:00,N,Casey Ivanov,Skyler Dorsey,Diego Blake,LOT-2307,Data Analyst,,,,,,,,,LOT-5986,diego.blake@sampleco.test,,,,Inactive,100043,100601,100043,100128,100134,,,,,100538,,,Delta,100067,,,,100469,,,diego.mensah@acme-fake.test,riley.costa@examplecorp.test,Event Invite,100415,Cardinal Systems Ltd,Delta,,,,,,,,,,,,,
100205,Contact,104180,sofia.mensah@sampleco.test,Priya Costa,2026-06-12 06:04:00,jordan.mensah@sampleco.test,Rahul Ashby,2024-08-27 08:00:00,avery.nguyen@acme-fake.test,Priya Larsson,2025-05-27 06:22:00,quinn.okafor@sampleco.test,Alex Ivanov,2023-07-04 15:02:00,Y,Casey Ford,Drew Okafor,Mei Ivanov,SKU-9611,HR Generalist,,,,,,,,,SKU-8948,mei.ivanov@examplecorp.test,,,,Active,100624,,100761,100169,,,,,,100330,,100172,Beta,100103,,N,,100319,100348,,chen.nguyen@acme-fake.test,quinn.patel@sampleco.test,Quarterly Newsletter,100745,Everest Analytics Group,,100157,,,,,,,101815,,,,,
100278,Contact,104183,jamie.silva@acme-fake.test,Arjun Sato,2023-12-06 21:48:00,jamie.garcia@demomail.test,Emerson Okafor,2024-02-09 06:57:00,fatima.sloan@examplecorp.test,Elena Nguyen,2025-11-16 19:10:00,reese.blake@acme-fake.test,Yara Cohen,2025-05-30 20:24:00,Y,Skyler Larsson,Omar Silva,Sofia Sloan,LOT-6445,Operations Associate,,,,,,,,,REF-9044,sofia.sloan@sampleco.test,,,,Active,100410,100629,100382,100650,100003,,,,,100156,,100233,Alpha,100387,,,,100120,100246,,drew.reyes@acme-fake.test,taylor.ford@demomail.test,Re-engagement,100671,Keystone Solutions Co,Other,,,,,,,,,,,,,
100382,Contact,104186,casey.silva@demomail.test,Chen Costa,2025-10-23 01:41:00,priya.brooks@demomail.test,Morgan Okafor,2024-03-17 14:59:00,priya.sato@acme-fake.test,Diego Sato,2025-06-26 07:27:00,liam.ashby@demomail.test,Elena Whitfield,2026-05-09 03:09:00,Y,Reese Larsson,Elena Whitfield,Arjun Ford,LOT-8290,HR Generalist,,SKU-2038,,,,,,,SKU-9298,arjun.ford@examplecorp.test,,,,Active,100481,100658,100247,100405,100651,,,,,100441,,,Alpha,100336,,,,,100494,,yara.silva@examplecorp.test,jordan.mercer@sampleco.test,Re-engagement,100606,Keystone Industries Group,,100436,,,,,,,101871,,,,Y,
100476,Contact,104189,elena.mercer@demomail.test,Riley Patel,2025-07-31 19:42:00,reese.cohen@demomail.test,Taylor Whitfield,2025-06-07 15:55:00,casey.okafor@demomail.test,Rowan Rossi,2024-06-06 02:53:00,reese.patel@examplecorp.test,Marco Calder,2022-11-01 02:52:00,N,Rahul Kim,Alex Okafor,Fatima Kim,TAG-7939,Marketing Coordinator,,,,,,,,SKU-3979,LOT-8760,fatima.kim@demomail.test,,,,Inactive,100566,100233,100068,100281,100691,,,,,,,100465,Alpha,100299,,,Alpha,100273,,,riley.kim@acme-fake.test,quinn.sloan@sampleco.test,Event Invite,100710,Delta Analytics Co,,100466,,,,,,,,,,,,
100003,Contact,104191,skyler.okafor@sampleco.test,Aisha Brooks,2026-01-14 00:06:00,rahul.rossi@demomail.test,Drew Calder,2024-09-27 08:56:00,omar.nguyen@demomail.test,Reese Cohen,2026-07-01 09:20:00,omar.haddad@sampleco.test,Arjun Vance,2023-10-05 10:49:00,Y,Fatima Kim,Arjun Costa,Taylor Costa,LOT-5897,Data Analyst,,,,Gamma,,,,TAG-6762,SKU-1988,taylor.costa@demomail.test,,,,Active,100169,,100727,,100231,LOT-7582,,,,,,100470,Alpha,100173,,,Beta,,100466,,yara.larsson@examplecorp.test,casey.costa@demomail.test,Product Update,100183,,Standard,100157,,,,,,,101792,,,,,
100727,Contact,104194,emerson.whitfield@demomail.test,Noah Rossi,2023-04-07 18:44:00,reese.whitfield@acme-fake.test,Omar Larsson,2024-11-15 06:53:00,morgan.ashby@demomail.test,Marco Whitfield,2024-03-14 14:10:00,rahul.ashby@sampleco.test,Yara Mercer,2024-09-09 05:41:00,Y,Taylor Garcia,Avery Calder,Yara Patel,REF-7443,QA Engineer,,,,,,,,,REF-6012,yara.patel@demomail.test,,,,Active,100183,100253,100062,100100,100700,,,,,,,100348,Alpha,100345,,Y,Gamma,100632,100664,,avery.mensah@sampleco.test,sofia.rossi@sampleco.test,Re-engagement,100169,Pioneer Retail Group,,100303,,,,,,,,,,,N,
100713,Contact,104197,jamie.blake@acme-fake.test,Elena Garcia,2024-03-29 01:59:00,marco.reyes@examplecorp.test,Priya Rossi,2024-02-27 01:07:00,elena.mercer@sampleco.test,Rowan Kim,2024-03-26 19:38:00,avery.rossi@demomail.test,Marco Blake,2025-03-03 08:20:00,Y,Casey Blake,Skyler Silva,Nina Ashby,LOT-9406,HR Generalist,,,,,,,,,TAG-5304,nina.ashby@demomail.test,,,,Active,,100774,100686,,,,,,,100495,,,Beta,100535,,,,100345,,,riley.ivanov@acme-fake.test,taylor.nguyen@acme-fake.test,Re-engagement,100498,,Gamma,100315,,,,,,,,,,,,
100123,Contact,104199,omar.dorsey@acme-fake.test,Arjun Sloan,2025-11-16 03:44:00,chen.sato@examplecorp.test,Rahul Cohen,2024-03-12 16:17:00,avery.okafor@demomail.test,Mei Whitfield,2023-04-12 06:23:00,aisha.kim@examplecorp.test,Aisha Kim,2024-09-20 05:39:00,Y,Marco Blake,Nina Ford,Avery Okafor,SKU-8690,Marketing Coordinator,,,,Beta,,,,,REF-2975,avery.okafor@acme-fake.test,,,,Active,100147,100194,100713,,,LOT-5322,,,,,,,Alpha,100451,,,Standard,100040,100178,,rowan.vance@examplecorp.test,omar.whitfield@examplecorp.test,Re-engagement,100650,Silverline Retail LLP,,,,,,8,,,101827,,,,,
100405,Contact,104201,priya.kim@demomail.test,Noah Larsson,2023-01-14 15:30:00,yara.sato@sampleco.test,Quinn Sato,2024-07-30 10:45:00,rahul.blake@examplecorp.test,Jordan Vance,2025-10-12 17:11:00,nina.vance@sampleco.test,Omar Vance,2025-05-19 22:31:00,N,Casey Reyes,Morgan Whitfield,Jamie Ashby,LOT-9236,Operations Associate,,,,,,,5523,,REF-9685,jamie.ashby@sampleco.test,,,,Inactive,,100242,100320,,100686,,,,,100467,,100130,Delta,100458,,,Gamma,100335,100428,,taylor.silva@demomail.test,chen.blake@acme-fake.test,Product Update,100741,,Delta,100147,,,,,,,101867,,,,Y,
100710,Contact,104204,diego.calder@demomail.test,Reese Larsson,2023-07-03 11:08:00,sofia.haddad@examplecorp.test,Priya Nguyen,2024-12-13 21:32:00,diego.kim@acme-fake.test,Drew Silva,2026-03-16 22:43:00,priya.calder@sampleco.test,Riley Ford,2026-01-06 13:24:00,Y,Yara Patel,Nina Rossi,Jordan Haddad,LOT-5283,Accountant,,,,,,,,SKU-2450,REF-3992,jordan.haddad@demomail.test,,,,Active,100656,100704,100490,100776,100288,,,,,100203,,100595,Delta,100073,,,Alpha,100140,100182,,diego.rossi@acme-fake.test,quinn.ivanov@sampleco.test,Quarterly Newsletter,100369,Redwood Industries,Standard,100031,,1,,,,,,,,,Y,
100355,Contact,104205,jordan.ashby@demomail.test,Morgan Sato,2025-09-30 07:37:00,chen.whitfield@acme-fake.test,Diego Dorsey,2023-04-07 21:07:00,reese.okafor@acme-fake.test,Noah Larsson,2024-08-02 08:08:00,avery.ashby@sampleco.test,Diego Brooks,2023-07-25 04:23:00,N,Skyler Blake,Emerson Sato,Aisha Costa,SKU-3024,Software Developer,,LOT-9967,,,,,,,TAG-4096,aisha.costa@acme-fake.test,,,,Inactive,100062,100498,100451,100106,100721,,,,,,,,Other,100068,,,Other,100286,100120,,arjun.mensah@examplecorp.test,elena.silva@acme-fake.test,Renewal Nudge,100473,Horizon Solutions Co,,100300,,,,,,,,,,,Y,
100232,Contact,104208,rahul.blake@acme-fake.test,Jordan Okafor,2024-07-25 21:00:00,noah.mensah@examplecorp.test,Omar Mensah,2024-04-10 04:37:00,fatima.mercer@sampleco.test,Morgan Garcia,2023-07-01 20:08:00,alex.mercer@sampleco.test,Elena Blake,2022-11-10 06:36:00,Y,Liam Haddad,Alex Sloan,Riley Ivanov,SKU-1817,Accountant,,,,,,,,SKU-2362,LOT-5256,riley.ivanov@examplecorp.test,,,,Active,100322,100410,100231,,100538,,,,,,,,Beta,100305,,N,Gamma,100137,100393,,liam.sloan@examplecorp.test,aisha.mercer@examplecorp.test,Event Invite,100317,,Beta,100702,,,,,,,101853,,,,,
100014,Contact,104211,priya.cohen@sampleco.test,Quinn Reyes,2026-07-19 14:42:00,chen.rossi@sampleco.test,Aisha Brooks,2024-05-29 13:49:00,jordan.dorsey@acme-fake.test,Rowan Garcia,2023-09-22 21:16:00,taylor.haddad@acme-fake.test,Diego Kim,2025-06-29 02:01:00,N,Jamie Haddad,Fatima Garcia,Taylor Sato,LOT-6902,QA Engineer,,,,,,,,TAG-9242,REF-5602,taylor.sato@acme-fake.test,,,,Inactive,,,100400,,100606,,,,,,,100139,Standard,100741,,,Beta,,,,reese.reyes@sampleco.test,nina.nguyen@sampleco.test,Re-engagement,100399,,Other,100219,,,,,,,101821,,,,Y,
100071,Contact,104214,casey.nguyen@acme-fake.test,Elena Whitfield,2026-03-05 04:44:00,casey.brooks@acme-fake.test,Mei Cohen,2024-04-18 07:06:00,liam.silva@examplecorp.test,Liam Sloan,2023-12-01 06:54:00,noah.calder@examplecorp.test,Reese Silva,2025-05-10 12:12:00,Y,Sofia Haddad,Diego Calder,Quinn Mercer,SKU-8914,Support Specialist,,,,,,,,,LOT-4111,quinn.mercer@examplecorp.test,,,,Active,100525,100639,100697,,,,,,,100073,,100109,Beta,100142,,,Beta,,,,fatima.vance@demomail.test,avery.mensah@acme-fake.test,Event Invite,100094,Beacon Energy LLC,Beta,100786,,,,,,,,,,,N,
100221,Contact,104215,jordan.kim@examplecorp.test,Chen Ford,2026-05-14 10:39:00,rowan.whitfield@sampleco.test,Casey Silva,2023-11-14 17:06:00,aisha.blake@examplecorp.test,Quinn Dorsey,2024-11-15 23:04:00,rowan.sato@acme-fake.test,Aisha Ashby,2026-02-08 19:31:00,Y,Riley Larsson,Omar Silva,Jamie Garcia,TAG-8680,Bookkeeper,,,,Delta,,,,REF-2539,TAG-5504,jamie.garcia@demomail.test,,,,Active,,100498,100362,,100232,,,,,100003,,100296,Alpha,100441,,,Alpha,100608,,,emerson.haddad@demomail.test,riley.cohen@acme-fake.test,Product Update,100542,,,,,,,,,,,,,,,
100055,Contact,104216,omar.haddad@examplecorp.test,Omar Blake,2025-12-07 10:13:00,reese.okafor@examplecorp.test,Jamie Ashby,2022-11-06 08:49:00,rowan.cohen@examplecorp.test,Quinn Patel,2023-02-22 05:46:00,drew.silva@demomail.test,Sofia Vance,2024-09-03 10:34:00,N,Marco Ashby,Diego Cohen,Nina Okafor,TAG-4039,Executive Assistant,,,,,,,,,TAG-9620,nina.okafor@examplecorp.test,,,,Inactive,100191,100372,100689,100185,100688,,,,,,,100774,Beta,100658,,,,,100782,,riley.whitfield@demomail.test,morgan.rossi@demomail.test,Product Update,100650,Falcon Labs LLP,Delta,,,,,,,,101889,,,,,
100566,Contact,104218,marco.ivanov@sampleco.test,Mei Costa,2022-12-09 20:24:00,yara.mensah@examplecorp.test,Emerson Okafor,2023-06-27 18:34:00,avery.kim@examplecorp.test,Skyler Sloan,2023-08-03 01:07:00,jamie.blake@sampleco.test,Casey Larsson,2025-04-02 17:13:00,Y,Yara Ivanov,Emerson Haddad,Jordan Ashby,REF-3806,HR Generalist,,,,,,,,,TAG-4119,jordan.ashby@sampleco.test,,,,Active,100165,100435,100139,,100428,,,,,,,100215,Other,100067,,,,,100762,,avery.vance@demomail.test,elena.brooks@examplecorp.test,Renewal Nudge,100092,Vertex Holdings LLC,Standard,100652,,,,,,,101831,,,,,
100161,Contact,104221,sofia.sato@acme-fake.test,Aisha Costa,2026-01-11 21:59:00,nina.sloan@acme-fake.test,Diego Patel,2025-12-15 05:06:00,avery.ivanov@acme-fake.test,Emerson Okafor,2023-07-10 12:56:00,elena.cohen@examplecorp.test,Taylor Brooks,2023-08-19 12:33:00,N,Omar Blake,Reese Sloan,Rahul Sloan,REF-7858,Project Manager,,,,,,,,,TAG-7633,rahul.sloan@demomail.test,,,,Inactive,,100507,100415,100587,100741,,,,,100149,,,Gamma,100019,,Y,,100624,,,jamie.calder@demomail.test,reese.blake@demomail.test,Re-engagement,100423,Granite Capital Ltd,,100133,,,,,,,101803,,,,Y,
100242,Contact,104223,chen.vance@demomail.test,Yara Costa,2026-05-15 15:00:00,chen.reyes@acme-fake.test,Diego Silva,2024-06-16 21:53:00,casey.kim@sampleco.test,Chen Garcia,2023-04-14 23:56:00,jamie.ashby@examplecorp.test,Taylor Kim,2025-09-19 23:35:00,Y,Priya Nguyen,Marco Garcia,Morgan Larsson,SKU-8564,QA Engineer,,,,,,,,,SKU-7474,morgan.larsson@demomail.test,,,,Active,,100645,100191,100665,100726,,,,,100699,,100400,Standard,100759,,,Delta,100468,100300,,taylor.nguyen@demomail.test,noah.sato@sampleco.test,Re-engagement,100336,,Alpha,,,,,,,,,,,,,
100336,Contact,104225,rahul.rossi@examplecorp.test,Rahul Costa,2023-05-18 09:49:00,avery.larsson@demomail.test,Noah Sato,2024-12-02 09:33:00,arjun.patel@demomail.test,Yara Ford,2025-03-07 01:04:00,omar.whitfield@acme-fake.test,Alex Sato,2022-10-26 04:21:00,Y,Diego Sloan,Riley Ivanov,Quinn Vance,SKU-1836,Recruiter,,,,Other,,,,,TAG-8409,quinn.vance@examplecorp.test,,,,Active,100622,,100650,,100349,,,,,100756,,,Gamma,100449,,,Alpha,,100665,,skyler.silva@acme-fake.test,mei.nguyen@sampleco.test,Quarterly Newsletter,100396,,Standard,100481,,,,,,,101815,,,,,
100345,Contact,104226,liam.whitfield@sampleco.test,Nina Garcia,2026-07-12 19:50:00,emerson.dorsey@examplecorp.test,Nina Mensah,2026-05-14 05:49:00,chen.reyes@demomail.test,Arjun Sloan,2024-04-12 06:08:00,rahul.ivanov@sampleco.test,Taylor Whitfield,2025-05-01 22:10:00,Y,Fatima Ford,Aisha Garcia,Nina Mercer,,QA Engineer,,,,,,,,,SKU-7587,nina.mercer@acme-fake.test,,,,Active,,,100172,100375,100336,,,,,,,,Alpha,100220,,,Beta,,,,priya.rossi@sampleco.test,marco.cohen@demomail.test,Event Invite,100659,,,100741,,,,,,,101816,,,,Y,
100727,Contact,104229,rowan.costa@examplecorp.test,Morgan Vance,2026-03-08 01:51:00,yara.silva@sampleco.test,Morgan Larsson,2023-09-21 05:22:00,quinn.ford@sampleco.test,Taylor Vance,2022-10-31 23:36:00,priya.dorsey@sampleco.test,Rahul Ivanov,2024-05-21 22:59:00,N,Jordan Okafor,Quinn Mercer,Priya Mercer,TAG-2998,Project Manager,,,,,,,,REF-5349,LOT-1802,priya.mercer@examplecorp.test,,,,Inactive,,100532,100134,100271,100699,,,,,,,,Beta,100434,,,Alpha,100429,,,jordan.okafor@sampleco.test,riley.rossi@sampleco.test,Quarterly Newsletter,100348,Meridian Labs Group,Other,100016,,,,,,,,Y,,,,
100155,Contact,104231,liam.reyes@examplecorp.test,Jamie Vance,2024-11-30 17:29:00,drew.whitfield@sampleco.test,Nina Cohen,2025-08-16 09:10:00,morgan.ivanov@examplecorp.test,Fatima Sato,2023-12-18 19:37:00,mei.cohen@demomail.test,Emerson Nguyen,2025-01-10 00:23:00,Y,Jordan Cohen,Aisha Patel,Rowan Dorsey,SKU-8604,QA Engineer,,,,,,,,SKU-6377,REF-5593,rowan.dorsey@examplecorp.test,,,,Active,,100385,100396,,,,,,,,,,Other,100494,,,Standard,,100743,,alex.dorsey@examplecorp.test,diego.sloan@sampleco.test,Renewal Nudge,100220,,Standard,,,2,,2,,,101846,,,,N,
100727,Contact,104234,reese.ford@demomail.test,Emerson Costa,2024-04-01 22:52:00,sofia.ivanov@sampleco.test,Yara Okafor,2025-04-01 17:50:00,emerson.dorsey@demomail.test,Aisha Ivanov,2026-06-21 14:11:00,rahul.reyes@sampleco.test,Yara Calder,2024-04-23 00:53:00,Y,Morgan Ford,Avery Ashby,Avery Haddad,LOT-1126,Support Specialist,,,Other,,,,,,REF-8690,avery.haddad@sampleco.test,,,,Active,100726,,100325,100068,,,,,,,,100735,Delta,100332,,,Other,100068,100629,,sofia.ivanov@demomail.test,casey.silva@acme-fake.test,Re-engagement,100475,Summit Labs,Standard,100100,,,,,,,,,,,N,
100570,Contact,104237,reese.sloan@sampleco.test,Taylor Mensah,2024-01-03 03:29:00,noah.costa@sampleco.test,Reese Garcia,2025-11-05 14:39:00,reese.sato@examplecorp.test,Casey Haddad,2026-06-15 14:32:00,avery.reyes@examplecorp.test,Morgan Sloan,2025-02-19 17:32:00,Y,Chen Sloan,Chen Cohen,Reese Patel,LOT-5216,HR Generalist,,,,,Alpha,,,REF-2108,LOT-2427,reese.patel@acme-fake.test,,,,Active,100522,100535,100260,,100153,,,,,,,,Standard,100465,,,Beta,,,,fatima.larsson@examplecorp.test,priya.mensah@acme-fake.test,Re-engagement,100233,,Other,,,,,,,,,,,,,
100737,Contact,104238,noah.okafor@examplecorp.test,Jordan Ivanov,2026-03-28 16:42:00,diego.sato@demomail.test,Skyler Blake,2024-09-24 08:21:00,avery.garcia@sampleco.test,Priya Rossi,2026-02-10 03:45:00,alex.rossi@demomail.test,Rahul Whitfield,2023-07-30 07:12:00,N,Chen Larsson,Diego Patel,Morgan Larsson,TAG-4225,Customer Success Manager,,,,,,REF-4054,,,TAG-1608,morgan.larsson@acme-fake.test,,,,Inactive,100638,,100035,100371,,,,,,100495,,,Gamma,100405,,,Beta,100661,100441,,jamie.mercer@sampleco.test,diego.kim@examplecorp.test,Re-engagement,100496,,Other,,,,,,,,101792,,,,,Y
100710,Contact,104241,casey.ford@demomail.test,Taylor Ashby,2023-04-22 18:32:00,casey.kim@acme-fake.test,Omar Cohen,2025-11-14 22:29:00,chen.cohen@demomail.test,Nina Vance,2024-10-01 01:36:00,casey.mercer@examplecorp.test,Priya Blake,2025-09-25 12:51:00,N,Mei Sato,Diego Silva,Avery Okafor,REF-8208,Operations Associate,,,,,,,,,REF-6011,avery.okafor@examplecorp.test,,,,Inactive,,,100244,100145,,,,,,,,100389,Beta,100339,,,Alpha,100490,100352,,drew.blake@examplecorp.test,morgan.garcia@demomail.test,Product Update,100393,,,100568,,,,,,,101858,,,,Y,
100246,Contact,104242,morgan.cohen@sampleco.test,Avery Haddad,2025-09-10 15:35:00,aisha.silva@demomail.test,Priya Kim,2024-05-23 03:12:00,emerson.cohen@demomail.test,Noah Reyes,2026-03-27 05:05:00,diego.nguyen@sampleco.test,Elena Okafor,2023-08-24 04:19:00,Y,Skyler Okafor,Casey Blake,Avery Silva,REF-4690,QA Engineer,,,,,,,,,LOT-7093,avery.silva@examplecorp.test,,,,Active,,100026,100770,,100743,,,,,100372,,,Gamma,100751,,Y,Delta,100224,100031,,alex.vance@sampleco.test,priya.costa@examplecorp.test,Product Update,100375,,Delta,,,,,,,,101875,,,,N,
100727,Contact,104243,reese.haddad@demomail.test,Yara Calder,2025-03-13 02:16:00,quinn.cohen@sampleco.test,Marco Calder,2024-08-25 11:53:00,riley.costa@acme-fake.test,Jordan Silva,2025-01-06 09:19:00,jamie.dorsey@examplecorp.test,Yara Sato,2025-03-14 17:45:00,Y,Riley Ford,Arjun Sato,Casey Silva,TAG-5264,Bookkeeper,,,,,,,,,TAG-6625,casey.silva@examplecorp.test,,,,Active,100145,100574,100470,100153,100357,,,,,100473,,100305,Alpha,100658,,,Other,100622,,,taylor.blake@sampleco.test,jordan.whitfield@sampleco.test,Quarterly Newsletter,100660,Everest Health Co,Gamma,100191,,,,,,,101813,,,,,Y
100317,Contact,104244,taylor.larsson@sampleco.test,Taylor Calder,2024-02-05 15:40:00,fatima.blake@sampleco.test,Priya Nguyen,2025-07-20 12:21:00,aisha.blake@sampleco.test,Priya Ford,2025-12-18 08:11:00,rowan.haddad@acme-fake.test,Noah Silva,2024-02-20 08:09:00,Y,Aisha Garcia,Avery Vance,Elena Ashby,LOT-7112,Software Developer,,SKU-4388,,,,,8715,,REF-3181,elena.ashby@sampleco.test,,,,Active,,100504,100441,100399,100791,,,,,100429,,,Delta,100439,,,,100423,100371,,liam.dorsey@demomail.test,taylor.calder@examplecorp.test,Quarterly Newsletter,100387,Everest Partners Co,Standard,,,,,,,,,,,,Y,
100435,Contact,104245,priya.ashby@sampleco.test,Omar Vance,2024-03-14 02:44:00,fatima.brooks@demomail.test,Liam Okafor,2024-07-03 17:13:00,marco.blake@sampleco.test,Mei Reyes,2025-11-05 20:25:00,emerson.reyes@sampleco.test,Chen Patel,2026-02-04 06:26:00,Y,Diego Calder,Mei Cohen,Drew Reyes,LOT-6404,QA Engineer,,,,,,,,,REF-5794,drew.reyes@examplecorp.test,,,,Active,100472,100470,100330,100173,100481,,,,,100292,,,Beta,100242,,,,,100784,,reese.silva@sampleco.test,nina.whitfield@demomail.test,Re-engagement,100495,Blue Ridge Ventures Co,Delta,,,2,,,,,101803,,,,Y,
100281,Contact,104248,jamie.larsson@acme-fake.test,Mei Patel,2025-05-26 12:33:00,jordan.garcia@sampleco.test,Priya Dorsey,2024-12-10 20:40:00,jordan.costa@examplecorp.test,Rowan Garcia,2023-05-01 17:03:00,jamie.costa@demomail.test,Priya Dorsey,2022-12-12 08:42:00,Y,Nina Blake,Rowan Reyes,Drew Vance,TAG-1595,Bookkeeper,,,,Standard,,,,,SKU-4503,drew.vance@acme-fake.test,,,,Active,,100246,100247,,100199,,,,,100750,,,Gamma,100244,,N,Alpha,100579,100785,,priya.dorsey@examplecorp.test,fatima.haddad@sampleco.test,Renewal Nudge,100119,Delta Labs,Other,100669,,,,,,,101794,,,,N,
100386,Contact,104251,sofia.brooks@demomail.test,Diego Cohen,2025-10-30 13:07:00,rowan.nguyen@acme-fake.test,Marco Ford,2023-07-03 00:08:00,elena.mercer@acme-fake.test,Skyler Blake,2026-05-19 08:06:00,jordan.sloan@examplecorp.test,Riley Ivanov,2025-04-23 14:35:00,N,Elena Cohen,Marco Silva,Priya Garcia,TAG-2905,Financial Analyst,,,,,,,,SKU-8528,SKU-4154,priya.garcia@sampleco.test,,,,Inactive,100208,100410,100753,100532,100092,,,,,100770,,100507,Delta,100446,,Y,Delta,100336,,,rowan.blake@demomail.test,fatima.brooks@sampleco.test,Product Update,100645,Ironwood Financial LLP,Beta,100220,,,,,,,,,,,,
100465,Contact,104252,reese.nguyen@acme-fake.test,Yara Ford,2025-12-22 04:15:00,omar.patel@examplecorp.test,Morgan Dorsey,2024-07-02 20:44:00,fatima.cohen@sampleco.test,Noah Mercer,2026-05-15 22:28:00,liam.ford@examplecorp.test,Drew Okafor,2025-04-08 04:47:00,Y,Casey Costa,Elena Nguyen,Marco Mensah,LOT-8642,Customer Success Manager,,,,,,,,,REF-2572,marco.mensah@demomail.test,,,,Active,100737,100185,100451,100118,100434,,,,,,,100691,Standard,100271,,,Standard,,,,nina.whitfield@acme-fake.test,casey.reyes@demomail.test,Renewal Nudge,100732,Vertex Ventures Co,Beta,100585,,,,,,,101875,,,,,
100566,Contact,104255,fatima.garcia@examplecorp.test,Quinn Rossi,2024-05-15 17:58:00,priya.rossi@demomail.test,Rahul Mensah,2023-02-08 07:32:00,avery.sato@examplecorp.test,Casey Cohen,2025-04-09 02:53:00,mei.cohen@demomail.test,Drew Silva,2026-05-07 17:46:00,Y,Fatima Ashby,Alex Brooks,Taylor Garcia,REF-7704,Operations Associate,,,,,,,2962,REF-1287,TAG-7759,taylor.garcia@examplecorp.test,,,,Active,,100103,100460,100375,100386,REF-6936,,,,,,100232,Standard,100112,,Y,,,,,nina.sloan@demomail.test,mei.sato@acme-fake.test,Re-engagement,100149,,,100355,,,,,,,101862,,,,,
100371,Contact,104258,riley.silva@demomail.test,Drew Costa,2023-02-27 13:07:00,casey.mensah@acme-fake.test,Reese Silva,2024-11-06 10:52:00,riley.nguyen@acme-fake.test,Casey Mensah,2025-06-15 18:29:00,sofia.sato@acme-fake.test,Emerson Nguyen,2022-12-06 05:36:00,Y,Taylor Ashby,Arjun Nguyen,Nina Garcia,SKU-4365,Accountant,,,,,,,,REF-4834,SKU-5284,nina.garcia@acme-fake.test,,,,Active,100271,,100529,,100635,,,,,,,,Other,100578,,,Gamma,,,,rowan.whitfield@examplecorp.test,sofia.kim@acme-fake.test,Event Invite,100332,,Alpha,100161,,,,,,,101871,,,,N,
100449,Contact,104261,jamie.vance@acme-fake.test,Drew Mercer,2026-06-15 19:09:00,reese.larsson@demomail.test,Noah Nguyen,2022-10-13 15:39:00,drew.blake@demomail.test,Omar Okafor,2023-12-25 23:42:00,jamie.ashby@sampleco.test,Priya Garcia,2025-08-12 02:48:00,Y,Rowan Mensah,Aisha Ford,Jamie Silva,REF-5116,Support Specialist,,,,,,,,,TAG-4338,jamie.silva@examplecorp.test,,,,Active,,,100031,,,,,,,100242,,100309,Other,100548,,,Delta,100271,,,sofia.ashby@demomail.test,omar.rossi@examplecorp.test,Product Update,100762,Northwind Energy Ltd,Gamma,100585,,,,,,,101889,,,,N,
100466,Contact,104262,arjun.patel@examplecorp.test,Skyler Reyes,2023-06-06 17:04:00,mei.okafor@demomail.test,Fatima Mercer,2023-08-12 06:51:00,marco.larsson@acme-fake.test,Nina Ford,2022-10-16 06:26:00,nina.costa@acme-fake.test,Priya Ashby,2025-03-31 01:30:00,Y,Taylor Dorsey,Nina Sato,Riley Mensah,SKU-6112,Executive Assistant,,,,Standard,,,,LOT-9622,SKU-7417,riley.mensah@examplecorp.test,,,,Active,,100172,100239,100357,100181,,,,,,,,Alpha,100461,,,Alpha,100073,100529,,rowan.ashby@examplecorp.test,jamie.nguyen@sampleco.test,Renewal Nudge,100561,Ironwood Logistics LLP,,,,,,,,,,,,,Y,
100140,Contact,104265,jordan.rossi@acme-fake.test,Casey Mercer,2026-01-21 21:51:00,mei.larsson@examplecorp.test,Priya Sloan,2025-12-20 09:08:00,morgan.garcia@acme-fake.test,Quinn Ford,2024-02-28 19:07:00,reese.vance@examplecorp.test,Marco Garcia,2025-10-27 22:12:00,Y,Emerson Vance,Quinn Kim,Rowan Silva,LOT-2319,Customer Success Manager,,,,,,,,REF-2298,REF-9788,rowan.silva@demomail.test,,,,Active,100768,100436,100130,,100568,,,,,,,100550,Standard,100713,,,,100210,100509,,mei.calder@demomail.test,jordan.larsson@sampleco.test,Renewal Nudge,100250,,Delta,,,,,,,,,,,,,N
100469,Contact,104267,priya.sato@examplecorp.test,Marco Blake,2023-04-06 16:30:00,skyler.costa@examplecorp.test,Priya Okafor,2024-02-29 22:13:00,emerson.ivanov@sampleco.test,Jordan Garcia,2022-12-15 09:03:00,drew.dorsey@sampleco.test,Reese Mensah,2022-12-15 19:54:00,Y,Mei Larsson,Quinn Blake,Liam Ford,TAG-2836,Executive Assistant,,,,,,,,,TAG-3881,liam.ford@demomail.test,,,,Active,,100498,100054,100022,,,,,,,,,Gamma,100389,,,,,100054,,sofia.sato@demomail.test,quinn.larsson@examplecorp.test,Product Update,100332,,,,,,,,,,101865,,,,Y,
100785,Contact,104270,arjun.cohen@sampleco.test,Riley Brooks,2024-08-11 20:48:00,jamie.ivanov@sampleco.test,Alex Brooks,2026-01-05 05:32:00,reese.cohen@acme-fake.test,Sofia Nguyen,2025-09-28 22:45:00,rahul.rossi@examplecorp.test,Fatima Sato,2025-06-06 02:10:00,Y,Emerson Patel,Arjun Mensah,Skyler Ivanov,LOT-4452,Marketing Coordinator,,,,,,,,,TAG-5154,skyler.ivanov@examplecorp.test,,,,Active,,100522,100399,100398,,,,,,,,,Standard,100765,,,Beta,,100590,,yara.sloan@sampleco.test,chen.sato@examplecorp.test,Re-engagement,100407,,,100385,,,,,,,,,,,,
100528,Contact,104272,riley.rossi@sampleco.test,Skyler Costa,2024-11-12 17:05:00,omar.ashby@examplecorp.test,Diego Patel,2026-02-19 22:23:00,sofia.ivanov@examplecorp.test,Priya Garcia,2023-03-09 23:07:00,skyler.kim@sampleco.test,Reese Ivanov,2024-04-13 01:32:00,N,Casey Patel,Drew Calder,Skyler Calder,LOT-4678,HR Generalist,,,,Delta,,,,SKU-3583,LOT-1867,skyler.calder@acme-fake.test,,,,Inactive,,,100168,,100022,,,,,100256,,100087,Gamma,100595,,,Gamma,100012,100627,,avery.mensah@sampleco.test,aisha.sloan@demomail.test,Event Invite,100512,,Standard,100392,,,,,,,101865,,,,Y,
100436,Contact,104274,mei.patel@examplecorp.test,Avery Blake,2025-04-14 02:10:00,chen.reyes@examplecorp.test,Reese Ford,2025-05-11 18:49:00,casey.haddad@acme-fake.test,Taylor Haddad,2022-10-31 15:10:00,nina.cohen@acme-fake.test,Priya Ashby,2024-02-10 05:09:00,N,Fatima Okafor,Reese Kim,Fatima Patel,REF-2923,Operations Associate,,,,,,TAG-6701,,,LOT-2387,fatima.patel@sampleco.test,,,,Inactive,,100587,100461,100568,,,,,,100005,,,Standard,100566,,Y,,,,,mei.vance@acme-fake.test,chen.reyes@demomail.test,Product Update,100634,Silverline Networks Inc,Standard,100604,,,,,,,,,,,N,
100566,Contact,104277,drew.vance@examplecorp.test,Quinn Cohen,2026-01-06 00:22:00,diego.rossi@examplecorp.test,Morgan Calder,2023-09-23 19:43:00,mei.costa@examplecorp.test,Alex Cohen,2024-10-06 16:41:00,marco.blake@examplecorp.test,Jamie Silva,2024-11-27 20:02:00,Y,Aisha Dorsey,Noah Cohen,Jordan Larsson,LOT-1774,Executive Assistant,,,,,,TAG-8703,,SKU-6215,SKU-1090,jordan.larsson@acme-fake.test,,,,Active,,,100576,100697,,,,,,100196,,,Alpha,100739,,,,100023,,,reese.okafor@sampleco.test,noah.brooks@examplecorp.test,Quarterly Newsletter,100678,Everest Holdings LLC,,100697,,,,,,,101810,,,,,N
100369,Contact,104279,nina.nguyen@sampleco.test,Quinn Sato,2024-10-29 21:36:00,fatima.dorsey@examplecorp.test,Rahul Garcia,2025-05-19 02:21:00,taylor.whitfield@sampleco.test,Omar Kim,2024-03-12 16:52:00,alex.whitfield@examplecorp.test,Liam Larsson,2025-12-29 18:26:00,N,Omar Nguyen,Rowan Sloan,Fatima Dorsey,LOT-2734,Data Analyst,,,,,,,,,REF-2204,fatima.dorsey@sampleco.test,,,,Inactive,,100193,100380,100174,,SKU-6985,,,,,,100328,Alpha,100300,,,Alpha,,100429,,arjun.mensah@demomail.test,sofia.reyes@demomail.test,Event Invite,100147,,Gamma,,,,,,,,101871,,,,,
100469,Contact,104282,omar.nguyen@demomail.test,Arjun Ford,2024-08-15 04:07:00,arjun.nguyen@sampleco.test,Alex Sloan,2026-05-07 12:59:00,avery.blake@demomail.test,Morgan Haddad,2026-06-07 13:04:00,diego.reyes@examplecorp.test,Quinn Blake,2024-12-23 09:10:00,Y,Riley Silva,Arjun Ivanov,Jordan Kim,SKU-9702,Software Developer,,,,,,,,,REF-1701,jordan.kim@sampleco.test,,,,Active,100740,,100038,,,,,,,100410,,100658,Gamma,100386,,,Standard,100596,,,alex.costa@acme-fake.test,diego.sato@sampleco.test,Quarterly Newsletter,100439,Evergreen Partners LLP,,100199,,,,,,,101819,,,,Y,N
100538,Contact,104284,liam.ivanov@acme-fake.test,Yara Rossi,2025-01-21 13:17:00,morgan.vance@examplecorp.test,Drew Costa,2025-10-04 14:31:00,avery.larsson@examplecorp.test,Nina Silva,2023-03-20 14:11:00,skyler.costa@examplecorp.test,Liam Garcia,2025-07-25 09:36:00,Y,Rahul Mercer,Noah Okafor,Nina Reyes,SKU-4563,Software Developer,,,,,,,,SKU-7746,LOT-3079,nina.reyes@demomail.test,,,,Active,100119,100168,100357,100495,,,,,,,,100751,Alpha,100309,,,,100774,100399,,drew.mercer@examplecorp.test,diego.sloan@acme-fake.test,Product Update,100295,Vertex Logistics Corp,,100193,,,,,,,,,,,,
100596,Contact,104286,mei.ivanov@demomail.test,Marco Mensah,2024-05-05 19:44:00,marco.dorsey@acme-fake.test,Aisha Ashby,2025-08-12 18:48:00,casey.mercer@acme-fake.test,Emerson Ivanov,2024-11-25 17:27:00,rahul.silva@examplecorp.test,Drew Mercer,2025-09-29 17:43:00,Y,Fatima Mercer,Rowan Okafor,Reese Haddad,LOT-4953,Project Manager,,,,,,,,,TAG-1207,reese.haddad@sampleco.test,,,,Active,100688,100082,100153,,100264,TAG-1967,,,,,,100473,Other,100183,,,Standard,,100340,,jordan.silva@sampleco.test,fatima.dorsey@examplecorp.test,Re-engagement,100330,,,,,,,,,,101810,,,,,
100782,Contact,104287,jamie.nguyen@demomail.test,Rowan Sloan,2024-03-19 07:33:00,marco.nguyen@examplecorp.test,Aisha Ivanov,2025-02-26 03:06:00,liam.patel@demomail.test,Arjun Patel,2022-10-16 18:23:00,avery.reyes@acme-fake.test,Omar Sloan,2023-05-11 18:08:00,Y,Riley Ashby,Elena Haddad,Alex Whitfield,TAG-1600,Accountant,,,,,,,,REF-9476,LOT-6551,alex.whitfield@demomail.test,,,,Active,100461,,100021,,100355,,,,,,,,Beta,100153,,,,,,,alex.vance@acme-fake.test,omar.rossi@demomail.test,Product Update,100460,Copper Holdings,Delta,,,,,,,,101836,,,,,
100252,Contact,104289,quinn.cohen@acme-fake.test,Mei Patel,2025-03-17 22:56:00,fatima.ivanov@demomail.test,Nina Calder,2025-02-05 22:43:00,alex.mercer@sampleco.test,Chen Garcia,2025-06-03 12:34:00,morgan.haddad@examplecorp.test,Rowan Costa,2024-02-14 13:39:00,Y,Noah Rossi,Quinn Dorsey,Jordan Patel,LOT-8715,Data Analyst,,,,,,,,SKU-3467,REF-2878,jordan.patel@acme-fake.test,,,,Active,,,100239,100242,100466,LOT-1238,,,,,,,Gamma,100007,,,,100659,100665,,reese.costa@demomail.test,jordan.sato@acme-fake.test,Renewal Nudge,100244,,,100153,,8,,6,,,,,,,,N
100689,Contact,104291,taylor.brooks@acme-fake.test,Chen Mercer,2025-10-15 07:13:00,jamie.nguyen@examplecorp.test,Arjun Sato,2022-10-03 20:41:00,noah.garcia@sampleco.test,Noah Whitfield,2025-11-04 09:52:00,skyler.okafor@demomail.test,Emerson Whitfield,2024-09-08 09:17:00,Y,Drew Larsson,Avery Costa,Liam Ivanov,REF-1871,Marketing Coordinator,,,,,,,,SKU-9509,TAG-1103,liam.ivanov@sampleco.test,,,,Active,100385,100378,100449,100201,100145,,,,,100733,,100204,Beta,100188,,,,100153,,,priya.haddad@examplecorp.test,yara.ivanov@sampleco.test,Event Invite,100147,Silverline Labs Co,Standard,100782,,,,,,,101792,N,,,,
100389,Contact,104293,skyler.reyes@examplecorp.test,Noah Okafor,2026-03-23 11:55:00,noah.whitfield@sampleco.test,Drew Costa,2026-02-07 03:36:00,marco.mensah@demomail.test,Casey Silva,2022-11-02 02:31:00,omar.reyes@sampleco.test,Mei Brooks,2024-04-21 13:06:00,N,Morgan Cohen,Avery Garcia,Chen Okafor,REF-4486,HR Generalist,,,,,,,,,LOT-5087,chen.okafor@sampleco.test,,,,Inactive,100784,,100343,,,,,,,100718,,100204,Alpha,100182,,,Other,100269,100386,,noah.cohen@sampleco.test,alex.reyes@examplecorp.test,Product Update,100271,Delta Networks Ltd,Beta,100115,,,,,,,,,,,N,
100516,Contact,104294,jamie.costa@sampleco.test,Taylor Calder,2025-04-12 03:55:00,quinn.haddad@acme-fake.test,Alex Dorsey,2024-01-31 01:23:00,diego.mercer@examplecorp.test,Elena Dorsey,2024-04-03 07:23:00,diego.whitfield@sampleco.test,Nina Calder,2026-06-10 21:47:00,Y,Reese Mercer,Emerson Brooks,Sofia Rossi,SKU-8160,Support Specialist,,,,,,,8910,REF-7251,REF-6684,sofia.rossi@demomail.test,,,,Active,,100392,100696,,,,,,,,,,Gamma,100650,,,,,,,liam.ivanov@acme-fake.test,omar.calder@acme-fake.test,Event Invite,100340,Pioneer Textiles Corp,,,,,,,,,101810,,,,,
100768,Contact,104296,arjun.costa@examplecorp.test,Avery Mercer,2025-05-30 10:36:00,drew.blake@demomail.test,Noah Mensah,2022-10-21 16:16:00,aisha.patel@demomail.test,Jamie Nguyen,2026-06-12 11:15:00,rahul.ford@sampleco.test,Sofia Calder,2026-07-17 19:35:00,Y,Priya Vance,Nina Dorsey,Jordan Mensah,SKU-3363,Data Analyst,,,,,,,,TAG-5528,SKU-6764,jordan.mensah@demomail.test,,,,Active,100475,100023,100680,,100724,,,,,100350,,,Other,100250,,,Gamma,100071,100436,,omar.sato@demomail.test,elena.silva@demomail.test,Event Invite,100448,Cardinal Media,,100330,,,,,,,101830,,,,,
100317,Contact,104297,rowan.ivanov@examplecorp.test,Mei Sloan,2026-01-14 05:04:00,aisha.garcia@examplecorp.test,Nina Vance,2025-01-18 01:41:00,alex.calder@examplecorp.test,Omar Ivanov,2025-10-14 23:26:00,reese.silva@demomail.test,Elena Silva,2025-07-21 20:52:00,Y,Morgan Garcia,Morgan Sloan,Nina Blake,TAG-2367,Data Analyst,,,,,,,,,LOT-4452,nina.blake@acme-fake.test,,,,Active,100348,100561,100352,100023,100545,,,,,100407,,100204,Beta,100281,,,Other,100493,100673,,chen.mercer@acme-fake.test,skyler.patel@examplecorp.test,Product Update,100311,Ironwood Solutions Co,Standard,,,,,,,,101810,,,,,
100435,Contact,104298,fatima.dorsey@sampleco.test,Fatima Garcia,2024-11-02 12:11:00,fatima.haddad@acme-fake.test,Arjun Mensah,2025-12-19 05:33:00,jamie.ashby@acme-fake.test,Arjun Larsson,2024-05-17 09:16:00,emerson.silva@acme-fake.test,Rowan Nguyen,2023-05-19 15:29:00,Y,Sofia Dorsey,Quinn Silva,Mei Haddad,SKU-6399,Financial Analyst,,,,,,,,TAG-5154,REF-1612,mei.haddad@acme-fake.test,,,,Active,,100055,100640,,100619,,,,,100770,,100378,Other,100714,,,Beta,,,,marco.mercer@acme-fake.test,noah.patel@sampleco.test,Renewal Nudge,100554,,Other,100035,,,,3,,,101843,N,,,,
100117,Contact,104299,avery.calder@acme-fake.test,Noah Blake,2025-07-08 11:47:00,riley.brooks@demomail.test,Chen Brooks,2026-06-21 05:22:00,aisha.ashby@demomail.test,Marco Garcia,2025-10-01 06:38:00,jamie.vance@examplecorp.test,Jordan Cohen,2026-02-20 14:53:00,Y,Sofia Okafor,Mei Larsson,Quinn Rossi,TAG-9214,Financial Analyst,,,,,,,,,REF-8758,quinn.rossi@examplecorp.test,,,,Active,100481,,100404,100671,100201,,,,,,,100481,Other,100558,,,Beta,,100068,,chen.mercer@sampleco.test,avery.haddad@acme-fake.test,Event Invite,100277,,Standard,100656,,,,,,,,,,,Y,
100361,Contact,104302,nina.vance@sampleco.test,Drew Calder,2026-05-01 07:17:00,alex.mensah@acme-fake.test,Jordan Whitfield,2024-07-02 16:48:00,noah.patel@sampleco.test,Drew Dorsey,2023-08-29 21:06:00,reese.mensah@acme-fake.test,Riley Sloan,2026-06-20 23:23:00,Y,Alex Okafor,Rowan Reyes,Mei Blake,LOT-7644,Executive Assistant,,,,,,,,,SKU-6359,mei.blake@acme-fake.test,,,,Active,100055,100574,100514,100242,,,,,,100407,,,Alpha,100162,,,,100689,100340,,jamie.okafor@demomail.test,emerson.blake@demomail.test,Event Invite,100231,,Gamma,100540,,,,,,,101878,,,,,
100385,Contact,104305,mei.larsson@sampleco.test,Chen Brooks,2024-12-27 16:25:00,omar.okafor@examplecorp.test,Omar Nguyen,2025-07-09 14:58:00,sofia.silva@demomail.test,Reese Calder,2025-06-05 22:44:00,elena.okafor@sampleco.test,Avery Larsson,2023-06-03 07:21:00,N,Skyler Sato,Morgan Cohen,Noah Silva,LOT-5177,Financial Analyst,,,,,,,,,SKU-5101,noah.silva@demomail.test,,,,Inactive,,,100139,100438,100181,,,,,100087,,100616,Alpha,100747,,,Gamma,100098,,,chen.blake@examplecorp.test,rowan.rossi@acme-fake.test,Re-engagement,100608,,,,,,,,,,,,,,,
100551,Contact,104306,diego.ivanov@sampleco.test,Quinn Costa,2026-07-08 06:19:00,alex.reyes@demomail.test,Priya Sato,2023-10-24 05:26:00,taylor.whitfield@sampleco.test,Taylor Ivanov,2025-03-30 16:51:00,jordan.calder@demomail.test,Avery Silva,2023-02-26 04:51:00,Y,Arjun Kim,Diego Nguyen,Drew Ashby,REF-7714,QA Engineer,,,,,,,,,REF-2260,drew.ashby@sampleco.test,,,,Active,,100516,100753,100753,100568,TAG-9854,,,,100065,,,Standard,100215,,,Other,100659,100740,,jamie.rossi@demomail.test,reese.costa@examplecorp.test,Re-engagement,100183,,Gamma,100462,,,,,,,101803,N,,,Y,
100652,Contact,104307,emerson.larsson@acme-fake.test,Noah Ashby,2023-01-10 08:12:00,drew.kim@acme-fake.test,Elena Ivanov,2023-12-23 03:59:00,avery.cohen@acme-fake.test,Diego Haddad,2026-03-29 20:37:00,nina.silva@acme-fake.test,Rahul Ford,2024-12-18 06:22:00,Y,Drew Calder,Nina Blake,Yara Calder,REF-5863,Project Manager,,,,,,,,,REF-4803,yara.calder@sampleco.test,,,,Active,100398,,100439,,100112,,,,,,,,Beta,100320,,,Gamma,100758,,,jordan.haddad@demomail.test,nina.rossi@examplecorp.test,Re-engagement,100035,,Beta,100498,,,,,,,101870,,,,,
100568,Contact,104309,rowan.calder@sampleco.test,Nina Brooks,2023-12-29 13:33:00,jordan.haddad@examplecorp.test,Elena Vance,2026-06-12 09:32:00,chen.sloan@demomail.test,Marco Mercer,2024-08-20 12:11:00,noah.rossi@demomail.test,Quinn Blake,2024-07-02 20:47:00,Y,Riley Patel,Riley Mensah,Fatima Sato,TAG-1201,Marketing Coordinator,,,,,,,,,REF-7814,fatima.sato@acme-fake.test,,,,Active,100680,100470,100330,100220,100115,,,,,100691,,100438,Beta,100582,,,Delta,,,,drew.nguyen@demomail.test,taylor.patel@sampleco.test,Quarterly Newsletter,100022,Copper Foods Corp,Gamma,100550,,,,,,,101817,,,,,
100281,Contact,104312,omar.calder@acme-fake.test,Jamie Haddad,2025-10-28 14:31:00,skyler.reyes@examplecorp.test,Reese Blake,2025-09-18 10:18:00,omar.silva@acme-fake.test,Rowan Nguyen,2026-05-01 14:04:00,morgan.costa@sampleco.test,Quinn Silva,2025-08-13 22:27:00,N,Liam Brooks,Casey Okafor,Omar Cohen,LOT-5052,Software Developer,,,,Gamma,,,,,REF-4974,omar.cohen@sampleco.test,,,,Inactive,100281,100429,100453,100380,,,,,,100118,,100319,Gamma,100786,,,Delta,,100434,,arjun.okafor@sampleco.test,emerson.patel@examplecorp.test,Event Invite,100236,Cardinal Robotics LLC,,100169,,,,,,,,,,,N,
100224,Contact,104315,quinn.mercer@sampleco.test,Marco Ivanov,2022-11-10 05:02:00,priya.ford@demomail.test,Aisha Calder,2025-12-04 16:52:00,quinn.brooks@demomail.test,Priya Garcia,2024-04-28 07:25:00,emerson.haddad@demomail.test,Casey Whitfield,2026-06-22 08:06:00,Y,Jordan Whitfield,Taylor Mensah,Aisha Patel,REF-1249,HR Generalist,,,,,,,,,REF-6312,aisha.patel@demomail.test,,,,Active,,,100535,100172,,,,,,,,100244,Standard,100451,,,,100782,,,chen.ashby@sampleco.test,emerson.vance@demomail.test,Product Update,100762,,Other,100362,,,,,,,101812,,,,,
100652,Contact,104316,diego.rossi@sampleco.test,Drew Okafor,2024-08-03 02:35:00,reese.larsson@sampleco.test,Casey Ashby,2023-02-01 13:54:00,jordan.ford@sampleco.test,Diego Ashby,2025-06-17 15:37:00,chen.reyes@demomail.test,Rahul Larsson,2025-02-19 16:15:00,Y,Casey Nguyen,Skyler Larsson,Aisha Reyes,TAG-2171,Operations Associate,,,,,,,,,TAG-8046,aisha.reyes@demomail.test,,,,Active,,100335,100273,100058,,,,,,100263,,100094,Delta,100545,,,Standard,100033,,,jordan.larsson@examplecorp.test,morgan.calder@examplecorp.test,Product Update,100559,,,,,,,,,,101889,,,,,
100484,Contact,104319,arjun.sloan@examplecorp.test,Drew Haddad,2025-04-13 20:00:00,jordan.whitfield@acme-fake.test,Casey Mercer,2025-09-04 19:06:00,priya.silva@sampleco.test,Marco Sato,2025-09-05 20:48:00,casey.ford@examplecorp.test,Skyler Rossi,2023-02-05 07:05:00,Y,Quinn Calder,Drew Kim,Aisha Ashby,TAG-6647,HR Generalist,,,,,,,,,REF-1873,aisha.ashby@sampleco.test,,,,Active,,100671,100627,,,,,,,100656,,100362,Delta,100555,,,,,100570,,drew.okafor@examplecorp.test,mei.haddad@demomail.test,Quarterly Newsletter,100551,,Standard,100242,,4,,,,,,,,,,
100425,Contact,104321,morgan.garcia@examplecorp.test,Alex Nguyen,2023-07-19 07:44:00,elena.whitfield@examplecorp.test,Alex Sloan,2025-09-20 19:41:00,priya.nguyen@demomail.test,Fatima Brooks,2025-10-24 07:08:00,mei.vance@examplecorp.test,Arjun Sato,2023-09-16 11:37:00,N,Liam Kim,Quinn Ashby,Yara Mercer,LOT-3995,Marketing Coordinator,,TAG-8313,,,,,1467,,LOT-7513,yara.mercer@demomail.test,,,,Inactive,,,100065,100461,100007,,,,,100153,,100263,Gamma,100400,,,Beta,100257,,,noah.garcia@demomail.test,marco.ivanov@acme-fake.test,Renewal Nudge,100145,Vertex Solutions,,,,,,10,,,101836,,,,,
100587,Contact,104323,riley.okafor@acme-fake.test,Aisha Sato,2022-11-06 02:26:00,morgan.silva@examplecorp.test,Avery Okafor,2026-06-05 19:43:00,nina.ford@sampleco.test,Casey Ford,2026-07-21 05:21:00,liam.patel@acme-fake.test,Quinn Nguyen,2025-05-03 14:03:00,Y,Alex Costa,Yara Kim,Sofia Patel,TAG-1676,Customer Success Manager,,,,,,,,,SKU-8600,sofia.patel@examplecorp.test,,,,Active,100292,100418,100470,,,,,,,100012,,100309,Beta,100103,,,Beta,100348,,,sofia.ivanov@sampleco.test,emerson.calder@demomail.test,Re-engagement,100490,Everest Group Corp,Delta,,,,,,,,,,,,Y,
100387,Contact,104325,skyler.garcia@acme-fake.test,Rahul Costa,2024-05-28 02:05:00,fatima.sato@sampleco.test,Sofia Sloan,2025-09-20 11:11:00,fatima.whitfield@sampleco.test,Marco Haddad,2022-11-06 09:13:00,liam.mensah@acme-fake.test,Rowan Nguyen,2026-05-24 01:02:00,Y,Casey Kim,Emerson Kim,Elena Mensah,LOT-2186,Bookkeeper,,,,,,,,LOT-7639,SKU-3978,elena.mensah@demomail.test,,,,Active,100713,100145,100009,100678,,,,,,100322,,,Gamma,100162,,Y,Beta,100196,,,jordan.garcia@demomail.test,fatima.rossi@acme-fake.test,Quarterly Newsletter,100542,Lakeside Financial Inc,,,,,,,,,,,,,,N
100461,Contact,104327,mei.silva@sampleco.test,Diego Whitfield,2023-10-07 17:43:00,avery.mercer@sampleco.test,Drew Mensah,2023-10-19 14:07:00,diego.okafor@sampleco.test,Priya Sloan,2023-02-15 05:22:00,aisha.patel@examplecorp.test,Emerson Okafor,2023-03-02 03:29:00,N,Reese Whitfield,Taylor Ivanov,Fatima Okafor,SKU-6339,Data Analyst,,,,,,,,,SKU-3747,fatima.okafor@demomail.test,,,,Inactive,,,100092,100177,,,,,,,,100423,Gamma,100770,,,Alpha,,100320,,avery.patel@sampleco.test,diego.cohen@acme-fake.test,Product Update,100493,Beacon Labs Corp,,,,1,,,,,101862,Y,,,,
100564,Contact,104328,taylor.sato@examplecorp.test,Nina Sato,2026-04-27 13:31:00,diego.sloan@sampleco.test,Jordan Calder,2025-07-29 04:18:00,morgan.rossi@sampleco.test,Drew Sato,2026-05-25 19:49:00,sofia.nguyen@sampleco.test,Emerson Sato,2026-01-18 12:08:00,N,Riley Cohen,Yara Rossi,Rahul Ashby,SKU-2789,Marketing Coordinator,,,,,,,2344,SKU-1562,SKU-6112,rahul.ashby@demomail.test,,,,Inactive,,100271,100726,100130,,,,,,100292,,100525,Other,100468,,,Gamma,,,,liam.nguyen@examplecorp.test,priya.sato@acme-fake.test,Renewal Nudge,100307,Ironwood Foods Ltd,,100770,,,,,,,,,,,Y,
100542,Contact,104331,taylor.dorsey@examplecorp.test,Jamie Garcia,2024-06-13 00:40:00,casey.kim@acme-fake.test,Reese Whitfield,2025-10-18 04:53:00,omar.okafor@acme-fake.test,Mei Blake,2022-10-26 23:28:00,yara.sato@acme-fake.test,Quinn Dorsey,2026-02-25 21:01:00,Y,Riley Mercer,Mei Vance,Marco Ford,SKU-7984,Financial Analyst,,,,,,,,TAG-7552,TAG-7913,marco.ford@acme-fake.test,,,,Active,100768,,100664,100009,100053,,,,,,,100493,Other,100675,,,Alpha,,100561,,quinn.rossi@acme-fake.test,jamie.rossi@examplecorp.test,Quarterly Newsletter,100509,Redwood Dynamics Ltd,Beta,100079,,,,5,,,101886,,,,Y,
100014,Contact,104332,morgan.ford@examplecorp.test,Skyler Mercer,2026-07-21 22:13:00,jordan.ford@sampleco.test,Taylor Brooks,2026-03-15 22:48:00,rahul.sloan@acme-fake.test,Chen Larsson,2026-04-10 17:21:00,emerson.ford@sampleco.test,Mei Dorsey,2025-12-10 21:58:00,Y,Rahul Cohen,Chen Sato,Chen Cohen,TAG-9746,Customer Success Manager,,,,,,,,,LOT-4118,chen.cohen@acme-fake.test,,,,Active,100632,100472,100660,,100735,,,,,,,100343,Delta,100700,,,Beta,100779,100173,,noah.calder@demomail.test,liam.ivanov@sampleco.test,Renewal Nudge,100161,Pioneer Textiles Ltd,,100332,,,,,,,,,,,N,
100522,Contact,104333,diego.blake@acme-fake.test,Elena Nguyen,2025-02-11 01:52:00,aisha.patel@acme-fake.test,Omar Mercer,2026-07-07 18:57:00,elena.patel@examplecorp.test,Aisha Whitfield,2024-05-20 13:03:00,yara.mensah@sampleco.test,Aisha Okafor,2022-10-23 10:43:00,N,Quinn Costa,Taylor Blake,Noah Blake,SKU-1646,Operations Associate,,,,,,LOT-8321,,,LOT-5257,noah.blake@sampleco.test,,,,Inactive,100540,100288,100414,100509,,,,,,,,,Gamma,100538,,,,,,,drew.sato@sampleco.test,aisha.dorsey@acme-fake.test,Renewal Nudge,100177,,Alpha,100350,,,,,,,101886,,,,,
100120,Contact,104335,chen.kim@demomail.test,Fatima Blake,2025-12-11 07:01:00,omar.patel@examplecorp.test,Elena Vance,2025-01-19 06:28:00,marco.mensah@examplecorp.test,Morgan Ivanov,2025-05-28 22:14:00,fatima.costa@sampleco.test,Taylor Haddad,2022-12-31 14:06:00,N,Nina Cohen,Skyler Ashby,Taylor Silva,TAG-6941,Customer Success Manager,,,,,,,,SKU-2199,TAG-7101,taylor.silva@sampleco.test,,,,Inactive,,,100260,100271,100134,,,,,100458,,,Beta,100694,,,Other,,100038,,noah.costa@examplecorp.test,rahul.whitfield@examplecorp.test,Quarterly Newsletter,100425,Ironwood Partners Inc,,,,,,,,,101875,,,,Y,
100242,Contact,104336,nina.reyes@acme-fake.test,Alex Blake,2023-08-18 21:50:00,marco.mercer@sampleco.test,Jordan Nguyen,2026-01-27 22:41:00,taylor.rossi@demomail.test,Skyler Sato,2023-05-26 19:11:00,morgan.rossi@acme-fake.test,Jamie Costa,2026-01-22 17:22:00,Y,Riley Vance,Emerson Ford,Diego Ashby,LOT-4971,Marketing Coordinator,,LOT-9960,,,,,,,LOT-9803,diego.ashby@acme-fake.test,,,,Active,,,100115,,100672,,,,,100019,,,Beta,100470,,N,,100181,,,aisha.haddad@sampleco.test,arjun.costa@demomail.test,Event Invite,100659,,Beta,,,,,,,,,,,,,Y
100191,Contact,104338,rowan.dorsey@demomail.test,Rahul Costa,2024-05-09 08:28:00,yara.cohen@examplecorp.test,Priya Calder,2025-08-08 13:13:00,yara.reyes@sampleco.test,Elena Whitfield,2022-12-07 03:12:00,elena.costa@examplecorp.test,Quinn Patel,2025-08-23 22:24:00,N,Elena Kim,Drew Sloan,Emerson Ashby,TAG-9243,Bookkeeper,,,,,Beta,,,LOT-7361,TAG-8044,emerson.ashby@sampleco.test,,,,Inactive,100478,,100137,100246,100375,,,,,100400,,100178,Beta,100540,,,,,100542,,liam.sloan@demomail.test,aisha.rossi@demomail.test,Re-engagement,100281,,Alpha,,,0,,,,,101815,,,,N,
100307,Contact,104340,aisha.mensah@acme-fake.test,Rowan Silva,2024-10-20 14:47:00,noah.dorsey@acme-fake.test,Diego Ivanov,2024-04-05 17:12:00,rowan.kim@demomail.test,Aisha Garcia,2025-05-02 09:04:00,marco.vance@acme-fake.test,Marco Okafor,2026-03-20 01:54:00,N,Emerson Silva,Rowan Ivanov,Fatima Kim,,Operations Associate,,SKU-9916,,,Other,,,,LOT-1590,fatima.kim@examplecorp.test,,,,Inactive,100031,100585,100068,100319,100005,,,,,,,100096,Standard,100786,,,Gamma,100632,100627,,chen.okafor@demomail.test,rahul.sato@demomail.test,Quarterly Newsletter,100739,,,,,,,,,,,,,,,
100082,Contact,104343,drew.ivanov@examplecorp.test,Rowan Whitfield,2023-12-17 22:11:00,rahul.mercer@examplecorp.test,Casey Rossi,2024-05-28 07:05:00,avery.mercer@demomail.test,Nina Garcia,2024-02-05 13:34:00,jordan.mercer@examplecorp.test,Aisha Sato,2025-12-09 09:51:00,Y,Skyler Dorsey,Quinn Garcia,Avery Cohen,TAG-2981,Operations Associate,,,,,,,,,TAG-7977,avery.cohen@acme-fake.test,,,,Active,100441,100058,100593,100375,,,,,,,,100009,Other,100021,,Y,Alpha,100038,100269,,taylor.sato@acme-fake.test,diego.mercer@sampleco.test,Product Update,100314,,,,,,,,,,,,,,N,
100256,Contact,104346,avery.nguyen@demomail.test,Reese Patel,2026-05-30 23:51:00,jamie.mensah@demomail.test,Jordan Nguyen,2025-09-22 19:56:00,omar.larsson@sampleco.test,Riley Mercer,2026-02-03 09:01:00,rahul.larsson@examplecorp.test,Omar Ford,2023-04-05 05:39:00,Y,Aisha Patel,Reese Costa,Marco Ivanov,REF-1195,Support Specialist,,,,,,,,,REF-2881,marco.ivanov@examplecorp.test,,,,Active,,,100336,100396,100774,,,,,,,,Standard,100305,,Y,Beta,,,,quinn.cohen@acme-fake.test,mei.brooks@demomail.test,Re-engagement,100740,Redwood Dynamics Group,Beta,,,,,,,,101792,,,,Y,
100779,Contact,104348,emerson.garcia@demomail.test,Noah Cohen,2024-11-28 17:48:00,diego.costa@demomail.test,Emerson Mercer,2025-10-09 12:05:00,riley.larsson@examplecorp.test,Reese Okafor,2023-12-20 03:54:00,aisha.patel@examplecorp.test,Chen Reyes,2022-10-08 21:40:00,Y,Noah Sloan,Sofia Ivanov,Alex Reyes,LOT-9347,Accountant,,,,,,,,,SKU-2520,alex.reyes@examplecorp.test,,,,Active,100776,,100275,100572,100702,,,,,100550,,,Beta,100669,,,Alpha,,100512,,jamie.ashby@sampleco.test,drew.blake@sampleco.test,Re-engagement,100462,Lakeside Ventures Inc,Delta,,,,,,,,101862,,,,Y,Y
100654,Contact,104351,arjun.garcia@sampleco.test,Alex Reyes,2023-03-18 02:27:00,nina.brooks@demomail.test,Elena Brooks,2025-07-02 17:02:00,sofia.mercer@demomail.test,Yara Okafor,2025-06-29 09:46:00,reese.costa@sampleco.test,Omar Sloan,2022-11-27 18:42:00,Y,Arjun Sato,Emerson Calder,Drew Larsson,SKU-4156,Data Analyst,,,,,,,,,TAG-6902,drew.larsson@demomail.test,,,,Active,100130,,100751,,,,,,,,,100349,Gamma,100481,,,,100031,100396,,riley.rossi@demomail.test,marco.rossi@acme-fake.test,Renewal Nudge,100174,,Beta,,,,,,,,101834,,,,,
100016,Contact,104354,riley.ashby@demomail.test,Aisha Blake,2024-01-13 02:49:00,rahul.sato@examplecorp.test,Aisha Reyes,2026-02-07 21:02:00,nina.reyes@demomail.test,Rahul Brooks,2024-01-15 05:05:00,fatima.sloan@examplecorp.test,Priya Brooks,2022-12-04 01:18:00,Y,Chen Ivanov,Rowan Reyes,Aisha Haddad,TAG-3469,HR Generalist,,,,,,,9585,,LOT-4184,aisha.haddad@examplecorp.test,,,,Active,100535,,100043,,100365,,,,,100219,,100566,Gamma,100487,,,Alpha,,100694,,morgan.blake@examplecorp.test,casey.haddad@acme-fake.test,Renewal Nudge,100028,Beacon Textiles LLP,Standard,100660,,,,10,,,,Y,,,,
100434,Contact,104357,morgan.kim@demomail.test,Emerson Okafor,2024-01-22 05:55:00,skyler.nguyen@demomail.test,Casey Ashby,2026-06-10 19:42:00,liam.brooks@examplecorp.test,Priya Costa,2023-07-27 05:54:00,mei.ashby@demomail.test,Liam Blake,2024-10-09 16:13:00,Y,Riley Costa,Diego Okafor,Quinn Blake,,Project Manager,,,,,,,,,SKU-6374,quinn.blake@acme-fake.test,,,,Active,100330,100362,100208,100401,100475,TAG-3464,,,,,,100061,Other,100311,,,Delta,100410,100484,,yara.silva@examplecorp.test,nina.blake@acme-fake.test,Re-engagement,100724,Cobalt Networks Co,Gamma,,,,,,,,,,,,,
100392,Contact,104359,aisha.blake@acme-fake.test,Quinn Haddad,2023-01-25 11:24:00,diego.larsson@sampleco.test,Reese Ivanov,2024-12-27 22:12:00,fatima.okafor@examplecorp.test,Rahul Okafor,2023-07-29 09:35:00,casey.rossi@acme-fake.test,Drew Okafor,2025-10-24 20:05:00,Y,Skyler Dorsey,Rowan Larsson,Quinn Haddad,SKU-5702,Data Analyst,,,,,,,,LOT-1191,SKU-6509,quinn.haddad@acme-fake.test,,,,Active,,100340,100142,,100774,,,,,,,100317,Standard,100392,,,,,100320,,arjun.okafor@acme-fake.test,nina.cohen@demomail.test,Renewal Nudge,100118,,,100219,,,,,,,,,,,N,
100123,Contact,104360,yara.cohen@demomail.test,Arjun Reyes,2024-04-19 18:23:00,arjun.sloan@demomail.test,Aisha Ivanov,2024-01-22 19:49:00,morgan.vance@acme-fake.test,Rowan Cohen,2022-10-19 08:49:00,omar.costa@acme-fake.test,Liam Patel,2026-06-07 13:56:00,Y,Sofia Mensah,Jordan Costa,Alex Reyes,TAG-3563,Bookkeeper,,,,,,,,,SKU-8885,alex.reyes@acme-fake.test,,,,Active,100768,,100770,100425,,,,,,,,100210,Delta,100003,,,Gamma,100295,100269,,chen.rossi@acme-fake.test,sofia.okafor@demomail.test,Product Update,100578,,,,,,,,,,,,,,Y,
100345,Contact,104361,chen.sloan@examplecorp.test,Rowan Okafor,2025-03-24 22:28:00,yara.mensah@demomail.test,Sofia Calder,2023-01-26 16:33:00,liam.dorsey@acme-fake.test,Sofia Nguyen,2024-06-22 09:05:00,riley.sato@examplecorp.test,Rahul Ashby,2024-03-07 19:22:00,Y,Liam Mercer,Rahul Vance,Morgan Okafor,,Bookkeeper,,,,,,,,TAG-7959,REF-9019,morgan.okafor@sampleco.test,,,,Active,100619,100599,100073,100704,100675,SKU-8044,,,,,,100768,Gamma,100680,,,Beta,100751,,,chen.blake@acme-fake.test,jordan.okafor@sampleco.test,Quarterly Newsletter,100652,Delta Systems Corp,Other,100747,,,,,,,101834,,,,Y,
100782,Contact,104364,skyler.silva@acme-fake.test,Yara Vance,2025-04-13 10:44:00,taylor.brooks@demomail.test,Yara Mercer,2022-11-04 09:35:00,riley.mercer@examplecorp.test,Noah Sloan,2024-04-13 19:46:00,marco.blake@examplecorp.test,Drew Mensah,2023-01-31 23:16:00,Y,Nina Sloan,Casey Calder,Noah Silva,SKU-6671,Accountant,,,,,,,,TAG-1981,SKU-6911,noah.silva@examplecorp.test,,,,Active,100117,100565,100410,100169,100109,,,,,100457,,100181,Other,100399,,,Standard,100393,100532,,reese.silva@sampleco.test,liam.costa@acme-fake.test,Event Invite,100352,Delta Media Group,,100174,,,,,,,101827,,,,N,
100466,Contact,104367,quinn.sloan@sampleco.test,Riley Patel,2026-05-20 07:35:00,marco.mensah@acme-fake.test,Chen Calder,2024-03-18 20:45:00,casey.patel@examplecorp.test,Riley Calder,2023-01-06 06:25:00,rahul.ashby@acme-fake.test,Marco Calder,2025-12-12 06:05:00,Y,Priya Costa,Skyler Ivanov,Noah Brooks,SKU-2852,Support Specialist,,,,,,,,TAG-3261,SKU-4484,noah.brooks@examplecorp.test,,,,Active,100439,100481,100076,100493,,,,,,,,100771,Gamma,100638,,,,100314,100067,,taylor.whitfield@demomail.test,aisha.calder@examplecorp.test,Renewal Nudge,100086,,Delta,100714,,,,,,,,,,,,
100371,Contact,104368,morgan.dorsey@examplecorp.test,Taylor Kim,2025-04-30 09:54:00,rowan.ivanov@sampleco.test,Jamie Blake,2025-09-22 09:27:00,alex.sato@acme-fake.test,Omar Ford,2022-10-21 23:55:00,avery.vance@examplecorp.test,Jordan Blake,2025-12-16 00:28:00,Y,Diego Blake,Omar Cohen,Skyler Garcia,TAG-6775,Payroll Specialist,,,,,,,3716,SKU-4060,LOT-7467,skyler.garcia@sampleco.test,,,,Active,100242,100387,100467,,100352,,,,,100569,,,Gamma,100028,,,,,100645,,nina.mercer@demomail.test,sofia.sloan@sampleco.test,Re-engagement,100012,,Delta,,,,,,,,101836,N,,,N,
100697,Contact,104371,mei.brooks@examplecorp.test,Yara Vance,2026-01-15 18:32:00,casey.reyes@demomail.test,Diego Nguyen,2024-07-28 02:07:00,rowan.calder@acme-fake.test,Omar Mercer,2025-04-05 00:13:00,alex.reyes@sampleco.test,Jordan Dorsey,2023-12-01 11:11:00,Y,Quinn Nguyen,Avery Reyes,Jordan Sloan,SKU-9243,Customer Success Manager,,,,,,,7017,,REF-1962,jordan.sloan@acme-fake.test,,,,Active,100115,,100656,100328,,,,,,,,,Gamma,100774,,,Delta,100336,100522,,fatima.mercer@acme-fake.test,morgan.dorsey@sampleco.test,Event Invite,100177,,,100277,,,,,,,,,,,,
100514,Contact,104372,marco.sato@acme-fake.test,Mei Larsson,2026-02-11 16:14:00,omar.sloan@acme-fake.test,Morgan Cohen,2026-02-07 02:53:00,chen.costa@sampleco.test,Jamie Larsson,2023-11-16 08:54:00,aisha.brooks@acme-fake.test,Elena Ford,2024-07-20 07:50:00,Y,Rahul Haddad,Marco Mensah,Sofia Brooks,TAG-8524,HR Generalist,,,,,,,,SKU-9049,TAG-4930,sofia.brooks@examplecorp.test,,,,Active,100651,,100481,100730,100217,REF-7398,,,,100590,,100606,Standard,100054,,,,100762,100724,,jamie.ivanov@demomail.test,avery.larsson@examplecorp.test,Product Update,100233,,,,,,,,,,101861,,,,N,Y
100250,Contact,104374,casey.calder@demomail.test,Alex Blake,2024-09-19 23:41:00,rahul.ford@demomail.test,Skyler Kim,2025-10-15 14:33:00,elena.whitfield@demomail.test,Priya Ashby,2023-06-15 08:28:00,reese.ivanov@examplecorp.test,Jordan Sato,2023-01-02 01:02:00,N,Elena Sato,Yara Sloan,Casey Silva,SKU-4227,Support Specialist,,,,,Delta,,,TAG-9541,TAG-6280,casey.silva@acme-fake.test,,,,Inactive,,,100352,100525,,,,,,100585,,100139,Other,100420,,,Delta,,100273,,omar.whitfield@acme-fake.test,skyler.brooks@demomail.test,Event Invite,100401,Silverline Retail Corp,Alpha,100468,,,,,,,101803,,,,,
100400,Contact,104377,nina.garcia@demomail.test,Casey Ivanov,2024-09-27 19:30:00,reese.okafor@acme-fake.test,Mei Garcia,2024-11-13 12:08:00,jordan.rossi@acme-fake.test,Fatima Rossi,2022-11-19 15:56:00,taylor.ivanov@examplecorp.test,Rahul Vance,2024-04-16 08:51:00,Y,Jordan Nguyen,Avery Sloan,Morgan Ivanov,SKU-8007,Marketing Coordinator,,,,,,,,,TAG-9616,morgan.ivanov@examplecorp.test,,,,Active,100791,100496,100152,100392,100378,,,,,100495,,100647,Gamma,100382,,,Alpha,,100336,,aisha.haddad@demomail.test,jordan.haddad@acme-fake.test,Renewal Nudge,100445,Copper Labs Co,Standard,100697,,,,,,,101870,,,,N,
100252,Contact,104378,morgan.costa@demomail.test,Priya Garcia,2025-07-09 10:45:00,morgan.brooks@sampleco.test,Noah Patel,2024-01-18 16:01:00,sofia.kim@demomail.test,Alex Rossi,2025-07-14 00:28:00,liam.patel@acme-fake.test,Rahul Mensah,2023-04-21 03:18:00,N,Sofia Okafor,Mei Whitfield,Chen Brooks,LOT-6408,Customer Success Manager,,,,,,,,,REF-2536,chen.brooks@demomail.test,,,,Inactive,100177,,100047,100168,,,,,,100226,,100756,Standard,100675,,,Gamma,,,,casey.silva@demomail.test,elena.dorsey@acme-fake.test,Quarterly Newsletter,100389,,Other,100314,,,,,,,101816,,,,,
100393,Contact,104379,aisha.nguyen@acme-fake.test,Jamie Cohen,2026-04-25 19:21:00,aisha.nguyen@demomail.test,Taylor Costa,2024-05-17 18:48:00,yara.dorsey@acme-fake.test,Arjun Brooks,2024-05-31 14:51:00,drew.cohen@demomail.test,Morgan Patel,2025-02-17 04:48:00,Y,Emerson Silva,Quinn Dorsey,Reese Brooks,LOT-7067,Bookkeeper,,,,Alpha,,,,,REF-9056,reese.brooks@demomail.test,,,,Active,,100689,100648,,100558,,,,,100558,,100548,Alpha,100415,,,Standard,100221,100448,,liam.larsson@sampleco.test,noah.brooks@sampleco.test,Event Invite,100694,,Delta,100194,,,,,,,,,,,N,
100529,Contact,104381,emerson.patel@demomail.test,Chen Patel,2023-11-17 02:25:00,sofia.patel@sampleco.test,Rowan Whitfield,2025-03-14 18:20:00,rahul.blake@sampleco.test,Fatima Blake,2024-08-03 04:11:00,fatima.garcia@demomail.test,Riley Sloan,2024-11-21 11:03:00,Y,Aisha Mercer,Nina Larsson,Omar Cohen,TAG-2357,Payroll Specialist,,,,,,,,,LOT-1553,omar.cohen@acme-fake.test,,,,Active,100053,,100257,,100548,,,,,100713,,100675,Beta,100382,,,Gamma,100572,100330,,jamie.dorsey@examplecorp.test,omar.mensah@examplecorp.test,Quarterly Newsletter,100756,,,100120,,,,,,,101870,,,,,
100076,Contact,104383,alex.vance@acme-fake.test,Rowan Sato,2024-08-16 11:14:00,chen.okafor@demomail.test,Alex Reyes,2023-08-06 21:43:00,elena.dorsey@sampleco.test,Yara Mensah,2024-01-27 12:45:00,rowan.kim@demomail.test,Nina Mensah,2024-01-12 21:49:00,Y,Omar Patel,Elena Dorsey,Arjun Brooks,SKU-2519,Support Specialist,,,Beta,,,,,REF-9623,LOT-3669,arjun.brooks@sampleco.test,,,,Active,,,100173,100311,100089,,,,,100079,,,Gamma,100487,,Y,,100561,100579,,avery.mercer@acme-fake.test,rahul.haddad@demomail.test,Product Update,100183,,Other,100109,,,,,,,,,,,,
100089,Contact,104384,omar.mercer@examplecorp.test,Liam Brooks,2024-05-07 23:01:00,arjun.sloan@examplecorp.test,Rowan Nguyen,2024-09-09 01:28:00,riley.cohen@examplecorp.test,Liam Blake,2022-10-12 08:19:00,arjun.kim@examplecorp.test,Skyler Patel,2023-10-19 08:07:00,Y,Arjun Brooks,Sofia Rossi,Rahul Mercer,REF-7235,Marketing Coordinator,,,,,,,,SKU-6302,LOT-9325,rahul.mercer@acme-fake.test,,,,Active,100650,100558,100624,,100007,,,,,,,100055,Gamma,100658,,,Gamma,,,,yara.silva@acme-fake.test,liam.sato@sampleco.test,Product Update,100420,,Beta,,,,,,,,101878,Y,,,,
100149,Contact,104385,diego.okafor@sampleco.test,Omar Patel,2025-11-15 21:11:00,chen.mercer@examplecorp.test,Diego Okafor,2022-11-14 14:00:00,priya.kim@acme-fake.test,Rowan Whitfield,2023-08-24 07:39:00,riley.haddad@sampleco.test,Noah Haddad,2025-03-04 09:42:00,Y,Reese Ivanov,Sofia Sato,Riley Silva,TAG-5722,Bookkeeper,,,,Delta,,,,LOT-7609,SKU-6575,riley.silva@sampleco.test,,,,Active,100442,,100697,100263,100535,,,,,100595,,,Standard,100669,,,,,,,omar.mercer@examplecorp.test,mei.dorsey@sampleco.test,Renewal Nudge,100481,Lakeside Partners Co,Gamma,100436,,,,,,,,,,,,
100458,Contact,104387,noah.cohen@sampleco.test,Nina Ashby,2023-03-01 05:27:00,rowan.ivanov@acme-fake.test,Emerson Whitfield,2026-04-01 09:42:00,marco.reyes@examplecorp.test,Omar Ashby,2025-06-17 08:11:00,emerson.mercer@demomail.test,Priya Calder,2023-06-18 18:01:00,Y,Casey Vance,Skyler Blake,Fatima Dorsey,TAG-3872,Financial Analyst,,,,,,,,,SKU-4077,fatima.dorsey@acme-fake.test,,,,Active,100203,,100340,,100046,SKU-6064,,,,100042,,,Gamma,100585,,,,100217,100182,,sofia.ford@acme-fake.test,sofia.mensah@sampleco.test,Event Invite,100357,Cardinal Capital Ltd,,100082,,,,,,,101817,,,,N,Y
100550,Contact,104389,noah.haddad@sampleco.test,Riley Patel,2023-05-19 07:11:00,priya.nguyen@sampleco.test,Taylor Ford,2025-03-11 11:00:00,fatima.brooks@acme-fake.test,Aisha Nguyen,2023-07-13 12:13:00,nina.haddad@acme-fake.test,Noah Calder,2024-10-27 02:57:00,N,Sofia Whitfield,Omar Mensah,Yara Ford,TAG-4790,Recruiter,,,,,,LOT-4366,,,REF-5355,yara.ford@acme-fake.test,,,,Inactive,100525,,100457,,100204,,,,,100680,,,Standard,100231,,,Delta,100271,100224,,liam.ashby@acme-fake.test,morgan.dorsey@demomail.test,Product Update,100232,,Alpha,,,,,,,,,,,,N,
100514,Contact,104390,taylor.dorsey@examplecorp.test,Diego Brooks,2024-05-07 06:57:00,quinn.sloan@examplecorp.test,Nina Cohen,2025-01-22 04:21:00,rowan.blake@acme-fake.test,Fatima Mercer,2026-01-06 01:52:00,reese.cohen@examplecorp.test,Quinn Larsson,2024-06-24 05:39:00,Y,Fatima Cohen,Elena Mensah,Priya Sato,SKU-4072,Marketing Coordinator,,,,,,,,,REF-7429,priya.sato@demomail.test,,,,Active,,100133,100689,100632,,SKU-6050,,,,,,,Beta,100423,,,Alpha,,,,casey.brooks@demomail.test,nina.ashby@examplecorp.test,Quarterly Newsletter,100305,Vertex Ventures Group,Other,,,0,,,,,101810,,,,,
100441,Contact,104391,jordan.garcia@acme-fake.test,Marco Cohen,2023-05-28 14:44:00,noah.ashby@demomail.test,Alex Okafor,2022-10-27 01:21:00,aisha.kim@acme-fake.test,Sofia Sato,2024-02-01 17:45:00,morgan.reyes@examplecorp.test,Elena Patel,2025-12-16 03:24:00,N,Riley Okafor,Noah Reyes,Morgan Larsson,TAG-7287,Software Developer,,,Delta,,,,,LOT-7422,LOT-4835,morgan.larsson@demomail.test,,,,Inactive,,,100094,100415,,,,,,,,100647,Gamma,100418,,,Delta,,,,arjun.okafor@examplecorp.test,jamie.dorsey@acme-fake.test,Product Update,100147,Keystone Textiles LLP,Beta,100315,,,,,,,101792,N,,,N,
100299,Contact,104392,avery.mercer@acme-fake.test,Reese Ford,2025-02-09 12:16:00,casey.haddad@demomail.test,Jamie Ford,2025-06-29 12:32:00,drew.ashby@sampleco.test,Avery Reyes,2026-01-04 03:09:00,drew.blake@examplecorp.test,Elena Mercer,2024-01-07 07:20:00,Y,Emerson Sato,Jordan Kim,Mei Okafor,LOT-1854,Operations Associate,,LOT-3515,,,,,,,TAG-2472,mei.okafor@examplecorp.test,,,,Active,100634,100787,100378,100284,100019,,,,,100724,,,Other,100407,,,Delta,,,,liam.okafor@examplecorp.test,diego.ford@examplecorp.test,Renewal Nudge,100273,,,,,,,,,,101846,,,,Y,
100747,Contact,104395,marco.mercer@sampleco.test,Morgan Reyes,2025-03-20 00:53:00,drew.larsson@acme-fake.test,Quinn Dorsey,2024-06-24 21:59:00,alex.reyes@examplecorp.test,Drew Reyes,2024-05-24 09:03:00,morgan.sato@examplecorp.test,Noah Haddad,2024-06-17 22:58:00,Y,Elena Larsson,Emerson Brooks,Diego Sato,SKU-7763,Operations Associate,,,,,,,,SKU-1306,TAG-7999,diego.sato@demomail.test,,,,Active,100699,,100065,100619,100460,,,,,100375,,,Standard,100699,,,Beta,,100372,,yara.rossi@examplecorp.test,drew.mensah@examplecorp.test,Product Update,100208,Delta Solutions Inc,Standard,,,,,,,,101862,,,,N,
100516,Contact,104396,rahul.silva@demomail.test,Liam Larsson,2026-01-03 20:01:00,avery.sato@acme-fake.test,Avery Patel,2023-08-10 21:02:00,quinn.haddad@examplecorp.test,Drew Silva,2026-05-16 13:28:00,sofia.sloan@examplecorp.test,Omar Ford,2025-05-16 20:58:00,Y,Casey Ivanov,Avery Brooks,Alex Ashby,TAG-7117,Data Analyst,,,,,,,,TAG-4387,SKU-4010,alex.ashby@sampleco.test,,,,Active,100182,,100320,100257,,REF-3230,,,,,,,Beta,100201,,Y,Other,,,,skyler.cohen@sampleco.test,rahul.brooks@acme-fake.test,Product Update,100109,Vertex Textiles Corp,Other,,,,,,,,101794,,,,N,
100606,Contact,104397,skyler.patel@sampleco.test,Yara Garcia,2025-12-12 16:19:00,omar.vance@acme-fake.test,Drew Dorsey,2025-03-27 12:57:00,elena.patel@demomail.test,Alex Silva,2025-09-19 18:07:00,avery.cohen@demomail.test,Riley Silva,2023-12-02 13:45:00,Y,Omar Ashby,Emerson Whitfield,Rowan Blake,LOT-2278,Customer Success Manager,,,,,Gamma,,,REF-5128,TAG-6734,rowan.blake@demomail.test,,,,Active,100675,100519,100498,,100613,,,,,100139,,100177,Gamma,100119,,N,,100665,100590,,rowan.garcia@examplecorp.test,emerson.cohen@demomail.test,Product Update,100156,,,,,,,,,,,,,,Y,
100256,Contact,104399,taylor.mensah@acme-fake.test,Avery Costa,2023-12-24 19:52:00,emerson.vance@demomail.test,Riley Vance,2024-09-10 03:53:00,drew.brooks@demomail.test,Jamie Blake,2024-02-29 13:08:00,nina.calder@sampleco.test,Alex Blake,2026-03-09 21:17:00,N,Chen Whitfield,Noah Whitfield,Casey Dorsey,TAG-3645,Operations Associate,,,,,,LOT-5850,7800,LOT-7440,REF-3110,casey.dorsey@sampleco.test,,,,Inactive,100707,,100155,100278,100177,,,,,100392,,,Alpha,100264,,,Gamma,100320,100043,,avery.mercer@examplecorp.test,priya.sloan@examplecorp.test,Quarterly Newsletter,100387,,Beta,100713,,,,,,,101873,,,,,
100624,Contact,104402,drew.nguyen@demomail.test,Avery Calder,2024-03-29 17:02:00,aisha.ashby@acme-fake.test,Taylor Mercer,2023-07-31 05:13:00,mei.ashby@examplecorp.test,Fatima Costa,2023-09-14 08:33:00,casey.haddad@sampleco.test,Reese Blake,2026-01-19 08:44:00,Y,Priya Haddad,Diego Costa,Diego Patel,TAG-9223,Marketing Coordinator,,,,,,REF-1122,,SKU-4188,LOT-7889,diego.patel@acme-fake.test,,,,Active,,,100697,100432,100014,,,,,100050,,100438,Beta,100350,,,Standard,100652,100790,,drew.kim@examplecorp.test,reese.costa@acme-fake.test,Renewal Nudge,100330,,Beta,,,,,,,,,,,,,
100134,Contact,104405,casey.reyes@examplecorp.test,Reese Ivanov,2026-05-01 21:40:00,emerson.ivanov@acme-fake.test,Reese Mercer,2026-01-07 14:26:00,elena.mensah@examplecorp.test,Quinn Sloan,2024-08-18 11:46:00,elena.dorsey@demomail.test,Avery Kim,2024-05-23 19:44:00,Y,Emerson Silva,Liam Sato,Elena Larsson,REF-1460,Data Analyst,,REF-2302,,,Alpha,,,REF-1818,TAG-4182,elena.larsson@demomail.test,,,,Active,100578,,100595,100257,100782,,,,,100535,,100554,Gamma,100540,,,Delta,,,,nina.sato@sampleco.test,avery.ashby@examplecorp.test,Re-engagement,100487,Summit Holdings Ltd,,100696,,,,,,,,,,,,
100721,Contact,104406,casey.whitfield@sampleco.test,Diego Vance,2026-06-04 05:04:00,priya.ivanov@acme-fake.test,Quinn Sloan,2023-09-10 03:36:00,skyler.silva@examplecorp.test,Marco Brooks,2024-08-11 03:17:00,casey.dorsey@examplecorp.test,Quinn Costa,2022-10-09 07:37:00,Y,Casey Blake,Chen Okafor,Skyler Cohen,TAG-1448,Data Analyst,,,,,Gamma,,,,LOT-8169,skyler.cohen@demomail.test,,,,Active,100286,,100053,,100535,,,,,100038,,,Standard,100133,,,Beta,,,,mei.ashby@demomail.test,morgan.garcia@examplecorp.test,Quarterly Newsletter,100332,Lakeside Industries Inc,,100139,,,,,,,101819,,,,,
100699,Contact,104409,casey.whitfield@acme-fake.test,Taylor Ashby,2024-05-04 11:57:00,skyler.ford@demomail.test,Quinn Costa,2025-10-31 10:16:00,marco.ford@examplecorp.test,Yara Whitfield,2023-07-25 21:49:00,jordan.cohen@sampleco.test,Alex Sato,2024-10-16 04:31:00,Y,Jordan Reyes,Reese Cohen,Elena Cohen,REF-9483,Accountant,,,,,,,,,SKU-9509,elena.cohen@acme-fake.test,,,,Active,100271,100639,100542,,,,,,,,,100067,Beta,100585,,,Standard,100236,100460,,marco.rossi@demomail.test,sofia.silva@sampleco.test,Quarterly Newsletter,100183,Vertex Systems LLP,,100420,,,,4,,,101821,,,,N,N
100466,Contact,104411,drew.silva@acme-fake.test,Priya Costa,2023-07-30 11:18:00,taylor.brooks@examplecorp.test,Omar Patel,2023-07-20 06:55:00,morgan.costa@examplecorp.test,Sofia Ivanov,2024-01-06 04:56:00,quinn.cohen@demomail.test,Nina Nguyen,2025-11-23 06:32:00,Y,Skyler Reyes,Riley Reyes,Chen Haddad,,Project Manager,,,Alpha,,,,,,SKU-3067,chen.haddad@acme-fake.test,,,,Active,100688,100469,100046,100550,100552,,,,,100103,,100587,Other,100352,,,Delta,,,,jordan.vance@examplecorp.test,morgan.kim@demomail.test,Product Update,100771,Brightpath Retail Co,Standard,100478,,,,,,,,,,,N,
100365,Contact,104413,fatima.sato@demomail.test,Fatima Calder,2023-08-06 22:30:00,arjun.costa@sampleco.test,Omar Mercer,2026-01-21 20:52:00,sofia.mercer@sampleco.test,Emerson Patel,2026-03-13 15:42:00,nina.haddad@demomail.test,Aisha Ford,2024-12-21 22:43:00,N,Noah Ashby,Aisha Rossi,Marco Blake,SKU-5249,Support Specialist,,,,,,,,,LOT-7557,marco.blake@acme-fake.test,,,,Inactive,,,100418,,100713,,,,,,,,Other,100434,,,Other,100214,100178,,diego.mensah@examplecorp.test,priya.reyes@examplecorp.test,Product Update,100726,Horizon Labs Group,Gamma,,,,,,,,,,,,Y,
100226,Contact,104416,sofia.ford@demomail.test,Diego Kim,2024-03-19 01:15:00,emerson.patel@examplecorp.test,Riley Vance,2025-03-03 14:47:00,avery.calder@demomail.test,Reese Mensah,2023-11-19 07:38:00,aisha.nguyen@acme-fake.test,Omar Calder,2023-03-13 00:08:00,Y,Nina Ivanov,Casey Vance,Diego Mensah,SKU-3269,Marketing Coordinator,,,,Beta,,,,,REF-3940,diego.mensah@acme-fake.test,,,,Active,,,100407,,,,,,,100400,,,Standard,100759,,,,100468,,,noah.okafor@demomail.test,reese.vance@demomail.test,Event Invite,100634,,Other,100371,,,,,,,101857,,,,,
100493,Contact,104418,arjun.rossi@demomail.test,Aisha Mensah,2024-01-30 13:23:00,nina.costa@acme-fake.test,Fatima Silva,2025-01-26 19:10:00,mei.sloan@demomail.test,Omar Dorsey,2025-10-28 10:22:00,liam.blake@sampleco.test,Arjun Haddad,2022-12-21 21:20:00,Y,Elena Mensah,Yara Patel,Casey Patel,TAG-6370,Recruiter,,,,,,,,,TAG-3111,casey.patel@acme-fake.test,,,,Active,,,100514,100263,100741,,,,,100739,,100470,Beta,100067,,,Delta,,100229,,fatima.costa@acme-fake.test,quinn.ashby@sampleco.test,Product Update,100689,Summit Financial Inc,,,,,,6,,,,,,,Y,Y
100193,Contact,104420,skyler.ivanov@acme-fake.test,Quinn Dorsey,2023-10-03 17:43:00,noah.mercer@examplecorp.test,Alex Mensah,2026-02-09 06:19:00,taylor.larsson@examplecorp.test,Aisha Okafor,2022-11-09 23:40:00,priya.ivanov@sampleco.test,Sofia Ford,2023-02-22 20:25:00,N,Fatima Kim,Nina Whitfield,Reese Patel,TAG-9589,Support Specialist,,LOT-4119,,,,,,,TAG-1341,reese.patel@examplecorp.test,,,,Inactive,100026,100303,100003,,100528,,,,,,,,Other,100634,,,Alpha,100516,,,alex.okafor@demomail.test,fatima.haddad@acme-fake.test,Re-engagement,100142,Cobalt Retail LLP,,,,,,,,,,N,,,N,
100239,Contact,104422,taylor.okafor@acme-fake.test,Marco Blake,2023-03-02 14:13:00,emerson.garcia@sampleco.test,Elena Ivanov,2026-07-07 15:21:00,avery.vance@examplecorp.test,Marco Okafor,2025-02-13 13:47:00,taylor.blake@demomail.test,Noah Ford,2022-11-14 15:03:00,Y,Diego Reyes,Taylor Kim,Casey Ivanov,TAG-2002,Software Developer,,,,,,,,SKU-5514,REF-5863,casey.ivanov@sampleco.test,,,,Active,100648,100005,100328,,,,,,,100673,,,Alpha,100009,,,Gamma,100094,,,jordan.ashby@acme-fake.test,riley.vance@acme-fake.test,Product Update,100791,Lakeside Networks Inc,Alpha,100551,,,,3,,,101836,,,,,
100787,Contact,104423,chen.calder@demomail.test,Omar Cohen,2025-07-20 04:49:00,drew.vance@demomail.test,Emerson Cohen,2025-02-04 05:06:00,taylor.silva@acme-fake.test,Mei Patel,2026-02-04 20:49:00,jordan.sloan@examplecorp.test,Casey Rossi,2025-04-02 07:44:00,Y,Drew Brooks,Nina Whitfield,Diego Nguyen,REF-7199,Customer Success Manager,,REF-2929,,,,,,,SKU-9134,diego.nguyen@acme-fake.test,,,,Active,100545,100516,100378,100016,100278,,,,,,,100194,Delta,100648,,,Delta,100003,100785,,arjun.blake@demomail.test,diego.silva@examplecorp.test,Event Invite,100468,,,100399,,,,,,,101830,,,,,
100441,Contact,104425,quinn.dorsey@acme-fake.test,Rowan Garcia,2025-08-04 17:55:00,emerson.mercer@examplecorp.test,Rowan Silva,2025-05-13 14:06:00,avery.mercer@demomail.test,Mei Rossi,2025-06-15 06:03:00,noah.garcia@examplecorp.test,Noah Dorsey,2022-12-04 20:17:00,Y,Emerson Sato,Omar Calder,Mei Okafor,SKU-7508,Bookkeeper,,,,,,LOT-3374,,TAG-7338,SKU-5805,mei.okafor@demomail.test,,,,Active,100096,,100545,100457,,,,,,100476,,100106,Alpha,100191,,,,,,,taylor.ashby@sampleco.test,taylor.calder@sampleco.test,Renewal Nudge,100651,Keystone Health Inc,Delta,,,,,,,,,,,,,
100328,Contact,104428,chen.ford@demomail.test,Chen Kim,2024-05-16 10:11:00,rahul.nguyen@sampleco.test,Jamie Reyes,2024-11-10 22:40:00,avery.okafor@demomail.test,Sofia Whitfield,2023-06-23 16:19:00,chen.cohen@acme-fake.test,Sofia Garcia,2026-05-17 06:04:00,Y,Alex Ford,Sofia Ford,Reese Sato,TAG-6391,Data Analyst,,,,,,,,REF-1659,SKU-5467,reese.sato@acme-fake.test,,,,Active,100387,,100026,100418,100065,,,,,100476,,,Gamma,100389,,,Gamma,,,,riley.ivanov@demomail.test,diego.mensah@sampleco.test,Renewal Nudge,100415,,,100067,,,,,,,101821,,,,,
100647,Contact,104431,marco.calder@demomail.test,Mei Ashby,2022-11-26 06:40:00,reese.cohen@acme-fake.test,Riley Mercer,2022-12-20 03:21:00,morgan.mercer@acme-fake.test,Priya Larsson,2022-10-15 00:59:00,yara.larsson@sampleco.test,Elena Cohen,2025-04-17 03:05:00,Y,Taylor Mercer,Taylor Brooks,Casey Whitfield,LOT-2450,Recruiter,,SKU-6382,,,,,,,TAG-1126,casey.whitfield@sampleco.test,,,,Active,100152,100215,100688,,,,,,,,,,Standard,100608,,,Standard,,100125,,liam.brooks@demomail.test,omar.calder@examplecorp.test,Product Update,100203,Atlas Textiles Ltd,Beta,100153,,,4,6,,,101825,,,,Y,
100389,Contact,104432,yara.brooks@sampleco.test,Quinn Blake,2024-02-05 23:23:00,yara.reyes@acme-fake.test,Morgan Blake,2026-07-09 17:12:00,taylor.kim@acme-fake.test,Priya Brooks,2026-05-28 10:03:00,rowan.patel@demomail.test,Taylor Vance,2023-09-13 12:32:00,Y,Morgan Mensah,Quinn Costa,Diego Whitfield,LOT-3041,HR Generalist,,,,,,,,TAG-6900,SKU-7642,diego.whitfield@examplecorp.test,,,,Active,,100673,100328,100587,100130,,,,,100087,,100269,Other,100231,,,Gamma,,100332,,reese.ivanov@demomail.test,jordan.patel@acme-fake.test,Event Invite,100418,Lakeside Ventures LLP,,,,,,,,,,,,,Y,
100246,Contact,104435,quinn.ford@acme-fake.test,Drew Mercer,2023-06-25 08:57:00,arjun.larsson@examplecorp.test,Emerson Calder,2026-05-03 07:30:00,omar.ford@examplecorp.test,Arjun Cohen,2023-05-24 04:50:00,aisha.rossi@acme-fake.test,Reese Sato,2022-11-15 09:48:00,Y,Liam Calder,Liam Ivanov,Mei Larsson,REF-6561,Software Developer,,,,,Other,,,,REF-7259,mei.larsson@sampleco.test,,,,Active,,100003,100740,,100751,,,,,,,100315,Other,100120,,N,Other,100599,100606,,yara.sloan@examplecorp.test,reese.okafor@demomail.test,Quarterly Newsletter,100118,Everest Analytics Inc,,,,,,,,,,,,,Y,
100640,Contact,104437,omar.sloan@examplecorp.test,Rahul Garcia,2024-08-03 16:17:00,emerson.ivanov@examplecorp.test,Chen Garcia,2022-10-12 20:21:00,priya.haddad@demomail.test,Mei Dorsey,2022-12-15 07:08:00,rowan.silva@acme-fake.test,Arjun Patel,2025-05-30 05:40:00,Y,Chen Blake,Chen Sato,Quinn Sato,REF-8633,Recruiter,,,,,,,,LOT-9987,LOT-7632,quinn.sato@acme-fake.test,,,,Active,,,100713,100128,100383,,,,,,,100119,Other,100414,,,Beta,100054,,,sofia.cohen@sampleco.test,aisha.garcia@examplecorp.test,Event Invite,100548,,Beta,,,,3,,,,101831,,,,,
100471,Contact,104438,elena.reyes@demomail.test,Rowan Mensah,2023-01-23 12:18:00,avery.whitfield@sampleco.test,Fatima Cohen,2022-10-01 06:06:00,sofia.haddad@sampleco.test,Taylor Larsson,2025-07-31 01:48:00,casey.vance@acme-fake.test,Alex Dorsey,2024-04-23 03:46:00,N,Sofia Garcia,Elena Okafor,Noah Ivanov,LOT-1861,Operations Associate,,,,,,,,,TAG-1895,noah.ivanov@examplecorp.test,,,,Inactive,100082,100035,100451,100273,100053,,,,,,,,Beta,100300,,,,100496,,,chen.rossi@sampleco.test,jordan.costa@demomail.test,Renewal Nudge,100055,,Delta,100112,,,,,,,101840,,,,,
100267,Contact,104441,marco.whitfield@sampleco.test,Nina Larsson,2022-11-15 02:09:00,avery.garcia@sampleco.test,Emerson Reyes,2024-08-17 18:52:00,riley.patel@acme-fake.test,Alex Silva,2023-04-22 15:43:00,rowan.whitfield@acme-fake.test,Rahul Blake,2026-07-15 05:13:00,Y,Quinn Haddad,Sofia Kim,Jamie Ivanov,REF-8813,Marketing Coordinator,,,,Alpha,,,,,LOT-4271,jamie.ivanov@demomail.test,,,,Active,100117,,100264,100790,,SKU-4622,,,,,,100498,Gamma,100448,,,Standard,,100120,,elena.cohen@acme-fake.test,jamie.vance@demomail.test,Product Update,100089,Vertex Solutions Co,Standard,100787,,,,,,,101836,,,,Y,
100576,Contact,104442,jamie.sato@examplecorp.test,Reese Silva,2023-05-09 09:51:00,rowan.cohen@demomail.test,Morgan Dorsey,2026-06-05 02:38:00,priya.mercer@sampleco.test,Rowan Vance,2023-06-09 14:58:00,arjun.nguyen@demomail.test,Diego Larsson,2025-07-08 17:59:00,Y,Rahul Nguyen,Fatima Ashby,Priya Larsson,,Operations Associate,,,,,Gamma,,,,SKU-8675,priya.larsson@demomail.test,,,,Active,100369,100469,100468,100771,100204,REF-7117,,,,,,100467,Gamma,100751,,,Standard,100042,100112,,noah.blake@sampleco.test,diego.ford@demomail.test,Event Invite,100273,,,,,,,,,,101815,,,,N,
100558,Contact,104445,noah.sloan@examplecorp.test,Riley Blake,2024-04-09 08:27:00,jordan.garcia@acme-fake.test,Rahul Sato,2025-06-08 05:09:00,fatima.larsson@sampleco.test,Mei Ivanov,2026-02-20 10:15:00,alex.rossi@acme-fake.test,Noah Larsson,2025-02-04 11:36:00,Y,Avery Blake,Liam Calder,Marco Blake,SKU-8710,QA Engineer,,,,,,,,,LOT-8862,marco.blake@acme-fake.test,,,,Active,100490,,100538,100332,100182,,,,,,,,Alpha,100335,,N,,100470,100745,,sofia.nguyen@acme-fake.test,casey.mensah@acme-fake.test,Event Invite,100759,Summit Group,Delta,100314,,,,,,,101883,,,,N,
100330,Contact,104447,elena.dorsey@examplecorp.test,Taylor Mercer,2022-10-25 09:31:00,alex.mensah@examplecorp.test,Rowan Calder,2024-05-10 00:00:00,liam.brooks@sampleco.test,Chen Vance,2025-03-06 13:35:00,sofia.garcia@examplecorp.test,Fatima Costa,2023-05-25 22:24:00,Y,Rahul Garcia,Morgan Vance,Priya Ford,REF-3264,Recruiter,,,,,,,,,TAG-8081,priya.ford@sampleco.test,,,,Active,,,100403,100732,100691,TAG-6528,,,,100023,,,Other,100476,,,Standard,,,,arjun.mensah@sampleco.test,nina.larsson@examplecorp.test,Product Update,100188,,Delta,100415,,,,,,,,,,,,
100322,Contact,104449,sofia.silva@examplecorp.test,Yara Dorsey,2025-01-27 19:14:00,skyler.blake@acme-fake.test,Morgan Brooks,2025-04-26 04:08:00,marco.calder@examplecorp.test,Avery Vance,2023-06-11 12:43:00,aisha.mercer@acme-fake.test,Priya Nguyen,2026-04-24 07:51:00,Y,Yara Ivanov,Avery Calder,Riley Larsson,REF-9066,Bookkeeper,,,,,,,,,REF-7570,riley.larsson@examplecorp.test,,,,Active,,100650,100791,100348,,,,,,,,100495,Beta,100545,,,Beta,100659,,,drew.ashby@acme-fake.test,avery.ford@demomail.test,Event Invite,100140,Keystone Dynamics Co,,100220,,,,,,,,,,,N,
100784,Contact,104452,taylor.kim@examplecorp.test,Emerson Mercer,2026-03-29 05:18:00,omar.ford@demomail.test,Jamie Mensah,2024-12-15 18:32:00,skyler.costa@examplecorp.test,Quinn Okafor,2025-05-18 11:20:00,fatima.mensah@sampleco.test,Elena Calder,2023-06-22 06:27:00,N,Sofia Ashby,Morgan Ford,Taylor Sloan,SKU-9972,Operations Associate,,,,,,,,TAG-9930,SKU-3079,taylor.sloan@demomail.test,,,,Inactive,100651,,100264,,100462,,,,,,,100745,Alpha,100761,,,Alpha,100299,,,rowan.haddad@examplecorp.test,mei.sloan@demomail.test,Product Update,100229,,,,,,,,,,101871,N,,,Y,
100168,Contact,104454,priya.larsson@demomail.test,Quinn Ashby,2023-04-25 11:14:00,emerson.calder@examplecorp.test,Emerson Ashby,2024-06-02 16:57:00,rowan.larsson@sampleco.test,Diego Kim,2024-07-15 07:09:00,alex.sato@demomail.test,Skyler Reyes,2023-11-06 16:47:00,Y,Reese Silva,Avery Garcia,Rowan Silva,LOT-7014,Customer Success Manager,,,,Gamma,,,,LOT-8825,TAG-1947,rowan.silva@sampleco.test,,,,Active,100149,100784,100145,100123,100535,,,,,100739,,,Delta,100458,,,Gamma,100317,,,jordan.larsson@sampleco.test,omar.reyes@acme-fake.test,Renewal Nudge,100191,Ironwood Robotics LLC,Alpha,100385,,,,8,,,101834,,,,,
100538,Contact,104456,emerson.haddad@demomail.test,Arjun Ivanov,2025-01-30 08:59:00,drew.silva@demomail.test,Liam Haddad,2023-06-30 22:40:00,omar.mensah@acme-fake.test,Taylor Mensah,2024-05-23 14:46:00,rowan.cohen@sampleco.test,Omar Mensah,2025-03-04 10:24:00,Y,Elena Ivanov,Aisha Ivanov,Quinn Mensah,LOT-5441,Project Manager,,,,,,REF-2837,,,REF-2815,quinn.mensah@acme-fake.test,,,,Active,100071,,100469,,,,,,,100168,,,Gamma,100469,,,,,100765,,alex.whitfield@sampleco.test,elena.dorsey@demomail.test,Product Update,100286,Summit Holdings LLC,,,,,,,,,,,,,N,
100528,Contact,104457,arjun.mercer@examplecorp.test,Yara Sloan,2023-12-04 03:55:00,rowan.dorsey@demomail.test,Noah Rossi,2022-12-06 14:05:00,rowan.costa@acme-fake.test,Noah Costa,2023-08-25 08:29:00,casey.calder@sampleco.test,Elena Silva,2023-07-15 06:15:00,Y,Noah Silva,Riley Garcia,Jordan Sato,REF-9763,QA Engineer,,,,,,,,,SKU-7214,jordan.sato@demomail.test,,,,Active,100205,100699,100119,,100119,,,,,100582,,100717,Other,100638,,,Delta,100475,100554,,quinn.garcia@acme-fake.test,elena.haddad@acme-fake.test,Renewal Nudge,100432,Meridian Partners Ltd,,100758,,,,,,,,,,,,
100183,Contact,104459,marco.rossi@acme-fake.test,Mei Cohen,2024-03-15 11:13:00,rowan.sloan@demomail.test,Fatima Haddad,2023-12-12 21:11:00,arjun.okafor@examplecorp.test,Liam Garcia,2024-08-29 07:38:00,marco.dorsey@examplecorp.test,Riley Silva,2025-01-20 16:22:00,Y,Elena Kim,Quinn Cohen,Alex Okafor,,Operations Associate,,,,,,,,,SKU-3791,alex.okafor@acme-fake.test,,,,Active,100460,,100525,100585,,,,,,100215,,,Gamma,100514,,,Standard,100570,,,marco.okafor@sampleco.test,fatima.sato@examplecorp.test,Renewal Nudge,100436,,Beta,100115,,,,,,,101865,,,,,
100770,Contact,104462,riley.haddad@acme-fake.test,Quinn Nguyen,2025-09-04 01:37:00,sofia.calder@sampleco.test,Arjun Brooks,2025-01-15 04:15:00,taylor.dorsey@examplecorp.test,Liam Larsson,2022-11-28 18:06:00,jamie.nguyen@examplecorp.test,Yara Mensah,2023-05-25 18:00:00,Y,Casey Nguyen,Morgan Patel,Liam Sato,SKU-1178,Data Analyst,,,,,,,,,LOT-9653,liam.sato@examplecorp.test,,,,Active,100525,100775,100784,,100522,,,,,,,100137,Delta,100470,,,Standard,100640,100404,,fatima.okafor@acme-fake.test,morgan.nguyen@acme-fake.test,Quarterly Newsletter,100548,Delta Systems Co,Gamma,,,,,,,,,,,,,
100359,Contact,104463,elena.rossi@acme-fake.test,Quinn Calder,2025-10-19 14:43:00,yara.larsson@examplecorp.test,Noah Costa,2025-04-01 01:41:00,emerson.rossi@sampleco.test,Marco Ivanov,2025-02-21 06:29:00,drew.ivanov@acme-fake.test,Taylor Sato,2025-12-23 07:35:00,Y,Alex Whitfield,Liam Brooks,Morgan Dorsey,REF-5147,Customer Success Manager,,,,,,,,,TAG-1921,morgan.dorsey@examplecorp.test,,,,Active,,,100648,100619,100658,,,,,,,100473,Beta,100632,,,,100178,100673,,sofia.blake@acme-fake.test,rowan.cohen@demomail.test,Event Invite,100516,Redwood Group,,100532,,,,,,,,Y,,,N,
100428,Contact,104465,aisha.kim@demomail.test,Alex Calder,2023-11-24 22:34:00,chen.blake@demomail.test,Riley Costa,2026-05-10 02:23:00,yara.silva@examplecorp.test,Chen Rossi,2024-11-04 15:54:00,nina.kim@acme-fake.test,Reese Reyes,2024-06-09 17:33:00,Y,Fatima Sloan,Jamie Okafor,Riley Calder,LOT-2601,Software Developer,,,,Gamma,Gamma,,,,REF-9217,riley.calder@demomail.test,,,,Active,100743,100396,100702,100147,,,,,,100366,,100335,Standard,100724,,Y,Gamma,100115,,,rahul.whitfield@sampleco.test,aisha.mensah@demomail.test,Re-engagement,100460,Falcon Manufacturing Corp,,100311,,,,,,,,,,,,N
100710,Contact,104466,emerson.rossi@acme-fake.test,Sofia Blake,2023-08-24 10:02:00,aisha.kim@demomail.test,Taylor Larsson,2026-01-14 06:03:00,emerson.ford@demomail.test,Rahul Cohen,2023-07-13 22:26:00,taylor.larsson@examplecorp.test,Avery Whitfield,2026-07-04 21:27:00,Y,Elena Mensah,Skyler Mercer,Omar Haddad,LOT-3220,Bookkeeper,,,,,,,,,REF-9300,omar.haddad@examplecorp.test,,,,Active,100737,100465,100040,100632,100632,,,,,100242,,100579,Gamma,100178,,,Standard,100476,100473,,emerson.whitfield@sampleco.test,aisha.silva@acme-fake.test,Quarterly Newsletter,100043,Cobalt Media Group,Gamma,100410,,,,,,,101862,,,,,
100462,Contact,104468,reese.cohen@acme-fake.test,Fatima Nguyen,2023-10-29 06:53:00,yara.nguyen@examplecorp.test,Quinn Larsson,2023-09-03 07:31:00,jordan.nguyen@demomail.test,Taylor Cohen,2023-10-05 22:36:00,reese.larsson@examplecorp.test,Chen Ford,2023-05-24 12:22:00,Y,Casey Cohen,Nina Okafor,Rowan Mercer,TAG-5925,Customer Success Manager,,LOT-2667,,,,,,,SKU-6289,rowan.mercer@sampleco.test,,,,Active,100700,100012,100257,,100181,,,,,100061,,100745,Standard,100647,,,,,,,taylor.calder@acme-fake.test,priya.dorsey@acme-fake.test,Event Invite,100741,,,100522,,,,,,,101817,,,,Y,
100121,Contact,104471,omar.patel@demomail.test,Diego Haddad,2023-02-17 07:00:00,mei.whitfield@demomail.test,Rahul Blake,2023-02-19 13:23:00,elena.okafor@demomail.test,Reese Garcia,2025-06-19 16:25:00,skyler.kim@acme-fake.test,Omar Mensah,2025-12-23 20:43:00,N,Riley Blake,Rahul Kim,Jordan Kim,TAG-9203,Marketing Coordinator,,,,,,,,SKU-5095,TAG-5421,jordan.kim@examplecorp.test,,,,Inactive,100786,,100468,100046,100650,,,,,,,,Alpha,100278,,,,,100512,,arjun.mercer@examplecorp.test,mei.whitfield@demomail.test,Re-engagement,100401,Blue Ridge Logistics LLP,Alpha,,,,,,,,,,,,N,
100211,Contact,104472,drew.sato@acme-fake.test,Rowan Blake,2024-06-25 23:29:00,jamie.ashby@sampleco.test,Priya Garcia,2025-05-30 07:12:00,yara.mensah@acme-fake.test,Elena Rossi,2026-04-20 15:28:00,reese.ashby@acme-fake.test,Emerson Whitfield,2025-12-16 04:01:00,N,Jamie Garcia,Avery Brooks,Jamie Larsson,SKU-2592,Executive Assistant,,,,,,,,REF-3125,REF-2735,jamie.larsson@examplecorp.test,,,,Inactive,,,100466,,100525,,,,,,,,Alpha,100699,,,Standard,100697,100774,,omar.whitfield@acme-fake.test,diego.dorsey@sampleco.test,Quarterly Newsletter,100142,,Other,,,,,,,,101849,Y,,,,
100094,Contact,104473,aisha.ivanov@sampleco.test,Casey Ashby,2023-02-08 18:33:00,fatima.mensah@acme-fake.test,Chen Dorsey,2026-06-20 03:55:00,drew.haddad@acme-fake.test,Drew Nguyen,2023-12-27 23:59:00,mei.haddad@sampleco.test,Emerson Ford,2023-05-15 23:06:00,Y,Chen Kim,Marco Mensah,Noah Reyes,REF-8824,Recruiter,,,,,,,,REF-4691,REF-7822,noah.reyes@examplecorp.test,,,,Active,,,100092,100466,,,,,,100386,,100714,Other,100311,,,Standard,,,,arjun.nguyen@demomail.test,nina.costa@examplecorp.test,Quarterly Newsletter,100665,Harbor Manufacturing Corp,Delta,100691,,,,,,,101858,,,,Y,
100439,Contact,104474,yara.silva@demomail.test,Drew Silva,2026-03-21 00:27:00,taylor.ivanov@acme-fake.test,Mei Mensah,2025-10-25 21:16:00,noah.dorsey@examplecorp.test,Liam Vance,2023-07-12 22:16:00,arjun.whitfield@demomail.test,Liam Mercer,2024-03-23 09:37:00,Y,Emerson Whitfield,Jamie Rossi,Priya Brooks,SKU-5373,Customer Success Manager,,REF-3453,,,,SKU-7619,7067,LOT-5347,TAG-3191,priya.brooks@examplecorp.test,,,,Active,,100640,100421,,,,,,,,,100522,Alpha,100629,,,Gamma,,100761,,diego.reyes@sampleco.test,riley.larsson@sampleco.test,Renewal Nudge,100438,Atlas Solutions Ltd,,100726,,,,,,,101816,,,,Y,
100139,Contact,104476,noah.blake@demomail.test,Morgan Okafor,2023-02-17 17:14:00,nina.ashby@sampleco.test,Nina Larsson,2025-10-23 12:57:00,mei.larsson@examplecorp.test,Liam Calder,2025-06-18 17:26:00,sofia.sloan@acme-fake.test,Avery Ford,2023-12-28 01:08:00,Y,Reese Calder,Mei Dorsey,Riley Nguyen,LOT-9373,Marketing Coordinator,,,,Standard,,,,,LOT-5907,riley.nguyen@examplecorp.test,,,,Active,,100208,100220,100246,100137,,,,,100694,,,Delta,100106,,N,Delta,,100263,,riley.rossi@demomail.test,riley.okafor@acme-fake.test,Re-engagement,100627,,Gamma,100009,,9,,,,,,N,,,,
100787,Contact,104479,riley.whitfield@examplecorp.test,Rahul Silva,2023-06-17 12:03:00,omar.ivanov@acme-fake.test,Chen Patel,2024-03-21 07:41:00,avery.sato@demomail.test,Liam Haddad,2024-07-02 15:21:00,liam.ashby@acme-fake.test,Yara Kim,2025-07-16 08:57:00,N,Rowan Ashby,Morgan Reyes,Quinn Reyes,TAG-5007,Support Specialist,,,,,,,,,LOT-8354,quinn.reyes@demomail.test,,,,Inactive,100673,,100089,100509,,,,,,100112,,,Alpha,100429,,,Beta,100043,100747,,taylor.dorsey@sampleco.test,taylor.mensah@sampleco.test,Event Invite,100446,Copper Labs Inc,Alpha,100683,,,,3,,,101889,,,,N,
100221,Contact,104481,morgan.haddad@acme-fake.test,Sofia Garcia,2025-05-30 16:41:00,sofia.calder@examplecorp.test,Rowan Okafor,2023-09-16 18:55:00,noah.whitfield@examplecorp.test,Skyler Reyes,2025-11-12 19:09:00,emerson.sato@acme-fake.test,Skyler Calder,2023-08-10 04:13:00,Y,Marco Silva,Riley Ashby,Alex Ford,REF-8416,Marketing Coordinator,,,,,,,,TAG-3991,LOT-1719,alex.ford@sampleco.test,,,,Active,100650,100566,100732,100181,,,,,,,,100438,Other,100188,,,Alpha,100664,100073,,diego.vance@sampleco.test,fatima.blake@acme-fake.test,Event Invite,100372,Evergreen Robotics LLP,Alpha,,,,,,,,101871,,,,,
100425,Contact,104483,liam.nguyen@sampleco.test,Noah Reyes,2024-06-01 02:32:00,reese.okafor@sampleco.test,Morgan Kim,2023-02-28 09:50:00,quinn.costa@demomail.test,Mei Rossi,2023-06-01 07:34:00,yara.mensah@acme-fake.test,Sofia Haddad,2024-11-02 13:24:00,Y,Avery Whitfield,Reese Haddad,Fatima Ford,REF-9987,HR Generalist,,,,,,,,SKU-3959,SKU-4131,fatima.ford@demomail.test,,,,Active,,,100650,100436,100311,,,,,,,100322,Alpha,100569,,,,100664,100226,,noah.costa@acme-fake.test,mei.nguyen@demomail.test,Renewal Nudge,100462,Cardinal Financial LLC,Standard,100569,,6,,,,,101849,,,,Y,
100392,Contact,104484,emerson.blake@acme-fake.test,Casey Rossi,2024-07-31 20:47:00,rahul.larsson@acme-fake.test,Nina Vance,2025-01-29 02:14:00,jamie.ashby@examplecorp.test,Omar Mercer,2025-02-15 10:59:00,mei.blake@examplecorp.test,Jamie Ivanov,2024-08-25 20:22:00,Y,Marco Silva,Noah Vance,Rahul Blake,LOT-9704,Project Manager,,,,,,,,,SKU-8490,rahul.blake@demomail.test,,,,Active,,,100247,100758,,,,,,100559,,100739,Standard,100576,,,Standard,100317,,,omar.sloan@examplecorp.test,yara.costa@acme-fake.test,Re-engagement,100185,Silverline Manufacturing Ltd,,,,,,,,,101878,N,,,,
100791,Contact,104487,skyler.larsson@demomail.test,Priya Ashby,2023-12-31 14:08:00,riley.haddad@sampleco.test,Riley Kim,2024-11-18 04:52:00,reese.vance@demomail.test,Noah Haddad,2025-08-18 03:00:00,fatima.ford@demomail.test,Avery Sato,2025-04-18 19:12:00,Y,Morgan Mensah,Emerson Larsson,Casey Reyes,SKU-5653,Support Specialist,,,,,,,,,TAG-8765,casey.reyes@examplecorp.test,,,,Active,100493,,100278,100392,,SKU-8218,,,,100776,,100756,Alpha,100162,,,,,,,morgan.patel@sampleco.test,aisha.haddad@demomail.test,Event Invite,100055,,Beta,,,,,,,,101800,,,,Y,
100226,Contact,104490,reese.mensah@sampleco.test,Fatima Costa,2024-09-23 09:48:00,chen.haddad@demomail.test,Sofia Larsson,2025-07-11 10:28:00,taylor.garcia@demomail.test,Priya Mercer,2025-05-05 08:45:00,fatima.mensah@demomail.test,Arjun Okafor,2026-05-04 07:54:00,Y,Fatima Rossi,Mei Rossi,Taylor Ivanov,SKU-6866,Data Analyst,,,,,,,,,SKU-4648,taylor.ivanov@demomail.test,,,,Active,100375,,100619,,100375,,,,,100700,,,Delta,100335,,,Alpha,100467,100380,,rowan.sato@examplecorp.test,casey.ashby@examplecorp.test,Re-engagement,100629,,,100211,,,,6,,,101873,,,,N,
100512,Contact,104493,aisha.sloan@examplecorp.test,Avery Blake,2025-07-16 22:39:00,alex.ford@sampleco.test,Riley Ford,2023-01-27 23:07:00,taylor.garcia@examplecorp.test,Casey Patel,2025-02-17 17:26:00,omar.ivanov@demomail.test,Emerson Dorsey,2024-08-29 23:45:00,N,Nina Vance,Alex Sato,Arjun Reyes,LOT-3882,Operations Associate,,,,,,,,,SKU-1697,arjun.reyes@demomail.test,,,,Inactive,100250,,100467,100007,100540,,,,,100022,,,Delta,100639,,,Other,100343,,,drew.sloan@acme-fake.test,elena.ivanov@sampleco.test,Re-engagement,100572,,Standard,,,,,,,,,,,,,
100068,Contact,104495,elena.cohen@acme-fake.test,Casey Costa,2024-11-12 04:25:00,reese.sato@examplecorp.test,Casey Ford,2025-05-02 17:16:00,jordan.garcia@examplecorp.test,Reese Calder,2025-06-12 23:15:00,yara.rossi@sampleco.test,Marco Dorsey,2023-08-23 15:11:00,Y,Nina Dorsey,Jamie Larsson,Taylor Patel,SKU-2448,QA Engineer,,,,,,,,SKU-4144,REF-2717,taylor.patel@examplecorp.test,,,,Active,,100061,100188,100205,100697,TAG-1580,,,,100077,,,Standard,100231,,,Standard,100330,,,jordan.blake@examplecorp.test,jordan.kim@examplecorp.test,Product Update,100263,Ironwood Energy LLP,,100606,,,,,,,101795,,,,N,
100472,Contact,104498,reese.vance@sampleco.test,Arjun Cohen,2025-03-28 17:02:00,jordan.garcia@demomail.test,Yara Costa,2025-07-18 06:17:00,casey.larsson@sampleco.test,Nina Whitfield,2025-03-09 03:13:00,chen.blake@examplecorp.test,Yara Ashby,2025-10-14 01:39:00,Y,Liam Mercer,Riley Vance,Emerson Blake,TAG-6834,Data Analyst,,,,,,,,,REF-2469,emerson.blake@acme-fake.test,,,,Active,100776,100096,100415,100469,,TAG-5912,,,,,,100053,Delta,100613,,,Other,100196,100398,,quinn.nguyen@sampleco.test,fatima.vance@acme-fake.test,Renewal Nudge,100288,Brightpath Analytics Corp,Standard,,,,2,,,,101849,,,,,
100128,Contact,104500,emerson.mensah@examplecorp.test,Morgan Patel,2025-07-03 02:51:00,mei.reyes@acme-fake.test,Fatima Cohen,2025-08-04 15:25:00,diego.cohen@acme-fake.test,Jamie Calder,2025-04-30 02:03:00,morgan.okafor@acme-fake.test,Skyler Garcia,2022-10-03 12:12:00,Y,Priya Brooks,Quinn Ford,Yara Sloan,REF-2152,Recruiter,,,,,,SKU-7905,,REF-5352,LOT-4119,yara.sloan@acme-fake.test,,,,Active,100161,100579,100559,,100428,,,,,100273,,,Beta,100465,,Y,,,100121,,alex.nguyen@sampleco.test,chen.sloan@demomail.test,Re-engagement,100718,,,,,,,7,,,101886,,,,N,
100357,Contact,104501,elena.vance@demomail.test,Jordan Calder,2023-06-06 04:10:00,nina.brooks@examplecorp.test,Fatima Brooks,2025-11-03 15:46:00,rahul.ivanov@sampleco.test,Casey Dorsey,2023-03-20 19:51:00,omar.blake@acme-fake.test,Yara Mercer,2023-01-14 17:43:00,Y,Yara Ivanov,Marco Mercer,Quinn Brooks,SKU-5738,Executive Assistant,,,,,,,,,LOT-2396,quinn.brooks@sampleco.test,,,,Active,,100538,100359,100718,100650,,,,,100656,,100120,Other,100298,,,Gamma,100606,,,rowan.vance@acme-fake.test,sofia.larsson@demomail.test,Product Update,100393,,Standard,100065,,,,,,,101861,,,,,
100660,Contact,104504,noah.blake@demomail.test,Marco Whitfield,2024-07-20 12:23:00,chen.dorsey@demomail.test,Mei Dorsey,2023-12-03 15:13:00,taylor.garcia@examplecorp.test,Chen Whitfield,2026-02-09 03:40:00,marco.garcia@examplecorp.test,Diego Costa,2024-08-20 16:45:00,N,Liam Haddad,Noah Costa,Mei Ashby,SKU-1623,Software Developer,,LOT-6856,,,,,,LOT-7690,TAG-3542,mei.ashby@sampleco.test,,,,Inactive,,,100253,100281,100551,,,,,100352,,100123,Beta,100042,,Y,Other,,,,alex.cohen@demomail.test,emerson.okafor@examplecorp.test,Event Invite,100033,Redwood Robotics Co,Other,100026,,,,,,,,,,,,
100697,Contact,104505,reese.patel@sampleco.test,Mei Haddad,2024-02-07 10:34:00,emerson.cohen@demomail.test,Jamie Mercer,2024-12-31 08:20:00,quinn.sato@examplecorp.test,Skyler Sloan,2025-01-18 04:51:00,alex.silva@sampleco.test,Skyler Cohen,2024-04-14 01:50:00,Y,Noah Brooks,Yara Whitfield,Avery Haddad,SKU-8551,Financial Analyst,,,,,,,,,REF-1366,avery.haddad@sampleco.test,,,,Active,100405,100305,100434,100349,100564,,,,,,,100050,Beta,100782,,Y,Standard,,100343,,diego.costa@demomail.test,mei.rossi@acme-fake.test,Quarterly Newsletter,100429,,,,,0,,,,,101813,,,,,
100476,Contact,104507,elena.dorsey@sampleco.test,Casey Dorsey,2026-06-29 00:58:00,emerson.ashby@examplecorp.test,Rahul Nguyen,2025-11-19 07:35:00,rowan.reyes@examplecorp.test,Riley Reyes,2024-07-22 01:50:00,fatima.nguyen@examplecorp.test,Noah Brooks,2024-12-11 20:55:00,Y,Mei Sato,Rahul Whitfield,Skyler Haddad,SKU-8220,Financial Analyst,,,,,,REF-1801,,,TAG-9316,skyler.haddad@examplecorp.test,,,,Active,100466,,100691,100120,100664,,,,,100009,,100330,Gamma,100038,,,Gamma,100551,100082,,quinn.larsson@acme-fake.test,omar.reyes@examplecorp.test,Event Invite,100071,,,100726,,,,,,,101881,,,,N,
100007,Contact,104509,priya.ivanov@examplecorp.test,Morgan Ashby,2026-06-29 10:55:00,mei.whitfield@sampleco.test,Arjun Reyes,2024-09-10 14:29:00,chen.silva@sampleco.test,Skyler Blake,2023-04-23 11:48:00,arjun.brooks@sampleco.test,Yara Mensah,2024-11-12 22:37:00,Y,Sofia Brooks,Rowan Cohen,Casey Dorsey,LOT-3166,Marketing Coordinator,,REF-2211,,,,,,,LOT-6751,casey.dorsey@acme-fake.test,,,,Active,,,100046,,100117,,,,,100055,,100596,Other,100385,,,Alpha,100453,100405,,reese.haddad@acme-fake.test,nina.dorsey@demomail.test,Product Update,100487,,Other,100007,,,,,,,101870,,,,,
100147,Contact,104512,riley.blake@examplecorp.test,Nina Blake,2022-10-16 22:10:00,reese.silva@demomail.test,Aisha Haddad,2023-02-26 15:30:00,liam.blake@demomail.test,Avery Blake,2023-08-19 02:06:00,riley.patel@examplecorp.test,Omar Brooks,2026-04-30 17:08:00,N,Noah Sato,Diego Kim,Jamie Reyes,SKU-2791,Project Manager,,,,Alpha,,,,,LOT-1534,jamie.reyes@examplecorp.test,,,,Inactive,,100634,100153,,100572,LOT-6741,,,,100659,,,Gamma,100204,,,Alpha,,100759,,arjun.garcia@acme-fake.test,jamie.garcia@demomail.test,Event Invite,100449,,Other,100548,,,,6,,,101807,,,,N,
100229,Contact,104515,fatima.ford@acme-fake.test,Quinn Larsson,2026-03-26 05:44:00,skyler.ashby@sampleco.test,Aisha Silva,2023-08-06 12:20:00,rowan.mensah@examplecorp.test,Mei Dorsey,2023-02-23 12:05:00,drew.blake@demomail.test,Liam Costa,2025-10-27 14:02:00,Y,Jordan Ivanov,Yara Okafor,Rowan Whitfield,LOT-1943,Operations Associate,,,,,Alpha,,,,LOT-5616,rowan.whitfield@demomail.test,,,,Active,100438,100484,100514,,100399,,,,,,,100665,Other,100014,,,,,100554,,chen.mensah@demomail.test,avery.vance@demomail.test,Event Invite,100650,,,100691,,,,,,,,,,,,N
100147,Contact,104518,casey.sato@acme-fake.test,Rowan Ashby,2025-04-04 20:51:00,fatima.cohen@examplecorp.test,Aisha Okafor,2024-10-31 16:53:00,emerson.patel@examplecorp.test,Skyler Patel,2024-09-25 13:08:00,jordan.garcia@examplecorp.test,Rowan Mercer,2023-11-06 08:32:00,N,Taylor Brooks,Rowan Nguyen,Priya Mensah,LOT-7323,Project Manager,,,,,,,,,REF-1106,priya.mensah@examplecorp.test,,,,Inactive,100174,100762,100519,100410,100219,,,,,100572,,,Gamma,100700,,,Alpha,100086,,,diego.dorsey@demomail.test,jamie.kim@demomail.test,Event Invite,100172,,,,,,,,,,101816,,,,,
100680,Contact,104519,alex.sato@sampleco.test,Elena Sloan,2023-05-01 11:10:00,yara.mensah@acme-fake.test,Diego Reyes,2023-01-23 10:06:00,marco.rossi@examplecorp.test,Mei Ashby,2023-10-03 12:52:00,rowan.nguyen@examplecorp.test,Riley Kim,2025-12-02 23:29:00,Y,Riley Cohen,Taylor Kim,Casey Cohen,SKU-6154,Software Developer,,,,,,,,,TAG-2409,casey.cohen@sampleco.test,,,,Active,100061,100726,100315,100599,100554,,,,,,,,Beta,100118,,,,100332,100133,,chen.patel@sampleco.test,marco.sloan@sampleco.test,Re-engagement,100188,Granite Robotics Inc,Standard,100658,,,,,,,,,,,Y,
100046,Contact,104522,marco.mensah@examplecorp.test,Marco Garcia,2026-01-30 18:14:00,alex.calder@examplecorp.test,Elena Okafor,2025-08-07 22:08:00,rowan.vance@sampleco.test,Fatima Garcia,2023-09-21 14:59:00,drew.okafor@demomail.test,Omar Blake,2026-05-30 13:30:00,Y,Nina Larsson,Arjun Rossi,Omar Larsson,SKU-3334,Accountant,,,,,,,,,LOT-4790,omar.larsson@demomail.test,,,,Active,,,100768,,,,,,,100786,,100535,Other,100652,,,Beta,100645,,,jamie.cohen@demomail.test,aisha.cohen@demomail.test,Quarterly Newsletter,100400,Granite Manufacturing Group,Delta,100332,,2,,,,,,,,,Y,
100224,Contact,104523,diego.brooks@demomail.test,Aisha Vance,2024-06-08 16:27:00,reese.mensah@sampleco.test,Diego Larsson,2025-11-28 10:11:00,rowan.vance@examplecorp.test,Nina Ashby,2023-10-01 10:05:00,mei.mercer@acme-fake.test,Alex Nguyen,2023-12-10 18:08:00,N,Nina Ford,Fatima Mercer,Priya Silva,TAG-6407,HR Generalist,,,,Alpha,,,,LOT-7238,SKU-3343,priya.silva@sampleco.test,,,,Inactive,100590,,100386,100165,100277,,,,,,,100405,Beta,100771,,,Standard,,100791,,reese.haddad@demomail.test,taylor.dorsey@acme-fake.test,Renewal Nudge,100269,Keystone Manufacturing LLC,,100040,,,,,,,,,,,Y,
100638,Contact,104524,aisha.okafor@sampleco.test,Sofia Nguyen,2024-05-05 06:24:00,taylor.mensah@acme-fake.test,Skyler Dorsey,2024-07-04 07:31:00,alex.silva@examplecorp.test,Alex Ivanov,2023-08-22 00:17:00,casey.calder@sampleco.test,Yara Garcia,2024-10-18 09:34:00,Y,Diego Rossi,Quinn Ford,Jordan Kim,TAG-5585,Executive Assistant,,,,,,,,REF-1404,SKU-5500,jordan.kim@acme-fake.test,,,,Active,100627,100574,100281,,100476,,,,,,,,Other,100273,,,Delta,100689,,,marco.mensah@demomail.test,reese.kim@examplecorp.test,Product Update,100140,Cardinal Retail Corp,,100454,,,,6,,,,,,,Y,
100236,Contact,104525,alex.ashby@demomail.test,Reese Patel,2025-12-26 14:27:00,fatima.okafor@acme-fake.test,Riley Ford,2024-11-11 17:42:00,mei.reyes@acme-fake.test,Liam Cohen,2025-02-14 06:29:00,priya.dorsey@examplecorp.test,Nina Sloan,2024-04-27 16:09:00,N,Riley Okafor,Morgan Cohen,Diego Vance,LOT-4054,Marketing Coordinator,,,,,,,,,LOT-8004,diego.vance@demomail.test,,,,Inactive,,100688,100445,100403,100199,,,,,100320,,100291,Gamma,100552,,,Other,,100382,,mei.whitfield@examplecorp.test,liam.larsson@demomail.test,Event Invite,100404,Blue Ridge Logistics LLP,Beta,100250,,,,,,,,,,,,
100555,Contact,104528,nina.ivanov@examplecorp.test,Taylor Dorsey,2022-10-02 04:31:00,mei.ashby@demomail.test,Taylor Whitfield,2026-05-11 15:27:00,reese.costa@examplecorp.test,Skyler Blake,2025-06-12 16:44:00,jamie.nguyen@sampleco.test,Skyler Sloan,2024-06-22 16:48:00,Y,Reese Larsson,Drew Silva,Noah Larsson,SKU-8235,Marketing Coordinator,,,,,,,,LOT-6023,TAG-7639,noah.larsson@examplecorp.test,,,,Active,,100328,100385,,100022,,,,,100278,,100714,Alpha,100007,,,Delta,100311,100300,,priya.ivanov@demomail.test,reese.nguyen@sampleco.test,Re-engagement,100507,Ironwood Holdings,Standard,100570,,,,,,,,,,,,
100371,Contact,104530,diego.vance@examplecorp.test,Yara Kim,2023-12-05 02:52:00,marco.kim@examplecorp.test,Arjun Patel,2023-10-10 15:55:00,omar.nguyen@examplecorp.test,Taylor Blake,2026-05-30 19:26:00,fatima.silva@acme-fake.test,Priya Garcia,2026-02-24 04:02:00,Y,Liam Rossi,Emerson Costa,Taylor Okafor,,Software Developer,,,,,Alpha,,,,SKU-7469,taylor.okafor@examplecorp.test,,,,Active,100200,,100596,100643,100328,,,,,,,,Delta,100140,,,Other,100561,100470,,morgan.silva@examplecorp.test,casey.rossi@acme-fake.test,Renewal Nudge,100217,,,100740,,,,,,,,,,,,
100123,Contact,104533,casey.rossi@sampleco.test,Chen Mercer,2023-08-08 04:10:00,quinn.garcia@demomail.test,Reese Sato,2025-06-14 13:51:00,arjun.ford@acme-fake.test,Fatima Haddad,2024-04-21 16:00:00,casey.brooks@demomail.test,Marco Sato,2026-05-27 03:11:00,N,Aisha Blake,Morgan Kim,Elena Mensah,REF-7679,Payroll Specialist,,,,,,,,,REF-9115,elena.mensah@acme-fake.test,,,,Inactive,100022,100454,100470,100697,100399,,,,,100599,,100493,Delta,100021,,,Beta,100640,100098,,marco.larsson@acme-fake.test,nina.cohen@acme-fake.test,Renewal Nudge,100315,Keystone Logistics Corp,Standard,100383,,,,,,,101870,,,,,
100073,Contact,104536,diego.larsson@sampleco.test,Quinn Ashby,2023-11-13 17:54:00,mei.rossi@sampleco.test,Alex Blake,2023-03-02 18:28:00,sofia.silva@sampleco.test,Nina Ashby,2025-08-10 14:24:00,emerson.reyes@examplecorp.test,Chen Mercer,2025-08-10 22:32:00,Y,Rowan Sato,Rahul Mercer,Rahul Cohen,REF-5700,Project Manager,,,,,,,,REF-8427,TAG-9250,rahul.cohen@examplecorp.test,,,,Active,100172,100774,100378,100596,,,,,,,,100267,Standard,100599,,,Standard,100528,,,liam.silva@examplecorp.test,marco.calder@acme-fake.test,Renewal Nudge,100683,Delta Logistics LLC,,100647,,,,,,,,,,,Y,
100468,Contact,104537,jamie.vance@examplecorp.test,Diego Okafor,2023-10-09 04:43:00,sofia.whitfield@sampleco.test,Jamie Kim,2022-10-08 18:29:00,jamie.garcia@examplecorp.test,Aisha Rossi,2025-07-22 23:36:00,sofia.haddad@acme-fake.test,Aisha Vance,2026-02-28 02:12:00,Y,Emerson Kim,Arjun Garcia,Drew Blake,SKU-2171,Software Developer,,,,,,,,,SKU-5942,drew.blake@sampleco.test,,,,Active,100188,100215,100214,100669,,,,,,100509,,100399,Gamma,100168,,,Standard,,100076,,morgan.okafor@acme-fake.test,sofia.nguyen@demomail.test,Re-engagement,100019,,,100616,,,,,,,,,,,,
100470,Contact,104538,arjun.ivanov@acme-fake.test,Liam Kim,2023-04-04 07:40:00,rahul.ashby@demomail.test,Avery Dorsey,2024-10-29 08:00:00,omar.kim@demomail.test,Aisha Mercer,2026-04-10 16:46:00,casey.rossi@demomail.test,Quinn Whitfield,2025-10-28 22:53:00,N,Arjun Calder,Rowan Patel,Diego Okafor,SKU-3257,HR Generalist,,,,,,,,,LOT-5261,diego.okafor@sampleco.test,,,,Inactive,100710,100578,100694,,,,,,,100118,,100540,Delta,100112,,,,,100134,,omar.ford@acme-fake.test,fatima.brooks@examplecorp.test,Quarterly Newsletter,100552,Atlas Group Group,Beta,,,,,,,,101792,,,,Y,
100645,Contact,104539,liam.mensah@sampleco.test,Aisha Kim,2024-01-11 12:48:00,noah.haddad@demomail.test,Diego Mercer,2025-02-07 00:13:00,diego.calder@demomail.test,Diego Ford,2026-06-13 20:46:00,fatima.dorsey@acme-fake.test,Morgan Haddad,2023-10-18 04:38:00,Y,Taylor Nguyen,Chen Kim,Nina Silva,TAG-7339,Payroll Specialist,,REF-6619,,,,,,LOT-7874,SKU-4468,nina.silva@demomail.test,,,,Active,100267,,100414,100787,,,,,,,,,Alpha,100252,,,Standard,,100739,,morgan.kim@acme-fake.test,chen.silva@sampleco.test,Re-engagement,100702,Ironwood Networks LLP,,,,,,,,,,,,,N,
100309,Contact,104540,taylor.okafor@demomail.test,Arjun Ivanov,2024-09-24 11:51:00,noah.sloan@examplecorp.test,Mei Mensah,2022-11-01 19:41:00,marco.sloan@acme-fake.test,Omar Garcia,2023-03-19 19:31:00,elena.nguyen@sampleco.test,Sofia Ivanov,2025-07-16 22:33:00,N,Liam Cohen,Nina Dorsey,Casey Larsson,REF-6136,Bookkeeper,,,,,,,,,TAG-8266,casey.larsson@acme-fake.test,,,,Inactive,,100643,100461,,100418,,,,,100071,,,Alpha,100288,,,Standard,,100062,,emerson.mensah@acme-fake.test,mei.nguyen@examplecorp.test,Product Update,100366,,Standard,100732,,,,1,,,101878,Y,,,,
100077,Contact,104543,drew.whitfield@sampleco.test,Elena Mensah,2025-11-25 17:08:00,aisha.reyes@demomail.test,Mei Whitfield,2026-07-08 02:22:00,nina.vance@examplecorp.test,Emerson Nguyen,2026-06-16 17:41:00,avery.sloan@acme-fake.test,Yara Mensah,2026-07-16 00:51:00,Y,Priya Calder,Liam Brooks,Emerson Brooks,LOT-9819,Bookkeeper,,,,,,,,,SKU-8450,emerson.brooks@demomail.test,,,,Active,,100043,100350,100278,,,,,,100330,,,Standard,100786,,,Beta,,,,noah.okafor@sampleco.test,reese.garcia@sampleco.test,Product Update,100389,Horizon Robotics Group,Standard,,,,,,,,,,,,,
100257,Contact,104546,omar.whitfield@examplecorp.test,Rahul Cohen,2025-12-31 23:15:00,rowan.kim@sampleco.test,Yara Haddad,2025-10-04 11:48:00,omar.patel@demomail.test,Arjun Sato,2024-06-22 14:16:00,quinn.silva@acme-fake.test,Riley Kim,2026-06-03 18:23:00,Y,Rahul Garcia,Yara Patel,Arjun Ford,SKU-7976,Payroll Specialist,,,,,,,,TAG-3551,TAG-7228,arjun.ford@sampleco.test,,,,Active,100645,100359,100139,,,,,,,,,,Alpha,100493,,,Beta,,100661,,rowan.mercer@demomail.test,chen.mercer@examplecorp.test,Renewal Nudge,100710,Vertex Group Corp,Delta,100639,,,,,,,,,,,N,
100525,Contact,104548,taylor.haddad@acme-fake.test,Jordan Silva,2025-10-04 01:14:00,diego.sloan@demomail.test,Priya Vance,2023-07-28 18:40:00,diego.silva@examplecorp.test,Riley Ashby,2025-05-05 08:26:00,jamie.calder@acme-fake.test,Alex Ivanov,2025-03-17 17:41:00,Y,Emerson Ivanov,Quinn Dorsey,Aisha Dorsey,SKU-4400,Marketing Coordinator,,,,,,,,REF-3513,REF-6754,aisha.dorsey@acme-fake.test,,,,Active,,100350,100525,,100073,,,,,100250,,,Other,100242,,,Gamma,,100438,,liam.costa@demomail.test,nina.cohen@sampleco.test,Event Invite,100604,,Standard,,,,,,,,101837,,,,Y,
100599,Contact,104550,priya.blake@acme-fake.test,Marco Kim,2024-05-07 03:46:00,jamie.cohen@acme-fake.test,Avery Costa,2024-11-18 22:12:00,sofia.nguyen@sampleco.test,Yara Kim,2023-11-27 09:16:00,priya.kim@sampleco.test,Quinn Mensah,2026-07-21 01:46:00,Y,Emerson Sato,Drew Ivanov,Liam Brooks,TAG-1302,Software Developer,,,,,,,,,REF-7806,liam.brooks@demomail.test,,,,Active,100405,,100103,100428,,,,,,,,100707,Other,100638,,,Other,,100269,,casey.brooks@demomail.test,elena.dorsey@examplecorp.test,Event Invite,100348,Atlas Solutions Group,Beta,,,,,,,,,,,,,
100438,Contact,104551,liam.rossi@demomail.test,Reese Sloan,2023-11-06 03:12:00,casey.rossi@examplecorp.test,Fatima Brooks,2026-07-19 14:18:00,fatima.mercer@sampleco.test,Fatima Haddad,2025-03-21 21:48:00,elena.nguyen@acme-fake.test,Aisha Kim,2024-02-23 07:04:00,Y,Mei Patel,Priya Kim,Alex Brooks,SKU-9211,Financial Analyst,,,Standard,,,LOT-7473,,SKU-8700,REF-6847,alex.brooks@sampleco.test,,,,Active,100392,100263,100203,100441,100188,,,,,,,,Standard,100753,,,Delta,,,,diego.blake@sampleco.test,liam.sato@acme-fake.test,Re-engagement,100700,,Other,100385,,,,,,,101888,,,,N,
100555,Contact,104554,skyler.larsson@demomail.test,Drew Reyes,2025-12-08 07:47:00,drew.nguyen@sampleco.test,Rahul Larsson,2024-12-17 01:11:00,chen.nguyen@demomail.test,Arjun Ashby,2024-06-01 02:21:00,priya.dorsey@sampleco.test,Fatima Larsson,2023-11-09 10:33:00,Y,Rahul Ivanov,Chen Whitfield,Mei Patel,TAG-3526,HR Generalist,,,,,,,,,TAG-6967,mei.patel@examplecorp.test,,,,Active,,100418,100495,100645,,LOT-8632,,,,100191,,,Gamma,100106,,,,100191,100643,,arjun.larsson@sampleco.test,liam.ashby@sampleco.test,Event Invite,100398,,Alpha,100516,,1,,,,,101873,,,,N,
100121,Contact,104557,alex.silva@acme-fake.test,Nina Silva,2025-06-18 05:46:00,casey.rossi@acme-fake.test,Riley Costa,2026-02-06 22:54:00,rowan.silva@examplecorp.test,Chen Patel,2025-05-22 00:06:00,quinn.okafor@acme-fake.test,Jamie Larsson,2026-05-16 23:53:00,N,Arjun Okafor,Jordan Larsson,Priya Okafor,TAG-7963,Financial Analyst,,,,,,,,TAG-9008,TAG-5606,priya.okafor@examplecorp.test,,,,Inactive,100182,100165,100487,100665,100278,,,,,,,100608,Standard,100454,,,Standard,,100220,,chen.brooks@acme-fake.test,chen.mercer@sampleco.test,Product Update,100182,,,100469,,,,,,,,,,,,
100071,Contact,104558,fatima.reyes@sampleco.test,Marco Okafor,2024-10-12 05:09:00,fatima.sato@examplecorp.test,Reese Garcia,2025-06-13 17:55:00,priya.costa@acme-fake.test,Nina Ivanov,2024-01-16 03:54:00,diego.okafor@examplecorp.test,Omar Haddad,2023-05-14 01:00:00,Y,Arjun Larsson,Priya Vance,Taylor Blake,LOT-6761,HR Generalist,,TAG-3371,,,,,,,TAG-2813,taylor.blake@sampleco.test,,,,Active,,100730,100298,100257,100458,TAG-7764,,,,,,100253,Other,100599,,Y,,,100737,,aisha.mercer@acme-fake.test,jordan.rossi@demomail.test,Renewal Nudge,100339,Lakeside Energy Co,Alpha,,,,,,,,101888,,,,N,
100694,Contact,104560,sofia.brooks@demomail.test,Casey Okafor,2024-09-29 12:32:00,aisha.vance@sampleco.test,Avery Patel,2025-04-02 18:26:00,rowan.sato@demomail.test,Omar Brooks,2024-09-18 08:04:00,elena.okafor@acme-fake.test,Mei Garcia,2024-04-05 16:54:00,Y,Jamie Mensah,Marco Ashby,Noah Mensah,REF-4492,Recruiter,,,,,,,,,SKU-2724,noah.mensah@sampleco.test,,,,Active,,100758,100771,100199,100359,,,,,100724,,100570,Delta,100019,,,Beta,,100219,,nina.okafor@examplecorp.test,rowan.okafor@acme-fake.test,Re-engagement,100242,Lakeside Financial Group,,100028,,,4,,,,101819,,,,,
100660,Contact,104562,quinn.dorsey@demomail.test,Chen Mercer,2023-02-03 08:14:00,quinn.silva@acme-fake.test,Aisha Ivanov,2024-01-10 07:44:00,casey.dorsey@demomail.test,Noah Ashby,2026-06-13 17:02:00,quinn.rossi@sampleco.test,Marco Mercer,2023-11-06 23:28:00,Y,Yara Blake,Drew Reyes,Jordan Patel,REF-7895,Project Manager,,,,,,,,,REF-1576,jordan.patel@demomail.test,,,,Active,,100396,100322,100086,,,,,,100613,,100713,Standard,100385,,N,,100380,,,fatima.nguyen@demomail.test,skyler.cohen@examplecorp.test,Renewal Nudge,100775,Falcon Logistics LLC,Other,100359,,,,,,,101831,,,,N,
100460,Contact,104564,quinn.larsson@demomail.test,Priya Calder,2023-05-29 09:15:00,rahul.kim@demomail.test,Avery Ford,2023-09-18 04:28:00,quinn.ashby@demomail.test,Marco Okafor,2023-10-28 21:26:00,liam.calder@sampleco.test,Quinn Rossi,2023-10-31 08:42:00,N,Rowan Dorsey,Emerson Mercer,Rahul Rossi,LOT-9069,Project Manager,,,,,Gamma,,,,TAG-7196,rahul.rossi@sampleco.test,,,,Inactive,,100694,100100,100467,100465,,,,,100460,,100317,Other,100295,,,Beta,100753,100343,,arjun.silva@sampleco.test,fatima.ford@examplecorp.test,Re-engagement,100435,,Delta,100300,,,4,,,,101836,,,,,
100315,Contact,104567,reese.ford@sampleco.test,Chen Brooks,2026-05-10 11:41:00,liam.patel@acme-fake.test,Aisha Nguyen,2024-08-06 03:42:00,taylor.haddad@sampleco.test,Diego Silva,2023-08-01 22:22:00,mei.mercer@demomail.test,Quinn Vance,2024-08-14 14:08:00,Y,Alex Costa,Taylor Cohen,Yara Sato,LOT-5789,Accountant,,,,,,LOT-1765,,REF-1740,TAG-6915,yara.sato@sampleco.test,,,,Active,100656,,100112,,100047,,,,,100396,,,Delta,100119,,,Other,100100,100448,,emerson.vance@sampleco.test,priya.rossi@sampleco.test,Renewal Nudge,100328,,Delta,,,,,,,,101849,,,,,
100405,Contact,104568,morgan.brooks@sampleco.test,Alex Calder,2023-12-06 03:52:00,liam.larsson@sampleco.test,Noah Mercer,2025-10-24 15:34:00,sofia.garcia@sampleco.test,Yara Nguyen,2024-12-27 03:03:00,aisha.mensah@acme-fake.test,Skyler Ashby,2024-11-30 08:07:00,N,Yara Garcia,Alex Brooks,Mei Dorsey,LOT-5170,Support Specialist,,,,,,,,,REF-7112,mei.dorsey@examplecorp.test,,,,Inactive,100457,100601,100398,100726,100317,,,,,100753,,100739,Delta,100420,,,Standard,,,,diego.vance@examplecorp.test,liam.sato@sampleco.test,Re-engagement,100528,,Delta,,,,,7,,,,,,,,
100278,Contact,104570,quinn.kim@demomail.test,Fatima Reyes,2026-05-11 22:38:00,morgan.mercer@demomail.test,Quinn Blake,2025-03-09 09:27:00,casey.sato@sampleco.test,Alex Haddad,2023-10-21 05:23:00,taylor.sato@acme-fake.test,Emerson Haddad,2024-02-20 06:38:00,N,Rahul Mercer,Chen Silva,Sofia Whitfield,REF-9157,Project Manager,,,,,,,,TAG-2072,REF-3607,sofia.whitfield@sampleco.test,,,,Inactive,,,100759,100273,100648,,,,,,,,Beta,100042,,,Other,100284,100325,,mei.mercer@acme-fake.test,nina.brooks@acme-fake.test,Event Invite,100096,,Standard,100545,,,,,,,101822,,,,Y,
100665,Contact,104571,rowan.dorsey@acme-fake.test,Alex Mercer,2024-02-02 02:53:00,avery.blake@acme-fake.test,Rowan Ivanov,2026-07-02 00:23:00,alex.vance@acme-fake.test,Quinn Calder,2024-04-29 03:26:00,chen.nguyen@examplecorp.test,Marco Vance,2023-04-24 20:33:00,Y,Rahul Sato,Liam Mensah,Arjun Kim,REF-3830,Recruiter,,,,,Other,,,SKU-7802,SKU-5106,arjun.kim@examplecorp.test,,,,Active,,,100786,100118,,,,,,100747,,,Beta,100532,,,Delta,100173,100743,,morgan.sloan@examplecorp.test,arjun.kim@acme-fake.test,Re-engagement,100432,Atlas Industries Corp,,100634,,,,,,,,,,,Y,
100613,Contact,104573,priya.garcia@demomail.test,Yara Ford,2026-01-04 14:45:00,rahul.ashby@examplecorp.test,Arjun Dorsey,2023-07-31 06:42:00,morgan.patel@examplecorp.test,Mei Costa,2022-10-10 19:15:00,riley.kim@acme-fake.test,Arjun Brooks,2024-06-27 19:23:00,Y,Sofia Whitfield,Yara Patel,Yara Mercer,REF-1773,QA Engineer,,,,,,,,,REF-5478,yara.mercer@examplecorp.test,,,,Active,100303,100775,100699,,,,,,,,,100296,Gamma,100669,,,,,,,yara.haddad@demomail.test,alex.brooks@acme-fake.test,Quarterly Newsletter,100087,,,100461,,,,,,,101812,,,,Y,
100689,Contact,104576,drew.larsson@acme-fake.test,Priya Ford,2025-06-20 03:25:00,drew.haddad@demomail.test,Quinn Larsson,2024-12-25 02:12:00,chen.kim@examplecorp.test,Morgan Nguyen,2024-01-07 22:08:00,marco.sloan@demomail.test,Fatima Calder,2026-01-31 10:02:00,Y,Taylor Patel,Quinn Kim,Avery Brooks,TAG-9718,Customer Success Manager,,TAG-8585,,,Delta,,,,SKU-4546,avery.brooks@sampleco.test,,,,Active,100339,,100121,100564,100229,,,,,100067,,100606,Gamma,100031,,,Beta,,,,quinn.mercer@examplecorp.test,jamie.ivanov@acme-fake.test,Renewal Nudge,100512,Lakeside Labs Corp,Alpha,,,,,,,,101858,N,,,,
100678,Contact,104578,sofia.nguyen@demomail.test,Taylor Sloan,2024-05-06 01:02:00,fatima.okafor@examplecorp.test,Liam Sato,2025-10-02 09:06:00,elena.kim@sampleco.test,Taylor Dorsey,2025-07-30 22:14:00,diego.kim@examplecorp.test,Sofia Silva,2024-12-29 09:26:00,Y,Chen Nguyen,Omar Haddad,Nina Haddad,REF-9200,Financial Analyst,,,,,,,,SKU-5390,REF-5691,nina.haddad@demomail.test,,,,Active,100092,,100498,,100054,SKU-7955,,,,100504,,,Beta,100688,,,Gamma,100650,100484,,yara.okafor@examplecorp.test,elena.mercer@acme-fake.test,Re-engagement,100199,,,100496,,,,,,,,Y,,,,
100572,Contact,104580,quinn.haddad@examplecorp.test,Arjun Ford,2025-10-18 11:09:00,rowan.ashby@examplecorp.test,Rahul Ford,2025-03-30 20:04:00,chen.blake@examplecorp.test,Aisha Whitfield,2024-07-30 09:36:00,reese.haddad@demomail.test,Riley Sato,2022-11-07 09:51:00,Y,Skyler Ivanov,Rahul Kim,Casey Mercer,SKU-4227,Payroll Specialist,,,,,,,,LOT-6374,SKU-8622,casey.mercer@examplecorp.test,,,,Active,100375,100469,100660,,100647,,,,,,,100284,Alpha,100398,,,Other,100252,,,riley.mercer@acme-fake.test,marco.ivanov@acme-fake.test,Renewal Nudge,100415,Evergreen Analytics LLC,Standard,,,,,,,,101822,,,,Y,
100587,Contact,104582,taylor.sloan@examplecorp.test,Diego Vance,2026-03-04 00:02:00,liam.mercer@acme-fake.test,Rahul Calder,2022-10-20 02:51:00,drew.patel@sampleco.test,Taylor Silva,2024-11-06 15:59:00,emerson.sato@sampleco.test,Taylor Brooks,2022-11-11 06:03:00,Y,Diego Sloan,Casey Nguyen,Jordan Blake,TAG-9003,Software Developer,,,,,,,,,LOT-7597,jordan.blake@sampleco.test,,,,Active,100672,100133,100529,100694,,,,,,,,100643,Other,100349,,Y,Alpha,,100509,,rahul.okafor@examplecorp.test,quinn.vance@examplecorp.test,Event Invite,100704,Pioneer Dynamics,Delta,100702,,,,,,,,,,,,
100029,Contact,104583,nina.vance@examplecorp.test,Rahul Sato,2024-11-25 03:21:00,yara.ford@acme-fake.test,Jordan Okafor,2023-09-21 18:05:00,noah.patel@sampleco.test,Rowan Sato,2025-11-07 11:10:00,sofia.ashby@sampleco.test,Jordan Calder,2023-08-04 12:30:00,Y,Drew Costa,Marco Dorsey,Fatima Larsson,TAG-3102,QA Engineer,,,,,,,,,TAG-3639,fatima.larsson@sampleco.test,,,,Active,100244,,100487,100188,100296,,,,,100339,,100751,Alpha,100446,,,Gamma,100271,100542,,skyler.nguyen@acme-fake.test,riley.whitfield@demomail.test,Product Update,100109,,,,,,,,,,101810,,,,Y,
100790,Contact,104584,fatima.okafor@acme-fake.test,Jordan Reyes,2024-09-28 04:22:00,liam.mercer@acme-fake.test,Rahul Sloan,2025-02-16 08:52:00,rowan.mercer@demomail.test,Nina Okafor,2022-10-04 00:38:00,arjun.garcia@demomail.test,Avery Silva,2024-10-27 17:31:00,Y,Rowan Blake,Chen Reyes,Chen Silva,LOT-7362,QA Engineer,,,,,,,,,SKU-5270,chen.silva@sampleco.test,,,,Active,,,100236,100713,,,,,,100378,,100640,Delta,100031,,,,100429,100371,,reese.whitfield@acme-fake.test,alex.brooks@examplecorp.test,Product Update,100134,,,100068,,,,0,,,,,,,,
100689,Contact,104585,marco.reyes@sampleco.test,Taylor Brooks,2026-03-13 10:04:00,sofia.nguyen@sampleco.test,Diego Costa,2024-04-22 01:52:00,marco.ashby@demomail.test,Fatima Patel,2025-12-05 03:31:00,jordan.kim@demomail.test,Liam Blake,2023-03-01 20:22:00,Y,Jamie Larsson,Morgan Rossi,Arjun Mercer,LOT-4359,Operations Associate,,,,,,,,,SKU-1138,arjun.mercer@examplecorp.test,,,,Active,,,100404,100689,,,,,,,,,Delta,100247,,Y,,100199,100130,,rowan.ivanov@demomail.test,jamie.sloan@acme-fake.test,Event Invite,100098,Delta Systems Corp,Beta,100019,,,,,,,,,,,,
100785,Contact,104586,omar.brooks@demomail.test,Omar Costa,2024-04-10 15:26:00,fatima.silva@examplecorp.test,Chen Kim,2022-12-06 04:12:00,alex.costa@sampleco.test,Yara Nguyen,2023-05-24 16:16:00,nina.dorsey@acme-fake.test,Morgan Nguyen,2024-04-04 08:22:00,Y,Riley Vance,Arjun Ford,Yara Mensah,SKU-9389,Payroll Specialist,,,,,,SKU-6870,,,REF-6187,yara.mensah@demomail.test,,,,Active,100717,,100007,100461,100065,,,,,,,100210,Gamma,100759,,,Other,,100403,,nina.ivanov@examplecorp.test,emerson.costa@acme-fake.test,Renewal Nudge,100672,,Gamma,,,,,,,,,,,,,
100593,Contact,104587,jamie.vance@demomail.test,Elena Kim,2026-07-31 19:18:00,drew.dorsey@examplecorp.test,Reese Whitfield,2024-08-13 08:30:00,taylor.mensah@demomail.test,Priya Vance,2026-07-18 12:03:00,priya.brooks@acme-fake.test,Liam Larsson,2025-12-23 12:04:00,Y,Sofia Sloan,Drew Haddad,Omar Ivanov,REF-7866,QA Engineer,,,,,,,,,SKU-1042,omar.ivanov@acme-fake.test,,,,Active,100700,,100651,100239,,,,,,100029,,,Delta,100210,,,Gamma,100445,100507,,quinn.sato@acme-fake.test,skyler.rossi@sampleco.test,Product Update,100100,Silverline Ventures LLC,,100128,,,,,,,101887,,,,N,
100448,Contact,104588,elena.larsson@examplecorp.test,Jamie Patel,2025-12-19 15:08:00,noah.mercer@acme-fake.test,Jordan Haddad,2025-06-04 05:46:00,alex.dorsey@sampleco.test,Noah Ashby,2024-10-17 03:29:00,omar.brooks@acme-fake.test,Arjun Calder,2025-08-29 09:28:00,N,Avery Kim,Rowan Ivanov,Fatima Calder,TAG-3583,Executive Assistant,,,,,Beta,,,LOT-8982,SKU-1142,fatima.calder@examplecorp.test,,,,Inactive,,100173,100745,100400,,,,,,100233,,100058,Beta,100145,,N,,,100453,,yara.blake@sampleco.test,morgan.calder@acme-fake.test,Product Update,100300,Silverline Media Group,Gamma,,,,,,,,101843,,,,,Y
100545,Contact,104590,liam.silva@acme-fake.test,Arjun Blake,2024-09-30 11:17:00,yara.mensah@examplecorp.test,Noah Silva,2023-10-12 11:54:00,omar.mercer@examplecorp.test,Taylor Sloan,2026-01-13 07:59:00,elena.dorsey@acme-fake.test,Sofia Mercer,2023-05-02 02:22:00,N,Drew Sloan,Omar Kim,Yara Dorsey,LOT-6616,Bookkeeper,,,,,,,,,LOT-1073,yara.dorsey@examplecorp.test,,,,Inactive,100286,,100414,,100659,,,,,100478,,,Standard,100260,,,,100182,100659,,fatima.rossi@sampleco.test,avery.blake@demomail.test,Product Update,100094,Falcon Networks Group,Gamma,100414,,,,,,,101867,,,,Y,N
100659,Contact,104591,casey.haddad@demomail.test,Alex Larsson,2023-08-03 09:21:00,alex.haddad@sampleco.test,Jamie Nguyen,2026-04-17 17:03:00,jordan.sloan@demomail.test,Casey Larsson,2024-10-06 02:57:00,nina.mercer@acme-fake.test,Morgan Costa,2024-09-22 15:13:00,Y,Drew Brooks,Morgan Larsson,Emerson Calder,SKU-1067,Financial Analyst,,,,,,,,,LOT-3821,emerson.calder@examplecorp.test,,,,Active,100211,100392,100332,100305,100211,,,,,,,,Beta,100697,,,,100281,100661,,avery.silva@sampleco.test,diego.reyes@acme-fake.test,Renewal Nudge,100161,,Beta,100762,,,,6,,,101840,,,,N,
100564,Contact,104593,rowan.ford@acme-fake.test,Diego Dorsey,2025-06-23 19:10:00,priya.ashby@demomail.test,Jamie Calder,2023-07-25 02:00:00,mei.kim@demomail.test,Aisha Garcia,2023-09-30 14:05:00,jamie.silva@acme-fake.test,Nina Ford,2024-07-18 04:13:00,Y,Jordan Reyes,Marco Vance,Elena Haddad,TAG-6426,Project Manager,,,,,,,,LOT-7931,SKU-5590,elena.haddad@acme-fake.test,,,,Active,,100751,100672,100552,100683,,,,,100576,,100168,Standard,100442,,,Other,100325,100775,,diego.silva@examplecorp.test,alex.whitfield@acme-fake.test,Renewal Nudge,100415,,,100005,,,,,,,101840,,,,,
100386,Contact,104596,mei.nguyen@demomail.test,Omar Haddad,2025-09-07 15:54:00,arjun.costa@examplecorp.test,Omar Sloan,2025-10-21 17:43:00,marco.ashby@acme-fake.test,Morgan Larsson,2023-12-29 13:09:00,omar.reyes@examplecorp.test,Nina Garcia,2023-04-19 07:51:00,Y,Reese Okafor,Skyler Silva,Aisha Kim,TAG-6352,Software Developer,,,,,,,,,REF-2368,aisha.kim@acme-fake.test,,,,Active,,100566,100774,100247,100239,REF-8616,,,,100564,,100442,Beta,100205,,,Other,100330,,,drew.costa@demomail.test,chen.garcia@demomail.test,Renewal Nudge,100462,Evergreen Textiles Ltd,,,,,,,,,101858,N,,,,N
100005,Contact,104599,quinn.cohen@examplecorp.test,Mei Whitfield,2025-08-23 00:12:00,avery.nguyen@examplecorp.test,Rowan Ashby,2025-04-15 07:19:00,nina.vance@sampleco.test,Rowan Mercer,2025-08-02 09:12:00,rowan.whitfield@demomail.test,Drew Mercer,2022-11-04 10:34:00,Y,Noah Dorsey,Nina Sloan,Aisha Rossi,SKU-6772,Operations Associate,,,,,,,,,REF-6930,aisha.rossi@demomail.test,,,,Active,100707,,100349,100782,,TAG-9554,,,,,,100047,Delta,100300,,N,,100613,100504,,morgan.rossi@examplecorp.test,drew.mensah@sampleco.test,Quarterly Newsletter,100299,Northwind Solutions Co,Gamma,100147,,,,,,,101800,,,,Y,
100140,Contact,104600,skyler.mensah@examplecorp.test,Omar Brooks,2023-04-22 00:59:00,priya.brooks@demomail.test,Quinn Cohen,2024-06-27 18:36:00,reese.sloan@demomail.test,Noah Larsson,2023-07-18 23:55:00,aisha.ashby@examplecorp.test,Jordan Nguyen,2026-05-31 15:56:00,Y,Jordan Sato,Liam Sloan,Mei Okafor,LOT-6676,Marketing Coordinator,,,,,,,,SKU-2616,TAG-6501,mei.okafor@demomail.test,,,,Active,,,100660,100656,100465,SKU-3077,,,,100737,,100771,Beta,100446,,,Beta,,100386,,noah.garcia@acme-fake.test,nina.larsson@demomail.test,Quarterly Newsletter,100155,Redwood Industries Group,Standard,100281,,,,,,,101862,,,,,
100314,Contact,104602,casey.brooks@demomail.test,Fatima Garcia,2024-01-03 10:44:00,noah.calder@demomail.test,Chen Sloan,2025-08-18 03:07:00,aisha.rossi@demomail.test,Marco Haddad,2023-02-12 21:14:00,rowan.okafor@sampleco.test,Alex Ford,2025-07-13 13:53:00,Y,Omar Rossi,Aisha Okafor,Fatima Sloan,REF-1738,Marketing Coordinator,,,,,,,,,LOT-3670,fatima.sloan@sampleco.test,,,,Active,100710,100429,100067,100188,100568,,,,,,,100714,Gamma,100460,,,,,100500,,omar.costa@demomail.test,yara.ford@sampleco.test,Re-engagement,100481,Horizon Group LLP,Standard,100217,,,,,,,101857,,,,Y,
100451,Contact,104604,nina.ivanov@demomail.test,Rahul Cohen,2024-06-05 03:24:00,alex.ivanov@acme-fake.test,Nina Sloan,2026-07-24 02:07:00,marco.sato@demomail.test,Diego Nguyen,2025-02-05 22:25:00,noah.patel@examplecorp.test,Nina Whitfield,2026-07-22 17:28:00,Y,Avery Ivanov,Taylor Mercer,Skyler Ashby,REF-2853,Customer Success Manager,,,,,,,,,TAG-2400,skyler.ashby@demomail.test,,,,Active,,100291,100554,,,,,,,100380,,,Standard,100371,,,,100606,,,drew.costa@demomail.test,aisha.calder@sampleco.test,Re-engagement,100782,Northwind Logistics Ltd,,100403,,,,,,,,,,,Y,
100299,Contact,104606,noah.reyes@sampleco.test,Taylor Okafor,2023-07-10 06:18:00,alex.rossi@acme-fake.test,Priya Kim,2026-07-31 06:37:00,elena.sloan@sampleco.test,Omar Brooks,2024-11-11 06:22:00,avery.garcia@sampleco.test,Rowan Larsson,2023-02-14 01:55:00,N,Aisha Blake,Yara Silva,Arjun Mercer,LOT-4331,Support Specialist,,,,,,,,,LOT-2051,arjun.mercer@demomail.test,,,,Inactive,,,100650,100233,100470,,,,,100162,,,Other,100470,,,Standard,100667,,,jordan.garcia@acme-fake.test,marco.reyes@sampleco.test,Re-engagement,100791,,,100109,,,,,,,101889,Y,,,,
100068,Contact,104607,marco.garcia@sampleco.test,Nina Silva,2023-08-08 10:44:00,reese.haddad@acme-fake.test,Alex Ivanov,2023-12-31 21:14:00,mei.rossi@acme-fake.test,Jamie Patel,2023-04-01 06:29:00,aisha.patel@sampleco.test,Reese Dorsey,2025-05-11 21:06:00,Y,Casey Garcia,Drew Sato,Mei Calder,REF-4025,Bookkeeper,,REF-6215,,,,,,LOT-6462,SKU-5974,mei.calder@acme-fake.test,,,,Active,100604,,100478,100086,100638,,,,,100733,,,Beta,100791,,,,100470,,,aisha.kim@acme-fake.test,priya.rossi@demomail.test,Quarterly Newsletter,100745,,Other,100634,,,,,,,101846,,,,Y,
100232,Contact,104609,casey.garcia@acme-fake.test,Elena Ivanov,2025-03-06 13:15:00,liam.patel@acme-fake.test,Taylor Whitfield,2026-06-16 12:11:00,skyler.blake@examplecorp.test,Jordan Sato,2025-06-10 03:14:00,casey.garcia@acme-fake.test,Reese Kim,2023-08-07 09:44:00,Y,Emerson Costa,Nina Ford,Drew Nguyen,TAG-3227,QA Engineer,,,,,,,,,TAG-1501,drew.nguyen@sampleco.test,,,,Active,100538,,100162,,100784,LOT-4189,,,,100182,,100730,Standard,100366,,,,100165,100021,,nina.mensah@acme-fake.test,casey.mensah@demomail.test,Renewal Nudge,100339,,Standard,,,,,,,,101861,,,,,
100548,Contact,104610,jamie.ivanov@acme-fake.test,Noah Brooks,2025-10-12 11:04:00,diego.haddad@demomail.test,Yara Ashby,2025-01-21 13:13:00,taylor.blake@acme-fake.test,Omar Patel,2022-11-05 23:15:00,priya.silva@acme-fake.test,Taylor Brooks,2024-11-01 17:06:00,Y,Aisha Ashby,Jamie Nguyen,Chen Okafor,REF-7500,Operations Associate,,,,,,,,REF-8433,REF-4084,chen.okafor@examplecorp.test,,,,Active,100345,100721,100700,100162,100298,,,,,100094,,,Gamma,100735,,,Gamma,100786,100035,,avery.silva@acme-fake.test,riley.whitfield@examplecorp.test,Quarterly Newsletter,100315,,Standard,100775,,,,,,,101858,,,,Y,
100149,Contact,104613,mei.reyes@sampleco.test,Emerson Sloan,2023-09-26 14:40:00,quinn.mercer@acme-fake.test,Avery Cohen,2025-07-13 21:43:00,casey.blake@demomail.test,Rahul Costa,2023-02-26 08:03:00,arjun.okafor@acme-fake.test,Emerson Okafor,2023-01-05 10:42:00,Y,Liam Sloan,Noah Haddad,Alex Blake,REF-3135,Financial Analyst,,,,,,,,,TAG-7011,alex.blake@demomail.test,,,,Active,,,100157,100092,100320,,,,,100098,,100638,Gamma,100790,,,,100787,,,chen.kim@acme-fake.test,sofia.rossi@demomail.test,Renewal Nudge,100042,,Alpha,,,,,6,,,101805,Y,,,N,
100264,Contact,104615,noah.okafor@examplecorp.test,Marco Haddad,2023-03-06 02:02:00,liam.mensah@sampleco.test,Noah Brooks,2025-06-04 23:31:00,rowan.mensah@demomail.test,Taylor Mensah,2022-11-10 09:32:00,mei.costa@examplecorp.test,Rahul Brooks,2023-11-27 17:34:00,Y,Rowan Mercer,Morgan Costa,Mei Nguyen,REF-2459,QA Engineer,,,,,,,,LOT-7336,REF-3714,mei.nguyen@examplecorp.test,,,,Active,,100214,100315,100106,,,,,,100292,,100219,Beta,100311,,,,,,,rowan.calder@sampleco.test,jamie.cohen@acme-fake.test,Product Update,100721,Granite Holdings,,100278,,,,,,,101870,,,,Y,
100421,Contact,104616,morgan.cohen@examplecorp.test,Omar Blake,2024-02-15 06:23:00,chen.haddad@sampleco.test,Priya Mensah,2023-10-14 17:46:00,priya.garcia@demomail.test,Noah Garcia,2023-09-23 10:18:00,morgan.costa@examplecorp.test,Avery Kim,2023-07-06 04:19:00,Y,Noah Reyes,Priya Vance,Taylor Garcia,SKU-8829,Software Developer,,,,,,,,,REF-9910,taylor.garcia@examplecorp.test,,,,Active,100152,100193,100596,100791,,,,,,100671,,,Alpha,100173,,,Standard,100740,,,noah.costa@sampleco.test,rowan.mensah@demomail.test,Event Invite,100145,,,,,,,5,,,101851,,,,,N
100299,Contact,104617,skyler.ashby@examplecorp.test,Fatima Mercer,2026-05-01 05:03:00,liam.larsson@examplecorp.test,Skyler Calder,2023-01-22 19:59:00,riley.reyes@demomail.test,Mei Mercer,2025-11-09 04:34:00,avery.mensah@demomail.test,Yara Okafor,2022-11-11 19:59:00,Y,Fatima Larsson,Riley Cohen,Emerson Larsson,SKU-9194,Data Analyst,,,,Other,,SKU-6918,,,SKU-1833,emerson.larsson@sampleco.test,,,,Active,100732,100028,100142,,,,,,,,,,Alpha,100651,,,Beta,100378,100233,,priya.silva@examplecorp.test,arjun.costa@demomail.test,Renewal Nudge,100790,Northwind Energy Group,,100555,,,9,,,,101821,,,,,
100236,Contact,104620,taylor.ford@demomail.test,Avery Calder,2023-03-12 08:04:00,quinn.brooks@examplecorp.test,Diego Costa,2023-07-04 19:35:00,casey.mercer@sampleco.test,Riley Mensah,2026-03-19 13:28:00,noah.silva@examplecorp.test,Jamie Haddad,2026-02-04 23:34:00,Y,Jamie Ashby,Taylor Nguyen,Skyler Ford,TAG-9798,Accountant,,,,,,,,,LOT-5013,skyler.ford@demomail.test,,,,Active,,100582,100177,100421,,,,,,100660,,,Standard,100365,,,,100204,,,jamie.ford@examplecorp.test,jamie.cohen@examplecorp.test,Quarterly Newsletter,100525,Evergreen Retail LLP,Other,100469,,5,,2,,,101846,,,,,
100086,Contact,104621,emerson.mercer@examplecorp.test,Skyler Ashby,2025-07-08 00:08:00,marco.mensah@acme-fake.test,Jordan Mensah,2024-09-02 17:43:00,chen.rossi@examplecorp.test,Omar Calder,2024-07-24 00:39:00,taylor.dorsey@examplecorp.test,Diego Dorsey,2023-06-16 02:35:00,Y,Reese Calder,Aisha Vance,Reese Kim,REF-8726,Project Manager,,,,,,,,REF-4276,LOT-6351,reese.kim@acme-fake.test,,,,Active,100068,,100590,100215,100414,,,,,100298,,,Standard,100753,,,Gamma,100033,,,reese.cohen@acme-fake.test,quinn.blake@sampleco.test,Re-engagement,100375,,Standard,,,,,,,,,,,,N,
100053,Contact,104623,liam.ashby@acme-fake.test,Omar Mensah,2025-01-22 04:08:00,omar.dorsey@acme-fake.test,Jamie Nguyen,2025-06-22 19:15:00,drew.haddad@demomail.test,Reese Haddad,2023-09-22 08:37:00,avery.ford@demomail.test,Liam Rossi,2026-03-30 21:45:00,N,Casey Ashby,Avery Sato,Sofia Mensah,REF-5833,Payroll Specialist,,,,,,,,,REF-6250,sofia.mensah@demomail.test,,,,Inactive,100740,100403,100688,100675,100599,,,,,,,,Delta,100619,,,Other,100561,100012,,rowan.nguyen@demomail.test,chen.mensah@sampleco.test,Re-engagement,100389,,Beta,100339,,,,,,,,,,,,
100516,Contact,104626,casey.garcia@examplecorp.test,Liam Nguyen,2023-03-29 16:56:00,marco.mercer@acme-fake.test,Reese Mensah,2026-04-30 08:57:00,quinn.silva@demomail.test,Quinn Ford,2025-02-03 05:01:00,emerson.sloan@demomail.test,Liam Ashby,2024-01-02 20:02:00,Y,Liam Cohen,Sofia Nguyen,Chen Dorsey,REF-1165,Executive Assistant,,,,,Alpha,,,,LOT-5772,chen.dorsey@demomail.test,,,,Active,100286,100632,100415,,100535,,,,,100487,,,Standard,100134,,,Alpha,,,,liam.haddad@examplecorp.test,casey.haddad@demomail.test,Renewal Nudge,100153,,,100651,,,,,,,101831,,,,,
100076,Contact,104629,rahul.ashby@demomail.test,Diego Larsson,2023-09-02 15:28:00,fatima.rossi@acme-fake.test,Aisha Rossi,2026-03-06 12:39:00,nina.mensah@acme-fake.test,Marco Haddad,2024-01-14 07:46:00,riley.sloan@sampleco.test,Quinn Vance,2023-05-26 15:17:00,Y,Marco Nguyen,Quinn Garcia,Diego Sato,LOT-5760,Marketing Coordinator,,,,,,,7896,,SKU-4828,diego.sato@acme-fake.test,,,,Active,100087,,100595,,100311,,,,,100016,,100401,Delta,100420,,,,100028,100003,,nina.rossi@demomail.test,jamie.larsson@examplecorp.test,Re-engagement,100785,,Other,100130,,,,,,,101858,,,,,
100299,Contact,104632,fatima.calder@demomail.test,Rahul Haddad,2023-07-01 11:43:00,skyler.vance@demomail.test,Casey Calder,2026-07-12 16:01:00,riley.silva@demomail.test,Omar Garcia,2023-04-02 08:31:00,marco.rossi@sampleco.test,Priya Nguyen,2024-09-08 13:06:00,Y,Quinn Sloan,Emerson Vance,Mei Sloan,TAG-1013,Recruiter,,,,,,,,LOT-8928,REF-6780,mei.sloan@acme-fake.test,,,,Active,100425,,100484,100156,,,,,,100103,,100650,Other,100669,,,Standard,,100460,,priya.ivanov@sampleco.test,avery.kim@demomail.test,Renewal Nudge,100042,,Standard,100203,,9,3,,,,101843,,,,Y,
100311,Contact,104634,noah.vance@sampleco.test,Marco Nguyen,2025-03-07 21:53:00,morgan.rossi@acme-fake.test,Sofia Mercer,2023-02-24 21:37:00,morgan.mercer@examplecorp.test,Morgan Mercer,2023-02-04 08:43:00,jordan.garcia@examplecorp.test,Riley Vance,2026-02-23 03:26:00,Y,Chen Kim,Skyler Cohen,Arjun Okafor,REF-5706,QA Engineer,,,,,,,,,REF-8975,arjun.okafor@demomail.test,,,,Active,100611,100065,100418,100217,,,,,,,,100382,Other,100606,,,Delta,100098,,,arjun.brooks@examplecorp.test,jamie.garcia@acme-fake.test,Renewal Nudge,100421,,,,,,,,,,101875,,,,N,Y
100624,Contact,104637,reese.vance@sampleco.test,Noah Rossi,2024-09-24 01:48:00,rahul.calder@acme-fake.test,Reese Calder,2023-09-06 13:40:00,mei.mercer@sampleco.test,Avery Ashby,2026-04-21 21:10:00,jamie.calder@examplecorp.test,Avery Patel,2024-10-20 19:57:00,Y,Arjun Kim,Fatima Whitfield,Casey Patel,TAG-1748,Operations Associate,,,,,,,,REF-5619,REF-8507,casey.patel@acme-fake.test,,,,Active,,100357,100707,,100595,,,,,100100,,100339,Delta,100765,,,,,100461,,jamie.reyes@demomail.test,skyler.garcia@demomail.test,Re-engagement,100286,,Delta,100727,,,,,,,101795,,,,,
100021,Contact,104639,jordan.kim@demomail.test,Mei Garcia,2023-05-03 20:45:00,elena.sloan@acme-fake.test,Skyler Ashby,2022-12-05 09:22:00,marco.ford@sampleco.test,Marco Ivanov,2022-12-02 18:38:00,rahul.larsson@acme-fake.test,Aisha Silva,2024-12-11 11:38:00,N,Elena Sato,Drew Kim,Omar Garcia,TAG-2118,QA Engineer,,,,,,,,,TAG-8552,omar.garcia@examplecorp.test,,,,Inactive,,100194,100740,100545,100660,,,,,,,,Gamma,100740,,,Gamma,100336,100407,,priya.cohen@acme-fake.test,marco.haddad@demomail.test,Quarterly Newsletter,100271,,Other,100659,,,,,,,101883,,,,Y,Y
100292,Contact,104640,quinn.patel@examplecorp.test,Taylor Ford,2023-11-11 07:54:00,avery.blake@acme-fake.test,Nina Ivanov,2023-10-18 03:41:00,elena.ashby@demomail.test,Aisha Sato,2023-03-19 12:02:00,drew.brooks@examplecorp.test,Chen Dorsey,2025-09-10 12:20:00,N,Sofia Costa,Noah Garcia,Rahul Ford,REF-6054,Recruiter,,,,,,,,,SKU-4398,rahul.ford@examplecorp.test,,,,Inactive,100271,,100688,100435,100256,,,,,100568,,,Other,100791,,,Standard,100221,100454,,rowan.nguyen@examplecorp.test,liam.blake@sampleco.test,Product Update,100500,Falcon Holdings LLP,Standard,,,,,,,,101858,,,,N,
100169,Contact,104643,avery.sato@sampleco.test,Elena Kim,2025-11-04 10:17:00,casey.reyes@acme-fake.test,Drew Ivanov,2025-04-14 23:18:00,aisha.nguyen@acme-fake.test,Arjun Mensah,2025-03-25 23:34:00,quinn.rossi@acme-fake.test,Yara Costa,2023-12-31 17:08:00,Y,Taylor Whitfield,Reese Patel,Nina Haddad,REF-7662,Project Manager,,,,,,,,,REF-8746,nina.haddad@demomail.test,,,,Active,100784,,100273,100791,100382,,,,,100645,,,Other,100014,,,,100029,,,yara.cohen@sampleco.test,yara.patel@examplecorp.test,Renewal Nudge,100718,,Delta,,,,,,,,,,,,,
100042,Contact,104644,emerson.ivanov@acme-fake.test,Quinn Ashby,2022-10-18 17:56:00,fatima.ivanov@sampleco.test,Mei Vance,2024-01-27 15:38:00,casey.rossi@examplecorp.test,Morgan Ford,2024-08-29 11:34:00,sofia.garcia@demomail.test,Nina Brooks,2024-02-03 04:23:00,Y,Noah Ford,Avery Okafor,Yara Reyes,LOT-1772,Payroll Specialist,,,,,,,,,LOT-3055,yara.reyes@sampleco.test,,,,Active,,100727,100639,,,,,,,100751,,100759,Beta,100782,,,Beta,100307,100123,,marco.ivanov@examplecorp.test,noah.calder@demomail.test,Renewal Nudge,100067,Ironwood Partners Group,Standard,100196,,,,,,,101816,,,,,
100721,Contact,104647,diego.sloan@demomail.test,Morgan Reyes,2025-06-04 08:41:00,emerson.okafor@demomail.test,Alex Costa,2022-10-27 11:17:00,arjun.patel@acme-fake.test,Rowan Ivanov,2024-08-15 05:53:00,rahul.calder@sampleco.test,Rahul Mercer,2025-08-19 03:03:00,N,Emerson Mercer,Omar Okafor,Noah Mercer,REF-1852,Financial Analyst,,,,,,,,,REF-4358,noah.mercer@acme-fake.test,,,,Inactive,,,100139,100765,,,,,,100572,,100009,Alpha,100673,,,Standard,100145,100067,,taylor.mercer@acme-fake.test,aisha.blake@acme-fake.test,Renewal Nudge,100632,Pioneer Logistics Co,,100155,,,,,,,,,,,,
100601,Contact,104649,sofia.silva@sampleco.test,Omar Blake,2025-09-13 10:53:00,sofia.sato@demomail.test,Arjun Garcia,2023-06-30 00:40:00,liam.nguyen@acme-fake.test,Casey Mercer,2023-04-12 23:56:00,alex.dorsey@examplecorp.test,Jordan Ford,2023-11-03 21:12:00,Y,Casey Vance,Yara Vance,Nina Ivanov,REF-7924,Operations Associate,,,,,,,,,REF-4944,nina.ivanov@examplecorp.test,,,,Active,,,100286,100645,100149,,,,,100328,,100319,Other,100082,,,,100737,,,rahul.whitfield@examplecorp.test,noah.larsson@acme-fake.test,Quarterly Newsletter,100244,,Alpha,,,,,9,,,,,,,Y,
100403,Contact,104651,aisha.blake@examplecorp.test,Fatima Brooks,2026-03-25 00:09:00,casey.garcia@acme-fake.test,Alex Blake,2024-07-24 10:42:00,noah.rossi@examplecorp.test,Diego Dorsey,2023-06-20 09:34:00,elena.larsson@sampleco.test,Quinn Vance,2022-12-03 11:17:00,N,Aisha Mercer,Elena Ford,Skyler Reyes,REF-6453,Accountant,,,,,,,,,LOT-8694,skyler.reyes@demomail.test,,,,Inactive,100420,100432,100595,,,,,,,,,100785,Beta,100055,,,Gamma,100023,100271,,emerson.reyes@sampleco.test,emerson.larsson@examplecorp.test,Renewal Nudge,100651,Evergreen Manufacturing,Standard,100269,,8,2,,,,101881,,,,N,
100721,Contact,104652,omar.patel@acme-fake.test,Nina Vance,2024-07-05 08:59:00,elena.whitfield@sampleco.test,Nina Blake,2024-09-11 04:40:00,chen.calder@acme-fake.test,Chen Patel,2023-01-07 02:33:00,liam.sloan@acme-fake.test,Omar Larsson,2026-07-03 04:46:00,N,Reese Kim,Reese Nguyen,Alex Mensah,SKU-8017,Operations Associate,,,,Beta,,,,TAG-3037,LOT-1216,alex.mensah@acme-fake.test,,,,Inactive,100660,,100784,100191,100566,,,,,100352,,100403,Other,100420,,Y,Delta,,100386,,quinn.whitfield@demomail.test,drew.dorsey@sampleco.test,Product Update,100309,Falcon Holdings Corp,Standard,100005,,,,,,,,,,,N,
100751,Contact,104655,riley.sloan@sampleco.test,Quinn Sato,2025-04-01 08:59:00,arjun.whitfield@acme-fake.test,Yara Calder,2026-02-21 12:40:00,quinn.calder@demomail.test,Avery Kim,2023-09-18 04:11:00,reese.larsson@acme-fake.test,Aisha Rossi,2022-11-06 09:33:00,N,Diego Rossi,Riley Mercer,Aisha Mercer,TAG-3740,HR Generalist,,REF-5685,,,,,,,REF-9992,aisha.mercer@demomail.test,,,,Inactive,100667,100542,100309,100147,100309,TAG-3924,,,,,,,Delta,100548,,,,,100117,,quinn.brooks@examplecorp.test,alex.sato@sampleco.test,Quarterly Newsletter,100140,,Other,100284,,,,,,,101862,,,,N,
100152,Contact,104656,emerson.costa@sampleco.test,Reese Cohen,2025-09-04 19:02:00,emerson.cohen@acme-fake.test,Priya Rossi,2026-07-18 14:00:00,fatima.reyes@demomail.test,Arjun Reyes,2025-08-22 09:24:00,quinn.ivanov@demomail.test,Morgan Ivanov,2025-07-08 13:19:00,N,Noah Sato,Taylor Brooks,Riley Brooks,LOT-8105,Bookkeeper,,,,,,,,SKU-3782,SKU-8333,riley.brooks@sampleco.test,,,,Inactive,100252,100040,100713,100205,100415,REF-1159,,,,,,,Standard,100079,,Y,Beta,,100149,,rowan.blake@demomail.test,skyler.kim@examplecorp.test,Event Invite,100702,Ironwood Holdings Co,Alpha,,,,,,,,101805,,,,,N
100590,Contact,104657,arjun.larsson@demomail.test,Emerson Reyes,2026-04-01 06:26:00,noah.patel@examplecorp.test,Reese Brooks,2024-12-20 19:25:00,taylor.blake@examplecorp.test,Mei Dorsey,2023-09-01 14:19:00,fatima.blake@sampleco.test,Emerson Reyes,2026-06-15 19:59:00,Y,Elena Sloan,Fatima Haddad,Drew Vance,SKU-4452,Executive Assistant,,,,,,,,SKU-3138,TAG-3403,drew.vance@examplecorp.test,,,,Active,,,100149,100446,,,,,,100340,,100232,Standard,100168,,,Delta,100106,,,jordan.mensah@acme-fake.test,jamie.costa@demomail.test,Renewal Nudge,100439,,,100741,,,,3,,,,,,,N,
100650,Contact,104660,emerson.dorsey@demomail.test,Jordan Mensah,2025-04-01 07:06:00,taylor.ashby@examplecorp.test,Morgan Rossi,2024-06-18 16:46:00,elena.okafor@examplecorp.test,Omar Ivanov,2024-06-10 10:57:00,fatima.sloan@examplecorp.test,Sofia Larsson,2023-12-14 07:59:00,Y,Liam Garcia,Noah Haddad,Jamie Ashby,REF-1453,Customer Success Manager,,,,,,,,,REF-2956,jamie.ashby@demomail.test,,,,Active,,100467,100478,,100700,LOT-8221,,,,100239,,,Gamma,100454,,,Gamma,,100516,,taylor.nguyen@examplecorp.test,skyler.ashby@demomail.test,Event Invite,100229,,Beta,,,,,,,,101875,,,,,
100414,Contact,104661,marco.mensah@examplecorp.test,Arjun Mercer,2024-02-22 11:09:00,noah.okafor@acme-fake.test,Riley Dorsey,2023-01-04 00:30:00,arjun.sato@sampleco.test,Omar Ivanov,2026-02-27 21:54:00,casey.vance@sampleco.test,Taylor Cohen,2026-05-31 22:33:00,N,Liam Blake,Alex Costa,Elena Silva,SKU-5893,Support Specialist,,REF-4668,,,,TAG-5748,,,TAG-5536,elena.silva@examplecorp.test,,,,Inactive,100421,100442,100542,,,,,,,100094,,100713,Other,100215,,,Beta,,100462,,morgan.sato@acme-fake.test,reese.sloan@sampleco.test,Re-engagement,100382,,,100616,,,,,,,101875,N,,,N,
100201,Contact,104664,emerson.patel@sampleco.test,Riley Costa,2025-08-30 08:08:00,reese.okafor@sampleco.test,Alex Whitfield,2023-07-02 19:13:00,elena.ford@acme-fake.test,Rowan Mercer,2023-07-07 23:37:00,alex.ford@sampleco.test,Jamie Ivanov,2023-07-09 17:43:00,N,Diego Cohen,Rowan Okafor,Marco Kim,SKU-9817,Operations Associate,,,,,,,,,REF-2109,marco.kim@demomail.test,,,,Inactive,100215,100292,100244,,100627,,,,,100688,,100295,Beta,100174,,,Other,100713,100194,,elena.nguyen@examplecorp.test,sofia.calder@examplecorp.test,Re-engagement,100007,,Other,,,,,,,,101867,,,,Y,
100188,Contact,104666,diego.cohen@sampleco.test,Riley Nguyen,2026-02-08 14:18:00,quinn.patel@demomail.test,Emerson Silva,2025-08-21 23:40:00,arjun.reyes@examplecorp.test,Avery Rossi,2025-02-24 15:39:00,diego.mercer@acme-fake.test,Skyler Costa,2026-03-12 11:18:00,Y,Elena Okafor,Sofia Mercer,Jordan Cohen,REF-4727,Bookkeeper,,TAG-6041,,,,TAG-8347,,,REF-5880,jordan.cohen@sampleco.test,,,,Active,100569,100359,100232,,100264,,,,,100162,,,Alpha,100576,,,Standard,100782,,,casey.cohen@demomail.test,jamie.reyes@acme-fake.test,Quarterly Newsletter,100604,Meridian Media Ltd,,,,,,,,,,,,,N,
100165,Contact,104668,morgan.cohen@examplecorp.test,Mei Sloan,2023-12-23 08:08:00,yara.garcia@sampleco.test,Sofia Whitfield,2023-10-18 03:24:00,priya.mercer@acme-fake.test,Nina Brooks,2022-11-30 22:01:00,rahul.sato@demomail.test,Alex Blake,2025-12-09 17:56:00,Y,Emerson Rossi,Rowan Sato,Elena Cohen,REF-7123,Accountant,,,,,,,,,TAG-3315,elena.cohen@examplecorp.test,,,,Active,100498,100585,100040,,100157,,,,,,,,Standard,100741,,,Beta,100221,100343,,aisha.patel@examplecorp.test,nina.silva@examplecorp.test,Event Invite,100267,Atlas Networks Ltd,Gamma,100476,,,,,,,101798,,,,N,
100009,Contact,104670,rahul.silva@acme-fake.test,Rowan Rossi,2024-11-25 11:44:00,marco.calder@acme-fake.test,Mei Ivanov,2024-08-24 21:53:00,elena.cohen@sampleco.test,Jordan Ford,2025-01-24 10:55:00,drew.cohen@acme-fake.test,Rowan Costa,2024-02-21 23:21:00,Y,Arjun Larsson,Yara Okafor,Jordan Nguyen,TAG-7454,Software Developer,,,,,,LOT-9687,,,TAG-5448,jordan.nguyen@acme-fake.test,,,,Active,100269,,100043,,100134,,,,,,,100115,Other,100055,,N,Delta,100089,100540,,arjun.okafor@acme-fake.test,drew.brooks@examplecorp.test,Re-engagement,100469,Blue Ridge Capital Co,Alpha,,,,,,,,,,,,Y,
100774,Contact,104672,quinn.dorsey@sampleco.test,Marco Mercer,2025-03-20 02:25:00,marco.nguyen@sampleco.test,Emerson Larsson,2024-01-04 13:47:00,nina.cohen@sampleco.test,Fatima Dorsey,2025-11-15 12:33:00,sofia.ashby@acme-fake.test,Rahul Ford,2023-02-02 20:08:00,Y,Morgan Okafor,Diego Mensah,Omar Okafor,REF-7164,Customer Success Manager,,,,,,,,LOT-2129,SKU-5136,omar.okafor@sampleco.test,,,,Active,,100761,100387,100031,100157,,,,,100595,,100470,Gamma,100309,,,Other,,,,morgan.nguyen@demomail.test,rowan.reyes@examplecorp.test,Product Update,100208,Everest Solutions Ltd,Delta,,,,,,,,,,,,,
100012,Contact,104675,fatima.rossi@acme-fake.test,Avery Sato,2025-01-13 23:27:00,marco.sloan@demomail.test,Casey Mensah,2025-10-25 15:32:00,liam.cohen@demomail.test,Reese Blake,2023-02-14 20:13:00,drew.patel@examplecorp.test,Priya Cohen,2025-12-24 09:23:00,Y,Omar Vance,Jamie Nguyen,Aisha Brooks,REF-3040,Data Analyst,,,,,Delta,,,SKU-3625,REF-9433,aisha.brooks@acme-fake.test,,,,Active,100613,100490,100741,100405,100717,,,,,100467,,100718,Delta,100449,,,Alpha,,100071,,marco.larsson@examplecorp.test,chen.whitfield@examplecorp.test,Product Update,100595,Brightpath Energy Corp,,,,,,,,,101889,,,,N,
100016,Contact,104678,arjun.nguyen@sampleco.test,Arjun Cohen,2025-01-15 16:21:00,taylor.garcia@examplecorp.test,Drew Ivanov,2025-11-02 00:29:00,quinn.ford@acme-fake.test,Diego Blake,2026-01-06 05:05:00,morgan.ford@examplecorp.test,Riley Ashby,2024-02-16 18:22:00,N,Quinn Rossi,Morgan Costa,Arjun Okafor,SKU-2991,Accountant,,,,,,,4313,SKU-6354,REF-2265,arjun.okafor@demomail.test,,,,Inactive,100149,100014,100445,100627,,,,,,100288,,,Other,100305,,,,,100077,,liam.ivanov@examplecorp.test,alex.dorsey@acme-fake.test,Event Invite,100740,Harbor Dynamics LLC,,100071,,,,,,,,,,,,
100352,Contact,104681,mei.ivanov@examplecorp.test,Yara Mensah,2026-07-20 13:24:00,sofia.reyes@acme-fake.test,Rahul Kim,2026-05-14 13:18:00,noah.haddad@sampleco.test,Quinn Garcia,2024-01-19 13:04:00,reese.kim@demomail.test,Avery Ford,2025-05-19 12:05:00,Y,Jordan Larsson,Emerson Whitfield,Rahul Costa,SKU-6071,Customer Success Manager,,,,,,,,,SKU-6822,rahul.costa@sampleco.test,,,,Active,,100396,100016,100782,100199,,,,,,,100204,Delta,100484,,,Beta,100724,100680,,arjun.dorsey@acme-fake.test,noah.calder@demomail.test,Event Invite,100786,,Standard,100718,,,,,,,101887,,,,Y,
100100,Contact,104683,casey.reyes@demomail.test,Alex Haddad,2022-11-03 16:01:00,diego.silva@demomail.test,Skyler Blake,2025-09-02 06:29:00,rahul.sloan@demomail.test,Yara Calder,2023-04-09 12:53:00,rahul.mercer@examplecorp.test,Casey Nguyen,2026-03-15 04:21:00,Y,Liam Mensah,Priya Dorsey,Fatima Sloan,SKU-6683,Operations Associate,,SKU-3601,,Other,,,,REF-3418,REF-6470,fatima.sloan@acme-fake.test,,,,Active,100016,,100053,,,,,,,100253,,100714,Standard,100103,,,Alpha,100686,100317,,rowan.nguyen@sampleco.test,casey.brooks@examplecorp.test,Re-engagement,100522,,Standard,100273,,,,4,,,101849,N,,,Y,
100315,Contact,104686,skyler.cohen@acme-fake.test,Marco Garcia,2025-11-03 14:25:00,diego.mercer@demomail.test,Morgan Larsson,2023-11-29 08:26:00,reese.sato@sampleco.test,Rowan Whitfield,2022-10-24 18:18:00,noah.ashby@acme-fake.test,Priya Blake,2025-06-25 15:36:00,Y,Elena Mensah,Riley Brooks,Avery Ashby,REF-7722,Payroll Specialist,,,,,,,,TAG-5237,SKU-6797,avery.ashby@sampleco.test,,,,Active,,100319,100119,100658,100555,,,,,,,100003,Other,100003,,Y,,,100155,,skyler.sloan@acme-fake.test,chen.kim@sampleco.test,Event Invite,100103,,,100054,,,,,,,101857,,,,,
100077,Contact,104688,jamie.silva@demomail.test,Fatima Ford,2026-07-25 03:59:00,riley.mensah@acme-fake.test,Aisha Patel,2024-04-06 21:09:00,drew.costa@examplecorp.test,Yara Nguyen,2022-12-16 09:35:00,mei.mensah@demomail.test,Morgan Brooks,2025-11-24 11:32:00,N,Alex Sato,Aisha Haddad,Alex Reyes,LOT-8651,Operations Associate,,,,,,LOT-3989,,,SKU-8511,alex.reyes@acme-fake.test,,,,Inactive,100196,100445,100130,100665,,,,,,100481,,100627,Other,100432,,,Standard,100086,,,liam.ashby@examplecorp.test,priya.kim@examplecorp.test,Quarterly Newsletter,100568,,,,,,,,,,,,,,,
100314,Contact,104690,drew.cohen@examplecorp.test,Fatima Whitfield,2023-09-11 13:23:00,avery.costa@demomail.test,Emerson Blake,2025-08-26 14:26:00,riley.silva@examplecorp.test,Liam Dorsey,2025-09-13 07:05:00,emerson.rossi@acme-fake.test,Avery Rossi,2023-12-17 07:02:00,N,Liam Vance,Skyler Mercer,Liam Sloan,TAG-5930,Executive Assistant,,,,,,,,,LOT-9084,liam.sloan@sampleco.test,,,,Inactive,100035,100315,100405,,100325,,,,,,,,Alpha,100079,,Y,,,,,casey.ashby@acme-fake.test,chen.whitfield@sampleco.test,Quarterly Newsletter,100470,Falcon Capital Ltd,,100392,,,,,,,101815,,,,Y,
100554,Contact,104693,diego.reyes@examplecorp.test,Priya Mercer,2024-06-03 10:40:00,alex.ford@sampleco.test,Elena Calder,2024-10-06 12:03:00,noah.dorsey@demomail.test,Marco Okafor,2025-02-11 14:35:00,avery.nguyen@demomail.test,Arjun Kim,2025-02-06 20:20:00,Y,Rowan Cohen,Skyler Dorsey,Taylor Calder,TAG-1751,QA Engineer,,,,,,,,,REF-6911,taylor.calder@sampleco.test,,,,Active,,100468,100669,100467,100158,,,,,100335,,100466,Other,100393,,,Standard,100724,100299,,taylor.garcia@acme-fake.test,drew.mercer@acme-fake.test,Renewal Nudge,100561,,,,,,,,,,,,,,Y,
100449,Contact,104694,reese.ford@sampleco.test,Priya Whitfield,2024-03-13 19:53:00,liam.brooks@examplecorp.test,Reese Sato,2023-08-23 12:30:00,morgan.ivanov@examplecorp.test,Fatima Costa,2023-12-15 02:26:00,fatima.rossi@examplecorp.test,Jamie Reyes,2026-07-03 09:52:00,Y,Mei Reyes,Elena Calder,Alex Vance,LOT-6513,Customer Success Manager,,,,Alpha,,,,,TAG-1053,alex.vance@demomail.test,,,,Active,100168,100193,100263,100779,100441,,,,,100606,,100791,Gamma,100378,,,,,100210,,avery.vance@sampleco.test,drew.whitfield@examplecorp.test,Product Update,100714,,Beta,,,,,,,,,,,,Y,
100019,Contact,104695,nina.ford@acme-fake.test,Omar Mensah,2024-05-16 03:51:00,rowan.costa@sampleco.test,Drew Whitfield,2023-10-18 13:10:00,chen.mensah@acme-fake.test,Mei Sato,2022-10-05 06:15:00,rowan.mensah@sampleco.test,Chen Kim,2026-06-03 18:16:00,Y,Noah Silva,Elena Ivanov,Omar Whitfield,SKU-6195,Recruiter,,,,,,,,,LOT-3790,omar.whitfield@examplecorp.test,,,,Active,,,100098,100439,,,,,,100181,,100496,Other,100211,,,,,,,liam.haddad@acme-fake.test,aisha.sato@demomail.test,Renewal Nudge,100295,Lakeside Textiles Co,,100178,,2,,,,,,,,,N,
100292,Contact,104696,arjun.reyes@sampleco.test,Rahul Cohen,2022-11-01 23:33:00,chen.cohen@examplecorp.test,Casey Kim,2026-01-10 21:13:00,rowan.vance@examplecorp.test,Yara Okafor,2024-09-26 16:07:00,drew.larsson@sampleco.test,Omar Ford,2023-01-29 20:45:00,Y,Emerson Cohen,Emerson Blake,Arjun Ivanov,REF-2395,Project Manager,,,,,,,,,SKU-3748,arjun.ivanov@examplecorp.test,,,,Active,,,100604,100535,100372,TAG-9075,,,,100210,,100340,Standard,100123,,,Alpha,,100691,,nina.mercer@acme-fake.test,arjun.calder@examplecorp.test,Renewal Nudge,100247,,Delta,100790,,,,,,,101887,,,,,N
100149,Contact,104699,noah.sato@acme-fake.test,Marco Mercer,2026-06-24 10:15:00,emerson.sato@demomail.test,Yara Rossi,2024-01-11 13:43:00,emerson.cohen@examplecorp.test,Avery Vance,2024-02-23 01:18:00,aisha.garcia@acme-fake.test,Alex Nguyen,2022-10-06 06:47:00,Y,Skyler Mensah,Omar Okafor,Fatima Brooks,LOT-2189,HR Generalist,,,,,,,,TAG-8246,TAG-3638,fatima.brooks@examplecorp.test,,,,Active,,100514,100256,100352,,,,,,,,100275,Delta,100771,,Y,Beta,100121,,,rahul.reyes@acme-fake.test,drew.brooks@sampleco.test,Event Invite,100380,,Alpha,100155,,,,,,,,,,,Y,
100260,Contact,104701,yara.kim@examplecorp.test,Alex Ashby,2026-01-04 20:41:00,marco.vance@demomail.test,Riley Okafor,2025-04-22 07:49:00,quinn.blake@acme-fake.test,Marco Cohen,2023-05-31 22:51:00,yara.haddad@acme-fake.test,Chen Kim,2023-10-18 01:09:00,Y,Liam Costa,Reese Okafor,Priya Garcia,REF-4790,Financial Analyst,,,,,,,,,TAG-2410,priya.garcia@sampleco.test,,,,Active,100487,100548,100386,,,,,,,100156,,100322,Alpha,100680,,,,100730,100183,,skyler.blake@acme-fake.test,arjun.cohen@examplecorp.test,Product Update,100061,Delta Media Inc,,100182,,,,,,,101881,Y,,,Y,Y
100403,Contact,104703,marco.haddad@demomail.test,Nina Whitfield,2026-04-29 05:27:00,omar.garcia@sampleco.test,Avery Okafor,2025-10-12 14:49:00,elena.mercer@sampleco.test,Marco Ford,2024-12-24 13:23:00,casey.vance@sampleco.test,Chen Cohen,2023-09-15 21:33:00,Y,Priya Larsson,Omar Patel,Aisha Sloan,REF-3802,Payroll Specialist,,,,,,,,,LOT-9245,aisha.sloan@acme-fake.test,,,,Active,100596,100087,100050,100758,,,,,,100478,,100201,Delta,100232,,,Delta,100106,100117,,rowan.reyes@acme-fake.test,emerson.sato@examplecorp.test,Event Invite,100055,,,,,,,,,,101834,,,,N,
100405,Contact,104706,morgan.whitfield@acme-fake.test,Rahul Reyes,2025-06-25 15:41:00,rowan.mensah@sampleco.test,Noah Ivanov,2025-02-08 10:21:00,quinn.reyes@sampleco.test,Casey Brooks,2026-03-31 00:10:00,skyler.silva@acme-fake.test,Rowan Okafor,2023-09-11 02:44:00,Y,Alex Nguyen,Fatima Whitfield,Yara Larsson,LOT-2730,Payroll Specialist,,,,,,,,TAG-8418,REF-3264,yara.larsson@sampleco.test,,,,Active,100371,,100038,100317,,,,,,100055,,100065,Gamma,100232,,,Beta,,100551,,omar.ashby@acme-fake.test,casey.blake@sampleco.test,Event Invite,100371,Pioneer Foods LLP,Alpha,,,,,,,,101800,,,,,
100493,Contact,104709,emerson.reyes@demomail.test,Casey Mensah,2025-10-07 05:30:00,rowan.haddad@sampleco.test,Casey Sloan,2024-10-14 21:15:00,rowan.haddad@acme-fake.test,Rahul Mercer,2023-04-01 18:38:00,diego.whitfield@acme-fake.test,Liam Reyes,2025-10-16 00:26:00,Y,Emerson Cohen,Emerson Garcia,Emerson Sato,SKU-3334,Project Manager,,,,,Other,,,TAG-3367,TAG-7278,emerson.sato@sampleco.test,,,,Active,100211,,100133,,100348,TAG-4310,,,,100405,,100385,Standard,100307,,,Alpha,100096,,,emerson.calder@acme-fake.test,alex.calder@acme-fake.test,Event Invite,100429,,Alpha,,,,4,,,,101849,,,,Y,
100357,Contact,104712,morgan.kim@demomail.test,Priya Blake,2025-05-10 04:30:00,elena.patel@examplecorp.test,Fatima Okafor,2024-09-02 14:30:00,avery.larsson@sampleco.test,Alex Reyes,2026-04-21 21:35:00,liam.rossi@acme-fake.test,Taylor Kim,2026-07-13 05:53:00,Y,Mei Vance,Marco Dorsey,Riley Ashby,LOT-4395,Software Developer,,,,,,,,TAG-7286,SKU-2341,riley.ashby@acme-fake.test,,,,Active,,100349,100271,100121,100559,,,,,100273,,,Standard,100478,,,Standard,100031,,,yara.vance@demomail.test,mei.kim@demomail.test,Re-engagement,100147,,Beta,100172,,,,,,,,,,,N,
100565,Contact,104715,morgan.okafor@acme-fake.test,Marco Ashby,2026-01-23 05:52:00,marco.silva@examplecorp.test,Nina Blake,2023-01-13 06:47:00,rowan.kim@demomail.test,Fatima Kim,2026-03-26 11:00:00,morgan.okafor@sampleco.test,Taylor Ashby,2025-05-20 07:27:00,Y,Marco Blake,Jamie Ford,Morgan Patel,REF-5152,Payroll Specialist,,,,,,,,,LOT-8150,morgan.patel@demomail.test,,,,Active,,100199,100120,,100730,,,,,,,100043,Alpha,100688,,,Beta,100429,100776,,taylor.patel@acme-fake.test,avery.ivanov@examplecorp.test,Product Update,100115,,Delta,100590,,,,,,,101873,,,,,
100380,Contact,104716,noah.ashby@examplecorp.test,Skyler Mensah,2026-02-03 09:04:00,nina.calder@examplecorp.test,Reese Sloan,2026-05-08 14:26:00,reese.okafor@sampleco.test,Quinn Cohen,2026-03-20 10:31:00,diego.reyes@acme-fake.test,Avery Ivanov,2023-02-09 12:00:00,Y,Rahul Rossi,Reese Silva,Drew Larsson,LOT-3885,Bookkeeper,,,,,,,,,REF-2269,drew.larsson@acme-fake.test,,,,Active,,100658,100629,,100660,,,,,100383,,,Standard,100142,,,,100438,100106,,omar.vance@acme-fake.test,jordan.mercer@sampleco.test,Event Invite,100012,,Gamma,100494,,,,6,,,101862,,,,,
100561,Contact,104718,alex.larsson@demomail.test,Casey Calder,2024-08-09 21:12:00,sofia.ivanov@examplecorp.test,Elena Cohen,2023-09-23 18:45:00,taylor.vance@sampleco.test,Morgan Costa,2022-10-10 03:05:00,reese.ashby@demomail.test,Aisha Calder,2023-11-29 10:39:00,N,Riley Ashby,Reese Rossi,Sofia Silva,TAG-3884,Financial Analyst,,TAG-1869,,,,,4639,,TAG-1232,sofia.silva@examplecorp.test,,,,Inactive,100727,,100700,100512,100650,,,,,100599,,100157,Other,100208,,,Standard,,100503,,alex.whitfield@acme-fake.test,riley.dorsey@demomail.test,Quarterly Newsletter,100498,,Alpha,100022,,,,,,,101851,,,,,
100028,Contact,104719,omar.calder@examplecorp.test,Yara Ford,2025-07-21 17:02:00,riley.okafor@sampleco.test,Quinn Mensah,2023-04-29 02:44:00,noah.mensah@examplecorp.test,Casey Kim,2025-01-13 05:59:00,rahul.okafor@examplecorp.test,Yara Ivanov,2025-09-17 14:02:00,N,Jamie Mensah,Mei Kim,Yara Kim,SKU-4912,Executive Assistant,,,,,,,,,REF-2755,yara.kim@sampleco.test,,,,Inactive,100236,100652,100648,100103,,,,,,100199,,100309,Standard,100441,,,Other,,100162,,drew.calder@examplecorp.test,noah.ford@demomail.test,Product Update,100471,,Beta,100671,,,,,,,101830,,,,,
100552,Contact,104720,arjun.larsson@sampleco.test,Alex Okafor,2025-02-05 00:56:00,elena.blake@examplecorp.test,Sofia Mercer,2025-08-29 01:21:00,yara.vance@acme-fake.test,Taylor Brooks,2024-08-06 14:46:00,yara.dorsey@demomail.test,Rahul Mensah,2022-12-29 02:11:00,N,Diego Ford,Aisha Cohen,Mei Brooks,REF-5659,Accountant,,,,,Beta,,,,TAG-7486,mei.brooks@sampleco.test,,,,Inactive,100707,,100576,,100403,,,,,100284,,100436,Delta,100639,,,,100548,,,arjun.blake@demomail.test,fatima.larsson@examplecorp.test,Event Invite,100404,Harbor Media,Alpha,100661,,7,,,,,101865,,,,,
100613,Contact,104722,reese.blake@demomail.test,Arjun Brooks,2023-10-29 19:49:00,omar.larsson@examplecorp.test,Morgan Reyes,2023-07-23 02:52:00,aisha.whitfield@acme-fake.test,Liam Sloan,2025-08-31 03:26:00,omar.whitfield@acme-fake.test,Yara Larsson,2023-04-13 14:29:00,N,Emerson Rossi,Alex Sato,Alex Haddad,SKU-2366,Data Analyst,,,,,,,,REF-5234,LOT-7655,alex.haddad@examplecorp.test,,,,Inactive,,,100415,100079,100507,REF-4612,,,,100050,,100019,Standard,100058,,,Gamma,100512,100696,,alex.ashby@examplecorp.test,emerson.silva@sampleco.test,Quarterly Newsletter,100386,,Standard,100145,,0,,,,,101831,,,,N,
100761,Contact,104723,rahul.mercer@acme-fake.test,Rowan Whitfield,2026-01-15 01:28:00,mei.nguyen@sampleco.test,Drew Costa,2024-12-19 15:20:00,diego.vance@demomail.test,Diego Nguyen,2025-11-05 09:23:00,noah.larsson@demomail.test,Elena Ford,2023-12-06 07:41:00,Y,Mei Silva,Diego Rossi,Rahul Calder,TAG-5079,QA Engineer,,,,,,,,,REF-1281,rahul.calder@examplecorp.test,,,,Active,,100250,100672,100205,,,,,,100512,,100345,Alpha,100475,,,Delta,,,,jamie.patel@examplecorp.test,rowan.larsson@examplecorp.test,Renewal Nudge,100535,,Other,100768,,,,,,,,,,,N,N
100675,Contact,104725,alex.sato@examplecorp.test,Mei Mercer,2026-06-07 10:08:00,rahul.silva@acme-fake.test,Morgan Mercer,2023-08-28 14:02:00,morgan.okafor@demomail.test,Alex Mercer,2025-02-13 23:21:00,arjun.haddad@demomail.test,Rowan Mercer,2025-10-24 18:40:00,Y,Marco Sloan,Liam Larsson,Quinn Ivanov,LOT-3092,Marketing Coordinator,,,,,,,,,REF-7674,quinn.ivanov@demomail.test,,,,Active,100495,100656,100319,100652,,,,,,,,,Alpha,100484,,,,100587,,,arjun.vance@demomail.test,morgan.dorsey@sampleco.test,Re-engagement,100244,,Gamma,100200,,,,,,,101834,,,,Y,
100298,Contact,104726,rowan.patel@demomail.test,Taylor Ivanov,2025-04-21 06:00:00,omar.larsson@sampleco.test,Sofia Larsson,2025-12-19 01:22:00,omar.cohen@acme-fake.test,Reese Vance,2025-03-13 04:27:00,rahul.ford@examplecorp.test,Noah Okafor,2026-02-06 12:35:00,Y,Taylor Kim,Avery Garcia,Arjun Ivanov,REF-7998,Support Specialist,,,,,,,,,LOT-9054,arjun.ivanov@sampleco.test,,,,Active,100185,100661,100217,,,,,,,100250,,100123,Other,100470,,,Alpha,,100735,,casey.silva@sampleco.test,jordan.silva@examplecorp.test,Event Invite,100509,Atlas Energy,Alpha,,,,,,,,,,,,Y,
100196,Contact,104729,noah.ford@sampleco.test,Noah Blake,2026-04-13 19:35:00,sofia.ashby@examplecorp.test,Jordan Larsson,2023-06-19 16:33:00,marco.sato@sampleco.test,Emerson Sato,2024-10-31 21:21:00,yara.vance@demomail.test,Fatima Brooks,2024-12-26 15:07:00,N,Casey Mensah,Reese Garcia,Nina Ivanov,LOT-2233,Data Analyst,,,,,,,,,TAG-1265,nina.ivanov@examplecorp.test,,,,Inactive,100140,,100405,100490,,,,,,,,,Beta,100733,,,Other,,100606,,rahul.blake@acme-fake.test,jordan.okafor@examplecorp.test,Renewal Nudge,100721,Horizon Capital Inc,Other,,,,,,,,101883,,,,Y,N
100247,Contact,104731,elena.dorsey@acme-fake.test,Nina Garcia,2025-12-10 13:49:00,rowan.mensah@demomail.test,Rahul Larsson,2026-04-18 23:39:00,aisha.silva@examplecorp.test,Yara Ivanov,2025-12-28 00:29:00,emerson.sloan@demomail.test,Nina Costa,2023-09-12 18:08:00,Y,Liam Blake,Nina Ashby,Emerson Sato,LOT-8509,Operations Associate,,,,,,,,,SKU-4654,emerson.sato@sampleco.test,,,,Active,100208,100578,100233,,100632,,,,,,,,Gamma,100359,,,Delta,100624,100211,,fatima.haddad@examplecorp.test,marco.ivanov@acme-fake.test,Quarterly Newsletter,100264,,,,,7,,,,,,,,,,
100726,Contact,104732,marco.haddad@acme-fake.test,Nina Blake,2024-08-08 05:21:00,taylor.mercer@demomail.test,Nina Calder,2026-03-15 15:37:00,rowan.mercer@examplecorp.test,Priya Haddad,2024-10-09 20:05:00,liam.whitfield@examplecorp.test,Marco Ford,2023-06-02 14:05:00,Y,Fatima Ford,Sofia Cohen,Sofia Calder,REF-9372,HR Generalist,,,,,,,4731,,LOT-4062,sofia.calder@demomail.test,,,,Active,,,100460,,100639,,,,,100733,,,Delta,100178,,,,,,,skyler.blake@demomail.test,aisha.haddad@demomail.test,Event Invite,100352,Granite Systems Ltd,Beta,100680,,,,,,,101816,,,,Y,
100137,Contact,104733,arjun.rossi@acme-fake.test,Elena Sloan,2023-01-10 21:46:00,riley.brooks@demomail.test,Alex Mensah,2025-10-03 16:15:00,rahul.sloan@acme-fake.test,Jamie Okafor,2023-05-13 00:23:00,fatima.rossi@sampleco.test,Yara Whitfield,2025-09-16 18:26:00,Y,Noah Costa,Liam Calder,Marco Dorsey,LOT-5987,Payroll Specialist,,,,,,,,LOT-5825,TAG-8510,marco.dorsey@demomail.test,,,,Active,100438,100226,100152,,,REF-7513,,,,,,100771,Standard,100343,,,,,,,nina.ivanov@sampleco.test,quinn.ivanov@sampleco.test,Quarterly Newsletter,100599,Summit Manufacturing,,100023,,,,,,,101853,,,,,
100596,Contact,104736,liam.nguyen@demomail.test,Noah Cohen,2023-05-03 20:22:00,priya.ivanov@demomail.test,Quinn Reyes,2024-05-23 06:11:00,noah.silva@demomail.test,Yara Reyes,2023-02-26 20:40:00,priya.ashby@acme-fake.test,Omar Patel,2025-08-09 00:19:00,Y,Taylor Garcia,Elena Mercer,Liam Patel,,Support Specialist,,,,,,,,LOT-5822,SKU-1593,liam.patel@examplecorp.test,,,,Active,100012,,100309,100423,100335,,,,,100361,,,Standard,100273,,N,Alpha,100665,100366,,skyler.larsson@demomail.test,rowan.costa@examplecorp.test,Re-engagement,100217,,,100345,,,,,,,,,,,,
100362,Contact,104739,taylor.mensah@examplecorp.test,Casey Brooks,2025-03-26 10:33:00,liam.mensah@examplecorp.test,Morgan Sato,2023-07-28 05:14:00,drew.dorsey@examplecorp.test,Aisha Cohen,2025-06-24 14:43:00,jamie.rossi@acme-fake.test,Yara Ivanov,2024-07-16 14:02:00,Y,Alex Reyes,Rahul Brooks,Riley Blake,SKU-2896,Project Manager,,,,,,,,SKU-8894,TAG-6726,riley.blake@demomail.test,,,,Active,100436,,100461,,100768,,,,,100500,,100033,Beta,100003,,,,100392,100208,,casey.vance@examplecorp.test,priya.haddad@demomail.test,Re-engagement,100753,Summit Analytics LLP,,100286,,,,,,,,,,,Y,
100428,Contact,104742,casey.cohen@examplecorp.test,Riley Reyes,2023-07-01 00:59:00,mei.nguyen@acme-fake.test,Emerson Dorsey,2024-09-20 19:08:00,marco.haddad@demomail.test,Liam Sato,2023-01-02 09:11:00,taylor.whitfield@acme-fake.test,Fatima Haddad,2024-06-22 02:02:00,Y,Jordan Larsson,Arjun Calder,Liam Calder,TAG-5472,Software Developer,,,,Other,,,,,REF-5288,liam.calder@acme-fake.test,,,,Active,,100267,100196,100658,,,,,,100246,,100751,Gamma,100369,,,Other,,,,alex.cohen@sampleco.test,liam.calder@examplecorp.test,Re-engagement,100172,,,100214,,,,,,,,,,,,
100215,Contact,104743,omar.nguyen@demomail.test,Aisha Silva,2025-05-08 14:19:00,rowan.garcia@sampleco.test,Elena Silva,2025-04-19 21:17:00,jordan.costa@demomail.test,Omar Okafor,2024-12-02 10:28:00,avery.cohen@sampleco.test,Jamie Haddad,2023-01-22 17:21:00,Y,Drew Garcia,Chen Okafor,Jordan Calder,TAG-1655,HR Generalist,,,,,Beta,,,REF-9135,SKU-8191,jordan.calder@sampleco.test,,,,Active,100713,100635,100134,100554,,,,,,100177,,100512,Gamma,100552,,,,,100140,,priya.ashby@acme-fake.test,jordan.sato@sampleco.test,Product Update,100050,,Beta,100325,,,,,,,101795,,,,,
100774,Contact,104746,diego.costa@sampleco.test,Fatima Sato,2026-06-25 19:42:00,chen.silva@acme-fake.test,Morgan Garcia,2024-06-10 03:31:00,chen.ashby@sampleco.test,Elena Nguyen,2026-01-22 19:28:00,chen.sloan@examplecorp.test,Drew Calder,2024-05-10 12:37:00,N,Noah Sloan,Arjun Costa,Liam Ivanov,REF-9126,Operations Associate,,REF-1641,,,,,,SKU-1859,SKU-2828,liam.ivanov@acme-fake.test,,,,Inactive,,100632,100658,,,,,,,,,100659,Standard,100205,,,,,100415,,emerson.ivanov@examplecorp.test,elena.okafor@demomail.test,Quarterly Newsletter,100661,,Other,100031,,,,,,,,,,,N,
100659,Contact,104749,alex.mercer@sampleco.test,Taylor Kim,2024-04-28 00:49:00,alex.whitfield@demomail.test,Sofia Sloan,2023-11-28 06:03:00,diego.vance@demomail.test,Reese Brooks,2025-12-17 13:39:00,rahul.nguyen@demomail.test,Priya Haddad,2023-02-14 11:14:00,Y,Fatima Costa,Mei Reyes,Taylor Nguyen,REF-1206,Customer Success Manager,,,,,,,,,SKU-1092,taylor.nguyen@examplecorp.test,,,,Active,,100317,100414,,100751,,,,,100193,,,Delta,100399,,,,100382,,,marco.mercer@demomail.test,mei.garcia@examplecorp.test,Event Invite,100401,Keystone Health LLP,Delta,100782,,,,,,,,Y,,,,N
100643,Contact,104751,mei.whitfield@sampleco.test,Quinn Okafor,2023-12-23 12:24:00,taylor.whitfield@examplecorp.test,Marco Ivanov,2024-03-16 22:47:00,mei.larsson@examplecorp.test,Morgan Brooks,2025-02-05 11:13:00,arjun.calder@acme-fake.test,Drew Costa,2024-03-29 08:14:00,Y,Morgan Calder,Mei Ivanov,Noah Whitfield,REF-1747,Project Manager,,,,,,REF-4827,,TAG-3318,TAG-5198,noah.whitfield@examplecorp.test,,,,Active,100429,,100761,100732,100445,,,,,,,100528,Delta,100193,,,Beta,,,,drew.sato@examplecorp.test,drew.sato@demomail.test,Product Update,100193,Ironwood Dynamics Inc,,,,,,,,,,,,,,
100399,Contact,104752,omar.okafor@acme-fake.test,Casey Kim,2024-06-12 11:56:00,priya.ivanov@examplecorp.test,Riley Okafor,2024-11-03 18:17:00,sofia.sloan@sampleco.test,Fatima Reyes,2025-08-02 13:31:00,noah.blake@examplecorp.test,Alex Sato,2025-06-12 15:02:00,N,Casey Ivanov,Drew Rossi,Casey Kim,SKU-9867,Support Specialist,,TAG-1577,,,,,,TAG-6089,LOT-2167,casey.kim@sampleco.test,,,,Inactive,100466,100079,100559,100173,,,,,,,,100441,Delta,100504,,,Gamma,,100688,,fatima.mensah@demomail.test,rowan.nguyen@demomail.test,Event Invite,100579,Harbor Health Ltd,,100403,,,,,,,101886,N,,,,
100751,Contact,104755,yara.okafor@sampleco.test,Chen Rossi,2026-05-13 09:45:00,nina.kim@acme-fake.test,Omar Ford,2026-03-27 22:00:00,fatima.nguyen@acme-fake.test,Yara Garcia,2022-11-03 02:54:00,mei.mercer@demomail.test,Mei Okafor,2024-09-17 11:29:00,Y,Priya Mensah,Marco Silva,Alex Ford,REF-7967,Support Specialist,,,,,,,,,REF-7285,alex.ford@acme-fake.test,,,,Active,100421,,100659,100569,100624,,,,,,,100441,Delta,100322,,Y,,100559,100350,,chen.sato@demomail.test,fatima.mensah@sampleco.test,Event Invite,100311,,,100707,,,,,,,101840,Y,,,N,
100339,Contact,104758,mei.mensah@acme-fake.test,Noah Blake,2025-01-13 22:39:00,liam.cohen@acme-fake.test,Casey Ashby,2024-01-20 13:14:00,emerson.cohen@sampleco.test,Riley Ashby,2026-01-25 13:03:00,mei.ashby@acme-fake.test,Jamie Okafor,2024-07-21 04:41:00,Y,Emerson Okafor,Mei Garcia,Yara Nguyen,LOT-7656,HR Generalist,,,,,,,,,REF-5389,yara.nguyen@acme-fake.test,,,,Active,100770,,100761,,100718,,,,,,,100092,Gamma,100420,,,Gamma,100717,100743,,drew.mercer@acme-fake.test,yara.brooks@sampleco.test,Renewal Nudge,100200,Harbor Logistics Inc,,,,,,,,,101871,,,,Y,
100031,Contact,104759,taylor.whitfield@demomail.test,Reese Mercer,2023-01-21 20:31:00,alex.reyes@demomail.test,Taylor Brooks,2024-05-04 13:06:00,sofia.vance@acme-fake.test,Priya Ashby,2025-04-22 02:11:00,rahul.garcia@sampleco.test,Avery Mercer,2026-04-27 19:41:00,Y,Diego Vance,Jordan Mercer,Priya Rossi,LOT-4682,Recruiter,,,,,,,,,REF-9958,priya.rossi@demomail.test,,,,Active,,,100383,,100578,,,,,100147,,100561,Standard,100182,,,Alpha,,100756,,liam.sato@sampleco.test,rahul.nguyen@examplecorp.test,Renewal Nudge,100758,Evergreen Networks Ltd,,100211,,,,,,,,,,,,Y
100768,Contact,104760,quinn.ashby@acme-fake.test,Liam Reyes,2023-07-24 05:38:00,liam.haddad@examplecorp.test,Emerson Mercer,2024-10-16 14:58:00,chen.reyes@demomail.test,Liam Costa,2024-02-20 21:46:00,mei.ashby@demomail.test,Aisha Mensah,2022-12-06 20:39:00,Y,Chen Dorsey,Diego Blake,Nina Dorsey,LOT-3954,Recruiter,,,,,,,,REF-5837,TAG-6181,nina.dorsey@demomail.test,,,,Active,,,100089,100604,100277,,,,,100401,,,Gamma,100291,,,,,,,riley.ashby@examplecorp.test,alex.mercer@sampleco.test,Product Update,100305,Redwood Systems Co,,100267,,,,,,,101812,,,,Y,
100441,Contact,104763,alex.ivanov@sampleco.test,Skyler Cohen,2024-03-30 08:55:00,omar.reyes@examplecorp.test,Alex Calder,2024-06-19 22:28:00,marco.mensah@demomail.test,Omar Dorsey,2024-03-30 10:10:00,morgan.garcia@acme-fake.test,Yara Whitfield,2022-10-30 19:34:00,N,Reese Sloan,Reese Ford,Liam Rossi,SKU-9128,Bookkeeper,,,,,,,,LOT-1479,TAG-3914,liam.rossi@demomail.test,,,,Inactive,100229,100616,100053,100436,,,,,,100476,,100196,Gamma,100650,,N,Beta,100616,100741,,jamie.vance@demomail.test,noah.haddad@examplecorp.test,Renewal Nudge,100490,,,100545,,,,,,,101858,,,,Y,
100152,Contact,104764,arjun.okafor@sampleco.test,Quinn Nguyen,2024-04-04 23:39:00,nina.costa@demomail.test,Nina Costa,2026-02-02 06:58:00,drew.dorsey@examplecorp.test,Riley Cohen,2023-10-05 12:34:00,omar.reyes@acme-fake.test,Quinn Vance,2023-06-07 01:35:00,Y,Priya Costa,Casey Vance,Elena Kim,TAG-9634,Recruiter,,,,,,,,,REF-9289,elena.kim@demomail.test,,,,Active,,100726,100648,,100790,REF-1435,,,,100172,,100365,Other,100496,,,,100250,100086,,drew.nguyen@examplecorp.test,casey.dorsey@demomail.test,Renewal Nudge,100303,Delta Solutions LLC,Standard,100145,,,,,,,101816,,,,,
100082,Contact,104765,aisha.costa@demomail.test,Jamie Sato,2026-03-26 01:28:00,chen.mercer@acme-fake.test,Fatima Nguyen,2023-01-01 13:39:00,casey.larsson@acme-fake.test,Marco Kim,2023-01-23 06:01:00,jordan.reyes@examplecorp.test,Elena Sloan,2023-12-19 02:37:00,Y,Chen Costa,Jordan Kim,Jamie Nguyen,SKU-3720,Accountant,,,,,,,,REF-3716,REF-3798,jamie.nguyen@sampleco.test,,,,Active,100340,100675,100155,100117,100415,,,,,100466,,100256,Delta,100569,,,,100330,100365,,drew.costa@examplecorp.test,yara.rossi@acme-fake.test,Event Invite,100652,,,100183,,,,,,,101862,Y,,,N,
100387,Contact,104766,arjun.rossi@sampleco.test,Priya Ivanov,2024-09-09 13:58:00,omar.haddad@examplecorp.test,Diego Mercer,2024-04-24 22:54:00,morgan.calder@demomail.test,Aisha Dorsey,2024-08-25 17:17:00,fatima.nguyen@sampleco.test,Priya Rossi,2025-03-22 02:27:00,Y,Mei Ivanov,Yara Dorsey,Quinn Costa,LOT-7071,Executive Assistant,,,,,,,,,SKU-9487,quinn.costa@acme-fake.test,,,,Active,,,100026,100775,100468,,,,,100532,,100590,Gamma,100264,,,Beta,,100595,,quinn.rossi@examplecorp.test,alex.silva@examplecorp.test,Re-engagement,100707,,Alpha,,,,,,,,101812,N,,,N,
100608,Contact,104769,emerson.kim@demomail.test,Omar Haddad,2024-07-17 19:02:00,morgan.mercer@examplecorp.test,Fatima Mensah,2023-01-02 23:24:00,liam.haddad@examplecorp.test,Omar Kim,2025-10-24 13:01:00,elena.mensah@acme-fake.test,Emerson Patel,2024-12-24 18:37:00,Y,Alex Ashby,Omar Ivanov,Fatima Ford,LOT-6032,HR Generalist,,,,Standard,,,,,REF-5111,fatima.ford@acme-fake.test,,,,Active,100117,100292,100125,,100732,,,,,100328,,,Alpha,100762,,,,,100651,,priya.nguyen@demomail.test,arjun.blake@demomail.test,Renewal Nudge,100061,Meridian Foods Group,Delta,100029,,,,,,,,N,,,N,
100596,Contact,104771,diego.dorsey@examplecorp.test,Rowan Dorsey,2025-03-28 05:03:00,noah.rossi@acme-fake.test,Mei Sloan,2023-11-05 20:21:00,jamie.mercer@sampleco.test,Morgan Brooks,2023-10-30 23:21:00,diego.nguyen@acme-fake.test,Casey Vance,2024-07-12 19:50:00,N,Taylor Rossi,Aisha Vance,Quinn Silva,TAG-9889,Marketing Coordinator,,,,,Gamma,,,,TAG-4355,quinn.silva@sampleco.test,,,,Inactive,100350,100579,100383,,100756,,,,,100220,,100291,Alpha,100224,,,Other,100220,100632,,liam.dorsey@demomail.test,drew.garcia@sampleco.test,Product Update,100188,Granite Industries Ltd,,,,,,,,,101813,,,,N,
100639,Contact,104774,elena.sloan@demomail.test,Emerson Whitfield,2024-06-09 11:34:00,priya.ashby@examplecorp.test,Morgan Haddad,2023-09-04 10:14:00,emerson.brooks@examplecorp.test,Mei Mercer,2024-07-27 07:53:00,jamie.kim@acme-fake.test,Morgan Kim,2024-07-17 02:27:00,N,Drew Larsson,Mei Whitfield,Priya Okafor,TAG-7358,Software Developer,,,,,,,,,REF-7426,priya.okafor@examplecorp.test,,,,Inactive,100435,,100201,100168,,,,,,100714,,,Alpha,100561,,,Other,,100691,,noah.blake@sampleco.test,arjun.ivanov@examplecorp.test,Event Invite,100022,,,100495,,,,,,,,,,,N,
100271,Contact,104777,chen.mensah@examplecorp.test,Avery Sloan,2023-08-13 13:55:00,jamie.rossi@sampleco.test,Marco Calder,2024-08-26 07:13:00,priya.dorsey@examplecorp.test,Casey Blake,2024-11-03 21:52:00,jordan.kim@sampleco.test,Drew Larsson,2024-03-09 16:27:00,Y,Jordan Vance,Emerson Mercer,Sofia Silva,REF-2097,Bookkeeper,,,,,,,4507,,TAG-1717,sofia.silva@examplecorp.test,,,,Active,,100555,100700,100292,100229,,,,,,,,Beta,100158,,,,100578,100551,,emerson.kim@demomail.test,fatima.rossi@examplecorp.test,Event Invite,100181,Redwood Textiles Group,Other,100494,,,,,,,101860,,,,Y,
100046,Contact,104779,chen.calder@demomail.test,Morgan Okafor,2023-11-30 03:35:00,noah.larsson@demomail.test,Chen Reyes,2023-05-14 16:34:00,quinn.okafor@demomail.test,Rowan Mercer,2025-08-04 06:31:00,marco.haddad@sampleco.test,Avery Whitfield,2022-12-02 01:12:00,Y,Chen Ashby,Yara Mensah,Avery Silva,REF-1201,Customer Success Manager,,,,,,,,,TAG-4194,avery.silva@demomail.test,,,,Active,100112,,100458,100403,,,,,,,,,Standard,100062,,,Other,100661,100157,,sofia.brooks@sampleco.test,skyler.haddad@demomail.test,Event Invite,100707,,Alpha,,,0,,,,,101854,,,,,
100420,Contact,104782,omar.blake@acme-fake.test,Drew Ivanov,2025-11-21 07:34:00,aisha.dorsey@examplecorp.test,Aisha Okafor,2025-04-30 21:45:00,chen.vance@sampleco.test,Skyler Rossi,2024-04-30 16:45:00,jordan.ashby@acme-fake.test,Arjun Patel,2024-03-30 16:46:00,Y,Elena Cohen,Priya Haddad,Rahul Blake,,Marketing Coordinator,,,,,Standard,REF-5648,,SKU-7759,LOT-5456,rahul.blake@sampleco.test,,,,Active,100383,100083,100193,100762,100688,,,,,100622,,100735,Alpha,100349,,,Alpha,100115,100472,,jordan.cohen@examplecorp.test,rahul.ford@sampleco.test,Product Update,100053,Brightpath Dynamics Co,,100673,,4,,,,,,,,,N,
100349,Contact,104783,skyler.costa@sampleco.test,Chen Sato,2025-05-09 06:36:00,chen.larsson@sampleco.test,Arjun Sato,2024-02-28 13:35:00,casey.okafor@acme-fake.test,Nina Kim,2026-04-15 11:28:00,drew.patel@demomail.test,Nina Okafor,2022-11-28 12:26:00,Y,Omar Mercer,Diego Nguyen,Casey Okafor,LOT-9000,Payroll Specialist,,,,,,,,,SKU-8842,casey.okafor@sampleco.test,,,,Active,100785,100741,100596,100087,,,,,,100741,,100660,Standard,100139,,,Gamma,100174,,,avery.nguyen@demomail.test,omar.vance@demomail.test,Product Update,100038,,,,,,,,,,,,,,N,
100003,Contact,104785,liam.dorsey@demomail.test,Riley Kim,2023-05-24 19:10:00,casey.ivanov@acme-fake.test,Diego Dorsey,2024-06-26 14:14:00,rahul.silva@sampleco.test,Omar Ashby,2023-02-25 02:03:00,alex.sloan@demomail.test,Marco Silva,2026-06-05 12:09:00,Y,Elena Patel,Reese Silva,Diego Blake,TAG-8239,Project Manager,,,,,,,,,LOT-6141,diego.blake@examplecorp.test,,,,Active,,,100432,,100130,,,,,,,100158,Beta,100732,,,Delta,100500,,,elena.ivanov@acme-fake.test,skyler.brooks@acme-fake.test,Event Invite,100117,Cobalt Partners Ltd,Other,,,,,,,,101813,,,,,
100498,Contact,104786,jordan.okafor@sampleco.test,Diego Mercer,2023-09-22 16:30:00,rowan.ford@demomail.test,Mei Rossi,2023-09-06 15:32:00,nina.mensah@acme-fake.test,Riley Blake,2026-01-06 10:47:00,noah.ashby@examplecorp.test,Fatima Kim,2025-03-03 13:33:00,Y,Avery Calder,Chen Ashby,Jordan Calder,REF-7739,Accountant,,,,,,,,,TAG-1521,jordan.calder@acme-fake.test,,,,Active,100050,100643,100659,100174,100236,,,,,100040,,,Other,100721,,N,,,100199,,riley.sato@examplecorp.test,jamie.calder@examplecorp.test,Quarterly Newsletter,100475,Redwood Industries Co,Delta,,,,,,,,101805,,,,,
100449,Contact,104789,emerson.okafor@examplecorp.test,Taylor Cohen,2024-02-23 11:19:00,diego.calder@examplecorp.test,Skyler Mercer,2024-05-23 01:10:00,liam.mensah@examplecorp.test,Sofia Ashby,2026-01-01 22:44:00,emerson.sato@examplecorp.test,Avery Rossi,2022-11-18 19:53:00,Y,Chen Nguyen,Avery Cohen,Casey Larsson,SKU-1966,Payroll Specialist,,,,,,,,TAG-7381,LOT-8313,casey.larsson@acme-fake.test,,,,Active,100460,100572,100578,100779,,,,,,100569,,100073,Other,100295,,,Delta,,100574,,fatima.kim@acme-fake.test,fatima.larsson@acme-fake.test,Renewal Nudge,100759,Cardinal Manufacturing,,,,,,10,,,,Y,,,,
100152,Contact,104790,reese.sato@demomail.test,Alex Sloan,2024-03-05 09:09:00,priya.larsson@acme-fake.test,Liam Blake,2025-10-31 01:13:00,liam.ashby@examplecorp.test,Marco Ford,2024-08-19 12:15:00,aisha.calder@demomail.test,Sofia Ford,2023-03-07 09:35:00,Y,Omar Cohen,Omar Kim,Mei Dorsey,TAG-6105,Support Specialist,,SKU-7630,,,,,,TAG-3653,LOT-8968,mei.dorsey@examplecorp.test,,,,Active,100120,100386,100050,100407,100031,,,,,,,100558,Other,100068,,,Gamma,100775,,,chen.kim@examplecorp.test,sofia.garcia@demomail.test,Product Update,100404,,,,,,,,,,101888,,,,N,
100112,Contact,104792,casey.kim@sampleco.test,Casey Sloan,2025-11-02 10:16:00,liam.larsson@sampleco.test,Drew Blake,2024-01-21 06:10:00,drew.nguyen@examplecorp.test,Jamie Mercer,2023-06-03 04:28:00,morgan.ford@demomail.test,Chen Haddad,2025-04-29 17:28:00,Y,Rahul Ivanov,Alex Dorsey,Priya Larsson,SKU-2149,Project Manager,,,,,,,,,LOT-7645,priya.larsson@acme-fake.test,,,,Active,,100432,100219,100449,,,,,,,,100509,Standard,100790,,,,100606,100470,,omar.dorsey@examplecorp.test,chen.ivanov@acme-fake.test,Event Invite,100683,Copper Textiles Corp,Standard,100226,,,,0,,,,,,,N,
100117,Contact,104794,drew.mensah@sampleco.test,Chen Garcia,2026-03-08 05:25:00,morgan.vance@acme-fake.test,Alex Silva,2024-06-22 22:10:00,marco.haddad@sampleco.test,Omar Sloan,2024-02-24 08:39:00,jordan.garcia@examplecorp.test,Jordan Ashby,2026-05-16 03:20:00,Y,Rahul Rossi,Riley Blake,Noah Haddad,TAG-5324,Support Specialist,,,,,,,,LOT-1407,LOT-5668,noah.haddad@demomail.test,,,,Active,100383,100587,100495,100305,,TAG-3350,,,,,,,Delta,100043,,Y,Alpha,100054,100587,,morgan.garcia@demomail.test,noah.calder@acme-fake.test,Product Update,100461,Falcon Partners Group,Alpha,,,,,,,,101836,,,,,
100125,Contact,104796,noah.haddad@acme-fake.test,Liam Mensah,2025-04-30 09:36:00,drew.sato@acme-fake.test,Fatima Cohen,2024-11-23 08:14:00,quinn.kim@acme-fake.test,Diego Brooks,2025-05-15 02:40:00,mei.costa@sampleco.test,Rowan Nguyen,2023-11-06 14:03:00,Y,Chen Blake,Chen Blake,Quinn Cohen,SKU-1031,Financial Analyst,,,,,,,,,SKU-1913,quinn.cohen@examplecorp.test,,,,Active,,,100393,100385,100606,,,,,,,100507,Beta,100365,,,,,,,nina.garcia@examplecorp.test,chen.mercer@examplecorp.test,Product Update,100317,Atlas Partners LLP,Gamma,,,9,,2,,,101860,,,,N,
100117,Contact,104799,marco.nguyen@examplecorp.test,Riley Whitfield,2024-08-04 17:52:00,reese.blake@sampleco.test,Chen Ivanov,2024-11-30 00:29:00,noah.dorsey@demomail.test,Noah Ivanov,2023-07-25 11:41:00,priya.silva@acme-fake.test,Avery Haddad,2023-12-01 07:28:00,N,Fatima Dorsey,Rahul Brooks,Liam Garcia,LOT-3181,Recruiter,,,,,,,,,SKU-8696,liam.garcia@sampleco.test,,,,Inactive,,,100119,,,,,,,100650,,,Other,100208,,,,100428,,,avery.sloan@sampleco.test,marco.sloan@sampleco.test,Quarterly Newsletter,100561,,,100659,,,,,,,101888,,,,,
100046,Contact,104800,emerson.sloan@demomail.test,Avery Sloan,2023-07-28 01:18:00,fatima.cohen@acme-fake.test,Drew Reyes,2024-01-02 08:32:00,priya.larsson@demomail.test,Emerson Blake,2025-09-17 03:34:00,avery.mensah@examplecorp.test,Quinn Costa,2024-01-17 16:37:00,N,Diego Larsson,Liam Reyes,Nina Cohen,SKU-5230,HR Generalist,,,,,,,,,TAG-1411,nina.cohen@examplecorp.test,,,,Inactive,100375,100305,100421,100741,100484,,,,,,,100403,Standard,100232,,,Standard,100776,,,rahul.okafor@demomail.test,marco.garcia@demomail.test,Quarterly Newsletter,100361,,Alpha,100330,,5,,,,,,,,,Y,
100758,Contact,104801,morgan.kim@examplecorp.test,Priya Silva,2022-12-07 06:00:00,aisha.larsson@examplecorp.test,Priya Nguyen,2024-03-09 21:32:00,nina.vance@examplecorp.test,Quinn Reyes,2023-08-25 12:28:00,omar.whitfield@demomail.test,Chen Dorsey,2023-03-27 21:29:00,Y,Omar Ashby,Mei Blake,Elena Calder,TAG-7395,Customer Success Manager,,,,,,,,LOT-7202,LOT-3745,elena.calder@sampleco.test,,,,Active,,100559,100269,100219,,,,,,,,100652,Gamma,100378,,,Alpha,,100578,,reese.dorsey@acme-fake.test,arjun.whitfield@acme-fake.test,Event Invite,100569,,Alpha,,,,,,,,101873,,,,N,
100314,Contact,104803,reese.vance@examplecorp.test,Alex Rossi,2023-12-26 04:50:00,marco.sato@examplecorp.test,Skyler Sato,2025-07-20 15:06:00,sofia.dorsey@sampleco.test,Mei Dorsey,2023-07-18 16:19:00,avery.mensah@demomail.test,Nina Rossi,2024-08-26 20:39:00,Y,Aisha Vance,Skyler Nguyen,Chen Okafor,REF-6747,Accountant,,,,,,,,,TAG-2527,chen.okafor@demomail.test,,,,Active,100369,100134,100173,100145,,,,,,100396,,,Standard,100420,,,Other,,100292,,nina.silva@acme-fake.test,elena.haddad@demomail.test,Quarterly Newsletter,100768,Copper Health Inc,Other,,,,,,,,101857,,,,N,
100211,Contact,104806,chen.okafor@sampleco.test,Emerson Sato,2023-04-23 20:43:00,reese.sloan@demomail.test,Morgan Nguyen,2024-04-11 06:24:00,noah.whitfield@demomail.test,Quinn Rossi,2026-07-11 22:53:00,rahul.nguyen@sampleco.test,Omar Mercer,2026-03-11 11:13:00,Y,Elena Haddad,Aisha Sloan,Jordan Mercer,SKU-3333,Accountant,,LOT-5064,,Standard,Gamma,,,,LOT-8715,jordan.mercer@sampleco.test,,,,Active,,,100042,,100139,,,,,100751,,,Gamma,100673,,,Standard,100217,100686,,emerson.whitfield@demomail.test,rowan.nguyen@acme-fake.test,Product Update,100298,Horizon Logistics Co,Alpha,100165,,,,,,,101840,,,,,
100115,Contact,104807,taylor.ashby@acme-fake.test,Priya Mercer,2024-12-08 08:23:00,rowan.sato@demomail.test,Drew Rossi,2024-01-28 18:52:00,marco.dorsey@examplecorp.test,Rowan Mensah,2024-06-25 23:06:00,quinn.calder@demomail.test,Chen Whitfield,2026-06-17 00:31:00,N,Sofia Larsson,Skyler Nguyen,Reese Calder,TAG-7786,Marketing Coordinator,,,,,Alpha,,,,REF-1872,reese.calder@sampleco.test,,,,Inactive,,100291,100224,100787,100178,,,,,100157,,100096,Standard,100035,,,,100759,,,omar.mensah@demomail.test,morgan.ashby@demomail.test,Re-engagement,100264,Copper Labs LLC,,100410,,,,,,,,,,,Y,
100125,Contact,104809,diego.ford@examplecorp.test,Mei Sato,2026-05-14 23:17:00,yara.ivanov@examplecorp.test,Chen Sato,2024-02-12 18:59:00,priya.cohen@examplecorp.test,Diego Costa,2025-01-31 00:51:00,drew.brooks@demomail.test,Riley Cohen,2025-04-02 15:13:00,Y,Omar Silva,Avery Haddad,Rowan Silva,TAG-8226,Financial Analyst,,SKU-4083,,,,,,SKU-3727,LOT-5216,rowan.silva@examplecorp.test,,,,Active,100231,,100782,,100671,LOT-8499,,,,,,100669,Delta,100476,,,,,,,avery.reyes@sampleco.test,quinn.sato@acme-fake.test,Re-engagement,100405,,,100555,,,,,,,101888,,,,,
100454,Contact,104811,noah.vance@demomail.test,Diego Mensah,2024-07-14 16:34:00,elena.patel@sampleco.test,Drew Sato,2023-11-07 04:42:00,quinn.ivanov@acme-fake.test,Fatima Cohen,2025-11-18 04:00:00,rowan.brooks@sampleco.test,Rahul Haddad,2024-01-13 06:14:00,Y,Reese Nguyen,Priya Haddad,Skyler Rossi,SKU-7815,Executive Assistant,,,,,Gamma,,,REF-9440,SKU-5149,skyler.rossi@sampleco.test,,,,Active,100033,,100339,,,,,,,,,,Delta,100365,,,Other,100768,,,arjun.brooks@sampleco.test,skyler.haddad@examplecorp.test,Quarterly Newsletter,100139,,Alpha,,,,,,,,101827,,,,Y,
100747,Contact,104814,rahul.reyes@examplecorp.test,Liam Haddad,2025-09-15 15:43:00,sofia.sato@demomail.test,Mei Brooks,2023-12-03 00:42:00,noah.blake@demomail.test,Rowan Vance,2026-03-07 00:30:00,aisha.silva@demomail.test,Aisha Mensah,2026-07-13 22:37:00,Y,Quinn Dorsey,Elena Reyes,Liam Vance,TAG-3188,Accountant,,,,,,,,,TAG-9916,liam.vance@demomail.test,,,,Active,100771,,100062,,,,,,,,,100550,Delta,100664,,,Delta,,,,sofia.patel@sampleco.test,rahul.whitfield@demomail.test,Renewal Nudge,100106,Horizon Systems LLC,,,,,,,,,101812,,,,,
100035,Contact,104817,casey.okafor@examplecorp.test,Nina Sato,2025-02-25 16:20:00,liam.patel@sampleco.test,Casey Silva,2023-12-10 12:20:00,skyler.mercer@examplecorp.test,Chen Patel,2025-08-24 03:35:00,casey.mercer@sampleco.test,Jordan Ivanov,2025-06-10 01:52:00,Y,Noah Reyes,Elena Patel,Alex Nguyen,SKU-6492,Support Specialist,,,,Beta,,,,,SKU-9889,alex.nguyen@acme-fake.test,,,,Active,,100654,100498,100345,100454,,,,,100606,,,Standard,100224,,,Beta,,100284,,aisha.brooks@demomail.test,skyler.silva@sampleco.test,Re-engagement,100638,,Standard,100009,,,,,,,,,,,,
100747,Contact,104818,arjun.brooks@demomail.test,Noah Nguyen,2023-01-27 23:08:00,casey.larsson@sampleco.test,Riley Costa,2024-07-08 06:12:00,omar.sloan@examplecorp.test,Taylor Costa,2025-12-13 16:39:00,emerson.ivanov@sampleco.test,Arjun Ivanov,2024-10-02 12:55:00,N,Casey Haddad,Marco Silva,Priya Dorsey,LOT-3091,Bookkeeper,,,,,,,,TAG-9550,REF-9755,priya.dorsey@examplecorp.test,,,,Inactive,100191,100046,100242,100112,100208,,,,,,,,Alpha,100593,,,,,,,casey.larsson@sampleco.test,chen.ford@examplecorp.test,Event Invite,100619,Summit Health Group,Gamma,,,,,,,,101840,,,,,
100407,Contact,104819,sofia.sloan@sampleco.test,Aisha Haddad,2023-04-03 19:23:00,rahul.brooks@sampleco.test,Casey Mercer,2023-10-03 09:29:00,quinn.reyes@examplecorp.test,Omar Blake,2025-01-26 07:33:00,jordan.larsson@examplecorp.test,Priya Ashby,2022-11-21 12:54:00,Y,Mei Kim,Rahul Mercer,Mei Sato,TAG-4168,Support Specialist,,,,,,,,SKU-6220,TAG-4936,mei.sato@sampleco.test,,,,Active,,,100168,100325,100145,,,,,,,,Beta,100565,,,Other,100042,,,aisha.ashby@examplecorp.test,aisha.patel@demomail.test,Renewal Nudge,100439,,Gamma,,,,,,,,,,,,Y,
100595,Contact,104820,reese.mensah@sampleco.test,Elena Sato,2025-06-07 12:37:00,arjun.whitfield@sampleco.test,Priya Larsson,2026-02-24 10:25:00,diego.mercer@acme-fake.test,Elena Costa,2023-01-09 18:24:00,priya.costa@demomail.test,Casey Ivanov,2025-02-26 08:58:00,Y,Riley Vance,Drew Brooks,Rahul Rossi,LOT-2777,Financial Analyst,,,,,,,,,TAG-4288,rahul.rossi@demomail.test,,,,Active,,,100194,100035,100453,,,,,,,100753,Standard,100532,,,Beta,100619,,,priya.ford@examplecorp.test,taylor.blake@sampleco.test,Quarterly Newsletter,100033,,,,,,,,,,101815,,,,N,
100220,Contact,104822,morgan.ford@demomail.test,Riley Ford,2022-12-14 05:38:00,rowan.haddad@sampleco.test,Marco Dorsey,2026-03-01 04:33:00,alex.blake@acme-fake.test,Casey Rossi,2023-10-02 18:41:00,skyler.dorsey@acme-fake.test,Jordan Sloan,2022-10-16 06:04:00,Y,Diego Vance,Alex Brooks,Liam Patel,TAG-3344,HR Generalist,,,,,,,,LOT-9050,SKU-6163,liam.patel@examplecorp.test,,,,Active,100629,,100123,,100087,,,,,,,100065,Other,100787,,,,,,,omar.rossi@acme-fake.test,reese.silva@demomail.test,Re-engagement,100462,Brightpath Labs LLP,,100751,,,,,,,,,,,Y,Y
100467,Contact,104825,jordan.silva@sampleco.test,Liam Ivanov,2024-02-22 16:32:00,elena.silva@examplecorp.test,Taylor Larsson,2024-08-21 15:42:00,marco.nguyen@demomail.test,Arjun Garcia,2025-09-02 16:11:00,emerson.mercer@demomail.test,Skyler Sloan,2023-03-19 01:49:00,Y,Alex Reyes,Mei Vance,Yara Patel,REF-1450,Marketing Coordinator,,,,,Delta,,,TAG-5448,REF-5002,yara.patel@sampleco.test,,,,Active,100559,,100149,100445,,,,,,,,,Alpha,100393,,,Alpha,,100231,,aisha.brooks@demomail.test,aisha.larsson@examplecorp.test,Quarterly Newsletter,100434,Delta Group Ltd,Gamma,100458,,,,,,,101812,,,,,N
100009,Contact,104827,jordan.blake@acme-fake.test,Reese Blake,2026-04-07 05:22:00,marco.haddad@acme-fake.test,Morgan Mensah,2024-11-28 06:01:00,elena.silva@acme-fake.test,Reese Sloan,2023-11-10 21:23:00,sofia.nguyen@sampleco.test,Aisha Haddad,2025-09-26 07:19:00,N,Casey Sloan,Quinn Nguyen,Morgan Whitfield,LOT-2652,Recruiter,,,,,,,,LOT-8665,LOT-8939,morgan.whitfield@acme-fake.test,,,,Inactive,,100399,100739,100790,100761,,,,,100775,,100498,Gamma,100094,,Y,Standard,100529,,,quinn.nguyen@sampleco.test,nina.brooks@acme-fake.test,Quarterly Newsletter,100739,,,,,,,,,,101798,,,,Y,
100590,Contact,104828,nina.calder@acme-fake.test,Skyler Vance,2023-06-15 17:38:00,mei.brooks@acme-fake.test,Rahul Larsson,2026-03-13 02:51:00,reese.kim@sampleco.test,Sofia Garcia,2023-11-17 10:10:00,priya.nguyen@examplecorp.test,Avery Rossi,2024-07-15 00:25:00,Y,Diego Ford,Avery Patel,Diego Larsson,TAG-5896,Operations Associate,,,,,,,,,REF-1667,diego.larsson@acme-fake.test,,,,Active,100648,100380,100743,100717,100739,,,,,100787,,100735,Alpha,100152,,,Other,100616,,,jordan.sato@examplecorp.test,aisha.patel@demomail.test,Quarterly Newsletter,100790,Brightpath Capital Corp,,,,,,1,,,,,,,N,
100441,Contact,104829,jordan.calder@acme-fake.test,Marco Vance,2023-11-28 00:42:00,sofia.mensah@acme-fake.test,Casey Dorsey,2024-06-02 19:24:00,drew.cohen@examplecorp.test,Liam Nguyen,2025-06-25 12:53:00,morgan.vance@demomail.test,Marco Brooks,2025-02-24 03:15:00,N,Taylor Okafor,Emerson Calder,Arjun Blake,REF-7688,Customer Success Manager,,TAG-6788,,,,,,SKU-8083,LOT-4582,arjun.blake@acme-fake.test,,,,Inactive,100595,100751,100765,100392,100121,,,,,100158,,100271,Delta,100296,,,Alpha,,,,reese.rossi@examplecorp.test,quinn.cohen@sampleco.test,Event Invite,100509,Northwind Partners Ltd,Beta,100047,,10,,,,,,,,,N,
100193,Contact,104832,rahul.garcia@sampleco.test,Alex Ashby,2023-04-26 04:57:00,drew.rossi@acme-fake.test,Quinn Ivanov,2026-07-07 04:26:00,drew.okafor@examplecorp.test,Arjun Vance,2025-06-29 01:56:00,casey.sloan@demomail.test,Reese Sloan,2023-05-22 04:54:00,N,Emerson Okafor,Taylor Kim,Casey Calder,LOT-4111,Recruiter,,,,,,,,,REF-9572,casey.calder@sampleco.test,,,,Inactive,,100570,100472,,100098,,,,,100050,,100451,Other,100442,,,Beta,100665,100335,,jordan.sloan@examplecorp.test,marco.ivanov@acme-fake.test,Re-engagement,100203,Atlas Industries Co,Beta,100047,,,,,,,,,,,N,
100309,Contact,104835,reese.vance@sampleco.test,Aisha Ivanov,2024-06-22 02:07:00,morgan.sato@sampleco.test,Fatima Patel,2025-11-04 12:10:00,omar.calder@sampleco.test,Jamie Mercer,2025-08-01 18:12:00,skyler.sloan@demomail.test,Yara Silva,2023-05-16 18:21:00,Y,Riley Okafor,Casey Reyes,Noah Patel,LOT-2216,Support Specialist,,,,,,,,SKU-9855,LOT-8220,noah.patel@demomail.test,,,,Active,100457,100252,100743,100785,,,,,,100147,,100404,Standard,100565,,,Gamma,100185,100267,,drew.patel@sampleco.test,diego.kim@demomail.test,Re-engagement,100332,,,,,,7,,,,101836,,,,Y,
100469,Contact,104837,jordan.costa@sampleco.test,Aisha Ford,2025-09-09 14:18:00,morgan.brooks@examplecorp.test,Riley Kim,2025-08-19 15:00:00,yara.sloan@examplecorp.test,Casey Garcia,2022-11-13 04:28:00,arjun.kim@demomail.test,Rahul Sato,2023-11-03 18:14:00,Y,Aisha Mensah,Jordan Whitfield,Yara Sato,REF-2085,Marketing Coordinator,,,,Delta,,,,,REF-2788,yara.sato@demomail.test,,,,Active,100442,100629,100204,100214,,,,,,,,,Gamma,100398,,,,100559,,,rahul.blake@demomail.test,emerson.kim@sampleco.test,Re-engagement,100257,,,100330,,2,,,,,,,,,N,
100295,Contact,104838,emerson.kim@examplecorp.test,Aisha Nguyen,2023-09-11 04:09:00,marco.ashby@demomail.test,Riley Dorsey,2024-12-31 08:52:00,mei.rossi@sampleco.test,Mei Kim,2023-03-13 21:48:00,avery.silva@acme-fake.test,Jordan Larsson,2025-10-29 09:49:00,N,Noah Sloan,Casey Whitfield,Marco Ivanov,TAG-1338,Bookkeeper,,,,,,SKU-5974,,,TAG-6370,marco.ivanov@examplecorp.test,,,,Inactive,,,100349,,100425,,,,,,,100399,Delta,100092,,,Other,,100765,,arjun.ivanov@examplecorp.test,mei.reyes@sampleco.test,Re-engagement,100298,Atlas Labs,,100786,,,,,,,,,,,Y,
100759,Contact,104840,morgan.reyes@sampleco.test,Elena Ashby,2026-07-15 02:23:00,sofia.dorsey@demomail.test,Arjun Ashby,2025-03-17 09:23:00,nina.nguyen@sampleco.test,Skyler Mensah,2023-11-21 18:38:00,diego.calder@sampleco.test,Jordan Garcia,2026-03-23 10:08:00,N,Noah Larsson,Rowan Ivanov,Aisha Mercer,REF-8168,Customer Success Manager,,,,,Gamma,,,REF-8663,SKU-1535,aisha.mercer@examplecorp.test,,,,Inactive,100519,,100273,100790,100697,,,,,100224,,100137,Alpha,100726,,,,100643,100142,,taylor.blake@sampleco.test,mei.blake@demomail.test,Product Update,100401,,Gamma,100611,,,,,,,,,,,,
100200,Contact,104843,riley.nguyen@acme-fake.test,Aisha Nguyen,2022-12-10 20:40:00,priya.mensah@sampleco.test,Skyler Dorsey,2023-05-29 19:35:00,skyler.ashby@sampleco.test,Marco Brooks,2025-11-16 20:01:00,arjun.calder@examplecorp.test,Taylor Sloan,2025-11-17 17:08:00,Y,Marco Mensah,Yara Garcia,Morgan Kim,LOT-1140,Software Developer,,,,,,,,,LOT-1632,morgan.kim@acme-fake.test,,,,Active,,,100233,,100495,,,,,100710,,100256,Beta,100035,,,,100345,,,marco.sloan@examplecorp.test,taylor.okafor@demomail.test,Product Update,100753,,Alpha,100264,,,,,,,,,,,,
100616,Contact,104845,diego.blake@demomail.test,Casey Garcia,2026-01-17 00:08:00,nina.brooks@acme-fake.test,Rahul Sloan,2024-11-09 23:47:00,priya.costa@sampleco.test,Riley Ford,2026-05-28 00:40:00,aisha.larsson@acme-fake.test,Priya Garcia,2025-07-18 02:34:00,N,Reese Mercer,Omar Rossi,Rowan Vance,SKU-7796,Marketing Coordinator,,,,Gamma,,,,,REF-7210,rowan.vance@sampleco.test,,,,Inactive,100568,,100328,100016,,,,,,,,,Other,100040,,N,Alpha,,100442,,chen.calder@examplecorp.test,liam.ivanov@acme-fake.test,Product Update,100275,Horizon Financial Co,Alpha,,,,,2,,,,,,,N,
100532,Contact,104846,yara.cohen@sampleco.test,Riley Haddad,2025-01-14 06:07:00,jordan.haddad@demomail.test,Reese Sato,2024-02-17 03:58:00,fatima.sato@acme-fake.test,Casey Calder,2024-08-30 12:36:00,quinn.brooks@examplecorp.test,Morgan Garcia,2025-08-22 02:21:00,Y,Alex Blake,Yara Haddad,Rowan Nguyen,REF-7518,Bookkeeper,,,,,,,,TAG-4290,LOT-6765,rowan.nguyen@examplecorp.test,,,,Active,100007,100686,100495,,,,,,,100229,,100696,Beta,100035,,,Beta,100487,100578,,emerson.rossi@sampleco.test,jordan.blake@examplecorp.test,Quarterly Newsletter,100639,,Standard,100029,,5,,,,,,Y,,,,
100298,Contact,104848,casey.ivanov@acme-fake.test,Priya Haddad,2024-12-05 04:52:00,omar.cohen@acme-fake.test,Rowan Vance,2023-09-09 16:32:00,chen.kim@sampleco.test,Quinn Rossi,2023-06-19 19:47:00,noah.okafor@sampleco.test,Liam Larsson,2024-12-20 08:08:00,N,Jamie Ivanov,Quinn Dorsey,Jordan Dorsey,LOT-4299,QA Engineer,,,,,,,,,REF-6601,jordan.dorsey@demomail.test,,,,Inactive,,,100219,,100551,,,,,,,,Other,100058,,,Other,,100158,,elena.reyes@sampleco.test,diego.rossi@demomail.test,Renewal Nudge,100147,,Alpha,100256,,,,,,,,,,,N,
100516,Contact,104851,rahul.kim@acme-fake.test,Avery Mensah,2023-04-17 13:21:00,jamie.ford@examplecorp.test,Omar Cohen,2025-04-04 21:01:00,liam.nguyen@demomail.test,Marco Reyes,2023-01-30 02:59:00,yara.ivanov@demomail.test,Rowan Haddad,2025-11-05 16:24:00,N,Chen Brooks,Jordan Reyes,Arjun Okafor,REF-3946,Bookkeeper,,,,,,,,,REF-5941,arjun.okafor@demomail.test,,,,Inactive,100401,,100467,,100694,,,,,100718,,,Gamma,100462,,,,,100077,,chen.nguyen@examplecorp.test,aisha.larsson@examplecorp.test,Event Invite,100566,,,100271,,,,,,,101851,,,,N,
100558,Contact,104853,priya.calder@demomail.test,Arjun Vance,2025-12-25 06:10:00,aisha.calder@demomail.test,Omar Sato,2023-01-30 02:54:00,casey.kim@sampleco.test,Morgan Whitfield,2026-02-24 22:59:00,aisha.mercer@acme-fake.test,Aisha Reyes,2023-05-14 14:20:00,Y,Alex Silva,Noah Costa,Marco Sato,LOT-2289,Software Developer,,,,,,,,SKU-3649,LOT-1278,marco.sato@sampleco.test,,,,Active,100423,100784,100779,,100092,,,,,100529,,100469,Gamma,100125,,,,100442,100140,,marco.sato@demomail.test,chen.patel@acme-fake.test,Event Invite,100079,,Beta,,,,,,,,,,,,,
100296,Contact,104855,jamie.mensah@demomail.test,Skyler Sato,2024-08-27 06:57:00,diego.rossi@examplecorp.test,Emerson Cohen,2026-05-12 14:40:00,chen.mensah@sampleco.test,Jordan Kim,2025-11-26 04:45:00,taylor.nguyen@sampleco.test,Mei Larsson,2023-03-23 11:50:00,Y,Quinn Ivanov,Noah Garcia,Skyler Kim,LOT-6034,QA Engineer,,,,,,,,REF-5303,TAG-1032,skyler.kim@demomail.test,,,,Active,100134,100019,100267,,100739,,,,,,,100470,Gamma,100343,,,Delta,,,,jamie.rossi@sampleco.test,nina.silva@demomail.test,Quarterly Newsletter,100332,Pioneer Ventures Co,,100403,,6,,,,,101798,,,,N,
100702,Contact,104858,quinn.garcia@acme-fake.test,Jamie Garcia,2024-02-21 19:51:00,nina.larsson@examplecorp.test,Casey Calder,2026-05-12 20:38:00,yara.rossi@demomail.test,Rahul Ford,2025-04-21 06:58:00,marco.ivanov@acme-fake.test,Priya Larsson,2025-07-25 14:40:00,Y,Chen Brooks,Rowan Nguyen,Mei Costa,SKU-7913,Executive Assistant,,,,,,,,TAG-4508,REF-3428,mei.costa@demomail.test,,,,Active,100522,100071,100067,,100028,,,,,100608,,100200,Alpha,100152,,,,,100038,,reese.cohen@examplecorp.test,rahul.garcia@demomail.test,Product Update,100675,Pioneer Robotics Inc,,100371,,,,,,,,,,,Y,N
100438,Contact,104860,emerson.dorsey@examplecorp.test,Diego Dorsey,2024-06-12 01:34:00,yara.larsson@acme-fake.test,Yara Mensah,2023-02-06 15:26:00,alex.ivanov@acme-fake.test,Marco Okafor,2024-01-04 10:35:00,priya.cohen@demomail.test,Nina Ashby,2025-02-19 23:35:00,Y,Nina Nguyen,Riley Cohen,Mei Sloan,TAG-9622,Recruiter,,,,,,TAG-9681,,LOT-9627,SKU-8578,mei.sloan@demomail.test,,,,Active,,100305,100038,100242,100568,,,,,,,100604,Other,100211,,,,100718,100378,,arjun.haddad@acme-fake.test,chen.ivanov@examplecorp.test,Renewal Nudge,100572,,,100275,,,,,,,,,,,,
100470,Contact,104863,riley.whitfield@acme-fake.test,Avery Reyes,2025-06-12 13:26:00,jordan.blake@sampleco.test,Avery Brooks,2024-03-27 01:36:00,diego.haddad@acme-fake.test,Reese Calder,2023-10-17 15:38:00,sofia.cohen@acme-fake.test,Marco Brooks,2024-03-01 15:11:00,Y,Reese Haddad,Marco Nguyen,Yara Ford,LOT-6301,Software Developer,,,,,,,,LOT-5858,REF-8472,yara.ford@examplecorp.test,,,,Active,,,100178,100420,100569,,,,,,,,Standard,100362,,,Gamma,100031,100068,,casey.haddad@sampleco.test,skyler.blake@demomail.test,Product Update,100512,Northwind Labs LLC,,100317,,,,,,,,,,,Y,
100357,Contact,104864,emerson.costa@sampleco.test,Rahul Ashby,2024-11-11 23:54:00,drew.silva@examplecorp.test,Jordan Haddad,2023-05-10 20:38:00,fatima.dorsey@demomail.test,Jordan Kim,2026-01-11 13:57:00,fatima.ivanov@acme-fake.test,Rahul Sloan,2023-11-24 08:03:00,Y,Diego Brooks,Emerson Sato,Chen Sloan,SKU-7273,Payroll Specialist,,,,,,,,,LOT-5238,chen.sloan@acme-fake.test,,,,Active,100743,,100161,100362,,,,,,100009,,,Beta,100472,,,Other,100448,,,priya.reyes@demomail.test,elena.vance@examplecorp.test,Renewal Nudge,100256,,Gamma,100640,,,,,,,,,,,,
100787,Contact,104865,reese.patel@demomail.test,Drew Ashby,2026-02-18 09:17:00,yara.brooks@sampleco.test,Nina Sato,2026-04-04 19:16:00,liam.costa@demomail.test,Priya Whitfield,2025-09-29 23:14:00,reese.mercer@sampleco.test,Avery Whitfield,2023-02-04 08:00:00,Y,Liam Sloan,Avery Ashby,Priya Whitfield,REF-8298,Marketing Coordinator,,,,,,,,,SKU-9276,priya.whitfield@sampleco.test,,,,Active,,100320,100730,100181,,SKU-3634,,,,100733,,,Delta,100208,,,,,100753,,reese.mercer@sampleco.test,quinn.reyes@sampleco.test,Re-engagement,100596,Everest Retail Corp,Standard,,,,,,,,101860,,,,N,
100650,Contact,104867,emerson.mensah@sampleco.test,Emerson Haddad,2023-04-09 08:33:00,rowan.mensah@sampleco.test,Jamie Whitfield,2024-10-08 05:06:00,jordan.kim@demomail.test,Quinn Ivanov,2022-12-18 20:50:00,arjun.calder@demomail.test,Skyler Garcia,2024-06-08 23:50:00,Y,Emerson Nguyen,Aisha Mercer,Quinn Sato,LOT-7188,Data Analyst,,,,,,,,TAG-6427,TAG-6886,quinn.sato@examplecorp.test,,,,Active,100305,,100400,,100389,,,,,100522,,,Gamma,100380,,,Standard,100188,100332,,morgan.okafor@sampleco.test,priya.okafor@acme-fake.test,Quarterly Newsletter,100654,Brightpath Logistics Corp,,,,,,,,,101875,,,,,
100596,Contact,104870,quinn.reyes@demomail.test,Emerson Blake,2026-05-10 01:38:00,avery.silva@examplecorp.test,Yara Okafor,2025-07-01 18:05:00,chen.nguyen@sampleco.test,Sofia Mensah,2024-05-17 14:26:00,mei.blake@examplecorp.test,Omar Vance,2024-01-14 06:28:00,Y,Aisha Dorsey,Jamie Okafor,Nina Ivanov,SKU-6626,Executive Assistant,,,,,,,,,TAG-7071,nina.ivanov@demomail.test,,,,Active,,100468,100675,100106,,,,,,100569,,,Gamma,100292,,,Standard,100779,,,yara.mercer@demomail.test,marco.sato@sampleco.test,Renewal Nudge,100481,,Standard,100281,,,,,,,,,,,,Y
100140,Contact,104873,rahul.ashby@examplecorp.test,Priya Kim,2025-03-19 02:30:00,diego.rossi@demomail.test,Drew Sloan,2023-12-31 08:34:00,casey.silva@examplecorp.test,Reese Costa,2022-10-31 17:59:00,emerson.calder@examplecorp.test,Aisha Mensah,2022-10-08 10:03:00,Y,Marco Ivanov,Skyler Kim,Mei Mensah,LOT-3206,Recruiter,,,,,,,,,REF-6594,mei.mensah@demomail.test,,,,Active,100244,100284,100096,,,,,,,,,,Gamma,100604,,,,,100613,,chen.whitfield@demomail.test,riley.okafor@acme-fake.test,Event Invite,100743,Cardinal Networks Group,,,,,,,,,101803,,,,Y,
100021,Contact,104875,emerson.whitfield@acme-fake.test,Nina Sloan,2024-05-21 20:35:00,liam.mercer@sampleco.test,Casey Patel,2023-04-27 07:51:00,chen.mensah@examplecorp.test,Liam Ashby,2023-07-15 15:48:00,chen.cohen@sampleco.test,Aisha Kim,2023-06-08 15:11:00,Y,Arjun Reyes,Morgan Mercer,Fatima Haddad,LOT-5173,Bookkeeper,,,,,,,,SKU-6871,SKU-2319,fatima.haddad@acme-fake.test,,,,Active,100786,,100640,,100758,,,,,100058,,100776,Delta,100691,,,Alpha,,100359,,arjun.haddad@demomail.test,riley.dorsey@acme-fake.test,Quarterly Newsletter,100525,Northwind Networks Group,,100267,,,,,,,,,,,,
100307,Contact,104876,elena.reyes@examplecorp.test,Liam Rossi,2024-08-14 21:54:00,elena.nguyen@examplecorp.test,Quinn Silva,2024-08-15 04:31:00,rahul.kim@acme-fake.test,Fatima Larsson,2024-01-28 13:27:00,aisha.mercer@examplecorp.test,Jamie Okafor,2023-04-30 07:12:00,N,Mei Dorsey,Aisha Haddad,Skyler Patel,TAG-9513,Executive Assistant,,,Alpha,,,,,,SKU-1783,skyler.patel@acme-fake.test,,,,Inactive,100054,100077,100535,100490,100702,,,,,,,100014,Delta,100735,,,Gamma,100468,,,arjun.dorsey@demomail.test,jamie.ford@examplecorp.test,Renewal Nudge,100481,Harbor Retail Ltd,Delta,,,,,7,,,101801,,,,,
100343,Contact,104878,omar.kim@examplecorp.test,Rahul Calder,2024-04-12 15:41:00,avery.whitfield@demomail.test,Casey Silva,2023-08-09 23:14:00,alex.whitfield@demomail.test,Nina Larsson,2025-06-08 02:20:00,morgan.mercer@demomail.test,Noah Larsson,2025-11-21 01:04:00,Y,Casey Garcia,Diego Ashby,Noah Vance,LOT-5554,Project Manager,,,,,,,,,REF-2047,noah.vance@examplecorp.test,,,,Active,100507,,100675,100554,,,,,,100741,,100453,Standard,100465,,,,100569,100314,,chen.cohen@demomail.test,quinn.whitfield@examplecorp.test,Product Update,100106,Copper Retail LLP,,100086,,,,,,,,,,,,
100112,Contact,104880,marco.garcia@sampleco.test,Rahul Vance,2024-05-19 19:03:00,aisha.calder@examplecorp.test,Liam Mensah,2026-05-07 04:59:00,liam.vance@examplecorp.test,Sofia Ashby,2023-02-07 23:49:00,noah.costa@demomail.test,Emerson Sloan,2025-04-01 15:15:00,Y,Omar Okafor,Chen Garcia,Priya Ivanov,REF-6112,Software Developer,,,,,,,,,TAG-6211,priya.ivanov@sampleco.test,,,,Active,,100640,100043,100445,100267,,,,,,,,Other,100448,,,Other,100449,,,skyler.rossi@examplecorp.test,aisha.patel@acme-fake.test,Re-engagement,100112,Copper Systems Inc,Beta,,,,,,,,101843,,,,N,
