Entity_Type_ID,Entity_Type_Name,Entity_ID,Owned_by_SAM,Owned_by_Display_Name,Own_Datetime,Created_by_SAM,Created_by_Display_Name,Created_Datetime,Modified_by_Sam,Modified_by_Display_Name,Modified_Datetime,Assigned_to_Sam,Assigned_to_Display_Name,Assign_Datetime,Is_Active,RESOURCE_NAME,RESOURCE_NAME_EXD_OBJECT_ID,CUSTOMER_NAME,DEPARTMENT,JOB_NAME,POSITION,START_DATE,END_DATE,ACTIVE,DEPARTMENT_EXD_OBJECT_ID,JOB_NAME_EXD_OBJECT_ID,POSITION_EXD_OBJECT_ID,RELAY_DEPARTMENT,RELAY_DEPARTMENT_EXD_OBJECT_ID,START_DATE DateRange,START_DATE Month,START_DATE Quarter,START_DATE Week,START_DATE WeekNumber,START_DATE Year,START_DATE YearMonth,START_DATE YearQuarter,CUSTOMER_NAME_EXD_OBJECT_ID,RHC_LOCATION,PLACEMENT_NAME,PLACEMENT_STATUS,RHC_LOCATION_EXD_OBJECT_ID,BILLING_AMOUNT,PRO_RATE,CUSTOMER_EMAIL_ADDRESS,REFERRAL_PARTNER,REFERRAL_PARTNER_EXD_OBJECT_ID,SALES_REP,SALES_REP_EXD_OBJECT_ID,REFERRAL_CODE,1ST_PAYMENT_RECEIVED_DATE,REFERRAL_CODE_EXD_OBJECT_ID,REFERRAL_DISCOUNT_RATE,REFERRAL_FEE_PAYMENT_DATE,REFERRAL_RATE,REFERRAL_CODE_END_DATE,BACKFILL,ORDER_FORM_EXECUTION_DATE,CUSTOMER_SUPERVISOR,CUSTOMER_SUPERVISOR_EXD_OBJECT_ID,RELAY_SUPERVISOR,ADDITIONAL_CHARGE,ADDITIONAL_CHARGE_DESCRIPTION,PARENT_REFERRER,RELAY_LOCATION,RELAY_LOCATION_EXD_OBJECT_ID,ANCILLARY_AMOUNT,ANCILLARY_CHARGE,DYNAMIC_TEMPLATE,DYNAMIC_TEMPLATE_EXD_OBJECT_ID,PLACEMENT_TERMINATION_NOTIFICATION_DATE,PLACEMENT_TERMINATION_NOTIFICATION_DATE DateRange,PLACEMENT_TERMINATION_NOTIFICATION_DATE Month,PLACEMENT_TERMINATION_NOTIFICATION_DATE Quarter,PLACEMENT_TERMINATION_NOTIFICATION_DATE Week,PLACEMENT_TERMINATION_NOTIFICATION_DATE WeekNumber,PLACEMENT_TERMINATION_NOTIFICATION_DATE Year,PLACEMENT_TERMINATION_NOTIFICATION_DATE YearMonth,PLACEMENT_TERMINATION_NOTIFICATION_DATE YearQuarter,RELAY_SUPERVISOR_EXD_OBJECT_ID,TURNOVER_BREAKDOWN,ENDING_REASONS,ENDING_REASONS_EXD_OBJECT_ID,TURNOVER_BREAKDOWN_1,TURNOVER_BREAKDOWN_1_EXD_OBJECT_ID,BACKFILL_REQUESTED,EMPLOYEE_RESULT,NOTES_FOR_PLACEMENT_END,COUNTRY,COUNTRY_EXD_OBJECT_ID,PATHWAY,PATHWAY_EXD_OBJECT_ID,FREE_PERIOD____OF_MONTHS_,OPPORTUNITY,OPPORTUNITY_EXD_OBJECT_ID,REFERRAL_PAYMENT_DISCOUNT,REFERRAL_PAYMENT_DISCOUNT_END_DATE,LEAD_SOURCE,TEST_REFERRAL_PARTNE,TECHNOLOGY,TECHNOLOGY_EXD_OBJECT_ID,FREE_PERIOD____OF_DAYS_
100639,Placement,106670,alex.sloan@demomail.test,Reese Patel,2022-12-18 04:01:00,riley.haddad@sampleco.test,Arjun Sato,2022-11-24 15:49:00,avery.cohen@examplecorp.test,Jamie Calder,2025-08-31 02:34:00,,,,N,Chen Rossi,101530,Delta Capital LLP,Sales,Rahul Dorsey,Bookkeeper,2026-05-17,,Active - Terminated,100094,100724,100269,Sales,100656,REF-2515,8988,Gamma,1923,9090,3050,Other,Alpha,100298,,Bookkeeper Placement,,100134,"15,538",Yes,skyler.mercer@examplecorp.test,Granite Foods Co,,Rahul Ashby,101595,Gamma,,100389,,,,,New,TAG-8417,REF-1884,101478,Delta,,,,Manila,100133,,,Standard,100252,,,,,,,,,,100870,,,,Voluntary,,Y,Met Expectations,,India,100694,Placement,100339,,SKU-6701,105566,,,Standard,,,,
100371,Placement,106673,drew.ashby@acme-fake.test,Reese Ford,2025-02-20 15:39:00,alex.mensah@acme-fake.test,Marco Ivanov,2026-07-24 11:13:00,reese.rossi@sampleco.test,Sofia Sato,2025-06-14 00:18:00,,,,N,Noah Brooks,101171,Copper Ventures LLP,Recruiting,Elena Silva,Marketing Coordinator,2025-07-22,2026-06-18,Inactive,,100383,100446,Recruiting,,TAG-2084,5416,Standard,1387,2924,522,Gamma,Standard,100545,,Marketing Coordinator Placement,,100026,"8,921",No,morgan.cohen@acme-fake.test,Lakeside Capital,100096,Omar Rossi,100819,Standard,,100650,,,,,Backfill,SKU-7372,REF-9576,101368,Alpha,,,,Austin,100461,,,Alpha,100669,,,,,,,,,,101570,,Converted to Direct Hire,100629,Voluntary,100675,N,,Discussed timeline and next steps with the account.,Germany,100106,Placement,100790,,SKU-4435,106298,,,Beta,,,100267,
100647,Placement,106674,reese.mercer@acme-fake.test,Jamie Mercer,2023-04-07 14:29:00,casey.haddad@examplecorp.test,Rahul Calder,2024-04-14 22:18:00,liam.haddad@examplecorp.test,Riley Mercer,2023-05-11 14:34:00,,,,Y,Reese Vance,100853,Delta Robotics Co,Data & Analytics,Skyler Costa,Recruiter,2023-09-26,,Active - Placed,100149,100484,100555,Data & Analytics,,REF-5414,1834,Standard,197,7349,9870,Alpha,Delta,100178,,Recruiter Placement,,,"13,788",Yes,casey.silva@acme-fake.test,Blue Ridge Manufacturing,,Rahul Reyes,100928,Alpha,,,,,,,New,LOT-6245,,101221,Alpha,,,,Dallas,100178,,,Gamma,100661,,,,,,,,,,101246,,,100177,Involuntary,100454,N,Met Expectations,,India,,Placement,,,SKU-8644,105794,,,Other,,,100694,
100461,Placement,106675,marco.ashby@acme-fake.test,Reese Garcia,2023-06-03 14:12:00,jordan.whitfield@examplecorp.test,Drew Okafor,2025-06-10 00:52:00,avery.sloan@demomail.test,Sofia Whitfield,2022-10-02 05:41:00,,,,N,Taylor Whitfield,101507,Cobalt Robotics Corp,Recruiting,Jordan Patel,Software Developer,2025-09-20,,Active - Placed,,100587,100033,Recruiting,100247,REF-2015,3250,Gamma,2670,1962,2296,Delta,Alpha,100162,,Software Developer Placement,,,"12,918",No,avery.ford@sampleco.test,*NONE,100429,Omar Kim,101604,Alpha,,,,,,,New,TAG-8996,SKU-2620,101090,Beta,,,,Austin,100634,,,Beta,100366,,,,,,,,,,101268,,,100211,,100264,Y,,,Germany,,Placement,100120,,SKU-9661,104966,,,Gamma,,,100599,
100139,Placement,106678,avery.ford@examplecorp.test,Noah Ford,2023-10-01 00:28:00,rahul.ashby@sampleco.test,Morgan Okafor,2025-01-25 13:23:00,fatima.ford@demomail.test,Skyler Garcia,2026-04-21 20:34:00,,,,Y,Noah Mercer,101778,Atlas Manufacturing Group,Finance,Omar Larsson,Customer Success Manager,2025-06-20,2026-07-11,Inactive,,100026,100606,Finance,,TAG-6235,1817,Beta,7135,3080,6804,Beta,Standard,100153,,Customer Success Manager Placement,,,,No,fatima.patel@acme-fake.test,*NONE,100768,Rowan Costa,100813,Other,,,"1,399",,,,Backfill,SKU-5054,SKU-4962,101771,Delta,,,,Bengaluru,100579,,,Beta,100604,,,,,,,,,,101044,,,100156,Involuntary,100267,N,,Discussed timeline and next steps with the account.,Canada,,Bench,100149,,SKU-8321,105733,,,Beta,,,100494,
100724,Placement,106681,reese.mensah@demomail.test,Rowan Ashby,2022-12-15 13:22:00,omar.brooks@sampleco.test,Reese Patel,2024-03-12 04:08:00,diego.blake@acme-fake.test,Taylor Kim,2024-03-07 14:09:00,,,,Y,Alex Ashby,101424,Evergreen Media Ltd,Sales,Priya Haddad,Operations Associate,2025-08-06,,Active - Terminated,,100375,100639,Sales,100300,LOT-8282,714,Other,3963,1906,9210,Delta,Beta,100203,,Operations Associate Placement,,100350,"8,621",No,nina.whitfield@acme-fake.test,*NONE,100660,Rowan Okafor,101024,,,,,,"4,588",,New,LOT-1263,LOT-1268,101779,Gamma,,,,Austin,100436,,,Other,100503,,,,,,,,,,101009,,,100314,Voluntary,100042,N,,,United States,,Placement,100629,,LOT-6205,106153,,,Delta,,,100566,
100335,Placement,106683,rowan.kim@sampleco.test,Elena Ivanov,2024-07-24 13:29:00,omar.brooks@demomail.test,Casey Okafor,2024-10-23 09:23:00,reese.calder@acme-fake.test,Mei Garcia,2026-02-06 01:49:00,,,,N,Chen Vance,101481,Vertex Ventures Inc,Data & Analytics,Liam Dorsey,Executive Assistant,2023-11-11,2026-06-16,Inactive,100188,100226,100613,Data & Analytics,100750,REF-6618,9437,Other,628,8672,87,Alpha,Gamma,100291,,Executive Assistant Placement,,100569,"9,283",No,skyler.kim@examplecorp.test,*NONE,100172,Emerson Dorsey,101084,Standard,,100152,,,,,New,SKU-3862,,101743,Beta,,,,Bengaluru,100658,,,Alpha,100043,,,,,,,,,,101779,,Converted to Direct Hire,100740,Voluntary,100375,N,,Shared the updated proposal for review.,United States,,Placement,100472,,TAG-6121,105887,,,Alpha,,,100361,
100461,Placement,106685,diego.mercer@acme-fake.test,Avery Costa,2024-08-13 02:47:00,drew.reyes@sampleco.test,Marco Blake,2023-04-10 14:04:00,emerson.kim@examplecorp.test,Avery Whitfield,2023-01-04 13:56:00,,,,N,Emerson Sloan,101090,Atlas Retail,Software Engineering,Skyler Vance,Executive Assistant,2026-03-03,2026-07-14,Inactive - Terminated,,100535,100142,Software Engineering,,TAG-1158,8255,Alpha,7030,6803,643,Gamma,Gamma,100400,,Executive Assistant Placement,,,"7,421",Yes,alex.ford@sampleco.test,*NONE,,Priya Cohen,101604,Beta,,100622,,,,,New,REF-1461,SKU-1722,100873,Alpha,,,,Denver,100119,,,Beta,100158,,,,,,,,,,101361,,,100700,Voluntary,100398,N,Met Expectations,Resolved the outstanding question about scope.,India,100007,Bench,,,LOT-6535,106013,,,Beta,,,100372,
100215,Placement,106686,yara.calder@examplecorp.test,Omar Patel,2023-03-15 20:03:00,elena.rossi@demomail.test,Liam Patel,2026-04-01 20:10:00,jamie.haddad@sampleco.test,Chen Whitfield,2026-04-10 15:55:00,,,,Y,Arjun Ashby,101249,Pioneer Solutions Co,Sales,Casey Nguyen,Accountant,2024-05-11,2026-07-13,Inactive - Terminated,,100750,100115,Sales,100713,SKU-7377,5694,Beta,9009,1556,8377,Standard,Delta,100087,,Accountant Placement,,100782,"2,860",Yes,quinn.ford@examplecorp.test,Lakeside Financial Corp,,Jordan Calder,101790,Standard,,100336,230,,"1,501",,New,REF-9727,,101215,Beta,,,,Atlanta,100053,,,Delta,100664,,,,,,,,,,100984,,Budget Cut,100281,Voluntary,100645,N,Exceeded,Reviewed performance and gathered feedback.,United States,100596,Placement,100432,,SKU-3935,106269,,,Alpha,,,,
100664,Placement,106688,diego.okafor@sampleco.test,Rahul Sato,2023-03-01 13:40:00,avery.nguyen@demomail.test,Liam Cohen,2023-03-01 05:39:00,marco.sloan@acme-fake.test,Omar Mercer,2024-02-05 16:36:00,,,,Y,Rowan Costa,100998,Cobalt Systems LLC,Accounting,Arjun Larsson,Software Developer,2023-10-11,,Active - Placed,,100236,100400,Accounting,100014,LOT-2700,3871,Delta,6268,2864,9948,Standard,Delta,100730,,Software Developer Placement,,100029,"8,152",Yes,rahul.calder@sampleco.test,*NONE,100389,Yara Brooks,101353,Gamma,,,,,,,New,LOT-8611,TAG-9134,101325,Gamma,,,,London,100624,,,Alpha,100439,,,,,,,,,,101435,,,100727,,100466,Y,,,Germany,,Direct Hire,100691,,SKU-6133,106053,,,Alpha,,,,
100286,Placement,106690,sofia.cohen@examplecorp.test,Mei Silva,2024-02-03 12:58:00,casey.larsson@demomail.test,Avery Vance,2023-06-02 04:25:00,casey.vance@examplecorp.test,Elena Brooks,2023-06-18 13:37:00,,,,Y,Priya Silva,101029,Summit Dynamics,Recruiting,Avery Rossi,HR Generalist,2025-11-04,2026-06-03,Inactive,100350,100098,100200,Recruiting,100224,SKU-9510,9622,Alpha,6152,5738,4163,Beta,Other,100378,,HR Generalist Placement,,,"9,887",Yes,casey.okafor@acme-fake.test,*NONE,,Nina Ashby,101790,Standard,,100730,,,,,Backfill,SKU-7812,TAG-6504,101364,Gamma,,Other,,Phoenix,100410,,,Beta,100291,,,,,,,,,,100876,,Project Ended,100412,,100579,N,,Noted a concern to revisit at the next sync.,Philippines,100383,Direct Hire,,,SKU-8484,106233,,,Beta,,,100125,
100269,Placement,106691,aisha.brooks@acme-fake.test,Jamie Mercer,2026-07-20 10:47:00,liam.sloan@examplecorp.test,Nina Rossi,2024-09-20 17:36:00,fatima.nguyen@sampleco.test,Noah Brooks,2023-08-19 18:27:00,,,,N,Mei Mercer,101225,Keystone Holdings Inc,Operations,Riley Calder,Executive Assistant,2024-11-08,,Active - Placed,100298,100236,100158,Operations,100423,LOT-8255,1814,Standard,6879,7766,1152,Beta,Gamma,100383,,Executive Assistant Placement,,100435,,Yes,diego.silva@examplecorp.test,*NONE,100661,Drew Cohen,101479,Beta,,,,,"1,936",,New,LOT-1486,SKU-4166,101415,Other,,,,Bengaluru,100031,,,Delta,100434,,,,,,,,,,101389,,,100156,Voluntary,100647,Y,Exceeded,,United Kingdom,100717,Direct Hire,,,SKU-7392,104977,,,Alpha,,,100678,
100349,Placement,106694,skyler.haddad@examplecorp.test,Omar Sloan,2025-01-14 06:57:00,elena.patel@demomail.test,Reese Mercer,2023-07-20 11:20:00,drew.haddad@sampleco.test,Drew Blake,2023-07-11 17:38:00,,,,Y,Quinn Sato,101439,Meridian Systems Inc,Marketing,Elena Kim,Operations Associate,2024-03-16,,Active - Terminated,,100253,100009,Marketing,,LOT-2794,1608,Standard,9158,9201,5427,Other,Standard,100068,,Operations Associate Placement,,100322,"2,115",No,emerson.reyes@acme-fake.test,*NONE,,Aisha Costa,100997,Beta,,100673,,,176,,Backfill,,TAG-2188,101041,Other,,,,Austin,100042,,,Beta,100771,,,,,,,,,,101317,,,100042,,100669,Y,,,Germany,100726,Direct Hire,100726,,SKU-2557,105369,,,Standard,,,100578,
100790,Placement,106696,casey.mercer@acme-fake.test,Rahul Calder,2024-11-26 08:52:00,chen.silva@demomail.test,Yara Silva,2025-04-05 16:41:00,nina.ashby@acme-fake.test,Nina Ashby,2023-11-26 02:59:00,,,,Y,Avery Mensah,101265,Northwind Ventures LLC,Human Resources,Alex Sato,HR Generalist,2025-05-23,,Active - Terminated,,100434,100758,Human Resources,,LOT-7689,9817,Gamma,1610,6683,6324,Gamma,Other,100380,,HR Generalist Placement,,,"5,648",No,jamie.mensah@sampleco.test,*NONE,100503,Aisha Haddad,101481,Alpha,,,"1,496",,,,New,SKU-2913,,101156,Gamma,8176,,,Seattle,100548,,,Standard,100650,,,,,,,,,,101525,,,100686,,100664,,Met Expectations,,United Kingdom,,Direct Hire,,,TAG-7331,105989,,,Gamma,,,,
100156,Placement,106697,drew.dorsey@acme-fake.test,Jamie Sato,2026-05-10 12:31:00,jamie.ashby@examplecorp.test,Taylor Okafor,2023-07-29 19:24:00,liam.ford@acme-fake.test,Nina Blake,2026-03-28 03:59:00,,,,Y,Taylor Dorsey,100884,Copper Logistics,Marketing,Alex Brooks,Accountant,2025-06-07,,Active - Placed,100366,100278,100281,Marketing,,LOT-7900,5091,Beta,1967,3652,3795,Beta,Alpha,100387,,Accountant Placement,,,"1,790",No,marco.ashby@acme-fake.test,*NONE,100046,Taylor Patel,101205,Standard,,,408,,,,Backfill,SKU-2332,SKU-9350,101059,Alpha,,,,Dallas,100073,,,Standard,100375,,,,,,,,,,100884,,,,,100564,Y,,,Australia,100257,Trial,,,LOT-8338,105617,,,Other,,,100178,
100221,Placement,106699,chen.costa@acme-fake.test,Arjun Ivanov,2023-10-06 03:48:00,emerson.garcia@sampleco.test,Aisha Vance,2026-07-11 15:55:00,omar.mensah@acme-fake.test,Reese Blake,2023-12-29 02:22:00,,,,Y,Alex Dorsey,101582,Evergreen Textiles Ltd,Sales,Yara Brooks,Software Developer,2025-10-01,2026-06-08,Inactive,100790,100149,100566,Sales,100121,LOT-8536,9045,Beta,115,183,818,Other,Other,100751,,Software Developer Placement,,,"16,828",Yes,avery.garcia@sampleco.test,*NONE,,Taylor Cohen,100944,Delta,,,,,"4,536",,New,SKU-6300,LOT-1062,101202,Delta,,,,Austin,100286,,,Alpha,100007,,,,,,,,,,101580,,Converted to Direct Hire,100320,Involuntary,100147,Y,Met Expectations,Resolved the outstanding question about scope.,United Kingdom,100509,Direct Hire,100317,,SKU-5173,105222,,,Gamma,,,100606,
100441,Placement,106702,rowan.vance@demomail.test,Alex Mensah,2023-10-02 17:42:00,diego.kim@acme-fake.test,Riley Silva,2024-12-01 21:16:00,alex.whitfield@examplecorp.test,Rowan Reyes,2025-02-25 00:14:00,,,,N,Liam Calder,101490,Falcon Ventures Corp,Software Engineering,Diego Brooks,Recruiter,2024-03-05,,Active - Placed,,100407,100595,Software Engineering,100420,TAG-5287,5237,Gamma,8963,3077,4060,Standard,Standard,100732,,Recruiter Placement,,100678,"9,517",Yes,chen.silva@demomail.test,*NONE,,Avery Cohen,101571,Gamma,,100675,,,,,New,LOT-1340,,101349,Alpha,,,,Manila,100009,,,Beta,100077,,,,,,,,,,101200,,,100054,Involuntary,100361,N,,,India,100504,Trial,,,SKU-2466,106372,,,Gamma,,,,
100252,Placement,106705,sofia.ford@examplecorp.test,Alex Cohen,2024-10-13 10:03:00,jordan.whitfield@demomail.test,Yara Ford,2023-12-17 22:11:00,diego.okafor@sampleco.test,Jordan Silva,2023-02-02 03:56:00,,,,N,Jordan Whitfield,101347,Northwind Holdings Ltd,Sales,Jordan Ivanov,Recruiter,2024-01-06,,Active - Placed,100185,100606,100498,Sales,100076,REF-2742,5338,Alpha,7875,7937,5122,Delta,Beta,100147,,Recruiter Placement,,100590,"13,532",No,priya.dorsey@examplecorp.test,Brightpath Financial Group,100535,Marco Sato,101231,Other,,100345,"1,898",,"3,183",,New,SKU-9796,LOT-3230,101429,Alpha,,,,Bengaluru,100654,,,Alpha,100606,,,,,,,,,,100988,,,,,100098,Y,Below,,Mexico,100340,Direct Hire,100525,,LOT-7690,106634,,,Delta,,,100005,
100369,Placement,106707,yara.sloan@sampleco.test,Taylor Silva,2023-11-25 04:52:00,reese.silva@demomail.test,Drew Dorsey,2025-06-07 17:24:00,nina.sloan@sampleco.test,Marco Ashby,2024-09-13 14:15:00,,,,N,Taylor Whitfield,100815,Redwood Robotics Inc,Data & Analytics,Morgan Ford,Customer Success Manager,2024-02-13,2026-07-06,Inactive - Terminated,,100153,100385,Data & Analytics,100784,LOT-7582,4132,Standard,2438,5903,8898,Other,Gamma,100350,,Customer Success Manager Placement,,100152,"6,065",Yes,arjun.patel@examplecorp.test,Lakeside Manufacturing Co,100759,Sofia Cohen,100890,Beta,,100242,,,,,New,TAG-4063,REF-3508,101432,Gamma,,,,Denver,100645,,,Delta,100414,,,,,,,,,,101302,,,100561,Involuntary,100121,Y,Exceeded,Followed up on the open items from last week.,United States,,Placement,100696,,REF-1596,105846,,,Gamma,,,100629,
100622,Placement,106709,emerson.ford@sampleco.test,Chen Calder,2024-09-24 10:09:00,riley.reyes@demomail.test,Morgan Ashby,2024-03-09 14:18:00,casey.reyes@demomail.test,Skyler Dorsey,2022-12-10 16:36:00,,,,N,Fatima Ashby,101027,Lakeside Analytics,Sales,Alex Sato,Financial Analyst,2023-05-02,,Active - Placed,,100217,100420,Sales,,LOT-4257,7368,Gamma,9356,3492,3158,Gamma,Beta,100375,,Financial Analyst Placement,,100120,"16,929",Yes,diego.dorsey@sampleco.test,*NONE,100134,Noah Silva,101643,,,100435,,,"3,672",,New,TAG-9391,TAG-9660,100880,Standard,,,,Phoenix,100343,,,Gamma,100014,,,,,,,,,,101414,,,100385,Voluntary,100495,Y,,,Germany,,Placement,100387,,REF-6477,105631,,,Beta,,,100669,
100514,Placement,106710,marco.okafor@sampleco.test,Quinn Cohen,2025-09-14 07:06:00,fatima.larsson@demomail.test,Noah Vance,2025-07-01 14:03:00,rowan.ford@demomail.test,Rowan Haddad,2025-10-24 19:01:00,,,,Y,Emerson Garcia,101079,Horizon Labs Corp,Human Resources,Fatima Reyes,Accountant,2024-10-04,,Active - Placed,,100529,100118,Human Resources,100392,LOT-2023,4302,Standard,4865,5277,8065,Gamma,Alpha,100257,,Accountant Placement,,100303,"15,453",No,liam.haddad@acme-fake.test,*NONE,100298,Morgan Brooks,101290,Gamma,,,,,"4,620",,Backfill,SKU-2917,LOT-8254,101736,Delta,,,,Toronto,100554,,,Other,100704,,,,,,,,,,101452,,,100026,,100787,N,Exceeded,,United States,,Placement,100205,,REF-1370,106059,,,Gamma,,,,
100550,Placement,106713,yara.okafor@acme-fake.test,Liam Calder,2024-06-24 05:12:00,sofia.patel@acme-fake.test,Avery Larsson,2023-01-14 15:27:00,jamie.ivanov@examplecorp.test,Omar Blake,2023-12-13 07:13:00,,,,N,Marco Haddad,101021,Ironwood Partners Group,Sales,Morgan Silva,Support Specialist,2024-08-12,,Active - Placed,100673,100608,100211,Sales,100366,REF-8108,6897,Gamma,6908,8929,9088,Delta,Delta,100587,,Support Specialist Placement,,100643,"12,491",No,casey.okafor@acme-fake.test,*NONE,100375,Nina Vance,101344,Alpha,,100561,,,"4,103",,New,TAG-7874,,101132,Standard,,,,Seattle,100298,,,Alpha,100699,,,,,,,,,,101576,,,100548,Involuntary,100741,N,,,Germany,100273,Bench,100458,,LOT-5809,106227,,,Standard,,,100375,
100639,Placement,106716,quinn.sato@demomail.test,Sofia Ashby,2023-03-18 01:06:00,marco.sato@acme-fake.test,Noah Silva,2022-12-02 21:01:00,casey.nguyen@examplecorp.test,Omar Kim,2025-03-03 18:42:00,,,,Y,Emerson Reyes,101249,Cobalt Partners LLC,Marketing,Quinn Blake,Support Specialist,2025-08-24,2026-06-14,Inactive - Terminated,100412,100098,100735,Marketing,,LOT-6227,915,Standard,5228,62,401,Gamma,Other,100094,,Support Specialist Placement,,,"3,692",Yes,jordan.mensah@acme-fake.test,*NONE,100172,Mei Rossi,101404,Beta,,,,,,,New,LOT-8719,SKU-8952,101481,Standard,,,,Chicago,100014,,,Alpha,100579,,,,,,,,,,101724,,Converted to Direct Hire,100115,Involuntary,100393,Y,Met Expectations,Followed up on the open items from last week.,Mexico,100119,Placement,100242,,SKU-9673,105704,,,Gamma,,,100298,
100652,Placement,106718,rowan.kim@examplecorp.test,Reese Ivanov,2025-01-29 19:22:00,yara.reyes@examplecorp.test,Omar Patel,2026-05-21 07:34:00,reese.reyes@demomail.test,Taylor Cohen,2023-04-02 12:47:00,,,,Y,Arjun Okafor,101238,Evergreen Ventures Group,Human Resources,Yara Garcia,Software Developer,2025-01-15,,Active - Placed,,100737,100732,Human Resources,,TAG-9654,3636,Standard,4769,1035,6794,Alpha,Alpha,100062,,Software Developer Placement,,,"13,975",No,morgan.cohen@examplecorp.test,*NONE,,Marco Rossi,101007,Other,,100250,,,,,New,TAG-4741,,100908,Alpha,,,,Bengaluru,100320,,,Gamma,100471,,,,,,,,,,100882,,,,,100109,Y,Below,,United Kingdom,,Placement,100487,,TAG-4030,106623,,,Delta,,,100574,
100500,Placement,106719,nina.brooks@demomail.test,Avery Mercer,2023-02-17 04:31:00,rowan.ford@examplecorp.test,Emerson Silva,2023-03-06 01:21:00,diego.calder@examplecorp.test,Skyler Patel,2025-07-03 16:41:00,,,,N,Omar Garcia,101296,Cobalt Financial,Software Engineering,Fatima Mercer,Data Analyst,2024-04-21,2026-07-18,Inactive - Terminated,100436,100613,100732,Software Engineering,100650,LOT-4188,5273,Standard,5054,839,260,Gamma,Other,100460,,Data Analyst Placement,,,"13,382",Yes,avery.cohen@demomail.test,Atlas Partners,100683,Reese Mensah,101134,Gamma,,100470,,,,,New,LOT-2540,,100908,Other,,,,Seattle,100092,,,Other,100532,,,,,,,,,,101614,,Converted to Direct Hire,100735,,100369,N,,Aligned on billing and renewal terms.,Philippines,,Backfill,100432,,SKU-5026,105844,,,Gamma,,,,
100484,Placement,106720,jordan.blake@sampleco.test,Rahul Vance,2025-05-18 19:57:00,quinn.blake@examplecorp.test,Chen Cohen,2023-12-13 21:20:00,chen.blake@demomail.test,Mei Vance,2025-12-24 18:48:00,,,,Y,Taylor Whitfield,101689,Keystone Holdings LLC,Finance,Emerson Mercer,Data Analyst,2023-09-25,2026-07-11,Inactive,100149,100420,100576,Finance,100139,REF-1182,2215,Standard,5452,8653,2291,Delta,Alpha,100699,,Data Analyst Placement,,100133,"3,952",Yes,omar.okafor@demomail.test,*NONE,100260,Skyler Silva,101622,Delta,,,,,,,New,TAG-3226,LOT-7879,100963,Standard,,,,Phoenix,100522,,,Delta,100267,,,,,,,,,,101658,,Relocation,100595,,100535,Y,Exceeded,Reviewed performance and gathered feedback.,Germany,100551,Bench,100689,,TAG-8774,106014,,,Gamma,,,100204,
100247,Placement,106722,liam.patel@examplecorp.test,Jordan Silva,2026-03-12 16:56:00,noah.mercer@demomail.test,Reese Silva,2025-08-31 15:33:00,diego.nguyen@demomail.test,Yara Patel,2025-10-11 15:28:00,,,,Y,Reese Ford,101009,Evergreen Dynamics LLC,Recruiting,Reese Blake,Executive Assistant,2025-01-20,,Active - Placed,100134,100120,100281,Recruiting,100169,TAG-2504,5325,Gamma,1068,2445,4691,Alpha,Standard,100210,,Executive Assistant Placement,,100065,"9,157",No,jamie.nguyen@examplecorp.test,*NONE,100629,Yara Larsson,101538,Other,,100420,,,674,,New,SKU-2106,,101605,Delta,,,,Atlanta,100322,,,Beta,100040,,,,,,,,,,101328,,,100053,Voluntary,100042,N,,,Germany,,Placement,100403,,TAG-1099,104974,,,Alpha,,,100152,
100776,Placement,106725,chen.whitfield@demomail.test,Fatima Garcia,2025-09-01 18:46:00,skyler.brooks@sampleco.test,Mei Calder,2026-06-29 16:42:00,quinn.silva@demomail.test,Diego Haddad,2023-04-06 04:17:00,,,,Y,Omar Kim,100922,Granite Retail,Sales,Nina Garcia,Customer Success Manager,2025-12-12,,Active - Placed,,100428,100215,Sales,,REF-1245,1297,Delta,3546,4403,5399,Beta,Delta,100448,,Customer Success Manager Placement,,100478,"8,892",No,rahul.silva@acme-fake.test,*NONE,100579,Marco Garcia,101767,Gamma,,,,,,,New,REF-2524,TAG-6040,101590,Beta,,,,Manila,100669,,,Delta,100576,,,,,,,,,,101719,,,100415,Voluntary,100425,Y,,,Australia,100593,Placement,100401,,REF-2034,105448,,,Gamma,,,,
100671,Placement,106727,reese.whitfield@demomail.test,Arjun Ashby,2023-01-22 23:10:00,elena.mensah@examplecorp.test,Drew Ivanov,2023-10-02 03:43:00,diego.cohen@sampleco.test,Jordan Ford,2026-03-18 03:34:00,,,,N,Jordan Silva,101618,Summit Media Ltd,Software Engineering,Chen Calder,Data Analyst,2024-12-05,,Active - Placed,,100699,100193,Software Engineering,,REF-7708,6487,Standard,1068,3719,4770,Other,Delta,100109,,Data Analyst Placement,,,"14,942",No,avery.okafor@acme-fake.test,*NONE,100460,Elena Calder,100843,,,,226,,"3,755",,New,LOT-6134,LOT-9766,101058,Gamma,,,,Atlanta,100139,,,Alpha,100713,,,,,,,,,,101398,,,100155,Involuntary,100671,N,Met Expectations,,United States,,Bench,100632,,TAG-7479,106353,,,Delta,,,100713,
100086,Placement,106728,liam.vance@acme-fake.test,Casey Whitfield,2024-04-05 10:25:00,mei.ashby@sampleco.test,Yara Costa,2024-10-07 19:00:00,marco.ivanov@sampleco.test,Sofia Rossi,2024-12-06 07:59:00,,,,Y,Arjun Blake,101225,Redwood Dynamics LLC,Recruiting,Rowan Sloan,Executive Assistant,2026-01-09,,Active - Placed,,100404,100503,Recruiting,,TAG-4866,9026,Beta,6993,2596,1970,Beta,Standard,100042,,Executive Assistant Placement,,,"4,280",No,arjun.dorsey@acme-fake.test,Evergreen Media Group,100221,Jordan Sato,101713,Gamma,,100604,,,,,New,REF-5737,LOT-1795,101009,Delta,,,,Bengaluru,100362,,,Alpha,100570,,,,,,,,,,101325,,,100233,Involuntary,100458,Y,Exceeded,,Philippines,100298,Placement,100229,,LOT-2331,105533,,,Alpha,,,100733,
100157,Placement,106730,priya.larsson@examplecorp.test,Taylor Garcia,2025-06-28 20:53:00,alex.dorsey@demomail.test,Aisha Patel,2026-02-01 04:34:00,omar.mercer@acme-fake.test,Morgan Kim,2024-07-22 06:46:00,,,,Y,Rahul Brooks,101296,Ironwood Robotics Group,Operations,Yara Dorsey,Payroll Specialist,2026-03-13,2026-07-05,Inactive - Terminated,,100257,100451,Operations,100787,LOT-1998,2344,Gamma,1615,2622,3175,Beta,Delta,100542,,Payroll Specialist Placement,,,"17,344",Yes,rahul.sloan@examplecorp.test,*NONE,100021,Diego Cohen,101774,Alpha,,100286,,,,,New,LOT-7581,,101073,Standard,,,,Bengaluru,100512,,,Gamma,100398,,,,,,,,,,101351,,Performance,100775,,100451,N,Exceeded,Reviewed performance and gathered feedback.,Australia,100330,Placement,,,SKU-6866,106468,,,Beta,,,,
100352,Placement,106731,yara.sloan@demomail.test,Omar Ivanov,2025-03-02 05:24:00,riley.kim@acme-fake.test,Elena Dorsey,2023-11-06 12:13:00,arjun.vance@acme-fake.test,Quinn Ashby,2025-11-05 23:52:00,,,,Y,Emerson Brooks,101638,Harbor Media Group,Accounting,Riley Brooks,Bookkeeper,2024-04-22,2026-06-16,Inactive,,100062,100319,Accounting,100026,REF-9696,4366,Standard,1446,5025,6593,Other,Other,100445,,Bookkeeper Placement,,100161,"16,778",No,priya.reyes@demomail.test,*NONE,100330,Drew Reyes,100863,Gamma,,100471,"1,325",,"3,666",,New,REF-1953,,101477,Other,,,,Chicago,100613,,,Alpha,100745,,,,,,,,,,101699,,,100407,,100445,,Below,Discussed timeline and next steps with the account.,India,,Placement,100174,,TAG-1279,106226,,,Gamma,,,100675,
100572,Placement,106732,fatima.reyes@sampleco.test,Sofia Kim,2025-10-20 17:43:00,nina.calder@acme-fake.test,Elena Sato,2024-10-21 05:22:00,skyler.mensah@examplecorp.test,Nina Ford,2023-02-27 23:06:00,,,,N,Arjun Sloan,101009,Beacon Media LLP,Accounting,Noah Calder,Financial Analyst,2026-04-17,,Active - Terminated,100275,100500,100355,Accounting,,TAG-5512,6530,Alpha,6211,7190,1367,Delta,Gamma,100768,,Financial Analyst Placement,,100076,"3,682",No,morgan.haddad@acme-fake.test,*NONE,100161,Marco Sloan,100933,Alpha,,100291,,,,,Backfill,REF-2652,,101012,Alpha,,,,Bengaluru,100369,,,Standard,100790,,,,,,,,,,101308,,,100177,Involuntary,100382,N,Below,,Germany,100173,Bench,,,LOT-2034,105951,,,Standard,,,100288,
100061,Placement,106734,liam.dorsey@demomail.test,Aisha Mensah,2023-05-23 14:46:00,skyler.larsson@demomail.test,Chen Calder,2023-09-25 20:27:00,liam.whitfield@acme-fake.test,Marco Ford,2023-03-23 03:17:00,,,,N,Riley Nguyen,100828,Atlas Capital Inc,Customer Support,Mei Ashby,HR Generalist,2025-10-01,,Active - Placed,,100082,100296,Customer Support,,REF-8737,6941,Other,1767,3729,7308,Beta,Standard,100256,,HR Generalist Placement,,100478,"14,168",Yes,nina.blake@examplecorp.test,Falcon Energy LLC,100375,Quinn Sloan,101447,Gamma,,100785,,,"1,062",,New,REF-8741,,101415,Beta,,,,Manila,100023,,,Standard,100466,,,,,,,,,,101631,,,100548,,100169,N,Below,,Australia,,Placement,100494,,TAG-3882,105447,,,Beta,,,100161,
100134,Placement,106737,quinn.brooks@demomail.test,Nina Okafor,2025-06-19 00:20:00,chen.larsson@examplecorp.test,Alex Mercer,2026-05-15 01:44:00,aisha.kim@examplecorp.test,Mei Whitfield,2025-04-28 00:33:00,,,,Y,Morgan Nguyen,101633,Vertex Energy LLP,Software Engineering,Chen Ivanov,Bookkeeper,2025-08-10,2026-07-29,Inactive,,100604,100065,Software Engineering,,TAG-2921,1232,Beta,7787,5781,8274,Delta,Standard,100436,,Bookkeeper Placement,,,"10,375",No,liam.whitfield@sampleco.test,Falcon Logistics LLP,100732,Chen Kim,101580,Alpha,,100229,,,,,New,REF-8900,REF-3324,101304,Beta,,,,Dallas,100613,,,Other,100726,,,,,,,,,,100822,,Converted to Direct Hire,,,,N,Met Expectations,Resolved the outstanding question about scope.,Philippines,100726,Direct Hire,,,SKU-4053,106036,,,Alpha,,,,
100700,Placement,106739,casey.reyes@demomail.test,Fatima Haddad,2022-11-22 08:36:00,rowan.vance@sampleco.test,Morgan Mensah,2026-02-14 01:54:00,omar.brooks@acme-fake.test,Avery Garcia,2022-10-14 08:47:00,,,,N,Rahul Sato,101643,Atlas Energy LLC,Finance,Emerson Dorsey,Recruiter,2025-09-17,2026-06-03,Inactive,,100224,100403,Finance,100574,SKU-7437,607,Gamma,4195,1459,6628,Standard,Delta,100161,,Recruiter Placement,,100273,"7,794",Yes,aisha.dorsey@sampleco.test,Horizon Retail Ltd,,Skyler Silva,101474,Beta,,100292,,,,,New,LOT-3880,SKU-6655,101373,Beta,,,,Bengaluru,100211,,,Beta,100067,,,,,,,,,,100911,,Converted to Direct Hire,100365,Involuntary,,N,Exceeded,Followed up on the open items from last week.,United Kingdom,100651,Backfill,100016,,TAG-5058,106519,,,Delta,,,,
100043,Placement,106742,mei.dorsey@demomail.test,Noah Cohen,2023-05-18 12:10:00,reese.cohen@sampleco.test,Alex Reyes,2023-11-11 09:36:00,riley.sloan@acme-fake.test,Marco Rossi,2024-01-30 05:48:00,,,,Y,Rahul Ford,101452,Horizon Retail Group,Customer Support,Riley Okafor,Bookkeeper,2025-07-27,,Active - Placed,100042,100250,100083,Customer Support,100629,TAG-6914,5129,Alpha,7053,4087,7889,Standard,Delta,100569,,Bookkeeper Placement,,100053,"6,658",No,jamie.garcia@acme-fake.test,Keystone Health,100445,Casey Patel,101421,,,100348,,,,,Backfill,REF-4095,TAG-6525,101411,Delta,,,,Manila,100199,,,Delta,100683,,,,,,,,,,101059,,,100022,Involuntary,100514,N,,,India,100120,Placement,,,REF-2573,105341,,,Standard,,,,
100627,Placement,106743,sofia.blake@acme-fake.test,Emerson Costa,2026-07-24 18:57:00,alex.mensah@demomail.test,Aisha Whitfield,2024-03-31 17:54:00,fatima.rossi@acme-fake.test,Nina Cohen,2024-12-24 06:26:00,,,,N,Riley Cohen,101791,Harbor Labs Inc,Finance,Fatima Mercer,Accountant,2025-11-20,2026-07-10,Inactive,100774,100762,100512,Finance,100669,LOT-9825,3697,Alpha,1048,8347,6293,Standard,Delta,100299,,Accountant Placement,,100593,"15,170",Yes,jamie.cohen@examplecorp.test,Copper Energy LLP,,Aisha Brooks,101272,Gamma,,100412,,,"2,033",,Backfill,REF-5641,REF-2555,101389,Delta,,,,Dallas,100340,,,Alpha,100559,,,,,,,,,,101694,,Unmet Expectations,100040,,100094,Y,,Followed up on the open items from last week.,United States,100721,Trial,,,LOT-5284,105971,,,Beta,,,100673,
100439,Placement,106744,noah.larsson@acme-fake.test,Rowan Costa,2024-10-30 10:13:00,sofia.sloan@demomail.test,Liam Whitfield,2024-07-22 06:16:00,arjun.vance@sampleco.test,Morgan Patel,2023-10-17 14:18:00,,,,N,Diego Ivanov,101014,Redwood Capital Co,Human Resources,Skyler Garcia,Marketing Coordinator,2023-08-07,,Active - Terminated,100320,100098,100587,Human Resources,100355,TAG-5794,9146,Alpha,7681,9856,90,Gamma,Delta,100079,,Marketing Coordinator Placement,,,"16,081",No,aisha.whitfield@acme-fake.test,*NONE,,Elena Nguyen,101364,Other,,,,,"4,995",,New,SKU-2963,TAG-8480,101746,Alpha,,,,Manila,100145,,,Other,100487,,,,,,,,,,101442,,,100076,,100031,Y,Exceeded,,Canada,,Placement,100635,,REF-7389,106372,,,Gamma,,,100335,
100296,Placement,106746,quinn.sato@demomail.test,Alex Rossi,2025-10-14 22:32:00,yara.haddad@demomail.test,Noah Sloan,2026-01-23 06:10:00,quinn.sloan@acme-fake.test,Riley Reyes,2024-10-22 02:30:00,,,,Y,Rahul Costa,101354,Everest Labs Corp,Finance,Skyler Ivanov,Financial Analyst,2024-06-30,,Active - Placed,100168,100169,100330,Finance,100119,REF-9598,8855,Beta,2481,1040,6697,Alpha,Gamma,100635,,Financial Analyst Placement,,,"3,800",No,priya.reyes@examplecorp.test,Evergreen Health LLP,100233,Mei Sato,101679,Delta,,100634,,,"4,268",,New,LOT-1697,SKU-5767,101069,Other,,,,Atlanta,100071,,,Delta,100028,,,,,,,,,,101409,,,100559,Voluntary,100500,N,Met Expectations,,Australia,100624,Placement,,,TAG-4385,104908,,,Beta,,,,
100558,Placement,106748,elena.vance@demomail.test,Chen Calder,2025-05-06 04:34:00,aisha.kim@acme-fake.test,Omar Sloan,2025-10-17 22:36:00,taylor.whitfield@demomail.test,Fatima Nguyen,2026-02-04 07:13:00,,,,N,Fatima Dorsey,101455,Lakeside Labs LLC,Accounting,Casey Costa,Bookkeeper,2024-02-29,2026-07-19,Inactive - Terminated,100009,100451,100288,Accounting,100019,TAG-2993,480,Other,2258,6738,9462,Standard,Gamma,100161,,Bookkeeper Placement,,,"2,830",Yes,jordan.sloan@sampleco.test,*NONE,,Liam Cohen,101694,Other,,100031,,,,,New,LOT-6472,LOT-6285,101274,Other,,,,Dallas,100096,,,Gamma,100303,,,,,,,,,,101733,,Performance,100750,Involuntary,100785,Y,,Resolved the outstanding question about scope.,United States,100372,Placement,100079,,SKU-5531,106102,,,Other,,,100714,
100548,Placement,106750,alex.reyes@acme-fake.test,Arjun Ivanov,2023-08-21 07:00:00,quinn.dorsey@demomail.test,Reese Mensah,2023-03-23 08:39:00,mei.garcia@demomail.test,Omar Garcia,2025-08-31 14:02:00,,,,N,Avery Garcia,101313,Silverline Energy LLP,Customer Support,Arjun Vance,Recruiter,2025-07-31,,Active - Placed,100239,100292,100540,Customer Support,,REF-3923,7236,Other,7166,5714,5202,Gamma,Delta,100466,,Recruiter Placement,,100428,"12,609",No,omar.ivanov@examplecorp.test,Granite Systems Ltd,,Drew Whitfield,101478,Alpha,,100055,,,,,New,TAG-9357,REF-9066,101328,Standard,,,,Chicago,100476,,,Alpha,100332,,,,,,,,,,100899,,,100441,Involuntary,100632,N,Met Expectations,,United States,100776,Placement,100386,,LOT-5279,106057,,,Beta,,,100449,
100585,Placement,106752,mei.garcia@sampleco.test,Arjun Ford,2022-11-06 20:03:00,riley.ivanov@sampleco.test,Avery Sato,2024-08-01 05:16:00,emerson.sloan@sampleco.test,Mei Patel,2024-08-04 10:28:00,,,,N,Liam Ford,101159,Cobalt Analytics LLC,Operations,Arjun Brooks,Bookkeeper,2024-12-29,2026-06-15,Inactive,100481,100481,100768,Operations,,REF-5032,1165,Standard,239,8120,8155,Other,Gamma,100350,,Bookkeeper Placement,,,"13,932",No,rahul.ashby@sampleco.test,*NONE,,Taylor Cohen,101098,Delta,,100554,772,,,,New,TAG-2300,LOT-9302,101649,Beta,,,,Toronto,100496,,,Alpha,100012,,,,,,,,,,101450,,Project Ended,100029,Involuntary,100678,Y,,Scheduled a check-in for the coming month.,United Kingdom,,Trial,,,REF-7254,105551,,,Gamma,,,,
100263,Placement,106755,avery.reyes@acme-fake.test,Sofia Blake,2023-05-09 02:05:00,chen.haddad@acme-fake.test,Omar Ivanov,2024-12-01 02:44:00,rowan.larsson@examplecorp.test,Quinn Calder,2025-07-28 14:08:00,,,,Y,Elena Mercer,101359,Delta Dynamics LLP,Operations,Rahul Silva,Marketing Coordinator,2025-06-23,2026-06-05,Inactive - Terminated,,100686,100548,Operations,100246,LOT-8576,7342,Alpha,9749,2414,6499,Gamma,Other,100019,,Marketing Coordinator Placement,,100418,"5,628",No,omar.cohen@examplecorp.test,Copper Logistics Corp,100470,Avery Calder,101029,Gamma,,100393,,,"2,932",,Backfill,LOT-2919,LOT-9616,101364,Delta,,,,Austin,100634,,,Beta,100425,,,,,,,,,,100849,,Unmet Expectations,100750,Voluntary,100028,N,Exceeded,Noted a concern to revisit at the next sync.,Germany,100311,Trial,100468,,LOT-5783,105663,,,Delta,,,100221,
100058,Placement,106757,priya.dorsey@examplecorp.test,Rowan Calder,2025-03-22 19:39:00,mei.nguyen@acme-fake.test,Jamie Blake,2024-10-29 21:29:00,taylor.ashby@acme-fake.test,Quinn Brooks,2023-07-06 12:14:00,,,,Y,Fatima Haddad,101478,Northwind Solutions Co,Operations,Riley Larsson,Customer Success Manager,2025-07-27,2026-06-08,Inactive,100005,100503,100675,Operations,100177,LOT-4970,7082,Alpha,1792,5396,8580,Other,Other,100263,,Customer Success Manager Placement,,100650,"4,433",Yes,marco.garcia@sampleco.test,Everest Energy Co,100466,Diego Costa,101383,Gamma,,,,,,,Backfill,,REF-7755,101773,Beta,,,,Phoenix,100021,,,Other,100700,,,,,,,,,,101346,,Converted to Direct Hire,100263,Involuntary,100369,N,,Reviewed performance and gathered feedback.,United States,100448,Trial,100349,,REF-9677,106159,,,Alpha,,,100790,
100545,Placement,106759,jordan.whitfield@sampleco.test,Quinn Dorsey,2024-05-02 19:02:00,omar.garcia@examplecorp.test,Morgan Sloan,2024-10-07 01:04:00,fatima.ashby@sampleco.test,Mei Haddad,2022-10-19 02:28:00,,,,Y,Alex Silva,101056,Everest Industries Inc,Software Engineering,Fatima Garcia,HR Generalist,2023-06-19,,Active - Placed,,100371,100568,Software Engineering,100558,SKU-9072,1398,Gamma,8430,205,4039,Standard,Other,100050,,HR Generalist Placement,,100445,"9,848",No,alex.dorsey@demomail.test,Meridian Industries,100003,Elena Brooks,101493,Standard,,100109,934,,,,Backfill,SKU-8303,SKU-4024,100970,Alpha,,,,London,100747,,,Other,100246,,,,,,,,,,101649,,,100256,Voluntary,100058,Y,Met Expectations,,Philippines,,Placement,100619,,TAG-6682,106667,,,Standard,,,100699,
100441,Placement,106760,jamie.blake@acme-fake.test,Casey Blake,2023-08-29 17:47:00,priya.blake@sampleco.test,Reese Okafor,2023-02-12 20:29:00,casey.ashby@demomail.test,Alex Nguyen,2026-04-07 16:07:00,,,,N,Reese Reyes,101633,Delta Media Corp,Customer Support,Morgan Rossi,Financial Analyst,2023-07-03,2026-06-12,Inactive - Terminated,100109,100650,100730,Customer Support,,SKU-2673,584,Gamma,6499,9321,4529,Standard,Delta,100619,,Financial Analyst Placement,,,"17,159",Yes,priya.reyes@sampleco.test,Ironwood Financial,100572,Chen Rossi,100942,Beta,,100647,,,919,,New,REF-8434,REF-6894,100857,Alpha,,,,Chicago,100117,,,Delta,100727,,,,,,,,,,101576,,Project Ended,100315,Involuntary,100758,N,,Aligned on billing and renewal terms.,Australia,100181,Placement,100053,,LOT-7806,106284,,,Standard,,,,
100570,Placement,106761,riley.larsson@sampleco.test,Nina Vance,2022-11-08 22:54:00,nina.dorsey@demomail.test,Morgan Larsson,2026-01-12 14:28:00,marco.brooks@examplecorp.test,Rowan Patel,2023-07-31 09:43:00,,,,Y,Drew Okafor,101658,Granite Textiles LLP,Customer Support,Skyler Dorsey,Marketing Coordinator,2025-09-03,2026-06-14,Inactive,100759,100519,100028,Customer Support,100660,TAG-9507,6616,Beta,2575,1076,6009,Beta,Other,100596,,Marketing Coordinator Placement,,100535,"13,829",No,diego.ashby@sampleco.test,*NONE,,Drew Larsson,101000,Standard,,100467,,,,,Backfill,REF-3487,,100896,Gamma,,,,Toronto,100759,,,Standard,100405,,,,,,,,,,101101,,Performance,100247,,100040,Y,Met Expectations,Aligned on billing and renewal terms.,Australia,,Placement,100355,,SKU-6716,104888,,,Delta,,,100538,
100181,Placement,106763,rowan.vance@demomail.test,Aisha Mercer,2024-03-03 06:35:00,mei.larsson@demomail.test,Alex Cohen,2024-03-01 10:47:00,jordan.reyes@demomail.test,Yara Patel,2024-04-15 23:11:00,,,,Y,Yara Blake,101357,Ironwood Ventures Group,Software Engineering,Riley Okafor,Accountant,2026-04-15,2026-07-12,Inactive,,100465,100208,Software Engineering,,LOT-7825,8617,Other,6489,4565,9126,Delta,Gamma,100031,,Accountant Placement,,100771,"14,519",No,noah.sato@sampleco.test,Cobalt Networks LLP,,Casey Dorsey,100835,Delta,,,,,,,New,REF-9199,TAG-5596,101763,Beta,,,,Phoenix,100599,,,Alpha,100758,,,,,,,,,,101548,,Performance,100519,,100665,,Below,Noted a concern to revisit at the next sync.,India,100210,Direct Hire,,,LOT-4855,106378,,,Other,,,100622,
100765,Placement,106764,nina.kim@demomail.test,Avery Ford,2026-03-14 16:55:00,aisha.nguyen@acme-fake.test,Rowan Ivanov,2024-05-27 12:41:00,drew.nguyen@demomail.test,Riley Sloan,2024-02-10 10:01:00,,,,Y,Emerson Reyes,101673,Blue Ridge Analytics Co,Data & Analytics,Nina Larsson,Recruiter,2024-07-25,2026-06-13,Inactive,100118,100019,100762,Data & Analytics,100552,REF-1885,7771,Delta,2933,8684,4934,Delta,Other,100601,,Recruiter Placement,,100121,"4,345",No,liam.sloan@demomail.test,*NONE,,Arjun Ashby,101340,Beta,,100053,,,,,New,LOT-5645,,100998,Standard,,Beta,,Chicago,100784,,,Beta,100311,,,,,,,,,,101598,,Budget Cut,,Voluntary,100322,N,Exceeded,Resolved the outstanding question about scope.,Philippines,100601,Placement,100068,,TAG-8970,105228,,,Delta,,,,
100208,Placement,106766,avery.whitfield@sampleco.test,Riley Sloan,2023-06-16 11:31:00,elena.sato@acme-fake.test,Rowan Garcia,2025-01-19 07:55:00,priya.sloan@acme-fake.test,Diego Haddad,2023-09-04 04:41:00,,,,Y,Morgan Okafor,101210,Cobalt Financial Inc,Data & Analytics,Morgan Ford,Accountant,2025-06-16,,Active - Terminated,,100092,100554,Data & Analytics,,TAG-5397,3791,Gamma,3357,7951,2540,Gamma,Standard,100350,,Accountant Placement,,,"12,380",No,arjun.costa@examplecorp.test,*NONE,,Alex Reyes,101191,Standard,,100611,,,,,New,LOT-4744,,101628,Delta,,,,Dallas,100608,,,Alpha,100484,,,,,,,,,,101107,,,100103,,100762,N,Below,,United Kingdom,100152,Placement,,,REF-8593,106114,,,Delta,,,,
100611,Placement,106767,emerson.whitfield@sampleco.test,Avery Vance,2025-01-28 06:12:00,rowan.dorsey@acme-fake.test,Aisha Ashby,2022-11-05 08:47:00,arjun.blake@demomail.test,Jamie Calder,2026-07-04 16:36:00,,,,Y,Jordan Costa,101572,Summit Labs LLC,Data & Analytics,Rahul Brooks,Executive Assistant,2025-02-18,2026-06-16,Inactive,,100219,100438,Data & Analytics,,TAG-4520,9379,Alpha,2127,332,4669,Beta,Standard,100130,,Executive Assistant Placement,,,"16,068",No,alex.blake@sampleco.test,Redwood Energy Inc,,Mei Ivanov,100928,Gamma,,100042,,,"4,866",,Backfill,TAG-7729,SKU-4051,101496,Beta,,,,Chicago,100721,,,Beta,100061,,,,,,,,,,100853,,Converted to Direct Hire,100343,Involuntary,100579,Y,,Discussed timeline and next steps with the account.,Germany,,Placement,100012,,REF-7416,106061,,,Other,,,100436,
100747,Placement,106768,liam.larsson@sampleco.test,Riley Ford,2025-04-08 09:55:00,alex.blake@demomail.test,Fatima Whitfield,2026-03-09 20:46:00,aisha.dorsey@sampleco.test,Mei Rossi,2024-05-15 21:38:00,,,,N,Noah Nguyen,100870,Ironwood Retail,Customer Support,Elena Mercer,Financial Analyst,2024-06-05,2026-06-16,Inactive,,100735,100263,Customer Support,100398,REF-5401,1084,Gamma,42,1757,3861,Alpha,Beta,100551,,Financial Analyst Placement,,,"8,833",Yes,mei.sloan@acme-fake.test,*NONE,100193,Alex Ivanov,101547,Beta,,100348,,,,,Backfill,LOT-3083,LOT-8874,101278,Delta,,,,Atlanta,100220,,,Other,100267,,,,,,,,,,101556,,Converted to Direct Hire,,Involuntary,100103,N,Exceeded,Reviewed performance and gathered feedback.,Australia,,Trial,,,REF-3121,106005,,,Beta,,,100139,
100724,Placement,106770,jordan.costa@examplecorp.test,Sofia Ford,2024-06-26 12:31:00,aisha.ashby@sampleco.test,Chen Brooks,2025-10-20 10:23:00,omar.ford@demomail.test,Fatima Silva,2026-04-26 03:38:00,,,,N,Emerson Ivanov,101404,Everest Financial Corp,Software Engineering,Arjun Patel,Payroll Specialist,2025-09-30,2026-07-25,Inactive,100593,100542,100303,Software Engineering,,LOT-4622,5298,Gamma,6151,1300,9235,Alpha,Other,100619,,Payroll Specialist Placement,,,"6,272",Yes,noah.larsson@examplecorp.test,*NONE,,Morgan Silva,100926,Beta,,,718,,,,Backfill,SKU-2081,REF-1124,101395,Standard,,,,Mumbai,100448,,,Alpha,100399,,,,,,,,,,101235,,Relocation,100658,,100696,N,,Scheduled a check-in for the coming month.,Mexico,,Bench,,,TAG-3514,106136,,,Beta,,,100791,
100561,Placement,106773,mei.silva@examplecorp.test,Alex Larsson,2025-07-13 00:36:00,drew.sato@acme-fake.test,Quinn Mercer,2024-04-30 20:55:00,casey.mensah@acme-fake.test,Morgan Brooks,2025-07-13 20:56:00,,,,N,Omar Dorsey,101679,Copper Manufacturing Co,Recruiting,Sofia Mercer,Data Analyst,2023-11-26,,Active - Placed,100608,100396,100467,Recruiting,100359,TAG-4618,4949,Alpha,6736,4655,9713,Delta,Delta,100689,,Data Analyst Placement,,100473,"7,326",No,riley.larsson@examplecorp.test,Harbor Energy Co,,Elena Okafor,101711,Alpha,,100542,,,,,New,SKU-4532,SKU-2499,100911,Other,,,,Seattle,100021,,,Beta,100611,,,,,,,,,,101622,,,100697,Involuntary,100311,Y,,,Australia,,Placement,,,TAG-4554,106018,,,Alpha,,,100496,
100568,Placement,106775,nina.whitfield@acme-fake.test,Riley Rossi,2024-05-28 02:26:00,skyler.larsson@sampleco.test,Yara Garcia,2025-10-07 01:39:00,reese.ashby@demomail.test,Emerson Blake,2026-05-02 17:41:00,,,,Y,Skyler Ivanov,101202,Silverline Financial LLP,Accounting,Noah Blake,Data Analyst,2025-06-21,,Active - Placed,100332,100785,100503,Accounting,,LOT-6324,1692,Delta,2655,4829,8760,Standard,Delta,100355,,Data Analyst Placement,,100291,"9,925",Yes,casey.reyes@examplecorp.test,Ironwood Robotics Corp,100062,Aisha Costa,101779,Standard,,100404,,,"3,389",,New,SKU-2814,,101368,Other,,,,London,100112,,,Alpha,100782,,,,,,,,,,101658,,,100242,,100319,N,Below,,United Kingdom,,Direct Hire,100231,,TAG-6080,105326,,,Beta,,,,
100328,Placement,106776,avery.patel@demomail.test,Alex Ivanov,2024-05-05 17:45:00,casey.larsson@sampleco.test,Elena Whitfield,2025-05-03 04:22:00,fatima.ashby@sampleco.test,Quinn Costa,2026-02-13 00:51:00,,,,Y,Avery Calder,101353,Horizon Capital Corp,Sales,Jamie Reyes,Data Analyst,2023-10-03,,Active - Placed,100608,100490,100257,Sales,100062,LOT-3120,9397,Gamma,3355,2072,5794,Delta,Standard,100250,,Data Analyst Placement,,100561,"17,335",Yes,omar.vance@demomail.test,*NONE,,Quinn Mensah,101751,Alpha,,100750,,,,,Backfill,TAG-4468,,101520,Beta,,,,Seattle,100435,,,Gamma,100185,,,,,,,,,,101210,,,100244,,100016,Y,Exceeded,,Mexico,,Placement,100415,,LOT-6275,105197,,,Gamma,,,100554,
100548,Placement,106778,diego.vance@demomail.test,Omar Vance,2023-11-22 00:12:00,arjun.cohen@examplecorp.test,Quinn Whitfield,2023-01-10 02:13:00,elena.reyes@examplecorp.test,Riley Whitfield,2026-03-19 08:58:00,,,,Y,Rowan Nguyen,101570,Everest Systems Group,Data & Analytics,Rowan Larsson,Payroll Specialist,2024-03-21,2026-07-16,Inactive,100669,100233,100578,Data & Analytics,100616,TAG-2567,3000,Other,6581,3923,5777,Beta,Delta,100425,,Payroll Specialist Placement,,100643,"11,748",No,diego.rossi@examplecorp.test,*NONE,100741,Mei Okafor,101003,Delta,,,,,"2,123",,New,REF-2586,REF-7218,101746,Delta,,,,London,100758,,,Other,100730,,,,,,,,,,101709,,Budget Cut,100392,Involuntary,100303,Y,,Resolved the outstanding question about scope.,United Kingdom,,Placement,100260,,REF-6057,105876,,,Standard,,,100194,
100281,Placement,106780,omar.larsson@sampleco.test,Sofia Garcia,2024-07-21 05:57:00,morgan.silva@acme-fake.test,Rowan Ivanov,2022-11-24 05:54:00,quinn.sloan@sampleco.test,Rahul Sloan,2025-12-19 00:34:00,,,,Y,Rowan Haddad,101379,Summit Logistics LLP,Human Resources,Elena Ford,Executive Assistant,2024-06-22,,Active - Placed,100264,100779,100678,Human Resources,,SKU-1413,2104,Standard,8557,2892,6671,Delta,Gamma,100686,,Executive Assistant Placement,,100300,"7,532",No,yara.kim@demomail.test,*NONE,,Alex Whitfield,101529,Delta,,,,,,,New,REF-7284,,101572,Other,,,,Atlanta,100375,,,Gamma,100423,,,,,,,,,,101121,,,100284,Voluntary,100414,N,Met Expectations,,Australia,100741,Bench,100348,,LOT-6804,105296,,,Alpha,,,,
100128,Placement,106782,reese.rossi@acme-fake.test,Reese Kim,2023-12-07 22:50:00,priya.nguyen@sampleco.test,Riley Brooks,2025-06-13 14:19:00,casey.nguyen@demomail.test,Priya Mensah,2024-05-14 21:10:00,,,,Y,Marco Okafor,101751,Vertex Dynamics Co,Customer Support,Chen Dorsey,Operations Associate,2024-08-01,,Active - Placed,100765,100461,100343,Customer Support,100215,REF-1082,7320,Other,6583,3169,432,Other,Standard,100317,,Operations Associate Placement,,,"8,485",Yes,priya.larsson@sampleco.test,Harbor Partners Group,100319,Arjun Silva,101699,Delta,,,,,,,Backfill,LOT-2444,TAG-4203,101054,Gamma,,,,Bengaluru,100415,,,Gamma,100399,,,,,,,,,,101689,,,100291,Voluntary,100016,N,Met Expectations,,Philippines,100226,Bench,100596,,REF-1373,105316,,,Delta,,,,
100220,Placement,106783,riley.dorsey@demomail.test,Fatima Brooks,2022-12-27 08:26:00,sofia.kim@examplecorp.test,Rahul Ivanov,2023-01-06 05:26:00,noah.ivanov@sampleco.test,Jordan Haddad,2025-08-21 15:37:00,,,,Y,Priya Sloan,101661,Redwood Financial LLP,Finance,Quinn Cohen,Data Analyst,2026-06-02,,Active - Terminated,100365,100398,100309,Finance,,SKU-6496,7437,Standard,165,7,2087,Beta,Beta,100275,,Data Analyst Placement,,100435,"11,787",Yes,taylor.sloan@demomail.test,*NONE,100672,Rahul Sato,101773,Alpha,,100196,,,,,Backfill,TAG-8072,,101207,Delta,,,,Atlanta,100098,,,Gamma,100119,,,,,,,,,,101185,,,100569,Involuntary,100509,N,Exceeded,,India,100239,Bench,,,SKU-3819,106490,,,Alpha,,,,
100561,Placement,106784,rahul.ashby@demomail.test,Taylor Costa,2023-01-13 14:34:00,noah.nguyen@examplecorp.test,Arjun Okafor,2026-05-11 03:57:00,drew.larsson@demomail.test,Jamie Calder,2025-04-10 03:20:00,,,,Y,Nina Sato,101442,Vertex Textiles LLP,Finance,Drew Mercer,Data Analyst,2023-08-12,,Active - Terminated,,100278,100425,Finance,,REF-8830,8104,Other,1916,5092,149,Standard,Gamma,100643,,Data Analyst Placement,,100009,"9,148",No,rahul.mensah@sampleco.test,*NONE,,Nina Haddad,101435,Delta,,100098,,,,,New,TAG-9417,,101612,Other,,,,London,100493,,,Beta,100595,,,,,,,,,,101731,,,100624,,100606,N,Exceeded,,United Kingdom,100704,Bench,,,TAG-9228,104972,,,Standard,,,,
100193,Placement,106787,marco.sato@examplecorp.test,Yara Brooks,2024-02-12 13:21:00,emerson.costa@sampleco.test,Omar Mensah,2025-04-20 22:43:00,sofia.ford@examplecorp.test,Mei Vance,2026-07-15 03:19:00,,,,Y,Yara Mensah,101790,Meridian Solutions Inc,Finance,Alex Ashby,HR Generalist,2025-06-21,,Active - Placed,,100697,100305,Finance,100286,REF-2935,7327,Beta,6112,9911,2169,Other,Standard,100493,,HR Generalist Placement,,100514,"4,238",No,jordan.blake@examplecorp.test,*NONE,,Elena Whitfield,101701,Delta,,100673,"1,583",,,,New,SKU-1478,LOT-5052,101505,Gamma,,,,Dallas,100512,,,Standard,100473,,,,,,,,,,100810,,,,Voluntary,100775,N,Met Expectations,,United Kingdom,100635,Bench,,,TAG-4908,105677,,,Beta,,,100498,
100664,Placement,106788,omar.ford@examplecorp.test,Mei Ivanov,2026-05-19 13:55:00,sofia.reyes@sampleco.test,Elena Ford,2025-05-24 21:09:00,diego.ivanov@examplecorp.test,Rowan Silva,2024-06-23 17:58:00,,,,Y,Casey Whitfield,101706,Cardinal Energy,Finance,Marco Sloan,HR Generalist,2024-11-09,,Active - Placed,100407,100054,100273,Finance,,REF-5690,912,Other,5020,644,9245,Standard,Beta,100570,,HR Generalist Placement,,100587,"15,828",No,alex.rossi@examplecorp.test,*NONE,,Emerson Kim,101485,Alpha,,100199,,,,,New,LOT-6627,SKU-9452,101067,Alpha,,,,Seattle,100147,,,Beta,100548,,,,,,,,,,101649,,,100178,,100182,Y,,,Australia,100554,Placement,,,SKU-7006,105633,,,Other,,,100529,
100774,Placement,106790,priya.ivanov@demomail.test,Drew Costa,2023-09-21 02:10:00,marco.mensah@examplecorp.test,Emerson Garcia,2023-11-10 11:02:00,quinn.okafor@acme-fake.test,Aisha Silva,2023-12-15 06:05:00,,,,Y,Aisha Larsson,100936,Blue Ridge Robotics LLC,Data & Analytics,Yara Rossi,Software Developer,2024-09-09,,Active - Placed,,100181,100023,Data & Analytics,100490,SKU-8038,4116,Standard,5927,3486,5997,Standard,Beta,100196,,Software Developer Placement,,100054,"14,567",No,emerson.patel@demomail.test,*NONE,100142,Avery Ford,101515,Standard,,100658,,,"2,976",,New,LOT-5031,SKU-5725,100891,Delta,,,,Phoenix,100359,,,Delta,100689,,,,,,,,,,100947,,,100077,,100177,,Met Expectations,,Mexico,,Trial,100119,,TAG-5428,105274,,,Delta,,,100089,
100599,Placement,106793,elena.mensah@demomail.test,Diego Kim,2025-11-02 00:09:00,sofia.kim@acme-fake.test,Skyler Calder,2026-05-17 02:21:00,elena.mercer@examplecorp.test,Chen Blake,2023-03-23 13:29:00,,,,N,Drew Dorsey,101774,Silverline Logistics Inc,Software Engineering,Drew Calder,Support Specialist,2023-04-29,,Active - Placed,,100067,100277,Software Engineering,100028,TAG-5591,6668,Alpha,1430,8439,6927,Delta,Delta,100733,,Support Specialist Placement,,,"5,233",Yes,skyler.calder@examplecorp.test,*NONE,,Marco Whitfield,101038,Beta,,100361,,,,,New,REF-6169,SKU-4485,100796,Gamma,,,,Chicago,100182,,,Beta,100012,,,,,,,,,,101296,,,100298,Involuntary,100278,N,,,United States,100494,Placement,100256,,SKU-7376,106247,,,Beta,,,100559,
100710,Placement,106795,taylor.kim@examplecorp.test,Avery Ford,2025-07-06 01:17:00,skyler.mercer@sampleco.test,Jamie Kim,2023-10-21 08:43:00,taylor.silva@acme-fake.test,Mei Garcia,2025-10-27 09:53:00,,,,Y,Morgan Reyes,101115,Delta Networks Group,Sales,Riley Mercer,Recruiter,2026-03-07,,Active - Placed,,100396,100307,Sales,100664,TAG-9713,808,Standard,2901,5077,9591,Other,Alpha,100669,,Recruiter Placement,,100055,"4,430",No,noah.mercer@sampleco.test,*NONE,,Morgan Larsson,101119,Delta,,,,,,,New,REF-9143,LOT-5466,101697,Gamma,,,,Bengaluru,100252,,,Gamma,100587,,,,,,,,,,101541,,,100762,Voluntary,100058,Y,Exceeded,,Philippines,100656,Placement,,,REF-7105,106189,,,Standard,,,,
100435,Placement,106797,fatima.costa@demomail.test,Priya Ashby,2023-12-26 08:58:00,marco.ivanov@acme-fake.test,Quinn Ford,2025-09-22 07:18:00,mei.reyes@examplecorp.test,Diego Calder,2026-07-16 23:20:00,,,,Y,Reese Vance,100909,Pioneer Foods LLP,Recruiting,Noah Dorsey,Recruiter,2025-05-30,2026-07-09,Inactive - Terminated,100219,100208,100076,Recruiting,100490,TAG-3454,1008,Gamma,4304,8865,3720,Delta,Gamma,100392,,Recruiter Placement,,100046,"14,357",No,riley.larsson@examplecorp.test,*NONE,100345,Marco Sloan,101220,Delta,,,141,,,,New,SKU-8305,LOT-4490,101085,Delta,,,,Bengaluru,100226,,,Standard,100076,,,,,,,,,,101003,,Project Ended,100309,,100472,Y,Below,Shared the updated proposal for review.,Mexico,100200,Placement,,,LOT-7490,106019,,,Delta,,,,
100352,Placement,106799,jamie.silva@demomail.test,Emerson Ford,2023-11-26 07:21:00,arjun.cohen@acme-fake.test,Liam Haddad,2024-05-24 15:39:00,morgan.ivanov@demomail.test,Omar Costa,2024-02-08 06:36:00,,,,Y,Skyler Vance,100953,Everest Networks Group,Recruiting,Reese Mercer,Support Specialist,2025-12-23,,Active - Terminated,100578,100042,100082,Recruiting,100585,REF-7342,5050,Delta,7559,634,4281,Alpha,Beta,100229,,Support Specialist Placement,,,"12,517",Yes,priya.sloan@acme-fake.test,Meridian Networks LLC,,Jamie Sloan,101538,Beta,,100601,,,,,Backfill,TAG-5560,SKU-3798,101027,Beta,,,,Denver,100569,,,Beta,100405,,,,,,,,,,100966,,,100200,Voluntary,100203,Y,Exceeded,,Philippines,,Placement,,,SKU-4297,105540,,,Other,,,100606,
100593,Placement,106801,liam.vance@examplecorp.test,Rowan Mensah,2026-05-24 20:09:00,sofia.sato@sampleco.test,Arjun Haddad,2024-07-23 02:24:00,nina.larsson@demomail.test,Arjun Mensah,2025-04-03 05:58:00,,,,Y,Priya Mensah,101129,Silverline Networks Corp,Marketing,Aisha Rossi,Project Manager,2024-10-11,2026-06-26,Inactive - Terminated,100522,100181,100774,Marketing,100741,LOT-2773,6490,Gamma,7003,8827,1276,Other,Alpha,100173,,Project Manager Placement,,100619,"3,382",Yes,aisha.reyes@acme-fake.test,Harbor Ventures LLP,,Rowan Reyes,101612,Standard,,,,,,,New,LOT-9893,TAG-8101,101625,Gamma,,,,Mumbai,100779,,,Beta,100215,,,,,,,,,,100926,,Budget Cut,100014,Voluntary,100765,Y,Met Expectations,Followed up on the open items from last week.,Mexico,100038,Trial,100096,,TAG-3735,106073,,,Other,,,,
100071,Placement,106803,chen.sato@demomail.test,Casey Patel,2023-05-05 20:24:00,jamie.cohen@examplecorp.test,Jordan Okafor,2026-03-31 22:06:00,riley.costa@acme-fake.test,Drew Dorsey,2024-06-11 03:42:00,,,,N,Sofia Ford,101325,Keystone Labs Group,Finance,Taylor Costa,Software Developer,2024-05-31,,Active - Placed,100361,100550,100161,Finance,100369,TAG-7212,866,Gamma,2792,1543,4649,Gamma,Beta,100758,,Software Developer Placement,,,"11,590",No,chen.ford@demomail.test,*NONE,,Fatima Sloan,100841,Beta,,,,,,,Backfill,LOT-1915,REF-3813,101059,Standard,,,,Denver,100309,,,Standard,100750,,,,,,,,,,101090,,,,Involuntary,100211,N,Below,,Philippines,100504,Direct Hire,100077,,LOT-7463,104927,,,Alpha,,,,
100558,Placement,106806,quinn.patel@demomail.test,Diego Cohen,2024-12-22 03:13:00,elena.vance@acme-fake.test,Alex Dorsey,2023-12-19 14:00:00,emerson.okafor@demomail.test,Morgan Haddad,2025-02-04 20:20:00,,,,N,Marco Silva,101472,Pioneer Labs Co,Sales,Morgan Kim,Customer Success Manager,2023-05-13,2026-07-04,Inactive - Terminated,,100735,100656,Sales,,TAG-6394,7811,Standard,5922,6512,5535,Delta,Alpha,100371,,Customer Success Manager Placement,,100697,"15,656",Yes,rahul.costa@acme-fake.test,*NONE,100232,Jamie Blake,101264,Alpha,,,,,"3,250",,New,LOT-3532,,101004,Delta,,,,Austin,100460,,,Gamma,100629,,,,,,,,,,101658,,Converted to Direct Hire,100418,,100309,N,Below,Shared the updated proposal for review.,Australia,,Placement,,,LOT-8598,105477,,,Delta,,,100535,
100281,Placement,106807,elena.ivanov@acme-fake.test,Casey Haddad,2025-07-03 14:45:00,quinn.ashby@sampleco.test,Drew Haddad,2024-10-07 01:57:00,skyler.dorsey@acme-fake.test,Diego Sato,2025-05-28 19:13:00,,,,Y,Yara Whitfield,101561,Cardinal Foods Corp,Human Resources,Arjun Larsson,Recruiter,2025-05-29,2026-07-05,Inactive - Terminated,100269,100750,100375,Human Resources,100774,SKU-6150,4714,Beta,7600,984,8965,Alpha,Alpha,100029,,Recruiter Placement,,100361,,Yes,aisha.sloan@acme-fake.test,*NONE,,Jamie Patel,101313,Standard,,100418,330,,,,Backfill,SKU-3223,TAG-4139,101415,Standard,,,,Mumbai,100165,,,Delta,100246,,,,,,,,,,101551,,Project Ended,100278,Involuntary,100303,,Exceeded,Reviewed performance and gathered feedback.,United Kingdom,100726,Direct Hire,,,LOT-4094,105677,,,Standard,,,,
100578,Placement,106809,skyler.vance@demomail.test,Noah Okafor,2023-12-11 11:59:00,elena.ford@demomail.test,Arjun Costa,2025-11-10 11:10:00,arjun.haddad@sampleco.test,Avery Reyes,2026-06-20 17:45:00,,,,N,Fatima Rossi,101676,Evergreen Networks LLP,Marketing,Skyler Haddad,Data Analyst,2025-09-29,2026-06-08,Inactive,,100094,100387,Marketing,,SKU-5660,5661,Delta,3832,3816,1814,Other,Alpha,100771,,Data Analyst Placement,,,"10,139",No,jamie.mensah@examplecorp.test,*NONE,100498,Diego Blake,101439,Delta,,,,,,,New,REF-9927,SKU-6908,100838,Other,,,,Toronto,100747,,,Other,100161,,,,,,,,,,101024,,Converted to Direct Hire,,Involuntary,100043,,Met Expectations,Discussed timeline and next steps with the account.,India,100055,Placement,100441,,LOT-6278,106006,,,Gamma,,,100145,
100774,Placement,106811,alex.sato@demomail.test,Skyler Patel,2024-11-11 12:46:00,emerson.silva@sampleco.test,Fatima Costa,2024-03-07 11:37:00,arjun.garcia@demomail.test,Jamie Mensah,2025-04-03 05:53:00,,,,N,Noah Haddad,101755,Redwood Capital Co,Operations,Drew Costa,Financial Analyst,2025-08-21,,Active - Placed,100619,100393,100330,Operations,100454,SKU-3804,8013,Delta,5442,3029,2939,Alpha,Delta,100428,,Financial Analyst Placement,,100355,"12,699",Yes,rahul.garcia@sampleco.test,*NONE,,Drew Silva,101590,Other,,100007,,,"4,173",,New,LOT-2229,SKU-3951,100957,Other,,,,Atlanta,100139,,,Beta,100476,,,,,,,,,,101349,,,,Involuntary,100404,Y,Exceeded,,India,,Placement,100638,,SKU-9599,106023,,,Beta,,,100441,
100694,Placement,106812,elena.mensah@demomail.test,Chen Haddad,2023-02-16 13:08:00,drew.rossi@demomail.test,Omar Sato,2024-05-18 14:09:00,riley.kim@sampleco.test,Casey Cohen,2025-03-29 14:29:00,,,,N,Casey Ivanov,101290,Falcon Solutions,Operations,Morgan Blake,Operations Associate,2026-02-28,,Active - Placed,100277,100453,100490,Operations,,LOT-9785,5750,Other,5852,58,7164,Gamma,Other,100315,,Operations Associate Placement,,,"8,734",No,taylor.okafor@acme-fake.test,*NONE,,Liam Sloan,101050,Delta,,100109,,,,,New,SKU-5563,LOT-8885,101760,Gamma,1049,,,Phoenix,100311,,,Delta,100648,,,,,,,,,,101706,,,100003,Voluntary,100174,Y,Below,,India,,Placement,100193,,TAG-6950,105013,,,Delta,,,,
100168,Placement,106814,jamie.costa@examplecorp.test,Skyler Ford,2024-10-19 01:56:00,aisha.vance@demomail.test,Marco Calder,2025-11-07 06:05:00,fatima.whitfield@examplecorp.test,Omar Nguyen,2023-05-14 04:55:00,,,,N,Avery Whitfield,101056,Cobalt Analytics Corp,Operations,Elena Sato,HR Generalist,2026-03-05,,Active - Placed,100147,100590,100740,Operations,,LOT-8004,6032,Standard,4170,1591,7140,Standard,Standard,100733,,HR Generalist Placement,,,"7,536",No,rowan.patel@acme-fake.test,*NONE,100299,Nina Blake,101146,Delta,,100439,,,,,Backfill,REF-7943,,100905,Other,,,,Austin,100021,,,Beta,100785,,,,,,,,,,100917,,,100295,Involuntary,100343,N,,,India,100205,Placement,100305,,SKU-6579,106406,,,Beta,,,100552,
100054,Placement,106816,liam.brooks@demomail.test,Priya Ashby,2026-04-29 17:38:00,jamie.cohen@examplecorp.test,Liam Patel,2023-11-25 14:08:00,rahul.brooks@examplecorp.test,Drew Okafor,2023-08-12 17:58:00,,,,Y,Arjun Dorsey,100932,Brightpath Capital Inc,Accounting,Jamie Blake,Operations Associate,2025-05-29,,Active - Placed,,100398,100365,Accounting,,TAG-1372,7435,Beta,7479,6998,6928,Delta,Standard,100542,,Operations Associate Placement,,,"15,399",Yes,casey.vance@sampleco.test,*NONE,100412,Mei Haddad,101289,Other,,100568,,,,,New,TAG-8705,TAG-5247,101254,Delta,,,,Toronto,100476,,,Beta,100438,,,,,,,,,,100846,,,100137,Involuntary,100660,N,Below,,United States,100678,Direct Hire,100735,,SKU-1720,106451,,,Beta,,,100686,
100284,Placement,106817,priya.haddad@examplecorp.test,Omar Nguyen,2022-11-16 18:42:00,fatima.ford@demomail.test,Reese Vance,2023-03-21 07:57:00,avery.garcia@demomail.test,Casey Nguyen,2023-05-14 18:59:00,,,,N,Yara Costa,101240,Brightpath Dynamics Inc,Finance,Avery Silva,Support Specialist,2025-11-04,2026-07-08,Inactive,100201,100019,100758,Finance,,TAG-9149,4979,Beta,9596,3180,4051,Standard,Standard,100765,,Support Specialist Placement,,100273,"2,242",Yes,sofia.garcia@examplecorp.test,*NONE,,Marco Rossi,101057,Standard,,,,,,,New,LOT-4775,,101666,Standard,,,,Atlanta,100173,,,Beta,100158,,,,,,,,,,100932,,Relocation,100139,Involuntary,100590,,Exceeded,Followed up on the open items from last week.,Australia,100672,Placement,100007,,REF-7983,106468,,,Other,,,,
100236,Placement,106818,fatima.kim@demomail.test,Drew Rossi,2025-03-20 02:16:00,alex.cohen@demomail.test,Rahul Okafor,2025-04-13 09:03:00,diego.brooks@examplecorp.test,Drew Brooks,2026-01-30 06:47:00,,,,Y,Chen Larsson,101678,Copper Holdings Ltd,Finance,Liam Ashby,Customer Success Manager,2024-04-02,,Active - Placed,100003,100062,100761,Finance,,LOT-4116,2689,Alpha,6406,4644,2405,Alpha,Delta,100514,,Customer Success Manager Placement,,,"15,800",Yes,rowan.garcia@examplecorp.test,Summit Analytics,100247,Reese Mercer,101050,Delta,,100733,,,"2,329",,New,LOT-4572,SKU-8534,101505,Gamma,,,,Chicago,100118,,,Beta,100667,,,,,,,,,,100838,,,100680,Involuntary,,Y,Below,,Canada,,Bench,,,TAG-3364,106244,,,Standard,,,,
100387,Placement,106819,taylor.ashby@demomail.test,Marco Blake,2023-11-25 08:30:00,omar.brooks@examplecorp.test,Fatima Patel,2023-01-25 10:29:00,jamie.cohen@examplecorp.test,Mei Costa,2024-06-10 08:04:00,,,,N,Riley Okafor,101548,Keystone Financial Group,Operations,Jamie Cohen,Project Manager,2023-12-17,,Active - Placed,100704,100401,100158,Operations,,TAG-8835,3730,Delta,4620,5664,7842,Standard,Standard,100031,,Project Manager Placement,,100098,"15,616",No,liam.rossi@examplecorp.test,*NONE,100383,Jamie Whitfield,101682,Delta,,100475,,,207,,New,TAG-2721,,101600,Standard,,,,Seattle,100396,,,Delta,100161,,,,,,,,,,101376,,,100172,,100667,N,Exceeded,,Australia,100050,Bench,100429,,SKU-4270,105264,,,Standard,,,100423,
100528,Placement,106820,nina.okafor@sampleco.test,Omar Larsson,2025-09-12 00:12:00,drew.cohen@demomail.test,Chen Costa,2023-07-19 02:13:00,avery.mensah@sampleco.test,Fatima Patel,2024-01-06 12:07:00,,,,N,Alex Haddad,101751,Meridian Media,Software Engineering,Liam Brooks,Financial Analyst,2024-09-16,,Active - Placed,100335,100493,100147,Software Engineering,100233,LOT-2270,7880,Other,6249,2470,3241,Gamma,Gamma,100680,,Financial Analyst Placement,,100504,"13,456",No,drew.nguyen@acme-fake.test,Ironwood Partners LLC,100566,Yara Costa,101531,Standard,,100055,"1,055",,"1,561",,New,LOT-4279,TAG-3350,100841,Standard,,,,Mumbai,100140,,,Delta,100593,,,,,,,,,,101346,,,100003,Voluntary,100671,Y,Exceeded,,Mexico,,Placement,100130,,LOT-5590,105407,,,Delta,,,,
100229,Placement,106823,emerson.okafor@sampleco.test,Fatima Patel,2024-11-05 01:14:00,avery.reyes@demomail.test,Noah Brooks,2024-12-08 13:46:00,rowan.patel@demomail.test,Diego Ashby,2023-04-11 08:51:00,,,,N,Arjun Sloan,101672,Pioneer Manufacturing,Recruiting,Elena Haddad,Financial Analyst,2025-02-10,2026-07-10,Inactive - Terminated,100500,100639,100660,Recruiting,,REF-1474,7440,Beta,2311,9022,1395,Standard,Alpha,100608,,Financial Analyst Placement,,100665,"3,641",Yes,jordan.larsson@acme-fake.test,*NONE,100071,Priya Blake,101447,Beta,,100434,,,,,New,TAG-4372,LOT-4503,101664,Delta,,,,Austin,100082,,,Beta,100322,,,,,,,,,,101002,,Project Ended,100714,Involuntary,100516,,,Noted a concern to revisit at the next sync.,India,,Bench,,,TAG-5616,106114,,,Alpha,,,,
100512,Placement,106826,jordan.ashby@demomail.test,Riley Okafor,2025-06-28 16:42:00,casey.haddad@examplecorp.test,Aisha Sato,2025-09-11 11:57:00,yara.mercer@sampleco.test,Chen Sato,2024-01-27 03:13:00,,,,Y,Marco Haddad,101420,Falcon Robotics LLC,Operations,Arjun Kim,Executive Assistant,2024-04-19,,Active - Terminated,100021,100632,100317,Operations,100634,TAG-3973,3118,Beta,2741,6753,7779,Other,Standard,100378,,Executive Assistant Placement,,100439,"2,300",Yes,aisha.costa@acme-fake.test,*NONE,100434,Noah Mercer,101552,Other,,100106,,,636,,New,TAG-2954,,100879,Delta,,,,Toronto,100439,,,Beta,100765,,,,,,,,,,101424,,,100770,Voluntary,100257,Y,Below,,Philippines,100726,Bench,100776,,TAG-2439,105674,,,Other,,,100009,
100412,Placement,106827,arjun.blake@examplecorp.test,Nina Kim,2023-04-13 14:02:00,elena.calder@sampleco.test,Fatima Dorsey,2023-03-11 20:59:00,jordan.silva@examplecorp.test,Skyler Ashby,2024-08-08 07:21:00,,,,Y,Priya Vance,101631,Lakeside Industries Group,Human Resources,Avery Brooks,QA Engineer,2024-10-20,2026-07-07,Inactive - Terminated,100083,100550,100023,Human Resources,100495,LOT-6651,1841,Delta,1770,5676,682,Beta,Delta,100295,,QA Engineer Placement,,,"16,324",Yes,jordan.ivanov@demomail.test,*NONE,100604,Riley Kim,101547,Other,,,,,"4,397",,New,SKU-5826,SKU-9353,100849,Beta,,,,Atlanta,100462,,,Alpha,100380,,,,,,,,,,101672,,,100068,,100468,Y,Exceeded,Discussed timeline and next steps with the account.,United States,,Bench,100407,,REF-4338,106321,,,Gamma,,,100211,
100650,Placement,106828,morgan.haddad@demomail.test,Drew Sato,2022-11-28 11:16:00,skyler.reyes@acme-fake.test,Taylor Kim,2026-05-23 18:17:00,chen.whitfield@acme-fake.test,Jordan Calder,2022-10-10 10:41:00,,,,N,Taylor Mensah,101600,Meridian Manufacturing Ltd,Data & Analytics,Riley Nguyen,Support Specialist,2023-12-26,2026-06-12,Inactive - Terminated,100253,100759,100451,Data & Analytics,100221,TAG-7664,5671,Gamma,9632,3641,8787,Standard,Delta,100688,,Support Specialist Placement,,100121,,No,nina.whitfield@examplecorp.test,*NONE,100578,Jordan Patel,100802,Other,,100208,,,,,Backfill,LOT-2829,LOT-5183,101325,Beta,,,,Dallas,100221,,,Beta,100774,,,,,,,,,,101409,,Relocation,100689,Voluntary,100593,Y,Below,Scheduled a check-in for the coming month.,India,,Bench,100504,,REF-8074,105383,,,Gamma,,,,
100257,Placement,106829,jamie.vance@examplecorp.test,Jamie Blake,2025-10-18 00:30:00,liam.cohen@acme-fake.test,Omar Sato,2026-01-06 13:36:00,reese.calder@sampleco.test,Liam Calder,2023-06-20 16:34:00,,,,N,Skyler Haddad,101405,Beacon Systems LLC,Accounting,Nina Nguyen,Accountant,2024-02-13,2026-06-03,Inactive - Terminated,,100007,100256,Accounting,,LOT-9163,8248,Gamma,2308,64,3664,Other,Beta,100710,,Accountant Placement,,100119,"12,667",No,casey.silva@acme-fake.test,*NONE,100231,Chen Kim,101351,Gamma,,100660,,,"1,154",,Backfill,TAG-6809,SKU-8344,101763,Alpha,,,,Phoenix,100193,,,Other,100214,,,,,,,,,,101791,,Budget Cut,100694,,100686,,Met Expectations,Noted a concern to revisit at the next sync.,United States,100365,Placement,100721,,TAG-8663,106257,,,Standard,,,,
100092,Placement,106830,priya.ford@examplecorp.test,Chen Costa,2025-06-01 13:22:00,riley.costa@sampleco.test,Avery Haddad,2026-04-14 05:50:00,jamie.ivanov@demomail.test,Riley Patel,2025-04-05 11:00:00,,,,N,Alex Okafor,101429,Northwind Dynamics Inc,Human Resources,Rahul Haddad,Operations Associate,2023-06-22,2026-06-18,Inactive - Terminated,100624,100779,100029,Human Resources,100345,SKU-6771,6067,Gamma,7688,4894,9214,Alpha,Delta,100054,,Operations Associate Placement,,,"8,249",No,skyler.garcia@examplecorp.test,*NONE,,Taylor Vance,100831,Alpha,,,,,,,New,TAG-4526,,101366,Alpha,,,,Bengaluru,100400,,,Standard,100117,,,,,,,,,,101528,,Budget Cut,100128,,100500,Y,,Scheduled a check-in for the coming month.,Germany,100169,Backfill,100203,,SKU-1131,105898,,,Beta,,,,
100484,Placement,106832,jamie.kim@sampleco.test,Reese Larsson,2025-06-22 23:10:00,diego.costa@examplecorp.test,Mei Sato,2024-01-14 14:21:00,skyler.silva@examplecorp.test,Elena Mercer,2024-04-17 02:21:00,,,,N,Diego Cohen,101487,Ironwood Labs Co,Customer Support,Aisha Okafor,Recruiter,2025-12-04,2026-06-23,Inactive - Terminated,,100613,100130,Customer Support,,REF-9892,2601,Standard,1164,3233,4706,Beta,Delta,100423,,Recruiter Placement,,,"15,924",Yes,elena.vance@sampleco.test,*NONE,100613,Omar Mercer,101420,Delta,,100221,,,,,New,REF-1687,REF-4727,101773,Other,,,,Chicago,100572,,,Other,100401,,,,,,,,,,101595,,Project Ended,,Involuntary,100071,Y,Exceeded,Aligned on billing and renewal terms.,Philippines,100714,Backfill,,,TAG-3756,105537,,,Standard,,,,
100058,Placement,106833,rowan.ashby@demomail.test,Fatima Calder,2024-09-21 09:59:00,alex.reyes@examplecorp.test,Nina Silva,2026-01-11 07:24:00,skyler.nguyen@demomail.test,Mei Mercer,2024-12-19 01:33:00,,,,Y,Rahul Sloan,101056,Cobalt Energy Group,Recruiting,Morgan Okafor,QA Engineer,2025-04-16,2026-06-22,Inactive - Terminated,100007,100065,100269,Recruiting,,LOT-9630,6155,Alpha,1217,7620,2880,Beta,Standard,100009,,QA Engineer Placement,,100540,"2,791",No,quinn.whitfield@sampleco.test,*NONE,,Mei Vance,100860,Other,,100669,,,,,Backfill,SKU-3626,REF-9323,101087,Alpha,,,,Mumbai,100535,,,Beta,100643,,,,,,,,,,100947,,,100271,,,Y,,Followed up on the open items from last week.,India,100458,Placement,100747,,TAG-3026,105327,,,Standard,,,100579,
100043,Placement,106836,rahul.ford@examplecorp.test,Taylor Costa,2026-05-27 08:06:00,morgan.nguyen@sampleco.test,Emerson Calder,2024-10-12 03:46:00,fatima.reyes@acme-fake.test,Quinn Silva,2026-04-27 12:45:00,,,,Y,Drew Silva,101359,Pioneer Financial,Sales,Noah Ashby,Recruiter,2024-12-28,2026-06-19,Inactive,,100665,100475,Sales,,LOT-7648,9499,Alpha,9679,3365,8185,Other,Beta,100118,,Recruiter Placement,,,"9,468",No,omar.larsson@examplecorp.test,*NONE,100264,Reese Patel,101151,Standard,,,,,"4,982",,New,REF-7653,LOT-6180,101137,Alpha,,,,Bengaluru,100639,,,Gamma,100785,,,,,,,,,,101293,,Budget Cut,100118,Involuntary,100745,N,Met Expectations,Shared the updated proposal for review.,Germany,,Placement,100178,,REF-8403,106623,,,Standard,,,,
100432,Placement,106837,reese.nguyen@examplecorp.test,Omar Mercer,2026-05-18 10:18:00,marco.cohen@examplecorp.test,Taylor Silva,2024-05-28 11:07:00,jordan.reyes@examplecorp.test,Noah Ashby,2025-06-15 19:44:00,,,,N,Avery Sato,101328,Delta Media LLP,Data & Analytics,Avery Rossi,Executive Assistant,2024-07-08,2026-06-09,Inactive,,100389,100453,Data & Analytics,100361,LOT-7158,8238,Beta,3585,4492,5810,Gamma,Gamma,100149,,Executive Assistant Placement,,100319,"13,499",Yes,reese.garcia@demomail.test,*NONE,100645,Drew Dorsey,101432,,,100697,,,,,New,SKU-3432,,101243,Gamma,3858,,,Manila,100336,,,Alpha,100405,,,,,,,,,,101541,,,100393,Voluntary,100696,N,Met Expectations,Noted a concern to revisit at the next sync.,Australia,100504,Backfill,,,TAG-9059,106154,,,Gamma,,,100100,
100545,Placement,106839,casey.calder@acme-fake.test,Skyler Blake,2026-05-15 17:05:00,rahul.ivanov@acme-fake.test,Riley Ashby,2024-04-20 20:50:00,casey.nguyen@examplecorp.test,Liam Haddad,2025-01-29 22:11:00,,,,N,Rahul Costa,101698,Ironwood Health LLC,Operations,Morgan Ashby,Financial Analyst,2025-08-31,2026-07-01,Inactive - Terminated,100089,100507,100062,Operations,,REF-6664,3394,Alpha,6755,3798,1439,Delta,Delta,100094,,Financial Analyst Placement,,100330,"14,509",Yes,skyler.vance@sampleco.test,*NONE,100247,Chen Ashby,101435,Beta,,100217,,,,,Backfill,SKU-6928,REF-6418,101746,Gamma,,,,Austin,100382,,,Beta,100256,,,,,,,,,,101411,,,,Involuntary,100429,N,Below,Noted a concern to revisit at the next sync.,Mexico,100399,Placement,100328,,REF-4813,106296,,,Standard,,,,
100460,Placement,106842,avery.mensah@demomail.test,Chen Brooks,2024-12-20 20:35:00,elena.patel@demomail.test,Omar Patel,2025-11-11 03:12:00,drew.reyes@sampleco.test,Omar Larsson,2024-02-05 01:06:00,,,,Y,Diego Okafor,101572,Horizon Logistics Ltd,Operations,Rowan Blake,Payroll Specialist,2023-08-20,,Active - Placed,100369,100730,100469,Operations,,LOT-3658,3415,Other,6030,7063,3340,Gamma,Gamma,100246,,Payroll Specialist Placement,,100191,"15,273",Yes,alex.mensah@demomail.test,Brightpath Holdings Corp,100193,Emerson Ford,101664,Beta,,100446,,,,,New,REF-4656,LOT-4591,101592,Other,,,,Dallas,100671,,,Standard,100169,,,,,,,,,,101159,,,100079,Involuntary,100083,,Met Expectations,,United States,100650,Placement,100229,,TAG-6959,106277,,,Other,,,100750,
100568,Placement,106844,jamie.silva@demomail.test,Quinn Rossi,2023-01-30 05:57:00,chen.dorsey@demomail.test,Nina Vance,2024-01-22 13:34:00,rowan.brooks@acme-fake.test,Mei Sato,2023-10-23 21:07:00,,,,Y,Quinn Haddad,101479,Ironwood Media,Operations,Quinn Mensah,Marketing Coordinator,2025-10-28,,Active - Placed,100157,100286,100106,Operations,100538,REF-3302,9383,Delta,6233,5034,8812,Alpha,Gamma,100476,,Marketing Coordinator Placement,,100157,"13,187",No,yara.patel@examplecorp.test,*NONE,100383,Jamie Cohen,101380,Delta,,100174,,,,,Backfill,LOT-1841,LOT-8583,101771,Alpha,,,,Austin,100412,,,Standard,100791,,,,,,,,,,101700,,,100680,Voluntary,100643,Y,Exceeded,,India,,Backfill,100522,,LOT-9006,106294,,,Beta,,,,
100147,Placement,106846,skyler.brooks@examplecorp.test,Aisha Larsson,2025-12-17 09:48:00,reese.cohen@demomail.test,Rowan Ivanov,2025-07-24 21:15:00,fatima.sloan@sampleco.test,Priya Mercer,2022-12-27 19:04:00,,,,N,Aisha Ivanov,101633,Summit Capital Inc,Software Engineering,Rahul Mensah,Support Specialist,2025-07-09,2026-06-16,Inactive - Terminated,100578,100269,100155,Software Engineering,100022,TAG-1328,2946,Beta,6432,8167,4660,Delta,Beta,100120,,Support Specialist Placement,,100699,"5,143",No,mei.mensah@sampleco.test,*NONE,,Marco Vance,101190,Beta,,100476,"1,306",,"3,577",,New,LOT-3047,TAG-4038,101020,Gamma,,,,Toronto,100365,,,Alpha,100707,,,,,,,,,,101317,,Relocation,100244,Involuntary,100296,Y,Exceeded,Shared the updated proposal for review.,Australia,100445,Placement,,,REF-8767,105585,,,Alpha,,,,
100035,Placement,106849,emerson.mensah@sampleco.test,Drew Larsson,2026-05-01 08:23:00,priya.okafor@sampleco.test,Liam Sloan,2023-09-25 02:12:00,riley.nguyen@sampleco.test,Fatima Calder,2023-01-06 22:40:00,,,,N,Sofia Kim,101418,Silverline Industries Co,Software Engineering,Taylor Costa,Support Specialist,2023-12-01,,Active - Terminated,100022,100247,100672,Software Engineering,100340,LOT-6166,4380,Delta,7567,9392,2333,Gamma,Alpha,100432,,Support Specialist Placement,,100149,"6,563",No,fatima.whitfield@demomail.test,*NONE,,Priya Mensah,101312,Standard,,,,,648,,New,TAG-6164,SKU-9793,101487,Standard,,,,Seattle,100759,,,Other,100461,,,,,,,,,,101009,,,100194,Voluntary,100118,Y,Met Expectations,,Germany,100519,Direct Hire,100168,,REF-8911,105566,,,Alpha,,,100340,
100545,Placement,106851,aisha.whitfield@demomail.test,Quinn Patel,2025-01-15 23:37:00,mei.blake@demomail.test,Diego Sato,2024-03-16 11:06:00,emerson.mensah@sampleco.test,Drew Costa,2025-01-21 20:03:00,,,,Y,Casey Blake,101059,Meridian Labs Co,Customer Support,Reese Larsson,HR Generalist,2025-08-23,,Active - Placed,100022,100053,100047,Customer Support,100775,LOT-1209,7131,Beta,1705,4256,6309,Standard,Alpha,100203,,HR Generalist Placement,,100009,"7,762",No,elena.sloan@examplecorp.test,Pioneer Dynamics LLC,,Quinn Kim,100967,Standard,,100619,,,,,New,SKU-3059,LOT-8072,101168,Standard,,,,Austin,100178,,,Gamma,100680,,,,,,,,,,100997,,,100542,Involuntary,100504,Y,Below,,Australia,,Placement,,,REF-6494,106385,,,Gamma,,,,
100784,Placement,106854,drew.vance@sampleco.test,Elena Sloan,2024-06-30 20:29:00,noah.blake@acme-fake.test,Sofia Sloan,2025-04-22 16:24:00,alex.nguyen@demomail.test,Aisha Dorsey,2024-04-05 09:55:00,,,,Y,Priya Silva,101621,Beacon Capital LLP,Accounting,Noah Calder,Financial Analyst,2024-01-29,,Active - Placed,100727,100429,100330,Accounting,100790,SKU-5740,9063,Alpha,9686,4889,9322,Delta,Alpha,100224,,Financial Analyst Placement,,100425,"1,884",No,alex.whitfield@acme-fake.test,*NONE,,Liam Ivanov,101133,Delta,,100664,,,,,Backfill,TAG-8180,REF-2719,100935,Alpha,,,,Manila,100067,,,Alpha,100231,,,,,,,,,,101776,,,100596,Involuntary,100204,N,,,Canada,100380,Placement,,,LOT-7658,106502,,,Standard,,,100604,
100776,Placement,106856,sofia.blake@demomail.test,Omar Rossi,2023-08-15 21:42:00,taylor.patel@sampleco.test,Fatima Nguyen,2024-11-17 08:19:00,casey.kim@sampleco.test,Emerson Blake,2025-07-16 04:20:00,,,,Y,Sofia Larsson,100796,Pioneer Ventures Group,Sales,Elena Calder,Financial Analyst,2024-12-09,2026-06-06,Inactive,100058,100611,100305,Sales,,LOT-2403,6988,Gamma,9007,9723,6997,Standard,Alpha,100357,,Financial Analyst Placement,,,"9,596",No,sofia.cohen@acme-fake.test,*NONE,100162,Quinn Sloan,101359,,,100407,"1,255",,,,Backfill,SKU-5376,SKU-1105,101399,Gamma,,,,Manila,100068,,,Delta,100371,,,,,,,,,,101791,,Budget Cut,100200,Voluntary,100014,Y,Exceeded,Shared the updated proposal for review.,Mexico,,Placement,100545,,REF-4597,105341,,,Alpha,,,,
100786,Placement,106858,morgan.vance@examplecorp.test,Casey Mercer,2024-11-06 16:40:00,yara.ashby@demomail.test,Skyler Kim,2022-11-13 12:36:00,yara.reyes@examplecorp.test,Liam Garcia,2025-10-26 09:15:00,,,,Y,Sofia Larsson,101262,Brightpath Dynamics LLP,Marketing,Priya Brooks,Executive Assistant,2025-01-02,,Active - Placed,100699,100697,100656,Marketing,,TAG-8223,7105,Delta,4747,8898,1402,Beta,Beta,100694,,Executive Assistant Placement,,100619,"3,128",No,rowan.blake@sampleco.test,*NONE,,Priya Mensah,101424,Gamma,,100311,797,,,,New,LOT-6350,SKU-2983,101691,Alpha,,Gamma,,Chicago,100726,,,Other,100031,,,,,,,,,,101290,,,,Voluntary,100404,Y,,,Mexico,100448,Placement,100194,,TAG-3883,105356,,,Alpha,,,,
100578,Placement,106859,arjun.kim@demomail.test,Emerson Calder,2022-10-04 05:55:00,avery.silva@sampleco.test,Fatima Garcia,2025-12-28 17:16:00,skyler.reyes@acme-fake.test,Alex Ashby,2026-01-05 05:58:00,,,,N,Chen Calder,101427,Horizon Solutions Group,Marketing,Drew Rossi,Data Analyst,2026-03-29,,Active - Terminated,100726,100299,100298,Marketing,,SKU-4969,6941,Delta,4875,7837,8167,Delta,Other,100713,,Data Analyst Placement,,100014,"15,977",No,emerson.mensah@acme-fake.test,*NONE,,Alex Calder,101691,Standard,,100139,,,,,New,REF-7528,LOT-2975,101018,Gamma,,,,Phoenix,100661,,,Beta,100355,,,,,,,,,,101285,,,,Voluntary,100389,,Below,,India,100750,Placement,,,TAG-3534,106203,,,Gamma,,,100494,
100314,Placement,106862,aisha.haddad@sampleco.test,Fatima Ivanov,2024-01-02 10:21:00,rahul.garcia@acme-fake.test,Mei Costa,2026-03-23 20:25:00,jamie.ivanov@demomail.test,Chen Vance,2024-05-29 06:40:00,,,,Y,Mei Vance,101220,Redwood Robotics Ltd,Operations,Jamie Dorsey,Executive Assistant,2025-11-17,,Active - Placed,100263,100130,100350,Operations,100548,TAG-1001,7642,Other,795,5910,1084,Standard,Standard,100569,,Executive Assistant Placement,,100587,"15,396",No,morgan.brooks@demomail.test,Northwind Logistics,100183,Avery Kim,101368,Alpha,,100300,494,,,,New,LOT-7226,SKU-3843,101507,Alpha,,,,Denver,100629,,,Gamma,100208,,,,,,,,,,101743,,,,Voluntary,100550,N,,,Canada,100098,Placement,100087,,REF-4154,106189,,,Standard,,,,
100478,Placement,106864,alex.dorsey@examplecorp.test,Noah Patel,2026-04-27 12:38:00,emerson.garcia@acme-fake.test,Sofia Whitfield,2025-04-24 21:30:00,drew.ashby@examplecorp.test,Riley Haddad,2025-05-26 04:43:00,,,,Y,Riley Silva,101592,Copper Analytics Group,Operations,Skyler Mensah,Payroll Specialist,2024-04-09,,Active - Placed,100718,100519,100710,Operations,100566,SKU-8375,3728,Alpha,8999,1979,885,Alpha,Delta,100475,,Payroll Specialist Placement,,100412,"13,906",No,jamie.blake@examplecorp.test,Evergreen Robotics Inc,100035,Chen Haddad,100951,Alpha,,100073,,,"4,783",,New,SKU-8645,REF-5966,101007,Delta,,,,Manila,100415,,,Gamma,100466,,,,,,,,,,101379,,,100538,,100566,N,Below,,Philippines,100220,Placement,,,SKU-4336,106387,,,Other,,,100172,
100169,Placement,106865,marco.haddad@examplecorp.test,Yara Haddad,2025-04-02 12:56:00,liam.larsson@demomail.test,Rowan Reyes,2025-09-07 04:24:00,quinn.rossi@acme-fake.test,Arjun Sloan,2023-12-30 14:58:00,,,,N,Skyler Garcia,101293,Lakeside Group LLP,Customer Support,Elena Reyes,Financial Analyst,2026-01-29,,Active - Placed,100233,100645,100635,Customer Support,100410,TAG-7679,1966,Other,2041,6215,6829,Alpha,Delta,100257,,Financial Analyst Placement,,100454,"8,864",No,morgan.sato@examplecorp.test,Pioneer Textiles Co,100412,Chen Mensah,101405,Alpha,,,,,214,,Backfill,LOT-4399,REF-1932,101575,Gamma,,,,Austin,100787,,,Standard,100221,,,,,,,,,,100794,,,100094,Voluntary,100340,Y,Exceeded,,Germany,100624,Placement,100733,,REF-6442,106331,,,Other,,,,
100601,Placement,106866,nina.sato@examplecorp.test,Casey Kim,2026-02-11 00:58:00,chen.mensah@acme-fake.test,Yara Haddad,2024-10-12 09:26:00,avery.garcia@demomail.test,Sofia Cohen,2025-04-21 07:44:00,,,,Y,Diego Kim,101449,Ironwood Holdings Inc,Customer Support,Alex Vance,Operations Associate,2025-07-07,,Active - Placed,,100551,100233,Customer Support,,SKU-6453,1480,Gamma,7753,8961,1835,Delta,Alpha,100634,,Operations Associate Placement,,,"7,524",No,arjun.calder@examplecorp.test,*NONE,100291,Yara Costa,101779,Standard,,,,,,,New,REF-8526,TAG-2575,101000,Other,,,,London,100028,,,Other,100590,,,,,,,,,,100986,,,,Voluntary,100487,Y,Exceeded,,India,,Bench,100340,,LOT-9314,106335,,,Beta,,,100043,
100759,Placement,106869,skyler.vance@acme-fake.test,Fatima Rossi,2023-03-28 00:08:00,yara.garcia@examplecorp.test,Taylor Blake,2025-02-06 19:24:00,skyler.silva@demomail.test,Fatima Sloan,2023-03-27 12:46:00,,,,N,Emerson Haddad,101125,Vertex Logistics Inc,Accounting,Aisha Sato,Data Analyst,2024-09-22,,Active - Placed,,100545,100305,Accounting,,LOT-6795,8707,Delta,8633,6114,1271,Standard,Delta,100457,,Data Analyst Placement,,100145,"5,132",Yes,elena.brooks@sampleco.test,*NONE,,Mei Garcia,101567,Delta,,100215,,,"3,732",,Backfill,TAG-9910,,101524,Standard,,,,Phoenix,100661,,,Other,100382,,,,,,,,,,101102,,,100446,Involuntary,100053,Y,Below,,Germany,100790,Placement,100688,,SKU-2112,106388,,,Standard,,,,
100087,Placement,106872,jamie.okafor@demomail.test,Drew Haddad,2025-06-15 22:42:00,liam.brooks@sampleco.test,Taylor Ashby,2023-08-23 20:27:00,fatima.ivanov@sampleco.test,Aisha Sato,2024-08-30 21:49:00,,,,Y,Chen Cohen,101097,Pioneer Media Corp,Software Engineering,Jordan Kim,Software Developer,2025-02-01,,Active - Terminated,100564,100204,100697,Software Engineering,100286,REF-8650,71,Alpha,1704,1698,5119,Alpha,Alpha,100134,,Software Developer Placement,,,"15,981",Yes,skyler.silva@demomail.test,*NONE,,Jordan Reyes,101132,Other,,,,,"1,624",,New,REF-6575,,101027,Standard,,,,Denver,100121,,,Gamma,100298,,,,,,,,,,101240,,,100590,,100380,N,Met Expectations,,United States,100779,Placement,100380,,LOT-2408,105386,,,Delta,,,100462,
100201,Placement,106874,emerson.patel@acme-fake.test,Elena Calder,2024-05-31 10:58:00,chen.blake@acme-fake.test,Emerson Whitfield,2024-08-22 01:59:00,sofia.kim@examplecorp.test,Alex Mercer,2024-04-27 02:03:00,,,,N,Emerson Vance,101122,Northwind Labs LLP,Accounting,Mei Okafor,Accountant,2024-11-30,2026-06-25,Inactive - Terminated,,100516,100599,Accounting,,LOT-3598,1292,Standard,855,3188,5589,Alpha,Gamma,100181,,Accountant Placement,,100629,"14,378",No,taylor.okafor@demomail.test,Horizon Textiles LLC,100372,Rahul Blake,101044,Delta,,,,,,,New,SKU-4131,LOT-6063,101119,Gamma,,,,Atlanta,100022,,,Standard,100786,,,,,,,,,,101690,,Budget Cut,100332,,100761,Y,Below,Reviewed performance and gathered feedback.,Australia,100365,Placement,100555,,LOT-1736,106171,,,Alpha,,,100585,
100412,Placement,106875,reese.ford@sampleco.test,Emerson Brooks,2026-06-04 11:01:00,elena.dorsey@examplecorp.test,Reese Blake,2026-05-21 09:58:00,rowan.costa@acme-fake.test,Diego Okafor,2024-04-23 16:28:00,,,,N,Drew Costa,101407,Brightpath Ventures LLP,Software Engineering,Elena Cohen,QA Engineer,2024-01-17,,Active - Terminated,100205,100193,100770,Software Engineering,100741,SKU-3136,2207,Alpha,2534,2774,6391,Other,Delta,100564,,QA Engineer Placement,,100061,"10,042",Yes,quinn.sato@examplecorp.test,*NONE,,Yara Costa,101351,Standard,,100200,"1,650",,"3,255",,New,TAG-8265,SKU-9622,101690,Alpha,,,,Denver,100732,,,Beta,100503,,,,,,,,,,101341,,,,,100761,Y,Exceeded,,United States,,Backfill,100423,,SKU-9774,106403,,,Standard,,,100790,
100686,Placement,106878,fatima.mercer@acme-fake.test,Liam Costa,2024-12-05 09:39:00,casey.sloan@demomail.test,Skyler Nguyen,2023-09-07 22:08:00,casey.reyes@demomail.test,Taylor Sloan,2023-06-16 01:44:00,,,,N,Jamie Ford,101392,Harbor Energy Corp,Customer Support,Aisha Blake,Marketing Coordinator,2026-01-31,2026-07-02,Inactive - Terminated,,100478,100717,Customer Support,,SKU-9908,1163,Gamma,7742,2059,2526,Delta,Gamma,100155,,Marketing Coordinator Placement,,100322,,No,quinn.calder@examplecorp.test,*NONE,100328,Reese Sloan,101388,Gamma,,,,,,,New,REF-6756,TAG-5117,101110,Beta,,,,Atlanta,100117,,,Gamma,100165,,,,,,,,,,101395,,Project Ended,,Involuntary,100317,N,Exceeded,Resolved the outstanding question about scope.,Australia,100193,Placement,,,REF-6610,105288,,,Beta,,,100461,
100771,Placement,106880,taylor.ashby@sampleco.test,Arjun Whitfield,2024-06-15 05:57:00,chen.ford@acme-fake.test,Riley Cohen,2024-04-13 09:49:00,emerson.vance@demomail.test,Jordan Nguyen,2024-09-24 21:26:00,,,,Y,Omar Cohen,101380,Redwood Ventures Ltd,Software Engineering,Casey Silva,Project Manager,2023-10-01,2026-07-29,Inactive,100741,100714,100217,Software Engineering,,LOT-2286,8426,Standard,7854,9297,3462,Standard,Gamma,100414,,Project Manager Placement,,100512,"6,682",No,diego.whitfield@acme-fake.test,*NONE,100162,Noah Okafor,101570,Alpha,,100718,"1,612",,,,New,SKU-5882,,100923,Alpha,,,,Austin,100403,,,Standard,100475,,,,,,,,,,101009,,Project Ended,100295,Voluntary,100680,N,Met Expectations,Noted a concern to revisit at the next sync.,Mexico,100601,Placement,100112,,TAG-7533,105551,,,Standard,,,100647,
100055,Placement,106882,aisha.reyes@demomail.test,Skyler Ford,2026-02-17 08:54:00,avery.kim@sampleco.test,Drew Mercer,2026-02-01 17:46:00,mei.costa@demomail.test,Nina Silva,2025-08-11 04:30:00,,,,Y,Rowan Nguyen,100881,Pioneer Capital LLC,Accounting,Quinn Mercer,Marketing Coordinator,2025-03-10,,Active - Placed,100436,100203,100420,Accounting,100718,TAG-3560,5459,Standard,9327,3193,2692,Other,Other,100286,,Marketing Coordinator Placement,,100387,,Yes,reese.calder@examplecorp.test,*NONE,100412,Emerson Ford,101497,Standard,,,,,,,New,REF-7679,REF-1284,101709,Delta,,,,Chicago,100325,,,Other,100387,,,,,,,,,,101213,,,100120,Involuntary,100472,,Exceeded,,United Kingdom,100771,Backfill,100325,,SKU-5392,106604,,,Other,,,,
100315,Placement,106883,jamie.costa@sampleco.test,Rowan Rossi,2024-05-25 07:59:00,fatima.rossi@demomail.test,Liam Calder,2026-07-13 05:49:00,omar.costa@sampleco.test,Fatima Dorsey,2025-01-17 19:27:00,,,,N,Mei Ivanov,100966,Meridian Partners LLC,Recruiting,Riley Vance,Operations Associate,2024-12-29,2026-07-01,Inactive - Terminated,100365,100476,100273,Recruiting,100453,REF-7596,9191,Other,3048,9710,4567,Beta,Delta,100572,,Operations Associate Placement,,100601,"17,620",No,priya.ivanov@acme-fake.test,*NONE,100193,Quinn Mercer,101024,Gamma,,100775,,,,,Backfill,LOT-9000,,101073,Beta,11,,,Atlanta,100361,,,Delta,100579,,,,,,,,,,100986,,Project Ended,100291,Involuntary,,Y,,Reviewed performance and gathered feedback.,United Kingdom,100296,Backfill,100300,,REF-9123,105887,,,Standard,,,100242,
100350,Placement,106884,liam.blake@demomail.test,Quinn Rossi,2026-04-06 10:23:00,riley.blake@demomail.test,Omar Cohen,2026-04-22 14:18:00,yara.okafor@examplecorp.test,Rahul Ivanov,2025-07-29 02:22:00,,,,Y,Fatima Nguyen,101576,Copper Manufacturing Co,Accounting,Aisha Whitfield,Payroll Specialist,2023-08-21,,Active - Placed,100210,100387,100053,Accounting,100118,LOT-6587,3865,Standard,8237,2748,2848,Standard,Alpha,100576,,Payroll Specialist Placement,,100691,"17,009",Yes,omar.garcia@acme-fake.test,*NONE,100529,Avery Rossi,101507,Other,,,"1,398",,"1,177",,New,TAG-8647,SKU-2217,101553,Standard,,,,Chicago,100454,,,Beta,100185,,,,,,,,,,100835,,,100309,,100629,Y,Met Expectations,,India,,Bench,,,LOT-9216,105740,,,Alpha,,,,
100741,Placement,106885,priya.vance@examplecorp.test,Quinn Sato,2024-05-12 13:07:00,elena.patel@examplecorp.test,Marco Ford,2024-10-17 20:04:00,arjun.haddad@sampleco.test,Marco Whitfield,2023-07-09 22:50:00,,,,N,Riley Mercer,101787,Brightpath Holdings Group,Accounting,Liam Ashby,Payroll Specialist,2026-03-12,,Active - Placed,100438,100420,100503,Accounting,100514,SKU-5299,3906,Delta,5304,9346,8088,Other,Gamma,100634,,Payroll Specialist Placement,,100587,"17,345",No,skyler.sloan@sampleco.test,*NONE,100062,Rahul Whitfield,101287,Gamma,,100040,,,,,New,REF-9652,TAG-2011,101724,Other,,,,Mumbai,100371,,,Standard,100432,,,,,,,,,,101349,,,100155,,100033,Y,Below,,Philippines,100246,Backfill,,,LOT-9231,106301,,,Gamma,,,100103,
100153,Placement,106887,fatima.silva@acme-fake.test,Drew Rossi,2023-09-27 05:46:00,jordan.ford@acme-fake.test,Jordan Costa,2026-02-28 10:10:00,drew.cohen@sampleco.test,Marco Blake,2026-07-08 18:54:00,,,,N,Yara Rossi,100908,Horizon Robotics,Operations,Rowan Nguyen,Support Specialist,2024-03-12,,Active - Terminated,100441,100415,100125,Operations,100058,REF-3830,2597,Delta,8424,4421,9537,Other,Beta,100221,,Support Specialist Placement,,100753,"1,838",Yes,morgan.reyes@acme-fake.test,*NONE,100288,Emerson Haddad,101094,,,100328,,,,,New,REF-1720,SKU-5622,101134,Other,,,,Denver,100724,,,Standard,100438,,,,,,,,,,101101,,,,Voluntary,100315,N,,,United States,100724,Placement,100606,,LOT-5813,106301,,,Alpha,,,100369,
100022,Placement,106889,avery.sloan@demomail.test,Jordan Rossi,2024-03-22 15:30:00,fatima.ford@examplecorp.test,Elena Blake,2026-04-12 06:19:00,rowan.sloan@examplecorp.test,Jordan Ford,2024-11-18 06:30:00,,,,N,Noah Blake,101007,Keystone Robotics Group,Recruiting,Noah Costa,Data Analyst,2025-07-09,2026-07-14,Inactive,100077,100278,100405,Recruiting,,REF-4318,7913,Other,9815,5145,9863,Beta,Alpha,100458,,Data Analyst Placement,,,"6,626",Yes,avery.silva@examplecorp.test,Horizon Industries Inc,100535,Casey Brooks,100884,Other,,,"1,204",,,,New,TAG-5739,REF-2516,101643,Alpha,6318,,,Austin,100576,,,Alpha,100675,,,,,,,,,,101711,,,,,100003,N,Below,Followed up on the open items from last week.,Philippines,100089,Placement,100040,,LOT-1848,106414,,,Beta,,,100599,
100608,Placement,106891,casey.mensah@demomail.test,Jordan Sato,2023-06-27 17:52:00,mei.calder@demomail.test,Noah Haddad,2025-10-26 13:15:00,nina.ivanov@examplecorp.test,Chen Ashby,2025-09-09 11:05:00,,,,Y,Jordan Ashby,100965,Horizon Financial,Data & Analytics,Aisha Costa,Customer Success Manager,2025-05-26,2026-06-15,Inactive,,100263,100704,Data & Analytics,100522,LOT-4579,4208,Other,7558,9445,8723,Beta,Beta,100535,,Customer Success Manager Placement,,100680,"5,261",No,yara.sloan@examplecorp.test,*NONE,100545,Emerson Ashby,101097,,,100551,,,,,New,LOT-7498,LOT-9138,101529,Delta,,,,Phoenix,100561,,,Alpha,100157,,,,,,,,,,101743,,Project Ended,,Voluntary,100739,N,,Scheduled a check-in for the coming month.,Canada,100303,Placement,100383,,TAG-1824,105188,,,Delta,,,100751,
100635,Placement,106894,emerson.whitfield@acme-fake.test,Emerson Okafor,2026-01-05 10:39:00,yara.blake@sampleco.test,Chen Reyes,2025-12-02 10:33:00,taylor.dorsey@sampleco.test,Morgan Calder,2024-06-28 19:29:00,,,,N,Yara Ford,101774,Granite Manufacturing Ltd,Finance,Quinn Nguyen,Bookkeeper,2023-08-10,2026-06-07,Inactive - Terminated,,100699,100500,Finance,100073,TAG-5790,9015,Other,332,3154,8965,Other,Standard,100123,,Bookkeeper Placement,,100634,"13,979",Yes,riley.garcia@examplecorp.test,Cardinal Labs Co,100647,Chen Sato,101137,Alpha,,,,,,,New,LOT-6010,LOT-4223,100810,Alpha,,,,Phoenix,100669,,,Standard,100739,,,,,,,,,,100929,,Budget Cut,100405,,100182,Y,,Discussed timeline and next steps with the account.,India,,Placement,,,LOT-3348,105525,,,Other,,,100303,
100305,Placement,106895,liam.silva@demomail.test,Quinn Cohen,2025-01-28 18:42:00,jordan.dorsey@examplecorp.test,Skyler Haddad,2024-06-16 21:40:00,noah.ivanov@demomail.test,Aisha Dorsey,2024-12-24 03:50:00,,,,N,Jamie Haddad,101285,Summit Holdings LLC,Recruiting,Skyler Mensah,QA Engineer,2024-06-01,,Active - Placed,100648,100118,100089,Recruiting,100632,REF-3690,150,Delta,6723,6348,6781,Standard,Alpha,100300,,QA Engineer Placement,,100771,"7,603",Yes,arjun.kim@examplecorp.test,*NONE,,Arjun Brooks,101622,Other,,,775,,"1,244",,New,REF-8570,SKU-9071,100870,Other,,,,Dallas,100441,,,Standard,100325,,,,,,,,,,100846,,,100392,Voluntary,100512,Y,,,Philippines,100399,Direct Hire,100219,,REF-5565,106243,,,Beta,,,100601,
100493,Placement,106896,skyler.kim@demomail.test,Noah Mercer,2025-03-30 22:48:00,alex.silva@demomail.test,Aisha Ashby,2026-05-30 12:41:00,elena.ford@sampleco.test,Jamie Dorsey,2026-05-01 05:22:00,,,,Y,Sofia Kim,101238,Cobalt Textiles,Software Engineering,Drew Sato,Data Analyst,2024-06-03,2026-07-10,Inactive - Terminated,100786,100418,100559,Software Engineering,100100,LOT-7999,4586,Alpha,7718,5009,2769,Beta,Alpha,100707,,Data Analyst Placement,,100233,"5,977",Yes,casey.blake@demomail.test,*NONE,100680,Noah Ivanov,100947,Beta,,,,,,,New,LOT-7925,LOT-7328,101414,Gamma,,,,Toronto,100747,,,Gamma,100022,,,,,,,,,,101450,,Unmet Expectations,100418,Involuntary,100007,Y,Exceeded,Noted a concern to revisit at the next sync.,United States,100339,Trial,100196,,TAG-1322,106317,,,Delta,,,,
100775,Placement,106897,marco.reyes@sampleco.test,Liam Okafor,2026-06-18 00:08:00,drew.brooks@demomail.test,Chen Larsson,2025-07-31 02:23:00,jamie.silva@demomail.test,Aisha Whitfield,2024-08-14 11:10:00,,,,N,Liam Larsson,100856,Evergreen Systems,Human Resources,Jamie Rossi,Executive Assistant,2024-12-21,2026-07-25,Inactive,,100028,100067,Human Resources,,TAG-9566,8526,Standard,1844,7617,8471,Standard,Delta,100147,,Executive Assistant Placement,,100790,,No,taylor.blake@sampleco.test,*NONE,100019,Quinn Nguyen,101419,Gamma,,100134,"1,905",,,,New,LOT-3165,,101282,Alpha,,,,Phoenix,100551,,,Alpha,100165,,,,,,,,,,101302,,Performance,,,100226,N,Exceeded,Followed up on the open items from last week.,Philippines,,Placement,100475,,SKU-4922,105101,,,Other,,,100753,
100449,Placement,106900,avery.sloan@demomail.test,Jamie Sato,2025-10-26 08:13:00,mei.calder@examplecorp.test,Alex Dorsey,2026-06-13 04:42:00,nina.brooks@acme-fake.test,Skyler Kim,2025-04-20 23:44:00,,,,Y,Skyler Blake,101541,Cardinal Holdings Group,Marketing,Noah Okafor,Support Specialist,2025-04-17,2026-06-30,Inactive - Terminated,,100003,100140,Marketing,,REF-1312,6698,Alpha,8123,6094,1810,Alpha,Delta,100288,,Support Specialist Placement,,100718,"6,377",No,drew.calder@examplecorp.test,*NONE,,Omar Calder,101140,Gamma,,100007,,,"2,938",,New,REF-6747,LOT-6533,100813,Other,,,,Mumbai,100775,,,Delta,100003,,,,,,,,,,101380,,Converted to Direct Hire,100145,Involuntary,100651,Y,,Discussed timeline and next steps with the account.,Canada,,Direct Hire,100442,,TAG-2046,105046,,,Beta,,,,
100399,Placement,106901,casey.mensah@examplecorp.test,Liam Haddad,2026-03-23 14:54:00,rowan.larsson@examplecorp.test,Riley Haddad,2023-12-28 00:52:00,elena.kim@acme-fake.test,Arjun Mercer,2024-07-28 03:23:00,,,,N,Liam Whitfield,101262,Harbor Industries Co,Customer Support,Skyler Dorsey,HR Generalist,2026-03-05,2026-07-07,Inactive,,100054,100540,Customer Support,100714,SKU-6800,4885,Alpha,89,6793,5468,Delta,Other,100476,,HR Generalist Placement,,100750,"5,616",No,rahul.haddad@examplecorp.test,*NONE,100236,Reese Rossi,101779,Alpha,,100414,"1,918",,,,Backfill,TAG-7255,,101746,Alpha,,,,Denver,100545,,,Standard,100094,,,,,,,,,,101112,,Unmet Expectations,100043,,100401,N,Below,Followed up on the open items from last week.,United Kingdom,100525,Placement,100366,,REF-4729,105174,,,Gamma,,,100065,
100372,Placement,106902,nina.blake@examplecorp.test,Chen Cohen,2024-02-14 20:13:00,aisha.whitfield@demomail.test,Fatima Vance,2023-07-02 14:47:00,priya.haddad@acme-fake.test,Elena Costa,2024-07-14 15:51:00,,,,N,Marco Dorsey,101791,Granite Health Group,Sales,Reese Dorsey,HR Generalist,2024-07-06,2026-06-20,Inactive - Terminated,100436,100595,100362,Sales,100432,LOT-3177,8375,Gamma,4607,1362,2879,Standard,Other,100601,,HR Generalist Placement,,100009,,Yes,emerson.okafor@demomail.test,*NONE,100291,Chen Dorsey,101354,Beta,,100303,,,"3,477",,New,LOT-4494,SKU-2531,101736,Other,,Alpha,,Manila,100106,,,Alpha,100378,,,,,,,,,,101501,,Project Ended,100185,,,Y,Exceeded,Scheduled a check-in for the coming month.,United States,100457,Placement,100691,,TAG-2655,106377,,,Delta,,,100552,
100554,Placement,106903,rowan.reyes@examplecorp.test,Diego Dorsey,2026-01-05 15:13:00,taylor.kim@demomail.test,Mei Reyes,2026-03-11 06:56:00,diego.okafor@acme-fake.test,Alex Reyes,2026-07-02 14:23:00,,,,N,Fatima Ashby,101724,Atlas Logistics LLP,Marketing,Casey Calder,HR Generalist,2026-04-20,,Active - Placed,100083,100785,100435,Marketing,,REF-8497,412,Alpha,3819,7609,9372,Other,Beta,100309,,HR Generalist Placement,,100565,"10,411",No,avery.ivanov@examplecorp.test,*NONE,,Quinn Sloan,101090,Gamma,,100071,,,"1,977",,New,TAG-2735,SKU-3271,101552,Beta,,,,Manila,100185,,,Other,100046,,,,,,,,,,101180,,,100229,Involuntary,100599,Y,Exceeded,,United Kingdom,100319,Placement,100688,,SKU-2184,106413,,,Beta,,,100756,
100490,Placement,106906,rahul.ashby@demomail.test,Reese Sato,2025-01-26 02:36:00,rahul.kim@examplecorp.test,Casey Silva,2026-05-26 04:17:00,marco.dorsey@sampleco.test,Riley Ashby,2024-08-05 20:31:00,,,,Y,Diego Larsson,101215,Horizon Holdings Inc,Recruiting,Liam Brooks,Payroll Specialist,2023-05-30,,Active - Placed,100765,100761,100077,Recruiting,100382,SKU-8622,9854,Beta,5087,2982,5247,Standard,Standard,100545,,Payroll Specialist Placement,,100022,"8,914",No,drew.sloan@sampleco.test,*NONE,,Nina Ford,101432,Standard,,100196,,,,,Backfill,TAG-6435,,101373,Alpha,,,,Toronto,100371,,,Beta,100404,,,,,,,,,,101755,,,100387,Voluntary,,N,Below,,Germany,100432,Backfill,100487,,TAG-8191,105731,,,Standard,,,,
100061,Placement,106909,fatima.mensah@demomail.test,Jordan Nguyen,2026-05-02 15:42:00,reese.garcia@acme-fake.test,Skyler Haddad,2023-06-16 16:25:00,morgan.brooks@acme-fake.test,Morgan Rossi,2023-04-23 23:12:00,,,,Y,Rowan Brooks,101616,Delta Retail Inc,Recruiting,Emerson Reyes,Recruiter,2024-12-16,2026-07-14,Inactive,100770,100473,100215,Recruiting,100627,SKU-6728,8330,Beta,9824,4341,3552,Other,Other,100593,,Recruiter Placement,,100211,"3,355",Yes,aisha.haddad@sampleco.test,*NONE,,Taylor Ford,101790,Other,,100181,,,,,Backfill,SKU-1176,SKU-5653,101778,Alpha,,,,Manila,100694,,,Other,100288,,,,,,,,,,101051,,Converted to Direct Hire,100092,Involuntary,100264,Y,Met Expectations,Shared the updated proposal for review.,Mexico,,Placement,100145,,TAG-2692,105644,,,Other,,,100383,
100604,Placement,106912,reese.ashby@examplecorp.test,Mei Dorsey,2024-10-22 08:41:00,liam.vance@examplecorp.test,Reese Mercer,2025-06-25 21:36:00,mei.larsson@demomail.test,Elena Garcia,2024-08-01 15:22:00,,,,N,Sofia Okafor,101580,Summit Ventures LLC,Finance,Avery Costa,Executive Assistant,2025-11-17,,Active - Placed,100561,100696,100128,Finance,,SKU-7190,7993,Gamma,2067,7845,9748,Alpha,Standard,100211,,Executive Assistant Placement,,100415,"5,614",No,nina.ford@demomail.test,*NONE,,Liam Ford,101563,Alpha,,100221,"1,990",,750,,Backfill,TAG-9337,TAG-7007,101615,Other,,,,Bengaluru,100487,,,Alpha,100350,,,,,,,,,,101200,,,100103,Voluntary,100058,Y,Below,,United States,,Placement,,,SKU-3825,105455,,,Standard,,,100495,
100645,Placement,106915,mei.kim@examplecorp.test,Mei Dorsey,2025-06-14 03:38:00,jordan.ivanov@examplecorp.test,Elena Sato,2023-02-06 12:47:00,emerson.ford@sampleco.test,Jamie Cohen,2025-05-02 21:58:00,,,,N,Arjun Sloan,101094,Silverline Energy Co,Operations,Fatima Mercer,HR Generalist,2025-12-20,,Active - Placed,,100096,100009,Operations,100021,SKU-3352,2853,Alpha,8823,3910,8182,Delta,Other,100555,,HR Generalist Placement,,100648,"15,770",No,jamie.whitfield@sampleco.test,*NONE,,Noah Okafor,100909,Delta,,,,,,,Backfill,LOT-4714,,101493,Gamma,,,,Austin,100188,,,Beta,100320,,,,,,,,,,101194,,,100779,,100415,N,Met Expectations,,Germany,100542,Bench,,,SKU-6436,106598,,,Standard,,,100590,
100410,Placement,106916,jordan.cohen@sampleco.test,Liam Haddad,2024-02-05 20:51:00,morgan.kim@examplecorp.test,Emerson Silva,2023-04-29 12:07:00,chen.sloan@demomail.test,Fatima Ford,2024-12-06 14:22:00,,,,Y,Elena Sato,101032,Delta Labs Inc,Marketing,Priya Kim,Executive Assistant,2025-05-15,2026-07-05,Inactive - Terminated,100554,100561,100120,Marketing,100077,TAG-2374,6170,Other,3954,9885,6514,Gamma,Other,100476,,Executive Assistant Placement,,100552,"11,185",Yes,liam.cohen@demomail.test,Northwind Retail LLP,,Marco Ivanov,100917,Gamma,,,,,,,New,LOT-3302,,101102,Gamma,,,,Bengaluru,100601,,,Alpha,100724,,,,,,,,,,101758,,,100244,Voluntary,100751,N,Met Expectations,Shared the updated proposal for review.,United Kingdom,,Direct Hire,100516,,REF-8722,106073,,,Delta,,,,
100181,Placement,106917,rahul.sato@acme-fake.test,Marco Sloan,2023-10-18 21:44:00,jordan.mensah@acme-fake.test,Rowan Ivanov,2025-11-23 13:20:00,alex.okafor@sampleco.test,Chen Rossi,2026-03-05 23:38:00,,,,N,Aisha Larsson,101483,Blue Ridge Capital Corp,Customer Support,Quinn Silva,Software Developer,2023-06-25,,Active - Placed,100632,100552,100438,Customer Support,100077,REF-2168,4991,Standard,5121,8983,9247,Delta,Gamma,100317,,Software Developer Placement,,,"15,110",No,avery.garcia@sampleco.test,*NONE,100325,Noah Cohen,101520,Standard,,,,,,,New,TAG-6298,TAG-5126,101105,Gamma,,,,Denver,100448,,,Alpha,100650,,,,,,,,,,101065,,,100296,,100462,N,Exceeded,,United Kingdom,100117,Placement,,,SKU-9985,105993,,,Beta,,,100087,
100019,Placement,106918,mei.rossi@examplecorp.test,Emerson Ivanov,2025-03-29 14:27:00,yara.dorsey@examplecorp.test,Morgan Mercer,2025-09-01 07:06:00,casey.sloan@examplecorp.test,Diego Vance,2025-11-21 21:35:00,,,,Y,Drew Patel,101529,Granite Ventures,Software Engineering,Jamie Sato,Project Manager,2025-04-21,,Active - Placed,,100569,100762,Software Engineering,,REF-7851,5077,Alpha,1443,623,1738,Other,Beta,100263,,Project Manager Placement,,100587,"17,749",No,riley.sloan@acme-fake.test,*NONE,100271,Elena Sloan,101215,Other,,,127,,,,Backfill,TAG-2706,LOT-5322,101361,Beta,,,,Seattle,100627,,,Delta,100604,,,,,,,,,,101266,,,100252,Involuntary,100471,N,Met Expectations,,Canada,,Placement,100552,,TAG-5945,106527,,,Other,,,100576,
100071,Placement,106921,emerson.larsson@examplecorp.test,Alex Vance,2026-01-02 23:34:00,riley.mensah@demomail.test,Morgan Reyes,2026-05-15 05:24:00,noah.larsson@demomail.test,Emerson Ivanov,2025-08-27 19:03:00,,,,N,Alex Ashby,101656,Everest Health Corp,Data & Analytics,Liam Mercer,Data Analyst,2023-05-05,2026-07-07,Inactive - Terminated,100732,100478,100303,Data & Analytics,100512,REF-5539,410,Other,9734,351,3258,Other,Standard,100414,,Data Analyst Placement,,100759,"12,634",Yes,omar.kim@sampleco.test,*NONE,100756,Marco Okafor,101698,Alpha,,100787,"1,559",,,,New,SKU-4194,SKU-9498,101327,Other,,,,Dallas,100593,,,Gamma,100771,,,,,,,,,,101341,,Relocation,,Involuntary,100188,N,Exceeded,Noted a concern to revisit at the next sync.,Mexico,100691,Placement,100055,,LOT-7839,105869,,,Delta,,,100776,
100257,Placement,106923,rahul.rossi@acme-fake.test,Omar Mercer,2024-08-09 01:26:00,omar.kim@sampleco.test,Morgan Nguyen,2023-03-26 02:01:00,nina.sloan@acme-fake.test,Taylor Rossi,2025-10-27 13:17:00,,,,N,Noah Ashby,101057,Cardinal Robotics LLP,Customer Support,Reese Garcia,Support Specialist,2025-12-02,,Active - Placed,100031,100040,100445,Customer Support,,REF-8041,4790,Alpha,8092,6959,8034,Beta,Other,100023,,Support Specialist Placement,,100339,"15,804",Yes,skyler.costa@acme-fake.test,*NONE,100383,Morgan Calder,101156,Gamma,,100038,,,,,New,LOT-9541,,101570,Standard,,,,Mumbai,100042,,,Gamma,100137,,,,,,,,,,101631,,,100303,,100372,N,Met Expectations,,India,100786,Placement,100183,,TAG-8159,106022,,,Beta,,,100699,
100528,Placement,106924,mei.rossi@demomail.test,Jamie Nguyen,2026-01-02 12:44:00,marco.patel@acme-fake.test,Noah Ivanov,2025-01-27 18:50:00,quinn.okafor@acme-fake.test,Omar Larsson,2025-09-04 07:32:00,,,,Y,Noah Ivanov,101496,Redwood Robotics LLC,Human Resources,Rowan Costa,Payroll Specialist,2025-11-08,,Active - Placed,,100601,100765,Human Resources,100040,REF-2162,9203,Delta,7221,9904,7953,Alpha,Alpha,100639,,Payroll Specialist Placement,,100404,"3,958",Yes,quinn.larsson@acme-fake.test,*NONE,100369,Drew Calder,101421,Other,,100096,,,323,,New,LOT-8535,REF-7389,101559,Standard,,,,Denver,100415,,,Delta,100319,,,,,,,,,,101594,,,100231,,100730,N,Exceeded,,India,,Placement,,,TAG-2529,106263,,,Standard,,,100498,
100476,Placement,106926,riley.rossi@examplecorp.test,Chen Calder,2026-02-06 14:56:00,arjun.ashby@acme-fake.test,Priya Ivanov,2022-10-28 01:53:00,quinn.garcia@sampleco.test,Noah Haddad,2026-01-07 11:02:00,,,,Y,Priya Vance,101101,Ironwood Textiles Ltd,Customer Support,Morgan Ivanov,Customer Success Manager,2026-04-10,2026-06-25,Inactive - Terminated,100622,100152,100574,Customer Support,100031,REF-7250,5531,Beta,8271,5255,8524,Other,Delta,100721,,Customer Success Manager Placement,,100425,"5,055",No,omar.cohen@examplecorp.test,Cardinal Partners Group,,Diego Calder,101497,Standard,,,,,"2,689",,New,TAG-1720,SKU-7820,101700,Alpha,,,,Chicago,100077,,,Delta,100753,,,,,,,,,,101601,,,,Involuntary,100632,,Exceeded,Noted a concern to revisit at the next sync.,Canada,,Bench,,,SKU-3270,106082,,,Standard,,,,
100561,Placement,106927,omar.nguyen@acme-fake.test,Chen Garcia,2026-02-06 14:33:00,drew.reyes@acme-fake.test,Drew Patel,2026-01-24 10:18:00,priya.haddad@acme-fake.test,Nina Dorsey,2024-03-18 15:21:00,,,,Y,Noah Sato,100834,Redwood Media Corp,Customer Support,Omar Calder,Bookkeeper,2025-02-16,2026-06-25,Inactive - Terminated,100613,100496,100425,Customer Support,,SKU-5123,1950,Standard,8816,8376,8477,Delta,Other,100494,,Bookkeeper Placement,,,"10,663",Yes,mei.sloan@demomail.test,*NONE,100359,Reese Vance,101313,Other,,,,,,,Backfill,REF-9899,,101419,Standard,,,,Seattle,100643,,,Delta,100130,,,,,,,,,,101128,,,100735,Involuntary,100336,Y,,Aligned on billing and renewal terms.,United Kingdom,,Trial,,,TAG-5156,105197,,,Other,,,,
100660,Placement,106930,drew.haddad@demomail.test,Jordan Reyes,2022-11-06 21:33:00,quinn.mercer@sampleco.test,Skyler Haddad,2024-10-09 22:08:00,priya.dorsey@demomail.test,Mei Larsson,2025-06-09 19:25:00,,,,N,Yara Ford,101701,Blue Ridge Capital LLC,Marketing,Jordan Ivanov,Data Analyst,2026-04-25,,Active - Placed,,100112,100420,Marketing,100220,LOT-5024,2700,Other,4885,9943,409,Other,Gamma,100451,,Data Analyst Placement,,100117,"4,150",No,marco.mercer@demomail.test,Blue Ridge Networks Group,100650,Riley Ivanov,101210,Gamma,,100134,,,,,Backfill,REF-6868,TAG-8738,100893,Delta,,,,Austin,100062,,,Standard,100177,,,,,,,,,,101424,,,100504,,100509,Y,,,Canada,,Direct Hire,100512,,REF-2014,105932,,,Delta,,,100429,
100183,Placement,106932,casey.okafor@examplecorp.test,Nina Brooks,2024-06-21 12:26:00,riley.calder@demomail.test,Nina Mercer,2025-06-10 14:33:00,marco.dorsey@demomail.test,Rahul Blake,2023-09-07 12:50:00,,,,N,Drew Sloan,101779,Keystone Capital Ltd,Accounting,Sofia Brooks,Payroll Specialist,2025-08-19,,Active - Placed,,100214,100173,Accounting,100343,LOT-7170,4831,Beta,7769,2545,8666,Other,Delta,100040,,Payroll Specialist Placement,,100667,"7,483",Yes,drew.whitfield@demomail.test,*NONE,,Noah Garcia,101000,Delta,,100242,,,,,New,TAG-5435,,101137,Delta,2006,,,Denver,100791,,,Delta,100421,,,,,,,,,,101589,,,,Involuntary,,N,Exceeded,,Germany,,Placement,100650,,SKU-8989,106336,,,Standard,,,,
100481,Placement,106934,diego.ashby@acme-fake.test,Priya Ford,2023-01-01 18:29:00,skyler.kim@demomail.test,Marco Cohen,2025-03-05 14:31:00,jamie.mensah@demomail.test,Casey Sato,2026-05-11 21:52:00,,,,N,Jamie Sato,101506,Northwind Health LLP,Sales,Diego Mercer,Payroll Specialist,2025-07-02,2026-06-16,Inactive - Terminated,100311,100665,100055,Sales,100461,LOT-9816,4589,Delta,4525,7773,5029,Standard,Standard,100460,,Payroll Specialist Placement,,,"7,314",No,jamie.whitfield@sampleco.test,Vertex Group Corp,100768,Morgan Costa,101254,Alpha,,100730,,,,,New,LOT-9762,,101622,Alpha,,,,London,100250,,,Alpha,100224,,,,,,,,,,101711,,Relocation,100016,,100759,N,Below,Aligned on billing and renewal terms.,Germany,,Backfill,100673,,REF-5334,105024,,,Delta,,,100188,
100221,Placement,106935,priya.kim@examplecorp.test,Avery Larsson,2023-11-15 01:47:00,taylor.calder@examplecorp.test,Mei Blake,2023-06-05 19:26:00,morgan.sato@examplecorp.test,Skyler Brooks,2026-04-22 05:53:00,,,,Y,Jamie Garcia,100794,Horizon Partners Corp,Accounting,Jamie Nguyen,Accountant,2025-01-29,2026-07-26,Inactive,,100786,100103,Accounting,100784,SKU-3916,3029,Delta,3379,132,9818,Alpha,Alpha,100599,,Accountant Placement,,,"1,680",No,mei.patel@acme-fake.test,*NONE,,Skyler Dorsey,101437,Gamma,,100320,594,,163,,New,SKU-2193,SKU-3306,101542,Gamma,,,,Denver,100529,,,Beta,100352,,,,,,,,,,101472,,Relocation,100233,,100217,Y,Exceeded,Discussed timeline and next steps with the account.,Philippines,100627,Placement,,,REF-5313,106005,,,Delta,,,100077,
100278,Placement,106938,nina.kim@acme-fake.test,Rahul Whitfield,2026-03-11 04:37:00,marco.okafor@examplecorp.test,Jordan Okafor,2024-12-23 00:08:00,yara.sloan@acme-fake.test,Liam Mensah,2024-10-13 23:24:00,,,,Y,Rowan Garcia,100942,Silverline Manufacturing Group,Recruiting,Rowan Nguyen,Financial Analyst,2023-07-06,2026-06-25,Inactive - Terminated,,100587,100465,Recruiting,,REF-3717,6370,Standard,3307,7497,63,Gamma,Delta,100504,,Financial Analyst Placement,,100564,"6,061",No,nina.costa@acme-fake.test,*NONE,100343,Nina Vance,101606,Other,,100504,"1,885",,,,New,LOT-7057,LOT-9548,100913,Delta,,,,Seattle,100005,,,Delta,100691,,,,,,,,,,101024,,Converted to Direct Hire,100026,,100568,N,Exceeded,Followed up on the open items from last week.,India,,Bench,100336,,LOT-8276,104951,,,Delta,,,,
100068,Placement,106939,morgan.vance@examplecorp.test,Diego Haddad,2026-04-11 02:18:00,diego.sato@acme-fake.test,Arjun Whitfield,2026-01-22 11:43:00,nina.mensah@sampleco.test,Morgan Ashby,2026-06-07 11:33:00,,,,N,Emerson Mercer,101411,Evergreen Solutions Group,Accounting,Taylor Blake,Recruiter,2024-10-03,2026-06-28,Inactive - Terminated,,100012,100555,Accounting,,SKU-9127,6206,Delta,9448,8385,8538,Beta,Standard,100428,,Recruiter Placement,,,"11,496",Yes,priya.vance@acme-fake.test,Everest Networks LLP,100383,Aisha Ford,100810,Standard,,,,,"2,992",,New,LOT-7488,TAG-1879,101687,Gamma,,,,Phoenix,100087,,,Delta,100448,,,,,,,,,,101333,,Unmet Expectations,100457,,100640,Y,Below,Reviewed performance and gathered feedback.,Australia,,Placement,100205,,REF-3722,105531,,,Other,,,100319,
100155,Placement,106942,jordan.mercer@sampleco.test,Quinn Haddad,2025-12-27 07:38:00,rowan.silva@examplecorp.test,Aisha Kim,2024-06-01 05:47:00,jamie.sato@examplecorp.test,Skyler Kim,2025-04-05 10:58:00,,,,Y,Avery Brooks,101784,Cobalt Robotics Ltd,Data & Analytics,Riley Mercer,Operations Associate,2023-10-20,,Active - Placed,100177,100784,100115,Data & Analytics,,REF-6687,3772,Gamma,589,8525,7342,Gamma,Beta,100790,,Operations Associate Placement,,100758,"2,937",Yes,sofia.ashby@demomail.test,Silverline Financial LLP,,Diego Patel,101748,Delta,,100468,,,,,New,LOT-5912,,101320,Beta,,,,Bengaluru,100782,,,Beta,100050,,,,,,,,,,101724,,,100083,Voluntary,100256,,Met Expectations,,Philippines,100219,Placement,,,LOT-7448,105694,,,Other,,,100790,
100735,Placement,106944,skyler.cohen@examplecorp.test,Arjun Mercer,2023-01-29 11:16:00,quinn.mensah@acme-fake.test,Casey Mensah,2026-06-14 18:45:00,drew.vance@examplecorp.test,Riley Okafor,2026-07-15 00:10:00,,,,Y,Marco Silva,101153,Copper Textiles Inc,Software Engineering,Rahul Dorsey,Recruiter,2024-11-25,2026-07-31,Inactive,,100022,100475,Software Engineering,,TAG-9929,5349,Standard,2943,8951,4493,Alpha,Standard,100466,,Recruiter Placement,,100183,"2,444",Yes,drew.blake@demomail.test,*NONE,100325,Emerson Whitfield,100817,Standard,,,302,,,,New,SKU-1564,SKU-9575,101087,Other,,,,Chicago,100739,,,Beta,100713,,,,,,,,,,101058,,Converted to Direct Hire,100147,Involuntary,100476,Y,Below,Scheduled a check-in for the coming month.,United States,100717,Bench,100073,,TAG-1831,105466,,,Other,,,,
100525,Placement,106945,aisha.dorsey@demomail.test,Noah Mercer,2025-07-05 02:24:00,jordan.patel@demomail.test,Riley Rossi,2026-06-08 04:12:00,drew.silva@examplecorp.test,Diego Sato,2025-05-12 01:06:00,,,,Y,Taylor Nguyen,101065,Silverline Media LLP,Finance,Emerson Ford,Operations Associate,2026-04-10,,Active - Placed,100714,100345,100387,Finance,100528,REF-7372,8176,Beta,8752,2385,9407,Standard,Delta,100335,,Operations Associate Placement,,,"13,236",No,elena.okafor@demomail.test,*NONE,100608,Diego Calder,101210,Delta,,,,,"2,012",,New,TAG-1766,SKU-7519,101264,Other,,,,Atlanta,100466,,,Alpha,100277,,,,,,,,,,101525,,,100361,Voluntary,100177,N,Met Expectations,,Canada,100765,Placement,100481,,REF-7277,105099,,,Beta,,,,
100404,Placement,106947,rahul.sloan@demomail.test,Priya Mensah,2025-04-21 05:50:00,casey.ashby@acme-fake.test,Riley Brooks,2024-08-09 22:09:00,avery.mercer@acme-fake.test,Emerson Larsson,2026-03-14 12:34:00,,,,Y,Morgan Mercer,101134,Everest Financial LLC,Human Resources,Omar Silva,Financial Analyst,2025-10-09,,Active - Placed,100295,100007,100161,Human Resources,100047,TAG-5881,9960,Beta,4672,2932,8612,Standard,Standard,100672,,Financial Analyst Placement,,100365,"7,293",No,taylor.patel@examplecorp.test,*NONE,100790,Fatima Sato,101445,Standard,,100281,"1,255",,,,New,TAG-3768,LOT-8704,101048,Gamma,,,,Austin,100375,,,Alpha,100161,,,,,,,,,,101379,,,100246,Voluntary,,Y,,,United States,,Direct Hire,100094,,REF-9230,105771,,,Gamma,,,100231,
100239,Placement,106949,aisha.whitfield@acme-fake.test,Rowan Sloan,2023-07-10 17:26:00,reese.costa@examplecorp.test,Omar Larsson,2024-03-31 21:30:00,sofia.haddad@acme-fake.test,Marco Mercer,2023-05-01 03:18:00,,,,Y,Arjun Mercer,101153,Redwood Holdings Corp,Recruiting,Mei Sloan,Operations Associate,2024-05-07,2026-07-02,Inactive,,100436,100555,Recruiting,100414,REF-6483,7143,Alpha,8477,869,9149,Standard,Delta,100137,,Operations Associate Placement,,,"8,737",No,reese.larsson@acme-fake.test,*NONE,,Arjun Mercer,101023,Beta,,,,,"3,623",,New,TAG-6678,REF-7752,101322,Delta,,,,Chicago,100315,,,Gamma,100130,,,,,,,,,,101373,,Converted to Direct Hire,100582,Involuntary,,Y,Below,Followed up on the open items from last week.,Philippines,100157,Direct Hire,,,SKU-8540,105797,,,Delta,,,,
100654,Placement,106952,fatima.garcia@acme-fake.test,Priya Mensah,2024-04-23 15:57:00,chen.ivanov@demomail.test,Avery Sloan,2022-11-29 00:03:00,fatima.haddad@demomail.test,Noah Cohen,2025-07-07 03:05:00,,,,N,Chen Kim,100937,Delta Holdings LLP,Finance,Mei Mensah,Support Specialist,2026-01-04,,Active - Placed,,100392,100756,Finance,100415,LOT-4015,4147,Gamma,1825,8015,9451,Standard,Other,100322,,Support Specialist Placement,,,"5,366",No,yara.mensah@acme-fake.test,Harbor Partners Group,100201,Avery Silva,101507,,,,"1,929",,"2,549",,New,SKU-7708,,101529,Delta,,,,Phoenix,100393,,,Alpha,100083,,,,,,,,,,100856,,,100252,,100404,N,,,India,100178,Placement,100619,,SKU-6584,105855,,,Beta,,,,
100509,Placement,106955,rowan.patel@sampleco.test,Mei Nguyen,2024-04-10 19:43:00,reese.ashby@examplecorp.test,Rowan Larsson,2023-02-17 00:08:00,liam.rossi@examplecorp.test,Omar Brooks,2024-08-30 07:36:00,,,,N,Omar Silva,101483,Lakeside Financial Group,Finance,Fatima Brooks,Recruiter,2023-09-17,,Active - Terminated,,100643,100168,Finance,100579,TAG-5835,5846,Delta,8525,3676,2264,Standard,Delta,100570,,Recruiter Placement,,,"6,637",Yes,chen.larsson@demomail.test,*NONE,100745,Chen Vance,101704,Other,,,945,,,,New,LOT-7958,SKU-1516,101697,Delta,,,,Manila,100335,,,Alpha,100130,,,,,,,,,,101095,,,100068,Involuntary,100429,Y,Below,,Germany,,Placement,,,TAG-5087,106485,,,Beta,,,,
100496,Placement,106958,arjun.vance@acme-fake.test,Alex Ivanov,2024-02-24 11:19:00,arjun.okafor@sampleco.test,Marco Silva,2023-09-25 14:28:00,elena.larsson@demomail.test,Reese Blake,2025-06-04 11:19:00,,,,Y,Jamie Calder,101095,Cobalt Foods Corp,Software Engineering,Drew Vance,Data Analyst,2026-01-29,,Active - Placed,,100449,100551,Software Engineering,,TAG-7718,6998,Delta,2209,6677,8912,Alpha,Gamma,100106,,Data Analyst Placement,,100680,"10,077",Yes,arjun.reyes@examplecorp.test,Vertex Analytics LLC,100071,Quinn Mercer,101177,Delta,,100507,,,"2,234",,New,SKU-8035,LOT-9603,101458,Beta,,,,Denver,100398,,,Standard,100724,,,,,,,,,,101731,,,100634,Voluntary,100774,N,,,India,100559,Placement,,,LOT-7194,106184,,,Other,,,,
100173,Placement,106959,skyler.costa@sampleco.test,Jordan Dorsey,2024-07-18 02:35:00,aisha.brooks@examplecorp.test,Drew Dorsey,2025-03-22 22:48:00,aisha.mensah@sampleco.test,Chen Whitfield,2023-03-09 02:00:00,,,,Y,Rahul Vance,101646,Vertex Manufacturing Group,Human Resources,Alex Okafor,Executive Assistant,2024-11-25,2026-07-03,Inactive,100389,100667,100606,Human Resources,100740,LOT-5728,1650,Alpha,5319,5767,9467,Other,Beta,100743,,Executive Assistant Placement,,,"14,103",No,mei.reyes@demomail.test,*NONE,100303,Fatima Mensah,101698,Standard,,100656,,,"4,700",,Backfill,LOT-2607,REF-7248,100809,Gamma,,,,Atlanta,100554,,,Alpha,100112,,,,,,,,,,101481,,Relocation,100635,Involuntary,100721,N,Met Expectations,Resolved the outstanding question about scope.,United States,100019,Placement,,,TAG-8796,105204,,,Alpha,,,,
100239,Placement,106962,arjun.blake@sampleco.test,Aisha Garcia,2024-09-20 15:08:00,fatima.sato@examplecorp.test,Arjun Dorsey,2026-07-12 04:03:00,yara.silva@acme-fake.test,Morgan Ford,2025-04-21 13:33:00,,,,Y,Avery Dorsey,101032,Falcon Retail LLP,Sales,Rowan Rossi,Marketing Coordinator,2023-12-17,,Active - Placed,,100650,100465,Sales,100319,SKU-8985,1196,Other,7559,7044,5321,Other,Gamma,100475,,Marketing Coordinator Placement,,,"1,888",No,yara.ashby@sampleco.test,*NONE,100751,Nina Ford,101743,Standard,,100558,,,,,New,SKU-4978,REF-2031,100882,Delta,,,,London,100362,,,Other,100659,,,,,,,,,,101379,,,100688,,100468,Y,Met Expectations,,Australia,100445,Bench,100476,,LOT-1967,106624,,,Gamma,,,100727,
100648,Placement,106965,quinn.kim@sampleco.test,Diego Calder,2023-06-01 09:21:00,noah.haddad@sampleco.test,Skyler Dorsey,2023-07-12 04:23:00,jordan.ashby@sampleco.test,Omar Haddad,2025-05-02 07:21:00,,,,Y,Omar Ford,101308,Northwind Systems Inc,Marketing,Mei Reyes,HR Generalist,2025-06-16,,Active - Terminated,,100643,100145,Marketing,100671,SKU-9377,5852,Alpha,1347,1533,4510,Beta,Standard,100242,,HR Generalist Placement,,100465,"7,805",No,drew.patel@demomail.test,Brightpath Energy LLC,,Alex Rossi,101125,Standard,,,,,,,New,SKU-4062,LOT-2313,101530,Delta,,,,Austin,100595,,,Delta,100421,,,,,,,,,,101561,,,100686,Involuntary,100507,N,Met Expectations,,Germany,,Bench,,,REF-8267,105910,,,Beta,,,,
100349,Placement,106967,jamie.okafor@acme-fake.test,Liam Haddad,2026-07-15 21:01:00,marco.larsson@demomail.test,Nina Vance,2022-11-11 05:25:00,priya.dorsey@sampleco.test,Casey Okafor,2023-07-18 05:59:00,,,,Y,Noah Garcia,101743,Silverline Systems Inc,Data & Analytics,Rowan Costa,Marketing Coordinator,2024-07-01,,Active - Terminated,100361,100727,100145,Data & Analytics,100343,SKU-6032,7205,Delta,4945,1239,31,Beta,Other,100420,,Marketing Coordinator Placement,,,"16,790",Yes,avery.cohen@acme-fake.test,Harbor Dynamics Group,,Omar Larsson,100920,Delta,,100317,,,"3,350",,New,REF-4211,TAG-7178,101630,Gamma,,,,Phoenix,100457,,,Delta,100669,,,,,,,,,,101458,,,100106,Involuntary,100582,,Below,,Canada,,Direct Hire,100315,,TAG-9934,104998,,,Alpha,,,100671,
100743,Placement,106970,riley.whitfield@demomail.test,Mei Ashby,2025-12-04 12:06:00,casey.haddad@examplecorp.test,Quinn Calder,2022-10-22 07:16:00,omar.dorsey@sampleco.test,Jordan Ivanov,2023-02-10 00:13:00,,,,N,Rowan Sloan,101296,Summit Textiles Inc,Sales,Drew Dorsey,Support Specialist,2025-06-28,2026-06-19,Inactive,100468,100339,100076,Sales,100768,SKU-5095,7826,Other,2946,3118,4994,Standard,Standard,100128,,Support Specialist Placement,,100658,"13,386",No,liam.vance@acme-fake.test,*NONE,100221,Arjun Patel,101507,Gamma,,100203,,,,,New,LOT-2313,SKU-3660,101525,Beta,,,,Bengaluru,100538,,,Delta,100476,,,,,,,,,,101051,,Performance,100582,,100786,Y,,Discussed timeline and next steps with the account.,United States,100469,Bench,100632,,REF-9837,105162,,,Gamma,,,100231,
100441,Placement,106973,fatima.ashby@examplecorp.test,Rahul Calder,2025-03-11 17:29:00,yara.haddad@sampleco.test,Diego Reyes,2026-03-11 13:10:00,elena.haddad@examplecorp.test,Chen Reyes,2024-08-09 17:19:00,,,,Y,Avery Nguyen,101478,Falcon Health LLC,Customer Support,Skyler Sato,Software Developer,2025-07-31,2026-07-18,Inactive,100761,100253,100484,Customer Support,,TAG-2055,5875,Beta,6909,3110,6012,Delta,Other,100718,,Software Developer Placement,,100650,"3,587",No,marco.nguyen@acme-fake.test,*NONE,100142,Chen Reyes,100973,Standard,,100686,,,,,Backfill,TAG-9070,SKU-5126,100809,Alpha,,,,Bengaluru,100745,,,Beta,100554,,,,,,,,,,100990,,,100791,Voluntary,100215,Y,,Discussed timeline and next steps with the account.,Philippines,,Bench,,,LOT-9662,105757,,,Beta,,,,
100761,Placement,106974,jordan.dorsey@sampleco.test,Sofia Mensah,2026-05-04 12:18:00,emerson.calder@examplecorp.test,Mei Sato,2023-05-28 10:48:00,jamie.patel@demomail.test,Drew Whitfield,2023-03-21 20:24:00,,,,N,Marco Kim,101026,Keystone Labs Co,Human Resources,Riley Cohen,Data Analyst,2025-03-04,,Active - Placed,,100638,100469,Human Resources,,LOT-5000,4957,Other,5802,7353,7997,Delta,Beta,100196,,Data Analyst Placement,,100292,"5,184",Yes,fatima.mensah@examplecorp.test,Pioneer Analytics Ltd,,Reese Patel,100800,Standard,,,,,,,New,LOT-2691,,100986,Gamma,,,,Manila,100730,,,Gamma,100596,,,,,,,,,,100936,,,100613,,100509,Y,Exceeded,,Canada,100246,Placement,100125,,REF-7678,106023,,,Gamma,,,,
100071,Placement,106976,avery.haddad@examplecorp.test,Rowan Costa,2023-06-25 19:49:00,fatima.larsson@examplecorp.test,Yara Mensah,2023-08-19 15:51:00,morgan.kim@acme-fake.test,Sofia Brooks,2025-09-21 00:14:00,,,,Y,Rahul Ivanov,100892,Summit Analytics Inc,Human Resources,Fatima Rossi,Accountant,2025-02-23,,Active - Placed,,100613,100410,Human Resources,,SKU-1221,9457,Delta,2608,5587,9570,Gamma,Gamma,100688,,Accountant Placement,,100142,"6,247",No,chen.silva@demomail.test,Cardinal Capital LLC,100717,Sofia Costa,101414,Alpha,,,"1,345",,,,New,SKU-6418,LOT-2895,101449,Alpha,,,,Atlanta,100073,,,Beta,100399,,,,,,,,,,101719,,,100204,,100275,N,,,Australia,100724,Placement,100284,,TAG-7773,106612,,,Beta,,,100375,
100134,Placement,106977,taylor.rossi@examplecorp.test,Elena Costa,2026-06-30 22:34:00,rowan.vance@demomail.test,Arjun Ashby,2024-06-25 03:32:00,sofia.costa@sampleco.test,Mei Brooks,2024-01-29 14:54:00,,,,N,Elena Reyes,101594,Delta Financial LLP,Sales,Sofia Patel,Financial Analyst,2023-10-05,,Active - Terminated,100173,100094,100152,Sales,100012,TAG-1929,7437,Standard,5706,9007,62,Gamma,Alpha,100732,,Financial Analyst Placement,,,"12,470",Yes,casey.calder@demomail.test,*NONE,100196,Nina Sloan,101223,Alpha,,100009,,,"4,850",,New,REF-8225,REF-9654,100873,Delta,,,,Seattle,100042,,,Gamma,100311,,,,,,,,,,101745,,,100205,,,Y,,,India,100434,Trial,100165,,TAG-2243,106620,,,Beta,,,,
100348,Placement,106978,arjun.ashby@sampleco.test,Sofia Haddad,2024-08-25 10:10:00,elena.silva@examplecorp.test,Drew Rossi,2023-10-21 23:51:00,taylor.dorsey@demomail.test,Mei Mensah,2026-07-01 03:37:00,,,,Y,Emerson Okafor,101392,Delta Systems Corp,Marketing,Drew Rossi,Marketing Coordinator,2025-05-21,,Active - Terminated,100428,100565,100133,Marketing,100158,TAG-5006,7119,Gamma,2105,9395,9225,Other,Other,100224,,Marketing Coordinator Placement,,,"14,376",No,marco.sato@sampleco.test,*NONE,,Jamie Mercer,101605,Beta,,,,,"3,017",,New,REF-8794,TAG-3244,101185,Alpha,,,,Phoenix,100383,,,Standard,100204,,,,,,,,,,100915,,,,,100365,,Met Expectations,,Australia,100647,Direct Hire,100201,,TAG-3039,105127,,,Gamma,,,100031,
100528,Placement,106981,chen.vance@demomail.test,Liam Whitfield,2023-02-08 13:40:00,riley.mensah@sampleco.test,Diego Okafor,2023-05-27 08:55:00,reese.okafor@sampleco.test,Skyler Dorsey,2025-09-05 16:37:00,,,,N,Mei Costa,101497,Blue Ridge Retail Ltd,Customer Support,Priya Silva,Recruiter,2026-04-08,,Active - Placed,100181,100087,100203,Customer Support,,SKU-7244,9956,Gamma,420,1028,1905,Alpha,Delta,100100,,Recruiter Placement,,100096,"4,124",No,priya.blake@examplecorp.test,*NONE,100509,Yara Garcia,101259,Beta,,100161,,,,,New,LOT-8919,TAG-7924,101266,Beta,,,,Dallas,100574,,,Other,100067,,,,,,,,,,101713,,,100147,Involuntary,100493,Y,,,Philippines,,Bench,,,TAG-9239,104888,,,Gamma,,,100219,
100355,Placement,106984,rahul.silva@sampleco.test,Omar Patel,2025-10-30 11:51:00,skyler.patel@acme-fake.test,Reese Mercer,2023-11-17 21:09:00,alex.haddad@demomail.test,Omar Whitfield,2024-04-11 11:55:00,,,,Y,Alex Costa,101531,Harbor Industries Inc,Sales,Emerson Sloan,Payroll Specialist,2023-09-03,2026-06-22,Inactive - Terminated,,100639,100565,Sales,100311,SKU-1738,1243,Alpha,9943,7982,5756,Beta,Alpha,100454,,Payroll Specialist Placement,,100071,"4,187",No,reese.calder@examplecorp.test,Everest Ventures Inc,100415,Skyler Reyes,101664,Alpha,,100784,,,"3,426",,New,REF-1855,,101000,Delta,,Gamma,,Phoenix,100689,,,Delta,100564,,,,,,,,,,101618,,Unmet Expectations,100702,Involuntary,100790,N,Met Expectations,Discussed timeline and next steps with the account.,United Kingdom,100215,Bench,100005,,REF-5918,105763,,,Other,,,100651,
100208,Placement,106985,fatima.mercer@acme-fake.test,Arjun Nguyen,2026-02-02 15:52:00,priya.reyes@acme-fake.test,Quinn Patel,2024-06-13 01:36:00,sofia.calder@acme-fake.test,Aisha Blake,2023-10-10 03:56:00,,,,Y,Rahul Calder,101414,Vertex Dynamics Inc,Marketing,Rowan Calder,Support Specialist,2025-01-12,2026-06-29,Inactive - Terminated,100762,100675,100441,Marketing,100532,REF-3627,2412,Standard,8982,2755,3151,Beta,Other,100710,,Support Specialist Placement,,,"13,628",Yes,casey.rossi@demomail.test,*NONE,100295,Diego Vance,101561,Standard,,100467,67,,,,New,REF-3086,,101701,Delta,,,,Phoenix,100638,,,Alpha,100785,,,,,,,,,,100924,,Unmet Expectations,100656,Involuntary,100747,N,Met Expectations,Followed up on the open items from last week.,Philippines,,Placement,100423,,LOT-7944,105126,,,Standard,,,,
100125,Placement,106986,elena.sloan@sampleco.test,Skyler Ashby,2024-07-04 12:37:00,noah.mercer@sampleco.test,Elena Silva,2023-01-08 13:13:00,rowan.kim@demomail.test,Casey Garcia,2024-07-07 18:57:00,,,,N,Jamie Mercer,101743,Silverline Ventures LLC,Operations,Mei Haddad,Data Analyst,2024-11-03,,Active - Placed,100500,100386,100322,Operations,,SKU-7735,6299,Delta,1951,631,5399,Gamma,Delta,100016,,Data Analyst Placement,,,"7,375",Yes,liam.brooks@demomail.test,*NONE,100193,Casey Kim,101497,Standard,,100635,,,,,New,SKU-6857,TAG-3811,101306,Other,,,,Dallas,100458,,,Delta,100423,,,,,,,,,,101200,,,100404,Voluntary,100348,Y,Below,,India,100028,Bench,100182,,REF-7721,106139,,,Other,,,100446,
100096,Placement,106987,riley.dorsey@acme-fake.test,Marco Reyes,2025-11-05 23:47:00,omar.reyes@acme-fake.test,Noah Patel,2024-07-17 15:09:00,mei.brooks@acme-fake.test,Priya Calder,2023-11-04 19:36:00,,,,Y,Rahul Calder,100891,Pioneer Logistics Corp,Marketing,Sofia Okafor,QA Engineer,2025-03-21,,Active - Placed,,100145,100309,Marketing,,LOT-7658,7279,Beta,7622,9609,3823,Gamma,Alpha,100365,,QA Engineer Placement,,100278,"5,801",Yes,priya.mercer@demomail.test,Blue Ridge Health Co,100753,Avery Silva,101701,Beta,,100271,,,,,New,SKU-5559,LOT-9726,101027,Alpha,,,,Mumbai,100791,,,Other,100404,,,,,,,,,,100850,,,100622,Voluntary,100733,N,,,Mexico,100714,Placement,100672,,TAG-7855,105815,,,Delta,,,100604,
100552,Placement,106990,marco.brooks@examplecorp.test,Fatima Brooks,2023-11-05 18:00:00,riley.brooks@demomail.test,Noah Rossi,2025-06-24 13:42:00,morgan.cohen@examplecorp.test,Avery Costa,2025-11-04 10:17:00,,,,N,Rahul Reyes,101102,Blue Ridge Partners,Operations,Jamie Nguyen,Customer Success Manager,2023-05-13,2026-06-22,Inactive - Terminated,100203,100121,100509,Operations,,TAG-8023,2474,Delta,8203,6070,1683,Gamma,Standard,100157,,Customer Success Manager Placement,,100387,"9,222",Yes,rahul.silva@sampleco.test,Beacon Textiles Corp,100386,Nina Okafor,101211,Gamma,,,,,,,New,LOT-6084,SKU-7595,101097,Alpha,,,,London,100446,,,Beta,100745,,,,,,,,,,101641,,Relocation,100579,,100732,N,Met Expectations,Noted a concern to revisit at the next sync.,Canada,100298,Direct Hire,,,SKU-2743,106468,,,Beta,,,100204,
100565,Placement,106991,diego.dorsey@demomail.test,Rahul Larsson,2023-06-24 11:26:00,noah.blake@examplecorp.test,Morgan Ford,2023-01-14 05:32:00,alex.mensah@acme-fake.test,Emerson Dorsey,2023-07-01 01:43:00,,,,N,Morgan Mensah,101781,Redwood Capital Group,Data & Analytics,Chen Sloan,Operations Associate,2024-10-05,,Active - Placed,,100232,100601,Data & Analytics,100648,TAG-6563,9368,Other,928,1489,1710,Gamma,Alpha,100648,,Operations Associate Placement,,,"16,093",Yes,diego.kim@sampleco.test,Cardinal Ventures Ltd,,Noah Larsson,101490,,,100451,,,,,Backfill,LOT-8625,SKU-4208,101281,Other,,,,Toronto,100538,,,Standard,100756,,,,,,,,,,101176,,,100005,,100053,Y,Exceeded,,United States,,Placement,100737,,REF-7770,106180,,,Delta,,,,
100142,Placement,106992,rowan.patel@sampleco.test,Riley Kim,2024-08-24 06:38:00,sofia.ford@examplecorp.test,Morgan Garcia,2025-08-01 08:27:00,diego.larsson@sampleco.test,Sofia Garcia,2026-03-17 12:16:00,,,,Y,Liam Haddad,100990,Atlas Health,Data & Analytics,Emerson Mensah,Project Manager,2025-10-23,,Active - Placed,,100555,100451,Data & Analytics,,REF-4288,1402,Gamma,9831,869,6507,Other,Delta,100540,,Project Manager Placement,,100371,"6,274",No,jordan.okafor@examplecorp.test,Cobalt Financial,100033,Priya Larsson,100799,Alpha,,100410,"1,262",,,,New,SKU-5194,SKU-1639,101354,Beta,,,,Manila,100532,,,Other,100538,,,,,,,,,,101195,,,100142,Involuntary,100566,,,,India,,Placement,100335,,REF-5545,105036,,,Beta,,,100418,
100747,Placement,106993,emerson.okafor@examplecorp.test,Emerson Whitfield,2025-01-11 13:28:00,avery.okafor@sampleco.test,Fatima Costa,2026-03-20 22:11:00,jordan.calder@sampleco.test,Noah Dorsey,2025-07-14 01:34:00,,,,Y,Jordan Okafor,101104,Keystone Solutions Corp,Software Engineering,Reese Larsson,Operations Associate,2024-04-10,,Active - Placed,,100298,100229,Software Engineering,100200,TAG-1046,3023,Alpha,4554,1834,638,Delta,Standard,100042,,Operations Associate Placement,,100639,"5,507",Yes,elena.mercer@acme-fake.test,Atlas Analytics LLC,,Avery Sato,100862,Gamma,,,,,,,Backfill,LOT-6568,LOT-5483,101085,Standard,,,,Toronto,100162,,,Gamma,100125,,,,,,,,,,101112,,,,Voluntary,100558,N,Exceeded,,Australia,100737,Trial,,,LOT-9993,105528,,,Other,,,,
100758,Placement,106994,drew.ivanov@examplecorp.test,Chen Calder,2026-05-15 20:24:00,reese.ford@examplecorp.test,Riley Dorsey,2024-01-06 10:20:00,liam.mercer@examplecorp.test,Diego Blake,2025-08-11 19:14:00,,,,N,Jordan Kim,101320,Blue Ridge Media LLC,Software Engineering,Priya Nguyen,Software Developer,2024-03-14,,Active - Placed,100410,100023,100162,Software Engineering,,REF-4716,3494,Standard,6110,9962,1900,Gamma,Alpha,100638,,Software Developer Placement,,,"11,026",Yes,avery.patel@examplecorp.test,Horizon Retail Group,100593,Diego Rossi,101304,Alpha,,100704,394,,"1,048",,New,REF-6779,TAG-8989,101561,Beta,,,,Toronto,100348,,,Standard,100348,,,,,,,,,,100937,,,,Voluntary,100016,Y,Met Expectations,,Mexico,,Placement,,,SKU-9614,106152,,,Standard,,,,
100231,Placement,106997,aisha.ford@acme-fake.test,Mei Patel,2022-10-26 19:39:00,riley.dorsey@demomail.test,Diego Ivanov,2026-01-01 14:26:00,jordan.sato@acme-fake.test,Riley Cohen,2026-07-31 10:26:00,,,,Y,Quinn Garcia,100937,Summit Textiles Group,Sales,Aisha Ford,Project Manager,2024-05-30,2026-06-26,Inactive - Terminated,,100467,100555,Sales,,SKU-6789,2474,Alpha,4770,8093,7485,Delta,Gamma,100156,,Project Manager Placement,,100632,"2,614",Yes,liam.patel@demomail.test,*NONE,100654,Quinn Mercer,101380,Alpha,,100449,,,,,New,REF-1475,REF-9102,101129,Alpha,,,,Denver,100236,,,Delta,100587,,,,,,,,,,101213,,Performance,100188,Involuntary,100153,,Exceeded,Followed up on the open items from last week.,United States,100714,Trial,100535,,TAG-6397,105522,,,Standard,,,,
100378,Placement,106998,marco.whitfield@sampleco.test,Skyler Larsson,2025-01-19 15:04:00,riley.dorsey@examplecorp.test,Priya Rossi,2025-04-02 19:42:00,alex.brooks@acme-fake.test,Sofia Ivanov,2023-02-12 22:32:00,,,,N,Casey Whitfield,101697,Harbor Systems Corp,Sales,Reese Larsson,Customer Success Manager,2023-10-06,,Active - Placed,,100640,100210,Sales,,LOT-8504,8933,Standard,9992,3401,6295,Other,Delta,100387,,Customer Success Manager Placement,,,"1,876",No,omar.mensah@sampleco.test,*NONE,100476,Elena Ford,100881,Other,,100627,,,,,New,LOT-6673,LOT-4191,100899,Other,,,,Toronto,100094,,,Beta,100022,,,,,,,,,,101278,,,100009,Involuntary,100109,Y,,,India,,Placement,,,LOT-2804,106360,,,Gamma,,,100040,
100118,Placement,107001,casey.cohen@sampleco.test,Riley Ashby,2025-02-20 03:15:00,quinn.ford@demomail.test,Emerson Patel,2025-08-29 11:43:00,diego.cohen@acme-fake.test,Drew Dorsey,2026-04-03 10:00:00,,,,N,Marco Larsson,101552,Lakeside Robotics Co,Human Resources,Reese Mercer,Customer Success Manager,2025-01-29,,Active - Placed,,100454,100142,Human Resources,100776,SKU-2469,4004,Other,1460,3710,6640,Alpha,Standard,100089,,Customer Success Manager Placement,,,"7,144",Yes,quinn.mercer@acme-fake.test,Evergreen Media Co,,Mei Silva,101510,Gamma,,100314,,,,,New,REF-6970,TAG-9959,101012,Standard,,,,Seattle,100100,,,Delta,100244,,,,,,,,,,101691,,,100472,Voluntary,100120,Y,,,Australia,100561,Placement,100300,,REF-1829,105997,,,Standard,,,100727,
100700,Placement,107003,avery.larsson@acme-fake.test,Skyler Cohen,2025-04-16 13:54:00,arjun.dorsey@acme-fake.test,Avery Garcia,2026-03-24 14:31:00,drew.ivanov@examplecorp.test,Alex Vance,2023-05-26 02:12:00,,,,Y,Avery Sloan,100857,Atlas Analytics Group,Operations,Drew Okafor,Operations Associate,2023-06-25,2026-06-03,Inactive - Terminated,100578,100298,100699,Operations,,SKU-5508,7247,Other,8013,9172,8353,Delta,Other,100375,,Operations Associate Placement,,100284,"13,725",Yes,elena.ashby@examplecorp.test,*NONE,,Alex Okafor,101442,Standard,,100434,,,,,New,TAG-5899,,101065,Standard,,,,London,100378,,,Delta,100173,,,,,,,,,,101094,,Budget Cut,100073,Involuntary,100525,N,Exceeded,Reviewed performance and gathered feedback.,Australia,,Bench,,,LOT-4786,104990,,,Other,,,100449,
100570,Placement,107005,omar.sloan@demomail.test,Marco Vance,2023-01-02 09:07:00,casey.sloan@sampleco.test,Diego Whitfield,2023-07-05 08:04:00,mei.silva@sampleco.test,Mei Blake,2025-09-11 10:02:00,,,,N,Priya Cohen,101398,Everest Group Co,Recruiting,Casey Sato,Support Specialist,2024-05-03,,Active - Placed,100771,100550,100596,Recruiting,100014,LOT-8381,9615,Alpha,8886,1527,5471,Beta,Gamma,100172,,Support Specialist Placement,,100596,"7,547",Yes,priya.sato@examplecorp.test,*NONE,100401,Quinn Silva,101023,Gamma,,100582,,,,,Backfill,REF-9263,TAG-6599,100963,Alpha,,,,Mumbai,100747,,,Alpha,100232,,,,,,,,,,101444,,,100770,Voluntary,100487,Y,Below,,Australia,,Bench,,,SKU-7485,106145,,,Beta,,,100616,
100558,Placement,107008,reese.costa@sampleco.test,Mei Ashby,2025-04-08 20:36:00,nina.sloan@acme-fake.test,Quinn Rossi,2024-01-25 20:58:00,arjun.dorsey@acme-fake.test,Taylor Kim,2025-10-12 15:12:00,,,,N,Nina Dorsey,101048,Redwood Retail Ltd,Human Resources,Casey Calder,HR Generalist,2025-09-22,2026-06-12,Inactive - Terminated,100112,100514,100252,Human Resources,100624,TAG-4615,2343,Standard,4128,9953,387,Standard,Beta,100519,,HR Generalist Placement,,,"4,472",No,marco.kim@examplecorp.test,*NONE,,Nina Mensah,101483,Alpha,,100451,220,,,,New,LOT-9208,,100978,Gamma,,,,Austin,100619,,,Other,100717,,,,,,,,,,101510,,Budget Cut,100514,Involuntary,100307,Y,Below,Followed up on the open items from last week.,Mexico,100260,Bench,100142,,SKU-9641,106221,,,Gamma,,,100156,
100094,Placement,107011,elena.ashby@sampleco.test,Morgan Nguyen,2023-05-03 04:28:00,casey.sato@sampleco.test,Mei Rossi,2022-12-06 23:22:00,fatima.okafor@demomail.test,Sofia Sloan,2024-10-09 06:11:00,,,,Y,Jamie Dorsey,101207,Cobalt Capital Co,Human Resources,Drew Patel,Support Specialist,2023-11-20,,Active - Placed,100714,100704,100761,Human Resources,100478,LOT-2419,2059,Standard,826,1637,4185,Gamma,Delta,100468,,Support Specialist Placement,,100311,,Yes,arjun.okafor@demomail.test,*NONE,,Taylor Blake,101515,Beta,,100762,"1,208",,,,Backfill,SKU-6742,REF-1448,101610,Alpha,,,,London,100639,,,Other,100100,,,,,,,,,,101388,,,100083,Voluntary,100568,Y,Met Expectations,,Canada,100490,Placement,100178,,REF-5281,105447,,,Beta,,,,
100436,Placement,107014,elena.calder@examplecorp.test,Riley Ashby,2024-07-30 02:40:00,yara.larsson@examplecorp.test,Rowan Haddad,2026-06-06 22:49:00,arjun.haddad@sampleco.test,Avery Costa,2023-12-27 22:08:00,,,,Y,Liam Ford,101235,Vertex Labs Corp,Finance,Drew Mercer,Marketing Coordinator,2025-11-01,,Active - Placed,,100428,100601,Finance,,SKU-4274,5477,Standard,5028,4596,6076,Standard,Alpha,100055,,Marketing Coordinator Placement,,100288,"5,532",Yes,casey.sloan@acme-fake.test,*NONE,100398,Avery Rossi,101502,,,100466,,,,,Backfill,LOT-7252,REF-2858,101138,Gamma,,,,Bengaluru,100420,,,Gamma,100665,,,,,,,,,,101661,,,100421,Voluntary,100412,,Met Expectations,,United Kingdom,100493,Placement,,,LOT-1319,105606,,,Other,,,,
100551,Placement,107015,avery.ashby@acme-fake.test,Rahul Silva,2023-11-09 05:04:00,mei.dorsey@demomail.test,Reese Calder,2026-07-21 12:00:00,marco.silva@demomail.test,Casey Whitfield,2024-04-19 16:20:00,,,,N,Arjun Kim,101322,Copper Foods,Data & Analytics,Sofia Silva,Support Specialist,2025-04-08,2026-07-04,Inactive,100145,100568,100077,Data & Analytics,100442,REF-8343,5378,Delta,2954,1924,1120,Alpha,Standard,100332,,Support Specialist Placement,,100343,"9,505",Yes,alex.sloan@acme-fake.test,*NONE,,Chen Ford,101210,Other,,,,,,,Backfill,LOT-5110,SKU-9799,101272,Alpha,,,,Seattle,100652,,,Gamma,100232,,,,,,,,,,101395,,,100559,,100165,Y,Exceeded,Discussed timeline and next steps with the account.,Mexico,,Placement,100461,,REF-2175,105007,,,Gamma,,,100016,
100362,Placement,107017,skyler.haddad@demomail.test,Alex Nguyen,2024-06-28 01:25:00,marco.calder@sampleco.test,Morgan Kim,2025-12-19 01:46:00,jordan.ivanov@sampleco.test,Morgan Mensah,2026-04-04 18:49:00,,,,N,Morgan Whitfield,101018,Delta Solutions,Operations,Marco Mercer,QA Engineer,2025-07-23,2026-06-10,Inactive - Terminated,100130,100713,100468,Operations,100405,SKU-2525,3431,Delta,9940,9589,2133,Gamma,Alpha,100782,,QA Engineer Placement,,,"12,395",Yes,drew.haddad@sampleco.test,Summit Health Group,100465,Arjun Costa,101156,Other,,,,,,,New,SKU-9974,SKU-4424,101556,Standard,,,,Seattle,100035,,,Other,100092,,,,,,,,,,100932,,,100683,Voluntary,,,Below,Scheduled a check-in for the coming month.,India,100596,Bench,,,REF-9402,106515,,,Standard,,,,
100224,Placement,107018,sofia.larsson@acme-fake.test,Alex Sato,2023-01-05 11:10:00,emerson.dorsey@demomail.test,Priya Nguyen,2025-08-08 01:36:00,priya.mercer@sampleco.test,Yara Sloan,2026-02-25 20:03:00,,,,Y,Mei Patel,101454,Copper Foods Inc,Software Engineering,Mei Mensah,QA Engineer,2023-07-17,,Active - Placed,100784,100669,100393,Software Engineering,,LOT-5293,1941,Alpha,42,3217,9828,Alpha,Alpha,100174,,QA Engineer Placement,,,,Yes,elena.rossi@examplecorp.test,*NONE,,Casey Rossi,101442,Beta,,100277,,,"2,205",,Backfill,SKU-5713,SKU-7146,101418,Beta,,,,Phoenix,100475,,,Standard,100252,,,,,,,,,,101774,,,100203,,100758,Y,,,Canada,,Bench,100291,,REF-4022,104927,,,Beta,,,100532,
100319,Placement,107020,fatima.ashby@sampleco.test,Casey Haddad,2026-03-26 03:25:00,quinn.haddad@sampleco.test,Mei Nguyen,2024-03-03 01:15:00,alex.haddad@acme-fake.test,Casey Ashby,2023-10-20 04:07:00,,,,Y,Quinn Cohen,101231,Silverline Capital Inc,Software Engineering,Arjun Garcia,Support Specialist,2024-03-28,,Active - Placed,,100033,100300,Software Engineering,,REF-3240,9759,Delta,4837,756,9076,Other,Beta,100219,,Support Specialist Placement,,,"9,041",Yes,riley.ford@sampleco.test,Lakeside Manufacturing Inc,100495,Nina Ford,101646,Delta,,100089,,,,,New,LOT-2914,SKU-6144,101545,Gamma,,,,Mumbai,100449,,,Standard,100472,,,,,,,,,,101567,,,100403,,100050,,,,Mexico,100552,Direct Hire,100173,,LOT-4745,106346,,,Gamma,,,,
100281,Placement,107021,aisha.patel@sampleco.test,Priya Whitfield,2023-09-01 22:23:00,rahul.vance@sampleco.test,Rowan Haddad,2023-11-23 12:11:00,emerson.haddad@examplecorp.test,Marco Sloan,2024-09-20 12:24:00,,,,Y,Skyler Blake,101575,Keystone Health Group,Human Resources,Avery Kim,Recruiter,2025-10-01,,Active - Placed,,100165,100140,Human Resources,100229,SKU-4019,7721,Delta,1881,6440,9617,Beta,Delta,100686,,Recruiter Placement,,100219,"5,323",Yes,riley.vance@demomail.test,*NONE,100490,Aisha Cohen,101774,Gamma,,,,,,,Backfill,SKU-7657,,101477,Standard,,,,Denver,100145,,,Standard,100730,,,,,,,,,,100794,,,100330,Voluntary,100465,N,,,Philippines,,Bench,100412,,SKU-8752,106073,,,Beta,,,100130,
100273,Placement,107023,yara.blake@acme-fake.test,Quinn Rossi,2024-06-11 01:19:00,quinn.ivanov@sampleco.test,Riley Mensah,2023-10-10 10:19:00,nina.mercer@demomail.test,Noah Nguyen,2024-03-14 06:42:00,,,,N,Reese Ashby,101180,Lakeside Systems Inc,Accounting,Taylor Haddad,Recruiter,2024-10-23,2026-07-06,Inactive - Terminated,,100250,100496,Accounting,100661,REF-8206,9915,Standard,881,2977,9596,Beta,Beta,100380,,Recruiter Placement,,100651,"9,584",Yes,jamie.mercer@examplecorp.test,Blue Ridge Group Co,100460,Nina Whitfield,101278,Delta,,100407,,,,,New,TAG-3237,REF-9710,101689,Standard,,,,Seattle,100026,,,Delta,100165,,,,,,,,,,101087,,,100352,,100673,Y,Met Expectations,Scheduled a check-in for the coming month.,India,100345,Placement,,,TAG-6491,106134,,,Other,,,100529,
100448,Placement,107024,jamie.silva@sampleco.test,Emerson Brooks,2024-08-18 15:09:00,taylor.haddad@demomail.test,Jordan Whitfield,2024-06-02 09:00:00,skyler.mercer@demomail.test,Marco Brooks,2026-06-06 07:07:00,,,,N,Jamie Mercer,101652,Copper Health Group,Finance,Fatima Vance,Payroll Specialist,2025-05-11,,Active - Placed,100079,100611,100378,Finance,100387,TAG-9996,4512,Beta,7398,2221,6231,Beta,Beta,100267,,Payroll Specialist Placement,,100632,"4,169",No,priya.mensah@examplecorp.test,Lakeside Foods LLC,,Taylor Rossi,101195,Other,,100473,,,,,Backfill,SKU-2120,,101388,Beta,,,,Seattle,100236,,,Other,100007,,,,,,,,,,100828,,,100028,,100174,Y,Met Expectations,,Canada,,Bench,,,LOT-5806,105007,,,Other,,,,
100784,Placement,107026,casey.costa@sampleco.test,Casey Reyes,2024-07-01 14:51:00,skyler.mensah@examplecorp.test,Taylor Ashby,2023-11-30 15:50:00,fatima.rossi@examplecorp.test,Morgan Garcia,2026-02-24 17:41:00,,,,Y,Chen Dorsey,101655,Harbor Systems Ltd,Data & Analytics,Elena Costa,Customer Success Manager,2024-01-21,2026-06-06,Inactive,,100730,100350,Data & Analytics,100457,TAG-9533,477,Gamma,4239,4718,1869,Gamma,Delta,100291,,Customer Success Manager Placement,,100403,"1,613",Yes,reese.reyes@acme-fake.test,Evergreen Energy LLP,100194,Rowan Okafor,101132,Alpha,,100410,,,,,New,REF-1769,,101719,Beta,,,,Mumbai,100380,,,Other,100305,,,,,,,,,,101299,,Converted to Direct Hire,100570,Involuntary,100239,N,Below,Discussed timeline and next steps with the account.,Philippines,100445,Placement,100194,,SKU-2173,105044,,,Alpha,,,100737,
100319,Placement,107027,riley.vance@demomail.test,Nina Dorsey,2025-04-30 21:44:00,aisha.costa@examplecorp.test,Chen Calder,2026-03-27 21:46:00,yara.ford@sampleco.test,Marco Okafor,2026-01-03 07:47:00,,,,Y,Quinn Nguyen,101221,Summit Solutions Ltd,Software Engineering,Casey Cohen,Marketing Coordinator,2025-06-17,,Active - Placed,,100442,100383,Software Engineering,100627,REF-8200,735,Delta,9602,2859,6167,Other,Standard,100458,,Marketing Coordinator Placement,,100718,"6,363",Yes,alex.cohen@examplecorp.test,*NONE,100317,Priya Silva,100849,Delta,Gamma,100328,"1,043",,,,New,TAG-2460,SKU-7296,101461,Delta,,,,Toronto,100033,,,Delta,100751,,,,,,,,,,101262,,,100309,,100694,,Exceeded,,Canada,,Placement,100724,,LOT-5812,105237,,,Gamma,,,100062,
100094,Placement,107029,nina.mensah@demomail.test,Alex Mensah,2026-05-19 20:58:00,emerson.ivanov@sampleco.test,Taylor Blake,2025-07-26 15:28:00,rowan.garcia@examplecorp.test,Jordan Whitfield,2026-01-08 02:47:00,,,,Y,Noah Whitfield,100899,Granite Retail LLC,Sales,Yara Rossi,Data Analyst,2025-06-10,,Active - Placed,100244,100047,100568,Sales,100231,REF-4853,1530,Other,1401,3203,1551,Alpha,Gamma,100490,,Data Analyst Placement,,,"7,714",Yes,diego.ashby@demomail.test,*NONE,,Jamie Larsson,100988,Other,,100181,,,,,New,LOT-2244,LOT-9354,101128,Gamma,,,,Chicago,100217,,,Gamma,100545,,,,,,,,,,101643,,,100226,Involuntary,100707,Y,Below,,United Kingdom,,Placement,,,TAG-3224,105820,,,Standard,,,100542,
100570,Placement,107032,morgan.mercer@sampleco.test,Omar Rossi,2024-03-10 23:10:00,marco.ivanov@demomail.test,Emerson Ivanov,2025-03-29 20:29:00,yara.garcia@demomail.test,Fatima Dorsey,2026-03-23 23:36:00,,,,Y,Liam Silva,101138,Cobalt Ventures LLP,Recruiting,Yara Sloan,Project Manager,2024-04-06,2026-07-05,Inactive,100345,100585,100298,Recruiting,,REF-3050,6873,Beta,8133,6448,2847,Beta,Alpha,100435,,Project Manager Placement,,,"14,699",No,mei.calder@acme-fake.test,*NONE,100340,Casey Haddad,101389,Beta,,100130,,,,,New,LOT-4520,SKU-8650,101733,Gamma,,,,Toronto,100471,,,Beta,100601,,,,,,,,,,101042,,Converted to Direct Hire,,Involuntary,,N,Exceeded,Reviewed performance and gathered feedback.,Mexico,100551,Trial,100570,,LOT-5695,106070,,,Gamma,,,100660,
100208,Placement,107034,rowan.larsson@sampleco.test,Omar Costa,2023-06-07 09:18:00,arjun.blake@demomail.test,Yara Silva,2026-04-27 08:43:00,alex.haddad@examplecorp.test,Marco Kim,2025-03-12 06:51:00,,,,N,Rowan Silva,101125,Northwind Holdings LLC,Recruiting,Omar Sato,Executive Assistant,2025-01-26,,Active - Placed,100585,100718,100058,Recruiting,,REF-8484,4124,Standard,2940,1415,5847,Other,Alpha,100014,,Executive Assistant Placement,,100578,,No,rowan.okafor@examplecorp.test,Atlas Ventures LLP,100494,Riley Ford,100933,Other,,,,,,,New,SKU-9225,SKU-5220,101149,Delta,,,,Austin,100639,,,Alpha,100761,,,,,,,,,,101586,,,100694,Involuntary,100498,N,Below,,Australia,,Placement,100570,,SKU-6180,105813,,,Gamma,,,100593,
100403,Placement,107037,sofia.calder@acme-fake.test,Marco Sato,2022-11-14 20:54:00,yara.cohen@examplecorp.test,Noah Okafor,2025-02-26 11:46:00,marco.okafor@sampleco.test,Yara Kim,2026-04-20 16:37:00,,,,Y,Aisha Okafor,100808,Delta Labs Group,Software Engineering,Aisha Vance,HR Generalist,2024-06-15,2026-07-09,Inactive - Terminated,100236,100369,100217,Software Engineering,100149,TAG-8370,3988,Standard,2852,1366,9170,Beta,Other,100739,,HR Generalist Placement,,100083,"15,028",No,rahul.haddad@demomail.test,Atlas Group Co,,Priya Nguyen,100942,Gamma,,100252,,,777,,New,TAG-5568,,101102,Delta,,,,Manila,100671,,,Delta,100200,,,,,,,,,,101751,,Unmet Expectations,100576,Voluntary,100733,Y,Below,Resolved the outstanding question about scope.,Philippines,100299,Placement,,,SKU-4240,105679,,,Other,,,100569,
100735,Placement,107039,morgan.kim@sampleco.test,Nina Ford,2023-07-27 08:39:00,diego.calder@demomail.test,Priya Dorsey,2023-11-12 19:59:00,riley.cohen@demomail.test,Yara Silva,2024-10-29 14:02:00,,,,N,Reese Rossi,101631,Cardinal Solutions Ltd,Customer Support,Riley Vance,Operations Associate,2024-01-15,2026-07-14,Inactive,100168,100047,100601,Customer Support,100554,SKU-7272,9501,Delta,8522,5555,7304,Other,Beta,100382,,Operations Associate Placement,,100140,"8,906",Yes,skyler.blake@demomail.test,*NONE,,Morgan Whitfield,101684,Other,,100260,,,480,,New,LOT-1725,,101604,Standard,,,,London,100702,,,Standard,100188,,,,,,,,,,101187,,Relocation,100660,Involuntary,100445,Y,Met Expectations,Shared the updated proposal for review.,Mexico,,Direct Hire,100451,,LOT-9500,106501,,,Gamma,,,,
100201,Placement,107042,omar.reyes@acme-fake.test,Nina Costa,2023-06-21 03:20:00,liam.ford@sampleco.test,Skyler Vance,2024-05-20 03:38:00,noah.larsson@demomail.test,Rowan Mercer,2022-12-30 20:44:00,,,,N,Fatima Blake,101044,Delta Manufacturing LLP,Human Resources,Drew Ashby,Marketing Coordinator,2025-03-08,,Active - Placed,,100561,100469,Human Resources,,REF-5474,5923,Gamma,2743,7719,1110,Other,Standard,100016,,Marketing Coordinator Placement,,100435,"2,298",Yes,omar.vance@sampleco.test,Summit Systems Group,100239,Aisha Vance,101727,Beta,,100432,,,"1,110",,New,TAG-7538,TAG-7936,101585,Standard,,,,Phoenix,100448,,,Alpha,100292,,,,,,,,,,101159,,,100745,Involuntary,,N,,,Philippines,100046,Placement,100029,,SKU-9823,105422,,,Alpha,,,,
100410,Placement,107045,drew.calder@examplecorp.test,Skyler Blake,2025-10-19 15:14:00,morgan.rossi@sampleco.test,Nina Dorsey,2025-11-03 01:40:00,riley.whitfield@sampleco.test,Emerson Larsson,2024-09-10 06:51:00,,,,Y,Reese Vance,101753,Vertex Partners Co,Accounting,Liam Patel,Financial Analyst,2025-10-06,2026-07-13,Inactive,100340,100076,100638,Accounting,100077,SKU-5008,5437,Delta,4581,6317,3481,Gamma,Other,100349,,Financial Analyst Placement,,100067,"11,163",Yes,mei.dorsey@acme-fake.test,*NONE,,Mei Sloan,101614,Standard,,100478,,,"1,846",,Backfill,SKU-5427,LOT-6708,101009,Gamma,,,,Seattle,100762,,,Standard,100357,,,,,,,,,,101429,,Project Ended,100647,Voluntary,100247,N,Below,Followed up on the open items from last week.,United Kingdom,100208,Bench,,,SKU-1713,105454,,,Other,,,100229,
100638,Placement,107048,liam.sato@examplecorp.test,Morgan Reyes,2025-04-09 03:55:00,riley.haddad@sampleco.test,Quinn Brooks,2023-03-29 01:48:00,diego.reyes@sampleco.test,Omar Ivanov,2025-02-09 00:44:00,,,,N,Yara Dorsey,101302,Brightpath Energy LLC,Finance,Drew Costa,Software Developer,2025-10-09,,Active - Placed,,100466,100551,Finance,100322,TAG-1480,5771,Delta,5388,6846,201,Delta,Other,100790,,Software Developer Placement,,,"9,559",Yes,chen.sato@acme-fake.test,*NONE,100435,Avery Ford,101684,Gamma,,100125,,,,,New,LOT-3575,SKU-2063,101190,Gamma,,,,Toronto,100638,,,Delta,100174,,,,,,,,,,101724,,,100660,Involuntary,100787,N,Below,,United Kingdom,100405,Bench,100200,,LOT-3225,105874,,,Delta,,,100590,
100460,Placement,107049,reese.kim@acme-fake.test,Reese Ivanov,2026-04-27 14:18:00,chen.sato@sampleco.test,Morgan Nguyen,2024-05-30 12:49:00,yara.nguyen@acme-fake.test,Casey Larsson,2023-10-06 04:22:00,,,,N,Alex Dorsey,101252,Delta Ventures LLC,Sales,Liam Okafor,Operations Associate,2026-01-11,,Active - Placed,100787,100552,100529,Sales,100220,LOT-3217,4635,Delta,6244,616,4805,Alpha,Alpha,100350,,Operations Associate Placement,,100178,"12,416",No,priya.dorsey@sampleco.test,*NONE,100737,Morgan Patel,101256,Delta,,,83,,"1,852",,Backfill,SKU-7658,LOT-1929,100936,Standard,,,,Dallas,100007,,,Standard,100134,,,,,,,,,,101225,,,100787,Involuntary,,,Exceeded,,United Kingdom,,Direct Hire,,,SKU-7400,104982,,,Delta,,,,
100696,Placement,107052,riley.ford@sampleco.test,Skyler Ivanov,2022-11-19 14:56:00,nina.calder@examplecorp.test,Aisha Nguyen,2022-12-14 16:54:00,priya.okafor@demomail.test,Elena Rossi,2023-09-22 06:32:00,,,,Y,Taylor Haddad,101283,Summit Industries Group,Human Resources,Alex Vance,Recruiter,2023-08-02,,Active - Terminated,100103,100740,100348,Human Resources,100169,SKU-3880,8020,Standard,6891,1816,3609,Gamma,Gamma,100311,,Recruiter Placement,,100405,"17,585",Yes,jamie.dorsey@examplecorp.test,Ironwood Robotics Ltd,100490,Avery Ashby,101180,Delta,,100401,"1,635",,,,New,SKU-4329,REF-8575,101628,Alpha,,,,Atlanta,100745,,,Alpha,100457,,,,,,,,,,101000,,,100446,Voluntary,100599,Y,Exceeded,,Germany,100745,Bench,,,REF-4598,105071,,,Alpha,,,100173,
100420,Placement,107053,priya.ivanov@sampleco.test,Taylor Sato,2023-07-12 11:06:00,nina.dorsey@sampleco.test,Priya Ivanov,2025-06-23 01:58:00,morgan.ford@demomail.test,Rowan Vance,2024-03-22 09:23:00,,,,N,Diego Rossi,101238,Vertex Logistics Group,Data & Analytics,Arjun Haddad,Marketing Coordinator,2024-12-07,,Active - Placed,,100656,100291,Data & Analytics,100009,LOT-7252,7521,Standard,8251,6914,100,Alpha,Beta,100035,,Marketing Coordinator Placement,,,"2,301",Yes,morgan.garcia@demomail.test,*NONE,,Yara Sloan,100988,Delta,,100269,,,"1,524",,New,REF-8717,SKU-2864,100870,Standard,,,,Phoenix,100128,,,Alpha,100400,,,,,,,,,,101319,,,100362,Voluntary,100115,N,,,United Kingdom,100153,Placement,100267,,TAG-4000,105563,,,Beta,,,,
100484,Placement,107054,yara.silva@sampleco.test,Emerson Sato,2025-02-22 06:30:00,alex.rossi@sampleco.test,Nina Nguyen,2023-07-08 07:16:00,skyler.sato@acme-fake.test,Liam Brooks,2025-09-06 21:06:00,,,,N,Quinn Silva,101739,Beacon Analytics Co,Operations,Rowan Larsson,Accountant,2025-11-19,,Active - Terminated,100278,100220,100082,Operations,,SKU-2753,6914,Standard,6595,8824,3513,Beta,Other,100340,,Accountant Placement,,100165,"13,104",Yes,avery.silva@examplecorp.test,Delta Industries Inc,100275,Yara Mensah,101020,Standard,,100596,,,,,Backfill,SKU-6549,LOT-9388,101418,Alpha,,,,Chicago,100246,,,Beta,100593,,,,,,,,,,101523,,,100305,,100572,Y,Exceeded,,India,100375,Backfill,,,SKU-7854,106377,,,Delta,,,,
100278,Placement,107057,elena.larsson@acme-fake.test,Aisha Patel,2024-09-30 00:28:00,aisha.ashby@demomail.test,Diego Kim,2022-11-23 07:37:00,emerson.rossi@demomail.test,Emerson Haddad,2024-09-02 05:07:00,,,,Y,Casey Vance,101605,Copper Systems,Marketing,Rahul Blake,Data Analyst,2023-05-15,2026-07-03,Inactive - Terminated,,100576,100264,Marketing,100568,LOT-1756,6278,Alpha,2365,5632,7505,Beta,Beta,100678,,Data Analyst Placement,,,"2,753",No,omar.brooks@sampleco.test,*NONE,,Aisha Ford,101571,Alpha,,100776,,,,,New,LOT-1166,TAG-6087,101406,Alpha,,,,Manila,100640,,,Beta,100073,,,,,,,,,,101481,,Project Ended,100145,Voluntary,100286,Y,Exceeded,Followed up on the open items from last week.,Australia,,Backfill,,,LOT-4150,106003,,,Beta,,,100050,
100608,Placement,107060,drew.cohen@sampleco.test,Skyler Rossi,2026-01-30 23:29:00,casey.garcia@demomail.test,Rahul Ivanov,2023-11-29 13:09:00,skyler.rossi@sampleco.test,Casey Ashby,2024-09-28 21:53:00,,,,Y,Elena Sloan,100932,Granite Networks LLC,Marketing,Alex Sato,Project Manager,2026-02-17,,Active - Placed,100700,100007,100753,Marketing,,LOT-3320,1287,Gamma,6776,1596,205,Other,Other,100648,,Project Manager Placement,,,"11,907",No,priya.haddad@sampleco.test,*NONE,100412,Diego Costa,100850,Gamma,,100226,,,807,,Backfill,LOT-2777,LOT-5944,101753,Delta,,,,Mumbai,100638,,,Beta,100509,,,,,,,,,,101325,,,100425,Involuntary,100079,Y,Exceeded,,United States,100229,Bench,,,TAG-9695,105258,,,Beta,,,,
100067,Placement,107063,emerson.nguyen@demomail.test,Avery Ashby,2026-05-08 11:46:00,diego.reyes@demomail.test,Diego Larsson,2022-10-02 02:31:00,arjun.silva@acme-fake.test,Yara Haddad,2024-01-10 22:34:00,,,,Y,Alex Costa,101616,Harbor Labs LLP,Accounting,Skyler Nguyen,Operations Associate,2025-08-12,,Active - Placed,,100277,100509,Accounting,,REF-8338,1715,Other,2665,7896,2538,Gamma,Gamma,100330,,Operations Associate Placement,,100658,"4,309",No,emerson.vance@examplecorp.test,*NONE,100256,Alex Reyes,101755,Standard,,,,,,,New,,SKU-7926,100905,Delta,,,,Bengaluru,100634,,,Delta,100242,,,,,,,,,,101315,,,100275,Involuntary,100554,Y,Met Expectations,,United Kingdom,100500,Placement,100650,,SKU-3793,104978,,,Gamma,,,100348,
100453,Placement,107066,chen.blake@acme-fake.test,Liam Whitfield,2024-05-30 21:45:00,sofia.ashby@acme-fake.test,Quinn Silva,2022-10-25 23:53:00,noah.dorsey@sampleco.test,Aisha Mercer,2023-10-19 03:08:00,,,,Y,Jordan Ivanov,101289,Summit Analytics Inc,Data & Analytics,Fatima Calder,Data Analyst,2026-05-09,2026-06-21,Inactive - Terminated,100608,100042,100578,Data & Analytics,,TAG-5682,9656,Beta,425,845,8508,Other,Delta,100115,,Data Analyst Placement,,,"4,327",No,chen.brooks@acme-fake.test,Harbor Systems Co,100162,Reese Sloan,100937,Gamma,,100252,162,,,,New,LOT-9164,,100936,Gamma,,,,Bengaluru,100162,,,Gamma,100348,,,,,,,,,,101638,,Budget Cut,100016,,100226,N,Below,Followed up on the open items from last week.,United States,100106,Placement,100029,,SKU-8384,105902,,,Other,,,100050,
100047,Placement,107067,sofia.whitfield@sampleco.test,Avery Ford,2023-11-18 09:11:00,reese.kim@acme-fake.test,Marco Rossi,2023-09-27 01:54:00,taylor.larsson@acme-fake.test,Liam Mensah,2026-01-15 13:14:00,,,,N,Fatima Brooks,101753,Ironwood Energy Group,Accounting,Priya Garcia,Project Manager,2023-10-22,2026-06-14,Inactive,,100232,100062,Accounting,,LOT-3268,2582,Other,6886,4918,1478,Gamma,Alpha,100208,,Project Manager Placement,,,"9,782",No,reese.kim@examplecorp.test,Harbor Logistics LLP,100654,Emerson Cohen,101299,,,,"1,261",,,,New,SKU-8189,SKU-5091,100947,Delta,,,,Mumbai,100516,,,Other,100648,,,,,,,,,,101149,,Converted to Direct Hire,100753,,100743,N,Exceeded,Reviewed performance and gathered feedback.,United Kingdom,,Bench,,,SKU-3496,105533,,,Delta,,,,
100739,Placement,107068,jamie.reyes@sampleco.test,Mei Garcia,2024-07-02 02:11:00,nina.dorsey@sampleco.test,Sofia Mensah,2022-10-26 21:06:00,jamie.haddad@demomail.test,Reese Larsson,2024-03-22 05:09:00,,,,N,Yara Reyes,101094,Blue Ridge Capital Corp,Recruiting,Quinn Kim,Recruiter,2025-07-06,2026-06-13,Inactive - Terminated,100640,100634,100606,Recruiting,100768,REF-4411,2045,Delta,4463,4964,5859,Alpha,Gamma,100714,,Recruiter Placement,,100565,"3,253",Yes,alex.blake@sampleco.test,*NONE,,Noah Silva,101252,Beta,,100177,,,"4,812",,Backfill,REF-6387,SKU-2947,100891,Delta,,,,Chicago,100340,,,Gamma,100484,,,,,,,,,,101538,,Performance,100288,Involuntary,100172,Y,Below,Resolved the outstanding question about scope.,Canada,,Trial,100438,,REF-9647,105496,,,Other,,,,
100035,Placement,107071,chen.larsson@demomail.test,Jamie Mensah,2024-12-20 17:48:00,elena.ford@sampleco.test,Sofia Dorsey,2023-09-17 16:19:00,skyler.blake@acme-fake.test,Diego Patel,2026-05-27 03:09:00,,,,N,Morgan Blake,101024,Everest Media,Marketing,Liam Kim,HR Generalist,2024-05-31,,Active - Placed,100100,100155,100140,Marketing,,LOT-1843,7643,Alpha,4658,6080,3611,Standard,Standard,100634,,HR Generalist Placement,,100478,"3,253",Yes,reese.garcia@acme-fake.test,*NONE,100741,Sofia Sato,100937,,,,,,,,Backfill,SKU-4522,TAG-8067,101448,Standard,,,,Atlanta,100453,,,Delta,100770,,,,,,,,,,101018,,,,Voluntary,100457,N,Exceeded,,Philippines,,Bench,100152,,SKU-3360,106214,,,Beta,,,,
100579,Placement,107073,chen.costa@sampleco.test,Nina Okafor,2023-03-09 05:37:00,chen.ashby@demomail.test,Jordan Dorsey,2023-04-27 09:07:00,nina.haddad@demomail.test,Jamie Cohen,2023-07-22 12:42:00,,,,Y,Marco Vance,101180,Delta Media Co,Data & Analytics,Morgan Rossi,Operations Associate,2026-01-15,2026-07-25,Inactive,,100332,100050,Data & Analytics,100089,REF-5808,622,Beta,5650,9496,5418,Other,Standard,100449,,Operations Associate Placement,,100785,,Yes,skyler.blake@examplecorp.test,*NONE,100758,Sofia Blake,101507,Alpha,,,,,,,Backfill,LOT-2885,TAG-7403,101086,Alpha,,,,Denver,100473,,,Gamma,100348,,,,,,,,,,100849,,,100319,Involuntary,100246,N,,Aligned on billing and renewal terms.,Germany,100634,Backfill,,,REF-2602,106422,,,Other,,,100737,
100587,Placement,107074,riley.calder@examplecorp.test,Quinn Costa,2023-06-11 21:55:00,reese.mercer@acme-fake.test,Jamie Silva,2023-04-08 01:15:00,quinn.ashby@sampleco.test,Elena Sloan,2024-07-20 06:12:00,,,,Y,Reese Rossi,101121,Redwood Energy Ltd,Software Engineering,Alex Silva,Bookkeeper,2024-09-25,2026-07-17,Inactive,,100785,100717,Software Engineering,100643,REF-7236,422,Other,652,2315,4269,Gamma,Alpha,100003,,Bookkeeper Placement,,100689,"2,708",Yes,taylor.sloan@demomail.test,Blue Ridge Partners Ltd,100645,Reese Nguyen,100911,Alpha,,100438,,,,,New,SKU-7492,TAG-5447,101415,Beta,,,,Chicago,100211,,,Beta,100467,,,,,,,,,,100986,,,100053,Voluntary,100087,N,Met Expectations,Discussed timeline and next steps with the account.,United Kingdom,100089,Bench,,,SKU-5801,106116,,,Standard,,,100142,
100277,Placement,107076,reese.larsson@demomail.test,Fatima Haddad,2026-04-26 05:09:00,yara.larsson@demomail.test,Jordan Blake,2023-07-09 14:53:00,emerson.ford@sampleco.test,Noah Reyes,2022-10-13 15:50:00,,,,Y,Nina Mensah,101289,Meridian Logistics Ltd,Sales,Morgan Calder,Marketing Coordinator,2023-07-15,,Active - Terminated,,100436,100758,Sales,100481,SKU-4097,3393,Alpha,7719,6369,1188,Delta,Alpha,100425,,Marketing Coordinator Placement,,100291,"8,561",Yes,casey.okafor@demomail.test,Delta Capital Corp,100194,Rowan Brooks,101035,Beta,,100512,,,"2,936",,Backfill,TAG-3724,LOT-2699,101107,Delta,942,,,Dallas,100619,,,Other,100599,,,,,,,,,,101000,,,100404,,100404,N,Exceeded,,Germany,100182,Direct Hire,100503,,REF-5694,106584,,,Gamma,,,100181,
100339,Placement,107079,sofia.haddad@demomail.test,Riley Sato,2026-07-08 10:25:00,aisha.ashby@demomail.test,Avery Blake,2024-08-08 17:07:00,casey.larsson@sampleco.test,Diego Calder,2025-08-10 21:51:00,,,,Y,Taylor Kim,101501,Cardinal Logistics Ltd,Recruiting,Quinn Cohen,Data Analyst,2024-11-12,2026-07-15,Inactive,100205,100399,100096,Recruiting,,SKU-1761,4034,Standard,359,6288,7407,Delta,Standard,100727,,Data Analyst Placement,,100185,,Yes,alex.silva@examplecorp.test,Summit Manufacturing Inc,100775,Casey Brooks,101283,Other,,100130,,,"4,301",,New,TAG-3993,REF-3730,101507,Gamma,,,,Manila,100309,,,Gamma,100569,,,,,,,,,,101246,,,100647,Voluntary,100460,N,,Reviewed performance and gathered feedback.,Canada,100532,Backfill,100470,,SKU-2067,105502,,,Other,,,,
100529,Placement,107080,reese.whitfield@sampleco.test,Chen Nguyen,2026-05-10 04:45:00,reese.whitfield@demomail.test,Marco Garcia,2026-05-21 19:56:00,emerson.whitfield@examplecorp.test,Riley Cohen,2025-07-09 15:12:00,,,,N,Yara Costa,101606,Beacon Foods LLP,Operations,Skyler Sloan,Marketing Coordinator,2026-01-04,,Active - Placed,,100047,100137,Operations,100152,SKU-8568,4787,Alpha,8998,1560,2473,Alpha,Alpha,100362,,Marketing Coordinator Placement,,100092,"1,670",No,liam.reyes@acme-fake.test,Blue Ridge Manufacturing,100295,Mei Sloan,101357,Gamma,,,73,,,,New,LOT-3824,REF-8092,100926,Beta,,,,Dallas,100058,,,Standard,100758,,,,,,,,,,101745,,,100359,,100106,Y,Below,,Germany,100582,Placement,100021,,SKU-6528,105147,,,Beta,,,100133,
100590,Placement,107081,rahul.kim@acme-fake.test,Jordan Ford,2022-11-20 07:33:00,jordan.sloan@acme-fake.test,Skyler Sloan,2026-04-11 04:27:00,arjun.mensah@acme-fake.test,Rahul Nguyen,2022-12-31 22:44:00,,,,N,Jamie Rossi,101223,Beacon Analytics,Recruiting,Casey Silva,HR Generalist,2023-12-29,2026-06-12,Inactive,100439,100019,100656,Recruiting,100174,TAG-8311,6217,Other,8924,693,9757,Other,Alpha,100322,,HR Generalist Placement,,100425,"11,891",No,reese.sloan@acme-fake.test,*NONE,,Rowan Sato,101415,Standard,,100062,,,,,New,SKU-3895,,101595,Gamma,,,,Dallas,100669,,,Gamma,100551,,,,,,,,,,100947,,Relocation,100561,Involuntary,100214,Y,Met Expectations,Scheduled a check-in for the coming month.,Philippines,100043,Trial,100401,,TAG-9472,106634,,,Beta,,,100432,
100055,Placement,107082,casey.kim@sampleco.test,Diego Larsson,2024-01-19 08:49:00,emerson.kim@acme-fake.test,Mei Ivanov,2024-10-30 20:41:00,quinn.ashby@demomail.test,Quinn Blake,2023-02-09 08:54:00,,,,N,Marco Sato,101420,Lakeside Solutions Corp,Accounting,Drew Patel,Bookkeeper,2024-01-29,,Active - Placed,100161,100145,100689,Accounting,100349,LOT-7047,8682,Standard,6092,3449,8002,Beta,Alpha,100619,,Bookkeeper Placement,,,"15,034",No,elena.sato@examplecorp.test,*NONE,100532,Sofia Costa,101220,Other,,100161,"1,633",,,,Backfill,REF-2177,REF-8430,101371,Gamma,,,,Chicago,100047,,,Gamma,100428,,,,,,,,,,101160,,,100566,Voluntary,100009,N,Met Expectations,,Canada,100023,Placement,100014,,REF-7078,105732,,,Standard,,,,
100109,Placement,107083,taylor.mensah@sampleco.test,Rowan Cohen,2023-10-13 16:32:00,riley.blake@acme-fake.test,Priya Kim,2024-02-25 08:35:00,rowan.sloan@acme-fake.test,Morgan Whitfield,2026-05-13 22:16:00,,,,N,Yara Blake,101002,Summit Holdings Group,Finance,Arjun Sato,Support Specialist,2024-11-06,,Active - Placed,100139,100587,100476,Finance,100335,SKU-8386,520,Standard,6685,2344,7472,Standard,Delta,100638,,Support Specialist Placement,,100627,"12,199",Yes,avery.cohen@examplecorp.test,*NONE,100307,Quinn Mensah,101600,Standard,,100493,231,,,,New,LOT-4956,TAG-8134,100820,Delta,,,,Bengaluru,100106,,,Beta,100050,,,,,,,,,,101178,,,100098,Involuntary,,Y,Exceeded,,Australia,,Placement,,,SKU-9082,105550,,,Other,,,100383,
100094,Placement,107085,chen.kim@examplecorp.test,Yara Cohen,2025-07-26 03:48:00,omar.sato@acme-fake.test,Alex Sato,2026-07-30 02:39:00,sofia.ford@sampleco.test,Yara Vance,2022-12-26 07:00:00,,,,Y,Elena Sato,100920,Horizon Textiles Co,Finance,Chen Mercer,Support Specialist,2024-06-07,,Active - Placed,,100654,100405,Finance,,TAG-2966,7934,Alpha,1623,216,8668,Gamma,Gamma,100047,,Support Specialist Placement,,100675,"3,854",No,skyler.patel@sampleco.test,Ironwood Holdings,100496,Mei Calder,101122,Gamma,,,,,,,New,SKU-4041,SKU-7811,101234,Delta,,,,Toronto,100643,,,Standard,100047,,,,,,,,,,101361,,,100445,Voluntary,100386,,Exceeded,,United States,100339,Placement,,,REF-9151,105485,,,Delta,,,100683,
100753,Placement,107088,riley.mercer@demomail.test,Arjun Vance,2023-02-25 10:43:00,alex.reyes@sampleco.test,Marco Mercer,2024-12-07 03:57:00,diego.nguyen@demomail.test,Jamie Reyes,2023-10-06 21:33:00,,,,N,Sofia Patel,101122,Horizon Labs Group,Operations,Taylor Larsson,QA Engineer,2024-11-16,,Active - Placed,100466,100224,100770,Operations,100224,SKU-2210,6735,Beta,1348,80,4245,Gamma,Delta,100277,,QA Engineer Placement,,100220,"12,103",Yes,reese.cohen@examplecorp.test,*NONE,100596,Emerson Cohen,101631,Beta,,100023,,,,,New,TAG-2345,TAG-6068,101510,Beta,,,,London,100149,,,Gamma,100509,,,,,,,,,,101743,,,100686,,100172,Y,,,Mexico,,Placement,,,LOT-4743,105813,,,Delta,,,100753,
100737,Placement,107089,yara.haddad@demomail.test,Rowan Ford,2024-05-28 11:23:00,jamie.ivanov@sampleco.test,Casey Whitfield,2026-02-14 11:44:00,reese.whitfield@examplecorp.test,Alex Haddad,2023-02-21 20:58:00,,,,Y,Taylor Mercer,101327,Beacon Systems Inc,Marketing,Avery Sloan,HR Generalist,2026-05-06,2026-07-15,Inactive,100361,100077,100322,Marketing,100441,TAG-2779,4077,Alpha,7697,6694,2394,Other,Delta,100421,,HR Generalist Placement,,,"16,325",Yes,priya.mercer@acme-fake.test,*NONE,100210,Yara Mercer,101341,Delta,,100504,,,,,New,SKU-2351,LOT-2754,100870,Delta,,,,London,100062,,,Other,100555,,,,,,,,,,101791,,Unmet Expectations,100420,Involuntary,,Y,,Resolved the outstanding question about scope.,Mexico,,Direct Hire,100726,,TAG-5974,105583,,,Beta,,,,
100165,Placement,107091,noah.sato@demomail.test,Fatima Whitfield,2026-02-04 18:28:00,morgan.kim@sampleco.test,Elena Ashby,2024-12-31 22:11:00,mei.mensah@acme-fake.test,Avery Ford,2024-04-09 12:45:00,,,,N,Casey Brooks,101044,Keystone Energy Corp,Human Resources,Quinn Nguyen,Customer Success Manager,2025-12-08,2026-06-27,Inactive - Terminated,,100669,100507,Human Resources,100634,LOT-1977,3712,Beta,7142,7508,4608,Other,Alpha,100596,,Customer Success Manager Placement,,,"3,368",Yes,emerson.ford@examplecorp.test,*NONE,,Riley Garcia,101458,Standard,,100457,,,"4,720",,New,LOT-9033,,101228,Delta,,,,Manila,100244,,,Alpha,100014,,,,,,,,,,101621,,,100741,,100250,Y,Met Expectations,Resolved the outstanding question about scope.,Philippines,,Placement,100460,,REF-1897,105463,,,Gamma,,,,
100350,Placement,107093,emerson.cohen@sampleco.test,Alex Whitfield,2026-06-02 05:47:00,riley.whitfield@acme-fake.test,Taylor Ford,2026-07-13 17:36:00,avery.whitfield@acme-fake.test,Taylor Blake,2023-03-06 04:26:00,,,,Y,Jamie Ashby,101614,Cobalt Analytics,Sales,Liam Brooks,Recruiter,2025-01-20,2026-07-21,Inactive,,100779,100661,Sales,100043,LOT-6077,7610,Gamma,1709,2119,9714,Standard,Alpha,100733,,Recruiter Placement,,,"8,106",Yes,mei.dorsey@sampleco.test,*NONE,100559,Rowan Ford,100857,Other,,100507,,,"3,146",,New,REF-3403,,101466,Standard,,,,Toronto,100558,,,Delta,100205,,,,,,,,,,101776,,Unmet Expectations,100487,Voluntary,100466,N,Exceeded,Discussed timeline and next steps with the account.,Mexico,,Placement,,,LOT-1893,105178,,,Other,,,,
100414,Placement,107096,noah.calder@demomail.test,Chen Dorsey,2025-08-22 01:23:00,riley.blake@examplecorp.test,Jordan Sato,2024-03-29 10:49:00,priya.nguyen@acme-fake.test,Jamie Blake,2023-01-11 02:15:00,,,,N,Rahul Rossi,101254,Delta Systems Inc,Sales,Jamie Patel,Bookkeeper,2025-08-21,2026-07-30,Inactive,,100307,100579,Sales,,REF-9536,4691,Standard,6480,1179,8940,Gamma,Gamma,100688,,Bookkeeper Placement,,,"4,695",Yes,taylor.haddad@demomail.test,Vertex Capital Group,,Chen Brooks,101748,Delta,,,,,742,,New,LOT-3013,REF-1249,101616,Beta,,,,Mumbai,100236,,,Delta,100487,,,,,,,,,,101553,,Converted to Direct Hire,100554,,100153,N,,Noted a concern to revisit at the next sync.,Canada,,Backfill,100522,,TAG-9004,105813,,,Gamma,,,,
100178,Placement,107098,taylor.okafor@examplecorp.test,Diego Patel,2025-03-17 14:39:00,mei.haddad@acme-fake.test,Fatima Mensah,2023-09-12 05:10:00,quinn.garcia@demomail.test,Aisha Sato,2025-12-15 04:11:00,,,,N,Fatima Mercer,101472,Delta Energy Corp,Customer Support,Nina Blake,QA Engineer,2023-05-30,,Active - Placed,100699,100269,100713,Customer Support,100579,SKU-1668,7900,Other,8932,4729,2285,Alpha,Delta,100651,,QA Engineer Placement,,,"11,739",Yes,morgan.reyes@demomail.test,*NONE,,Mei Patel,101171,Other,,100242,,,"2,156",,New,LOT-2674,LOT-9076,101763,Gamma,,,,Austin,100555,,,Beta,100281,,,,,,,,,,101218,,,100407,Involuntary,100137,Y,Exceeded,,Germany,100404,Placement,,,SKU-4680,105367,,,Standard,,,100434,
100137,Placement,107099,chen.silva@demomail.test,Aisha Ivanov,2023-02-25 12:41:00,jamie.silva@examplecorp.test,Noah Sloan,2025-07-05 03:12:00,taylor.larsson@acme-fake.test,Elena Kim,2025-03-31 10:13:00,,,,Y,Chen Kim,101658,Everest Retail Ltd,Data & Analytics,Drew Silva,HR Generalist,2025-08-14,,Active - Placed,,100062,100421,Data & Analytics,100576,SKU-1151,4956,Alpha,6552,9523,1779,Other,Delta,100627,,HR Generalist Placement,,100552,"6,592",No,mei.okafor@demomail.test,*NONE,100542,Jamie Whitfield,101541,Beta,,,,,"4,785",,New,REF-1761,SKU-3359,101448,Standard,,,,Phoenix,100335,,,Standard,100745,,,,,,,,,,101538,,,100713,Voluntary,100215,,Met Expectations,,India,100611,Direct Hire,,,SKU-7439,106375,,,Delta,,,,
100454,Placement,107100,skyler.brooks@demomail.test,Omar Dorsey,2024-06-27 06:29:00,yara.blake@examplecorp.test,Reese Ford,2026-07-07 12:03:00,fatima.calder@demomail.test,Omar Silva,2024-12-18 12:11:00,,,,Y,Mei Reyes,101292,Beacon Foods LLC,Software Engineering,Noah Calder,Marketing Coordinator,2025-09-04,,Active - Terminated,100194,100446,100082,Software Engineering,100667,TAG-9861,6523,Gamma,4722,5274,1992,Delta,Delta,100155,,Marketing Coordinator Placement,,,"5,227",Yes,rowan.whitfield@acme-fake.test,Granite Media Corp,100658,Emerson Brooks,101641,Beta,,100415,"1,021",,769,,New,SKU-5318,REF-4001,101101,Gamma,,,,Chicago,100115,,,Standard,100252,,,,,,,,,,101773,,,100585,Involuntary,100785,N,Exceeded,,Germany,100269,Direct Hire,100672,,REF-2478,105346,,,Gamma,,,,
100461,Placement,107103,fatima.dorsey@demomail.test,Fatima Costa,2024-05-18 04:55:00,arjun.nguyen@sampleco.test,Morgan Calder,2025-07-17 11:45:00,liam.nguyen@demomail.test,Riley Costa,2025-01-06 23:36:00,,,,N,Drew Blake,101185,Harbor Energy LLP,Operations,Drew Dorsey,Financial Analyst,2024-12-23,,Active - Placed,100026,100694,100022,Operations,,TAG-7054,6098,Other,6598,3263,4672,Beta,Other,100288,,Financial Analyst Placement,,100236,,No,nina.rossi@sampleco.test,*NONE,,Jamie Vance,101195,Delta,,100058,,,,,Backfill,REF-9322,,101090,Delta,,,,Seattle,100021,,,Delta,100236,,,,,,,,,,101200,,,100475,Involuntary,100495,Y,Met Expectations,,Canada,100441,Placement,100635,,TAG-4759,105078,,,Alpha,,,100786,
100495,Placement,107106,avery.whitfield@examplecorp.test,Morgan Kim,2025-02-13 02:44:00,arjun.silva@examplecorp.test,Liam Ford,2024-09-19 17:42:00,elena.sloan@acme-fake.test,Morgan Blake,2024-01-13 01:36:00,,,,N,Aisha Ivanov,101682,Harbor Media Co,Operations,Alex Silva,Software Developer,2024-05-13,,Active - Placed,,100771,100632,Operations,,LOT-6977,4818,Standard,5459,3820,8808,Alpha,Delta,100340,,Software Developer Placement,,100123,,Yes,aisha.mercer@demomail.test,*NONE,100275,Marco Larsson,100942,Alpha,,,,,191,,New,LOT-5365,LOT-3303,100856,Gamma,8301,,,Dallas,100429,,,Delta,100350,,,,,,,,,,101490,,,100632,Voluntary,100348,Y,Below,,Philippines,100372,Placement,,,LOT-5699,106492,,,Alpha,,,100062,
100678,Placement,107107,jordan.sato@sampleco.test,Elena Sloan,2025-04-05 08:52:00,quinn.larsson@acme-fake.test,Yara Kim,2023-07-09 09:05:00,diego.blake@sampleco.test,Jamie Okafor,2024-07-13 20:54:00,,,,Y,Arjun Kim,100820,Falcon Industries,Marketing,Aisha Sato,Financial Analyst,2023-06-12,,Active - Placed,100732,100412,100691,Marketing,,LOT-9007,7801,Beta,7011,9159,9793,Delta,Standard,100572,,Financial Analyst Placement,,,"7,054",No,elena.mensah@examplecorp.test,*NONE,100307,Aisha Mercer,101371,Alpha,,,,,,,Backfill,REF-3004,,101276,Delta,,,,Bengaluru,100665,,,Gamma,100183,,,,,,,,,,101657,,,100125,,100500,N,,,United States,,Placement,,,SKU-2459,105234,,,Standard,,,100340,
100471,Placement,107109,elena.costa@demomail.test,Arjun Garcia,2025-05-27 22:34:00,nina.sloan@examplecorp.test,Avery Mercer,2025-06-02 02:54:00,emerson.dorsey@sampleco.test,Riley Blake,2023-12-18 07:44:00,,,,N,Drew Silva,100873,Lakeside Dynamics LLC,Operations,Priya Mensah,Project Manager,2023-12-17,2026-06-05,Inactive,100053,100522,100204,Operations,100016,SKU-7529,8458,Delta,2889,4524,1896,Alpha,Standard,100582,,Project Manager Placement,,,"5,594",No,nina.haddad@sampleco.test,*NONE,,Rowan Cohen,100870,Alpha,,,356,,"2,295",,New,REF-3116,,101669,Standard,5959,,,Austin,100087,,,Alpha,100596,,,,,,,,,,101701,,Performance,100498,Involuntary,100071,Y,Exceeded,Resolved the outstanding question about scope.,India,100320,Placement,,,TAG-5106,106539,,,Beta,,,100183,
100791,Placement,107112,omar.mensah@acme-fake.test,Liam Cohen,2026-04-01 10:01:00,alex.whitfield@demomail.test,Reese Sloan,2024-04-24 04:37:00,noah.brooks@acme-fake.test,Drew Brooks,2024-09-12 16:31:00,,,,N,Mei Garcia,101087,Horizon Manufacturing LLP,Data & Analytics,Jordan Silva,Bookkeeper,2024-11-11,,Active - Placed,100236,100362,100686,Data & Analytics,,TAG-1757,7513,Gamma,1726,3863,3839,Alpha,Delta,100434,,Bookkeeper Placement,,100590,"2,974",No,mei.ivanov@acme-fake.test,Brightpath Foods LLP,100226,Quinn Silva,100984,Delta,,100434,,,"3,176",,Backfill,TAG-3730,,101051,Alpha,,,,Mumbai,100172,,,Gamma,100275,,,,,,,,,,101706,,,100697,Involuntary,100042,N,,,India,100065,Placement,,,LOT-5553,106120,,,Beta,,,,
100199,Placement,107114,liam.costa@sampleco.test,Skyler Ivanov,2024-11-30 03:07:00,diego.ashby@demomail.test,Quinn Mercer,2026-02-13 10:24:00,taylor.rossi@examplecorp.test,Priya Larsson,2023-11-07 09:54:00,,,,N,Yara Nguyen,101505,Silverline Textiles Corp,Finance,Arjun Mensah,Payroll Specialist,2025-02-23,2026-07-15,Inactive,,100559,100418,Finance,100271,REF-4953,1487,Alpha,9826,2583,3046,Beta,Gamma,100278,,Payroll Specialist Placement,,,"2,669",Yes,chen.calder@sampleco.test,*NONE,100606,Jamie Mercer,101658,Gamma,,,,,,,New,TAG-9763,,101296,Standard,,,,Austin,100476,,,Beta,100660,,,,,,,,,,101528,,Project Ended,100688,,100281,,,Resolved the outstanding question about scope.,Philippines,100220,Backfill,100418,,REF-5814,105377,,,Beta,,,100672,
100669,Placement,107117,fatima.haddad@demomail.test,Priya Ford,2025-11-24 19:03:00,mei.garcia@acme-fake.test,Casey Ashby,2022-10-10 15:31:00,riley.ashby@sampleco.test,Reese Calder,2025-01-06 08:02:00,,,,Y,Rahul Cohen,101231,Silverline Textiles Group,Marketing,Alex Sloan,Software Developer,2024-12-20,,Active - Placed,100569,100125,100165,Marketing,100214,SKU-5802,113,Standard,7600,9608,9828,Other,Gamma,100065,,Software Developer Placement,,100471,,No,sofia.ashby@demomail.test,*NONE,100157,Mei Silva,101684,Standard,,100012,,,,,Backfill,REF-5653,TAG-6714,101507,Standard,,,,Atlanta,100399,,,Standard,100460,,,,,,,,,,101758,,,100328,Voluntary,100468,Y,Below,,Germany,100481,Placement,,,SKU-3676,106224,,,Standard,,,100300,
100348,Placement,107119,alex.mensah@sampleco.test,Alex Okafor,2026-03-18 01:49:00,casey.reyes@demomail.test,Arjun Patel,2024-07-25 00:11:00,mei.sloan@acme-fake.test,Mei Garcia,2025-12-17 06:15:00,,,,Y,Chen Garcia,101215,Beacon Financial Inc,Sales,Diego Dorsey,Support Specialist,2023-05-20,2026-06-22,Inactive - Terminated,100680,100762,100747,Sales,100365,TAG-7381,274,Gamma,5735,7167,5321,Beta,Other,100599,,Support Specialist Placement,,100582,"6,737",No,avery.ashby@demomail.test,*NONE,100071,Liam Okafor,101264,Delta,,100732,,,,,New,SKU-9308,SKU-8391,100920,Other,8241,,,London,100325,,,Standard,100182,,,,,,,,,,101721,,Converted to Direct Hire,100648,Voluntary,100548,N,Below,Discussed timeline and next steps with the account.,Philippines,,Trial,,,REF-1861,106387,,,Beta,,,100269,
100137,Placement,107120,arjun.sloan@demomail.test,Avery Vance,2026-06-04 18:12:00,rowan.haddad@demomail.test,Fatima Ashby,2025-03-30 21:28:00,taylor.ashby@demomail.test,Morgan Whitfield,2023-02-06 07:14:00,,,,Y,Sofia Blake,101791,Redwood Dynamics Co,Software Engineering,Chen Reyes,Bookkeeper,2024-05-11,,Active - Terminated,,100296,100572,Software Engineering,100130,REF-8108,8784,Standard,1624,3136,6593,Alpha,Standard,100735,,Bookkeeper Placement,,100665,"5,784",Yes,diego.ashby@acme-fake.test,*NONE,,Aisha Rossi,101398,Other,,100065,,,292,,New,LOT-1177,TAG-6818,101636,Delta,,,,Austin,100446,,,Alpha,100616,,,,,,,,,,100876,,,,Voluntary,100678,Y,Met Expectations,,Mexico,,Bench,100022,,LOT-7557,105782,,,Alpha,,,100639,
100058,Placement,107123,quinn.okafor@acme-fake.test,Sofia Sloan,2024-11-04 05:32:00,quinn.reyes@demomail.test,Emerson Blake,2023-03-24 18:37:00,jamie.vance@demomail.test,Aisha Patel,2024-07-06 03:50:00,,,,Y,Fatima Ivanov,100879,Vertex Media Inc,Finance,Noah Haddad,Data Analyst,2024-05-17,,Active - Placed,100380,100439,100758,Finance,100315,TAG-5547,6014,Beta,7007,7011,3594,Standard,Beta,100647,,Data Analyst Placement,,100672,"16,676",No,drew.ivanov@demomail.test,*NONE,,Marco Patel,101160,Gamma,,,,,,,New,TAG-3684,,101440,Gamma,,,,Toronto,100305,,,Other,100441,,,,,,,,,,101449,,,100246,Involuntary,100454,N,,,Canada,100343,Bench,,,SKU-9225,105178,,,Standard,,,100466,
100751,Placement,107126,arjun.whitfield@examplecorp.test,Liam Mensah,2024-04-25 19:22:00,jordan.dorsey@sampleco.test,Drew Dorsey,2025-11-28 02:13:00,drew.cohen@examplecorp.test,Skyler Vance,2023-06-09 00:02:00,,,,Y,Fatima Larsson,101272,Keystone Labs LLC,Sales,Sofia Sato,Bookkeeper,2023-08-10,2026-07-03,Inactive,,100465,100103,Sales,100680,REF-4180,2025,Gamma,736,184,9823,Beta,Delta,100055,,Bookkeeper Placement,,100224,"7,935",No,reese.rossi@sampleco.test,*NONE,,Reese Ford,101537,Beta,,100188,,,,,New,SKU-4697,REF-4102,101282,Beta,4456,,,London,100335,,,Standard,100035,,,,,,,,,,101409,,Performance,100286,Voluntary,,N,Below,Shared the updated proposal for review.,Germany,,Trial,100664,,TAG-3112,106620,,,Alpha,,,,
100260,Placement,107127,aisha.ashby@sampleco.test,Emerson Ashby,2023-04-16 13:22:00,nina.kim@examplecorp.test,Chen Costa,2023-07-12 00:14:00,chen.blake@demomail.test,Elena Patel,2025-01-09 02:55:00,,,,Y,Drew Costa,101133,Beacon Logistics Group,Sales,Emerson Ford,Operations Associate,2026-04-21,,Active - Placed,100145,100717,100173,Sales,100648,SKU-7475,3981,Alpha,9122,9084,3786,Alpha,Beta,100120,,Operations Associate Placement,,100420,"6,844",Yes,casey.silva@demomail.test,*NONE,100647,Jordan Larsson,101678,Gamma,,100568,572,,"2,134",,New,LOT-8282,SKU-8542,101304,Other,,,,Seattle,100173,,,Alpha,100125,,,,,,,,,,101274,,,100652,,100026,Y,Below,,Canada,,Placement,,,SKU-9857,106244,,,Other,,,100496,
100528,Placement,107128,jamie.larsson@acme-fake.test,Diego Brooks,2024-08-18 02:31:00,taylor.ivanov@examplecorp.test,Arjun Garcia,2024-12-24 17:36:00,omar.kim@demomail.test,Omar Haddad,2025-08-10 00:25:00,,,,N,Reese Vance,101180,Silverline Group Group,Human Resources,Emerson Brooks,Software Developer,2026-03-22,,Active - Placed,100673,100021,100590,Human Resources,,SKU-3338,5701,Alpha,1622,4883,4220,Beta,Alpha,100745,,Software Developer Placement,,,"13,983",No,taylor.mensah@examplecorp.test,*NONE,100525,Yara Ford,101290,Gamma,,,,,,,Backfill,TAG-3529,,101182,Alpha,,,,Bengaluru,100423,,,Delta,100061,,,,,,,,,,100815,,,100439,Voluntary,100550,Y,,,Philippines,,Placement,100785,,REF-6892,105024,,,Delta,,,100229,
100494,Placement,107129,priya.blake@examplecorp.test,Elena Brooks,2024-01-21 03:29:00,nina.larsson@sampleco.test,Mei Brooks,2025-09-17 09:01:00,marco.mensah@examplecorp.test,Morgan Dorsey,2024-08-27 01:47:00,,,,N,Riley Sloan,101302,Horizon Energy Ltd,Recruiting,Yara Rossi,Accountant,2025-10-07,,Active - Placed,100400,100509,100446,Recruiting,,REF-7707,6984,Gamma,4322,8590,8078,Delta,Gamma,100726,,Accountant Placement,,100366,"8,610",Yes,nina.larsson@examplecorp.test,*NONE,100713,Omar Sato,101469,Gamma,,100355,,,,,Backfill,SKU-9287,REF-2853,100966,Gamma,,,,London,100656,,,Standard,100564,,,,,,,,,,100857,,,100423,Voluntary,100733,Y,Met Expectations,,Philippines,100678,Placement,100109,,TAG-5495,106569,,,Delta,,,100770,
100343,Placement,107132,riley.garcia@demomail.test,Omar Vance,2026-05-12 09:17:00,noah.patel@examplecorp.test,Aisha Kim,2024-09-15 09:01:00,aisha.garcia@sampleco.test,Casey Kim,2023-10-06 15:05:00,,,,N,Aisha Mensah,101542,Falcon Health Group,Recruiting,Fatima Haddad,Accountant,2023-06-01,,Active - Terminated,,100079,100604,Recruiting,,TAG-2222,7190,Alpha,5772,4141,3467,Alpha,Standard,100174,,Accountant Placement,,,"8,680",No,yara.kim@sampleco.test,*NONE,,Mei Ivanov,101461,Delta,,,,,,,New,LOT-3336,SKU-5293,100915,Delta,,,,Mumbai,100139,,,Alpha,100525,,,,,,,,,,101752,,,100635,,100718,N,Met Expectations,,Canada,100771,Placement,100743,,LOT-7206,105428,,,Other,,,100369,
100542,Placement,107133,jordan.vance@acme-fake.test,Reese Reyes,2025-04-14 09:50:00,morgan.dorsey@acme-fake.test,Quinn Costa,2024-09-11 21:21:00,alex.silva@sampleco.test,Alex Sato,2024-08-05 08:12:00,,,,Y,Avery Ivanov,100834,Silverline Group Group,Operations,Yara Brooks,Accountant,2026-01-04,,Active - Placed,,100694,100386,Operations,100305,REF-5643,4798,Other,7142,9133,4885,Alpha,Beta,100357,,Accountant Placement,,100224,"15,790",No,aisha.rossi@examplecorp.test,*NONE,,Avery Reyes,101454,Standard,,100683,953,,,,New,SKU-3429,SKU-3309,101070,Standard,,,,Austin,100295,,,Delta,100275,,,,,,,,,,101625,,,100634,Voluntary,100691,Y,Below,,United Kingdom,,Placement,,,LOT-2457,105245,,,Other,,,,
100504,Placement,107135,quinn.ford@demomail.test,Aisha Sato,2024-03-05 01:31:00,morgan.mercer@sampleco.test,Quinn Mensah,2026-03-22 19:25:00,taylor.haddad@acme-fake.test,Riley Okafor,2023-07-30 07:57:00,,,,N,Arjun Nguyen,101477,Northwind Capital LLP,Finance,Jordan Garcia,Software Developer,2026-02-20,,Active - Placed,,100311,100790,Finance,,SKU-9372,5553,Gamma,4624,5432,8984,Alpha,Standard,100490,,Software Developer Placement,,100343,"5,621",No,yara.reyes@demomail.test,*NONE,100203,Sofia Whitfield,101311,Alpha,,100438,,,,,New,TAG-2830,LOT-8377,101256,Beta,,,,London,100689,,,Gamma,100622,,,,,,,,,,101490,,,100043,Voluntary,,N,Exceeded,,Australia,,Bench,100257,,REF-3040,105763,,,Gamma,,,,
100550,Placement,107138,yara.dorsey@examplecorp.test,Quinn Calder,2024-06-29 05:30:00,avery.ivanov@examplecorp.test,Chen Patel,2022-10-09 06:07:00,fatima.cohen@acme-fake.test,Taylor Okafor,2023-12-29 20:55:00,,,,N,Quinn Whitfield,101322,Horizon Dynamics,Sales,Jamie Reyes,Customer Success Manager,2023-09-08,2026-07-09,Inactive - Terminated,,100487,100638,Sales,,TAG-9412,2797,Other,1797,8353,2817,Other,Beta,100640,,Customer Success Manager Placement,,,"17,696",Yes,fatima.patel@examplecorp.test,*NONE,100574,Elena Silva,101529,Standard,,,,,"4,650",,New,LOT-5868,REF-6369,101296,Other,,,,Mumbai,100256,,,Alpha,100714,,,,,,,,,,101483,,Unmet Expectations,100475,,100673,N,Below,Discussed timeline and next steps with the account.,India,,Bench,,,REF-8052,106455,,,Beta,,,100204,
100372,Placement,107139,mei.mensah@demomail.test,Omar Brooks,2025-05-11 19:59:00,rahul.larsson@sampleco.test,Avery Okafor,2024-03-06 14:35:00,rowan.sloan@examplecorp.test,Fatima Vance,2023-03-22 12:35:00,,,,N,Taylor Cohen,101293,Keystone Dynamics Corp,Marketing,Jamie Okafor,Recruiter,2024-03-05,,Active - Placed,100442,100026,100550,Marketing,100361,REF-4751,2429,Delta,6751,13,1352,Alpha,Other,100650,,Recruiter Placement,,100247,"2,238",No,taylor.nguyen@sampleco.test,*NONE,100325,Arjun Larsson,101656,Gamma,,100278,,,"2,394",,New,REF-8050,SKU-1487,101197,Alpha,,,,Phoenix,100193,,,Alpha,100322,,,,,,,,,,101070,,,100349,Involuntary,100467,N,Exceeded,,Philippines,100087,Placement,100776,,REF-1215,106388,,,Other,,,100759,
100775,Placement,107141,mei.blake@sampleco.test,Emerson Ivanov,2022-11-28 07:55:00,chen.vance@examplecorp.test,Taylor Haddad,2023-03-22 18:51:00,rahul.ford@examplecorp.test,Rowan Vance,2025-05-26 16:23:00,,,,N,Morgan Mensah,100928,Summit Analytics,Customer Support,Drew Whitfield,HR Generalist,2023-08-10,,Active - Placed,,100465,100762,Customer Support,100532,SKU-5874,922,Other,4725,1888,4607,Beta,Beta,100468,,HR Generalist Placement,,100442,"14,935",Yes,drew.okafor@acme-fake.test,*NONE,100071,Rahul Sloan,101757,Delta,,100779,,,,,Backfill,TAG-1148,REF-7959,100940,Gamma,,Alpha,,Mumbai,100650,,,Standard,100092,,,,,,,,,,101748,,,100046,,100007,Y,Exceeded,,United Kingdom,100726,Trial,100554,,SKU-4660,106535,,,Standard,,,100500,
100487,Placement,107143,taylor.haddad@acme-fake.test,Casey Larsson,2024-06-08 15:43:00,priya.haddad@acme-fake.test,Diego Costa,2026-04-18 18:25:00,taylor.kim@examplecorp.test,Liam Brooks,2024-06-05 01:49:00,,,,N,Avery Calder,101491,Pioneer Analytics Group,Recruiting,Quinn Brooks,Data Analyst,2025-03-27,2026-07-30,Inactive,100747,100357,100552,Recruiting,100386,TAG-7489,8452,Delta,8011,7976,3448,Delta,Other,100277,,Data Analyst Placement,,100717,"5,214",Yes,priya.cohen@demomail.test,*NONE,100033,Yara Mercer,101371,Alpha,,,,,,,New,LOT-7355,REF-8978,101133,Beta,,Gamma,,Atlanta,100118,,,Beta,100590,,,,,,,,,,100893,,Performance,100445,,100441,N,,Followed up on the open items from last week.,Mexico,100260,Placement,,,SKU-5682,105379,,,Alpha,,,100162,
100021,Placement,107144,rahul.reyes@acme-fake.test,Arjun Calder,2024-07-15 02:09:00,taylor.dorsey@sampleco.test,Riley Ashby,2025-12-12 18:24:00,quinn.reyes@acme-fake.test,Riley Mensah,2023-08-26 07:10:00,,,,N,Arjun Kim,100909,Brightpath Analytics Ltd,Marketing,Avery Whitfield,Support Specialist,2023-09-07,,Active - Placed,100047,100284,100118,Marketing,,LOT-4753,5602,Beta,2100,3066,5039,Standard,Gamma,100193,,Support Specialist Placement,,100019,"11,681",No,arjun.silva@examplecorp.test,Copper Networks,100496,Sofia Vance,101420,Standard,,100169,,,,,New,REF-1945,,100843,Delta,,,,Denver,100611,,,Standard,100303,,,,,,,,,,101694,,,100568,Voluntary,100177,Y,Met Expectations,,Canada,100267,Bench,,,LOT-1562,105264,,,Gamma,,,100033,
100694,Placement,107147,riley.larsson@acme-fake.test,Jordan Reyes,2026-03-26 11:52:00,sofia.ivanov@acme-fake.test,Nina Okafor,2023-06-11 00:50:00,reese.mercer@examplecorp.test,Omar Costa,2025-04-22 20:59:00,,,,Y,Marco Silva,101000,Brightpath Financial,Recruiting,Elena Ivanov,Support Specialist,2026-03-26,2026-07-25,Inactive - Terminated,100717,100371,100211,Recruiting,,TAG-5460,2584,Delta,3425,5062,3923,Gamma,Gamma,100445,,Support Specialist Placement,,100393,"3,847",Yes,taylor.mensah@examplecorp.test,*NONE,100634,Aisha Brooks,101079,Beta,,,"1,420",,,,New,SKU-9189,TAG-7669,101687,Standard,,,,Toronto,100514,,,Gamma,100759,,,,,,,,,,101102,,Performance,100231,Involuntary,100046,N,Below,Resolved the outstanding question about scope.,United States,100383,Placement,,,REF-1905,105193,,,Standard,,,100601,
100281,Placement,107150,taylor.vance@sampleco.test,Quinn Cohen,2023-02-03 09:47:00,skyler.costa@sampleco.test,Nina Kim,2024-05-25 02:12:00,morgan.dorsey@acme-fake.test,Skyler Rossi,2025-08-29 21:17:00,,,,N,Skyler Sloan,100896,Blue Ridge Capital LLP,Recruiting,Emerson Mercer,Data Analyst,2025-01-15,,Active - Placed,,100415,100386,Recruiting,100640,LOT-8106,7390,Gamma,6888,6647,3024,Delta,Alpha,100155,,Data Analyst Placement,,,"16,619",No,jamie.mensah@examplecorp.test,*NONE,,Mei Cohen,101216,Gamma,,,,,"2,373",,New,TAG-4658,SKU-3529,101383,Gamma,,,,Toronto,100596,,,Delta,100552,,,,,,,,,,101151,,,100181,,100155,N,Below,,Germany,100076,Bench,,,TAG-2173,105180,,,Alpha,,,100019,
100650,Placement,107151,chen.mensah@acme-fake.test,Jamie Sloan,2025-04-27 02:40:00,casey.garcia@sampleco.test,Diego Mercer,2023-09-08 10:27:00,casey.nguyen@demomail.test,Avery Sato,2025-01-20 10:41:00,,,,Y,Aisha Cohen,101228,Granite Holdings LLP,Marketing,Rahul Kim,Bookkeeper,2024-08-10,,Active - Placed,100257,100149,100061,Marketing,100578,SKU-3858,8562,Standard,4218,968,6683,Standard,Other,100026,,Bookkeeper Placement,,,"15,924",No,yara.okafor@sampleco.test,Horizon Health Inc,100694,Taylor Sloan,101404,Standard,,100281,,,,,New,TAG-3554,,101361,Other,,,,Toronto,100220,,,Beta,100449,,,,,,,,,,100978,,,100244,Involuntary,,N,Exceeded,,Canada,100758,Trial,100613,,REF-2215,105033,,,Gamma,,,,
100606,Placement,107153,elena.kim@acme-fake.test,Jamie Haddad,2025-11-22 12:44:00,elena.cohen@demomail.test,Aisha Ford,2023-03-07 16:30:00,rowan.blake@demomail.test,Noah Costa,2025-04-12 08:44:00,,,,N,Reese Rossi,101165,Cobalt Energy Corp,Software Engineering,Drew Ashby,Support Specialist,2024-05-15,,Active - Placed,100643,100098,100315,Software Engineering,100217,REF-7342,4950,Alpha,7719,5935,8054,Alpha,Alpha,100727,,Support Specialist Placement,,100152,"8,478",No,emerson.rossi@examplecorp.test,*NONE,100168,Reese Garcia,101739,Alpha,,100753,543,,"1,864",,Backfill,SKU-2368,TAG-6502,101110,Gamma,4743,,,Seattle,100756,,,Standard,100260,,,,,,,,,,101448,,,,Voluntary,100727,Y,Exceeded,,Australia,,Bench,100675,,SKU-1990,105003,,,Gamma,,,100454,
100741,Placement,107154,elena.calder@examplecorp.test,Jamie Cohen,2024-12-04 18:15:00,mei.mercer@acme-fake.test,Marco Calder,2024-08-30 00:13:00,casey.calder@sampleco.test,Rahul Calder,2023-02-10 02:59:00,,,,Y,Priya Ivanov,101694,Pioneer Solutions Corp,Human Resources,Chen Brooks,QA Engineer,2024-04-13,2026-07-31,Inactive,100369,100770,100737,Human Resources,,SKU-3620,7929,Delta,5238,2672,7190,Delta,Standard,100220,,QA Engineer Placement,,,"6,119",No,omar.ashby@demomail.test,*NONE,,Nina Calder,101073,Gamma,,100675,,,277,,New,REF-3717,LOT-7722,101175,Beta,,,,Mumbai,100014,,,Gamma,100771,,,,,,,,,,101121,,Performance,100343,Involuntary,100500,N,Below,Scheduled a check-in for the coming month.,Mexico,,Placement,,,REF-6164,104964,,,Delta,,,100436,
100320,Placement,107157,omar.rossi@examplecorp.test,Diego Costa,2024-11-22 06:20:00,jamie.sloan@sampleco.test,Diego Ford,2023-11-09 12:16:00,chen.haddad@demomail.test,Fatima Reyes,2023-02-26 17:43:00,,,,Y,Mei Haddad,100960,Ironwood Logistics Co,Operations,Arjun Dorsey,HR Generalist,2026-05-03,,Active - Terminated,,100465,100460,Operations,,SKU-8842,4270,Gamma,7674,1126,3242,Beta,Alpha,100551,,HR Generalist Placement,,100043,"13,789",No,reese.cohen@examplecorp.test,*NONE,100672,Omar Rossi,101481,Standard,,,,,,,Backfill,LOT-4529,TAG-9551,101633,Gamma,,,,Denver,100651,,,Standard,100566,,,,,,,,,,101743,,,100079,Voluntary,100028,Y,Below,,United States,100401,Direct Hire,100425,,REF-2404,104980,,,Alpha,,,,
100732,Placement,107159,omar.larsson@acme-fake.test,Marco Patel,2026-02-13 23:14:00,mei.nguyen@acme-fake.test,Nina Rossi,2025-09-28 16:09:00,arjun.garcia@acme-fake.test,Riley Nguyen,2025-01-27 22:02:00,,,,N,Omar Mercer,101604,Evergreen Systems LLP,Customer Support,Nina Blake,HR Generalist,2024-10-24,2026-07-24,Inactive - Terminated,,100458,100697,Customer Support,,TAG-8596,7047,Delta,4129,604,9730,Other,Alpha,100428,,HR Generalist Placement,,,"12,064",No,jordan.rossi@sampleco.test,*NONE,,Skyler Nguyen,101268,Other,,,,,,,New,SKU-1293,,101767,Standard,,,,Seattle,100152,,,Beta,100540,,,,,,,,,,101325,,Unmet Expectations,100399,,100172,Y,Exceeded,Aligned on billing and renewal terms.,Philippines,100168,Trial,100378,,TAG-7879,106119,,,Delta,,,,
100568,Placement,107160,rahul.silva@examplecorp.test,Avery Sato,2022-11-17 18:33:00,alex.larsson@demomail.test,Priya Garcia,2024-08-20 16:09:00,rahul.silva@demomail.test,Omar Mercer,2023-11-11 06:05:00,,,,N,Nina Ford,101211,Brightpath Foods Ltd,Software Engineering,Liam Whitfield,Software Developer,2023-11-04,,Active - Placed,,100697,100054,Software Engineering,100335,SKU-2191,7822,Gamma,396,6849,6446,Beta,Other,100211,,Software Developer Placement,,100355,"2,491",Yes,fatima.larsson@acme-fake.test,Granite Industries LLC,,Rowan Blake,101118,Delta,,100467,,,,,Backfill,TAG-2469,REF-2364,101630,Other,8967,,,Atlanta,100046,,,Beta,100428,,,,,,,,,,101414,,,100608,,100031,N,Exceeded,,Australia,100182,Backfill,,,SKU-3657,106602,,,Other,,,,
100522,Placement,107163,marco.calder@examplecorp.test,Skyler Mercer,2025-10-24 22:23:00,sofia.nguyen@demomail.test,Aisha Costa,2026-01-13 20:22:00,taylor.larsson@demomail.test,Diego Costa,2026-06-26 15:46:00,,,,N,Quinn Blake,100843,Granite Partners LLC,Sales,Jordan Blake,Recruiter,2026-01-11,,Active - Placed,,100634,100257,Sales,100317,LOT-3933,4628,Standard,2715,5574,5505,Gamma,Beta,100278,,Recruiter Placement,,100593,"7,804",No,drew.ashby@acme-fake.test,Northwind Textiles LLP,100286,Yara Patel,101153,Other,,,,,"3,763",,Backfill,LOT-5178,TAG-2744,101156,Delta,,,,Denver,100355,,,Beta,100050,,,,,,,,,,100884,,,100514,,100640,N,Below,,Philippines,,Backfill,100357,,TAG-8636,105452,,,Other,,,100519,
100046,Placement,107166,fatima.okafor@demomail.test,Marco Mensah,2023-06-10 05:36:00,chen.reyes@demomail.test,Priya Garcia,2023-02-21 04:24:00,noah.brooks@demomail.test,Diego Blake,2025-07-09 17:58:00,,,,N,Chen Blake,101538,Evergreen Group LLC,Customer Support,Fatima Sloan,Project Manager,2023-11-22,,Active - Placed,100340,100054,100697,Customer Support,100555,REF-4521,2187,Standard,2993,1275,2545,Beta,Other,100697,,Project Manager Placement,,100743,"4,176",No,nina.sato@acme-fake.test,*NONE,100233,Quinn Calder,101243,Alpha,,100466,,,"1,495",,New,TAG-9990,REF-7373,101561,Beta,,,,Phoenix,100776,,,Delta,100185,,,,,,,,,,101565,,,,,100050,Y,,,Canada,100009,Placement,100472,,REF-1108,105781,,,Gamma,,,100525,
100123,Placement,107169,quinn.mercer@examplecorp.test,Liam Mercer,2023-12-15 20:13:00,quinn.whitfield@acme-fake.test,Diego Mensah,2024-09-11 07:44:00,drew.patel@acme-fake.test,Fatima Sato,2023-06-25 12:55:00,,,,Y,Avery Ashby,101787,Evergreen Group Inc,Recruiting,Elena Dorsey,QA Engineer,2024-03-21,2026-07-09,Inactive - Terminated,100578,100697,100403,Recruiting,100726,LOT-8192,5368,Gamma,5587,3610,8922,Standard,Gamma,100378,,QA Engineer Placement,,100498,"17,032",No,rahul.garcia@sampleco.test,Cobalt Systems Ltd,,Riley Ashby,100884,Delta,,,,,"2,187",,New,TAG-2352,REF-9163,100917,Standard,,,,Mumbai,100574,,,Alpha,100420,,,,,,,,,,101502,,Performance,100191,,100047,N,Below,Discussed timeline and next steps with the account.,Canada,,Placement,,,SKU-2500,105811,,,Other,,,100178,
100233,Placement,107171,nina.rossi@examplecorp.test,Sofia Dorsey,2024-09-06 19:46:00,casey.cohen@examplecorp.test,Arjun Whitfield,2023-12-23 09:03:00,morgan.garcia@acme-fake.test,Liam Ford,2023-05-08 19:42:00,,,,N,Alex Ashby,101767,Pioneer Manufacturing,Operations,Jordan Calder,Bookkeeper,2026-03-21,2026-06-21,Inactive - Terminated,100724,100558,100016,Operations,100428,SKU-4926,7336,Standard,3075,924,1076,Alpha,Delta,100516,,Bookkeeper Placement,,100371,"13,114",No,omar.sato@examplecorp.test,Meridian Financial Corp,100092,Arjun Larsson,101044,Beta,,,"1,573",,"2,081",,Backfill,REF-3751,,100926,Beta,837,,,Denver,100031,,,Alpha,100307,,,,,,,,,,101285,,Project Ended,100404,,100181,Y,Met Expectations,Scheduled a check-in for the coming month.,Philippines,100585,Placement,100640,,LOT-3973,106654,,,Alpha,,,,
100750,Placement,107173,marco.nguyen@demomail.test,Rahul Vance,2023-04-08 20:57:00,morgan.silva@examplecorp.test,Riley Haddad,2024-10-23 21:07:00,marco.ivanov@acme-fake.test,Taylor Okafor,2022-11-09 12:24:00,,,,N,Mei Mensah,101771,Harbor Holdings Ltd,Operations,Noah Sato,Recruiter,2025-09-22,2026-07-20,Inactive,,100128,100658,Operations,,REF-1787,473,Alpha,7407,2976,6617,Beta,Alpha,100622,,Recruiter Placement,,100139,"11,152",No,elena.mensah@demomail.test,*NONE,,Drew Sato,101505,Gamma,,,,,,,New,REF-7541,,101057,Gamma,,,,Manila,100361,,,Standard,100611,,,,,,,,,,101548,,Budget Cut,,Involuntary,100378,N,,Followed up on the open items from last week.,Germany,,Placement,,,TAG-9873,105339,,,Gamma,,,100476,
100315,Placement,107175,morgan.garcia@demomail.test,Avery Kim,2025-12-08 21:42:00,jordan.sloan@acme-fake.test,Skyler Ford,2022-12-09 08:12:00,sofia.sato@demomail.test,Emerson Patel,2022-12-18 23:12:00,,,,Y,Aisha Sato,101165,Blue Ridge Logistics Co,Human Resources,Rowan Whitfield,Operations Associate,2024-01-10,2026-07-23,Inactive,,100576,100019,Human Resources,100469,TAG-9179,1275,Gamma,394,6328,1282,Alpha,Gamma,100724,,Operations Associate Placement,,,,Yes,nina.calder@acme-fake.test,*NONE,100650,Sofia Ford,101057,Alpha,,100300,,,"4,869",,Backfill,REF-1049,LOT-9410,101017,Standard,,,,Seattle,100273,,,Beta,100288,,,,,,,,,,100997,,Budget Cut,100535,Voluntary,100336,Y,Below,Shared the updated proposal for review.,Philippines,100233,Placement,,,SKU-7647,105760,,,Other,,,,
100311,Placement,107177,yara.blake@examplecorp.test,Omar Cohen,2023-05-25 09:49:00,elena.reyes@demomail.test,Arjun Mensah,2024-09-25 19:14:00,rahul.vance@acme-fake.test,Morgan Cohen,2024-11-24 13:49:00,,,,N,Arjun Garcia,101272,Granite Group Corp,Marketing,Alex Calder,Software Developer,2026-01-25,2026-06-18,Inactive,,100702,100519,Marketing,,SKU-7635,3691,Gamma,9600,1511,1556,Gamma,Gamma,100055,,Software Developer Placement,,100624,"4,509",No,chen.okafor@demomail.test,*NONE,,Chen Whitfield,101271,,,100383,,,,,New,LOT-6141,TAG-5373,101132,Alpha,,,,Seattle,100077,,,Beta,100471,,,,,,,,,,101618,,Budget Cut,100604,,100362,Y,Below,Noted a concern to revisit at the next sync.,Australia,100339,Bench,100745,,SKU-5598,106180,,,Beta,,,100086,
100608,Placement,107180,avery.ivanov@examplecorp.test,Emerson Vance,2023-09-12 18:52:00,casey.nguyen@sampleco.test,Nina Mensah,2023-01-28 03:56:00,riley.sato@acme-fake.test,Rahul Reyes,2025-08-24 04:40:00,,,,Y,Elena Mercer,101357,Vertex Group Group,Data & Analytics,Morgan Larsson,Data Analyst,2025-11-29,,Active - Placed,100476,100593,100484,Data & Analytics,,REF-5544,3363,Gamma,3185,1980,2312,Standard,Alpha,100134,,Data Analyst Placement,,100043,,No,taylor.rossi@acme-fake.test,Delta Textiles Corp,100658,Rahul Costa,101576,Standard,,,,,,,New,TAG-1342,REF-4140,101616,Gamma,,,,Chicago,100718,,,Alpha,100210,,,,,,,,,,101743,,,100019,Involuntary,100435,Y,Exceeded,,Germany,100033,Placement,,,SKU-6420,105436,,,Delta,,,100471,
100305,Placement,107183,avery.mercer@examplecorp.test,Morgan Brooks,2023-01-27 20:08:00,quinn.garcia@acme-fake.test,Mei Costa,2023-11-23 18:21:00,fatima.kim@demomail.test,Quinn Reyes,2025-07-02 12:34:00,,,,Y,Avery Haddad,101073,Silverline Media Ltd,Software Engineering,Chen Ivanov,Bookkeeper,2025-06-11,2026-06-20,Inactive - Terminated,,100635,100669,Software Engineering,,SKU-5333,856,Other,4097,9448,2493,Other,Alpha,100585,,Bookkeeper Placement,,,"2,875",Yes,rahul.larsson@sampleco.test,*NONE,100446,Avery Vance,101152,Beta,,,447,,,,New,TAG-6939,,101424,Standard,,,,Mumbai,100613,,,Standard,100540,,,,,,,,,,101616,,,100611,,100629,N,Exceeded,Scheduled a check-in for the coming month.,United States,100400,Placement,,,TAG-8810,106229,,,Delta,,,,
100768,Placement,107185,jordan.larsson@examplecorp.test,Diego Ford,2023-07-10 00:36:00,arjun.garcia@acme-fake.test,Quinn Calder,2025-11-20 23:52:00,avery.ivanov@acme-fake.test,Alex Okafor,2024-04-23 12:39:00,,,,Y,Rowan Patel,101447,Cobalt Solutions,Sales,Liam Sato,Payroll Specialist,2023-04-27,,Active - Placed,100448,100077,100640,Sales,100317,SKU-3529,3031,Beta,5852,2169,7911,Gamma,Alpha,100669,,Payroll Specialist Placement,,100352,"13,699",Yes,reese.ford@sampleco.test,*NONE,100514,Jamie Cohen,100831,Delta,,100522,,,,,New,LOT-8774,REF-3050,101745,Other,,,,Austin,100466,,,Other,100550,,,,,,,,,,101252,,,100476,,,Y,Below,,Mexico,100704,Trial,,,SKU-3999,105210,,,Delta,,,100545,
100638,Placement,107186,marco.haddad@demomail.test,Drew Ashby,2026-06-09 06:28:00,jamie.reyes@sampleco.test,Skyler Sloan,2022-12-13 19:25:00,reese.sato@acme-fake.test,Aisha Calder,2024-04-17 12:34:00,,,,N,Mei Kim,101299,Everest Dynamics Co,Operations,Arjun Garcia,Operations Associate,2024-11-22,,Active - Placed,100436,100713,100087,Operations,100058,TAG-8427,9658,Other,6379,8233,8757,Alpha,Other,100050,,Operations Associate Placement,,,"9,661",Yes,arjun.patel@examplecorp.test,Silverline Holdings Group,100173,Arjun Kim,100932,Gamma,,100619,983,,,,New,REF-4283,,100960,Delta,,,,Mumbai,100043,,,Standard,100445,,,,,,,,,,101205,,,100169,,100469,N,Met Expectations,,United States,100352,Bench,100380,,SKU-7289,105128,,,Gamma,,,,
100634,Placement,107189,elena.brooks@acme-fake.test,Riley Costa,2026-04-24 06:56:00,mei.okafor@examplecorp.test,Marco Ashby,2025-08-01 08:39:00,quinn.ashby@examplecorp.test,Riley Ivanov,2024-09-24 00:32:00,,,,N,Alex Larsson,101057,Summit Systems Ltd,Software Engineering,Mei Sato,Financial Analyst,2026-04-05,,Active - Placed,100648,100678,100155,Software Engineering,,TAG-7993,2358,Gamma,431,4255,8885,Alpha,Delta,100786,,Financial Analyst Placement,,100487,"7,365",Yes,rowan.silva@demomail.test,Beacon Industries Co,100435,Omar Costa,101065,Gamma,,,,,,,Backfill,REF-4789,REF-6149,100920,Alpha,,,,Seattle,100350,,,Gamma,100068,,,,,,,,,,101003,,,100470,Involuntary,,N,Met Expectations,,Germany,,Trial,,,LOT-5223,105528,,,Beta,,,,
100040,Placement,107192,nina.kim@sampleco.test,Arjun Sloan,2025-03-07 21:33:00,emerson.larsson@demomail.test,Casey Larsson,2023-11-30 06:54:00,casey.cohen@demomail.test,Rowan Kim,2025-09-20 13:39:00,,,,N,Nina Brooks,101463,Keystone Logistics Co,Marketing,Reese Patel,Accountant,2024-10-07,,Active - Placed,100732,100751,100667,Marketing,100569,TAG-9858,1063,Gamma,4121,2014,13,Gamma,Other,100233,,Accountant Placement,,100257,"13,490",Yes,yara.reyes@demomail.test,*NONE,,Nina Whitfield,101551,Other,,100473,,,,,Backfill,SKU-4535,REF-3416,101664,Standard,,,,Mumbai,100465,,,Alpha,100503,,,,,,,,,,101140,,,100490,,100369,N,,,Germany,,Placement,100762,,LOT-5297,106013,,,Standard,,,,
100568,Placement,107194,priya.calder@acme-fake.test,Drew Costa,2025-08-09 12:25:00,taylor.rossi@sampleco.test,Nina Whitfield,2023-09-17 10:31:00,liam.blake@sampleco.test,Nina Dorsey,2023-12-25 09:22:00,,,,Y,Rowan Garcia,101429,Meridian Financial Corp,Operations,Reese Whitfield,Software Developer,2023-06-29,,Active - Placed,100120,100726,100775,Operations,100380,REF-9162,6326,Other,4935,3097,9243,Beta,Other,100470,,Software Developer Placement,,,"7,743",No,skyler.ford@demomail.test,Lakeside Solutions,100231,Sofia Sloan,101414,Alpha,,100593,992,,"1,638",,New,SKU-9326,SKU-3388,101427,Other,,,,Mumbai,100033,,,Other,100484,,,,,,,,,,100975,,,,,100460,Y,Exceeded,,United States,,Direct Hire,,,LOT-9829,105572,,,Standard,,,100145,
100319,Placement,107195,quinn.sloan@sampleco.test,Drew Nguyen,2026-01-01 17:50:00,skyler.okafor@sampleco.test,Quinn Sloan,2026-03-25 09:41:00,rahul.whitfield@examplecorp.test,Arjun Rossi,2023-04-11 05:34:00,,,,N,Yara Ivanov,101439,Cobalt Energy Inc,Recruiting,Priya Haddad,Software Developer,2025-10-25,,Active - Placed,100385,100425,100320,Recruiting,,REF-1234,9710,Delta,3538,225,2561,Other,Standard,100345,,Software Developer Placement,,,,No,liam.larsson@acme-fake.test,*NONE,,Morgan Sato,100794,Beta,,100156,,,,,New,REF-7382,,101021,Gamma,,,,Atlanta,100629,,,Beta,100332,,,,,,,,,,101407,,,100648,Involuntary,,N,Met Expectations,,Mexico,,Bench,,,SKU-2195,105817,,,Other,,,,
100161,Placement,107198,chen.rossi@demomail.test,Priya Nguyen,2022-12-11 12:46:00,yara.okafor@demomail.test,Drew Sato,2025-11-22 16:50:00,taylor.vance@demomail.test,Mei Patel,2024-05-06 19:43:00,,,,N,Morgan Silva,101304,Delta Media Inc,Recruiting,Alex Blake,Accountant,2023-12-08,,Active - Placed,,100375,100434,Recruiting,100399,SKU-5998,1652,Other,7653,9476,8545,Gamma,Alpha,100226,,Accountant Placement,,,"3,223",No,elena.kim@examplecorp.test,Vertex Financial Inc,100357,Jamie Patel,100984,Delta,,,,,,,New,TAG-4558,,101570,Beta,,,,Dallas,100014,,,Other,100205,,,,,,,,,,101349,,,100619,Involuntary,100570,,Met Expectations,,Germany,100743,Placement,100145,,LOT-9747,106014,,,Delta,,,,
100566,Placement,107201,arjun.vance@acme-fake.test,Elena Ivanov,2023-12-17 01:54:00,drew.nguyen@sampleco.test,Avery Cohen,2024-05-15 11:51:00,taylor.calder@demomail.test,Jordan Garcia,2025-05-08 09:10:00,,,,N,Reese Ivanov,101449,Everest Holdings Co,Data & Analytics,Jordan Sloan,Executive Assistant,2023-04-22,,Active - Placed,100564,100535,100260,Data & Analytics,100647,SKU-5403,2513,Standard,7950,4836,9084,Other,Delta,100359,,Executive Assistant Placement,,100550,"4,910",Yes,fatima.mensah@examplecorp.test,Cobalt Group LLC,100168,Emerson Sato,100990,Beta,,100328,,,208,,New,SKU-5605,,101194,Other,,,,London,100320,,,Delta,100246,,,,,,,,,,100951,,,100648,Involuntary,100082,N,Exceeded,,Canada,,Placement,100680,,REF-1202,105702,,,Beta,,,,
100585,Placement,107204,morgan.larsson@acme-fake.test,Marco Kim,2024-11-10 21:52:00,omar.blake@demomail.test,Noah Brooks,2026-01-06 16:15:00,taylor.mensah@examplecorp.test,Jordan Garcia,2024-12-31 21:57:00,,,,N,Mei Whitfield,100863,Cobalt Group Corp,Recruiting,Mei Kim,Executive Assistant,2026-04-17,,Active - Placed,,100768,100664,Recruiting,,TAG-7240,7319,Standard,1197,9581,6966,Other,Beta,100514,,Executive Assistant Placement,,100774,"5,576",No,drew.ivanov@acme-fake.test,*NONE,100595,Diego Vance,101327,Delta,,100335,,,,,New,LOT-3524,REF-4757,101487,Standard,,,,Dallas,100561,,,Delta,100257,,,,,,,,,,101351,,,,,100047,Y,Exceeded,,United Kingdom,,Trial,100629,,SKU-2095,105914,,,Delta,,,100786,
100554,Placement,107206,yara.dorsey@examplecorp.test,Morgan Sato,2024-12-09 16:44:00,jordan.ashby@examplecorp.test,Priya Mercer,2025-02-09 00:04:00,drew.kim@examplecorp.test,Drew Vance,2025-11-14 02:13:00,,,,Y,Jamie Rossi,101133,Vertex Partners Corp,Recruiting,Marco Nguyen,Project Manager,2024-09-14,2026-07-01,Inactive,100348,100779,100727,Recruiting,100284,REF-7949,3636,Delta,2164,4773,6399,Beta,Standard,100055,,Project Manager Placement,,,"16,827",Yes,rowan.rossi@demomail.test,*NONE,100405,Noah Vance,101697,Standard,,100468,,,,,New,SKU-9896,LOT-8244,101098,Beta,,,,Mumbai,100214,,,Standard,100448,,,,,,,,,,101289,,Performance,100570,,,N,Met Expectations,Shared the updated proposal for review.,Philippines,100361,Placement,100522,,LOT-3017,105112,,,Alpha,,,,
100065,Placement,107209,avery.larsson@examplecorp.test,Marco Larsson,2024-09-17 02:13:00,riley.mensah@sampleco.test,Mei Whitfield,2024-05-03 11:44:00,aisha.okafor@demomail.test,Liam Rossi,2023-11-08 10:19:00,,,,Y,Reese Cohen,101638,Harbor Media LLP,Recruiting,Chen Brooks,Executive Assistant,2024-04-15,2026-06-16,Inactive - Terminated,100155,100305,100758,Recruiting,,TAG-5093,1003,Other,4827,670,3671,Delta,Gamma,100484,,Executive Assistant Placement,,,"12,344",Yes,skyler.reyes@sampleco.test,*NONE,100365,Elena Mercer,101481,Delta,,,961,,,,New,LOT-7495,,101727,Delta,3878,,,Toronto,100118,,,Beta,100340,,,,,,,,,,101218,,,100089,,100476,Y,Below,Shared the updated proposal for review.,United Kingdom,,Placement,100407,,LOT-6451,105606,,,Other,,,100613,
100083,Placement,107212,mei.patel@examplecorp.test,Jamie Dorsey,2026-04-09 09:27:00,noah.costa@demomail.test,Omar Costa,2023-02-25 09:32:00,diego.okafor@demomail.test,Nina Cohen,2026-07-21 18:44:00,,,,Y,Quinn Blake,101455,Silverline Analytics Co,Operations,Morgan Vance,Marketing Coordinator,2024-02-27,2026-06-14,Inactive - Terminated,100680,100710,100315,Operations,,LOT-6045,4546,Alpha,9353,2531,6818,Delta,Gamma,100183,,Marketing Coordinator Placement,,100016,"5,250",Yes,nina.ashby@acme-fake.test,*NONE,,Skyler Sato,101220,Delta,,100121,,,,,New,REF-9104,LOT-9201,100879,Alpha,,,,London,100194,,,Alpha,100542,,,,,,,,,,101173,,Project Ended,100371,,100774,N,Met Expectations,Shared the updated proposal for review.,India,,Placement,100199,,SKU-5411,105364,,,Other,,,,
100062,Placement,107214,rahul.sloan@examplecorp.test,Rowan Silva,2023-10-13 04:43:00,drew.ivanov@acme-fake.test,Emerson Ivanov,2025-10-06 02:38:00,quinn.brooks@demomail.test,Diego Brooks,2024-01-28 01:03:00,,,,N,Chen Silva,101197,Lakeside Health Ltd,Accounting,Yara Okafor,Data Analyst,2025-06-27,2026-06-12,Inactive - Terminated,,100446,100771,Accounting,100022,REF-6653,615,Standard,452,673,5175,Alpha,Alpha,100478,,Data Analyst Placement,,100229,"14,830",Yes,elena.costa@acme-fake.test,*NONE,,Arjun Haddad,101698,Beta,,,,,,,Backfill,SKU-6394,TAG-9943,101672,Delta,,,,Chicago,100303,,,Alpha,100355,,,,,,,,,,101690,,Performance,100550,,100348,N,,Noted a concern to revisit at the next sync.,Canada,100398,Bench,100205,,SKU-8628,105650,,,Other,,,,
100624,Placement,107215,nina.nguyen@demomail.test,Marco Nguyen,2024-06-14 23:48:00,reese.vance@acme-fake.test,Morgan Rossi,2026-06-15 15:18:00,avery.brooks@demomail.test,Marco Rossi,2023-06-26 05:35:00,,,,Y,Jordan Costa,101586,Redwood Labs Co,Accounting,Diego Vance,Accountant,2025-07-29,,Active - Placed,100371,100257,100599,Accounting,100217,TAG-1538,4679,Beta,8617,7857,6721,Beta,Standard,100236,,Accountant Placement,,100632,"3,540",No,mei.mercer@acme-fake.test,*NONE,,Jordan Blake,101038,,,100700,,,,,Backfill,LOT-3575,REF-6079,101605,Gamma,,,,Manila,100648,,,Beta,100305,,,,,,,,,,101002,,,,Voluntary,100369,Y,Met Expectations,,Canada,,Bench,100661,,REF-1260,105507,,,Other,,,100710,
100038,Placement,107218,nina.sloan@demomail.test,Priya Whitfield,2025-04-22 08:19:00,quinn.mensah@demomail.test,Jamie Sato,2025-09-17 03:36:00,priya.sato@demomail.test,Morgan Vance,2024-10-21 16:33:00,,,,N,Rahul Haddad,101340,Falcon Financial Ltd,Finance,Fatima Kim,Bookkeeper,2024-01-31,2026-06-21,Inactive - Terminated,,100359,100181,Finance,100516,REF-2480,9375,Delta,2552,9643,8932,Other,Standard,100073,,Bookkeeper Placement,,100747,"10,400",Yes,noah.patel@acme-fake.test,Atlas Solutions Corp,100727,Priya Calder,101724,Alpha,,100438,,,,,New,TAG-3866,,101085,Delta,,,,Toronto,100565,,,Standard,100298,,,,,,,,,,100890,,Unmet Expectations,100291,Involuntary,,Y,Below,Reviewed performance and gathered feedback.,United States,,Placement,,,REF-6819,106444,,,Standard,,,100498,
100460,Placement,107220,jordan.sato@sampleco.test,Taylor Patel,2023-05-10 08:05:00,priya.calder@acme-fake.test,Taylor Mensah,2026-04-24 08:05:00,quinn.sato@examplecorp.test,Morgan Ashby,2023-10-05 15:34:00,,,,N,Marco Ashby,100879,Horizon Holdings Inc,Software Engineering,Sofia Kim,QA Engineer,2023-10-05,2026-06-09,Inactive,100275,100713,100109,Software Engineering,100153,SKU-3953,6669,Delta,3768,4582,5121,Beta,Beta,100622,,QA Engineer Placement,,100226,"5,730",No,rahul.brooks@examplecorp.test,Silverline Ventures Inc,100125,Taylor Silva,100865,Delta,,100434,,,"3,817",,Backfill,LOT-6442,,101398,Standard,,,,Phoenix,100335,,,Gamma,100392,,,,,,,,,,101745,,,100699,Involuntary,100311,Y,Exceeded,Discussed timeline and next steps with the account.,Germany,100619,Placement,100638,,REF-1448,105850,,,Alpha,,,,
100295,Placement,107223,marco.sloan@sampleco.test,Priya Garcia,2025-09-18 08:01:00,liam.larsson@examplecorp.test,Emerson Larsson,2023-10-20 00:10:00,taylor.haddad@examplecorp.test,Rahul Larsson,2023-02-09 05:22:00,,,,Y,Emerson Garcia,101418,Vertex Industries Inc,Marketing,Fatima Nguyen,Payroll Specialist,2023-07-08,,Active - Placed,,100672,100574,Marketing,100675,LOT-1319,619,Standard,2593,9231,3718,Alpha,Alpha,100119,,Payroll Specialist Placement,,100478,"13,033",No,alex.costa@examplecorp.test,Blue Ridge Systems,,Morgan Sloan,101308,,,100260,378,,,,New,REF-5132,TAG-9557,100850,Other,,,,Dallas,100507,,,Gamma,100721,,,,,,,,,,101580,,,100650,Voluntary,100669,Y,Met Expectations,,Canada,,Placement,100638,,SKU-3372,105207,,,Delta,,,100730,
100383,Placement,107225,elena.larsson@examplecorp.test,Yara Cohen,2025-02-25 08:01:00,chen.mensah@demomail.test,Marco Haddad,2024-08-01 00:39:00,nina.ashby@sampleco.test,Morgan Larsson,2025-06-15 06:47:00,,,,Y,Rowan Rossi,101700,Silverline Ventures,Operations,Quinn Garcia,Operations Associate,2023-05-16,2026-06-27,Inactive,,100595,100058,Operations,100622,REF-2638,6838,Beta,9795,7329,8778,Gamma,Gamma,100629,,Operations Associate Placement,,100153,"3,659",No,casey.haddad@sampleco.test,Cardinal Logistics Corp,,Emerson Patel,101004,Gamma,,,,,,,New,REF-3768,REF-2622,101098,Alpha,,,,Mumbai,100606,,,Delta,100548,,,,,,,,,,100935,,Converted to Direct Hire,100643,Involuntary,100550,N,,Followed up on the open items from last week.,United States,,Placement,,,LOT-2834,105981,,,Other,,,,
100221,Placement,107228,casey.larsson@acme-fake.test,Fatima Ivanov,2025-04-18 16:02:00,mei.garcia@acme-fake.test,Arjun Mensah,2024-01-09 04:20:00,elena.okafor@examplecorp.test,Fatima Vance,2025-08-24 18:29:00,,,,Y,Priya Nguyen,101285,Cardinal Financial Group,Operations,Quinn Mercer,QA Engineer,2026-05-06,2026-06-19,Inactive,100185,100750,100601,Operations,,TAG-7375,1788,Delta,5490,5316,9223,Gamma,Alpha,100247,,QA Engineer Placement,,100319,"11,954",Yes,nina.ivanov@demomail.test,*NONE,,Taylor Costa,101404,Gamma,,,,,676,,New,REF-6947,TAG-3770,100978,Other,,,,Austin,100264,,,Standard,100156,,,,,,,,,,101479,,,100100,Voluntary,100224,N,Exceeded,Shared the updated proposal for review.,Philippines,,Bench,100678,,REF-9461,106250,,,Delta,,,,
100396,Placement,107231,emerson.nguyen@sampleco.test,Nina Haddad,2024-09-30 13:43:00,reese.blake@examplecorp.test,Marco Mercer,2025-04-25 11:36:00,morgan.kim@sampleco.test,Marco Dorsey,2023-03-25 11:48:00,,,,N,Marco Sloan,101122,Vertex Media LLC,Software Engineering,Sofia Sato,Support Specialist,2023-06-29,,Active - Placed,100686,100791,100040,Software Engineering,,TAG-8782,113,Standard,7308,9459,942,Beta,Standard,100727,,Support Specialist Placement,,,"12,432",Yes,drew.haddad@demomail.test,*NONE,,Rahul Reyes,100947,Delta,,100055,,,841,,New,TAG-8120,REF-7369,101561,Delta,,,,Mumbai,100753,,,Delta,100774,,,,,,,,,,100863,,,100436,Involuntary,100638,N,,,Canada,100753,Placement,,,LOT-9566,105553,,,Alpha,,,100770,
100494,Placement,107233,drew.whitfield@acme-fake.test,Drew Ivanov,2024-07-17 05:20:00,yara.ivanov@acme-fake.test,Skyler Okafor,2023-04-15 00:14:00,taylor.sato@demomail.test,Nina Brooks,2023-11-10 13:06:00,,,,Y,Reese Whitfield,101115,Harbor Solutions Corp,Customer Support,Fatima Dorsey,Executive Assistant,2026-01-26,2026-06-27,Inactive,100047,100229,100658,Customer Support,100215,LOT-2733,9435,Other,4849,4758,5752,Beta,Delta,100023,,Executive Assistant Placement,,,"11,851",Yes,mei.cohen@examplecorp.test,*NONE,,Priya Reyes,101151,Standard,,100770,,,,,New,REF-2974,REF-8729,100896,Standard,,,,Austin,100067,,,Other,100365,,,,,,,,,,101612,,Converted to Direct Hire,,Voluntary,100226,,,Reviewed performance and gathered feedback.,India,100407,Placement,100643,,LOT-5678,105151,,,Delta,,,100658,
100535,Placement,107234,aisha.ivanov@acme-fake.test,Marco Ashby,2025-12-03 00:38:00,reese.mercer@sampleco.test,Quinn Costa,2023-08-29 22:27:00,skyler.mercer@examplecorp.test,Nina Haddad,2026-03-25 14:49:00,,,,Y,Reese Garcia,101322,Summit Holdings Corp,Software Engineering,Alex Silva,Software Developer,2026-03-09,,Active - Placed,100750,100142,100490,Software Engineering,100349,LOT-2264,9711,Beta,445,2441,1782,Alpha,Standard,100292,,Software Developer Placement,,,,No,alex.silva@acme-fake.test,*NONE,100019,Jamie Ivanov,101197,Beta,,100466,,,"3,390",,New,LOT-7770,REF-5565,100890,Gamma,,,,Bengaluru,100532,,,Other,100613,,,,,,,,,,101347,,,100785,,100133,Y,,,Germany,,Placement,100762,,SKU-8962,105894,,,Standard,,,100389,
100551,Placement,107236,elena.kim@acme-fake.test,Marco Dorsey,2025-04-04 21:46:00,jamie.okafor@acme-fake.test,Rowan Whitfield,2023-09-26 05:41:00,casey.sloan@acme-fake.test,Noah Rossi,2024-09-01 12:05:00,,,,Y,Drew Calder,101454,Everest Retail Ltd,Data & Analytics,Chen Costa,Bookkeeper,2024-09-09,,Active - Placed,,100498,100528,Data & Analytics,,LOT-6988,9758,Alpha,432,3054,3376,Standard,Delta,100775,,Bookkeeper Placement,,100551,"5,895",No,chen.whitfield@demomail.test,*NONE,100309,Alex Larsson,100902,Standard,,100647,,,,,New,TAG-4060,LOT-1319,101449,Gamma,,,,Austin,100552,,,Gamma,100355,,,,,,,,,,100981,,,100476,Involuntary,100678,Y,Met Expectations,,Philippines,,Bench,,,REF-7118,105797,,,Delta,,,,
100713,Placement,107237,riley.reyes@examplecorp.test,Riley Silva,2024-09-08 21:27:00,rahul.larsson@sampleco.test,Jamie Sloan,2023-03-23 21:24:00,noah.larsson@sampleco.test,Jamie Mensah,2023-09-18 01:25:00,,,,Y,Emerson Larsson,101119,Beacon Analytics LLP,Human Resources,Liam Reyes,HR Generalist,2025-04-21,,Active - Placed,100590,100054,100726,Human Resources,100319,LOT-3386,1787,Alpha,3460,5688,385,Standard,Beta,100257,,HR Generalist Placement,,,"6,427",No,riley.larsson@sampleco.test,*NONE,,Taylor Blake,101002,Other,,,,,,,New,TAG-7282,TAG-3778,101771,Alpha,,,,Denver,100309,,,Beta,100551,,,,,,,,,,101140,,,100775,Voluntary,100054,N,Exceeded,,India,,Placement,,,TAG-5458,105517,,,Alpha,,,100770,
100585,Placement,107239,omar.cohen@sampleco.test,Chen Rossi,2025-04-02 21:13:00,reese.ford@acme-fake.test,Skyler Brooks,2024-01-27 05:47:00,priya.mercer@acme-fake.test,Arjun Larsson,2023-12-17 03:48:00,,,,Y,Skyler Rossi,100853,Everest Energy,Marketing,Omar Nguyen,Financial Analyst,2026-03-15,,Active - Placed,100204,100309,100089,Marketing,100103,LOT-1334,6320,Standard,2491,8473,6091,Alpha,Gamma,100380,,Financial Analyst Placement,,100525,"2,610",No,diego.haddad@acme-fake.test,*NONE,,Riley Cohen,101211,,,,,,,,New,TAG-1230,,101677,Standard,,,,Seattle,100022,,,Gamma,100005,,,,,,,,,,100896,,,100067,Involuntary,100339,N,,,United Kingdom,100468,Trial,,,REF-8505,106544,,,Alpha,,,100038,
100585,Placement,107240,jordan.reyes@sampleco.test,Liam Sloan,2024-08-01 02:43:00,taylor.whitfield@examplecorp.test,Taylor Whitfield,2024-07-31 06:44:00,aisha.blake@acme-fake.test,Reese Dorsey,2024-06-18 11:45:00,,,,N,Taylor Sato,101128,Lakeside Solutions Co,Sales,Skyler Larsson,Support Specialist,2024-04-27,,Active - Terminated,,100768,100086,Sales,100730,TAG-5384,9143,Beta,4978,5534,5609,Beta,Standard,100414,,Support Specialist Placement,,100441,"9,803",No,rowan.brooks@demomail.test,*NONE,,Liam Nguyen,101185,Beta,Other,100689,,,,,Backfill,SKU-7270,SKU-5965,101328,Standard,,Other,,Bengaluru,100303,,,Beta,100200,,,,,,,,,,100949,,,100204,Voluntary,100758,Y,Met Expectations,,Canada,100599,Placement,100451,,SKU-7983,105732,,,Other,,,100713,
100683,Placement,107243,reese.garcia@acme-fake.test,Casey Silva,2026-07-28 11:51:00,alex.cohen@examplecorp.test,Quinn Calder,2024-01-16 23:34:00,elena.silva@examplecorp.test,Marco Nguyen,2026-03-15 12:12:00,,,,Y,Alex Okafor,101182,Keystone Group LLC,Sales,Diego Blake,Bookkeeper,2025-07-25,,Active - Placed,100449,100152,100305,Sales,100281,TAG-5639,4333,Other,5686,5597,3202,Other,Alpha,100343,,Bookkeeper Placement,,100242,"10,264",No,drew.rossi@demomail.test,*NONE,,Morgan Ford,101628,Standard,,100737,,,,,New,TAG-3259,SKU-4457,101633,Alpha,6676,,,Seattle,100385,,,Standard,100172,,,,,,,,,,101121,,,100465,,100204,Y,Met Expectations,,Australia,100672,Backfill,100271,,REF-9345,105609,,,Alpha,,,100582,
100016,Placement,107244,casey.patel@examplecorp.test,Jamie Ford,2024-09-25 13:03:00,emerson.costa@acme-fake.test,Elena Ivanov,2025-09-21 02:27:00,quinn.ashby@sampleco.test,Reese Nguyen,2025-01-23 20:30:00,,,,N,Taylor Okafor,101736,Meridian Group Co,Sales,Marco Ivanov,Accountant,2024-12-17,,Active - Placed,100434,100548,100311,Sales,,SKU-9763,1966,Other,6727,1011,7777,Delta,Beta,100672,,Accountant Placement,,100174,"3,490",Yes,riley.cohen@examplecorp.test,*NONE,100704,Elena Calder,101302,Beta,,,,,,,Backfill,REF-1837,TAG-7950,101383,Beta,,,,Toronto,100134,,,Alpha,100465,,,,,,,,,,100865,,,100314,,100418,N,Below,,Germany,100460,Trial,100680,,REF-9306,106560,,,Beta,,,100504,
100572,Placement,107245,rahul.whitfield@acme-fake.test,Diego Kim,2026-01-01 00:50:00,noah.ford@demomail.test,Reese Ashby,2024-05-02 10:07:00,drew.costa@sampleco.test,Noah Silva,2025-09-01 13:46:00,,,,Y,Aisha Dorsey,101018,Keystone Media Inc,Operations,Priya Whitfield,Marketing Coordinator,2025-04-24,,Active - Terminated,100183,100512,100457,Operations,100784,LOT-7420,35,Delta,2960,3095,6049,Delta,Delta,100566,,Marketing Coordinator Placement,,,"11,960",Yes,emerson.haddad@demomail.test,*NONE,100673,Skyler Mensah,101023,Other,,,"1,634",,"2,593",,New,TAG-7661,SKU-5311,101254,Gamma,,Standard,,Bengaluru,100540,,,Standard,100448,,,,,,,,,,100966,,,100671,Voluntary,100096,N,,,Australia,100284,Placement,,,TAG-9240,106284,,,Gamma,,,100309,
100570,Placement,107248,priya.sato@acme-fake.test,Elena Nguyen,2024-07-27 09:26:00,emerson.dorsey@acme-fake.test,Priya Garcia,2023-03-29 09:53:00,liam.nguyen@sampleco.test,Marco Whitfield,2026-04-06 07:42:00,,,,N,Emerson Rossi,101767,Evergreen Robotics Group,Recruiting,Drew Whitfield,Financial Analyst,2023-07-25,,Active - Placed,100083,100454,100177,Recruiting,,LOT-4728,4025,Alpha,6811,6861,4131,Gamma,Other,100300,,Financial Analyst Placement,,100369,"5,205",Yes,avery.silva@examplecorp.test,*NONE,100137,Omar Mensah,100810,Gamma,,100428,,,,,New,SKU-1112,REF-2981,101565,Beta,,,,Phoenix,100761,,,Beta,100529,,,,,,,,,,101091,,,100552,Voluntary,100576,N,Exceeded,,Germany,100558,Trial,,,LOT-2015,105214,,,Gamma,,,100224,
100596,Placement,107250,alex.brooks@examplecorp.test,Riley Ivanov,2023-12-12 20:33:00,casey.okafor@demomail.test,Yara Reyes,2024-03-18 00:37:00,emerson.sato@acme-fake.test,Drew Okafor,2025-06-28 08:08:00,,,,Y,Alex Dorsey,101610,Vertex Analytics Corp,Customer Support,Arjun Blake,Payroll Specialist,2024-09-07,,Active - Placed,100031,100178,100161,Customer Support,,LOT-4479,9838,Standard,8170,4697,6562,Gamma,Gamma,100065,,Payroll Specialist Placement,,100469,"9,987",Yes,yara.ivanov@examplecorp.test,*NONE,100267,Rowan Ford,101191,Alpha,,100264,,,,,New,SKU-7149,,101500,Standard,,,,Phoenix,100574,,,Other,100639,,,,,,,,,,101463,,,,Voluntary,100564,Y,,,India,100117,Direct Hire,,,LOT-1872,105341,,,Standard,,,,
100120,Placement,107252,quinn.cohen@demomail.test,Riley Reyes,2024-06-07 15:52:00,emerson.dorsey@sampleco.test,Quinn Dorsey,2024-02-06 06:25:00,priya.okafor@acme-fake.test,Taylor Okafor,2025-08-04 15:54:00,,,,N,Fatima Sloan,101601,Brightpath Media,Human Resources,Rowan Okafor,Software Developer,2023-10-05,,Active - Placed,,100307,100267,Human Resources,100115,LOT-2819,3497,Other,5364,6078,7469,Other,Gamma,100741,,Software Developer Placement,,,"7,571",Yes,yara.calder@acme-fake.test,*NONE,100616,Liam Sloan,101043,Beta,,,,,,,New,SKU-1474,REF-6505,101589,Delta,,Delta,,Seattle,100076,,,Beta,100061,,,,,,,,,,101758,,,100033,,,N,,,Mexico,,Placement,,,SKU-5645,105869,,,Standard,,,100286,
100292,Placement,107253,sofia.dorsey@demomail.test,Liam Whitfield,2023-01-09 16:24:00,taylor.haddad@acme-fake.test,Taylor Nguyen,2023-06-16 17:56:00,omar.cohen@sampleco.test,Alex Ivanov,2024-08-28 21:47:00,,,,Y,Sofia Kim,101440,Keystone Holdings Co,Sales,Rahul Cohen,HR Generalist,2025-02-20,,Active - Placed,,100121,100112,Sales,100782,REF-4252,6014,Beta,2106,9387,5799,Alpha,Alpha,100314,,HR Generalist Placement,,,"16,689",Yes,skyler.blake@sampleco.test,*NONE,100454,Jamie Sato,101254,Delta,,100112,,,,,New,SKU-1702,,101392,Beta,,Beta,,Atlanta,100445,,,Gamma,100665,,,,,,,,,,101002,,,100003,Involuntary,100055,N,Below,,Australia,,Direct Hire,100109,,TAG-2204,105014,,,Gamma,,,100448,
100005,Placement,107254,alex.sloan@examplecorp.test,Elena Blake,2023-05-27 14:44:00,avery.patel@acme-fake.test,Rowan Ivanov,2024-10-05 01:27:00,alex.brooks@examplecorp.test,Quinn Cohen,2025-11-10 02:47:00,,,,N,Morgan Ford,101221,Atlas Energy Corp,Recruiting,Arjun Okafor,Payroll Specialist,2023-06-26,,Active - Placed,100371,100448,100271,Recruiting,,TAG-7988,9760,Other,7474,4461,8206,Alpha,Beta,100713,,Payroll Specialist Placement,,,"8,081",Yes,jordan.ivanov@examplecorp.test,Harbor Solutions Ltd,,Sofia Reyes,101776,Beta,,100532,,,,,New,LOT-7539,TAG-3389,100843,Standard,,,,London,100568,,,Beta,100204,,,,,,,,,,101409,,,100569,Voluntary,100770,N,,,United States,,Placement,100300,,LOT-7555,106078,,,Gamma,,,100385,
100339,Placement,107255,casey.costa@acme-fake.test,Riley Garcia,2025-01-14 16:31:00,nina.cohen@examplecorp.test,Noah Haddad,2025-01-21 02:59:00,taylor.ivanov@demomail.test,Rowan Haddad,2024-02-15 12:58:00,,,,Y,Mei Calder,101781,Brightpath Labs LLC,Marketing,Avery Ivanov,Operations Associate,2025-04-14,,Active - Placed,,100328,100790,Marketing,100634,LOT-5350,3422,Gamma,2783,8027,2687,Beta,Alpha,100300,,Operations Associate Placement,,,"9,948",Yes,skyler.sato@demomail.test,*NONE,100659,Avery Larsson,101073,Other,,,,,,,New,TAG-6543,LOT-5043,101664,Other,,,,Phoenix,100348,,,Standard,100435,,,,,,,,,,100891,,,100446,Involuntary,100737,Y,,,Mexico,100700,Trial,100606,,REF-7013,106445,,,Alpha,,,100050,
100569,Placement,107256,diego.vance@sampleco.test,Rahul Mensah,2024-02-16 00:06:00,drew.blake@sampleco.test,Alex Costa,2023-05-29 14:30:00,casey.calder@examplecorp.test,Rahul Cohen,2026-05-12 17:11:00,,,,N,Elena Rossi,101146,Pioneer Ventures Group,Operations,Marco Ford,Operations Associate,2024-08-15,,Active - Placed,100784,100349,100281,Operations,100694,REF-2183,2714,Other,5935,3785,2549,Standard,Other,100509,,Operations Associate Placement,,,"7,348",Yes,elena.calder@examplecorp.test,*NONE,,Emerson Patel,101733,Gamma,,100191,,,,,New,LOT-6713,,101306,Beta,,,,Chicago,100446,,,Other,100545,,,,,,,,,,101026,,,100109,Voluntary,100269,N,Exceeded,,United States,100217,Placement,,,TAG-7672,105963,,,Gamma,,,100469,
100468,Placement,107258,jamie.nguyen@demomail.test,Yara Brooks,2026-05-04 01:57:00,marco.vance@demomail.test,Casey Cohen,2023-05-21 01:29:00,drew.mercer@examplecorp.test,Jamie Calder,2025-06-07 03:58:00,,,,Y,Yara Sloan,100928,Beacon Dynamics Corp,Data & Analytics,Elena Haddad,Data Analyst,2024-01-01,,Active - Placed,,100790,100509,Data & Analytics,100208,LOT-7563,7364,Beta,2839,5734,6978,Other,Gamma,100548,,Data Analyst Placement,,100031,,No,casey.patel@examplecorp.test,*NONE,100387,Chen Sloan,100991,Delta,,100362,,,,,New,LOT-3241,,101598,Delta,,,,Dallas,100425,,,Gamma,100372,,,,,,,,,,101259,,,100590,,100403,Y,Met Expectations,,United Kingdom,,Placement,,,LOT-3175,106320,,,Gamma,,,,
100407,Placement,107259,skyler.silva@demomail.test,Chen Okafor,2023-09-09 01:08:00,yara.mercer@examplecorp.test,Elena Costa,2025-06-27 07:34:00,taylor.cohen@demomail.test,Reese Sloan,2025-05-27 00:31:00,,,,Y,Sofia Rossi,100956,Copper Systems Co,Recruiting,Rahul Reyes,QA Engineer,2023-08-31,2026-07-30,Inactive - Terminated,,100157,100019,Recruiting,100414,REF-3449,6271,Gamma,4415,3409,6934,Alpha,Gamma,100472,,QA Engineer Placement,,100042,"15,490",Yes,elena.sloan@acme-fake.test,*NONE,100009,Chen Sloan,101612,Beta,,100634,887,,"1,062",,New,TAG-6756,SKU-2578,101633,Delta,,,,Seattle,100177,,,Gamma,100578,,,,,,,,,,101187,,Performance,100753,,100210,Y,Met Expectations,Shared the updated proposal for review.,United Kingdom,100622,Placement,,,TAG-6002,105113,,,Alpha,,,100555,
100624,Placement,107262,nina.whitfield@sampleco.test,Jordan Cohen,2026-03-09 18:46:00,sofia.dorsey@sampleco.test,Nina Reyes,2026-01-29 20:30:00,rahul.cohen@acme-fake.test,Aisha Ivanov,2025-10-01 15:42:00,,,,Y,Elena Larsson,101190,Cobalt Logistics Inc,Sales,Morgan Mercer,Support Specialist,2025-08-02,,Active - Placed,,100714,100566,Sales,,TAG-5923,6557,Standard,5667,6163,6283,Standard,Gamma,100177,,Support Specialist Placement,,100550,"7,557",Yes,alex.dorsey@acme-fake.test,*NONE,100077,Fatima Mensah,101102,Alpha,,100340,,,,,New,TAG-3387,,101420,Other,,,,London,100177,,,Standard,100434,,,,,,,,,,101481,,,100678,Voluntary,,Y,Below,,India,100559,Direct Hire,100514,,TAG-2109,105292,,,Gamma,,,100496,
100046,Placement,107263,riley.ivanov@acme-fake.test,Quinn Whitfield,2024-04-04 06:59:00,yara.patel@examplecorp.test,Nina Ford,2025-08-19 02:56:00,elena.kim@acme-fake.test,Diego Ivanov,2022-12-09 04:15:00,,,,Y,Emerson Rossi,101112,Delta Logistics Ltd,Sales,Mei Costa,Marketing Coordinator,2024-05-27,,Active - Placed,100210,100582,100495,Sales,,REF-3242,1995,Beta,9094,5690,4210,Delta,Gamma,100396,,Marketing Coordinator Placement,,,"10,660",Yes,mei.mensah@demomail.test,*NONE,,Arjun Calder,101173,Other,,100454,,,,,New,SKU-8077,,100887,Beta,6217,,,Denver,100587,,,Delta,100733,,,,,,,,,,101213,,,100671,Involuntary,100667,Y,Exceeded,,India,100465,Placement,100214,,REF-7595,106192,,,Standard,,,100550,
100498,Placement,107265,chen.reyes@examplecorp.test,Fatima Sloan,2024-06-03 14:12:00,alex.brooks@examplecorp.test,Taylor Dorsey,2025-07-04 10:44:00,priya.ivanov@examplecorp.test,Diego Ashby,2024-03-01 02:39:00,,,,Y,Elena Ivanov,101076,Meridian Analytics Corp,Software Engineering,Jamie Nguyen,Financial Analyst,2023-05-05,,Active - Placed,,100035,100275,Software Engineering,100380,REF-4300,2426,Alpha,8146,3671,4749,Gamma,Beta,100058,,Financial Analyst Placement,,100771,"9,367",Yes,jordan.blake@demomail.test,*NONE,100021,Marco Okafor,101784,Delta,,100357,,,,,Backfill,LOT-8636,REF-1809,101054,Delta,,,,London,100790,,,Standard,100457,,,,,,,,,,101404,,,100257,Voluntary,100629,Y,Below,,United States,,Placement,,,REF-9274,105384,,,Other,,,100785,
100053,Placement,107266,elena.haddad@demomail.test,Liam Vance,2025-08-13 04:51:00,mei.whitfield@demomail.test,Alex Ashby,2024-06-02 22:31:00,quinn.haddad@acme-fake.test,Fatima Kim,2024-10-12 05:00:00,,,,N,Quinn Whitfield,100860,Falcon Partners LLC,Customer Support,Jamie Ivanov,HR Generalist,2023-08-16,,Active - Placed,100177,100664,100065,Customer Support,,SKU-5736,3187,Delta,714,2534,6458,Standard,Beta,100730,,HR Generalist Placement,,100022,"2,966",No,taylor.silva@acme-fake.test,*NONE,,Noah Mensah,101216,Other,,100774,,,,,Backfill,SKU-2105,SKU-6833,101027,Alpha,,,,Seattle,100168,,,Other,100438,,,,,,,,,,101530,,,,Voluntary,100697,Y,,,Mexico,,Placement,100286,,LOT-6376,106609,,,Delta,,,100133,
100596,Placement,107267,quinn.garcia@sampleco.test,Morgan Silva,2025-01-23 21:50:00,noah.calder@sampleco.test,Nina Sloan,2022-11-19 05:30:00,quinn.brooks@demomail.test,Fatima Rossi,2023-01-04 18:52:00,,,,Y,Drew Blake,101767,Granite Partners Co,Data & Analytics,Morgan Ashby,Accountant,2026-05-17,,Active - Placed,100201,100348,100229,Data & Analytics,100466,LOT-6326,4833,Gamma,3981,5225,4689,Standard,Beta,100790,,Accountant Placement,,,"12,217",Yes,arjun.brooks@examplecorp.test,*NONE,,Rowan Cohen,101429,Other,,,,,,,Backfill,TAG-2841,,101306,Standard,,,,Denver,100260,,,Delta,100256,,,,,,,,,,101753,,,100414,Involuntary,,,,,United States,100496,Placement,100098,,LOT-1335,105660,,,Other,,,,
100172,Placement,107269,omar.rossi@demomail.test,Omar Patel,2023-08-27 19:19:00,elena.whitfield@examplecorp.test,Priya Ford,2026-05-28 01:49:00,marco.ashby@sampleco.test,Reese Cohen,2024-06-13 14:12:00,,,,N,Arjun Silva,101512,Brightpath Media Co,Operations,Noah Vance,Recruiter,2026-05-25,,Active - Placed,100194,100675,100500,Operations,100415,REF-8087,7173,Standard,8817,1227,651,Gamma,Standard,100438,,Recruiter Placement,,100782,"10,516",Yes,elena.calder@demomail.test,*NONE,,Yara Mercer,100908,Delta,,100404,,,,,New,SKU-5917,SKU-7971,101474,Beta,7000,,,Mumbai,100350,,,Delta,100528,,,,,,,,,,101778,,,100178,,100250,,Met Expectations,,United States,,Bench,100733,,SKU-7938,105609,,,Beta,,,,
100253,Placement,107272,arjun.sloan@demomail.test,Rowan Sloan,2023-01-03 21:00:00,rahul.costa@examplecorp.test,Avery Blake,2024-10-17 17:36:00,drew.cohen@examplecorp.test,Riley Larsson,2026-04-28 02:56:00,,,,Y,Nina Blake,101415,Ironwood Partners Inc,Finance,Fatima Haddad,Project Manager,2024-08-11,,Active - Placed,100762,100790,100378,Finance,,LOT-9259,2155,Other,4476,5366,1271,Gamma,Other,100608,,Project Manager Placement,,100439,"12,843",Yes,sofia.mercer@acme-fake.test,Blue Ridge Foods,,Drew Whitfield,101730,Other,,,,,,,New,LOT-2303,TAG-1521,101429,Standard,,,,Toronto,100730,,,Delta,100599,,,,,,,,,,101437,,,100787,,100155,Y,Exceeded,,India,,Placement,100595,,SKU-4216,105906,,,Alpha,,,,
100428,Placement,107273,quinn.mensah@sampleco.test,Reese Brooks,2023-10-25 01:08:00,chen.okafor@demomail.test,Riley Rossi,2026-04-12 08:29:00,liam.haddad@sampleco.test,Riley Silva,2024-10-28 15:15:00,,,,N,Jordan Vance,101736,Summit Capital,Finance,Sofia Silva,Data Analyst,2023-06-15,,Active - Placed,100387,100532,100454,Finance,100407,REF-9984,520,Beta,8865,6637,7809,Beta,Standard,100355,,Data Analyst Placement,,100787,"4,798",Yes,rowan.haddad@demomail.test,Lakeside Systems Inc,100178,Aisha Garcia,101281,Beta,,,,,,,New,REF-1663,SKU-1497,101240,Standard,,,,Toronto,100775,,,Gamma,100016,,,,,,,,,,101024,,,100043,,100309,Y,,,United Kingdom,100707,Placement,100256,,TAG-6821,105732,,,Standard,,,100224,
100407,Placement,107275,riley.blake@examplecorp.test,Skyler Cohen,2022-11-19 18:45:00,alex.sato@examplecorp.test,Omar Sato,2025-12-20 21:10:00,alex.reyes@acme-fake.test,Liam Costa,2025-04-29 23:00:00,,,,N,Jamie Nguyen,101185,Cobalt Systems Ltd,Human Resources,Rowan Blake,Bookkeeper,2024-03-15,2026-06-05,Inactive,,100435,100378,Human Resources,100019,SKU-1577,2051,Gamma,4657,5535,1686,Other,Other,100405,,Bookkeeper Placement,,,"17,894",Yes,quinn.cohen@sampleco.test,*NONE,100007,Sofia Ivanov,100988,Standard,,,,,,,New,SKU-4868,SKU-8368,101231,Beta,9878,,,Seattle,100572,,,Standard,100414,,,,,,,,,,101748,,Converted to Direct Hire,,Voluntary,100292,N,,Aligned on billing and renewal terms.,India,100572,Bench,,,TAG-7693,105880,,,Alpha,,,100707,
100100,Placement,107278,reese.sloan@demomail.test,Yara Sato,2026-04-25 12:50:00,jordan.patel@acme-fake.test,Rowan Dorsey,2026-05-31 23:47:00,arjun.rossi@acme-fake.test,Quinn Kim,2024-12-24 01:15:00,,,,Y,Morgan Rossi,101254,Granite Networks Co,Marketing,Nina Kim,Bookkeeper,2023-07-28,,Active - Placed,,100418,100504,Marketing,100548,REF-7625,3154,Alpha,1091,3661,5574,Other,Beta,100023,,Bookkeeper Placement,,100219,"10,125",Yes,fatima.rossi@examplecorp.test,Harbor Dynamics Group,100233,Quinn Ashby,101556,Beta,,100635,,,,,New,SKU-9723,REF-3080,101246,Alpha,,,,Bengaluru,100724,,,Delta,100507,,,,,,,,,,101165,,,100348,,,N,,,Philippines,100538,Bench,100476,,LOT-5111,105354,,,Delta,,,,
100019,Placement,107281,liam.ford@acme-fake.test,Reese Mensah,2024-03-17 23:26:00,emerson.silva@examplecorp.test,Noah Reyes,2024-07-02 16:10:00,riley.brooks@demomail.test,Liam Mercer,2023-09-09 07:05:00,,,,Y,Priya Cohen,101058,Silverline Financial Co,Data & Analytics,Sofia Ford,HR Generalist,2026-03-16,,Active - Placed,100130,100336,100696,Data & Analytics,100281,LOT-3507,4281,Gamma,4416,1882,5649,Gamma,Gamma,100103,,HR Generalist Placement,,100519,"11,567",No,casey.kim@examplecorp.test,*NONE,,Aisha Larsson,100856,Alpha,,100109,,,,,New,SKU-1356,LOT-7642,100947,Other,,,,Chicago,100713,,,Alpha,100330,,,,,,,,,,101630,,,,,100362,Y,Exceeded,,Germany,100208,Placement,100071,,TAG-4136,104908,,,Alpha,,,,
100317,Placement,107282,skyler.dorsey@acme-fake.test,Alex Vance,2024-08-10 06:38:00,casey.dorsey@examplecorp.test,Reese Costa,2022-12-21 06:43:00,drew.calder@sampleco.test,Jordan Vance,2024-04-10 06:09:00,,,,N,Priya Whitfield,101223,Vertex Foods Inc,Finance,Quinn Sato,Marketing Coordinator,2024-07-31,2026-07-12,Inactive - Terminated,100208,100303,100673,Finance,,LOT-8051,7495,Gamma,347,7224,4922,Beta,Beta,100551,,Marketing Coordinator Placement,,100125,"8,791",Yes,jordan.reyes@examplecorp.test,*NONE,,Jamie Vance,101632,Alpha,,100622,,,"1,903",,New,SKU-1585,,101018,Alpha,4159,,,Denver,100448,,,Gamma,100509,,,,,,,,,,100953,,,100751,Voluntary,100375,Y,Exceeded,Shared the updated proposal for review.,Germany,,Placement,,,SKU-9722,105637,,,Beta,,,100278,
100494,Placement,107284,avery.sloan@examplecorp.test,Chen Brooks,2023-05-07 15:06:00,arjun.whitfield@demomail.test,Drew Patel,2025-02-15 21:33:00,arjun.calder@examplecorp.test,Casey Calder,2023-07-16 22:46:00,,,,Y,Alex Calder,101518,Everest Dynamics Co,Customer Support,Mei Blake,HR Generalist,2025-12-07,2026-06-15,Inactive,,100700,100239,Customer Support,100735,SKU-4628,2090,Delta,3949,2296,9192,Alpha,Alpha,100791,,HR Generalist Placement,,,"7,624",Yes,taylor.sloan@examplecorp.test,*NONE,100094,Riley Cohen,101338,Delta,,100576,,,,,New,SKU-4370,,101652,Beta,,,,Austin,100217,,,Other,100469,,,,,,,,,,101243,,Budget Cut,100608,Voluntary,100410,Y,Exceeded,Reviewed performance and gathered feedback.,United States,100096,Direct Hire,100590,,TAG-4848,106019,,,Delta,,,,
100322,Placement,107287,quinn.brooks@examplecorp.test,Emerson Garcia,2023-09-06 16:45:00,elena.ford@sampleco.test,Alex Ashby,2025-09-13 23:33:00,diego.silva@acme-fake.test,Rowan Silva,2025-01-11 04:01:00,,,,N,Casey Silva,101787,Lakeside Partners LLP,Software Engineering,Drew Reyes,Executive Assistant,2023-11-08,,Active - Placed,,100174,100277,Software Engineering,,REF-9919,5450,Gamma,4299,956,8387,Gamma,Gamma,100514,,Executive Assistant Placement,,100423,"14,915",Yes,diego.nguyen@acme-fake.test,*NONE,100454,Sofia Ford,101689,Beta,,100458,"1,704",,,,Backfill,LOT-8632,,101701,Gamma,,,,Bengaluru,100355,,,Standard,100453,,,,,,,,,,100857,,,100516,,100047,N,,,Philippines,,Placement,100330,,SKU-7241,105110,,,Standard,,,100466,
100528,Placement,107289,liam.sloan@sampleco.test,Noah Nguyen,2024-11-24 07:33:00,alex.ivanov@examplecorp.test,Alex Ford,2024-04-24 08:08:00,diego.mensah@examplecorp.test,Quinn Ivanov,2025-12-31 00:37:00,,,,Y,Fatima Rossi,101469,Redwood Analytics Corp,Human Resources,Liam Nguyen,Financial Analyst,2025-10-23,2026-07-04,Inactive - Terminated,,100484,100092,Human Resources,100519,TAG-5018,4686,Standard,2864,9773,4280,Delta,Beta,100077,,Financial Analyst Placement,,100168,"13,656",Yes,liam.sato@demomail.test,*NONE,,Skyler Nguyen,100911,Beta,,,,,,,New,LOT-7611,REF-2392,101254,Delta,,,,Atlanta,100696,,,Standard,100739,,,,,,,,,,101001,,Budget Cut,,Involuntary,100009,Y,Met Expectations,Scheduled a check-in for the coming month.,Mexico,100743,Placement,100648,,TAG-6870,106168,,,Beta,,,,
100418,Placement,107292,fatima.nguyen@sampleco.test,Morgan Calder,2025-10-10 17:20:00,quinn.whitfield@examplecorp.test,Mei Nguyen,2023-11-05 09:38:00,drew.haddad@demomail.test,Rowan Costa,2023-03-18 10:09:00,,,,N,Yara Mercer,101707,Lakeside Manufacturing Corp,Sales,Rowan Ivanov,Data Analyst,2025-09-25,,Active - Terminated,100307,100137,100173,Sales,100375,LOT-6800,8629,Gamma,6109,6267,1270,Alpha,Gamma,100177,,Data Analyst Placement,,100634,"4,122",No,rahul.okafor@sampleco.test,*NONE,,Quinn Costa,101694,Standard,,100317,,,,,Backfill,REF-6950,SKU-9279,101223,Alpha,,,,Dallas,100161,,,Other,100737,,,,,,,,,,101664,,,,Voluntary,100252,Y,Exceeded,,Australia,,Placement,,,SKU-5988,105876,,,Gamma,,,100087,
100540,Placement,107293,taylor.okafor@acme-fake.test,Rowan Silva,2025-09-20 19:16:00,elena.calder@sampleco.test,Jamie Rossi,2025-01-15 08:56:00,nina.sloan@examplecorp.test,Omar Garcia,2026-02-10 10:16:00,,,,N,Taylor Sato,100881,Meridian Foods,Marketing,Diego Costa,Support Specialist,2026-05-19,2026-07-19,Inactive,100624,100393,100019,Marketing,100420,REF-5010,6986,Gamma,5795,8456,6434,Standard,Alpha,100386,,Support Specialist Placement,,100307,"15,593",No,arjun.nguyen@demomail.test,*NONE,,Reese Ashby,101041,Delta,,100169,,,"4,907",,New,TAG-1940,TAG-5773,100920,Alpha,,,,Denver,100345,,,Beta,100055,,,,,,,,,,101054,,,100540,Involuntary,100155,N,Below,Shared the updated proposal for review.,Mexico,100558,Trial,100616,,REF-2080,105837,,,Beta,,,100611,
100054,Placement,107294,rowan.whitfield@demomail.test,Nina Dorsey,2023-06-14 05:30:00,riley.silva@demomail.test,Yara Kim,2023-12-07 10:56:00,riley.rossi@examplecorp.test,Arjun Brooks,2025-07-20 01:16:00,,,,Y,Liam Okafor,101614,Granite Solutions Ltd,Recruiting,Omar Reyes,Customer Success Manager,2025-01-13,2026-07-29,Inactive,100128,100103,100558,Recruiting,,SKU-6163,5676,Gamma,6169,4560,3977,Other,Standard,100671,,Customer Success Manager Placement,,,"10,248",Yes,jordan.haddad@demomail.test,*NONE,100724,Omar Whitfield,101018,,,100471,,,,,New,REF-5786,LOT-6214,101353,Other,,,,London,100514,,,Other,100383,,,,,,,,,,101351,,,,Involuntary,100559,Y,Met Expectations,Shared the updated proposal for review.,Canada,,Placement,,,REF-1170,105566,,,Alpha,,,100724,
100559,Placement,107297,marco.sloan@acme-fake.test,Omar Costa,2025-04-03 06:38:00,jamie.costa@acme-fake.test,Omar Garcia,2023-09-22 15:38:00,reese.vance@examplecorp.test,Jamie Whitfield,2025-07-05 22:45:00,,,,Y,Marco Kim,100988,Meridian Group LLP,Finance,Emerson Vance,Project Manager,2026-01-23,,Active - Placed,100133,100702,100325,Finance,,TAG-6314,7876,Delta,4784,912,3445,Standard,Delta,100554,,Project Manager Placement,,,"12,407",No,morgan.costa@demomail.test,Harbor Media LLP,,Jordan Ivanov,101152,Standard,,100487,,,,,Backfill,SKU-4475,,101406,Other,,,,Mumbai,100436,,,Beta,100007,,,,,,,,,,100965,,,100570,Voluntary,100339,Y,Exceeded,,Canada,,Placement,100393,,TAG-9485,105140,,,Other,,,100651,
100460,Placement,107299,diego.patel@acme-fake.test,Omar Nguyen,2024-10-03 10:32:00,yara.ivanov@examplecorp.test,Taylor Sloan,2024-04-10 15:48:00,marco.larsson@sampleco.test,Marco Brooks,2023-02-13 15:06:00,,,,N,Noah Sato,100998,Lakeside Robotics Co,Software Engineering,Marco Dorsey,Operations Associate,2024-01-28,,Active - Placed,,100188,100596,Software Engineering,,TAG-5014,8934,Alpha,2968,9114,373,Alpha,Gamma,100284,,Operations Associate Placement,,100747,"7,616",No,riley.silva@acme-fake.test,*NONE,,Alex Sloan,100862,Beta,,,"1,466",,,,Backfill,SKU-4570,SKU-4598,100876,Delta,,,,Mumbai,100145,,,Beta,100750,,,,,,,,,,101386,,,100083,Involuntary,100635,Y,,,United States,,Direct Hire,100717,,REF-3838,106178,,,Beta,,,,
100787,Placement,107302,taylor.nguyen@demomail.test,Nina Ivanov,2025-07-22 19:11:00,mei.mercer@examplecorp.test,Quinn Patel,2024-04-20 09:39:00,marco.ivanov@demomail.test,Elena Dorsey,2024-04-03 19:17:00,,,,N,Yara Larsson,101343,Silverline Energy Co,Customer Support,Riley Ivanov,Marketing Coordinator,2026-01-11,2026-07-21,Inactive,100023,100094,100199,Customer Support,100449,TAG-7244,3304,Beta,1983,7315,709,Delta,Alpha,100199,,Marketing Coordinator Placement,,100303,"11,635",Yes,elena.ashby@sampleco.test,*NONE,,Chen Vance,101766,Delta,,100616,,,,,New,TAG-9169,TAG-4951,101687,Gamma,,,,Phoenix,100782,,,Beta,100442,,,,,,,,,,101128,,,100307,Involuntary,100005,N,Met Expectations,Discussed timeline and next steps with the account.,United Kingdom,100522,Placement,100118,,REF-2703,105217,,,Standard,,,100247,
100765,Placement,107304,alex.ashby@acme-fake.test,Noah Calder,2024-04-14 13:48:00,rahul.whitfield@examplecorp.test,Casey Sato,2025-01-13 23:56:00,emerson.brooks@examplecorp.test,Rowan Costa,2024-04-25 05:03:00,,,,Y,Liam Silva,101409,Vertex Analytics,Recruiting,Arjun Mercer,Software Developer,2025-01-23,,Active - Placed,,100504,100451,Recruiting,100403,TAG-5703,5640,Delta,7543,7767,206,Gamma,Other,100627,,Software Developer Placement,,100029,"14,170",No,jordan.sato@demomail.test,*NONE,100366,Aisha Brooks,100944,Delta,,100035,,,"1,700",,New,LOT-7105,REF-8118,101398,Beta,,,,Chicago,100658,,,Gamma,100774,,,,,,,,,,101353,,,,Involuntary,100540,Y,Exceeded,,United States,,Placement,100389,,SKU-7234,106189,,,Delta,,,,
100194,Placement,107307,jordan.mercer@demomail.test,Priya Sato,2026-04-26 10:25:00,liam.okafor@sampleco.test,Liam Mensah,2023-06-17 23:24:00,alex.vance@acme-fake.test,Nina Larsson,2022-12-16 03:27:00,,,,N,Nina Kim,101472,Silverline Partners Co,Accounting,Casey Ashby,Accountant,2023-06-17,,Active - Placed,,100005,100782,Accounting,100199,TAG-1285,690,Standard,191,5385,9766,Standard,Standard,100035,,Accountant Placement,,100473,"3,215",No,taylor.larsson@acme-fake.test,*NONE,100750,Rowan Calder,101062,Other,Delta,100768,874,,,,New,SKU-7263,,101556,Other,,,,Denver,100244,,,Delta,100311,,,,,,,,,,100820,,,100651,Involuntary,100659,N,Below,,United States,100559,Backfill,,,REF-5499,106607,,,Gamma,,,,
100250,Placement,107310,quinn.mercer@acme-fake.test,Nina Nguyen,2025-01-31 16:22:00,diego.sloan@acme-fake.test,Marco Calder,2022-12-10 18:13:00,drew.haddad@demomail.test,Drew Mensah,2024-10-14 21:33:00,,,,Y,Riley Haddad,101024,Cardinal Holdings Group,Data & Analytics,Jordan Okafor,Project Manager,2024-05-08,,Active - Placed,,100678,100082,Data & Analytics,,SKU-2900,3135,Alpha,8939,9893,9029,Standard,Gamma,100771,,Project Manager Placement,,100319,"6,399",No,rowan.reyes@sampleco.test,Beacon Ventures Corp,100664,Casey Vance,101152,Alpha,,,,,,,New,SKU-3927,LOT-5897,101688,Delta,,,,Manila,100654,,,Standard,100335,,,,,,,,,,101325,,,100710,Voluntary,100147,Y,Exceeded,,United States,100590,Placement,,,SKU-3932,104904,,,Other,,,,
100330,Placement,107313,yara.silva@examplecorp.test,Elena Kim,2024-06-15 12:01:00,morgan.ford@acme-fake.test,Emerson Mensah,2024-05-07 15:34:00,omar.cohen@acme-fake.test,Skyler Brooks,2024-07-15 08:47:00,,,,Y,Riley Rossi,100909,Brightpath Labs LLP,Accounting,Omar Blake,Customer Success Manager,2023-07-03,,Active - Placed,100336,100137,100029,Accounting,100691,TAG-9443,9174,Delta,9961,7281,2326,Delta,Delta,100478,,Customer Success Manager Placement,,100429,"6,274",No,rahul.ivanov@sampleco.test,Lakeside Capital LLP,,Quinn Kim,101041,Delta,,100476,,,,,New,LOT-9649,LOT-5596,101742,Other,,,,Mumbai,100181,,,Gamma,100399,,,,,,,,,,100928,,,100660,Involuntary,100713,N,,,Mexico,100315,Placement,100383,,LOT-8364,105736,,,Gamma,,,,
100432,Placement,107315,rahul.vance@sampleco.test,Fatima Whitfield,2025-09-02 07:32:00,aisha.okafor@sampleco.test,Quinn Brooks,2026-02-22 02:00:00,arjun.blake@demomail.test,Taylor Mensah,2025-03-21 15:59:00,,,,N,Mei Dorsey,100967,Blue Ridge Financial LLC,Finance,Arjun Brooks,Accountant,2025-11-13,,Active - Placed,,100128,100421,Finance,100082,TAG-3889,4919,Standard,8914,7237,6886,Other,Other,100658,,Accountant Placement,,,"5,874",Yes,morgan.cohen@examplecorp.test,Blue Ridge Labs,100484,Avery Haddad,100800,Other,,100305,"1,143",,"3,922",,New,TAG-3726,,101561,Other,,,,Austin,100314,,,Standard,100717,,,,,,,,,,101138,,,100396,Voluntary,100654,Y,Exceeded,,Philippines,,Direct Hire,100246,,TAG-7884,105566,,,Gamma,,,100484,
100300,Placement,107316,skyler.sloan@sampleco.test,Emerson Sato,2023-09-15 01:05:00,aisha.blake@examplecorp.test,Taylor Ashby,2023-12-10 03:35:00,jamie.sato@sampleco.test,Aisha Larsson,2022-11-27 23:51:00,,,,Y,Rowan Cohen,100809,Summit Solutions Group,Software Engineering,Marco Ford,Project Manager,2025-04-05,,Active - Placed,,100023,100299,Software Engineering,100387,TAG-2368,1411,Other,1648,4548,7032,Gamma,Standard,100790,,Project Manager Placement,,,"7,270",No,skyler.mensah@acme-fake.test,*NONE,,Rowan Brooks,101379,Standard,,100696,495,,,,New,SKU-3079,,101185,Gamma,,,,Mumbai,100281,,,Other,100055,,,,,,,,,,101730,,,100439,Voluntary,100495,,Below,,Philippines,,Placement,100348,,LOT-8306,106408,,,Alpha,,,100380,
100756,Placement,107319,drew.silva@examplecorp.test,Diego Kim,2025-07-16 22:45:00,taylor.mercer@acme-fake.test,Aisha Ivanov,2025-02-13 02:18:00,fatima.patel@acme-fake.test,Jordan Larsson,2025-01-28 01:55:00,,,,N,Priya Nguyen,101606,Horizon Holdings Ltd,Marketing,Chen Mensah,Executive Assistant,2024-09-22,2026-07-31,Inactive,,100007,100269,Marketing,100366,REF-9036,8702,Alpha,549,7137,9385,Standard,Gamma,100257,,Executive Assistant Placement,,100774,"10,027",No,mei.patel@demomail.test,*NONE,100026,Arjun Patel,101493,Alpha,,,"1,407",,,,Backfill,REF-5700,SKU-8463,101073,Gamma,,,,Denver,100651,,,Delta,100182,,,,,,,,,,101661,,Project Ended,100050,Involuntary,100410,,Exceeded,Reviewed performance and gathered feedback.,Philippines,100451,Bench,100697,,SKU-7992,105622,,,Beta,,,100665,
100319,Placement,107322,mei.cohen@acme-fake.test,Fatima Whitfield,2023-09-27 18:18:00,omar.haddad@examplecorp.test,Marco Brooks,2023-08-19 09:19:00,alex.silva@demomail.test,Elena Costa,2025-03-30 20:27:00,,,,Y,Nina Mercer,101399,Ironwood Health,Sales,Rowan Rossi,Executive Assistant,2024-11-04,,Active - Terminated,,100608,100651,Sales,100418,TAG-4205,2039,Alpha,9640,7099,2116,Standard,Standard,100650,,Executive Assistant Placement,,100137,"8,574",Yes,noah.rossi@examplecorp.test,Granite Energy Inc,100385,Diego Calder,101730,Gamma,,100468,,,,,Backfill,REF-4029,LOT-8017,101684,Beta,,,,Austin,100540,,,Delta,100724,,,,,,,,,,101043,,,100471,,100756,Y,Exceeded,,Mexico,100215,Placement,,,SKU-8355,106515,,,Other,,,100570,
100149,Placement,107323,noah.reyes@examplecorp.test,Chen Mercer,2026-03-02 05:21:00,avery.ivanov@examplecorp.test,Emerson Brooks,2023-07-17 16:08:00,chen.whitfield@acme-fake.test,Sofia Ivanov,2024-10-01 09:06:00,,,,Y,Elena Larsson,101009,Beacon Health Inc,Operations,Taylor Costa,Accountant,2024-11-27,2026-07-09,Inactive - Terminated,,100405,100790,Operations,100130,SKU-6915,8059,Standard,3244,7965,2628,Alpha,Standard,100385,,Accountant Placement,,100454,"9,964",Yes,rahul.calder@sampleco.test,*NONE,100665,Avery Whitfield,101570,Delta,,,,,,,New,LOT-1354,,101682,Beta,,,,Manila,100559,,,Alpha,100661,,,,,,,,,,101531,,,100205,,100211,N,Met Expectations,Resolved the outstanding question about scope.,United States,,Direct Hire,,,REF-5765,105935,,,Delta,,,100359,
100372,Placement,107326,elena.silva@sampleco.test,Rowan Brooks,2022-11-24 05:23:00,drew.mensah@examplecorp.test,Diego Sato,2023-12-13 19:33:00,riley.whitfield@demomail.test,Sofia Vance,2025-06-30 12:00:00,,,,Y,Omar Okafor,101366,Evergreen Robotics Ltd,Finance,Chen Okafor,Software Developer,2024-12-21,,Active - Terminated,100082,100071,100120,Finance,100058,REF-3910,7635,Alpha,7724,2136,6532,Gamma,Delta,100142,,Software Developer Placement,,100423,,Yes,elena.patel@acme-fake.test,*NONE,,Diego Blake,101215,Gamma,,100595,,,,,New,SKU-2416,,101444,Alpha,,,,Seattle,100378,,,Standard,100503,,,,,,,,,,101548,,,100023,Involuntary,100244,N,Below,,Philippines,100635,Placement,100055,,SKU-4621,106551,,,Alpha,,,100147,
100068,Placement,107327,mei.kim@demomail.test,Taylor Ford,2023-01-17 23:08:00,avery.reyes@acme-fake.test,Arjun Sato,2025-12-24 03:35:00,nina.okafor@sampleco.test,Chen Blake,2023-07-02 20:38:00,,,,Y,Avery Okafor,100988,Pioneer Solutions Corp,Data & Analytics,Priya Whitfield,Accountant,2025-11-21,2026-07-13,Inactive - Terminated,,100548,100286,Data & Analytics,100550,SKU-1741,903,Beta,6835,7347,7386,Beta,Beta,100595,,Accountant Placement,,100758,"8,382",No,taylor.blake@acme-fake.test,*NONE,100519,Skyler Rossi,101151,Alpha,,100244,,,"4,151",,New,SKU-1219,REF-8882,101649,Standard,,,,Austin,100741,,,Alpha,100221,,,,,,,,,,101502,,Relocation,100565,Voluntary,100362,Y,,Reviewed performance and gathered feedback.,Canada,100267,Bench,100730,,SKU-1073,106568,,,Delta,,,,
100188,Placement,107329,elena.ivanov@sampleco.test,Quinn Kim,2024-04-22 16:05:00,nina.larsson@sampleco.test,Rowan Garcia,2026-02-01 13:47:00,sofia.ford@acme-fake.test,Aisha Sato,2025-11-16 14:30:00,,,,Y,Marco Mercer,101133,Brightpath Manufacturing LLP,Finance,Chen Okafor,Executive Assistant,2023-06-12,,Active - Placed,,100137,100278,Finance,100019,REF-3072,4855,Standard,6409,2916,1307,Delta,Other,100528,,Executive Assistant Placement,,100068,"6,146",Yes,noah.sato@examplecorp.test,*NONE,,Reese Garcia,100951,Gamma,,,,,"2,151",,Backfill,REF-7591,,100880,Alpha,,,,Phoenix,100732,,,Gamma,100298,,,,,,,,,,101621,,,100735,Involuntary,100139,N,Exceeded,,Australia,,Placement,,,SKU-3636,105071,,,Beta,,,100134,
100672,Placement,107332,fatima.ashby@demomail.test,Drew Ashby,2025-06-04 23:17:00,noah.vance@demomail.test,Mei Cohen,2024-06-01 08:31:00,noah.larsson@sampleco.test,Jordan Mercer,2022-10-06 08:19:00,,,,N,Fatima Garcia,101159,Granite Logistics Corp,Finance,Marco Reyes,Software Developer,2025-03-05,2026-06-19,Inactive - Terminated,100519,100208,100538,Finance,100023,SKU-6290,7917,Alpha,9281,6907,1530,Gamma,Delta,100005,,Software Developer Placement,,100359,"13,780",No,mei.ivanov@sampleco.test,Harbor Robotics,,Elena Kim,101107,Beta,,100696,,,,,New,TAG-8470,,101393,Delta,,,,Seattle,100185,,,Standard,100632,,,,,,,,,,101538,,Project Ended,100582,,100028,N,Met Expectations,Reviewed performance and gathered feedback.,Germany,100194,Placement,,,REF-8424,106584,,,Other,,,100281,
100667,Placement,107333,casey.silva@examplecorp.test,Mei Blake,2023-12-02 15:46:00,skyler.vance@sampleco.test,Rahul Ivanov,2026-06-03 17:33:00,alex.cohen@examplecorp.test,Emerson Kim,2023-08-23 18:32:00,,,,N,Priya Mercer,100887,Harbor Solutions Ltd,Marketing,Morgan Kim,Software Developer,2025-11-25,,Active - Placed,100295,100386,100079,Marketing,100133,REF-4030,2144,Delta,963,5290,4206,Standard,Delta,100121,,Software Developer Placement,,,"15,830",Yes,aisha.sato@sampleco.test,*NONE,,Marco Okafor,101458,Standard,,,,,,,New,REF-3095,TAG-4343,100990,Other,,Standard,,Denver,100038,,,Alpha,100683,,,,,,,,,,101059,,,100046,,100466,Y,,,Philippines,,Bench,100246,,SKU-8904,106280,,,Standard,,,100278,
100669,Placement,107334,yara.ivanov@demomail.test,Fatima Whitfield,2023-02-06 09:53:00,quinn.ashby@demomail.test,Jordan Ford,2024-10-17 21:48:00,avery.kim@acme-fake.test,Avery Reyes,2024-10-17 13:10:00,,,,Y,Jordan Cohen,101781,Blue Ridge Labs Co,Accounting,Riley Dorsey,Software Developer,2026-01-06,,Active - Placed,,100014,100425,Accounting,,REF-5661,4419,Gamma,8082,4566,4676,Other,Delta,100288,,Software Developer Placement,,,"3,771",No,rowan.costa@sampleco.test,Evergreen Dynamics Inc,100619,Nina Kim,101589,,,100366,"1,598",,,,New,TAG-8974,REF-1784,101437,Alpha,,,,Toronto,100123,,,Alpha,100650,,,,,,,,,,101007,,,100787,Voluntary,100412,Y,Exceeded,,Mexico,,Placement,100142,,SKU-4778,106159,,,Beta,,,100401,
100462,Placement,107336,morgan.kim@sampleco.test,Jordan Mensah,2025-09-12 18:42:00,arjun.ford@examplecorp.test,Liam Sato,2022-10-21 17:10:00,elena.costa@acme-fake.test,Noah Costa,2022-11-03 09:26:00,,,,N,Taylor Sloan,101661,Everest Health Corp,Human Resources,Liam Haddad,Operations Associate,2023-06-02,,Active - Placed,,100768,100428,Human Resources,100219,SKU-2536,7502,Gamma,6260,6002,6718,Alpha,Alpha,100026,,Operations Associate Placement,,100246,"5,941",Yes,sofia.blake@sampleco.test,*NONE,100740,Skyler Costa,101701,Beta,,,,,,,New,,TAG-9445,101771,Alpha,,,,London,100387,,,Standard,100073,,,,,,,,,,101781,,,100092,Involuntary,100371,N,Below,,United States,100467,Placement,100441,,SKU-8534,105862,,,Delta,,,100710,
100478,Placement,107339,liam.ivanov@demomail.test,Jordan Cohen,2023-06-05 18:17:00,reese.costa@acme-fake.test,Riley Ford,2025-02-24 19:59:00,alex.haddad@acme-fake.test,Priya Whitfield,2025-05-01 11:20:00,,,,N,Sofia Nguyen,101140,Beacon Analytics Group,Finance,Chen Nguyen,Customer Success Manager,2023-11-01,,Active - Placed,100139,100590,100320,Finance,,TAG-5097,3617,Standard,3319,6120,7860,Delta,Gamma,100284,,Customer Success Manager Placement,,100481,"13,846",Yes,avery.blake@demomail.test,Brightpath Textiles LLC,100273,Riley Nguyen,101197,Delta,,100343,,,"4,901",,New,SKU-5583,TAG-5537,101132,Delta,,,,Bengaluru,100155,,,Gamma,100467,,,,,,,,,,101101,,,,,100691,Y,Exceeded,,United Kingdom,100231,Placement,100756,,LOT-7139,106317,,,Beta,,,100362,
100702,Placement,107340,taylor.calder@acme-fake.test,Diego Costa,2023-03-17 12:07:00,drew.nguyen@acme-fake.test,Noah Larsson,2022-11-20 17:23:00,avery.garcia@examplecorp.test,Alex Blake,2026-03-06 16:35:00,,,,N,Quinn Kim,101419,Beacon Health Group,Customer Support,Skyler Haddad,Recruiter,2023-06-19,2026-07-26,Inactive,100256,100629,100574,Customer Support,100741,TAG-9728,3324,Alpha,1919,7431,2028,Standard,Gamma,100522,,Recruiter Placement,,100260,"9,917",Yes,alex.cohen@examplecorp.test,*NONE,,Chen Reyes,100825,Gamma,,100211,,,"1,574",,New,REF-5240,,101731,Beta,,,,Mumbai,100514,,,Beta,100675,,,,,,,,,,101776,,Relocation,100596,Voluntary,100028,,Exceeded,Followed up on the open items from last week.,Canada,100149,Placement,100205,,SKU-9227,106184,,,Delta,,,100504,
100221,Placement,107341,arjun.kim@acme-fake.test,Priya Ashby,2024-07-05 02:27:00,taylor.kim@acme-fake.test,Riley Cohen,2025-05-06 07:27:00,drew.calder@sampleco.test,Riley Dorsey,2025-01-29 11:46:00,,,,Y,Chen Garcia,101707,Keystone Ventures Ltd,Human Resources,Liam Calder,Accountant,2023-04-24,2026-07-24,Inactive,100726,100350,100717,Human Resources,,TAG-6656,5916,Gamma,737,5231,3723,Standard,Gamma,100157,,Accountant Placement,,100325,"14,853",Yes,elena.haddad@sampleco.test,Brightpath Textiles LLP,100157,Riley Mercer,101002,Standard,,,,,611,,New,TAG-4131,,101152,Delta,,,,Chicago,100349,,,Standard,100349,,,,,,,,,,101701,,Budget Cut,100031,,100578,Y,Below,Shared the updated proposal for review.,Mexico,100106,Backfill,100469,,LOT-2519,105748,,,Delta,,,100284,
100109,Placement,107343,yara.okafor@sampleco.test,Emerson Reyes,2023-10-27 20:43:00,alex.haddad@examplecorp.test,Omar Cohen,2023-11-30 13:59:00,marco.nguyen@examplecorp.test,Skyler Ashby,2024-07-25 02:45:00,,,,Y,Nina Vance,101784,Pioneer Manufacturing Corp,Software Engineering,Yara Mercer,Payroll Specialist,2026-05-08,2026-06-26,Inactive,100475,100743,100217,Software Engineering,,REF-1761,2125,Standard,7597,301,6343,Gamma,Delta,100239,,Payroll Specialist Placement,,100288,"17,288",No,chen.silva@sampleco.test,*NONE,,Fatima Ashby,101289,Other,,100702,,,,,New,REF-8350,LOT-3038,101461,Standard,,,,Chicago,100751,,,Gamma,100604,,,,,,,,,,100956,,Performance,,Voluntary,100671,N,Below,Resolved the outstanding question about scope.,Canada,100112,Placement,100348,,LOT-1480,105545,,,Beta,,,100103,
100516,Placement,107346,reese.cohen@demomail.test,Reese Calder,2025-01-18 01:23:00,jordan.blake@acme-fake.test,Mei Reyes,2023-02-28 05:44:00,taylor.vance@acme-fake.test,Riley Kim,2026-06-02 01:42:00,,,,N,Alex Brooks,100928,Brightpath Networks,Software Engineering,Riley Haddad,Customer Success Manager,2023-11-26,2026-07-17,Inactive - Terminated,100759,100174,100119,Software Engineering,100118,LOT-9360,2818,Beta,6846,7950,9025,Beta,Gamma,100224,,Customer Success Manager Placement,,100161,"4,347",Yes,arjun.reyes@examplecorp.test,*NONE,,Avery Garcia,100799,Other,,100383,,,,,Backfill,SKU-5043,SKU-7051,101018,Alpha,,,,Toronto,100210,,,Alpha,100298,,,,,,,,,,101479,,Project Ended,100590,,100086,Y,,Followed up on the open items from last week.,India,100756,Placement,100112,,TAG-1079,105766,,,Standard,,,,
100277,Placement,107347,fatima.brooks@examplecorp.test,Priya Vance,2025-01-12 12:47:00,omar.mercer@demomail.test,Morgan Mercer,2024-07-08 16:47:00,marco.kim@acme-fake.test,Jordan Vance,2024-02-14 17:13:00,,,,Y,Avery Dorsey,101265,Horizon Manufacturing LLC,Sales,Rahul Garcia,Financial Analyst,2025-10-13,,Active - Placed,,100077,100231,Sales,100568,SKU-9786,4908,Standard,1093,9374,1159,Other,Gamma,100369,,Financial Analyst Placement,,100177,"3,906",No,elena.okafor@examplecorp.test,*NONE,,Jamie Kim,101104,Standard,,,323,,,,New,TAG-9689,TAG-8771,100942,Standard,,,,Bengaluru,100077,,,Gamma,100174,,,,,,,,,,100924,,,100548,Involuntary,100558,Y,Met Expectations,,Philippines,,Bench,,,TAG-3568,106490,,,Other,,,100538,
100786,Placement,107350,casey.dorsey@examplecorp.test,Marco Reyes,2024-06-05 11:35:00,jamie.mercer@demomail.test,Priya Ford,2026-07-05 21:48:00,sofia.okafor@sampleco.test,Reese Reyes,2023-01-29 21:16:00,,,,Y,Alex Ford,100817,Beacon Capital,Software Engineering,Rowan Mensah,Recruiter,2023-06-08,,Active - Placed,100484,100604,100514,Software Engineering,,TAG-7308,9951,Gamma,4248,4469,9681,Standard,Delta,100028,,Recruiter Placement,,,"6,779",No,riley.dorsey@examplecorp.test,Redwood Ventures,100768,Jamie Mensah,101246,Beta,,100696,617,,,,Backfill,LOT-4254,,101523,Beta,,,,Toronto,100784,,,Gamma,100726,,,,,,,,,,101510,,,100236,,,Y,Below,,United States,,Direct Hire,,,SKU-7150,106618,,,Standard,,,,
100496,Placement,107353,elena.costa@examplecorp.test,Nina Costa,2025-05-13 23:08:00,casey.garcia@sampleco.test,Elena Rossi,2023-05-23 20:40:00,nina.ashby@sampleco.test,Omar Rossi,2025-08-15 10:53:00,,,,Y,Omar Brooks,101235,Granite Foods LLC,Accounting,Riley Haddad,Financial Analyst,2025-09-19,,Active - Terminated,100561,100311,100473,Accounting,,LOT-9674,8680,Other,8073,1457,2154,Other,Gamma,100137,,Financial Analyst Placement,,100229,"15,082",Yes,sofia.haddad@sampleco.test,*NONE,100273,Aisha Garcia,101689,Delta,,,,,,,New,SKU-9407,,100815,Standard,,,,Austin,100147,,,Delta,100732,,,,,,,,,,100956,,,100542,Voluntary,100300,Y,Met Expectations,,India,100697,Bench,,,SKU-1775,105123,,,Alpha,,,,
100043,Placement,107356,avery.sato@demomail.test,Aisha Garcia,2023-07-03 18:59:00,fatima.vance@acme-fake.test,Nina Sloan,2026-02-28 18:40:00,elena.brooks@demomail.test,Morgan Costa,2024-05-06 02:29:00,,,,N,Jamie Sato,101256,Cobalt Ventures Group,Finance,Riley Kim,Support Specialist,2023-06-01,2026-07-08,Inactive - Terminated,100737,100545,100359,Finance,,SKU-9417,7041,Standard,8731,8324,8106,Alpha,Other,100137,,Support Specialist Placement,,,"1,545",Yes,jamie.patel@sampleco.test,Pioneer Networks LLC,100281,Elena Reyes,101180,,,,,,"1,371",,Backfill,TAG-3872,LOT-1533,101449,Other,,Beta,,Chicago,100123,,,Delta,100204,,,,,,,,,,100800,,Unmet Expectations,100453,Involuntary,,N,Met Expectations,Resolved the outstanding question about scope.,Canada,100478,Bench,,,TAG-9225,106448,,,Gamma,,,,
100587,Placement,107357,arjun.sloan@demomail.test,Marco Haddad,2025-07-05 20:33:00,chen.garcia@sampleco.test,Skyler Rossi,2025-05-24 12:18:00,aisha.haddad@sampleco.test,Jordan Kim,2025-11-11 20:24:00,,,,N,Jordan Larsson,101736,Cardinal Ventures LLP,Sales,Omar Calder,Bookkeeper,2024-02-12,,Active - Placed,,100087,100787,Sales,100425,TAG-3846,7457,Alpha,9667,5124,120,Gamma,Gamma,100675,,Bookkeeper Placement,,,"2,018",Yes,casey.sato@demomail.test,*NONE,,Emerson Ashby,101657,Gamma,Other,100168,,,,,Backfill,SKU-9338,,101507,Beta,,,,Manila,100296,,,Standard,100624,,,,,,,,,,101493,,,100219,,100500,N,Met Expectations,,Germany,100654,Bench,100671,,REF-9130,105339,,,Delta,,,,
100061,Placement,107358,arjun.patel@sampleco.test,Fatima Nguyen,2023-06-30 13:18:00,sofia.kim@demomail.test,Aisha Reyes,2022-10-31 12:16:00,noah.brooks@acme-fake.test,Jamie Ashby,2025-12-15 03:05:00,,,,N,Noah Vance,101281,Harbor Capital Ltd,Human Resources,Reese Nguyen,Data Analyst,2026-05-03,2026-07-09,Inactive,100423,100453,100152,Human Resources,100284,SKU-8094,9594,Beta,1060,5643,7638,Other,Beta,100470,,Data Analyst Placement,,,"11,944",Yes,rahul.haddad@acme-fake.test,*NONE,,Skyler Haddad,101447,Alpha,,,,,,,New,LOT-5154,,101528,Standard,,,,Toronto,100134,,,Gamma,100147,,,,,,,,,,101285,,Budget Cut,100415,,100669,N,,Aligned on billing and renewal terms.,United Kingdom,100007,Placement,,,LOT-6996,105177,,,Other,,,100782,
100125,Placement,107360,casey.rossi@acme-fake.test,Diego Nguyen,2025-09-21 23:24:00,sofia.vance@examplecorp.test,Priya Blake,2023-02-15 02:01:00,reese.mensah@acme-fake.test,Riley Reyes,2022-11-18 23:48:00,,,,Y,Omar Dorsey,101724,Meridian Solutions Group,Customer Support,Alex Dorsey,Executive Assistant,2024-10-18,,Active - Placed,,100246,100208,Customer Support,100770,LOT-9292,3545,Alpha,840,4305,2801,Alpha,Beta,100624,,Executive Assistant Placement,,100296,"12,379",Yes,priya.garcia@demomail.test,*NONE,100181,Liam Garcia,101173,Other,,,"1,596",,"4,062",,New,REF-1750,REF-6775,100865,Delta,6193,,,Toronto,100525,,,Alpha,100281,,,,,,,,,,101592,,,100599,Involuntary,100061,N,,,Philippines,100412,Trial,100448,,REF-3186,105147,,,Other,,,100461,
100786,Placement,107363,omar.mensah@demomail.test,Liam Calder,2026-06-22 05:47:00,mei.reyes@examplecorp.test,Yara Rossi,2023-09-12 07:54:00,alex.rossi@examplecorp.test,Priya Rossi,2024-02-19 05:02:00,,,,N,Skyler Larsson,100802,Falcon Networks Inc,Marketing,Skyler Cohen,Project Manager,2024-06-06,,Active - Placed,100654,100134,100576,Marketing,100117,TAG-3015,9004,Alpha,502,1762,8431,Gamma,Gamma,100087,,Project Manager Placement,,100361,"12,337",No,noah.ashby@examplecorp.test,*NONE,100493,Sofia Larsson,100928,Standard,,,,,,,New,REF-6125,TAG-3913,101001,Beta,,,,Phoenix,100441,,,Other,100319,,,,,,,,,,101435,,,100092,Involuntary,100624,Y,,,Mexico,100281,Placement,,,REF-2090,106013,,,Alpha,,,100512,
100487,Placement,107364,casey.vance@sampleco.test,Arjun Ivanov,2025-03-20 07:55:00,diego.vance@demomail.test,Drew Sloan,2026-06-22 22:02:00,casey.vance@examplecorp.test,Rahul Calder,2026-02-11 04:44:00,,,,Y,Alex Dorsey,101419,Horizon Holdings LLC,Accounting,Avery Okafor,Project Manager,2023-06-12,2026-06-21,Inactive,100604,100647,100525,Accounting,100335,LOT-7218,5687,Other,3117,3442,9358,Alpha,Beta,100317,,Project Manager Placement,,100786,,Yes,morgan.rossi@demomail.test,*NONE,100576,Arjun Calder,100846,Beta,,100106,,,"2,950",,New,SKU-8514,LOT-6582,100820,Alpha,4115,,,Phoenix,100369,,,Other,100732,,,,,,,,,,101156,,Performance,100442,,100165,Y,,Scheduled a check-in for the coming month.,Mexico,,Direct Hire,100271,,REF-2534,105841,,,Beta,,,100790,
100418,Placement,107365,nina.vance@acme-fake.test,Casey Rossi,2026-04-26 23:09:00,rowan.blake@sampleco.test,Arjun Blake,2025-03-18 00:01:00,arjun.silva@acme-fake.test,Nina Cohen,2026-01-03 17:51:00,,,,N,Fatima Dorsey,101449,Beacon Dynamics Group,Finance,Jordan Okafor,Payroll Specialist,2024-02-19,,Active - Placed,,100217,100350,Finance,100168,REF-5342,6630,Standard,3755,7162,7099,Delta,Standard,100369,,Payroll Specialist Placement,,100648,"12,075",Yes,marco.haddad@examplecorp.test,*NONE,100465,Avery Cohen,101510,Other,,,,,"2,603",,New,REF-2657,,101767,Beta,,,,London,100317,,,Standard,100688,,,,,,,,,,100893,,,100221,Involuntary,100172,N,Met Expectations,,Canada,100224,Placement,100205,,SKU-8990,106340,,,Alpha,,,100118,
100165,Placement,107367,emerson.ashby@examplecorp.test,Mei Haddad,2026-01-02 20:00:00,reese.mensah@examplecorp.test,Taylor Dorsey,2023-09-25 21:12:00,drew.nguyen@acme-fake.test,Nina Mensah,2025-03-09 13:47:00,,,,Y,Morgan Ashby,100953,Cardinal Systems Inc,Operations,Elena Silva,Accountant,2025-10-22,,Active - Placed,100236,100601,100109,Operations,100478,LOT-9144,8058,Beta,5238,4828,5194,Standard,Beta,100606,,Accountant Placement,,100733,"12,709",Yes,fatima.ford@acme-fake.test,*NONE,100410,Mei Silva,101778,Gamma,,100514,,,,,New,REF-4919,TAG-5391,101308,Standard,,,,Austin,100458,,,Delta,100784,,,,,,,,,,101778,,,,,100177,Y,Met Expectations,,Australia,,Bench,,,SKU-3354,105281,,,Standard,,,,
100727,Placement,107370,reese.dorsey@sampleco.test,Taylor Larsson,2025-05-29 07:45:00,casey.brooks@examplecorp.test,Rowan Haddad,2024-11-01 19:14:00,emerson.nguyen@demomail.test,Rowan Calder,2024-05-05 15:41:00,,,,Y,Riley Silva,101306,Delta Retail Co,Accounting,Priya Ashby,HR Generalist,2025-05-13,2026-07-11,Inactive - Terminated,100336,100185,100300,Accounting,,TAG-2953,3343,Alpha,5504,6695,2362,Beta,Delta,100309,,HR Generalist Placement,,100691,"10,570",Yes,quinn.ashby@acme-fake.test,*NONE,100009,Yara Nguyen,101137,Other,,100399,,,"1,141",,New,SKU-4433,REF-6360,101706,Gamma,,,,Austin,100726,,,Delta,100244,,,,,,,,,,101264,,,100664,,100291,N,Below,Reviewed performance and gathered feedback.,Philippines,,Bench,,,LOT-9918,105938,,,Alpha,,,100714,
100559,Placement,107373,sofia.ivanov@demomail.test,Riley Mensah,2026-04-27 08:39:00,liam.haddad@demomail.test,Rowan Rossi,2022-12-20 10:13:00,morgan.rossi@demomail.test,Taylor Larsson,2023-02-11 09:56:00,,,,Y,Elena Nguyen,101102,Horizon Solutions Corp,Data & Analytics,Drew Blake,Executive Assistant,2026-02-16,,Active - Placed,100317,100380,100595,Data & Analytics,100462,LOT-5495,6591,Alpha,2529,7761,5649,Delta,Beta,100473,,Executive Assistant Placement,,100173,"7,368",No,aisha.nguyen@sampleco.test,Cobalt Ventures Corp,,Rahul Rossi,100892,Gamma,,100082,,,"1,167",,New,SKU-7845,,101746,Alpha,,,,Denver,100561,,,Alpha,100651,,,,,,,,,,100915,,,100033,Involuntary,,Y,Below,,Germany,,Bench,100172,,LOT-7252,105354,,,Beta,,,,
100699,Placement,107376,morgan.patel@demomail.test,Priya Ford,2025-10-19 07:43:00,riley.costa@sampleco.test,Sofia Sato,2022-12-04 09:25:00,emerson.rossi@sampleco.test,Jordan Patel,2024-01-08 16:37:00,,,,N,Aisha Garcia,101012,Harbor Holdings Ltd,Human Resources,Reese Rossi,Payroll Specialist,2025-11-12,,Active - Placed,,100629,100412,Human Resources,,LOT-5357,6636,Delta,9116,3144,9525,Other,Delta,100405,,Payroll Specialist Placement,,100787,"4,289",Yes,omar.dorsey@examplecorp.test,*NONE,100201,Diego Vance,101009,Standard,,,,,,,New,TAG-8793,TAG-5937,101003,Alpha,,,,Dallas,100203,,,Gamma,100756,,,,,,,,,,101322,,,100568,Voluntary,100545,Y,,,United States,100740,Placement,,,TAG-3196,105088,,,Other,,,,
100336,Placement,107377,riley.sloan@demomail.test,Quinn Okafor,2024-08-15 13:39:00,omar.haddad@acme-fake.test,Reese Calder,2023-05-10 12:36:00,priya.mensah@examplecorp.test,Nina Sato,2024-08-31 23:14:00,,,,N,Elena Ivanov,101178,Falcon Health Corp,Operations,Arjun Whitfield,Project Manager,2026-01-25,,Active - Placed,100100,100349,100593,Operations,100314,LOT-8051,5946,Alpha,1830,9272,2446,Standard,Other,100350,,Project Manager Placement,,,"7,830",Yes,rahul.blake@acme-fake.test,Ironwood Foods Group,100292,Noah Mercer,101191,Beta,,,,,,,Backfill,REF-8086,,101379,Beta,,,,Austin,100161,,,Gamma,100619,,,,,,,,,,101643,,,100791,Voluntary,100538,N,Below,,Germany,100611,Direct Hire,100448,,LOT-9196,105949,,,Alpha,,,,
100525,Placement,107380,elena.rossi@acme-fake.test,Alex Haddad,2026-03-28 07:55:00,riley.calder@examplecorp.test,Drew Calder,2025-12-25 14:32:00,chen.rossi@demomail.test,Casey Kim,2024-09-10 04:50:00,,,,N,Liam Ford,101156,Granite Capital,Finance,Nina Whitfield,HR Generalist,2024-12-15,,Active - Placed,,100012,100181,Finance,,LOT-7793,3302,Delta,9690,2055,1873,Gamma,Beta,100252,,HR Generalist Placement,,,"17,706",Yes,jordan.ford@examplecorp.test,*NONE,100494,Taylor Vance,100940,Delta,,100740,"1,924",,,,New,SKU-1182,LOT-9066,101556,Gamma,,,,Bengaluru,100389,,,Beta,100514,,,,,,,,,,100815,,,100121,,100624,N,,,United States,100561,Bench,100640,,TAG-8071,105540,,,Alpha,,,100667,
100382,Placement,107381,drew.costa@sampleco.test,Skyler Ivanov,2023-07-06 23:17:00,omar.larsson@sampleco.test,Drew Okafor,2023-12-21 03:21:00,chen.mercer@sampleco.test,Reese Mensah,2025-02-05 12:19:00,,,,N,Rahul Haddad,101641,Brightpath Foods Corp,Marketing,Jamie Costa,Project Manager,2025-01-20,,Active - Placed,100606,100595,100023,Marketing,100330,TAG-1073,620,Other,900,4545,5185,Other,Gamma,100005,,Project Manager Placement,,100382,"9,407",Yes,alex.mensah@sampleco.test,*NONE,100149,Avery Dorsey,101122,Standard,,,,,,,New,REF-5182,,101479,Other,,Gamma,,Mumbai,100246,,,Gamma,100538,,,,,,,,,,101632,,,,,,Y,Below,,Philippines,,Backfill,,,SKU-2255,105757,,,Standard,,,100221,
100750,Placement,107384,quinn.silva@demomail.test,Priya Kim,2023-02-12 20:16:00,morgan.rossi@demomail.test,Priya Garcia,2025-02-12 03:28:00,priya.sato@acme-fake.test,Omar Haddad,2024-01-25 21:32:00,,,,Y,Reese Kim,101688,Blue Ridge Robotics Ltd,Customer Support,Skyler Costa,Executive Assistant,2024-04-05,2026-06-11,Inactive,,100407,100675,Customer Support,100220,LOT-8359,1198,Other,6636,9102,7285,Beta,Standard,100555,,Executive Assistant Placement,,100156,"12,226",Yes,emerson.nguyen@sampleco.test,*NONE,,Omar Silva,100929,Beta,,100727,,,,,New,LOT-6486,SKU-9424,101344,Gamma,,Delta,,Atlanta,100157,,,Beta,100046,,,,,,,,,,101266,,Budget Cut,100765,,100645,Y,Exceeded,Shared the updated proposal for review.,Australia,,Placement,100707,,REF-6659,106195,,,Standard,,,,
100467,Placement,107385,priya.haddad@sampleco.test,Riley Sloan,2022-11-10 23:42:00,avery.cohen@acme-fake.test,Reese Costa,2026-01-29 19:43:00,elena.ivanov@demomail.test,Fatima Ashby,2023-09-01 00:16:00,,,,N,Riley Blake,101023,Blue Ridge Networks,Accounting,Rowan Sato,QA Engineer,2025-01-19,,Active - Placed,100366,100042,100672,Accounting,,SKU-8129,384,Alpha,4954,3265,3509,Other,Alpha,100423,,QA Engineer Placement,,,"7,605",No,fatima.silva@sampleco.test,*NONE,100582,Mei Brooks,101429,Other,,,,,,,Backfill,LOT-3470,TAG-2109,101590,Beta,,,,Dallas,100407,,,Standard,100065,,,,,,,,,,101287,,,100193,,100357,N,Met Expectations,,Mexico,,Placement,,,SKU-2827,105003,,,Standard,,,100055,
100643,Placement,107387,priya.mensah@sampleco.test,Reese Silva,2024-12-06 18:32:00,noah.whitfield@examplecorp.test,Riley Reyes,2023-06-26 20:04:00,emerson.okafor@examplecorp.test,Alex Ford,2022-11-25 16:34:00,,,,N,Avery Sato,101320,Delta Logistics Inc,Accounting,Quinn Whitfield,Bookkeeper,2025-11-15,2026-06-19,Inactive - Terminated,100525,100043,100654,Accounting,100100,SKU-5059,8705,Delta,6870,5994,5207,Other,Beta,100724,,Bookkeeper Placement,,,"16,218",No,jordan.silva@demomail.test,*NONE,100035,Noah Cohen,101559,Other,,100656,,,"1,460",,Backfill,TAG-7352,REF-2502,101445,Other,,,,Mumbai,100112,,,Standard,100582,,,,,,,,,,101586,,Project Ended,100393,,100215,N,Below,Reviewed performance and gathered feedback.,Australia,100453,Placement,,,LOT-9941,105248,,,Alpha,,,100476,
100303,Placement,107390,diego.cohen@examplecorp.test,Alex Costa,2026-02-21 03:35:00,morgan.sato@examplecorp.test,Arjun Brooks,2023-12-29 04:38:00,drew.cohen@examplecorp.test,Chen Costa,2025-03-02 16:31:00,,,,N,Nina Costa,101110,Ironwood Textiles Inc,Finance,Aisha Kim,Project Manager,2023-08-27,2026-07-31,Inactive,100372,100487,100357,Finance,100453,LOT-2883,2305,Standard,1074,5093,3897,Standard,Standard,100026,,Project Manager Placement,,100458,"10,329",Yes,chen.vance@acme-fake.test,*NONE,100092,Emerson Haddad,101753,Delta,,100775,,,"1,084",,New,LOT-4160,REF-5110,101283,Beta,,,,Austin,100490,,,Delta,100434,,,,,,,,,,101450,,Project Ended,100291,Involuntary,100507,Y,,Noted a concern to revisit at the next sync.,Mexico,100765,Placement,100112,,LOT-9232,106476,,,Standard,,,,
100428,Placement,107393,noah.blake@demomail.test,Elena Ivanov,2026-07-04 19:54:00,sofia.haddad@sampleco.test,Nina Vance,2023-01-24 02:53:00,skyler.nguyen@demomail.test,Sofia Rossi,2026-01-04 16:13:00,,,,N,Liam Dorsey,101197,Atlas Retail Corp,Data & Analytics,Liam Sloan,Customer Success Manager,2023-12-13,,Active - Placed,100678,100169,100509,Data & Analytics,,REF-3741,130,Beta,5863,8492,4713,Beta,Delta,100145,,Customer Success Manager Placement,,100579,"4,633",Yes,drew.mercer@examplecorp.test,*NONE,,Yara Dorsey,101767,Other,,100554,,,,,New,LOT-4029,LOT-4491,101606,Other,,,,Phoenix,100226,,,Beta,100472,,,,,,,,,,101600,,,100574,Involuntary,100162,N,,,Canada,,Placement,,,REF-7539,106557,,,Delta,,,,
100540,Placement,107395,taylor.ashby@sampleco.test,Priya Whitfield,2024-01-18 20:51:00,omar.mensah@acme-fake.test,Diego Reyes,2024-03-09 16:05:00,omar.rossi@examplecorp.test,Nina Mensah,2023-07-17 23:13:00,,,,N,Taylor Okafor,100891,Lakeside Group LLP,Software Engineering,Avery Kim,Accountant,2026-01-01,2026-06-22,Inactive - Terminated,,100137,100147,Software Engineering,,REF-7510,5489,Delta,8334,5366,5652,Standard,Beta,100786,,Accountant Placement,,,"15,290",No,diego.mensah@sampleco.test,Horizon Systems Co,,Sofia Rossi,101341,Delta,,,,,,,New,REF-5336,,101274,Alpha,5783,,,Atlanta,100572,,,Standard,100469,,,,,,,,,,101082,,Unmet Expectations,100587,,100525,N,,Resolved the outstanding question about scope.,Australia,,Placement,100694,,SKU-2637,105510,,,Delta,,,,
100200,Placement,107396,skyler.silva@sampleco.test,Liam Brooks,2025-06-01 04:09:00,emerson.cohen@examplecorp.test,Alex Rossi,2025-06-30 15:49:00,jamie.larsson@examplecorp.test,Priya Sato,2024-03-21 02:07:00,,,,Y,Casey Reyes,100846,Evergreen Textiles Group,Recruiting,Chen Brooks,Financial Analyst,2023-08-30,,Active - Placed,,100271,100031,Recruiting,100162,LOT-4720,1537,Gamma,831,5126,2861,Beta,Gamma,100220,,Financial Analyst Placement,,100566,"13,506",No,jordan.rossi@examplecorp.test,*NONE,,Priya Okafor,101469,Delta,,,,,"2,841",,New,TAG-1801,,101276,Other,,,,Dallas,100578,,,Other,100774,,,,,,,,,,101507,,,100019,,100675,N,,,Mexico,100481,Placement,,,TAG-1893,106417,,,Beta,,,100606,
100768,Placement,107397,noah.ivanov@acme-fake.test,Drew Whitfield,2024-04-22 08:33:00,chen.cohen@demomail.test,Avery Patel,2026-04-09 05:09:00,noah.calder@examplecorp.test,Casey Dorsey,2023-08-30 16:24:00,,,,Y,Morgan Ford,101406,Lakeside Industries Inc,Software Engineering,Sofia Costa,Project Manager,2024-05-06,,Active - Placed,100478,100414,100420,Software Engineering,100033,TAG-2189,6874,Other,546,3435,9585,Standard,Gamma,100519,,Project Manager Placement,,100142,"11,531",No,taylor.garcia@demomail.test,Brightpath Labs,,Alex Ford,101213,Delta,,100432,"1,400",,,,New,REF-6873,SKU-4919,101354,Delta,,,,London,100357,,,Alpha,100244,,,,,,,,,,101719,,,100509,Voluntary,100572,N,,,Australia,100552,Placement,,,SKU-4087,105749,,,Gamma,,,100651,
100733,Placement,107400,sofia.mercer@sampleco.test,Nina Sato,2025-07-31 16:29:00,emerson.ivanov@sampleco.test,Omar Blake,2023-08-05 12:08:00,drew.okafor@sampleco.test,Elena Ashby,2023-07-02 00:08:00,,,,N,Casey Whitfield,101474,Cardinal Financial Co,Human Resources,Rowan Mercer,Customer Success Manager,2025-01-08,,Active - Placed,,100457,100627,Human Resources,,REF-1299,1761,Other,7076,5769,5868,Standard,Gamma,100787,,Customer Success Manager Placement,,100528,"17,763",Yes,mei.vance@acme-fake.test,*NONE,100611,Drew Dorsey,101548,Alpha,,100121,,,"2,702",,New,LOT-4816,TAG-5139,101281,Gamma,8761,,,Manila,100453,,,Standard,100743,,,,,,,,,,100902,,,100713,Involuntary,100339,,Below,,India,100718,Placement,,,REF-8524,106177,,,Alpha,,,100369,
100550,Placement,107403,marco.dorsey@sampleco.test,Marco Mercer,2026-04-25 08:43:00,reese.okafor@sampleco.test,Morgan Blake,2024-05-22 04:38:00,priya.calder@acme-fake.test,Aisha Ashby,2026-06-04 21:03:00,,,,Y,Liam Rossi,101531,Delta Health LLP,Data & Analytics,Rahul Kim,Project Manager,2024-10-28,,Active - Placed,,100083,100438,Data & Analytics,,REF-8596,5985,Delta,4815,4444,8956,Other,Gamma,100157,,Project Manager Placement,,,"8,236",Yes,liam.okafor@examplecorp.test,*NONE,100320,Rowan Dorsey,101128,Delta,,100172,,,"2,723",,New,LOT-7150,TAG-9723,100963,Gamma,3114,,,London,100467,,,Other,100311,,,,,,,,,,101669,,,100149,Voluntary,100410,Y,Exceeded,,Philippines,,Placement,,,LOT-2508,105331,,,Other,,,,
100273,Placement,107406,avery.silva@demomail.test,Noah Silva,2026-04-06 06:49:00,liam.sato@sampleco.test,Rowan Sloan,2023-09-21 04:49:00,avery.whitfield@demomail.test,Marco Silva,2026-02-05 03:24:00,,,,Y,Yara Ford,101506,Atlas Textiles Group,Data & Analytics,Emerson Okafor,Executive Assistant,2024-04-06,2026-06-13,Inactive,100570,100134,100026,Data & Analytics,,TAG-1896,391,Standard,5010,6275,542,Other,Alpha,100516,,Executive Assistant Placement,,100418,"12,261",No,casey.blake@sampleco.test,*NONE,100616,Quinn Costa,101604,Alpha,,,,,,,Backfill,LOT-6040,REF-6386,101376,Standard,,,,Phoenix,100542,,,Gamma,100118,,,,,,,,,,101755,,Converted to Direct Hire,100073,,100718,Y,Exceeded,Discussed timeline and next steps with the account.,Australia,100550,Placement,100400,,SKU-5149,105531,,,Gamma,,,,
100385,Placement,107409,yara.vance@acme-fake.test,Rahul Blake,2023-02-09 14:12:00,sofia.whitfield@sampleco.test,Arjun Ford,2025-05-27 00:36:00,quinn.okafor@demomail.test,Priya Mercer,2024-12-20 00:31:00,,,,N,Drew Sato,101700,Blue Ridge Solutions LLC,Human Resources,Reese Ivanov,Accountant,2025-08-06,2026-07-15,Inactive - Terminated,100436,100009,100307,Human Resources,100366,REF-5962,8069,Delta,7520,3254,2128,Other,Other,100686,,Accountant Placement,,100372,"17,827",Yes,reese.patel@acme-fake.test,*NONE,100418,Chen Patel,100923,Delta,,,,,,,Backfill,LOT-6914,SKU-5801,101704,Standard,,,,Dallas,100267,,,Alpha,100680,,,,,,,,,,101313,,Relocation,,Involuntary,100438,Y,Below,Followed up on the open items from last week.,Mexico,100629,Placement,100094,,LOT-8159,106441,,,Delta,,,,
100710,Placement,107411,skyler.mercer@examplecorp.test,Omar Rossi,2025-09-29 01:15:00,priya.reyes@acme-fake.test,Skyler Haddad,2024-10-07 09:23:00,chen.blake@demomail.test,Rowan Vance,2024-01-07 07:57:00,,,,Y,Priya Ashby,101497,Pioneer Robotics,Data & Analytics,Arjun Cohen,HR Generalist,2025-08-10,2026-07-03,Inactive - Terminated,,100295,100023,Data & Analytics,,TAG-9644,3843,Other,9066,735,7157,Standard,Delta,100500,,HR Generalist Placement,,100061,"6,295",No,arjun.vance@demomail.test,*NONE,100434,Alex Rossi,100978,Gamma,,,,,"1,369",,Backfill,REF-4021,TAG-2769,101259,Standard,,,,Phoenix,100357,,,Beta,100412,,,,,,,,,,101406,,Project Ended,100673,Involuntary,100759,Y,,Aligned on billing and renewal terms.,United Kingdom,,Trial,100658,,LOT-7684,105525,,,Alpha,,,100686,
100732,Placement,107413,riley.whitfield@sampleco.test,Diego Calder,2023-08-08 03:09:00,rowan.dorsey@examplecorp.test,Emerson Whitfield,2026-01-19 18:58:00,priya.ashby@demomail.test,Fatima Mercer,2024-01-20 04:59:00,,,,N,Priya Ford,100841,Brightpath Robotics LLP,Finance,Elena Costa,Data Analyst,2023-04-29,,Active - Placed,,100634,100410,Finance,,LOT-1724,4657,Standard,3401,4203,6560,Beta,Beta,100086,,Data Analyst Placement,,,"17,656",No,chen.okafor@sampleco.test,*NONE,100201,Alex Whitfield,101528,Beta,,100566,,,,,New,SKU-4523,,101320,Other,,,,Atlanta,100686,,,Standard,100468,,,,,,,,,,101292,,,100756,Involuntary,100438,Y,,,United Kingdom,100348,Placement,,,LOT-8299,106614,,,Delta,,,100466,
100509,Placement,107415,fatima.dorsey@examplecorp.test,Liam Reyes,2026-07-03 04:37:00,quinn.silva@demomail.test,Aisha Dorsey,2026-01-18 02:10:00,sofia.rossi@acme-fake.test,Elena Reyes,2026-04-24 13:14:00,,,,Y,Fatima Ashby,101711,Atlas Manufacturing LLC,Software Engineering,Jordan Dorsey,Financial Analyst,2025-10-20,2026-06-18,Inactive,100730,100785,100784,Software Engineering,100468,LOT-4281,9672,Delta,1986,5967,8023,Delta,Alpha,100750,,Financial Analyst Placement,,100269,"2,464",No,fatima.ivanov@sampleco.test,*NONE,,Rahul Haddad,101415,Beta,,,,,"4,960",,Backfill,REF-3008,,101719,Other,,,,Atlanta,100639,,,Alpha,100387,,,,,,,,,,100813,,Relocation,100217,Involuntary,100595,Y,Below,Aligned on billing and renewal terms.,United States,100264,Trial,100082,,LOT-5979,105647,,,Delta,,,100378,
100220,Placement,107418,sofia.garcia@demomail.test,Drew Rossi,2026-07-16 07:54:00,reese.mercer@demomail.test,Liam Ford,2023-04-21 23:01:00,fatima.mercer@acme-fake.test,Sofia Okafor,2026-04-10 00:18:00,,,,N,Aisha Haddad,101707,Atlas Financial LLC,Recruiting,Sofia Blake,Financial Analyst,2024-08-29,,Active - Placed,,100678,100118,Recruiting,100420,REF-3059,3853,Beta,3983,2780,567,Beta,Standard,100307,,Financial Analyst Placement,,100574,"4,730",Yes,jamie.blake@sampleco.test,*NONE,,Morgan Kim,100905,Standard,,100340,"1,737",,,,Backfill,SKU-9075,REF-5255,101252,Alpha,,,,Austin,100551,,,Standard,100291,,,,,,,,,,101676,,,100545,Involuntary,100087,,Met Expectations,,Philippines,100691,Bench,100471,,SKU-4966,105515,,,Alpha,,,,
100204,Placement,107420,omar.brooks@sampleco.test,Diego Patel,2023-01-15 08:15:00,riley.garcia@sampleco.test,Jordan Haddad,2023-07-31 14:30:00,jamie.vance@examplecorp.test,Drew Haddad,2024-08-28 14:19:00,,,,N,Skyler Dorsey,101185,Harbor Partners,Recruiting,Noah Sloan,Financial Analyst,2023-05-18,,Active - Placed,,100656,100267,Recruiting,100768,REF-2736,5441,Delta,2377,1620,8238,Other,Standard,100785,,Financial Analyst Placement,,100665,"15,388",No,diego.calder@sampleco.test,*NONE,100634,Rowan Calder,101354,Other,,100350,"1,385",,"3,918",,Backfill,LOT-9082,,101616,Gamma,,,,London,100118,,,Delta,100421,,,,,,,,,,101586,,,100233,,100271,N,,,Australia,100096,Placement,,,LOT-3186,106348,,,Beta,,,100707,
100112,Placement,107421,noah.ashby@acme-fake.test,Skyler Patel,2023-06-10 14:42:00,riley.ford@demomail.test,Mei Cohen,2024-05-26 19:24:00,arjun.whitfield@demomail.test,Marco Kim,2024-08-06 11:42:00,,,,Y,Reese Brooks,101463,Evergreen Retail Inc,Software Engineering,Taylor Whitfield,Customer Success Manager,2025-12-04,,Active - Placed,,100590,100743,Software Engineering,100665,LOT-1793,614,Alpha,6575,2861,7117,Beta,Other,100158,,Customer Success Manager Placement,,,"6,862",Yes,fatima.calder@examplecorp.test,*NONE,100495,Riley Blake,101177,Standard,,100596,,,,,New,TAG-9188,SKU-5060,101353,Alpha,,,,Atlanta,100468,,,Gamma,100155,,,,,,,,,,101497,,,100003,Involuntary,100659,,Exceeded,,Philippines,100387,Placement,,,SKU-4538,105990,,,Gamma,,,100468,
100205,Placement,107424,aisha.costa@demomail.test,Diego Ivanov,2024-04-30 06:41:00,priya.reyes@demomail.test,Jordan Vance,2024-09-28 02:01:00,omar.garcia@acme-fake.test,Jordan Mercer,2025-04-24 01:11:00,,,,N,Liam Okafor,101290,Atlas Dynamics LLP,Accounting,Marco Okafor,Financial Analyst,2024-02-10,,Active - Terminated,100487,100484,100120,Accounting,100309,LOT-5730,8100,Gamma,8484,5706,9675,Delta,Alpha,100029,,Financial Analyst Placement,,100256,"1,551",No,diego.blake@sampleco.test,Pioneer Group Ltd,100071,Taylor Brooks,101621,Other,,100689,,,,,New,SKU-4731,SKU-2823,100924,Other,,,,Toronto,100152,,,Beta,100449,,,,,,,,,,101211,,,100741,,100007,N,,,India,100185,Backfill,100271,,SKU-7775,105525,,,Other,,,,
100264,Placement,107427,arjun.ivanov@sampleco.test,Jamie Okafor,2025-04-03 11:12:00,quinn.sato@examplecorp.test,Yara Whitfield,2023-12-04 11:41:00,arjun.reyes@acme-fake.test,Yara Ivanov,2024-02-07 00:10:00,,,,Y,Nina Mercer,100951,Copper Dynamics LLP,Recruiting,Omar Vance,Operations Associate,2023-06-14,,Active - Placed,,100083,100220,Recruiting,100710,REF-7088,3421,Alpha,7577,872,3941,Other,Standard,100490,,Operations Associate Placement,,100273,"11,606",Yes,omar.patel@demomail.test,*NONE,100322,Sofia Ashby,101502,Beta,,,,,,,New,TAG-9596,TAG-9389,101439,Beta,,,,Mumbai,100311,,,Alpha,100468,,,,,,,,,,101207,,,100487,,100012,Y,Exceeded,,India,,Trial,100659,,REF-8912,105471,,,Other,,,100231,
100286,Placement,107428,nina.silva@acme-fake.test,Aisha Ashby,2024-02-02 12:54:00,skyler.patel@examplecorp.test,Arjun Garcia,2025-02-03 16:11:00,taylor.sloan@acme-fake.test,Rahul Larsson,2022-10-18 13:42:00,,,,Y,Yara Cohen,101304,Pioneer Holdings LLP,Operations,Elena Costa,HR Generalist,2024-03-22,,Active - Placed,100369,100514,100035,Operations,100128,SKU-4676,6038,Standard,6157,6713,7304,Delta,Delta,100264,,HR Generalist Placement,,100393,"12,321",No,yara.dorsey@demomail.test,*NONE,,Alex Larsson,101346,Beta,,,,,"1,824",,New,SKU-2729,SKU-8329,101679,Delta,870,,,Denver,100737,,,Beta,100678,,,,,,,,,,100928,,,100784,,100469,Y,Met Expectations,,Philippines,,Backfill,,,LOT-2046,105000,,,Gamma,,,100133,
100635,Placement,107430,elena.sloan@examplecorp.test,Morgan Haddad,2022-12-14 13:46:00,chen.ivanov@demomail.test,Casey Blake,2025-03-24 05:54:00,avery.ivanov@acme-fake.test,Priya Reyes,2024-04-23 19:42:00,,,,N,Skyler Reyes,101447,Lakeside Health Co,Human Resources,Emerson Dorsey,Recruiter,2023-12-31,2026-06-15,Inactive,100574,100067,100233,Human Resources,100361,REF-1421,163,Standard,5804,6436,7182,Beta,Standard,100558,,Recruiter Placement,,100307,,Yes,elena.vance@acme-fake.test,Copper Analytics Co,,Alex Mercer,101354,Other,,100558,,,,,New,LOT-2433,REF-2654,101018,Other,,,,Manila,100453,,,Alpha,100561,,,,,,,,,,101419,,Unmet Expectations,100493,Voluntary,100016,Y,Met Expectations,Resolved the outstanding question about scope.,United Kingdom,,Placement,100717,,SKU-1009,105005,,,Alpha,,,100635,
100177,Placement,107431,fatima.haddad@sampleco.test,Marco Mensah,2026-02-14 19:56:00,arjun.blake@sampleco.test,Morgan Nguyen,2026-04-20 03:35:00,fatima.blake@examplecorp.test,Aisha Vance,2024-05-01 09:59:00,,,,Y,Jordan Sato,101056,Delta Logistics Corp,Data & Analytics,Yara Rossi,Operations Associate,2024-03-27,,Active - Placed,,100169,100340,Data & Analytics,100791,SKU-6975,1799,Delta,5980,121,8147,Delta,Delta,100582,,Operations Associate Placement,,100758,,Yes,jamie.ford@examplecorp.test,Redwood Labs LLP,100496,Rahul Reyes,100929,Delta,,100253,,,,,New,REF-6679,REF-1753,101271,Other,,,,London,100765,,,Standard,100790,,,,,,,,,,101716,,,100256,,100535,N,Exceeded,,Germany,100473,Placement,100582,,SKU-4360,105099,,,Other,,,,
100134,Placement,107432,mei.mercer@examplecorp.test,Drew Kim,2024-07-27 20:01:00,aisha.sato@sampleco.test,Chen Reyes,2025-07-25 19:15:00,reese.sloan@sampleco.test,Aisha Costa,2023-07-01 18:03:00,,,,Y,Chen Vance,101027,Vertex Group Corp,Customer Support,Yara Mensah,QA Engineer,2025-07-24,,Active - Placed,,100012,100435,Customer Support,100140,SKU-8711,627,Other,6053,1276,6624,Delta,Standard,100436,,QA Engineer Placement,,100733,"16,189",No,rahul.mercer@sampleco.test,*NONE,100578,Drew Haddad,101149,Gamma,,,,,,,New,REF-1956,REF-3277,100809,Beta,,,,Atlanta,100233,,,Other,100226,,,,,,,,,,100896,,,,,,N,,,Philippines,100774,Placement,100735,,SKU-1470,105559,,,Beta,,,,
100775,Placement,107435,arjun.vance@examplecorp.test,Taylor Ashby,2024-01-09 15:26:00,elena.nguyen@demomail.test,Sofia Larsson,2025-01-24 04:50:00,arjun.blake@acme-fake.test,Mei Patel,2023-11-29 10:04:00,,,,N,Sofia Whitfield,101463,Lakeside Ventures Ltd,Data & Analytics,Nina Ford,HR Generalist,2024-08-01,,Active - Terminated,100451,100339,100448,Data & Analytics,100775,LOT-2866,5634,Delta,3565,5614,915,Standard,Delta,100372,,HR Generalist Placement,,100156,,No,alex.reyes@sampleco.test,*NONE,100275,Reese Brooks,101774,Delta,,100086,,,,,Backfill,REF-6860,SKU-9203,101098,Other,,,,Bengaluru,100233,,,Delta,100596,,,,,,,,,,101084,,,,,100710,N,Met Expectations,,United Kingdom,100296,Placement,100758,,SKU-7848,106339,,,Other,,,100576,
100339,Placement,107437,nina.ford@examplecorp.test,Rahul Reyes,2024-04-17 23:19:00,fatima.brooks@acme-fake.test,Priya Mensah,2024-12-08 23:24:00,chen.brooks@demomail.test,Skyler Okafor,2026-03-03 00:29:00,,,,Y,Jordan Ford,101256,Evergreen Robotics,Human Resources,Avery Ford,Data Analyst,2023-12-30,,Active - Placed,100273,100083,100737,Human Resources,100650,SKU-1985,2066,Gamma,1669,4683,6393,Standard,Delta,100683,,Data Analyst Placement,,,"3,042",Yes,aisha.haddad@acme-fake.test,Lakeside Partners LLC,,Priya Larsson,100972,Beta,,100161,72,,,,New,SKU-8094,,100870,Standard,2937,,,Dallas,100224,,,Alpha,100421,,,,,,,,,,101073,,,100393,Involuntary,100396,Y,,,Germany,,Trial,,,TAG-4332,105145,,,Standard,,,,
100016,Placement,107439,reese.sloan@sampleco.test,Liam Sato,2026-05-01 14:10:00,mei.kim@demomail.test,Taylor Brooks,2024-05-19 20:51:00,omar.whitfield@acme-fake.test,Reese Patel,2026-06-09 15:17:00,,,,Y,Liam Mercer,101706,Cardinal Media LLP,Software Engineering,Skyler Sato,Operations Associate,2023-11-26,,Active - Placed,,100208,100182,Software Engineering,100320,SKU-1688,5436,Gamma,9829,4308,4446,Standard,Alpha,100026,,Operations Associate Placement,,,"3,526",Yes,avery.ford@demomail.test,*NONE,100538,Yara Mercer,101501,Standard,,,,,,,Backfill,LOT-8118,,101631,Delta,,,,Toronto,100257,,,Delta,100098,,,,,,,,,,101024,,,100349,Involuntary,100522,Y,Below,,Philippines,100496,Bench,100529,,TAG-2880,105367,,,Other,,,100507,
100264,Placement,107441,sofia.whitfield@demomail.test,Quinn Mensah,2024-04-10 20:14:00,diego.vance@sampleco.test,Chen Costa,2025-05-03 10:38:00,skyler.mensah@demomail.test,Emerson Garcia,2023-05-06 09:07:00,,,,Y,Jordan Blake,101121,Granite Holdings Ltd,Software Engineering,Alex Brooks,Operations Associate,2025-05-05,2026-07-09,Inactive,,100689,100574,Software Engineering,100194,SKU-9801,3290,Standard,9150,3789,1536,Gamma,Beta,100210,,Operations Associate Placement,,100220,"16,685",Yes,jamie.patel@demomail.test,*NONE,,Avery Blake,101220,Standard,,,,,,,New,REF-4235,TAG-9343,101709,Other,,,,Mumbai,100296,,,Other,100194,,,,,,,,,,101331,,Budget Cut,100412,Involuntary,100320,Y,Below,Noted a concern to revisit at the next sync.,Mexico,100386,Placement,100372,,REF-6587,105341,,,Gamma,,,100305,
100214,Placement,107443,marco.vance@acme-fake.test,Emerson Ivanov,2023-08-24 13:46:00,noah.calder@acme-fake.test,Fatima Calder,2024-07-09 23:16:00,riley.garcia@acme-fake.test,Emerson Calder,2025-10-18 20:51:00,,,,N,Drew Cohen,101645,Evergreen Networks Inc,Human Resources,Sofia Garcia,Financial Analyst,2024-03-27,,Active - Terminated,100155,100389,100314,Human Resources,,LOT-7430,4093,Other,3055,4525,8021,Beta,Beta,100724,,Financial Analyst Placement,,100724,"14,733",No,arjun.whitfield@demomail.test,Lakeside Labs,100438,Noah Dorsey,101271,Beta,,,,,,,Backfill,SKU-4048,,100890,Beta,,,,Chicago,100352,,,Alpha,100089,,,,,,,,,,101393,,,100112,Involuntary,100507,N,Met Expectations,,United States,,Direct Hire,100149,,SKU-9434,106639,,,Beta,,,100432,
100191,Placement,107444,liam.blake@examplecorp.test,Jamie Reyes,2024-10-06 00:30:00,drew.mensah@demomail.test,Skyler Rossi,2023-05-16 21:48:00,fatima.garcia@examplecorp.test,Elena Brooks,2024-08-20 03:28:00,,,,N,Avery Okafor,101364,Cobalt Analytics Ltd,Finance,Noah Reyes,Marketing Coordinator,2025-05-09,,Active - Placed,100328,100200,100349,Finance,100089,SKU-2870,640,Standard,3497,7022,2724,Standard,Beta,100645,,Marketing Coordinator Placement,,100661,"14,404",Yes,riley.nguyen@demomail.test,*NONE,100224,Liam Whitfield,101656,Standard,,100092,,,"1,786",,New,SKU-8948,SKU-3513,101264,Beta,,,,Chicago,100768,,,Standard,100115,,,,,,,,,,100920,,,100325,Voluntary,100743,Y,,,Mexico,,Trial,100740,,LOT-3815,104979,,,Standard,,,,
100582,Placement,107446,drew.mensah@examplecorp.test,Priya Sato,2025-07-08 22:10:00,reese.cohen@demomail.test,Morgan Rossi,2023-04-12 00:30:00,mei.vance@acme-fake.test,Casey Rossi,2023-08-16 13:39:00,,,,N,Arjun Sato,100849,Cobalt Logistics Co,Human Resources,Avery Cohen,Recruiter,2023-06-24,,Active - Terminated,100369,100710,100220,Human Resources,100418,LOT-1476,6169,Delta,6287,5240,8807,Other,Standard,100468,,Recruiter Placement,,100403,"12,741",No,marco.nguyen@examplecorp.test,*NONE,,Noah Silva,101752,Other,,,,,,,New,LOT-6298,SKU-5646,101050,Alpha,,,,Toronto,100181,,,Gamma,100629,,,,,,,,,,101038,,,,Voluntary,100012,Y,,,Australia,100635,Placement,,,SKU-5926,106509,,,Gamma,,,,
100762,Placement,107448,skyler.cohen@demomail.test,Liam Calder,2023-03-07 19:44:00,avery.kim@examplecorp.test,Rahul Brooks,2023-08-17 14:58:00,reese.mercer@demomail.test,Rowan Silva,2023-08-13 18:36:00,,,,Y,Reese Rossi,101138,Evergreen Solutions Inc,Sales,Marco Mensah,Software Developer,2023-09-07,,Active - Terminated,,100775,100787,Sales,100031,REF-4995,4653,Beta,2344,2369,8549,Beta,Gamma,100785,,Software Developer Placement,,,"11,266",Yes,liam.sloan@examplecorp.test,*NONE,100528,Arjun Dorsey,101537,Delta,,100632,,,"4,128",,New,REF-8721,SKU-4608,101559,Beta,,,,Austin,100689,,,Gamma,100103,,,,,,,,,,101160,,,100053,Involuntary,100211,,Below,,Australia,100042,Placement,100707,,REF-5190,106143,,,Other,,,,
100475,Placement,107451,omar.ashby@demomail.test,Rahul Sloan,2022-10-15 13:57:00,sofia.dorsey@sampleco.test,Mei Larsson,2023-02-20 02:38:00,priya.sloan@acme-fake.test,Chen Brooks,2023-09-15 01:28:00,,,,Y,Mei Cohen,100929,Silverline Partners Group,Sales,Reese Mercer,Operations Associate,2026-01-18,,Active - Placed,100410,100737,100019,Sales,100123,LOT-7528,7754,Alpha,2650,2348,4738,Delta,Other,100336,,Operations Associate Placement,,100707,"7,289",Yes,noah.brooks@sampleco.test,*NONE,100082,Chen Ashby,100986,Alpha,,100156,999,,,,New,TAG-3017,SKU-1202,101485,Delta,,,,Chicago,100121,,,Delta,100314,,,,,,,,,,101530,,,100664,,100173,Y,Met Expectations,,Germany,,Trial,100307,,TAG-7844,105354,,,Gamma,,,100133,
100038,Placement,107454,taylor.blake@sampleco.test,Morgan Dorsey,2024-10-13 07:51:00,morgan.nguyen@examplecorp.test,Yara Mercer,2023-05-17 09:26:00,nina.reyes@acme-fake.test,Nina Calder,2023-01-26 07:08:00,,,,Y,Avery Calder,101262,Meridian Textiles Ltd,Sales,Fatima Cohen,Payroll Specialist,2025-08-03,,Active - Placed,100619,100252,100442,Sales,100471,LOT-9031,1706,Delta,7031,2611,4629,Other,Alpha,100322,,Payroll Specialist Placement,,,"7,554",Yes,taylor.whitfield@sampleco.test,*NONE,,Riley Larsson,100963,Delta,,100083,,,,,Backfill,REF-5091,REF-5356,100942,Beta,,,,Toronto,100396,,,Delta,100756,,,,,,,,,,101162,,,100019,Involuntary,100439,N,,,Australia,100743,Direct Hire,100386,,SKU-3385,106333,,,Gamma,,,100357,
100087,Placement,107457,omar.cohen@sampleco.test,Elena Whitfield,2026-01-23 03:06:00,omar.ivanov@acme-fake.test,Omar Sato,2024-03-12 19:07:00,sofia.mensah@demomail.test,Skyler Rossi,2024-06-06 20:44:00,,,,N,Riley Ford,101586,Atlas Health Ltd,Data & Analytics,Noah Rossi,HR Generalist,2024-10-27,2026-07-29,Inactive,100094,100449,100671,Data & Analytics,,REF-1332,5705,Gamma,3319,887,8413,Gamma,Other,100590,,HR Generalist Placement,,,"2,521",No,noah.patel@examplecorp.test,*NONE,,Rowan Rossi,101165,Delta,,100753,,,,,Backfill,LOT-8972,LOT-4322,101496,Gamma,,,,Dallas,100457,,,Beta,100441,,,,,,,,,,100865,,Performance,100361,Involuntary,,Y,Met Expectations,Discussed timeline and next steps with the account.,India,100747,Placement,100714,,TAG-3769,106249,,,Beta,,,100434,
100753,Placement,107459,omar.sloan@examplecorp.test,Quinn Brooks,2025-09-07 01:21:00,rahul.blake@demomail.test,Quinn Blake,2025-03-01 18:01:00,yara.silva@examplecorp.test,Chen Haddad,2025-08-28 00:24:00,,,,N,Emerson Dorsey,101389,Northwind Manufacturing LLC,Accounting,Rahul Costa,Operations Associate,2025-08-24,,Active - Placed,100460,100590,100256,Accounting,100303,SKU-8586,1222,Standard,6147,2279,4994,Gamma,Gamma,100053,,Operations Associate Placement,,100622,"4,770",Yes,liam.calder@sampleco.test,*NONE,,Riley Whitfield,100835,Alpha,,,,,,,New,REF-4195,TAG-6643,100794,Beta,,,,Bengaluru,100169,,,Other,100062,,,,,,,,,,101153,,,100257,Involuntary,100263,Y,Exceeded,,Germany,,Bench,,,TAG-7174,105164,,,Other,,,100775,
100512,Placement,107462,sofia.ashby@acme-fake.test,Diego Okafor,2023-10-22 17:33:00,sofia.garcia@sampleco.test,Reese Haddad,2025-07-15 09:19:00,chen.nguyen@demomail.test,Casey Mensah,2023-03-29 18:00:00,,,,Y,Reese Mensah,100873,Everest Holdings Corp,Software Engineering,Mei Reyes,Customer Success Manager,2024-07-23,,Active - Terminated,,100699,100622,Software Engineering,,TAG-7315,8269,Alpha,719,7277,8094,Delta,Standard,100414,,Customer Success Manager Placement,,,"12,555",Yes,marco.vance@examplecorp.test,*NONE,100403,Avery Whitfield,101101,,,,,,,,New,REF-1670,LOT-1626,101742,Other,,,,Bengaluru,100732,,,Beta,100362,,,,,,,,,,101143,,,100724,Voluntary,,N,,,Canada,100467,Placement,100109,,TAG-7134,105572,,,Standard,,,100031,
100439,Placement,107463,omar.larsson@examplecorp.test,Skyler Nguyen,2026-06-29 20:29:00,jordan.sloan@sampleco.test,Omar Cohen,2025-09-19 19:23:00,aisha.mercer@sampleco.test,Taylor Cohen,2024-08-11 10:28:00,,,,N,Aisha Haddad,101282,Harbor Media LLP,Operations,Marco Mercer,Executive Assistant,2025-11-29,,Active - Placed,100403,100471,100675,Operations,100476,REF-5089,4912,Beta,3720,9334,8070,Gamma,Alpha,100784,,Executive Assistant Placement,,100199,"17,691",Yes,riley.mercer@acme-fake.test,*NONE,100269,Liam Dorsey,101493,Delta,,,,,,,Backfill,SKU-5367,,100926,Beta,,,,Atlanta,100062,,,Standard,100651,,,,,,,,,,101752,,,100155,Involuntary,,N,Exceeded,,United States,,Placement,100787,,LOT-8263,106348,,,Other,,,100382,
100648,Placement,107464,mei.calder@examplecorp.test,Quinn Garcia,2024-06-29 16:44:00,jordan.cohen@acme-fake.test,Reese Ford,2023-04-24 14:17:00,rowan.nguyen@demomail.test,Elena Larsson,2025-04-30 13:55:00,,,,N,Drew Silva,101418,Meridian Partners LLC,Sales,Noah Haddad,Accountant,2025-06-01,2026-06-20,Inactive - Terminated,,100493,100457,Sales,100540,TAG-3542,6686,Beta,8314,1700,7952,Gamma,Alpha,100493,,Accountant Placement,,,"3,120",Yes,noah.blake@acme-fake.test,*NONE,,Jamie Costa,101592,Other,,,,,,,New,SKU-7373,REF-3792,101180,Other,,,,Denver,100718,,,Standard,100616,,,,,,,,,,101395,,Converted to Direct Hire,100314,,100590,Y,Below,Discussed timeline and next steps with the account.,Germany,100770,Placement,,,TAG-8963,105340,,,Gamma,,,,
100053,Placement,107465,emerson.costa@examplecorp.test,Nina Garcia,2025-07-09 00:16:00,fatima.sato@examplecorp.test,Rowan Nguyen,2025-08-22 10:18:00,jamie.patel@demomail.test,Omar Silva,2023-12-01 15:50:00,,,,N,Alex Sato,101102,Silverline Partners LLP,Finance,Rowan Haddad,HR Generalist,2025-10-17,,Active - Terminated,,100791,100665,Finance,100065,SKU-5962,6990,Beta,2417,8965,8704,Alpha,Standard,100348,,HR Generalist Placement,,100220,"11,925",No,marco.sato@sampleco.test,*NONE,100733,Elena Cohen,101118,Gamma,,100112,"1,516",,"4,649",,New,LOT-6432,LOT-6425,101246,Alpha,,,,London,100172,,,Beta,100779,,,,,,,,,,101618,,,100191,,100315,Y,,,Philippines,100645,Bench,100435,,SKU-4958,104951,,,Gamma,,,100439,
100786,Placement,107467,emerson.reyes@sampleco.test,Avery Ivanov,2025-08-23 17:28:00,quinn.blake@sampleco.test,Fatima Costa,2024-07-22 20:24:00,jamie.kim@demomail.test,Priya Garcia,2025-04-28 05:51:00,,,,Y,Liam Ford,101578,Everest Dynamics Ltd,Customer Support,Emerson Reyes,Financial Analyst,2025-11-15,2026-06-05,Inactive,,100700,100067,Customer Support,100648,LOT-4902,1429,Standard,1430,1725,8014,Delta,Other,100033,,Financial Analyst Placement,,100121,"6,650",No,arjun.vance@demomail.test,Silverline Solutions,100332,Riley Mensah,101679,Standard,,100050,,,,,New,REF-4777,TAG-1755,101000,Gamma,,,,Austin,100635,,,Alpha,100429,,,,,,,,,,101518,,Relocation,100786,Involuntary,100774,N,Below,Discussed timeline and next steps with the account.,Mexico,100155,Direct Hire,100193,,TAG-6570,106534,,,Delta,,,,
100271,Placement,107469,rowan.patel@demomail.test,Avery Costa,2022-12-22 03:16:00,omar.cohen@sampleco.test,Quinn Kim,2024-12-23 18:58:00,avery.haddad@examplecorp.test,Chen Rossi,2024-01-29 21:19:00,,,,N,Arjun Cohen,101523,Falcon Energy LLC,Human Resources,Arjun Brooks,Payroll Specialist,2023-08-01,,Active - Placed,100096,100357,100494,Human Resources,100675,REF-2995,4232,Beta,7397,2786,1306,Standard,Standard,100504,,Payroll Specialist Placement,,,"5,094",No,fatima.vance@demomail.test,*NONE,100277,Quinn Calder,101308,Alpha,,100787,,,,,New,LOT-3116,,100817,Delta,,,,Atlanta,100476,,,Gamma,100741,,,,,,,,,,101306,,,100490,Voluntary,100350,N,Exceeded,,Mexico,100365,Placement,,,TAG-4262,106521,,,Beta,,,100436,
100260,Placement,107472,skyler.rossi@sampleco.test,Jordan Cohen,2026-06-03 20:01:00,aisha.mensah@demomail.test,Marco Ivanov,2024-11-05 09:25:00,diego.mensah@acme-fake.test,Arjun Ashby,2023-03-14 22:38:00,,,,N,Taylor Garcia,101531,Evergreen Robotics LLC,Marketing,Sofia Silva,Recruiter,2026-03-14,2026-06-28,Inactive,100595,100054,100083,Marketing,,REF-7255,8965,Delta,8480,8300,4190,Beta,Standard,100191,,Recruiter Placement,,100582,"12,065",Yes,diego.reyes@examplecorp.test,*NONE,100112,Arjun Sato,101173,Delta,,,302,,,,New,REF-7782,REF-3180,101419,Standard,,,,Toronto,100208,,,Gamma,100319,,,,,,,,,,101418,,Unmet Expectations,100355,Voluntary,100672,N,Below,Followed up on the open items from last week.,United Kingdom,100566,Direct Hire,100441,,REF-3714,105180,,,Beta,,,,
100522,Placement,107475,taylor.sato@demomail.test,Casey Haddad,2026-05-21 20:05:00,noah.vance@demomail.test,Avery Ashby,2023-08-24 08:31:00,reese.ivanov@demomail.test,Elena Garcia,2026-02-25 07:13:00,,,,Y,Aisha Ivanov,101444,Brightpath Logistics,Marketing,Liam Silva,Accountant,2025-02-04,2026-07-27,Inactive,100638,100139,100559,Marketing,100089,SKU-5693,6880,Alpha,6152,7119,313,Other,Delta,100028,,Accountant Placement,,100699,"7,679",No,nina.calder@demomail.test,Delta Robotics Group,100271,Arjun Whitfield,101409,Beta,,,,,,,Backfill,LOT-8610,SKU-7898,101479,Gamma,,,,Chicago,100244,,,Delta,100145,,,,,,,,,,101085,,Unmet Expectations,100564,,100153,N,Below,Resolved the outstanding question about scope.,United Kingdom,,Placement,100046,,TAG-9891,105234,,,Beta,,,100210,
100632,Placement,107476,taylor.blake@demomail.test,Mei Sloan,2023-12-31 23:36:00,arjun.calder@acme-fake.test,Chen Costa,2024-10-22 16:12:00,rahul.ashby@examplecorp.test,Rowan Haddad,2024-10-11 19:24:00,,,,N,Liam Dorsey,101411,Evergreen Holdings Inc,Data & Analytics,Rahul Silva,Customer Success Manager,2023-08-06,2026-06-22,Inactive,100660,100229,100643,Data & Analytics,100771,TAG-9734,2694,Alpha,5127,8275,4445,Beta,Other,100469,,Customer Success Manager Placement,,100054,"6,828",Yes,fatima.calder@examplecorp.test,Copper Dynamics LLC,,Priya Whitfield,101191,Standard,,100441,911,,"3,118",,Backfill,SKU-9674,SKU-7610,101758,Beta,6415,,,Mumbai,100205,,,Beta,100246,,,,,,,,,,101354,,Project Ended,,Involuntary,100269,N,,Shared the updated proposal for review.,Mexico,,Direct Hire,100525,,REF-9335,105383,,,Beta,,,,
100125,Placement,107477,morgan.whitfield@demomail.test,Fatima Costa,2024-03-29 23:29:00,jordan.ivanov@sampleco.test,Rowan Mercer,2026-07-02 22:40:00,nina.costa@acme-fake.test,Sofia Patel,2024-05-03 20:50:00,,,,N,Priya Brooks,101175,Everest Ventures LLP,Operations,Mei Calder,HR Generalist,2024-03-16,,Active - Placed,100420,100532,100552,Operations,,SKU-2478,1496,Delta,4589,8067,1083,Other,Other,100079,,HR Generalist Placement,,100389,"2,743",No,casey.ivanov@examplecorp.test,*NONE,100566,Marco Mensah,101621,Beta,,,,,,,New,LOT-8752,LOT-9162,101724,Alpha,,,,Atlanta,100449,,,Gamma,100476,,,,,,,,,,101306,,,100675,Involuntary,100466,,,,Philippines,,Placement,100043,,LOT-8493,106639,,,Alpha,,,,
100199,Placement,107479,avery.dorsey@sampleco.test,Riley Reyes,2024-07-09 17:49:00,marco.okafor@demomail.test,Emerson Costa,2024-02-08 19:34:00,sofia.vance@sampleco.test,Aisha Nguyen,2023-05-10 18:24:00,,,,Y,Nina Okafor,101778,Keystone Dynamics Group,Finance,Liam Haddad,Bookkeeper,2024-03-20,,Active - Placed,100460,100215,100264,Finance,100737,LOT-5377,3156,Beta,4092,662,6464,Delta,Beta,100292,,Bookkeeper Placement,,100718,"17,516",Yes,chen.brooks@sampleco.test,*NONE,100399,Skyler Cohen,101502,Alpha,,100014,,,"1,053",,New,LOT-6053,LOT-4053,101333,Alpha,,,,London,100519,,,Alpha,100678,,,,,,,,,,101700,,,100420,Involuntary,100229,Y,Exceeded,,United Kingdom,,Bench,,,TAG-4061,105784,,,Alpha,,,,
100355,Placement,107480,riley.ford@acme-fake.test,Marco Calder,2024-01-27 08:06:00,marco.vance@examplecorp.test,Rowan Okafor,2023-04-22 07:35:00,drew.vance@sampleco.test,Yara Ashby,2026-02-12 04:52:00,,,,N,Liam Haddad,101701,Pioneer Networks Ltd,Finance,Reese Kim,HR Generalist,2026-02-08,,Active - Placed,100776,100660,100469,Finance,,SKU-7110,9842,Alpha,6635,6267,2845,Alpha,Alpha,100152,,HR Generalist Placement,,,"16,735",Yes,quinn.sato@sampleco.test,Everest Group,100389,Jordan Ivanov,101007,Alpha,,100022,,,,,New,SKU-6684,REF-5747,101506,Gamma,,,,Denver,100299,,,Delta,100496,,,,,,,,,,101567,,,100448,,,N,Met Expectations,,Mexico,,Bench,100348,,SKU-9200,105572,,,Beta,,,,
100385,Placement,107483,jordan.kim@acme-fake.test,Fatima Patel,2023-12-07 15:05:00,aisha.blake@demomail.test,Liam Reyes,2026-06-17 22:00:00,mei.patel@examplecorp.test,Taylor Sloan,2024-05-11 22:17:00,,,,N,Nina Calder,100884,Granite Group Group,Data & Analytics,Riley Ashby,Recruiter,2024-08-12,2026-07-18,Inactive - Terminated,100079,100396,100028,Data & Analytics,100328,REF-7965,8686,Other,8381,7313,8478,Alpha,Beta,100782,,Recruiter Placement,,100332,"15,896",Yes,alex.haddad@sampleco.test,*NONE,100322,Jordan Nguyen,101652,Other,,,816,,,,New,REF-6292,SKU-1078,101234,Beta,,,,Chicago,100181,,,Beta,100380,,,,,,,,,,101752,,Converted to Direct Hire,100449,Voluntary,100466,Y,Met Expectations,Scheduled a check-in for the coming month.,Canada,100271,Direct Hire,100153,,SKU-3413,105647,,,Delta,,,,
100446,Placement,107485,fatima.vance@examplecorp.test,Casey Haddad,2022-11-28 17:53:00,liam.blake@sampleco.test,Riley Mensah,2026-01-11 20:08:00,nina.sloan@acme-fake.test,Noah Sato,2024-06-21 07:08:00,,,,Y,Elena Patel,100794,Cobalt Capital Corp,Recruiting,Noah Patel,Executive Assistant,2025-05-14,2026-06-16,Inactive - Terminated,100087,100232,100516,Recruiting,100247,SKU-8015,8731,Gamma,6614,2601,9736,Alpha,Standard,100438,,Executive Assistant Placement,,100386,"16,502",Yes,rowan.sloan@sampleco.test,Beacon Group LLP,100055,Reese Haddad,101449,Other,,100119,,,,,New,REF-1588,SKU-9583,101122,Delta,528,,,Manila,100451,,,Standard,100149,,,,,,,,,,101254,,Unmet Expectations,100273,,100092,Y,Below,Discussed timeline and next steps with the account.,India,,Placement,,,SKU-7981,105502,,,Delta,,,100532,
100153,Placement,107487,mei.cohen@sampleco.test,Nina Cohen,2022-11-17 05:00:00,noah.larsson@acme-fake.test,Avery Garcia,2026-03-21 21:05:00,yara.ivanov@demomail.test,Omar Rossi,2026-02-04 16:06:00,,,,N,Sofia Garcia,101701,Delta Logistics Inc,Data & Analytics,Diego Reyes,Financial Analyst,2024-12-19,,Active - Placed,100593,100403,100579,Data & Analytics,100421,LOT-5492,4513,Alpha,5774,6337,3475,Alpha,Beta,100311,,Financial Analyst Placement,,,,Yes,priya.haddad@demomail.test,*NONE,100140,Quinn Calder,101320,Gamma,,100551,,,,,New,TAG-9371,LOT-6858,101791,Delta,,,,Toronto,100203,,,Delta,100119,,,,,,,,,,101389,,,100656,,100435,N,Below,,Germany,,Bench,100622,,SKU-9964,106311,,,Beta,,,100083,
100009,Placement,107490,diego.cohen@acme-fake.test,Rowan Silva,2023-08-03 14:16:00,noah.whitfield@acme-fake.test,Marco Haddad,2025-05-03 19:15:00,jordan.kim@demomail.test,Jamie Garcia,2025-04-23 12:26:00,,,,Y,Taylor Larsson,101646,Everest Industries Corp,Finance,Fatima Kim,Software Developer,2024-05-18,,Active - Placed,,100683,100446,Finance,100704,REF-9318,2333,Alpha,6816,1723,4709,Gamma,Beta,100140,,Software Developer Placement,,100438,"7,240",No,skyler.silva@sampleco.test,*NONE,,Morgan Larsson,101262,Standard,,100147,,,"3,666",,Backfill,REF-4804,REF-8222,101645,Gamma,,,,London,100784,,,Alpha,100627,,,,,,,,,,101249,,,100253,,100790,N,Below,,Australia,100061,Direct Hire,,,REF-5758,105225,,,Gamma,,,100512,
100322,Placement,107491,omar.blake@examplecorp.test,Casey Garcia,2023-10-13 12:11:00,skyler.ford@demomail.test,Marco Whitfield,2023-02-14 03:33:00,skyler.brooks@acme-fake.test,Diego Reyes,2023-03-24 15:19:00,,,,N,Chen Ashby,101580,Beacon Dynamics Ltd,Software Engineering,Reese Haddad,HR Generalist,2023-07-11,,Active - Placed,100436,100343,100418,Software Engineering,100710,REF-6661,6737,Gamma,2464,2480,3811,Other,Alpha,100751,,HR Generalist Placement,,100309,"10,799",No,chen.mercer@examplecorp.test,Cobalt Media LLP,100446,Casey Costa,101490,Gamma,,100472,,,"4,372",,New,TAG-6188,SKU-1274,101265,Gamma,,,,Dallas,100369,,,Delta,100664,,,,,,,,,,101578,,,100784,Involuntary,100330,N,Below,,India,100606,Bench,100120,,REF-6802,106054,,,Gamma,,,,
100542,Placement,107494,rowan.ashby@examplecorp.test,Chen Mercer,2024-06-05 10:43:00,morgan.vance@demomail.test,Omar Costa,2023-06-03 11:59:00,reese.sloan@demomail.test,Jamie Sato,2025-11-19 07:01:00,,,,Y,Reese Blake,101548,Ironwood Industries Inc,Data & Analytics,Elena Larsson,Customer Success Manager,2025-01-20,2026-06-22,Inactive - Terminated,,100718,100407,Data & Analytics,100046,LOT-5350,1742,Gamma,8815,4092,8077,Alpha,Beta,100203,,Customer Success Manager Placement,,,"4,232",No,drew.whitfield@demomail.test,*NONE,,Nina Blake,100953,Delta,,,,,,,Backfill,SKU-2648,REF-1952,101545,Delta,,,,London,100118,,,Other,100134,,,,,,,,,,101711,,Project Ended,100448,,100587,Y,Met Expectations,Discussed timeline and next steps with the account.,Canada,,Placement,100003,,TAG-9173,105787,,,Standard,,,100702,
100745,Placement,107496,aisha.larsson@demomail.test,Morgan Ashby,2025-10-08 01:21:00,alex.reyes@acme-fake.test,Noah Cohen,2025-10-21 13:50:00,emerson.whitfield@examplecorp.test,Sofia Haddad,2024-07-21 14:23:00,,,,Y,Reese Rossi,100965,Silverline Industries,Operations,Mei Sato,Payroll Specialist,2025-10-28,,Active - Placed,100647,100232,100688,Operations,100790,LOT-9413,6469,Standard,2385,4059,944,Alpha,Alpha,100496,,Payroll Specialist Placement,,,"14,042",No,taylor.brooks@sampleco.test,*NONE,,Arjun Kim,101262,Standard,,,,,518,,Backfill,TAG-3068,,101293,Standard,,,,Bengaluru,100467,,,Alpha,100759,,,,,,,,,,100994,,,100260,Voluntary,100128,Y,,,Philippines,100471,Placement,,,LOT-4374,106247,,,Gamma,,,,
100721,Placement,107497,casey.larsson@acme-fake.test,Priya Calder,2024-07-28 18:36:00,reese.calder@demomail.test,Yara Nguyen,2025-06-28 17:41:00,taylor.kim@demomail.test,Jamie Cohen,2023-10-31 15:58:00,,,,N,Emerson Ivanov,101180,Atlas Health LLC,Finance,Diego Dorsey,Marketing Coordinator,2026-04-26,,Active - Placed,,100319,100775,Finance,100168,REF-6590,9516,Gamma,3883,3226,2101,Standard,Alpha,100118,,Marketing Coordinator Placement,,100352,"1,894",No,marco.ivanov@sampleco.test,*NONE,,Yara Ashby,100949,Beta,,,"1,063",,"4,008",,New,SKU-2991,REF-6087,100834,Standard,,,,London,100382,,,Standard,100191,,,,,,,,,,101673,,,100125,,100498,N,Exceeded,,United Kingdom,,Direct Hire,100481,,LOT-9500,105966,,,Standard,,,100516,
100372,Placement,107500,priya.blake@demomail.test,Diego Patel,2023-04-06 00:56:00,rowan.mensah@sampleco.test,Mei Rossi,2025-08-13 09:32:00,priya.garcia@demomail.test,Omar Kim,2022-12-12 03:50:00,,,,Y,Aisha Silva,101601,Horizon Ventures Co,Finance,Sofia Calder,Software Developer,2023-12-23,,Active - Terminated,,100660,100029,Finance,,TAG-3614,9949,Standard,4731,1675,5138,Standard,Gamma,100023,,Software Developer Placement,,100432,"14,405",Yes,sofia.mercer@examplecorp.test,*NONE,,Fatima Rossi,101095,Alpha,,100295,,,641,,New,LOT-7204,,101118,Standard,4444,,,Chicago,100495,,,Other,100298,,,,,,,,,,101461,,,100540,Involuntary,100157,,,,Germany,100645,Placement,,,REF-9340,104955,,,Gamma,,,,
100659,Placement,107501,casey.haddad@examplecorp.test,Elena Larsson,2026-03-06 17:57:00,nina.larsson@demomail.test,Emerson Silva,2025-07-09 20:00:00,taylor.haddad@examplecorp.test,Chen Brooks,2025-04-20 18:07:00,,,,Y,Chen Ford,101487,Horizon Textiles Ltd,Recruiting,Emerson Garcia,Bookkeeper,2026-04-26,2026-06-05,Inactive - Terminated,100686,100012,100619,Recruiting,100481,TAG-6725,9948,Other,2993,9337,424,Other,Alpha,100281,,Bookkeeper Placement,,,"15,035",Yes,liam.whitfield@examplecorp.test,*NONE,,Nina Sloan,101392,Other,,100079,"1,163",,487,,New,LOT-7207,TAG-8709,101059,Other,,,,Chicago,100369,,,Standard,100555,,,,,,,,,,100850,,Relocation,100375,Involuntary,,N,,Resolved the outstanding question about scope.,Germany,,Bench,100322,,LOT-7431,106066,,,Alpha,,,,
100564,Placement,107504,liam.mensah@demomail.test,Quinn Haddad,2024-10-28 23:39:00,arjun.blake@demomail.test,Noah Whitfield,2023-09-11 00:49:00,casey.garcia@demomail.test,Alex Haddad,2022-11-13 23:20:00,,,,N,Priya Rossi,101757,Beacon Labs Corp,Data & Analytics,Aisha Ashby,QA Engineer,2023-05-30,,Active - Placed,100083,100494,100538,Data & Analytics,100494,SKU-5110,245,Delta,3736,7576,9603,Delta,Gamma,100460,,QA Engineer Placement,,,"16,174",Yes,emerson.nguyen@demomail.test,*NONE,,Sofia Silva,101262,Alpha,,,707,,253,,New,TAG-1613,REF-7795,101098,Delta,,,,Mumbai,100284,,,Standard,100106,,,,,,,,,,101176,,,100718,Voluntary,,N,,,Australia,,Trial,100710,,REF-8982,106525,,,Gamma,,,100134,
100415,Placement,107506,morgan.haddad@acme-fake.test,Nina Dorsey,2025-11-11 06:38:00,nina.kim@demomail.test,Casey Calder,2024-11-02 10:35:00,yara.silva@acme-fake.test,Rowan Sato,2024-03-22 06:05:00,,,,N,Morgan Cohen,101791,Granite Networks LLC,Marketing,Rowan Mercer,Data Analyst,2024-09-18,,Active - Placed,100740,100441,100585,Marketing,,LOT-7154,9566,Gamma,6339,2720,8826,Beta,Alpha,100139,,Data Analyst Placement,,100529,"13,402",Yes,marco.ivanov@sampleco.test,Blue Ridge Financial LLP,100791,Riley Sato,101344,Other,,,,,,,New,LOT-2018,REF-4960,100796,Gamma,,,,Chicago,100303,,,Delta,100558,,,,,,,,,,101493,,,100183,,100735,Y,,,India,100558,Placement,,,SKU-9752,105501,,,Other,,,100579,
100393,Placement,107508,taylor.calder@sampleco.test,Reese Patel,2022-11-26 04:09:00,rahul.okafor@examplecorp.test,Jordan Okafor,2025-05-05 19:39:00,rowan.silva@acme-fake.test,Chen Kim,2024-06-28 20:14:00,,,,Y,Emerson Sloan,101493,Redwood Robotics Group,Customer Support,Fatima Larsson,Support Specialist,2024-04-23,,Active - Placed,100016,100471,100043,Customer Support,,TAG-1193,6447,Standard,8560,3535,2972,Alpha,Beta,100336,,Support Specialist Placement,,,"16,198",Yes,casey.ivanov@demomail.test,*NONE,100627,Rahul Rossi,100967,Other,,100109,"1,182",,,,Backfill,TAG-4800,,101589,Other,,,,Manila,100053,,,Beta,100727,,,,,,,,,,101085,,,100688,,100656,Y,,,India,,Bench,100065,,LOT-8319,104928,,,Delta,,,,
100634,Placement,107509,diego.patel@sampleco.test,Fatima Mercer,2023-01-19 02:49:00,sofia.brooks@demomail.test,Chen Mensah,2025-03-07 19:08:00,emerson.whitfield@demomail.test,Arjun Blake,2026-01-20 03:42:00,,,,N,Liam Sloan,101029,Beacon Logistics Inc,Human Resources,Nina Ford,QA Engineer,2024-12-13,2026-07-23,Inactive,,100087,100031,Human Resources,100014,LOT-3258,6013,Beta,1601,2247,9181,Other,Gamma,100094,,QA Engineer Placement,,,"3,390",No,liam.brooks@sampleco.test,*NONE,100689,Riley Ashby,101098,Alpha,,,,,,,New,LOT-1862,REF-4556,101638,Beta,,,,Atlanta,100519,,,Delta,100372,,,,,,,,,,101224,,Project Ended,100732,Voluntary,100307,N,Met Expectations,Scheduled a check-in for the coming month.,Mexico,100196,Bench,,,REF-9954,104980,,,Standard,,,100205,
100461,Placement,107511,yara.cohen@demomail.test,Quinn Haddad,2024-04-19 20:20:00,chen.sloan@examplecorp.test,Noah Ivanov,2024-11-07 01:44:00,elena.ashby@sampleco.test,Nina Sloan,2024-08-31 17:16:00,,,,N,Arjun Brooks,101190,Beacon Dynamics Group,Customer Support,Nina Mensah,HR Generalist,2025-11-13,2026-06-14,Inactive - Terminated,100791,100494,100137,Customer Support,,SKU-1955,8995,Standard,1240,9227,6884,Standard,Beta,100664,,HR Generalist Placement,,,"12,703",Yes,avery.cohen@examplecorp.test,*NONE,100622,Aisha Mensah,101361,Alpha,,100619,,,"2,684",,New,SKU-6342,,100899,Beta,,,,Atlanta,100578,,,Gamma,100172,,,,,,,,,,101616,,Performance,100640,Involuntary,,N,Below,Resolved the outstanding question about scope.,Mexico,,Backfill,,,TAG-7177,105187,,,Standard,,,,
100319,Placement,107513,rahul.mercer@sampleco.test,Marco Dorsey,2026-02-19 20:05:00,priya.haddad@acme-fake.test,Sofia Dorsey,2026-06-02 16:24:00,yara.calder@demomail.test,Liam Okafor,2024-08-28 06:36:00,,,,Y,Diego Brooks,101085,Harbor Group,Finance,Avery Garcia,Recruiter,2024-08-30,2026-06-06,Inactive - Terminated,,100512,100775,Finance,,LOT-5250,6255,Other,3297,8607,2127,Standard,Gamma,100357,,Recruiter Placement,,100336,"9,153",Yes,fatima.brooks@demomail.test,*NONE,100328,Omar Okafor,101223,Alpha,,,,,"3,007",,New,SKU-9384,REF-8078,100856,Standard,,,,Toronto,100475,,,Other,100403,,,,,,,,,,101770,,Unmet Expectations,,Involuntary,100191,N,Below,Discussed timeline and next steps with the account.,India,100453,Placement,,,REF-2073,106000,,,Other,,,100120,
100624,Placement,107515,marco.dorsey@sampleco.test,Noah Nguyen,2025-11-14 22:50:00,marco.mercer@demomail.test,Morgan Patel,2026-05-16 16:24:00,noah.cohen@demomail.test,Arjun Blake,2024-03-01 18:41:00,,,,N,Fatima Silva,101755,Vertex Robotics Co,Operations,Liam Mercer,Software Developer,2026-04-09,2026-06-12,Inactive,,100714,100042,Operations,100700,LOT-8600,7486,Standard,860,4864,814,Beta,Standard,100077,,Software Developer Placement,,,"4,848",No,nina.ford@acme-fake.test,*NONE,100365,Noah Mensah,101537,Alpha,,100445,,,,,New,LOT-3612,TAG-5365,101000,Alpha,,,,Mumbai,100073,,,Delta,100566,,,,,,,,,,101268,,Project Ended,,Involuntary,100559,Y,Exceeded,Scheduled a check-in for the coming month.,Philippines,,Placement,,,SKU-8905,106588,,,Beta,,,,
100103,Placement,107518,diego.dorsey@examplecorp.test,Yara Garcia,2026-05-25 14:29:00,sofia.kim@demomail.test,Morgan Kim,2025-07-10 09:04:00,skyler.ashby@acme-fake.test,Rowan Haddad,2025-06-18 19:27:00,,,,Y,Casey Okafor,101262,Vertex Labs Inc,Software Engineering,Casey Rossi,Support Specialist,2025-05-25,,Active - Placed,100697,100675,100587,Software Engineering,,LOT-9546,7399,Gamma,4811,5992,4572,Alpha,Gamma,100519,,Support Specialist Placement,,100495,"15,432",No,emerson.ivanov@examplecorp.test,*NONE,100389,Marco Rossi,101687,Beta,,,,,"4,970",,Backfill,REF-4655,TAG-1740,100834,Alpha,,,,Seattle,100487,,,Delta,100387,,,,,,,,,,100949,,,100514,Involuntary,100765,Y,,,Australia,100751,Placement,100423,,LOT-6134,106084,,,Standard,,,100410,
100125,Placement,107519,fatima.garcia@examplecorp.test,Casey Mercer,2024-10-06 06:45:00,elena.dorsey@demomail.test,Quinn Patel,2023-04-16 00:55:00,jordan.sato@sampleco.test,Arjun Kim,2025-05-23 04:31:00,,,,Y,Jamie Garcia,101518,Falcon Labs LLC,Software Engineering,Aisha Haddad,Financial Analyst,2025-03-13,,Active - Placed,100016,100117,100014,Software Engineering,100005,SKU-5321,490,Delta,1065,1115,9977,Gamma,Standard,100414,,Financial Analyst Placement,,,"10,749",Yes,mei.costa@demomail.test,*NONE,100257,Jordan Mercer,100892,Alpha,,,,,,,New,TAG-6832,REF-8585,101478,Alpha,,,,Mumbai,100410,,,Delta,100420,,,,,,,,,,101050,,,100152,,100751,Y,Below,,United States,100569,Placement,,,SKU-3359,106602,,,Delta,,,,
100343,Placement,107521,priya.sato@acme-fake.test,Quinn Okafor,2025-07-19 15:48:00,reese.whitfield@acme-fake.test,Skyler Ivanov,2025-03-20 10:49:00,skyler.mercer@examplecorp.test,Emerson Costa,2024-04-26 01:24:00,,,,N,Jordan Reyes,101672,Keystone Robotics Group,Recruiting,Skyler Ford,QA Engineer,2025-12-07,2026-06-27,Inactive,100412,100188,100776,Recruiting,100156,REF-5951,8222,Alpha,7497,9094,8286,Standard,Beta,100545,,QA Engineer Placement,,,"11,445",No,avery.nguyen@demomail.test,Horizon Manufacturing Corp,,Arjun Ivanov,101344,Other,,100264,,,,,Backfill,SKU-6603,REF-5906,101466,Alpha,,,,Mumbai,100378,,,Standard,100250,,,,,,,,,,101406,,,100242,,100366,N,Exceeded,Followed up on the open items from last week.,United Kingdom,100203,Placement,,,SKU-5654,105327,,,Beta,,,100718,
100319,Placement,107523,casey.patel@demomail.test,Riley Calder,2024-09-05 17:55:00,elena.sloan@examplecorp.test,Rowan Garcia,2025-01-20 17:56:00,priya.garcia@demomail.test,Aisha Nguyen,2023-01-23 09:19:00,,,,N,Arjun Costa,101730,Ironwood Foods LLP,Accounting,Mei Whitfield,Software Developer,2025-06-28,,Active - Placed,100076,100269,100787,Accounting,100672,LOT-7720,4863,Gamma,8826,3939,4700,Alpha,Other,100493,,Software Developer Placement,,100707,"8,366",No,rowan.vance@acme-fake.test,*NONE,100669,Casey Silva,101271,Other,,,"1,150",,,,New,REF-4335,LOT-5612,101256,Delta,,,,Atlanta,100387,,,Gamma,100335,,,,,,,,,,101580,,,100380,Voluntary,100503,N,Exceeded,,India,,Placement,,,REF-2964,106361,,,Standard,,,,
100768,Placement,107524,quinn.nguyen@demomail.test,Alex Silva,2025-06-23 01:13:00,sofia.mensah@examplecorp.test,Priya Larsson,2023-11-02 00:10:00,skyler.okafor@sampleco.test,Omar Cohen,2025-09-01 16:28:00,,,,N,Rahul Okafor,100965,Brightpath Manufacturing LLP,Accounting,Noah Rossi,QA Engineer,2025-02-21,2026-07-03,Inactive - Terminated,100077,100420,100239,Accounting,100713,TAG-8662,7788,Alpha,7518,5385,7085,Gamma,Standard,100624,,QA Engineer Placement,,,"9,226",Yes,emerson.okafor@demomail.test,*NONE,100750,Alex Okafor,101585,Delta,,,,,,,New,REF-6095,TAG-3733,101290,Alpha,,,,Phoenix,100672,,,Other,100065,,,,,,,,,,101454,,Relocation,100487,Involuntary,100478,Y,,Discussed timeline and next steps with the account.,Canada,,Placement,100659,,LOT-9796,105566,,,Delta,,,,
100478,Placement,107525,riley.dorsey@examplecorp.test,Rahul Dorsey,2023-11-18 11:01:00,mei.silva@acme-fake.test,Taylor Ford,2024-02-02 21:44:00,yara.larsson@acme-fake.test,Marco Okafor,2026-05-16 12:52:00,,,,N,Mei Ashby,101379,Brightpath Manufacturing LLC,Data & Analytics,Chen Larsson,Operations Associate,2025-10-07,,Active - Placed,100387,100211,100790,Data & Analytics,100393,LOT-9530,1936,Gamma,807,5377,9791,Delta,Alpha,100053,,Operations Associate Placement,,,"8,369",No,casey.nguyen@examplecorp.test,*NONE,,Sofia Whitfield,101389,Alpha,,100661,,,,,New,LOT-6114,SKU-1504,100857,Beta,,,,Manila,100365,,,Standard,100647,,,,,,,,,,101440,,,100021,,100624,N,Met Expectations,,Canada,100420,Placement,100215,,LOT-1443,105933,,,Gamma,,,,
100664,Placement,107526,chen.dorsey@sampleco.test,Rahul Ashby,2026-03-23 07:25:00,reese.haddad@examplecorp.test,Avery Ashby,2023-03-12 16:58:00,nina.dorsey@examplecorp.test,Taylor Haddad,2025-10-03 01:46:00,,,,N,Drew Garcia,101520,Vertex Solutions Ltd,Software Engineering,Riley Costa,Accountant,2024-07-28,,Active - Placed,,100503,100414,Software Engineering,,TAG-1807,2850,Standard,9191,2666,3036,Beta,Standard,100436,,Accountant Placement,,100471,"10,071",No,jamie.okafor@acme-fake.test,*NONE,,Chen Costa,101069,Delta,,,,,,,New,TAG-2672,LOT-6811,101095,Delta,,,,Toronto,100119,,,Other,100199,,,,,,,,,,101763,,,100023,Involuntary,100507,Y,Below,,United Kingdom,,Placement,,,SKU-8823,106331,,,Delta,,,,
100217,Placement,107528,morgan.ashby@demomail.test,Arjun Calder,2024-06-04 02:09:00,noah.rossi@demomail.test,Casey Blake,2025-05-13 06:58:00,casey.dorsey@examplecorp.test,Rowan Cohen,2023-04-03 22:18:00,,,,Y,Arjun Silva,101600,Blue Ridge Industries LLC,Human Resources,Rahul Blake,Payroll Specialist,2023-08-20,2026-07-25,Inactive,100717,100077,100776,Human Resources,100535,TAG-5282,9951,Gamma,4079,7059,7627,Alpha,Other,100215,,Payroll Specialist Placement,,,"11,679",No,nina.haddad@acme-fake.test,Brightpath Industries LLC,,Skyler Okafor,100957,Delta,,100484,,,,,New,SKU-4028,TAG-8868,100853,Alpha,,,,Bengaluru,100174,,,Delta,100639,,,,,,,,,,101168,,Budget Cut,100378,,100177,Y,,Shared the updated proposal for review.,United States,,Placement,100278,,REF-7207,105890,,,Other,,,100504,
100559,Placement,107530,elena.nguyen@demomail.test,Arjun Ashby,2025-03-20 20:47:00,reese.reyes@sampleco.test,Arjun Larsson,2025-03-03 14:13:00,priya.larsson@examplecorp.test,Avery Vance,2025-02-26 19:37:00,,,,N,Omar Larsson,101585,Northwind Industries Co,Accounting,Riley Sato,Financial Analyst,2026-04-18,2026-06-04,Inactive,100660,100307,100555,Accounting,100256,TAG-6634,5252,Delta,5342,2931,1386,Beta,Standard,100514,,Financial Analyst Placement,,,"10,836",Yes,chen.ivanov@sampleco.test,*NONE,100328,Alex Calder,100923,,,100336,,,422,,New,LOT-4989,SKU-7079,101445,Beta,,,,Bengaluru,100336,,,Standard,100514,,,,,,,,,,101388,,Converted to Direct Hire,100659,,100654,Y,Met Expectations,Discussed timeline and next steps with the account.,India,100654,Placement,,,SKU-6196,105830,,,Delta,,,,
100461,Placement,107533,skyler.mercer@sampleco.test,Avery Calder,2026-04-17 06:01:00,skyler.sloan@acme-fake.test,Skyler Ivanov,2026-04-16 07:53:00,chen.patel@demomail.test,Marco Blake,2024-09-23 19:02:00,,,,N,Jamie Mercer,101098,Vertex Ventures Group,Sales,Diego Dorsey,Operations Associate,2024-12-17,2026-06-13,Inactive,,100194,100145,Sales,,LOT-7585,8374,Delta,6535,7723,7745,Beta,Standard,100082,,Operations Associate Placement,,100139,"9,891",No,fatima.costa@sampleco.test,*NONE,100552,Jordan Sato,101023,Other,,100639,,,"1,751",,New,SKU-7962,LOT-2411,101018,Other,,,,Phoenix,100643,,,Standard,100516,,,,,,,,,,100841,,Performance,100735,,100435,N,Below,Discussed timeline and next steps with the account.,United Kingdom,,Backfill,,,REF-6583,104957,,,Delta,,,,
100118,Placement,107534,drew.brooks@sampleco.test,Morgan Blake,2024-11-11 16:52:00,quinn.garcia@demomail.test,Priya Sloan,2023-09-19 19:44:00,yara.mensah@acme-fake.test,Skyler Brooks,2023-04-16 05:55:00,,,,N,Chen Dorsey,101373,Meridian Robotics Ltd,Sales,Nina Sloan,Software Developer,2023-08-01,,Active - Placed,100659,100281,100493,Sales,100671,SKU-6608,3295,Beta,4163,3298,4810,Other,Other,100672,,Software Developer Placement,,100659,"10,058",No,jordan.garcia@sampleco.test,*NONE,100504,Drew Blake,100920,Other,,100079,655,,"4,188",,New,SKU-1320,,100893,Beta,,,,Toronto,100349,,,Other,100098,,,,,,,,,,100873,,,100366,Voluntary,,Y,,,United States,100055,Direct Hire,100462,,SKU-2233,105485,,,Beta,,,100325,
100441,Placement,107535,drew.okafor@demomail.test,Drew Reyes,2025-05-05 12:57:00,liam.ashby@examplecorp.test,Jamie Haddad,2024-06-01 18:34:00,yara.nguyen@sampleco.test,Noah Larsson,2023-06-12 08:23:00,,,,N,Nina Calder,101105,Silverline Robotics Inc,Finance,Marco Ashby,Marketing Coordinator,2024-01-05,,Active - Placed,100758,100336,100782,Finance,100355,TAG-3191,5205,Beta,8145,2647,7845,Gamma,Beta,100558,,Marketing Coordinator Placement,,100462,"17,365",Yes,noah.okafor@examplecorp.test,*NONE,100478,Chen Ashby,101373,Gamma,,,919,,,,New,TAG-8590,SKU-7855,100882,Standard,,,,Toronto,100476,,,Delta,100751,,,,,,,,,,101361,,,,,100330,Y,Exceeded,,Mexico,,Placement,100718,,SKU-1435,105863,,,Standard,,,,
100498,Placement,107536,riley.garcia@demomail.test,Quinn Reyes,2022-11-28 11:27:00,reese.costa@sampleco.test,Jordan Sloan,2025-12-04 05:58:00,riley.calder@sampleco.test,Elena Cohen,2024-01-30 01:05:00,,,,N,Fatima Rossi,101182,Copper Labs LLC,Marketing,Riley Mercer,Recruiter,2024-05-07,,Active - Placed,100014,100252,100050,Marketing,,SKU-1151,2664,Alpha,1362,5848,7683,Standard,Alpha,100173,,Recruiter Placement,,100162,,Yes,fatima.blake@examplecorp.test,Brightpath Manufacturing,,Avery Reyes,101678,Gamma,,,,,,,Backfill,TAG-2656,LOT-2705,101512,Other,,,,London,100651,,,Delta,100021,,,,,,,,,,101120,,,100372,,100675,Y,,,Philippines,100275,Placement,100468,,LOT-5162,105042,,,Other,,,100191,
100076,Placement,107538,elena.rossi@examplecorp.test,Nina Rossi,2023-06-13 04:01:00,priya.kim@acme-fake.test,Marco Silva,2023-03-30 13:11:00,rowan.calder@acme-fake.test,Jordan Sloan,2024-11-12 01:09:00,,,,N,Nina Blake,101512,Redwood Media,Recruiting,Emerson Blake,Software Developer,2023-12-26,,Active - Placed,,100472,100407,Recruiting,,REF-1658,2336,Gamma,7212,461,4150,Alpha,Gamma,100784,,Software Developer Placement,,,"8,258",No,alex.costa@acme-fake.test,*NONE,,Yara Costa,101004,Alpha,,,,,,,New,,,101458,Beta,,,,Mumbai,100305,,,Gamma,100022,,,,,,,,,,101091,,,100675,Involuntary,100137,Y,,,United Kingdom,100345,Placement,100554,,TAG-4278,106551,,,Delta,,,100042,
100758,Placement,107540,sofia.ford@sampleco.test,Liam Okafor,2023-03-01 19:20:00,drew.mercer@sampleco.test,Aisha Haddad,2025-08-05 19:52:00,elena.calder@sampleco.test,Alex Dorsey,2024-04-11 01:18:00,,,,N,Taylor Nguyen,101585,Meridian Ventures Ltd,Sales,Yara Rossi,QA Engineer,2023-09-09,2026-07-22,Inactive - Terminated,100155,100007,100277,Sales,,LOT-1085,741,Delta,9611,5873,1891,Beta,Alpha,100100,,QA Engineer Placement,,100545,"2,378",No,emerson.mensah@examplecorp.test,*NONE,100055,Diego Mercer,101262,Gamma,,100441,,,,,Backfill,LOT-6661,,101168,Delta,,,,Atlanta,100389,,,Beta,100496,,,,,,,,,,101694,,Unmet Expectations,100568,Voluntary,,Y,Below,Shared the updated proposal for review.,Australia,100469,Placement,100538,,SKU-9140,106068,,,Beta,,,100439,
100328,Placement,107543,marco.mensah@acme-fake.test,Mei Garcia,2026-04-08 03:56:00,jordan.calder@sampleco.test,Fatima Haddad,2026-02-25 19:15:00,aisha.mercer@demomail.test,Alex Reyes,2023-06-05 18:51:00,,,,N,Skyler Silva,101657,Horizon Textiles LLP,Operations,Diego Rossi,Operations Associate,2024-09-08,2026-07-20,Inactive,100733,100031,100453,Operations,100137,SKU-2497,9077,Alpha,2316,2441,1513,Alpha,Delta,100500,,Operations Associate Placement,,100528,"15,958",Yes,casey.blake@sampleco.test,*NONE,,Jordan Rossi,101331,Beta,,100759,,,,,New,,TAG-4132,101018,Standard,,,,Dallas,100732,,,Alpha,100751,,,,,,,,,,100825,,,100423,Voluntary,100208,,Met Expectations,Followed up on the open items from last week.,Philippines,100747,Placement,100133,,TAG-1328,106432,,,Beta,,,100673,
100779,Placement,107544,emerson.vance@sampleco.test,Nina Nguyen,2025-04-04 21:32:00,nina.mensah@sampleco.test,Alex Vance,2024-01-11 02:31:00,emerson.blake@acme-fake.test,Rowan Calder,2026-04-11 20:50:00,,,,Y,Nina Mercer,100809,Cardinal Textiles Co,Sales,Quinn Nguyen,Payroll Specialist,2025-08-27,,Active - Placed,100654,100774,100246,Sales,100494,SKU-4197,5414,Other,8334,9024,3918,Gamma,Alpha,100732,,Payroll Specialist Placement,,,"4,142",No,aisha.mensah@acme-fake.test,Horizon Solutions LLP,,Diego Larsson,101224,Other,,,,,924,,New,REF-2536,,100876,Alpha,,,,Mumbai,100121,,,Beta,100359,,,,,,,,,,101450,,,100512,,100185,N,Below,,United Kingdom,,Direct Hire,100220,,REF-7001,106568,,,Other,,,100596,
100079,Placement,107545,chen.blake@sampleco.test,Fatima Rossi,2024-01-18 19:03:00,drew.mercer@sampleco.test,Diego Patel,2022-10-09 16:24:00,sofia.kim@demomail.test,Quinn Sloan,2023-12-29 21:22:00,,,,N,Taylor Cohen,100846,Meridian Systems Group,Recruiting,Priya Costa,Financial Analyst,2025-05-21,2026-06-11,Inactive - Terminated,100162,100028,100330,Recruiting,100387,SKU-6696,5060,Gamma,1248,3956,3341,Gamma,Beta,100503,,Financial Analyst Placement,,100375,"15,162",Yes,aisha.ivanov@sampleco.test,Northwind Retail Group,,Priya Reyes,100913,Other,,100784,,,,,Backfill,TAG-3024,REF-1152,100853,Standard,,,,Dallas,100568,,,Beta,100702,,,,,,,,,,101415,,Unmet Expectations,100269,,100421,,Met Expectations,Followed up on the open items from last week.,Australia,,Placement,100145,,LOT-9254,105309,,,Delta,,,,
100252,Placement,107546,nina.kim@demomail.test,Elena Ashby,2024-11-12 04:21:00,sofia.blake@sampleco.test,Elena Haddad,2025-06-08 19:20:00,reese.ford@acme-fake.test,Mei Kim,2024-12-26 03:48:00,,,,Y,Jamie Ford,100853,Falcon Networks Ltd,Recruiting,Reese Brooks,Data Analyst,2024-05-05,2026-06-29,Inactive,,100656,100564,Recruiting,100345,SKU-7482,9457,Standard,9956,7208,9361,Beta,Beta,100026,,Data Analyst Placement,,,"11,557",No,diego.vance@demomail.test,Beacon Ventures Inc,,Rahul Whitfield,101630,Delta,,,,,,,Backfill,REF-8996,LOT-4041,101353,Other,,,,Manila,100118,,,Delta,100558,,,,,,,,,,100975,,Relocation,,Voluntary,100471,N,Met Expectations,Noted a concern to revisit at the next sync.,Australia,100112,Placement,100257,,REF-5515,105925,,,Alpha,,,,
100236,Placement,107547,elena.ashby@demomail.test,Fatima Whitfield,2026-06-19 22:01:00,taylor.brooks@demomail.test,Emerson Garcia,2023-03-12 11:56:00,elena.dorsey@examplecorp.test,Diego Sloan,2023-03-27 15:23:00,,,,N,Arjun Sato,101500,Meridian Logistics Group,Marketing,Arjun Nguyen,QA Engineer,2026-01-26,2026-06-06,Inactive,,100699,100375,Marketing,100372,SKU-7740,2832,Beta,6809,5047,2616,Gamma,Alpha,100152,,QA Engineer Placement,,100629,"7,692",Yes,morgan.silva@sampleco.test,*NONE,,Liam Blake,101344,Beta,,100043,,,,,New,LOT-5334,REF-8246,100935,Standard,,,,Austin,100717,,,Delta,100352,,,,,,,,,,100915,,,100076,,,N,Exceeded,Aligned on billing and renewal terms.,India,100648,Bench,100058,,REF-7505,104969,,,Other,,,,
100328,Placement,107548,priya.dorsey@examplecorp.test,Sofia Whitfield,2024-07-24 12:49:00,reese.patel@demomail.test,Mei Silva,2023-05-04 01:28:00,omar.ashby@acme-fake.test,Casey Ivanov,2023-03-10 15:11:00,,,,N,Rowan Patel,101701,Silverline Manufacturing Ltd,Finance,Mei Dorsey,Recruiter,2023-09-07,,Active - Terminated,100168,100082,100210,Finance,100322,LOT-7899,9365,Gamma,5728,8844,5282,Delta,Other,100507,,Recruiter Placement,,100200,"15,753",No,marco.haddad@acme-fake.test,*NONE,100714,Sofia Ashby,101523,Gamma,,100092,,,,,Backfill,SKU-1176,LOT-3863,100841,Delta,,,,Manila,100645,,,Gamma,100548,,,,,,,,,,100882,,,100465,Involuntary,100340,Y,,,India,,Bench,,,LOT-8138,106081,,,Alpha,,,100542,
100490,Placement,107551,skyler.brooks@sampleco.test,Liam Silva,2026-04-29 05:42:00,marco.okafor@demomail.test,Morgan Calder,2025-06-03 07:28:00,skyler.ivanov@demomail.test,Chen Calder,2024-02-14 17:58:00,,,,Y,Noah Blake,100965,Summit Retail Ltd,Software Engineering,Reese Sato,Recruiter,2023-12-22,,Active - Placed,,100233,100439,Software Engineering,,LOT-6670,7736,Standard,5857,2051,8256,Gamma,Delta,100196,,Recruiter Placement,,100300,"8,861",No,reese.patel@acme-fake.test,*NONE,100421,Taylor Vance,101349,Gamma,,100710,,,630,,Backfill,TAG-6857,SKU-8344,101721,Delta,,,,Seattle,100193,,,Gamma,100765,,,,,,,,,,101274,,,100275,Voluntary,,Y,Met Expectations,,Germany,100667,Bench,,,SKU-3156,104911,,,Gamma,,,100094,
100418,Placement,107553,casey.sato@examplecorp.test,Noah Cohen,2022-10-22 03:08:00,noah.blake@acme-fake.test,Elena Dorsey,2023-07-31 11:31:00,morgan.ford@acme-fake.test,Elena Whitfield,2023-06-20 20:39:00,,,,N,Omar Larsson,101542,Cardinal Manufacturing Co,Human Resources,Aisha Whitfield,Software Developer,2026-04-04,,Active - Placed,100762,100550,100147,Human Resources,,SKU-7167,6730,Other,6187,6720,5732,Alpha,Other,100675,,Software Developer Placement,,100453,"5,098",No,mei.larsson@sampleco.test,*NONE,100791,Taylor Haddad,101730,Alpha,,,,,,,New,SKU-6046,TAG-1836,100957,Alpha,,,,Mumbai,100475,,,Alpha,100470,,,,,,,,,,101421,,,100579,Voluntary,100042,N,,,United Kingdom,100380,Direct Hire,100791,,SKU-9580,106557,,,Beta,,,,
100152,Placement,107556,sofia.brooks@sampleco.test,Casey Haddad,2025-06-26 22:56:00,nina.calder@demomail.test,Skyler Ashby,2025-07-27 01:19:00,noah.sloan@demomail.test,Mei Cohen,2026-03-20 05:12:00,,,,Y,Jordan Ford,100923,Atlas Manufacturing Ltd,Customer Support,Noah Nguyen,Executive Assistant,2023-12-30,2026-07-28,Inactive,,100688,100700,Customer Support,100629,LOT-1153,9042,Gamma,8710,9695,2735,Beta,Other,100664,,Executive Assistant Placement,,100469,"4,635",Yes,elena.patel@demomail.test,*NONE,100247,Quinn Larsson,101018,Alpha,,100564,,,"3,462",,New,TAG-8669,SKU-1616,101688,Beta,,,,Austin,100509,,,Gamma,100473,,,,,,,,,,101609,,Project Ended,100029,Involuntary,,N,,Discussed timeline and next steps with the account.,United Kingdom,100317,Backfill,,,LOT-2500,104918,,,Standard,,,,
100403,Placement,107559,noah.cohen@acme-fake.test,Marco Garcia,2024-06-11 09:50:00,riley.garcia@sampleco.test,Elena Dorsey,2023-07-18 12:31:00,mei.brooks@demomail.test,Riley Whitfield,2024-04-18 03:19:00,,,,Y,Elena Haddad,101118,Atlas Analytics,Human Resources,Quinn Ashby,Data Analyst,2025-05-01,,Active - Placed,100418,100026,100050,Human Resources,,TAG-8120,3433,Alpha,1932,900,8609,Gamma,Standard,100688,,Data Analyst Placement,,,"9,235",No,nina.mensah@sampleco.test,Silverline Retail Corp,,Omar Mensah,100891,Gamma,,100226,,,,,Backfill,LOT-8789,,101338,Delta,,,,Dallas,100311,,,Beta,100345,,,,,,,,,,101215,,,100378,Involuntary,100305,Y,Exceeded,,Canada,,Placement,100522,,REF-7933,104980,,,Beta,,,100768,
100062,Placement,107561,omar.sloan@demomail.test,Skyler Calder,2025-11-07 17:57:00,alex.ashby@examplecorp.test,Liam Vance,2022-12-31 04:46:00,jordan.nguyen@examplecorp.test,Elena Mercer,2026-06-01 16:56:00,,,,Y,Omar Garcia,101122,Everest Ventures Group,Accounting,Taylor Ashby,Recruiter,2025-02-02,,Active - Terminated,,100380,100404,Accounting,,SKU-6593,4117,Delta,5517,2461,2719,Beta,Other,100229,,Recruiter Placement,,100401,"15,566",No,rowan.kim@sampleco.test,Granite Group Ltd,100239,Jamie Haddad,101221,Delta,,100031,,,"2,389",,New,LOT-6740,SKU-4879,100915,Beta,,,,Dallas,100247,,,Standard,100550,,,,,,,,,,100899,,,100465,Involuntary,100214,,Met Expectations,,Philippines,100599,Placement,,,LOT-6677,105617,,,Standard,,,100083,
100493,Placement,107562,omar.whitfield@acme-fake.test,Drew Sato,2024-02-19 08:43:00,riley.sato@sampleco.test,Taylor Mensah,2025-03-06 07:09:00,diego.mensah@demomail.test,Alex Silva,2024-03-27 13:33:00,,,,N,Liam Brooks,101125,Cobalt Partners Group,Software Engineering,Mei Garcia,Payroll Specialist,2025-03-17,2026-07-04,Inactive,100516,100103,100762,Software Engineering,,TAG-3697,5458,Standard,9639,5253,9887,Gamma,Delta,100697,,Payroll Specialist Placement,,,"3,538",Yes,chen.garcia@demomail.test,*NONE,100699,Reese Ashby,101041,Standard,,100438,,,,,New,REF-1330,,101578,Standard,,,,Atlanta,100314,,,Alpha,100555,,,,,,,,,,101454,,,100079,,100751,Y,Exceeded,Followed up on the open items from last week.,Canada,100357,Placement,,,TAG-2500,105151,,,Beta,,,100005,
100412,Placement,107565,casey.ford@acme-fake.test,Quinn Mercer,2024-09-29 07:50:00,morgan.haddad@acme-fake.test,Riley Costa,2025-10-29 13:20:00,morgan.reyes@examplecorp.test,Priya Reyes,2026-05-31 15:02:00,,,,Y,Reese Dorsey,100972,Evergreen Textiles Inc,Operations,Jamie Ford,Project Manager,2024-02-28,,Active - Placed,100475,100236,100776,Operations,100721,REF-5819,1965,Other,118,4002,2892,Beta,Beta,100629,,Project Manager Placement,,,"1,508",No,casey.rossi@demomail.test,*NONE,100632,Riley Dorsey,101753,Beta,,,"1,609",,,,Backfill,TAG-5035,,101657,Other,,,,Bengaluru,100774,,,Delta,100183,,,,,,,,,,101401,,,100714,Involuntary,100026,Y,Below,,Australia,100673,Placement,100271,,REF-9362,106092,,,Alpha,,,,
100035,Placement,107567,aisha.sato@examplecorp.test,Avery Brooks,2026-01-03 02:52:00,emerson.kim@acme-fake.test,Fatima Okafor,2025-04-24 13:37:00,noah.brooks@sampleco.test,Marco Rossi,2023-09-08 02:12:00,,,,Y,Diego Calder,101340,Evergreen Media LLP,Recruiting,Fatima Silva,Recruiter,2024-12-19,,Active - Placed,,100538,100252,Recruiting,,SKU-6377,7223,Gamma,317,1308,845,Standard,Gamma,100247,,Recruiter Placement,,100401,"5,467",No,taylor.ashby@examplecorp.test,Falcon Robotics Ltd,,Reese Larsson,101778,Delta,,100608,,,,,New,REF-2486,REF-3593,100815,Other,,,,Manila,100434,,,Delta,100089,,,,,,,,,,101461,,,100393,Voluntary,100412,N,Met Expectations,,United Kingdom,,Trial,100307,,REF-8567,105107,,,Standard,,,100484,
100405,Placement,107568,drew.silva@demomail.test,Nina Vance,2023-09-03 11:27:00,yara.reyes@examplecorp.test,Priya Sato,2026-02-28 03:35:00,riley.costa@sampleco.test,Marco Sato,2023-11-22 19:36:00,,,,Y,Drew Patel,100970,Harbor Holdings Ltd,Data & Analytics,Riley Calder,Payroll Specialist,2023-05-11,,Active - Placed,100689,100774,100639,Data & Analytics,,SKU-6828,3762,Alpha,4817,5961,4887,Alpha,Standard,100414,,Payroll Specialist Placement,,100490,"12,318",No,nina.haddad@examplecorp.test,Everest Robotics Ltd,100699,Liam Silva,101146,Gamma,,100545,"1,498",,"4,650",,New,SKU-4382,,100881,Delta,,,,Toronto,100322,,,Beta,100640,,,,,,,,,,101655,,,100423,,100305,Y,,,United Kingdom,100319,Placement,100246,,SKU-3541,105367,,,Alpha,,,100286,
100332,Placement,107570,mei.calder@acme-fake.test,Alex Dorsey,2025-02-11 16:22:00,reese.sato@examplecorp.test,Yara Okafor,2026-03-22 22:17:00,casey.haddad@demomail.test,Skyler Sato,2024-12-19 21:40:00,,,,N,Aisha Garcia,101697,Lakeside Retail LLP,Operations,Liam Vance,Software Developer,2025-07-14,2026-06-04,Inactive - Terminated,100156,100125,100349,Operations,100387,REF-5194,155,Delta,644,979,2749,Standard,Standard,100320,,Software Developer Placement,,100671,"2,812",No,fatima.larsson@examplecorp.test,*NONE,100117,Taylor Rossi,101763,Beta,,,,,347,,New,TAG-2694,,101380,Gamma,,,,Toronto,100161,,,Standard,100161,,,,,,,,,,101373,,,100140,Voluntary,100611,N,,Resolved the outstanding question about scope.,Mexico,,Bench,100366,,LOT-6400,105443,,,Other,,,,
100267,Placement,107572,riley.ashby@acme-fake.test,Rowan Mensah,2025-04-19 04:15:00,sofia.haddad@acme-fake.test,Marco Ashby,2023-08-09 10:05:00,emerson.reyes@demomail.test,Noah Blake,2024-01-20 11:45:00,,,,N,Taylor Haddad,101743,Ironwood Ventures LLP,Software Engineering,Rahul Whitfield,Marketing Coordinator,2023-06-20,,Active - Placed,,100457,100776,Software Engineering,,LOT-7895,3330,Gamma,2125,327,9232,Delta,Standard,100193,,Marketing Coordinator Placement,,,"14,022",Yes,jamie.sloan@demomail.test,*NONE,100606,Rowan Cohen,101658,Beta,,100046,484,,,,New,SKU-6959,,101173,Alpha,,,,Mumbai,100548,,,Standard,100680,,,,,,,,,,101472,,,100590,,,Y,Exceeded,,Philippines,100047,Backfill,100398,,LOT-3611,105347,,,Gamma,,,100031,
100707,Placement,107575,morgan.brooks@demomail.test,Riley Kim,2024-04-07 00:13:00,rahul.ford@sampleco.test,Quinn Nguyen,2024-05-08 07:19:00,emerson.vance@sampleco.test,Riley Ford,2026-07-19 02:04:00,,,,N,Fatima Sloan,101419,Harbor Solutions Corp,Recruiting,Taylor Brooks,Payroll Specialist,2025-01-05,,Active - Terminated,,100490,100264,Recruiting,,SKU-8290,8482,Standard,5583,7713,976,Standard,Beta,100566,,Payroll Specialist Placement,,100595,"12,093",Yes,fatima.mensah@acme-fake.test,*NONE,,Drew Costa,101552,Alpha,,100717,266,,146,,New,LOT-2392,LOT-2934,100892,Delta,,,,Chicago,100514,,,Other,100542,,,,,,,,,,101213,,,100445,,100188,Y,,,Philippines,100246,Bench,100418,,SKU-1196,104907,,,Beta,,,,
100236,Placement,107577,omar.sloan@examplecorp.test,Mei Sato,2023-02-19 05:00:00,priya.ivanov@demomail.test,Fatima Vance,2025-05-17 14:25:00,sofia.mensah@demomail.test,Arjun Vance,2025-11-03 16:20:00,,,,Y,Arjun Ivanov,100937,Cardinal Industries Corp,Software Engineering,Riley Ford,Data Analyst,2025-01-07,2026-06-17,Inactive - Terminated,100257,100559,100428,Software Engineering,100161,REF-3702,9732,Gamma,1704,4947,9231,Other,Gamma,100106,,Data Analyst Placement,,100565,"13,853",Yes,chen.garcia@examplecorp.test,*NONE,100435,Morgan Cohen,101202,Standard,,100077,,,,,New,REF-4558,,101110,Delta,,,,London,100784,,,Beta,100119,,,,,,,,,,100825,,Project Ended,100661,,100404,Y,Met Expectations,Shared the updated proposal for review.,Germany,100727,Placement,100542,,LOT-5261,106614,,,Gamma,,,,
100061,Placement,107580,aisha.reyes@examplecorp.test,Aisha Haddad,2023-07-08 14:36:00,jamie.mensah@sampleco.test,Liam Ford,2025-04-26 06:39:00,marco.reyes@demomail.test,Sofia Cohen,2025-06-22 01:52:00,,,,N,Taylor Cohen,101419,Blue Ridge Manufacturing Ltd,Recruiting,Marco Blake,QA Engineer,2024-10-06,2026-06-17,Inactive,100315,100271,100640,Recruiting,,TAG-6234,1591,Beta,987,2789,7434,Beta,Delta,100040,,QA Engineer Placement,,,"13,246",No,marco.dorsey@examplecorp.test,Cobalt Financial LLP,100380,Aisha Cohen,101455,Beta,,,,,,,New,REF-5554,REF-1766,101669,Delta,,,,Manila,100369,,,Beta,100503,,,,,,,,,,101524,,Unmet Expectations,,Voluntary,100038,N,Exceeded,Noted a concern to revisit at the next sync.,Germany,100226,Placement,100732,,REF-8400,106474,,,Other,,,,
100476,Placement,107581,chen.costa@demomail.test,Skyler Reyes,2023-08-18 16:18:00,omar.silva@sampleco.test,Aisha Rossi,2024-10-24 06:38:00,morgan.rossi@acme-fake.test,Taylor Rossi,2025-02-11 16:50:00,,,,N,Jordan Ford,100947,Northwind Holdings LLC,Accounting,Morgan Brooks,Financial Analyst,2024-05-05,,Active - Terminated,,100743,100624,Accounting,100387,REF-4947,7218,Other,9076,6321,4296,Alpha,Delta,100200,,Financial Analyst Placement,,,"3,866",Yes,diego.ivanov@examplecorp.test,*NONE,100400,Emerson Nguyen,101168,Delta,,,224,,,,New,LOT-9937,LOT-3807,101616,Delta,4284,,,Toronto,100352,,,Alpha,100343,,,,,,,,,,101487,,,100125,Voluntary,100205,N,,,United Kingdom,,Placement,,,REF-6511,105292,,,Delta,,,,
100118,Placement,107584,omar.reyes@demomail.test,Marco Okafor,2024-03-20 16:06:00,jamie.mercer@sampleco.test,Omar Mercer,2022-12-15 17:46:00,quinn.rossi@acme-fake.test,Morgan Garcia,2026-03-25 11:24:00,,,,Y,Priya Haddad,101432,Northwind Partners Group,Recruiting,Morgan Ivanov,Data Analyst,2026-05-26,,Active - Placed,100550,100496,100554,Recruiting,100412,REF-3224,3572,Gamma,8790,2992,8317,Delta,Beta,100467,,Data Analyst Placement,,,,Yes,taylor.garcia@examplecorp.test,*NONE,,Casey Reyes,100932,Delta,,100137,,,,,New,SKU-9093,LOT-2076,101368,Beta,,,,Seattle,100320,,,Gamma,100585,,,,,,,,,,101035,,,100702,Involuntary,100038,Y,Below,,India,,Placement,100733,,SKU-6998,105377,,,Alpha,,,100305,
100328,Placement,107587,taylor.okafor@examplecorp.test,Morgan Whitfield,2025-03-12 16:09:00,alex.cohen@demomail.test,Noah Haddad,2023-02-18 09:02:00,riley.okafor@acme-fake.test,Liam Sato,2024-10-20 03:17:00,,,,N,Fatima Haddad,100809,Delta Ventures,Sales,Arjun Mensah,Marketing Coordinator,2025-02-15,2026-06-11,Inactive - Terminated,,100100,100058,Sales,100345,SKU-3703,1840,Alpha,1150,3365,5353,Beta,Standard,100707,,Marketing Coordinator Placement,,100718,"15,935",No,chen.kim@examplecorp.test,*NONE,100123,Omar Silva,100880,Gamma,,100050,,,,,Backfill,TAG-3041,SKU-7157,100884,Alpha,,,,London,100296,,,Gamma,100042,,,,,,,,,,100997,,Project Ended,100244,,100688,Y,Met Expectations,Aligned on billing and renewal terms.,Germany,,Placement,,,REF-4809,105121,,,Alpha,,,100300,
100385,Placement,107589,nina.ashby@demomail.test,Taylor Patel,2025-09-23 18:01:00,drew.kim@examplecorp.test,Yara Ashby,2023-10-31 09:53:00,reese.whitfield@examplecorp.test,Marco Haddad,2024-08-19 21:16:00,,,,Y,Skyler Rossi,101211,Harbor Systems Corp,Finance,Noah Garcia,Customer Success Manager,2026-01-10,2026-07-06,Inactive - Terminated,,100473,100771,Finance,,REF-8135,4649,Gamma,6878,8631,9956,Alpha,Other,100765,,Customer Success Manager Placement,,,"3,125",Yes,liam.garcia@acme-fake.test,*NONE,100239,Fatima Reyes,101014,Delta,,100559,,,,,Backfill,LOT-6363,LOT-9354,101021,Standard,,,,Chicago,100142,,,Standard,100528,,,,,,,,,,101598,,Project Ended,100740,Voluntary,100242,Y,Exceeded,Shared the updated proposal for review.,Mexico,,Placement,,,REF-3340,105162,,,Gamma,,,100762,
100606,Placement,107592,rowan.blake@demomail.test,Riley Cohen,2026-04-30 14:50:00,riley.ashby@demomail.test,Casey Blake,2026-05-24 23:40:00,emerson.calder@demomail.test,Emerson Cohen,2024-02-07 04:42:00,,,,N,Priya Larsson,101784,Keystone Health LLP,Marketing,Riley Vance,Customer Success Manager,2024-12-24,,Active - Placed,,100361,100699,Marketing,,SKU-9030,7109,Gamma,1082,7969,2018,Standard,Beta,100087,,Customer Success Manager Placement,,100157,"8,990",Yes,riley.patel@demomail.test,Keystone Textiles Corp,100233,Taylor Dorsey,101265,Other,,100405,"1,931",,"2,936",,New,TAG-2703,REF-7903,101101,Gamma,,,,Toronto,100475,,,Alpha,100624,,,,,,,,,,101221,,,100349,Voluntary,100619,Y,,,Australia,,Direct Hire,,,REF-5676,104941,,,Standard,,,100697,
100741,Placement,107593,riley.whitfield@examplecorp.test,Jordan Ashby,2024-11-12 06:26:00,elena.blake@acme-fake.test,Priya Garcia,2023-05-11 13:31:00,jordan.reyes@examplecorp.test,Noah Vance,2022-12-17 05:40:00,,,,Y,Rowan Blake,101349,Everest Dynamics Corp,Finance,Priya Sloan,Recruiter,2024-04-16,2026-07-13,Inactive - Terminated,100183,100535,100629,Finance,,REF-3325,7982,Alpha,3078,262,6466,Gamma,Alpha,100214,,Recruiter Placement,,100669,"7,218",Yes,noah.sato@sampleco.test,Horizon Robotics Corp,100383,Reese Larsson,101101,Other,,,78,,,,Backfill,SKU-4589,LOT-6860,101700,Beta,,,,Toronto,100658,,,Delta,100461,,,,,,,,,,101042,,Unmet Expectations,100785,Involuntary,100169,Y,Exceeded,Scheduled a check-in for the coming month.,India,,Placement,,,REF-3427,106544,,,Other,,,,
100490,Placement,107595,elena.haddad@sampleco.test,Skyler Cohen,2023-08-08 01:33:00,mei.brooks@examplecorp.test,Taylor Mensah,2022-10-05 05:29:00,reese.sato@sampleco.test,Reese Okafor,2025-04-22 14:11:00,,,,N,Noah Blake,100951,Blue Ridge Manufacturing Corp,Human Resources,Diego Dorsey,Bookkeeper,2024-03-18,,Active - Placed,,100664,100016,Human Resources,100309,REF-1486,3158,Beta,4480,3930,9153,Gamma,Standard,100540,,Bookkeeper Placement,,,"9,087",No,liam.sloan@examplecorp.test,*NONE,,Yara Rossi,101290,Standard,,100782,"1,392",,,,New,LOT-8362,,101211,Delta,,,,Manila,100791,,,Delta,100369,,,,,,,,,,101553,,,100696,Voluntary,100117,N,,,Germany,100205,Placement,,,SKU-9488,105485,,,Gamma,,,100305,
100574,Placement,107598,arjun.okafor@acme-fake.test,Reese Patel,2025-01-13 05:02:00,quinn.brooks@examplecorp.test,Noah Dorsey,2026-07-30 19:53:00,alex.okafor@sampleco.test,Sofia Whitfield,2024-12-28 14:52:00,,,,Y,Jamie Nguyen,100984,Northwind Ventures Co,Sales,Jamie Ashby,Marketing Coordinator,2026-01-17,2026-06-21,Inactive - Terminated,100043,100068,100156,Sales,100244,TAG-9830,6820,Delta,1010,932,4626,Alpha,Beta,100203,,Marketing Coordinator Placement,,,"13,442",No,emerson.kim@demomail.test,Evergreen Analytics Group,,Reese Ivanov,100813,Gamma,,100173,,,"4,379",,New,,SKU-9011,101029,Beta,,,,Manila,100739,,,Alpha,100538,,,,,,,,,,101338,,Performance,100540,Involuntary,,N,Below,Reviewed performance and gathered feedback.,Germany,100490,Backfill,,,REF-1128,105347,,,Delta,,,100457,
100753,Placement,107599,noah.vance@sampleco.test,Nina Sato,2023-10-26 20:50:00,avery.rossi@demomail.test,Mei Nguyen,2024-07-12 21:14:00,skyler.mercer@demomail.test,Reese Mensah,2023-02-16 15:53:00,,,,N,Sofia Okafor,101281,Atlas Networks LLP,Marketing,Casey Nguyen,Customer Success Manager,2024-07-12,,Active - Placed,,100292,100288,Marketing,100185,TAG-7730,2698,Other,9232,8589,5314,Other,Gamma,100392,,Customer Success Manager Placement,,100737,"4,594",No,yara.mensah@examplecorp.test,*NONE,100201,Alex Dorsey,101043,Standard,,,,,,,Backfill,TAG-5524,,101656,Alpha,,,,Manila,100158,,,Beta,100743,,,,,,,,,,101643,,,100194,,100465,N,Below,,Mexico,100461,Placement,,,LOT-9927,105702,,,Other,,,,
100182,Placement,107602,marco.haddad@examplecorp.test,Jordan Cohen,2026-06-23 06:49:00,elena.blake@examplecorp.test,Aisha Okafor,2022-12-12 08:56:00,avery.garcia@demomail.test,Jordan Ashby,2025-10-11 02:53:00,,,,N,Chen Garcia,101730,Granite Financial Inc,Operations,Mei Vance,Financial Analyst,2023-11-30,,Active - Placed,,100278,100174,Operations,,TAG-8839,2291,Other,3214,3600,9852,Alpha,Delta,100454,,Financial Analyst Placement,,,"16,797",No,marco.patel@examplecorp.test,Keystone Dynamics,,Fatima Mercer,100867,Beta,,,,,"1,424",,Backfill,LOT-2184,SKU-8598,101070,Alpha,,,,Phoenix,100476,,,Beta,100782,,,,,,,,,,101328,,,100231,Involuntary,100392,N,Exceeded,,Philippines,,Bench,100325,,TAG-1186,105965,,,Delta,,,100372,
100082,Placement,107603,arjun.okafor@sampleco.test,Jordan Cohen,2025-01-25 03:57:00,liam.nguyen@acme-fake.test,Alex Cohen,2026-07-30 19:27:00,jamie.garcia@sampleco.test,Jamie Patel,2024-10-06 05:31:00,,,,Y,Avery Nguyen,100947,Northwind Logistics Group,Data & Analytics,Morgan Sloan,Software Developer,2023-04-19,,Active - Placed,,100774,100587,Data & Analytics,100528,LOT-3257,9404,Other,2967,4649,8484,Delta,Delta,100271,,Software Developer Placement,,,"1,541",Yes,marco.ivanov@demomail.test,*NONE,100040,Liam Patel,101707,Gamma,,100115,,,,,Backfill,TAG-7296,SKU-2614,101082,Gamma,,,,Mumbai,100686,,,Beta,100378,,,,,,,,,,100932,,,,Involuntary,,Y,Below,,Mexico,,Placement,100118,,LOT-1719,105841,,,Other,,,100704,
100082,Placement,107605,yara.ivanov@acme-fake.test,Morgan Silva,2023-01-18 13:48:00,arjun.silva@acme-fake.test,Liam Kim,2024-09-22 10:11:00,marco.mensah@examplecorp.test,Omar Blake,2024-04-19 22:38:00,,,,Y,Quinn Brooks,100822,Beacon Capital Corp,Software Engineering,Avery Mensah,Software Developer,2024-08-07,2026-07-13,Inactive - Terminated,100608,100494,100522,Software Engineering,100717,LOT-7863,6349,Beta,5577,3237,7853,Other,Standard,100094,,Software Developer Placement,,100622,"11,588",No,rowan.ivanov@acme-fake.test,Blue Ridge Media LLC,100542,Emerson Cohen,101035,Other,,100768,,,,,New,LOT-2022,REF-4241,101525,Delta,,,,Manila,100076,,,Beta,100648,,,,,,,,,,101649,,Relocation,100730,,100076,N,Met Expectations,Scheduled a check-in for the coming month.,Canada,100387,Placement,100532,,LOT-7575,105480,,,Delta,,,100635,
100120,Placement,107607,nina.ivanov@demomail.test,Drew Rossi,2024-05-28 00:06:00,chen.mercer@examplecorp.test,Yara Mercer,2025-09-11 17:52:00,fatima.ivanov@sampleco.test,Aisha Ashby,2023-02-25 16:39:00,,,,Y,Avery Reyes,101380,Meridian Manufacturing LLC,Customer Support,Aisha Sloan,Marketing Coordinator,2025-01-18,,Active - Placed,,100765,100601,Customer Support,,SKU-7591,1274,Standard,4849,8541,350,Alpha,Standard,100343,,Marketing Coordinator Placement,,100152,"10,249",No,alex.blake@acme-fake.test,Copper Energy LLP,,Priya Ford,101530,Delta,,100420,"1,901",,,,Backfill,REF-4678,,100963,Delta,,,,Toronto,100550,,,Delta,100472,,,,,,,,,,101306,,,100396,Involuntary,100169,Y,Met Expectations,,United States,100200,Placement,100173,,TAG-2956,105935,,,Delta,,,100292,
100096,Placement,107609,morgan.mercer@demomail.test,Emerson Mensah,2023-08-12 18:17:00,emerson.cohen@acme-fake.test,Avery Larsson,2026-06-15 00:05:00,casey.silva@sampleco.test,Reese Reyes,2023-12-31 09:30:00,,,,N,Casey Whitfield,101641,Lakeside Robotics Inc,Operations,Fatima Sato,Financial Analyst,2026-03-26,2026-06-07,Inactive,100441,100659,100068,Operations,100451,SKU-6900,5816,Gamma,8749,6506,1335,Gamma,Beta,100128,,Financial Analyst Placement,,100183,"5,595",No,chen.blake@acme-fake.test,*NONE,100335,Omar Larsson,100932,Delta,,100098,,,,,Backfill,LOT-4874,TAG-1187,101000,Other,,,,Phoenix,100718,,,Beta,100761,,,,,,,,,,101452,,Unmet Expectations,100046,Voluntary,100357,Y,Exceeded,Aligned on billing and renewal terms.,United States,,Placement,,,TAG-4909,105797,,,Alpha,,,100399,
100185,Placement,107610,chen.ivanov@sampleco.test,Drew Ashby,2026-05-06 21:20:00,quinn.nguyen@acme-fake.test,Reese Nguyen,2024-08-23 06:49:00,mei.calder@sampleco.test,Morgan Blake,2024-02-26 03:15:00,,,,N,Rowan Ivanov,101652,Vertex Manufacturing,Data & Analytics,Yara Kim,Payroll Specialist,2023-11-07,,Active - Terminated,,100215,100650,Data & Analytics,,REF-8004,6676,Alpha,7181,6332,3732,Gamma,Beta,100022,,Payroll Specialist Placement,,100569,"2,295",No,priya.kim@examplecorp.test,*NONE,100694,Avery Ashby,100881,Alpha,,100740,300,,996,,Backfill,REF-3814,SKU-3682,101625,Alpha,,,,London,100726,,,Standard,100403,,,,,,,,,,100794,,,100434,Involuntary,100043,,,,India,100454,Placement,,,SKU-2507,105791,,,Delta,,,100434,
100661,Placement,107611,chen.rossi@examplecorp.test,Nina Brooks,2023-05-03 00:51:00,quinn.larsson@sampleco.test,Fatima Sloan,2024-11-26 17:40:00,sofia.calder@demomail.test,Chen Costa,2024-06-17 20:21:00,,,,Y,Marco Haddad,101657,Atlas Networks LLP,Marketing,Rahul Silva,Executive Assistant,2024-02-19,,Active - Placed,,100382,100355,Marketing,100740,SKU-1880,4713,Alpha,2808,2963,5370,Beta,Delta,100776,,Executive Assistant Placement,,100335,"6,173",No,drew.haddad@sampleco.test,*NONE,100659,Morgan Patel,101160,Delta,,,,,,,Backfill,TAG-4566,SKU-8951,101225,Other,,,,Denver,100115,,,Alpha,100022,,,,,,,,,,101563,,,100564,Involuntary,100572,Y,,,Canada,100542,Placement,100570,,SKU-2385,104891,,,Gamma,,,100210,
100525,Placement,107613,priya.mensah@sampleco.test,Nina Okafor,2024-09-26 07:06:00,nina.ford@acme-fake.test,Marco Mercer,2026-06-19 21:03:00,omar.nguyen@sampleco.test,Alex Mensah,2024-05-14 06:43:00,,,,Y,Riley Larsson,101151,Blue Ridge Networks Corp,Marketing,Aisha Nguyen,Recruiter,2023-05-12,,Active - Terminated,100689,100762,100718,Marketing,100193,REF-2098,7763,Standard,2788,5881,8243,Beta,Standard,100673,,Recruiter Placement,,100665,"6,034",Yes,priya.nguyen@demomail.test,*NONE,100717,Nina Silva,100805,Beta,,100357,,,,,New,SKU-6331,TAG-8916,100978,Other,,,,Austin,100622,,,Other,100632,,,,,,,,,,101190,,,100345,,,,Met Expectations,,Germany,100667,Bench,100566,,LOT-9407,106549,,,Delta,,,100585,
100031,Placement,107616,quinn.dorsey@demomail.test,Taylor Garcia,2024-05-07 03:30:00,rahul.sato@demomail.test,Marco Vance,2026-05-03 16:42:00,sofia.okafor@sampleco.test,Noah Silva,2024-03-26 00:08:00,,,,Y,Liam Costa,101538,Falcon Industries,Finance,Riley Whitfield,Data Analyst,2025-01-01,,Active - Placed,100400,100445,100286,Finance,100726,REF-4355,9958,Other,7610,4168,8129,Alpha,Other,100498,,Data Analyst Placement,,,"3,249",No,liam.cohen@acme-fake.test,*NONE,,Alex Dorsey,101000,Alpha,,,,,994,,New,SKU-9630,,101308,Beta,,,,London,100257,,,Other,100372,,,,,,,,,,100867,,,100651,,100231,Y,Exceeded,,Mexico,,Placement,100396,,TAG-5872,104943,,,Other,,,100128,
100671,Placement,107618,mei.silva@sampleco.test,Casey Sato,2023-03-16 04:50:00,liam.sloan@demomail.test,Reese Blake,2025-12-01 17:01:00,quinn.reyes@demomail.test,Jamie Sato,2024-04-22 08:30:00,,,,N,Rowan Vance,100991,Ironwood Group Corp,Human Resources,Noah Blake,Project Manager,2025-04-23,,Active - Placed,100092,100442,100656,Human Resources,100717,LOT-3433,8992,Standard,3329,9331,8472,Standard,Other,100061,,Project Manager Placement,,100613,"5,954",No,drew.blake@demomail.test,Evergreen Systems Group,100730,Alex Vance,101784,Delta,,100680,,,"2,182",,New,REF-3970,,100913,Other,,,,Phoenix,100638,,,Gamma,100469,,,,,,,,,,101481,,,100162,Involuntary,100775,Y,,,Australia,100669,Placement,100339,,LOT-8815,106081,,,Gamma,,,,
100281,Placement,107619,chen.whitfield@examplecorp.test,Avery Blake,2024-08-26 17:26:00,jordan.blake@examplecorp.test,Rahul Garcia,2024-11-04 09:06:00,arjun.whitfield@demomail.test,Chen Ford,2022-11-17 03:44:00,,,,N,Elena Silva,101452,Pioneer Holdings LLP,Sales,Sofia Rossi,Operations Associate,2026-05-25,,Active - Placed,100446,100256,100453,Sales,100579,LOT-6183,3046,Beta,8437,8037,4570,Beta,Other,100425,,Operations Associate Placement,,,"13,367",No,omar.costa@demomail.test,*NONE,100454,Morgan Ivanov,101404,Gamma,,100645,,,,,New,REF-4760,LOT-2659,101585,Standard,,,,Denver,100436,,,Other,100123,,,,,,,,,,101027,,,100732,,,Y,Below,,Canada,100761,Bench,,,TAG-8863,105339,,,Beta,,,,
100003,Placement,107620,rahul.dorsey@examplecorp.test,Diego Dorsey,2024-02-25 19:14:00,alex.cohen@examplecorp.test,Rowan Costa,2024-03-19 23:23:00,diego.blake@demomail.test,Fatima Patel,2023-05-12 07:43:00,,,,N,Rowan Sloan,101716,Copper Systems,Operations,Omar Brooks,HR Generalist,2025-05-20,,Active - Placed,,100403,100613,Operations,100153,REF-4577,9653,Alpha,721,4362,292,Other,Gamma,100421,,HR Generalist Placement,,,,No,fatima.calder@examplecorp.test,*NONE,,Mei Brooks,101541,Alpha,,100292,,,,,Backfill,LOT-1390,REF-5090,101207,Alpha,,,,Phoenix,100398,,,Delta,100019,,,,,,,,,,100800,,,100608,,100203,,Exceeded,,Australia,,Placement,100578,,LOT-7383,104943,,,Delta,,,100233,
100453,Placement,107621,reese.haddad@examplecorp.test,Jordan Okafor,2023-06-05 06:01:00,reese.patel@acme-fake.test,Sofia Dorsey,2026-06-07 00:05:00,avery.mercer@demomail.test,Elena Kim,2026-02-22 19:08:00,,,,Y,Diego Haddad,101779,Horizon Analytics Group,Sales,Elena Nguyen,QA Engineer,2024-09-30,2026-07-09,Inactive,100232,100106,100672,Sales,100153,REF-2470,7161,Standard,5268,8339,4470,Alpha,Gamma,100062,,QA Engineer Placement,,,"5,086",No,avery.cohen@sampleco.test,*NONE,,Yara Mercer,101553,Delta,,100023,,,"2,811",,New,LOT-8894,REF-8706,101281,Alpha,597,,,Mumbai,100112,,,Alpha,100371,,,,,,,,,,100990,,Project Ended,100219,Involuntary,100077,N,,Resolved the outstanding question about scope.,Canada,100643,Placement,,,REF-8667,105752,,,Other,,,100561,
100123,Placement,107623,fatima.silva@demomail.test,Morgan Kim,2023-12-04 08:15:00,mei.costa@sampleco.test,Nina Okafor,2026-01-31 07:14:00,riley.mercer@examplecorp.test,Rowan Ford,2023-11-11 12:40:00,,,,Y,Emerson Brooks,100835,Meridian Systems,Customer Support,Emerson Brooks,HR Generalist,2025-10-03,2026-06-09,Inactive,100418,100721,100278,Customer Support,,REF-3631,7645,Beta,1872,2135,4334,Beta,Standard,100627,,HR Generalist Placement,,100140,"12,593",Yes,jamie.ivanov@acme-fake.test,*NONE,,Quinn Cohen,101450,Other,,100471,"1,253",,,,Backfill,REF-8083,SKU-4533,100998,Alpha,,,,Toronto,100385,,,Standard,100199,,,,,,,,,,101507,,Project Ended,100768,Involuntary,100387,Y,,Followed up on the open items from last week.,Philippines,100689,Placement,100500,,TAG-1514,105016,,,Delta,,,,
100147,Placement,107624,arjun.kim@demomail.test,Morgan Mercer,2024-08-04 21:35:00,liam.dorsey@sampleco.test,Drew Brooks,2023-11-01 04:24:00,rowan.dorsey@examplecorp.test,Marco Nguyen,2022-12-30 18:00:00,,,,N,Alex Mensah,101389,Blue Ridge Capital Group,Sales,Yara Sato,Payroll Specialist,2023-06-13,,Active - Placed,100134,100392,100205,Sales,,SKU-5809,7189,Alpha,7387,3668,9331,Delta,Alpha,100678,,Payroll Specialist Placement,,,"17,222",No,skyler.vance@examplecorp.test,*NONE,,Reese Calder,101070,Delta,,100403,,,,,New,LOT-2275,,100800,Alpha,3122,,,Manila,100229,,,Other,100328,,,,,,,,,,100843,,,100050,,100599,N,Exceeded,,Canada,100142,Bench,100559,,REF-5372,106200,,,Delta,,,100009,
100247,Placement,107626,reese.sloan@examplecorp.test,Emerson Ashby,2023-09-26 16:30:00,skyler.blake@sampleco.test,Nina Reyes,2024-05-15 23:59:00,rahul.whitfield@sampleco.test,Skyler Calder,2024-08-06 01:48:00,,,,Y,Arjun Silva,101694,Vertex Foods Co,Recruiting,Mei Mercer,HR Generalist,2026-05-13,2026-06-08,Inactive,,100423,100509,Recruiting,,TAG-7074,6753,Standard,1789,4979,2193,Gamma,Standard,100247,,HR Generalist Placement,,,"9,629",Yes,chen.reyes@examplecorp.test,Beacon Networks Group,,Riley Kim,101745,Standard,,,,,"4,943",,New,TAG-8379,,101609,Alpha,,,,Denver,100147,,,Delta,100634,,,,,,,,,,101455,,Converted to Direct Hire,100125,,100033,Y,Exceeded,Discussed timeline and next steps with the account.,Philippines,100382,Placement,100096,,SKU-3387,105702,,,Beta,,,100770,
100040,Placement,107627,aisha.nguyen@sampleco.test,Aisha Rossi,2024-01-21 17:00:00,marco.blake@acme-fake.test,Arjun Dorsey,2026-03-19 07:44:00,skyler.vance@examplecorp.test,Taylor Kim,2024-02-01 23:15:00,,,,N,Yara Blake,100891,Falcon Solutions,Data & Analytics,Yara Dorsey,Software Developer,2024-03-19,,Active - Placed,100776,100548,100257,Data & Analytics,100639,TAG-9459,3841,Alpha,3758,1460,5849,Standard,Other,100538,,Software Developer Placement,,,"14,442",No,rahul.silva@sampleco.test,*NONE,,Fatima Costa,101767,Alpha,,100661,,,,,New,LOT-1587,,101162,Beta,,,,London,100457,,,Beta,100432,,,,,,,,,,100965,,,100392,Involuntary,100317,Y,Below,,Australia,100156,Placement,100727,,LOT-8714,105001,,,Alpha,,,100671,
100665,Placement,107630,noah.haddad@examplecorp.test,Jamie Blake,2025-11-16 15:12:00,liam.sato@examplecorp.test,Chen Larsson,2024-11-12 18:50:00,jamie.garcia@acme-fake.test,Fatima Silva,2025-08-14 08:31:00,,,,Y,Rahul Whitfield,100850,Summit Financial Inc,Customer Support,Jordan Ashby,Support Specialist,2025-01-29,2026-07-24,Inactive - Terminated,100791,100574,100601,Customer Support,100740,TAG-9663,1625,Beta,9477,119,4838,Standard,Standard,100386,,Support Specialist Placement,,,"14,585",Yes,arjun.costa@examplecorp.test,Everest Labs Inc,100162,Alex Blake,101598,Gamma,,100638,,,"3,013",,New,LOT-6130,REF-6512,101176,Delta,,,,Atlanta,100678,,,Delta,100714,,,,,,,,,,101409,,Performance,100643,,100100,N,Below,Followed up on the open items from last week.,United Kingdom,100046,Placement,100264,,TAG-8569,105733,,,Other,,,100418,
100462,Placement,107632,liam.haddad@acme-fake.test,Emerson Mensah,2023-03-18 14:39:00,skyler.blake@sampleco.test,Rahul Rossi,2025-10-10 19:18:00,skyler.silva@examplecorp.test,Fatima Rossi,2023-11-30 01:04:00,,,,Y,Diego Ford,101483,Northwind Media Group,Accounting,Riley Okafor,Financial Analyst,2025-09-21,,Active - Placed,100647,100733,100478,Accounting,100504,TAG-8348,4339,Gamma,3552,6595,9512,Other,Alpha,100311,,Financial Analyst Placement,,100704,"2,885",Yes,elena.reyes@examplecorp.test,*NONE,100299,Alex Silva,101528,Other,,100451,,,,,Backfill,TAG-6891,,100963,Gamma,,,,Bengaluru,100574,,,Delta,100204,,,,,,,,,,101000,,,100629,Involuntary,100473,N,Met Expectations,,United States,100336,Direct Hire,,,LOT-7441,106544,,,Other,,,100103,
100125,Placement,107634,reese.kim@examplecorp.test,Marco Vance,2025-03-06 13:09:00,drew.cohen@examplecorp.test,Avery Whitfield,2024-07-03 04:43:00,marco.vance@acme-fake.test,Noah Mercer,2025-06-25 16:27:00,,,,Y,Diego Calder,101104,Harbor Health Co,Marketing,Noah Patel,Accountant,2024-10-20,,Active - Placed,100355,100647,100498,Marketing,100348,REF-6262,2744,Gamma,3285,3042,5873,Beta,Gamma,100055,,Accountant Placement,,,"16,439",No,noah.vance@demomail.test,*NONE,100079,Arjun Whitfield,101128,Standard,,100253,118,,"2,540",,New,REF-8679,LOT-3436,101454,Beta,,,,Toronto,100786,,,Gamma,100221,,,,,,,,,,101165,,,100619,Involuntary,100201,Y,Exceeded,,India,,Placement,100130,,LOT-2691,106230,,,Other,,,100359,
100405,Placement,107635,marco.blake@demomail.test,Drew Reyes,2025-05-08 00:08:00,rowan.mercer@sampleco.test,Jordan Sloan,2024-03-03 17:58:00,mei.dorsey@demomail.test,Rahul Cohen,2024-12-24 19:48:00,,,,Y,Reese Dorsey,101276,Cobalt Financial Inc,Finance,Arjun Ford,Executive Assistant,2024-12-06,,Active - Placed,,100786,100172,Finance,,TAG-4925,7173,Other,331,7001,6265,Delta,Gamma,100264,,Executive Assistant Placement,,100652,"3,490",Yes,liam.ford@sampleco.test,Redwood Media Inc,100582,Nina Blake,101042,Delta,,100611,,,,,Backfill,LOT-4162,,101646,Beta,,,,Denver,100448,,,Alpha,100487,,,,,,,,,,101585,,,100535,Involuntary,100570,N,Below,,Australia,,Placement,100140,,LOT-5588,106353,,,Gamma,,,100339,
100638,Placement,107636,priya.ford@examplecorp.test,Taylor Larsson,2025-03-29 12:58:00,marco.dorsey@acme-fake.test,Omar Larsson,2025-07-29 04:06:00,skyler.reyes@demomail.test,Omar Whitfield,2023-03-20 09:00:00,,,,Y,Omar Calder,100956,Lakeside Industries LLC,Human Resources,Jamie Kim,Data Analyst,2024-11-06,,Active - Placed,100012,100699,100350,Human Resources,100498,LOT-1112,9823,Other,6550,460,8368,Beta,Standard,100295,,Data Analyst Placement,,100791,"5,582",No,mei.mensah@sampleco.test,Vertex Robotics Ltd,,Yara Ford,101315,Delta,,,,,,,New,TAG-4346,TAG-2823,100956,Alpha,,,,Seattle,100707,,,Beta,100552,,,,,,,,,,101414,,,100759,Involuntary,100665,N,,,Mexico,100182,Trial,100042,,TAG-8314,105302,,,Standard,,,100436,
100284,Placement,107637,skyler.ivanov@demomail.test,Elena Kim,2026-01-19 02:26:00,sofia.patel@examplecorp.test,Quinn Kim,2023-02-25 09:09:00,skyler.dorsey@examplecorp.test,Priya Sato,2024-07-20 23:53:00,,,,Y,Drew Blake,101153,Northwind Ventures LLP,Finance,Drew Sato,Data Analyst,2026-03-31,2026-06-24,Inactive - Terminated,100119,100476,100264,Finance,100398,SKU-5910,7276,Delta,6092,6914,707,Gamma,Other,100503,,Data Analyst Placement,,100661,"5,595",No,aisha.calder@demomail.test,Granite Ventures LLC,100271,Liam Haddad,100843,Other,,100519,,,,,New,REF-4760,TAG-9663,101259,Beta,,,,Chicago,100683,,,Delta,100128,,,,,,,,,,101751,,Performance,100201,,100776,,,Scheduled a check-in for the coming month.,Philippines,100292,Placement,,,REF-3242,105087,,,Gamma,,,100466,
100648,Placement,107640,chen.ford@demomail.test,Chen Sloan,2024-12-22 18:05:00,avery.silva@sampleco.test,Quinn Blake,2024-07-08 20:41:00,quinn.whitfield@examplecorp.test,Jamie Mercer,2023-06-29 07:02:00,,,,N,Omar Garcia,101679,Harbor Analytics,Accounting,Reese Vance,Accountant,2025-09-19,,Active - Placed,100727,100471,100269,Accounting,100529,REF-4560,8332,Delta,8598,8975,8546,Standard,Beta,100296,,Accountant Placement,,100335,"10,713",No,rahul.ivanov@demomail.test,*NONE,,Drew Haddad,101652,Alpha,,100317,,,,,Backfill,LOT-1853,LOT-7355,101510,Beta,,,,Seattle,100140,,,Gamma,100220,,,,,,,,,,101556,,,100704,Voluntary,100210,Y,Met Expectations,,India,100613,Placement,,,REF-8082,105304,,,Delta,,,,
100087,Placement,107641,rahul.mercer@demomail.test,Elena Whitfield,2023-06-28 14:21:00,omar.blake@sampleco.test,Marco Cohen,2024-03-27 22:02:00,avery.ashby@sampleco.test,Nina Dorsey,2025-05-16 00:53:00,,,,Y,Reese Okafor,100828,Delta Systems LLC,Software Engineering,Fatima Sloan,Project Manager,2026-02-14,,Active - Placed,100779,100021,100525,Software Engineering,100730,TAG-7233,1527,Gamma,8065,7601,7205,Standard,Delta,100068,,Project Manager Placement,,,"5,603",No,quinn.brooks@examplecorp.test,Blue Ridge Energy,100696,Skyler Larsson,100873,Beta,,,,,,,New,TAG-1145,TAG-5960,101223,Alpha,,,,Atlanta,100362,,,Other,100415,,,,,,,,,,100857,,,100648,Voluntary,100568,Y,Met Expectations,,United Kingdom,100743,Direct Hire,100782,,REF-7164,106478,,,Standard,,,100383,
100471,Placement,107643,drew.haddad@demomail.test,Fatima Larsson,2026-05-20 19:54:00,casey.reyes@demomail.test,Riley Rossi,2023-07-08 00:43:00,priya.rossi@sampleco.test,Chen Kim,2023-06-08 21:51:00,,,,Y,Priya Whitfield,100940,Falcon Systems Ltd,Sales,Diego Brooks,Software Developer,2026-03-22,2026-06-16,Inactive - Terminated,,100320,100421,Sales,100461,REF-8573,192,Delta,6626,1055,4552,Delta,Alpha,100643,,Software Developer Placement,,,"12,221",No,drew.vance@sampleco.test,*NONE,100535,Drew Mercer,100863,Other,,,,,,,New,SKU-9660,REF-4972,100997,Standard,,,,Manila,100428,,,Beta,100181,,,,,,,,,,101466,,Relocation,100665,Voluntary,100383,N,Met Expectations,Discussed timeline and next steps with the account.,India,100733,Bench,100203,,SKU-4046,105831,,,Gamma,,,,
100634,Placement,107646,reese.okafor@sampleco.test,Jordan Calder,2024-02-18 14:49:00,quinn.dorsey@examplecorp.test,Skyler Vance,2025-11-19 05:30:00,taylor.whitfield@demomail.test,Casey Ford,2026-02-06 23:30:00,,,,N,Sofia Calder,101132,Delta Textiles Corp,Customer Support,Avery Sato,Software Developer,2025-12-27,2026-06-06,Inactive - Terminated,100340,100405,100717,Customer Support,,SKU-9157,3598,Standard,4498,8880,114,Standard,Alpha,100590,,Software Developer Placement,,100566,"7,088",No,emerson.ford@examplecorp.test,Blue Ridge Manufacturing Inc,100247,Fatima Nguyen,101414,Delta,,,,,,,New,LOT-9545,,101684,Gamma,,,,Manila,100500,,,Standard,100322,,,,,,,,,,101727,,Performance,100050,Involuntary,100462,N,Below,Discussed timeline and next steps with the account.,Mexico,100449,Bench,,,LOT-9810,106084,,,Beta,,,,
100442,Placement,107649,drew.nguyen@sampleco.test,Drew Costa,2025-04-07 13:23:00,diego.nguyen@acme-fake.test,Drew Okafor,2024-08-26 07:48:00,drew.garcia@acme-fake.test,Omar Ivanov,2023-10-03 08:46:00,,,,N,Avery Whitfield,101366,Everest Capital Ltd,Customer Support,Taylor Mensah,Support Specialist,2023-09-18,2026-06-12,Inactive,100750,100576,100211,Customer Support,100203,REF-8679,6111,Standard,4357,3693,2328,Alpha,Standard,100281,,Support Specialist Placement,,100299,"4,539",Yes,sofia.sato@acme-fake.test,Everest Retail Group,100040,Reese Calder,101525,Other,,100062,,,"3,254",,Backfill,SKU-6698,REF-9065,101401,Alpha,,,,Chicago,100158,,,Alpha,100343,,,,,,,,,,101014,,Converted to Direct Hire,100340,,100529,N,Below,Discussed timeline and next steps with the account.,Mexico,100278,Bench,100507,,SKU-6595,104927,,,Standard,,,100352,
100257,Placement,107650,yara.silva@acme-fake.test,Noah Calder,2022-11-03 10:18:00,drew.silva@demomail.test,Mei Kim,2025-02-10 18:16:00,skyler.calder@sampleco.test,Diego Sloan,2023-11-08 18:53:00,,,,N,Nina Okafor,101528,Vertex Health Group,Marketing,Noah Dorsey,Recruiter,2025-03-14,,Active - Placed,,100645,100181,Marketing,100123,REF-9859,7057,Beta,8788,8921,5960,Gamma,Standard,100651,,Recruiter Placement,,100578,"16,634",No,liam.ivanov@demomail.test,*NONE,100574,Riley Brooks,101439,Gamma,,,,,,,Backfill,SKU-7722,SKU-5667,101790,Other,,,,Dallas,100217,,,Beta,100415,,,,,,,,,,100951,,,100205,Voluntary,100648,Y,Exceeded,,Philippines,,Bench,,,TAG-3051,105370,,,Beta,,,,
100468,Placement,107651,nina.silva@demomail.test,Mei Ashby,2025-09-29 03:51:00,fatima.kim@examplecorp.test,Avery Sloan,2022-12-10 10:07:00,mei.reyes@acme-fake.test,Sofia Vance,2025-05-21 15:37:00,,,,Y,Omar Haddad,100799,Falcon Holdings Corp,Sales,Rahul Reyes,Data Analyst,2023-05-07,2026-07-02,Inactive,,100564,100791,Sales,100053,LOT-9448,969,Delta,8834,5657,5149,Delta,Standard,100083,,Data Analyst Placement,,100372,"8,338",Yes,diego.whitfield@demomail.test,*NONE,100770,Quinn Haddad,101073,Alpha,,,,,456,,Backfill,TAG-8084,SKU-1569,101548,Standard,,,,Seattle,100545,,,Alpha,100247,,,,,,,,,,101359,,Converted to Direct Hire,100365,Voluntary,100487,Y,Below,Reviewed performance and gathered feedback.,United Kingdom,100672,Bench,100484,,LOT-8442,106175,,,Standard,,,100404,
100627,Placement,107654,marco.nguyen@examplecorp.test,Alex Larsson,2025-05-06 03:39:00,drew.brooks@examplecorp.test,Quinn Mercer,2024-01-19 02:37:00,jordan.ashby@acme-fake.test,Diego Vance,2026-01-25 21:40:00,,,,Y,Diego Reyes,101054,Cobalt Foods LLC,Recruiting,Alex Okafor,Operations Associate,2024-03-23,,Active - Placed,100319,100079,100022,Recruiting,100098,TAG-9716,9285,Other,831,2137,8520,Delta,Alpha,100371,,Operations Associate Placement,,100509,"2,920",No,drew.cohen@examplecorp.test,*NONE,100570,Nina Ashby,101415,Standard,,,"1,166",,,,New,TAG-1281,TAG-8871,101616,Standard,,,,Toronto,100776,,,Alpha,100578,,,,,,,,,,101534,,,100645,Involuntary,100702,Y,,,United Kingdom,,Placement,100448,,SKU-7751,105000,,,Other,,,,
100718,Placement,107657,noah.costa@demomail.test,Sofia Vance,2025-03-29 17:28:00,diego.sloan@sampleco.test,Jamie Okafor,2022-10-12 03:29:00,liam.kim@examplecorp.test,Taylor Whitfield,2023-07-06 15:28:00,,,,N,Marco Garcia,100893,Redwood Foods Inc,Operations,Marco Haddad,Customer Success Manager,2024-10-19,,Active - Placed,,100375,100211,Operations,100369,REF-3921,4484,Delta,8550,2077,9728,Beta,Delta,100465,,Customer Success Manager Placement,,100236,"10,888",Yes,elena.kim@demomail.test,Granite Ventures Inc,,Quinn Reyes,100838,Other,,100601,"1,270",,,,New,LOT-4191,LOT-4064,100967,Alpha,,,,Austin,100495,,,Alpha,100664,,,,,,,,,,101004,,,100083,,100208,N,Exceeded,,United States,,Placement,100349,,TAG-2930,105509,,,Beta,,,100525,
100613,Placement,107660,priya.haddad@acme-fake.test,Jamie Mensah,2025-04-16 12:26:00,diego.dorsey@acme-fake.test,Reese Haddad,2024-01-26 12:36:00,jordan.ashby@demomail.test,Sofia Dorsey,2024-01-14 07:06:00,,,,N,Yara Dorsey,101134,Keystone Capital Co,Recruiting,Drew Ivanov,Customer Success Manager,2025-01-06,2026-06-05,Inactive - Terminated,,100672,100082,Recruiting,100177,TAG-7646,5453,Other,9920,7456,4058,Gamma,Delta,100446,,Customer Success Manager Placement,,100559,"4,336",Yes,jordan.patel@demomail.test,*NONE,100009,Morgan Vance,101505,Delta,,100466,,,942,,New,TAG-5444,,101029,Standard,,,,Phoenix,100120,,,Alpha,100555,,,,,,,,,,101002,,Budget Cut,100782,,100784,N,,Aligned on billing and renewal terms.,Australia,100650,Trial,,,TAG-2962,106011,,,Other,,,,
100117,Placement,107661,aisha.ford@demomail.test,Priya Ivanov,2023-12-13 19:30:00,mei.patel@sampleco.test,Sofia Ford,2024-09-30 12:00:00,avery.calder@demomail.test,Arjun Mercer,2026-06-05 10:56:00,,,,N,Mei Sato,100911,Brightpath Group Co,Human Resources,Sofia Ford,Bookkeeper,2023-09-24,,Active - Placed,100201,100660,100269,Human Resources,100232,REF-6672,8044,Other,8031,1387,1158,Other,Alpha,100622,,Bookkeeper Placement,,100336,"9,698",Yes,marco.blake@demomail.test,*NONE,,Emerson Patel,101017,Delta,,100260,"1,783",,"4,388",,New,LOT-1210,SKU-5649,100935,Standard,,,,Chicago,100332,,,Delta,100247,,,,,,,,,,100856,,,100298,,100669,N,,,India,,Bench,100335,,SKU-6263,105071,,,Other,,,100021,
100233,Placement,107664,marco.kim@acme-fake.test,Skyler Vance,2023-08-12 21:14:00,riley.rossi@sampleco.test,Quinn Vance,2025-06-03 23:32:00,fatima.larsson@examplecorp.test,Riley Ashby,2025-02-26 01:08:00,,,,N,Omar Kim,101450,Copper Networks Inc,Human Resources,Arjun Costa,HR Generalist,2024-01-17,2026-07-02,Inactive,100257,100205,100724,Human Resources,,SKU-8674,851,Gamma,5988,5359,6908,Other,Standard,100398,,HR Generalist Placement,,100204,"5,882",No,sofia.reyes@demomail.test,*NONE,100634,Riley Brooks,101001,Alpha,,100569,,,,,New,TAG-9557,LOT-1736,101528,Alpha,,Delta,,Bengaluru,100140,,,Delta,100361,,,,,,,,,,101570,,Budget Cut,100476,Voluntary,100476,Y,,Noted a concern to revisit at the next sync.,Germany,100578,Placement,,,SKU-7247,106492,,,Standard,,,100496,
100309,Placement,107666,aisha.cohen@examplecorp.test,Riley Rossi,2022-11-15 00:29:00,reese.larsson@sampleco.test,Quinn Calder,2024-11-23 13:59:00,elena.costa@examplecorp.test,Alex Mensah,2026-04-13 09:30:00,,,,Y,Liam Vance,100988,Northwind Manufacturing Inc,Sales,Chen Whitfield,Executive Assistant,2024-10-02,,Active - Placed,,100608,100083,Sales,,SKU-4179,3082,Other,7417,7213,7636,Delta,Gamma,100040,,Executive Assistant Placement,,100314,"2,645",Yes,marco.rossi@demomail.test,Falcon Ventures Inc,100616,Chen Rossi,101035,Alpha,,100330,,,"4,616",,New,TAG-9836,REF-6571,101343,Alpha,,,,London,100362,,,Standard,100449,,,,,,,,,,101048,,,100758,,100065,N,,,India,100774,Direct Hire,,,TAG-8089,105674,,,Gamma,,,100790,
100487,Placement,107668,priya.kim@demomail.test,Quinn Larsson,2025-09-16 02:43:00,alex.whitfield@sampleco.test,Yara Cohen,2025-06-16 07:51:00,riley.dorsey@demomail.test,Alex Okafor,2025-04-19 11:15:00,,,,N,Avery Mensah,100949,Beacon Industries Ltd,Human Resources,Liam Cohen,Recruiter,2023-07-03,,Active - Placed,100458,100309,100220,Human Resources,,LOT-3313,8690,Beta,7871,8540,460,Standard,Delta,100359,,Recruiter Placement,,100371,"17,028",No,elena.rossi@sampleco.test,*NONE,100215,Rowan Silva,101529,Alpha,,,,,,,New,TAG-9187,LOT-3035,101020,Standard,,,,Toronto,100256,,,Delta,100660,,,,,,,,,,101472,,,100613,Voluntary,100522,Y,,,India,,Placement,100083,,SKU-9165,106072,,,Gamma,,,,
100058,Placement,107669,rahul.kim@demomail.test,Jordan Ivanov,2026-04-10 15:17:00,casey.whitfield@sampleco.test,Marco Sato,2024-09-15 01:32:00,jordan.silva@demomail.test,Morgan Calder,2026-07-08 17:29:00,,,,Y,Taylor Calder,101190,Northwind Manufacturing LLP,Marketing,Casey Cohen,Software Developer,2024-09-04,,Active - Placed,100475,100441,100277,Marketing,,REF-8129,2590,Other,4378,9716,3863,Delta,Beta,100494,,Software Developer Placement,,,"9,703",Yes,liam.silva@acme-fake.test,Falcon Health,,Casey Reyes,100908,Gamma,,,,,"2,380",,New,LOT-7294,TAG-9054,101073,Delta,,,,Atlanta,100314,,,Standard,100120,,,,,,,,,,101121,,,100286,Involuntary,100404,N,,,Canada,100740,Placement,100396,,SKU-2643,105664,,,Delta,,,,
100514,Placement,107671,skyler.rossi@acme-fake.test,Elena Costa,2025-10-27 02:36:00,rowan.okafor@demomail.test,Drew Okafor,2026-04-30 02:21:00,alex.brooks@examplecorp.test,Riley Mercer,2025-12-01 18:19:00,,,,N,Emerson Dorsey,101238,Lakeside Retail Corp,Data & Analytics,Avery Larsson,Support Specialist,2025-05-06,,Active - Placed,100400,100512,100392,Data & Analytics,100622,LOT-7883,9565,Gamma,4950,2036,3432,Beta,Other,100691,,Support Specialist Placement,,100441,"10,192",No,omar.silva@sampleco.test,*NONE,,Elena Reyes,101727,Alpha,,,"1,813",,,,New,TAG-6132,LOT-6506,101308,Other,,,,Manila,100014,,,Standard,100043,,,,,,,,,,100896,,,100680,Involuntary,100016,N,,,Canada,100172,Direct Hire,,,REF-9151,105914,,,Delta,,,100683,
100776,Placement,107674,jordan.dorsey@sampleco.test,Alex Mensah,2023-02-04 12:55:00,morgan.silva@sampleco.test,Chen Costa,2023-02-09 09:34:00,jordan.sato@acme-fake.test,Riley Reyes,2026-01-16 15:20:00,,,,Y,Aisha Patel,100972,Blue Ridge Dynamics LLC,Marketing,Mei Costa,Executive Assistant,2026-04-04,,Active - Placed,100664,100528,100570,Marketing,100551,SKU-6843,6107,Alpha,2625,759,5932,Delta,Gamma,100058,,Executive Assistant Placement,,100165,"12,210",No,rowan.vance@sampleco.test,*NONE,100267,Arjun Mensah,100942,Gamma,,,,,"2,108",,New,REF-8233,,101709,Other,,,,Bengaluru,100412,,,Delta,100014,,,,,,,,,,101760,,,100182,Involuntary,100608,Y,Met Expectations,,Canada,100714,Placement,100205,,TAG-4900,106240,,,Standard,,,100472,
100514,Placement,107676,omar.patel@acme-fake.test,Elena Nguyen,2023-02-19 04:43:00,mei.reyes@demomail.test,Noah Sato,2024-04-27 21:28:00,avery.patel@examplecorp.test,Casey Vance,2023-03-06 17:26:00,,,,N,Yara Rossi,101751,Horizon Solutions Ltd,Recruiting,Taylor Calder,Payroll Specialist,2026-03-03,,Active - Terminated,100203,100750,100079,Recruiting,,SKU-3490,2120,Alpha,4654,965,4612,Delta,Other,100659,,Payroll Specialist Placement,,100423,"5,795",No,emerson.dorsey@demomail.test,*NONE,,Rahul Calder,100911,Beta,,,,,"4,255",,Backfill,TAG-7640,,101445,Beta,,,,Mumbai,100730,,,Gamma,100528,,,,,,,,,,100822,,,100504,Voluntary,100522,N,Below,,Mexico,,Placement,100412,,TAG-3923,106018,,,Beta,,,100790,
100643,Placement,107678,riley.haddad@examplecorp.test,Liam Cohen,2023-08-31 22:40:00,jamie.patel@demomail.test,Morgan Kim,2024-01-13 06:24:00,jordan.ford@acme-fake.test,Yara Dorsey,2026-02-20 23:41:00,,,,Y,Quinn Reyes,100944,Delta Industries Group,Data & Analytics,Noah Okafor,HR Generalist,2026-02-20,,Active - Placed,,100421,100094,Data & Analytics,100599,TAG-3704,2429,Other,2819,70,4428,Beta,Alpha,100647,,HR Generalist Placement,,,"5,624",Yes,avery.patel@examplecorp.test,Copper Group Group,,Rahul Okafor,101600,Other,,100451,"1,449",,"3,416",,New,SKU-7366,,101605,Other,,,,London,100423,,,Alpha,100564,,,,,,,,,,101228,,,100042,Voluntary,100484,Y,Below,,United Kingdom,100087,Bench,,,LOT-4650,105699,,,Delta,,,100055,
100210,Placement,107680,jordan.blake@examplecorp.test,Marco Ashby,2024-03-18 04:29:00,rahul.rossi@examplecorp.test,Marco Whitfield,2024-04-15 07:33:00,priya.silva@examplecorp.test,Marco Larsson,2023-04-24 11:03:00,,,,N,Priya Nguyen,101700,Copper Media Co,Software Engineering,Quinn Ashby,QA Engineer,2023-05-07,,Active - Terminated,,100587,100120,Software Engineering,100535,TAG-7390,3619,Beta,7679,2773,9261,Gamma,Beta,100756,,QA Engineer Placement,,,"5,135",No,morgan.cohen@sampleco.test,*NONE,,Elena Ford,101056,Beta,,100473,"1,099",,,,New,LOT-4074,LOT-7433,101120,Other,,,,London,100457,,,Beta,100053,,,,,,,,,,101784,,,100092,Voluntary,100733,Y,Below,,Mexico,,Placement,,,LOT-9730,106102,,,Other,,,100554,
100512,Placement,107681,noah.sato@sampleco.test,Avery Sloan,2025-02-05 02:37:00,fatima.larsson@sampleco.test,Sofia Blake,2026-04-19 19:14:00,diego.mercer@acme-fake.test,Drew Vance,2023-12-21 12:27:00,,,,Y,Mei Whitfield,101254,Vertex Manufacturing LLP,Finance,Alex Silva,Software Developer,2025-05-28,,Active - Placed,100638,100325,100330,Finance,,TAG-7901,5310,Beta,718,4134,8961,Standard,Delta,100721,,Software Developer Placement,,100647,"3,286",Yes,sofia.whitfield@acme-fake.test,*NONE,100115,Nina Whitfield,101449,Alpha,,100550,,,,,New,SKU-8337,,101027,Standard,5090,,,Manila,100647,,,Beta,100475,,,,,,,,,,101262,,,100277,Involuntary,,Y,Met Expectations,,Canada,100121,Bench,100643,,LOT-6943,105100,,,Standard,,,100442,
100244,Placement,107682,jordan.okafor@acme-fake.test,Omar Calder,2023-10-14 09:36:00,aisha.cohen@sampleco.test,Jamie Garcia,2024-06-10 04:20:00,priya.mercer@sampleco.test,Emerson Garcia,2024-12-28 15:32:00,,,,N,Riley Costa,101466,Brightpath Networks LLC,Recruiting,Arjun Mensah,Financial Analyst,2025-06-16,,Active - Placed,100635,100219,100713,Recruiting,100453,SKU-9212,9100,Delta,8057,5468,7480,Alpha,Beta,100699,,Financial Analyst Placement,,,"11,346",Yes,omar.haddad@sampleco.test,*NONE,,Avery Kim,101121,Alpha,,,713,,,,New,SKU-5684,REF-2773,101666,Delta,,,,Austin,100339,,,Standard,100300,,,,,,,,,,101615,,,100412,Involuntary,,Y,Below,,Philippines,,Placement,100790,,TAG-5197,105483,,,Gamma,,,,
100578,Placement,107685,diego.whitfield@examplecorp.test,Mei Haddad,2026-06-24 17:28:00,jamie.larsson@acme-fake.test,Drew Larsson,2026-06-27 14:54:00,skyler.rossi@sampleco.test,Skyler Sato,2025-12-06 20:30:00,,,,N,Morgan Garcia,101393,Keystone Media Co,Accounting,Casey Ivanov,Accountant,2025-01-29,2026-07-09,Inactive,,100774,100128,Accounting,100214,LOT-8827,4144,Delta,230,2424,4358,Gamma,Beta,100476,,Accountant Placement,,,"7,889",No,morgan.ashby@examplecorp.test,*NONE,,Elena Patel,101548,Standard,,,,,,,Backfill,REF-2004,REF-4633,100802,Beta,,,,Toronto,100031,,,Standard,100714,,,,,,,,,,101600,,Project Ended,100718,Voluntary,100578,,Met Expectations,Scheduled a check-in for the coming month.,Australia,,Trial,,,SKU-1649,105311,,,Alpha,,,100026,
100759,Placement,107686,quinn.ford@examplecorp.test,Noah Ashby,2023-09-20 09:25:00,casey.ashby@demomail.test,Morgan Okafor,2025-03-02 08:11:00,sofia.costa@examplecorp.test,Casey Calder,2023-06-19 02:59:00,,,,Y,Casey Vance,101615,Vertex Capital Co,Sales,Omar Dorsey,QA Engineer,2024-01-31,,Active - Placed,100322,100194,100389,Sales,100343,TAG-1106,4312,Alpha,4633,4806,382,Other,Beta,100726,,QA Engineer Placement,,,,Yes,skyler.brooks@acme-fake.test,Granite Manufacturing LLP,,Aisha Sato,101159,Delta,,,"1,722",,,,New,REF-1734,REF-9474,100920,Standard,,,,Dallas,100624,,,Delta,100149,,,,,,,,,,100881,,,100348,Voluntary,100319,Y,,,India,100691,Placement,100309,,SKU-7859,104943,,,Beta,,,,
100420,Placement,107689,aisha.mensah@examplecorp.test,Yara Larsson,2023-06-04 01:05:00,jordan.costa@acme-fake.test,Skyler Kim,2024-10-07 06:15:00,reese.cohen@acme-fake.test,Liam Mercer,2023-09-04 02:27:00,,,,N,Aisha Garcia,101205,Everest Logistics LLP,Customer Support,Sofia Reyes,Customer Success Manager,2025-09-29,,Active - Placed,100319,100436,100396,Customer Support,100203,REF-2431,7341,Delta,3588,2098,9653,Other,Delta,100217,,Customer Success Manager Placement,,100475,"9,662",Yes,fatima.calder@acme-fake.test,Falcon Textiles,100250,Emerson Cohen,101383,Gamma,,100572,,,"4,232",,Backfill,SKU-2938,TAG-9028,100984,Standard,4782,,,Dallas,100319,,,Standard,100439,,,,,,,,,,101197,,,100671,Voluntary,100540,N,Exceeded,,Germany,,Placement,100296,,TAG-3518,106299,,,Beta,,,,
100770,Placement,107691,riley.brooks@examplecorp.test,Aisha Kim,2024-06-06 20:11:00,fatima.reyes@examplecorp.test,Sofia Kim,2023-02-12 07:57:00,aisha.dorsey@sampleco.test,Jamie Garcia,2025-01-04 12:36:00,,,,N,Taylor Whitfield,100822,Pioneer Group Co,Marketing,Rahul Rossi,Executive Assistant,2024-07-24,,Active - Placed,100481,100689,100343,Marketing,100490,TAG-2595,4336,Alpha,1855,3192,5365,Standard,Gamma,100572,,Executive Assistant Placement,,100389,"3,390",No,emerson.costa@examplecorp.test,Cardinal Networks Ltd,100462,Casey Calder,100891,Standard,,100500,,,,,New,SKU-9218,SKU-1948,101592,Other,2823,,,Austin,100233,,,Beta,100014,,,,,,,,,,101528,,,,Involuntary,100399,N,Met Expectations,,United Kingdom,,Bench,100065,,REF-3843,104990,,,Other,,,100203,
100579,Placement,107693,marco.reyes@examplecorp.test,Casey Larsson,2023-04-25 15:02:00,casey.vance@demomail.test,Riley Dorsey,2024-12-30 03:43:00,arjun.whitfield@acme-fake.test,Casey Nguyen,2023-02-17 20:24:00,,,,Y,Priya Kim,101419,Delta Holdings Group,Accounting,Jamie Ford,Executive Assistant,2024-03-16,,Active - Placed,100550,100469,100053,Accounting,,REF-6713,391,Gamma,6420,1690,5654,Delta,Alpha,100005,,Executive Assistant Placement,,100121,"1,769",Yes,omar.ford@acme-fake.test,*NONE,100671,Elena Costa,100876,Delta,,100494,,,,,New,LOT-4737,LOT-8287,101407,Beta,,,,Atlanta,100476,,,Gamma,100552,,,,,,,,,,101753,,,100640,Involuntary,100599,N,Below,,Canada,100439,Placement,100199,,REF-4982,105078,,,Other,,,100542,
100418,Placement,107696,marco.silva@acme-fake.test,Jamie Vance,2025-03-22 09:34:00,drew.brooks@sampleco.test,Diego Sato,2025-02-12 14:41:00,taylor.cohen@demomail.test,Quinn Okafor,2022-11-20 14:45:00,,,,N,Arjun Costa,101268,Falcon Analytics Inc,Accounting,Jamie Whitfield,Customer Success Manager,2025-12-18,,Active - Placed,100590,100215,100118,Accounting,100065,TAG-6963,6729,Gamma,3438,7743,2696,Gamma,Beta,100458,,Customer Success Manager Placement,,100307,"10,224",Yes,omar.dorsey@examplecorp.test,*NONE,,Jordan Sato,101525,Gamma,,100204,,,,,Backfill,REF-3070,TAG-3274,100991,Other,,,,Bengaluru,100139,,,Gamma,100094,,,,,,,,,,101082,,,100096,Involuntary,100718,Y,Exceeded,,India,,Bench,100140,,REF-6046,105619,,,Delta,,,100660,
100750,Placement,107699,noah.okafor@demomail.test,Arjun Silva,2025-10-13 22:02:00,drew.mensah@sampleco.test,Priya Calder,2025-09-08 05:26:00,taylor.costa@examplecorp.test,Drew Dorsey,2022-11-12 09:29:00,,,,N,Jamie Cohen,101507,Harbor Media LLP,Marketing,Fatima Sato,Payroll Specialist,2025-08-18,2026-07-19,Inactive - Terminated,100759,100761,100658,Marketing,,REF-7495,6757,Beta,7020,8192,2691,Alpha,Alpha,100278,,Payroll Specialist Placement,,100125,"7,293",No,avery.rossi@acme-fake.test,*NONE,100271,Rowan Kim,101271,Beta,,100574,457,,,,New,SKU-1165,,101032,Beta,,,,Austin,100155,,,Alpha,100382,,,,,,,,,,101621,,Unmet Expectations,100359,,100627,Y,Below,Followed up on the open items from last week.,Mexico,100157,Placement,100361,,TAG-5034,106583,,,Beta,,,,
100153,Placement,107701,alex.ford@sampleco.test,Emerson Costa,2025-01-21 11:04:00,omar.mensah@sampleco.test,Omar Reyes,2023-07-28 10:05:00,arjun.sato@sampleco.test,Skyler Costa,2024-03-19 15:21:00,,,,Y,Liam Brooks,101404,Pioneer Textiles Co,Finance,Taylor Ashby,Support Specialist,2026-03-16,,Active - Placed,100250,100361,100503,Finance,,TAG-2025,3616,Gamma,3726,6081,1762,Beta,Standard,100396,,Support Specialist Placement,,,"7,539",Yes,reese.patel@examplecorp.test,*NONE,100733,Marco Dorsey,101664,Alpha,,100737,,,800,,New,REF-6577,,101393,Delta,,,,Atlanta,100593,,,Delta,100169,,,,,,,,,,101351,,,100414,Involuntary,100768,Y,Below,,United States,,Bench,100089,,SKU-2450,104885,,,Other,,,,
100299,Placement,107704,noah.mercer@acme-fake.test,Liam Blake,2026-06-07 00:09:00,yara.costa@demomail.test,Nina Calder,2025-05-13 07:59:00,noah.haddad@demomail.test,Sofia Cohen,2026-07-22 06:15:00,,,,N,Noah Larsson,100929,Granite Ventures Ltd,Recruiting,Aisha Mercer,QA Engineer,2024-07-08,2026-06-09,Inactive - Terminated,100441,100156,100152,Recruiting,100339,LOT-1357,5440,Delta,4111,1745,5384,Alpha,Standard,100514,,QA Engineer Placement,,,"12,134",No,arjun.kim@sampleco.test,*NONE,100009,Alex Ford,101501,Gamma,,,,,,,New,REF-6629,LOT-5050,101175,Delta,,,,Denver,100019,,,Standard,100559,,,,,,,,,,100835,,Performance,,Involuntary,100747,,Below,Followed up on the open items from last week.,Philippines,,Placement,,,REF-5265,106312,,,Alpha,,,,
100743,Placement,107705,arjun.okafor@sampleco.test,Emerson Larsson,2025-05-26 16:19:00,jamie.vance@acme-fake.test,Sofia Vance,2024-05-18 11:18:00,jamie.vance@demomail.test,Noah Ford,2024-06-14 01:08:00,,,,N,Diego Mercer,101119,Northwind Financial Group,Marketing,Chen Kim,Payroll Specialist,2024-05-15,,Active - Placed,100314,100667,100022,Marketing,100315,LOT-4291,4589,Beta,2188,5073,4701,Gamma,Gamma,100689,,Payroll Specialist Placement,,100481,"10,903",Yes,yara.garcia@demomail.test,Keystone Foods Co,,Reese Haddad,101755,Delta,,,,,,,New,LOT-5324,,100932,Alpha,,,,Chicago,100043,,,Gamma,100656,,,,,,,,,,100828,,,100726,Voluntary,100079,N,Exceeded,,United Kingdom,,Backfill,,,TAG-1579,105096,,,Other,,,100042,
100775,Placement,107706,rowan.dorsey@examplecorp.test,Chen Whitfield,2024-06-17 02:31:00,skyler.blake@acme-fake.test,Jamie Mensah,2023-12-07 11:18:00,yara.okafor@sampleco.test,Priya Ivanov,2023-04-29 11:29:00,,,,Y,Quinn Kim,101429,Harbor Foods Inc,Operations,Riley Garcia,Support Specialist,2025-03-03,,Active - Placed,,100134,100086,Operations,100134,TAG-4389,5388,Delta,4892,9969,1464,Delta,Gamma,100295,,Support Specialist Placement,,100271,"8,739",Yes,reese.patel@demomail.test,*NONE,,Skyler Calder,100799,Standard,,,,,,,New,SKU-1691,REF-7741,101256,Delta,,,,Dallas,100047,,,Beta,100083,,,,,,,,,,101315,,,100697,Involuntary,100590,N,Exceeded,,United Kingdom,100538,Placement,100068,,LOT-8292,106396,,,Gamma,,,100689,
100790,Placement,107707,rahul.reyes@sampleco.test,Riley Ford,2024-07-17 11:37:00,sofia.whitfield@examplecorp.test,Reese Haddad,2026-03-26 19:37:00,yara.nguyen@examplecorp.test,Priya Kim,2022-10-17 01:55:00,,,,N,Drew Vance,101211,Summit Media Inc,Sales,Fatima Costa,Data Analyst,2023-07-09,,Active - Placed,,100393,100119,Sales,,LOT-3713,367,Alpha,1925,7490,2672,Delta,Beta,100507,,Data Analyst Placement,,,"9,031",Yes,quinn.mensah@demomail.test,*NONE,100153,Emerson Sato,101779,Other,,100686,622,,295,,Backfill,SKU-9127,TAG-4417,101541,Beta,,Other,,Mumbai,100570,,,Other,100193,,,,,,,,,,101197,,,100284,Voluntary,100570,Y,Exceeded,,United States,100745,Bench,100119,,TAG-9355,106453,,,Gamma,,,,
100404,Placement,107710,skyler.garcia@sampleco.test,Avery Silva,2024-06-08 03:57:00,rowan.mercer@examplecorp.test,Chen Okafor,2024-09-22 14:03:00,nina.calder@acme-fake.test,Riley Cohen,2024-12-13 23:36:00,,,,N,Yara Kim,101704,Keystone Group Ltd,Marketing,Diego Nguyen,Executive Assistant,2025-02-28,,Active - Placed,100298,100758,100608,Marketing,100790,SKU-5202,3009,Other,717,7391,2763,Other,Standard,100398,,Executive Assistant Placement,,100566,"14,752",No,liam.whitfield@sampleco.test,*NONE,100219,Reese Patel,101501,Alpha,,,,,,,Backfill,LOT-9283,REF-2426,100963,Alpha,,,,Manila,100558,,,Alpha,100181,,,,,,,,,,101437,,,100257,Involuntary,100005,N,Met Expectations,,Philippines,100782,Placement,100445,,SKU-1608,106092,,,Alpha,,,,
100643,Placement,107712,priya.garcia@demomail.test,Skyler Rossi,2025-11-24 23:47:00,reese.mensah@acme-fake.test,Sofia Silva,2023-11-28 10:34:00,rowan.haddad@acme-fake.test,Sofia Mercer,2026-01-21 03:37:00,,,,N,Morgan Nguyen,101673,Evergreen Dynamics LLC,Marketing,Avery Costa,Financial Analyst,2024-04-17,2026-07-23,Inactive - Terminated,100667,100466,100579,Marketing,,REF-3296,9968,Gamma,8255,8957,3310,Alpha,Alpha,100423,,Financial Analyst Placement,,100585,"1,612",Yes,liam.mensah@acme-fake.test,*NONE,100747,Arjun Sloan,101551,Gamma,,100137,,,,,New,TAG-1175,SKU-5294,101102,Other,,,,London,100678,,,Standard,100073,,,,,,,,,,101368,,Relocation,100236,,100730,N,Exceeded,Aligned on billing and renewal terms.,Australia,100371,Placement,100565,,REF-5864,105766,,,Standard,,,100378,
100446,Placement,107714,avery.ford@demomail.test,Fatima Vance,2024-07-10 01:17:00,quinn.vance@acme-fake.test,Avery Sato,2025-12-21 03:58:00,rahul.dorsey@sampleco.test,Mei Patel,2025-11-14 10:23:00,,,,N,Fatima Okafor,101684,Everest Solutions Inc,Software Engineering,Diego Ashby,Data Analyst,2026-04-26,,Active - Placed,,100378,100478,Software Engineering,,SKU-6908,7456,Alpha,1283,4741,6818,Gamma,Gamma,100231,,Data Analyst Placement,,100372,"6,304",No,marco.ashby@sampleco.test,*NONE,,Jordan Ivanov,101353,Alpha,,,,,,,New,SKU-7744,,101041,Beta,,,,Dallas,100724,,,Alpha,100786,,,,,,,,,,101496,,,100284,Voluntary,100332,Y,Exceeded,,United Kingdom,100647,Placement,100375,,REF-8240,106436,,,Beta,,,,
100624,Placement,107715,fatima.ashby@examplecorp.test,Noah Reyes,2026-05-31 17:14:00,arjun.mensah@acme-fake.test,Drew Cohen,2024-04-09 18:27:00,reese.calder@demomail.test,Yara Vance,2025-01-21 00:00:00,,,,Y,Taylor Costa,101405,Everest Solutions Co,Recruiting,Diego Calder,HR Generalist,2023-12-18,,Active - Placed,100697,100257,100050,Recruiting,100009,SKU-8026,6697,Gamma,655,785,58,Alpha,Other,100181,,HR Generalist Placement,,100058,"3,647",No,reese.ashby@sampleco.test,*NONE,100315,Alex Vance,101304,Other,,100442,,,,,New,TAG-8388,TAG-1319,100997,Delta,,,,Toronto,100229,,,Beta,100098,,,,,,,,,,101427,,,100441,Voluntary,,N,Met Expectations,,Australia,,Backfill,100635,,SKU-3269,105354,,,Beta,,,,
100168,Placement,107716,emerson.rossi@acme-fake.test,Aisha Dorsey,2026-06-05 19:13:00,morgan.sato@sampleco.test,Noah Whitfield,2024-09-23 20:32:00,riley.costa@acme-fake.test,Reese Ashby,2026-05-19 02:16:00,,,,Y,Diego Okafor,101029,Silverline Partners Corp,Accounting,Nina Sato,Accountant,2025-04-12,,Active - Placed,100465,100726,100407,Accounting,,SKU-2593,9536,Standard,8863,789,9026,Delta,Alpha,100286,,Accountant Placement,,,"10,299",Yes,reese.mercer@sampleco.test,*NONE,100590,Reese Silva,101265,Delta,,,,,,,New,REF-1688,SKU-1650,100929,Standard,,,,Austin,100012,,,Beta,100320,,,,,,,,,,100978,,,100361,Voluntary,100434,N,Below,,India,100385,Direct Hire,100707,,TAG-4396,105643,,,Standard,,,,
100726,Placement,107718,morgan.dorsey@sampleco.test,Elena Brooks,2023-07-25 12:16:00,yara.larsson@examplecorp.test,Morgan Okafor,2024-10-12 16:41:00,reese.kim@acme-fake.test,Priya Reyes,2022-11-29 02:08:00,,,,Y,Rahul Ivanov,101748,Silverline Textiles Ltd,Finance,Liam Ashby,Marketing Coordinator,2025-10-11,,Active - Placed,,100361,100673,Finance,100493,SKU-9983,9680,Gamma,6392,325,4325,Standard,Gamma,100545,,Marketing Coordinator Placement,,100242,"15,078",No,morgan.nguyen@sampleco.test,Summit Ventures Corp,,Avery Whitfield,101405,Other,,100713,,,,,Backfill,SKU-1759,SKU-9184,101195,Gamma,,,,Bengaluru,100314,,,Beta,100142,,,,,,,,,,101590,,,100387,,100322,Y,Exceeded,,Australia,,Placement,100458,,TAG-8126,105652,,,Standard,,,100082,
100211,Placement,107720,yara.nguyen@sampleco.test,Arjun Calder,2023-11-08 01:16:00,elena.ashby@sampleco.test,Elena Ashby,2024-03-13 23:25:00,emerson.costa@sampleco.test,Sofia Haddad,2023-03-19 00:16:00,,,,N,Sofia Rossi,101225,Falcon Dynamics LLC,Marketing,Rowan Blake,Software Developer,2024-11-30,2026-06-17,Inactive - Terminated,100352,100606,100139,Marketing,100538,REF-7896,5975,Standard,2815,7962,5017,Delta,Other,100087,,Software Developer Placement,,100005,"12,950",Yes,liam.rossi@examplecorp.test,*NONE,100470,Diego Cohen,101175,Other,,100445,,,"4,949",,New,LOT-9897,TAG-8510,101373,Gamma,,,,Phoenix,100392,,,Standard,100042,,,,,,,,,,101563,,Project Ended,100787,Voluntary,100320,,Met Expectations,Discussed timeline and next steps with the account.,United Kingdom,,Placement,100747,,REF-9560,105446,,,Standard,,,,
100033,Placement,107723,mei.garcia@examplecorp.test,Omar Garcia,2025-06-26 08:50:00,fatima.cohen@demomail.test,Yara Brooks,2024-05-20 08:37:00,reese.okafor@acme-fake.test,Fatima Blake,2023-08-23 23:29:00,,,,Y,Drew Dorsey,101477,Vertex Networks Inc,Operations,Yara Haddad,Software Developer,2024-03-28,,Active - Placed,100278,100540,100134,Operations,100096,TAG-7075,7964,Gamma,4680,9861,192,Beta,Alpha,100461,,Software Developer Placement,,100453,,Yes,mei.blake@demomail.test,*NONE,100762,Nina Calder,101313,Standard,,,,,,,New,REF-5793,LOT-3685,101278,Standard,,,,Seattle,100336,,,Gamma,100786,,,,,,,,,,101582,,,100441,,100514,N,Exceeded,,Mexico,,Placement,100414,,LOT-2433,105917,,,Other,,,100162,
100732,Placement,107726,taylor.whitfield@sampleco.test,Yara Vance,2025-10-31 06:24:00,priya.dorsey@examplecorp.test,Sofia Ashby,2024-03-16 01:42:00,marco.kim@sampleco.test,Avery Kim,2024-09-05 20:20:00,,,,N,Arjun Mensah,101115,Ironwood Ventures Co,Accounting,Marco Okafor,Operations Associate,2023-04-28,,Active - Placed,100404,100140,100264,Accounting,,LOT-1990,9313,Beta,6718,8708,6469,Other,Delta,100339,,Operations Associate Placement,,,"6,344",No,nina.calder@demomail.test,*NONE,,Emerson Sloan,101153,Gamma,,100382,,,,,New,TAG-8975,REF-9204,101240,Gamma,,,,Toronto,100244,,,Alpha,100355,,,,,,,,,,101595,,,100357,Involuntary,100128,N,Below,,United States,100535,Direct Hire,,,REF-5171,105217,,,Delta,,,,
100467,Placement,107727,emerson.garcia@demomail.test,Taylor Brooks,2025-09-09 01:31:00,emerson.haddad@sampleco.test,Chen Brooks,2023-03-15 19:21:00,avery.okafor@acme-fake.test,Diego Sato,2023-08-05 14:31:00,,,,Y,Fatima Ashby,100828,Redwood Retail Corp,Recruiting,Liam Kim,Customer Success Manager,2023-05-24,,Active - Terminated,,100494,100345,Recruiting,,LOT-6724,6635,Gamma,3990,4634,4361,Beta,Gamma,100172,,Customer Success Manager Placement,,,"8,264",Yes,quinn.haddad@sampleco.test,Copper Foods,100140,Jordan Vance,101051,Delta,,100645,,,"1,109",,Backfill,TAG-6974,SKU-1137,101392,Standard,,,,Manila,100759,,,Gamma,100383,,,,,,,,,,101175,,,100162,,100082,Y,Below,,India,100386,Placement,,,LOT-7510,105299,,,Standard,,,,
100357,Placement,107729,marco.haddad@acme-fake.test,Riley Sato,2025-01-21 23:18:00,taylor.vance@demomail.test,Diego Calder,2024-08-20 10:33:00,morgan.garcia@examplecorp.test,Quinn Larsson,2025-09-26 22:18:00,,,,Y,Casey Nguyen,101243,Everest Media Group,Sales,Reese Mensah,Support Specialist,2025-11-18,,Active - Placed,100432,100696,100449,Sales,100026,REF-8900,1498,Delta,558,8875,3612,Other,Alpha,100253,,Support Specialist Placement,,100177,"15,659",No,fatima.dorsey@examplecorp.test,*NONE,,Rowan Whitfield,101678,Gamma,,100162,,,,,New,LOT-1348,LOT-9820,101216,Delta,,,,Mumbai,100375,,,Standard,100177,,,,,,,,,,101283,,,100383,Voluntary,100504,Y,Below,,India,100651,Placement,100743,,LOT-3128,105341,,,Standard,,,,
100372,Placement,107731,jordan.vance@examplecorp.test,Quinn Patel,2023-01-18 14:57:00,chen.brooks@examplecorp.test,Drew Haddad,2025-08-09 03:38:00,avery.vance@examplecorp.test,Taylor Sato,2026-02-17 03:41:00,,,,Y,Jamie Blake,101335,Keystone Media Group,Human Resources,Fatima Cohen,Bookkeeper,2023-10-17,,Active - Placed,,100538,100435,Human Resources,,SKU-7817,9872,Standard,8645,3662,6031,Standard,Alpha,100257,,Bookkeeper Placement,,,,No,taylor.brooks@acme-fake.test,*NONE,100215,Chen Whitfield,101054,Delta,,100123,207,,,,New,SKU-1085,SKU-4935,100892,Other,,,,Manila,100786,,,Delta,100675,,,,,,,,,,101082,,,100689,,100671,Y,,,Mexico,100596,Placement,100737,,REF-6708,104941,,,Standard,,,100400,
100028,Placement,107732,reese.reyes@examplecorp.test,Elena Vance,2024-08-23 10:09:00,noah.okafor@demomail.test,Elena Blake,2025-03-15 23:12:00,jamie.garcia@examplecorp.test,Rahul Dorsey,2025-08-16 02:54:00,,,,Y,Liam Calder,100896,Ironwood Manufacturing Corp,Customer Support,Quinn Mercer,Financial Analyst,2024-05-04,2026-07-10,Inactive - Terminated,100007,100528,100555,Customer Support,100073,LOT-7113,1567,Other,4220,4188,3897,Gamma,Standard,100153,,Financial Analyst Placement,,100168,"8,440",Yes,casey.larsson@demomail.test,*NONE,,Reese Garcia,101424,Standard,,100050,,,"2,529",,New,SKU-3568,LOT-1121,101565,Beta,,,,Denver,100253,,,Delta,100751,,,,,,,,,,101469,,Performance,100077,Involuntary,100349,Y,,Noted a concern to revisit at the next sync.,United States,100632,Placement,100635,,REF-8705,105543,,,Gamma,,,100244,
100357,Placement,107734,aisha.rossi@demomail.test,Jamie Cohen,2024-06-30 21:31:00,rowan.costa@acme-fake.test,Chen Calder,2024-06-05 17:22:00,yara.blake@examplecorp.test,Noah Ivanov,2023-08-15 20:31:00,,,,N,Quinn Garcia,101182,Everest Energy LLC,Software Engineering,Casey Dorsey,Data Analyst,2025-03-30,2026-07-09,Inactive - Terminated,,100219,100721,Software Engineering,100330,REF-6091,7673,Delta,2584,4611,7873,Beta,Delta,100273,,Data Analyst Placement,,100790,"2,339",No,jordan.larsson@sampleco.test,Redwood Labs Inc,100250,Fatima Kim,101664,Beta,,,,,,,New,LOT-9312,SKU-3507,101636,Gamma,,,,Manila,100473,,,Delta,100579,,,,,,,,,,101790,,Project Ended,,Involuntary,100362,N,Exceeded,Followed up on the open items from last week.,Mexico,,Direct Hire,,,SKU-4407,106327,,,Standard,,,100145,
100683,Placement,107736,omar.mercer@acme-fake.test,Alex Ashby,2025-11-03 16:10:00,alex.blake@sampleco.test,Riley Patel,2022-12-30 03:46:00,omar.sato@demomail.test,Yara Rossi,2023-09-29 17:28:00,,,,Y,Noah Ford,101605,Summit Dynamics Co,Software Engineering,Taylor Rossi,Recruiter,2025-08-18,2026-06-23,Inactive - Terminated,,100638,100022,Software Engineering,,SKU-2068,8735,Standard,1177,5917,1415,Alpha,Alpha,100638,,Recruiter Placement,,,"5,182",Yes,emerson.ashby@demomail.test,*NONE,100714,Fatima Calder,101706,Delta,,100224,892,,,,New,TAG-6156,TAG-3968,100994,Standard,,,,Dallas,100774,,,Alpha,100328,,,,,,,,,,101335,,,100133,,100449,Y,Below,Reviewed performance and gathered feedback.,Germany,,Bench,,,SKU-9446,106139,,,Alpha,,,,
100438,Placement,107737,noah.brooks@acme-fake.test,Mei Larsson,2023-05-06 22:54:00,chen.larsson@acme-fake.test,Nina Mensah,2025-04-07 20:40:00,fatima.kim@sampleco.test,Jordan Blake,2023-06-30 00:08:00,,,,N,Liam Patel,101657,Ironwood Capital LLC,Sales,Quinn Reyes,QA Engineer,2023-08-03,2026-06-06,Inactive - Terminated,,100172,100309,Sales,,REF-3738,2246,Gamma,1578,3590,5731,Standard,Delta,100648,,QA Engineer Placement,,100401,"5,679",Yes,aisha.dorsey@sampleco.test,*NONE,100737,Marco Reyes,101017,Alpha,,,,,,,New,TAG-5089,LOT-5346,101168,Other,,,,Chicago,100718,,,Alpha,100453,,,,,,,,,,101556,,Performance,100542,Voluntary,100233,N,Below,Followed up on the open items from last week.,Canada,100410,Trial,100432,,SKU-9858,105306,,,Gamma,,,100158,
100380,Placement,107740,casey.garcia@examplecorp.test,Casey Ford,2024-11-15 08:12:00,marco.sato@examplecorp.test,Yara Blake,2023-01-07 03:41:00,morgan.ashby@examplecorp.test,Skyler Kim,2026-07-19 14:03:00,,,,N,Skyler Mensah,101359,Cobalt Holdings Inc,Customer Support,Sofia Okafor,Accountant,2024-03-23,2026-06-12,Inactive - Terminated,,100493,100774,Customer Support,,REF-7296,623,Delta,9149,2729,1858,Gamma,Standard,100753,,Accountant Placement,,100201,,No,rowan.costa@acme-fake.test,*NONE,100386,Aisha Rossi,101353,Other,,100046,,,,,New,REF-2954,SKU-7678,101615,Alpha,,,,Toronto,100067,,,Gamma,100252,,,,,,,,,,101455,,Budget Cut,100042,Voluntary,100678,Y,,Aligned on billing and renewal terms.,Australia,100410,Placement,100493,,SKU-2807,106366,,,Beta,,,,
100660,Placement,107742,sofia.vance@sampleco.test,Noah Sloan,2025-01-24 14:54:00,rowan.brooks@acme-fake.test,Quinn Vance,2025-11-29 09:29:00,emerson.sato@acme-fake.test,Jordan Larsson,2025-07-03 22:25:00,,,,N,Priya Vance,101315,Silverline Media LLC,Operations,Riley Brooks,QA Engineer,2023-05-03,2026-06-26,Inactive - Terminated,,100355,100340,Operations,,SKU-7928,4123,Beta,6338,7207,4418,Standard,Delta,100574,,QA Engineer Placement,,100140,"4,692",No,noah.calder@examplecorp.test,*NONE,,Drew Silva,101392,Gamma,,100650,826,,,,New,REF-8193,TAG-5300,101115,Standard,,Other,,Dallas,100647,,,Other,100651,,,,,,,,,,101758,,Budget Cut,100678,Involuntary,100467,N,Exceeded,Discussed timeline and next steps with the account.,Mexico,100092,Direct Hire,,,LOT-5602,105522,,,Beta,,,,
100457,Placement,107743,avery.calder@acme-fake.test,Marco Ashby,2026-03-09 10:57:00,drew.silva@sampleco.test,Chen Costa,2026-05-02 12:14:00,aisha.ford@acme-fake.test,Avery Haddad,2023-01-27 17:29:00,,,,N,Yara Larsson,101444,Cobalt Retail Co,Sales,Rowan Ford,Financial Analyst,2025-06-22,2026-07-20,Inactive,,100021,100522,Sales,,SKU-7261,6931,Standard,5289,8346,6727,Standard,Alpha,100782,,Financial Analyst Placement,,100660,"15,829",No,skyler.ivanov@sampleco.test,*NONE,100214,Noah Dorsey,101319,Gamma,,100155,,,,,Backfill,SKU-8174,,101379,Standard,,,,Toronto,100691,,,Standard,100624,,,,,,,,,,101791,,Relocation,100117,Involuntary,100149,N,,Scheduled a check-in for the coming month.,Mexico,,Placement,100303,,REF-5485,105800,,,Gamma,,,100016,
100561,Placement,107745,omar.calder@acme-fake.test,Jamie Sloan,2023-11-16 23:24:00,avery.patel@demomail.test,Marco Ivanov,2026-02-11 23:21:00,rowan.ford@acme-fake.test,Nina Sato,2025-11-12 18:16:00,,,,N,Rahul Calder,101271,Beacon Media LLP,Data & Analytics,Yara Sloan,QA Engineer,2025-09-13,,Active - Placed,100579,100582,100257,Data & Analytics,100117,SKU-3028,211,Alpha,578,5651,2638,Delta,Standard,100288,,QA Engineer Placement,,,"8,894",No,jamie.calder@examplecorp.test,*NONE,100278,Arjun Rossi,101133,Standard,,,,,,,New,SKU-7950,REF-2974,101185,Delta,,,,Dallas,100585,,,Gamma,100031,,,,,,,,,,101401,,,100504,,,Y,Met Expectations,,Mexico,100627,Placement,100399,,TAG-8396,105042,,,Other,,,100182,
100196,Placement,107747,nina.whitfield@demomail.test,Noah Whitfield,2026-04-28 13:19:00,nina.sloan@examplecorp.test,Yara Okafor,2023-09-22 07:20:00,aisha.patel@demomail.test,Fatima Mensah,2024-07-21 02:30:00,,,,Y,Yara Dorsey,101590,Summit Labs Group,Finance,Marco Calder,Accountant,2023-09-02,2026-07-29,Inactive - Terminated,100700,100359,100053,Finance,,LOT-2431,230,Delta,4424,4662,1945,Delta,Gamma,100089,,Accountant Placement,,100554,"16,106",Yes,chen.nguyen@sampleco.test,*NONE,100196,Chen Nguyen,101742,,,100366,,,"1,617",,New,LOT-8445,SKU-3153,101262,Alpha,,,,Atlanta,100046,,,Alpha,100172,,,,,,,,,,101090,,Budget Cut,100496,Involuntary,100232,N,Met Expectations,Resolved the outstanding question about scope.,Mexico,100050,Bench,,,REF-8904,106335,,,Beta,,,100758,
100595,Placement,107750,elena.reyes@demomail.test,Jordan Silva,2026-07-09 07:43:00,skyler.mensah@demomail.test,Avery Patel,2022-10-22 14:13:00,morgan.costa@examplecorp.test,Jamie Rossi,2025-06-08 01:16:00,,,,N,Aisha Mensah,101510,Granite Solutions LLP,Operations,Morgan Ashby,Recruiter,2024-01-03,2026-06-12,Inactive,,100457,100565,Operations,100076,SKU-1142,2076,Standard,2240,4517,5016,Beta,Other,100616,,Recruiter Placement,,100033,"6,906",No,fatima.garcia@demomail.test,*NONE,,Mei Dorsey,101101,Delta,,,,,,,New,SKU-3061,,100817,Beta,,,,Austin,100217,,,Beta,100423,,,,,,,,,,101207,,Relocation,,Involuntary,100599,N,Below,Shared the updated proposal for review.,Canada,,Backfill,,,SKU-5282,106090,,,Standard,,,100647,
100267,Placement,107752,elena.rossi@examplecorp.test,Noah Rossi,2025-06-12 19:55:00,reese.okafor@examplecorp.test,Alex Larsson,2022-11-06 16:54:00,arjun.nguyen@demomail.test,Chen Mercer,2026-06-21 13:09:00,,,,N,Casey Reyes,101094,Falcon Retail Corp,Customer Support,Chen Cohen,Financial Analyst,2025-02-04,2026-07-05,Inactive - Terminated,100112,100519,100224,Customer Support,,SKU-7036,5140,Gamma,3243,5438,2006,Alpha,Beta,100451,,Financial Analyst Placement,,,"8,225",Yes,sofia.sato@demomail.test,*NONE,,Drew Ashby,101745,Delta,,100392,,,,,New,REF-3510,LOT-6782,101215,Beta,,,,Manila,100016,,,Delta,100423,,,,,,,,,,101687,,Budget Cut,100299,,100083,N,Below,Reviewed performance and gathered feedback.,United States,100664,Placement,100332,,REF-7070,105468,,,Delta,,,100082,
100021,Placement,107753,jordan.mensah@sampleco.test,Emerson Patel,2024-01-05 08:43:00,quinn.blake@acme-fake.test,Sofia Kim,2025-02-23 01:12:00,morgan.calder@sampleco.test,Jamie Calder,2026-05-29 11:38:00,,,,Y,Fatima Nguyen,101156,Keystone Labs Corp,Software Engineering,Reese Patel,Software Developer,2023-06-21,,Active - Placed,100309,100123,100691,Software Engineering,,SKU-1083,238,Delta,5551,7653,1653,Standard,Beta,100112,,Software Developer Placement,,,"11,187",Yes,diego.sloan@examplecorp.test,Granite Group LLP,100689,Reese Haddad,100817,Other,,100407,,,,,New,,,101393,Other,,,,Chicago,100016,,,Delta,100071,,,,,,,,,,101463,,,100016,Voluntary,100568,Y,Exceeded,,Canada,100040,Bench,100087,,TAG-6421,105915,,,Gamma,,,100661,
100120,Placement,107754,rowan.patel@acme-fake.test,Quinn Vance,2024-04-03 18:13:00,jamie.reyes@acme-fake.test,Avery Rossi,2024-04-20 12:36:00,jamie.kim@acme-fake.test,Skyler Cohen,2023-01-09 23:24:00,,,,Y,Riley Brooks,101002,Northwind Group LLP,Customer Support,Liam Costa,Accountant,2024-06-24,2026-07-20,Inactive,,100750,100014,Customer Support,100284,LOT-5545,6039,Delta,444,8981,5696,Standard,Alpha,100359,,Accountant Placement,,,"11,201",No,rowan.brooks@sampleco.test,*NONE,,Noah Calder,100902,Alpha,,,,,,,New,REF-8362,REF-4647,100908,Beta,,,,Chicago,100700,,,Other,100092,,,,,,,,,,101578,,Relocation,100242,Voluntary,100371,N,Below,Reviewed performance and gathered feedback.,Australia,100613,Placement,100098,,LOT-9323,104955,,,Gamma,,,,
100737,Placement,107756,aisha.sato@demomail.test,Skyler Rossi,2026-04-24 07:46:00,riley.vance@demomail.test,Rowan Ivanov,2023-12-25 17:19:00,sofia.okafor@sampleco.test,Liam Ivanov,2023-12-21 18:31:00,,,,N,Rowan Kim,101419,Evergreen Energy Co,Human Resources,Reese Rossi,Customer Success Manager,2025-04-25,,Active - Placed,,100771,100357,Human Resources,,LOT-2611,7306,Other,3885,9377,4173,Delta,Alpha,100200,,Customer Success Manager Placement,,,"5,858",No,liam.garcia@demomail.test,*NONE,100022,Arjun Sato,101132,Other,,100465,,,,,New,REF-6521,,101046,Other,,Other,,Dallas,100528,,,Other,100278,,,,,,,,,,101112,,,100743,Voluntary,100161,N,Met Expectations,,Germany,100439,Placement,100673,,LOT-4188,106200,,,Standard,,,100696,
100478,Placement,107759,morgan.nguyen@demomail.test,Jordan Mercer,2022-11-25 12:49:00,chen.cohen@sampleco.test,Quinn Ashby,2024-04-03 17:07:00,sofia.garcia@demomail.test,Elena Whitfield,2024-10-15 04:47:00,,,,Y,Mei Mercer,100819,Everest Textiles LLC,Software Engineering,Aisha Silva,Financial Analyst,2023-06-15,2026-06-21,Inactive - Terminated,100012,100595,100438,Software Engineering,100169,LOT-7392,1594,Gamma,5484,6832,9907,Standard,Standard,100172,,Financial Analyst Placement,,100231,"10,157",No,arjun.whitfield@examplecorp.test,*NONE,100250,Omar Ivanov,101120,Standard,,,,,"2,479",,Backfill,REF-1231,LOT-3624,101098,Gamma,,,,Toronto,100616,,,Gamma,100201,,,,,,,,,,101452,,Converted to Direct Hire,100582,,100432,Y,Exceeded,Noted a concern to revisit at the next sync.,United Kingdom,100077,Placement,,,REF-4528,106502,,,Gamma,,,100130,
100759,Placement,107761,jordan.calder@sampleco.test,Yara Calder,2023-02-15 08:39:00,jordan.blake@demomail.test,Jamie Ivanov,2024-03-18 14:46:00,omar.cohen@demomail.test,Yara Sloan,2026-04-15 13:06:00,,,,Y,Riley Reyes,101479,Cardinal Textiles,Accounting,Rowan Reyes,Financial Analyst,2026-02-18,,Active - Placed,100622,100638,100204,Accounting,100696,LOT-7023,7392,Gamma,8323,9509,8370,Alpha,Beta,100204,,Financial Analyst Placement,,,,Yes,priya.calder@sampleco.test,*NONE,100094,Omar Ivanov,101274,Beta,,,,,"1,817",,New,SKU-8692,TAG-5699,101445,Beta,6720,,,London,100014,,,Gamma,100659,,,,,,,,,,101338,,,100782,Involuntary,100012,Y,Below,,Germany,100648,Placement,100123,,REF-6872,106382,,,Alpha,,,100292,
100229,Placement,107763,taylor.ashby@examplecorp.test,Liam Sato,2023-05-02 05:48:00,yara.patel@acme-fake.test,Chen Sloan,2023-04-26 11:01:00,jordan.larsson@examplecorp.test,Drew Nguyen,2024-05-07 05:04:00,,,,N,Emerson Brooks,101506,Falcon Robotics Corp,Finance,Rahul Larsson,Payroll Specialist,2025-03-14,,Active - Placed,100232,100121,100635,Finance,100022,SKU-7777,7368,Alpha,1884,8297,3496,Other,Delta,100545,,Payroll Specialist Placement,,,,Yes,emerson.mensah@sampleco.test,*NONE,,Noah Sato,101742,Other,,100574,,,277,,New,LOT-8701,LOT-9478,101151,Beta,,,,Bengaluru,100733,,,Standard,100273,,,,,,,,,,101774,,,100271,Voluntary,100726,N,Below,,Philippines,,Direct Hire,,,LOT-7543,105748,,,Alpha,,,,
100182,Placement,107764,avery.silva@acme-fake.test,Alex Cohen,2025-06-02 18:24:00,rahul.larsson@acme-fake.test,Arjun Costa,2025-07-06 03:20:00,sofia.garcia@demomail.test,Marco Blake,2025-06-26 21:42:00,,,,N,Priya Sato,101009,Atlas Industries Group,Sales,Marco Ford,QA Engineer,2026-01-16,2026-07-30,Inactive - Terminated,100300,100622,100214,Sales,100771,TAG-4398,236,Alpha,7153,7628,3432,Beta,Other,100263,,QA Engineer Placement,,100414,"10,702",No,jamie.reyes@sampleco.test,Granite Holdings Group,,Marco Okafor,101274,Standard,,,,,,,New,LOT-3667,TAG-1541,101283,Other,,,,Denver,100739,,,Beta,100188,,,,,,,,,,101559,,Budget Cut,100470,Involuntary,100476,Y,Exceeded,Shared the updated proposal for review.,Germany,100686,Placement,100375,,TAG-9378,105551,,,Beta,,,,
100314,Placement,107767,reese.ford@acme-fake.test,Taylor Sato,2025-09-24 17:42:00,avery.cohen@demomail.test,Arjun Larsson,2024-01-06 12:19:00,skyler.reyes@acme-fake.test,Chen Larsson,2024-11-06 19:43:00,,,,N,Reese Kim,100947,Ironwood Networks Group,Customer Support,Taylor Sloan,Marketing Coordinator,2024-12-08,2026-06-04,Inactive - Terminated,100336,100745,100735,Customer Support,100292,SKU-2689,9196,Delta,1030,6446,3366,Alpha,Delta,100284,,Marketing Coordinator Placement,,100286,"8,456",Yes,riley.cohen@demomail.test,*NONE,100578,Quinn Silva,101512,Alpha,,100103,"1,416",,,,New,REF-2217,LOT-2653,101335,Alpha,,,,Austin,100478,,,Beta,100758,,,,,,,,,,101553,,Performance,100224,,,N,Exceeded,Reviewed performance and gathered feedback.,Canada,100512,Placement,100375,,REF-5314,105926,,,Beta,,,100221,
100759,Placement,107769,priya.rossi@sampleco.test,Arjun Cohen,2026-06-14 17:18:00,emerson.whitfield@acme-fake.test,Aisha Mercer,2026-02-07 12:25:00,emerson.mensah@demomail.test,Noah Ashby,2025-01-07 03:55:00,,,,N,Arjun Dorsey,101395,Keystone Industries LLC,Marketing,Noah Mercer,Operations Associate,2025-01-05,,Active - Placed,100468,100082,100109,Marketing,100372,SKU-7493,9826,Delta,8989,3230,9561,Beta,Alpha,100319,,Operations Associate Placement,,,"12,331",Yes,omar.sato@examplecorp.test,*NONE,100465,Liam Whitfield,101463,Alpha,,,631,,706,,Backfill,TAG-3276,,101161,Delta,,,,Phoenix,100393,,,Alpha,100210,,,,,,,,,,101435,,,100009,Voluntary,100451,N,,,United States,,Trial,100659,,SKU-3049,105962,,,Alpha,,,100740,
100469,Placement,107772,morgan.mercer@examplecorp.test,Rahul Nguyen,2024-03-09 03:50:00,casey.haddad@sampleco.test,Liam Patel,2025-03-02 11:06:00,jordan.costa@acme-fake.test,Sofia Silva,2024-08-18 15:03:00,,,,Y,Noah Ashby,101730,Redwood Logistics Co,Recruiting,Chen Blake,Executive Assistant,2024-02-22,2026-07-19,Inactive - Terminated,100387,100686,100686,Recruiting,,REF-7672,1394,Other,966,9406,3350,Delta,Gamma,100569,,Executive Assistant Placement,,100616,"17,200",Yes,arjun.whitfield@acme-fake.test,Falcon Robotics LLP,100551,Jordan Dorsey,101224,,,100387,,,,,New,TAG-8301,SKU-8716,101379,Standard,,,,Toronto,100073,,,Beta,100380,,,,,,,,,,100960,,,100029,Voluntary,100253,Y,Exceeded,Reviewed performance and gathered feedback.,India,100130,Placement,,,LOT-7693,106563,,,Beta,,,100490,
100590,Placement,107774,taylor.mensah@examplecorp.test,Elena Nguyen,2024-12-25 06:55:00,noah.reyes@demomail.test,Reese Ivanov,2023-07-20 17:11:00,priya.silva@sampleco.test,Yara Whitfield,2023-02-10 12:07:00,,,,Y,Drew Brooks,101622,Horizon Health Group,Finance,Marco Reyes,Executive Assistant,2024-07-28,2026-07-27,Inactive,,100593,100707,Finance,100587,SKU-1238,3206,Standard,6186,6892,7364,Delta,Beta,100387,,Executive Assistant Placement,,,"3,181",No,casey.cohen@examplecorp.test,*NONE,100710,Alex Costa,101003,Alpha,,,,,,,New,LOT-5725,TAG-5761,101062,Other,,,,Mumbai,100770,,,Beta,100629,,,,,,,,,,101645,,Relocation,100590,Voluntary,100664,Y,Met Expectations,Aligned on billing and renewal terms.,Mexico,100790,Backfill,100467,,REF-3412,105022,,,Gamma,,,100686,
100387,Placement,107775,morgan.larsson@examplecorp.test,Omar Ford,2023-02-01 02:58:00,omar.larsson@acme-fake.test,Alex Mercer,2024-01-11 03:31:00,chen.rossi@acme-fake.test,Reese Calder,2024-12-31 02:24:00,,,,N,Reese Larsson,100815,Copper Systems,Marketing,Chen Brooks,Payroll Specialist,2024-01-08,2026-06-16,Inactive,100718,100100,100514,Marketing,100548,TAG-2664,5433,Delta,3282,4639,9336,Delta,Standard,100215,,Payroll Specialist Placement,,,"9,547",No,aisha.rossi@acme-fake.test,*NONE,100516,Chen Mensah,101491,Delta,,100494,,,,,New,REF-6767,SKU-3946,101578,Alpha,,,,Manila,100724,,,Standard,100611,,,,,,,,,,101442,,Unmet Expectations,100680,Involuntary,100574,Y,,Followed up on the open items from last week.,Philippines,100739,Placement,100137,,SKU-6633,104901,,,Standard,,,,
100188,Placement,107776,emerson.mercer@examplecorp.test,Sofia Mercer,2023-09-03 03:27:00,rowan.mercer@examplecorp.test,Marco Ashby,2025-05-13 17:15:00,skyler.patel@sampleco.test,Yara Reyes,2025-09-25 11:01:00,,,,Y,Rahul Costa,101351,Horizon Dynamics LLP,Recruiting,Alex Blake,Executive Assistant,2024-12-16,,Active - Placed,100077,100343,100554,Recruiting,100359,TAG-9136,5917,Delta,4021,2065,4944,Other,Delta,100622,,Executive Assistant Placement,,100727,"16,540",No,chen.silva@examplecorp.test,*NONE,100145,Fatima Mercer,100846,Beta,,,948,,,,New,SKU-7359,REF-7519,101312,Gamma,,,,Manila,100451,,,Alpha,100288,,,,,,,,,,101592,,,,Voluntary,100545,,Met Expectations,,Mexico,100470,Trial,100077,,LOT-1638,105256,,,Alpha,,,100707,
100495,Placement,107777,avery.cohen@examplecorp.test,Chen Sato,2025-03-13 10:07:00,liam.nguyen@demomail.test,Emerson Ashby,2024-12-10 13:29:00,sofia.haddad@examplecorp.test,Riley Sato,2024-09-14 22:01:00,,,,Y,Chen Ford,101576,Beacon Industries Co,Human Resources,Rahul Reyes,Support Specialist,2026-03-24,,Active - Placed,100040,100273,100786,Human Resources,,LOT-4262,8289,Alpha,7786,2496,1868,Beta,Alpha,100079,,Support Specialist Placement,,,"12,951",No,jamie.ford@examplecorp.test,Northwind Systems Ltd,,Fatima Brooks,101386,Alpha,,,,,,,Backfill,SKU-5426,TAG-6490,101664,Gamma,,,,Phoenix,100475,,,Beta,100038,,,,,,,,,,101084,,,100461,,100574,Y,Below,,Canada,,Placement,,,SKU-8650,105707,,,Delta,,,100726,
100405,Placement,107780,diego.costa@sampleco.test,Diego Costa,2025-09-23 07:40:00,morgan.ford@sampleco.test,Casey Haddad,2023-03-05 10:54:00,mei.sato@demomail.test,Alex Silva,2026-05-13 18:22:00,,,,Y,Sofia Cohen,101343,Northwind Dynamics,Recruiting,Drew Vance,Bookkeeper,2024-01-05,,Active - Placed,,100275,100348,Recruiting,,TAG-6027,7778,Delta,6512,6881,2565,Other,Gamma,100460,,Bookkeeper Placement,,,"2,259",Yes,taylor.silva@acme-fake.test,*NONE,100469,Jamie Silva,101216,Gamma,,100178,,,,,Backfill,SKU-9773,REF-4294,101299,Alpha,,,,London,100055,,,Gamma,100366,,,,,,,,,,100890,,,100680,Voluntary,100062,N,Exceeded,,Germany,,Placement,100478,,LOT-4228,106396,,,Other,,,100022,
100478,Placement,107783,aisha.sato@acme-fake.test,Morgan Kim,2025-05-22 21:05:00,yara.mercer@examplecorp.test,Reese Larsson,2026-07-21 12:40:00,liam.brooks@demomail.test,Sofia Blake,2024-09-25 03:03:00,,,,Y,Skyler Calder,101622,Cardinal Dynamics Corp,Finance,Liam Sato,HR Generalist,2025-11-12,,Active - Placed,,100454,100441,Finance,100425,LOT-1539,1324,Standard,1614,6678,4770,Delta,Alpha,100678,,HR Generalist Placement,,,"15,712",No,sofia.nguyen@acme-fake.test,*NONE,,Elena Kim,101023,Delta,,100779,,,,,New,SKU-8097,TAG-8664,100794,Alpha,,,,Toronto,100117,,,Standard,100386,,,,,,,,,,101571,,,100585,Involuntary,100003,N,Met Expectations,,United Kingdom,100273,Placement,,,TAG-5676,105883,,,Gamma,,,,
100774,Placement,107784,avery.sato@examplecorp.test,Omar Silva,2025-01-06 16:56:00,quinn.larsson@acme-fake.test,Quinn Sloan,2023-09-07 23:01:00,avery.nguyen@acme-fake.test,Casey Blake,2023-02-23 19:32:00,,,,N,Sofia Garcia,101105,Evergreen Industries LLP,Data & Analytics,Jordan Mercer,Accountant,2023-05-10,,Active - Placed,,100325,100375,Data & Analytics,,REF-2120,8718,Delta,8445,6360,6583,Gamma,Other,100466,,Accountant Placement,,100264,"5,549",Yes,omar.brooks@acme-fake.test,Delta Networks Ltd,100275,Nina Sato,101043,Standard,,100067,,,,,Backfill,SKU-5645,LOT-1074,101041,Alpha,,,,Bengaluru,100467,,,Gamma,100314,,,,,,,,,,100853,,,100507,Voluntary,100472,Y,Exceeded,,United States,100425,Placement,100352,,REF-5871,105487,,,Standard,,,100399,
100068,Placement,107787,riley.blake@examplecorp.test,Liam Blake,2022-12-02 15:09:00,chen.whitfield@sampleco.test,Diego Brooks,2025-01-02 11:55:00,quinn.ashby@acme-fake.test,Emerson Reyes,2024-05-16 23:24:00,,,,N,Quinn Blake,100922,Redwood Health LLP,Finance,Avery Larsson,Customer Success Manager,2023-11-03,2026-06-08,Inactive - Terminated,100208,100201,100096,Finance,100532,LOT-1032,3994,Beta,4308,6076,4976,Delta,Alpha,100022,,Customer Success Manager Placement,,,"8,233",No,casey.mercer@sampleco.test,*NONE,100021,Priya Brooks,101095,,,100288,,,,,New,REF-8299,REF-7444,101582,Beta,,,,Phoenix,100771,,,Gamma,100454,,,,,,,,,,101621,,Performance,100012,,100211,Y,Met Expectations,Scheduled a check-in for the coming month.,Australia,,Backfill,,,TAG-8991,105812,,,Beta,,,100659,
100498,Placement,107790,nina.vance@sampleco.test,Morgan Dorsey,2025-07-09 10:41:00,riley.whitfield@demomail.test,Sofia Blake,2023-10-30 12:31:00,priya.larsson@demomail.test,Emerson Reyes,2023-07-19 02:23:00,,,,N,Liam Larsson,100870,Evergreen Ventures Co,Operations,Reese Cohen,Project Manager,2025-11-27,,Active - Placed,100174,100173,100425,Operations,100142,REF-2721,33,Other,4224,2813,9849,Standard,Beta,100579,,Project Manager Placement,,100741,"12,606",Yes,jamie.haddad@sampleco.test,*NONE,100733,Skyler Ivanov,100828,Gamma,,,68,,"1,929",,New,TAG-4010,REF-1184,101333,Alpha,,,,Mumbai,100311,,,Standard,100568,,,,,,,,,,101073,,,100298,Involuntary,100438,Y,Below,,Philippines,100661,Bench,100199,,LOT-7873,105161,,,Gamma,,,,
100775,Placement,107791,priya.haddad@acme-fake.test,Jordan Costa,2024-10-19 04:57:00,alex.dorsey@demomail.test,Chen Sato,2023-05-19 07:13:00,noah.calder@examplecorp.test,Fatima Costa,2023-02-27 10:19:00,,,,N,Quinn Whitfield,101551,Horizon Industries LLC,Customer Support,Omar Reyes,Recruiter,2025-05-18,,Active - Placed,100076,100522,100221,Customer Support,100548,TAG-2643,8249,Standard,4670,285,3499,Standard,Gamma,100487,,Recruiter Placement,,100566,,Yes,mei.ashby@acme-fake.test,*NONE,100613,Jamie Vance,101673,Other,,100033,"1,407",,,,New,REF-4982,TAG-8371,101463,Other,,,,Chicago,100634,,,Beta,100634,,,,,,,,,,101706,,,100385,Involuntary,100582,N,Met Expectations,,United States,100352,Placement,,,SKU-2886,105855,,,Gamma,,,100420,
100461,Placement,107792,marco.haddad@sampleco.test,Jordan Haddad,2023-01-02 20:20:00,priya.reyes@examplecorp.test,Mei Reyes,2023-04-03 16:56:00,mei.calder@examplecorp.test,Omar Mercer,2026-06-27 08:13:00,,,,Y,Priya Mercer,100825,Everest Retail,Operations,Arjun Okafor,Project Manager,2026-06-01,,Active - Placed,100481,100461,100188,Operations,,LOT-1617,5079,Delta,322,9298,4497,Delta,Delta,100694,,Project Manager Placement,,100435,"15,627",Yes,skyler.cohen@examplecorp.test,*NONE,100115,Fatima Ivanov,101243,Gamma,,,,,"1,750",,New,LOT-6601,SKU-3190,101009,Standard,,,,Bengaluru,100277,,,Delta,100652,,,,,,,,,,101101,,,100787,,100155,Y,Below,,United States,100026,Bench,,,LOT-9752,105346,,,Standard,,,100336,
100098,Placement,107793,marco.rossi@sampleco.test,Liam Haddad,2024-10-15 14:54:00,chen.ashby@sampleco.test,Jordan Dorsey,2024-05-06 05:42:00,diego.cohen@sampleco.test,Chen Sloan,2025-02-22 01:08:00,,,,N,Avery Patel,101065,Horizon Energy Group,Customer Support,Nina Ashby,HR Generalist,2023-07-23,,Active - Placed,100439,100787,100606,Customer Support,,TAG-3793,8210,Gamma,1671,27,4034,Gamma,Other,100140,,HR Generalist Placement,,100191,"11,558",No,casey.patel@demomail.test,*NONE,,Riley Reyes,101265,Gamma,,100281,629,,,,Backfill,LOT-9941,,101043,Standard,,,,Seattle,100275,,,Gamma,100532,,,,,,,,,,100870,,,100582,,100296,Y,Exceeded,,Mexico,100253,Trial,,,LOT-4795,106266,,,Delta,,,100462,
100038,Placement,107794,drew.brooks@sampleco.test,Rahul Vance,2025-01-16 06:54:00,emerson.brooks@demomail.test,Diego Calder,2026-06-20 04:54:00,jamie.calder@examplecorp.test,Yara Calder,2025-08-08 07:35:00,,,,N,Liam Larsson,101029,Vertex Solutions,Finance,Omar Garcia,Accountant,2026-05-21,2026-07-09,Inactive,,100425,100277,Finance,100112,REF-3362,6346,Delta,2440,9424,869,Gamma,Other,100578,,Accountant Placement,,100205,"17,776",No,drew.dorsey@acme-fake.test,*NONE,100542,Chen Nguyen,101095,Beta,,,"1,923",,,,New,LOT-6129,SKU-9099,101452,Standard,,,,Toronto,100221,,,Delta,100496,,,,,,,,,,100936,,,100065,,100779,Y,Below,Scheduled a check-in for the coming month.,Philippines,100247,Placement,100496,,REF-1303,105605,,,Alpha,,,,
100640,Placement,107797,elena.dorsey@demomail.test,Taylor Garcia,2024-05-23 01:36:00,rowan.cohen@sampleco.test,Chen Larsson,2026-06-22 17:00:00,morgan.nguyen@sampleco.test,Liam Sloan,2023-12-20 17:37:00,,,,Y,Jordan Silva,100825,Vertex Analytics Corp,Data & Analytics,Quinn Blake,QA Engineer,2026-03-20,2026-07-31,Inactive,,100449,100578,Data & Analytics,100177,TAG-1879,1630,Other,2999,6199,511,Gamma,Gamma,100694,,QA Engineer Placement,,100231,,Yes,reese.silva@acme-fake.test,*NONE,100604,Casey Sloan,101682,Other,,,,,"2,772",,New,TAG-4442,REF-2852,101207,Standard,,,,Atlanta,100478,,,Beta,100128,,,,,,,,,,101133,,Project Ended,,Voluntary,100739,Y,,Aligned on billing and renewal terms.,Mexico,100372,Placement,,,SKU-5740,105748,,,Beta,,,,
100669,Placement,107799,emerson.rossi@sampleco.test,Chen Kim,2026-05-24 16:13:00,sofia.mensah@sampleco.test,Marco Blake,2024-10-30 20:29:00,emerson.larsson@demomail.test,Jordan Vance,2025-01-21 09:08:00,,,,N,Noah Mensah,100891,Keystone Analytics LLC,Data & Analytics,Marco Dorsey,QA Engineer,2024-01-22,,Active - Placed,,100038,100352,Data & Analytics,,REF-3193,91,Gamma,5741,1574,5789,Other,Beta,100775,,QA Engineer Placement,,100779,"16,541",Yes,sofia.nguyen@sampleco.test,*NONE,100188,Avery Cohen,101187,Delta,,100466,,,,,New,REF-9822,LOT-1275,101338,Alpha,,Other,,Toronto,100185,,,Alpha,100759,,,,,,,,,,101490,,,100369,,100694,N,Met Expectations,,Philippines,100439,Bench,100278,,LOT-1291,104911,,,Delta,,,100157,
100168,Placement,107801,emerson.mercer@sampleco.test,Nina Sato,2024-11-14 22:31:00,liam.sloan@acme-fake.test,Chen Silva,2022-12-07 07:48:00,quinn.larsson@examplecorp.test,Liam Silva,2022-10-14 20:11:00,,,,Y,Casey Kim,101304,Blue Ridge Ventures Ltd,Accounting,Omar Mercer,Payroll Specialist,2025-06-07,,Active - Placed,100608,100191,100627,Accounting,100470,SKU-9941,7107,Gamma,1964,5980,6506,Gamma,Beta,100183,,Payroll Specialist Placement,,100551,"16,129",Yes,arjun.ford@examplecorp.test,*NONE,,Taylor Okafor,101272,,,100694,,,"3,735",,New,LOT-7671,LOT-2047,101790,Other,,Delta,,Dallas,100516,,,Standard,100336,,,,,,,,,,100891,,,,Voluntary,,N,Met Expectations,,India,,Trial,100109,,TAG-7599,105365,,,Standard,,,,
100661,Placement,107803,aisha.sato@demomail.test,Avery Ivanov,2026-03-27 19:15:00,morgan.silva@sampleco.test,Emerson Mercer,2024-04-15 23:20:00,yara.silva@demomail.test,Emerson Ford,2024-04-23 08:27:00,,,,Y,Nina Sloan,101393,Northwind Dynamics LLC,Finance,Sofia Kim,Bookkeeper,2024-08-14,,Active - Placed,,100574,100759,Finance,100330,TAG-7666,7989,Beta,4985,3461,8859,Standard,Delta,100498,,Bookkeeper Placement,,100299,"13,104",No,chen.sato@demomail.test,Silverline Energy Group,,Alex Mensah,101380,Delta,,,289,,,,New,LOT-5526,TAG-4705,101559,Beta,,,,Phoenix,100710,,,Delta,100714,,,,,,,,,,101774,,,100362,Involuntary,100747,Y,Met Expectations,,Germany,100619,Placement,100401,,REF-9560,104996,,,Gamma,,,100747,
100696,Placement,107805,yara.dorsey@acme-fake.test,Riley Blake,2023-02-15 02:04:00,quinn.blake@examplecorp.test,Avery Sato,2023-05-05 23:35:00,skyler.haddad@demomail.test,Fatima Sloan,2025-06-17 14:21:00,,,,Y,Diego Ashby,101338,Cobalt Textiles LLP,Human Resources,Quinn Costa,Payroll Specialist,2025-12-22,,Active - Placed,,100590,100740,Human Resources,,SKU-9522,4144,Other,2805,8275,6111,Standard,Other,100400,,Payroll Specialist Placement,,,"12,047",No,omar.brooks@demomail.test,Vertex Textiles Ltd,100169,Nina Mercer,101026,Standard,,,848,,,,New,REF-6093,TAG-1777,101520,Standard,,,,Bengaluru,100415,,,Standard,100616,,,,,,,,,,101753,,,100157,,100121,N,Below,,Mexico,100420,Placement,,,SKU-4234,105685,,,Beta,,,100529,
100759,Placement,107807,elena.blake@examplecorp.test,Nina Cohen,2026-06-17 23:01:00,avery.blake@examplecorp.test,Noah Silva,2024-06-02 19:59:00,liam.haddad@demomail.test,Quinn Brooks,2026-04-02 01:00:00,,,,Y,Mei Mercer,101697,Granite Networks Inc,Data & Analytics,Emerson Okafor,Project Manager,2024-08-10,,Active - Placed,100194,100412,100349,Data & Analytics,,SKU-4654,2546,Standard,6489,6887,9310,Gamma,Alpha,100012,,Project Manager Placement,,100593,"16,011",No,sofia.whitfield@sampleco.test,*NONE,100750,Avery Nguyen,101730,Alpha,,100639,"1,033",,"1,075",,New,SKU-6894,SKU-6169,101272,Alpha,,,,Bengaluru,100309,,,Gamma,100291,,,,,,,,,,100802,,,,Voluntary,100005,N,Met Expectations,,United Kingdom,,Placement,100593,,LOT-8863,105660,,,Gamma,,,100439,
100404,Placement,107809,fatima.sloan@examplecorp.test,Priya Haddad,2026-07-09 02:44:00,rahul.haddad@acme-fake.test,Taylor Garcia,2024-09-22 10:38:00,arjun.ivanov@acme-fake.test,Quinn Cohen,2024-07-22 19:49:00,,,,N,Liam Mensah,101128,Lakeside Group LLC,Operations,Omar Ivanov,Payroll Specialist,2025-07-01,2026-06-14,Inactive - Terminated,,100082,100410,Operations,100771,TAG-8708,6981,Delta,5641,9640,7671,Beta,Delta,100791,,Payroll Specialist Placement,,,"2,559",Yes,priya.ivanov@acme-fake.test,Meridian Textiles LLP,,Drew Vance,101447,Standard,,,,,"3,206",,New,SKU-4238,REF-3323,101405,Other,,,,London,100100,,,Alpha,100782,,,,,,,,,,100951,,,100554,Voluntary,100782,Y,Exceeded,Shared the updated proposal for review.,Australia,100582,Placement,100199,,REF-7566,105237,,,Delta,,,100145,
100490,Placement,107810,skyler.patel@sampleco.test,Jordan Cohen,2026-03-30 13:05:00,mei.silva@sampleco.test,Chen Mercer,2024-09-03 03:46:00,aisha.rossi@examplecorp.test,Riley Dorsey,2024-08-27 08:05:00,,,,N,Quinn Blake,100902,Keystone Media LLP,Finance,Jordan Dorsey,Software Developer,2023-06-29,2026-06-20,Inactive - Terminated,,100117,100199,Finance,100140,LOT-2626,3676,Alpha,847,9735,997,Beta,Standard,100158,,Software Developer Placement,,100155,"13,190",Yes,alex.reyes@examplecorp.test,*NONE,,Emerson Mensah,101538,Other,,,,,339,,New,SKU-2468,SKU-2250,101220,Delta,,,,Bengaluru,100458,,,Standard,100453,,,,,,,,,,101259,,Converted to Direct Hire,100349,Involuntary,100142,Y,Exceeded,Aligned on billing and renewal terms.,Mexico,,Placement,,,LOT-7279,106453,,,Alpha,,,100601,
100398,Placement,107812,rowan.haddad@examplecorp.test,Aisha Vance,2024-05-29 16:19:00,casey.silva@sampleco.test,Skyler Haddad,2026-06-25 15:37:00,reese.vance@acme-fake.test,Fatima Dorsey,2024-07-30 03:40:00,,,,N,Rahul Costa,101085,Summit Solutions,Data & Analytics,Aisha Silva,Bookkeeper,2026-04-15,2026-07-20,Inactive - Terminated,100724,100133,100507,Data & Analytics,,TAG-4560,6646,Other,5448,4763,2706,Beta,Alpha,100473,,Bookkeeper Placement,,100576,"10,555",No,sofia.whitfield@examplecorp.test,*NONE,100401,Alex Whitfield,100944,Beta,,100371,55,,,,New,REF-4031,TAG-1059,101328,Standard,,,,Bengaluru,100307,,,Gamma,100638,,,,,,,,,,101578,,Unmet Expectations,100691,,100516,Y,Exceeded,Scheduled a check-in for the coming month.,United States,100177,Placement,,,LOT-6079,106563,,,Standard,,,100137,
100173,Placement,107813,aisha.haddad@examplecorp.test,Chen Ashby,2025-07-25 06:21:00,jordan.whitfield@sampleco.test,Chen Haddad,2022-10-24 08:53:00,arjun.ashby@demomail.test,Marco Larsson,2025-01-11 12:46:00,,,,Y,Arjun Larsson,101594,Blue Ridge Energy Co,Finance,Reese Dorsey,Data Analyst,2023-12-21,,Active - Placed,,100745,100700,Finance,100244,SKU-3933,9072,Other,5598,6905,7959,Alpha,Gamma,100120,,Data Analyst Placement,,100181,"8,444",No,reese.sato@acme-fake.test,*NONE,100061,Aisha Sato,101177,Beta,,100569,"1,006",,,,New,TAG-2265,REF-2255,100882,Alpha,,,,Chicago,100077,,,Gamma,100673,,,,,,,,,,101023,,,,,100378,N,,,Germany,100421,Placement,,,TAG-4422,104964,,,Standard,,,,
100732,Placement,107816,elena.patel@sampleco.test,Liam Nguyen,2023-07-03 20:57:00,noah.ford@sampleco.test,Avery Mercer,2025-03-17 20:08:00,alex.silva@acme-fake.test,Yara Patel,2023-06-08 13:38:00,,,,N,Priya Dorsey,101027,Delta Media Corp,Software Engineering,Arjun Calder,Operations Associate,2024-12-17,,Active - Placed,100286,100689,100737,Software Engineering,,LOT-8015,6676,Other,8775,1417,9485,Gamma,Other,100453,,Operations Associate Placement,,100005,"8,644",Yes,aisha.garcia@demomail.test,Keystone Textiles,100142,Taylor Cohen,101445,Other,,100016,,,,,Backfill,LOT-3267,,100850,Gamma,,Gamma,,Dallas,100425,,,Other,100130,,,,,,,,,,101097,,,100362,,100174,Y,,,India,100369,Direct Hire,,,REF-6197,105609,,,Gamma,,,,
100542,Placement,107817,mei.ivanov@sampleco.test,Reese Reyes,2023-09-01 18:17:00,emerson.kim@sampleco.test,Mei Mercer,2023-04-04 10:20:00,yara.vance@acme-fake.test,Liam Sloan,2025-05-04 22:22:00,,,,Y,Skyler Kim,101604,Harbor Robotics Group,Human Resources,Rahul Costa,Marketing Coordinator,2023-05-16,,Active - Placed,,100264,100739,Human Resources,,SKU-5312,9183,Beta,4608,7858,5906,Beta,Standard,100445,,Marketing Coordinator Placement,,100669,"3,771",No,noah.brooks@examplecorp.test,*NONE,,Casey Ashby,101177,Standard,,100770,"1,871",,,,New,REF-2519,TAG-8154,100998,Gamma,,,,Denver,100140,,,Other,100317,,,,,,,,,,101781,,,,,100284,Y,Below,,United Kingdom,100462,Placement,100745,,REF-7508,106206,,,Delta,,,,
100507,Placement,107820,elena.sloan@demomail.test,Fatima Costa,2023-01-03 20:55:00,reese.calder@examplecorp.test,Taylor Mercer,2025-03-07 21:04:00,casey.okafor@sampleco.test,Rowan Sato,2025-09-16 12:30:00,,,,N,Rahul Garcia,101032,Meridian Foods Ltd,Finance,Riley Costa,Accountant,2025-09-29,,Active - Placed,100396,100165,100267,Finance,100028,TAG-9458,1756,Gamma,2452,2397,3693,Gamma,Alpha,100205,,Accountant Placement,,,"13,811",No,rahul.costa@acme-fake.test,Lakeside Ventures LLP,100551,Skyler Brooks,101007,Other,,,,,,,Backfill,REF-4649,,100965,Delta,,,,Phoenix,100604,,,Alpha,100454,,,,,,,,,,101119,,,,,100076,Y,Exceeded,,United Kingdom,100759,Backfill,100624,,REF-5625,105201,,,Other,,,100500,
100307,Placement,107823,omar.reyes@acme-fake.test,Skyler Vance,2024-06-08 18:46:00,rowan.mensah@examplecorp.test,Casey Mensah,2025-05-12 05:39:00,alex.reyes@sampleco.test,Skyler Dorsey,2024-10-31 04:22:00,,,,N,Rahul Blake,100808,Atlas Partners Ltd,Customer Support,Morgan Haddad,Project Manager,2025-12-01,,Active - Placed,,100200,100191,Customer Support,100509,REF-2504,9251,Other,1547,5631,4677,Standard,Gamma,100079,,Project Manager Placement,,100277,"17,572",Yes,jamie.sato@demomail.test,Horizon Health Inc,100694,Avery Rossi,100924,Gamma,,,,,,,New,REF-1079,REF-7201,100899,Delta,,,,London,100585,,,Beta,100361,,,,,,,,,,101739,,,,Involuntary,100425,Y,Exceeded,,United States,100700,Backfill,100665,,TAG-3165,105894,,,Other,,,,
100782,Placement,107825,elena.blake@examplecorp.test,Noah Ivanov,2024-10-20 15:28:00,reese.kim@sampleco.test,Quinn Ivanov,2025-04-06 14:10:00,skyler.brooks@sampleco.test,Skyler Brooks,2025-09-08 06:28:00,,,,Y,Rahul Cohen,101104,Everest Energy Inc,Marketing,Jamie Haddad,Project Manager,2025-01-12,,Active - Placed,,100118,100295,Marketing,,LOT-1459,7412,Delta,3558,445,6905,Standard,Beta,100233,,Project Manager Placement,,,,Yes,reese.garcia@examplecorp.test,*NONE,100503,Diego Nguyen,101070,Other,,100761,,,,,Backfill,LOT-4811,SKU-1176,101057,Delta,,,,Chicago,100340,,,Standard,100726,,,,,,,,,,101210,,,,Voluntary,100133,Y,Exceeded,,Germany,100077,Backfill,100564,,LOT-4093,106470,,,Delta,,,,
100735,Placement,107827,emerson.whitfield@acme-fake.test,Jordan Okafor,2026-07-22 16:43:00,fatima.haddad@demomail.test,Yara Calder,2026-04-03 21:55:00,priya.sloan@acme-fake.test,Skyler Mensah,2025-07-10 00:11:00,,,,Y,Rahul Kim,101018,Granite Systems Inc,Accounting,Taylor Nguyen,Executive Assistant,2025-01-28,2026-07-22,Inactive - Terminated,100352,100791,100465,Accounting,,SKU-4489,2920,Delta,4159,1312,5522,Alpha,Delta,100667,,Executive Assistant Placement,,100022,"17,941",No,diego.blake@demomail.test,*NONE,100669,Riley Cohen,101001,Gamma,,,,,,,New,REF-7767,LOT-7922,101195,Gamma,,,,London,100247,,,Gamma,100561,,,,,,,,,,100973,,Unmet Expectations,100487,Voluntary,,Y,Met Expectations,Followed up on the open items from last week.,India,,Placement,100123,,SKU-3415,106573,,,Beta,,,,
100472,Placement,107830,jamie.silva@acme-fake.test,Casey Cohen,2023-04-25 12:38:00,nina.mercer@sampleco.test,Fatima Ashby,2026-04-17 09:53:00,elena.haddad@sampleco.test,Omar Ivanov,2025-03-09 22:16:00,,,,N,Skyler Ivanov,100908,Pioneer Media Co,Sales,Skyler Dorsey,Bookkeeper,2025-08-22,2026-06-29,Inactive - Terminated,100622,100587,100683,Sales,100058,LOT-5361,5044,Standard,601,1947,2493,Standard,Delta,100465,,Bookkeeper Placement,,100343,"14,196",No,sofia.mercer@sampleco.test,Beacon Analytics Co,100328,Noah Mercer,101292,Beta,,100029,,,,,Backfill,TAG-8505,REF-6704,101745,Gamma,,,,Atlanta,100296,,,Gamma,100496,,,,,,,,,,101216,,Budget Cut,100366,,100200,Y,,Aligned on billing and renewal terms.,Australia,100158,Placement,,,SKU-7769,105596,,,Gamma,,,100183,
100357,Placement,107833,omar.nguyen@examplecorp.test,Noah Sloan,2022-10-07 07:12:00,noah.blake@demomail.test,Aisha Sato,2026-03-18 04:10:00,emerson.cohen@sampleco.test,Yara Reyes,2023-08-13 14:48:00,,,,N,Rowan Nguyen,100799,Vertex Analytics Group,Data & Analytics,Arjun Whitfield,Project Manager,2025-07-21,2026-06-29,Inactive - Terminated,100188,100582,100054,Data & Analytics,100103,REF-1009,8295,Beta,9874,4051,2617,Beta,Beta,100490,,Project Manager Placement,,100548,"9,548",No,yara.vance@examplecorp.test,*NONE,100648,Chen Haddad,101289,Alpha,,100181,,,"4,808",,Backfill,TAG-4721,TAG-7227,100881,Standard,,,,Denver,100317,,,Delta,100256,,,,,,,,,,101290,,Converted to Direct Hire,100467,Involuntary,100371,N,Below,Noted a concern to revisit at the next sync.,Germany,100372,Placement,100721,,REF-7171,105922,,,Delta,,,,
100137,Placement,107836,noah.garcia@sampleco.test,Elena Ashby,2025-07-22 06:47:00,marco.whitfield@examplecorp.test,Drew Brooks,2025-09-23 03:02:00,priya.rossi@examplecorp.test,Taylor Vance,2023-03-20 07:46:00,,,,Y,Diego Nguyen,100994,Meridian Manufacturing Corp,Accounting,Reese Brooks,Operations Associate,2023-11-13,,Active - Placed,100315,100770,100400,Accounting,,TAG-6422,3659,Delta,3222,1224,768,Other,Alpha,100572,,Operations Associate Placement,,100284,"7,169",No,avery.vance@demomail.test,*NONE,,Emerson Brooks,101211,Standard,,,,,"4,330",,New,TAG-7870,LOT-6621,100899,Beta,,,,Bengaluru,100568,,,Standard,100732,,,,,,,,,,101534,,,100332,,100137,N,Met Expectations,,India,,Placement,100161,,LOT-7707,105831,,,Other,,,,
100026,Placement,107839,emerson.haddad@acme-fake.test,Drew Vance,2023-03-15 07:29:00,drew.dorsey@examplecorp.test,Riley Ford,2026-07-02 23:15:00,diego.dorsey@examplecorp.test,Quinn Haddad,2022-10-03 03:47:00,,,,N,Taylor Dorsey,101645,Copper Analytics Group,Software Engineering,Marco Sloan,HR Generalist,2026-01-07,,Active - Placed,,100372,100665,Software Engineering,,REF-3015,5118,Delta,8618,5997,861,Delta,Standard,100079,,HR Generalist Placement,,100428,"10,461",No,quinn.silva@acme-fake.test,*NONE,100224,Jordan Mensah,101479,Delta,,,,,,,New,SKU-3342,LOT-2426,100805,Gamma,1156,,,Chicago,100745,,,Other,100014,,,,,,,,,,101069,,,100675,Involuntary,100564,Y,Exceeded,,Germany,100475,Placement,100730,,LOT-7018,106557,,,Other,,,100673,
100678,Placement,107840,skyler.vance@acme-fake.test,Morgan Calder,2023-12-10 09:51:00,jordan.garcia@demomail.test,Aisha Nguyen,2024-06-07 13:18:00,alex.mercer@acme-fake.test,Omar Dorsey,2022-11-04 12:09:00,,,,N,Jordan Vance,100981,Everest Health,Data & Analytics,Aisha Okafor,Project Manager,2026-01-29,,Active - Placed,100595,100277,100585,Data & Analytics,100199,REF-9398,7447,Other,8031,2673,4123,Other,Alpha,100284,,Project Manager Placement,,100512,"15,883",Yes,reese.silva@acme-fake.test,Horizon Ventures,100721,Quinn Nguyen,100937,Delta,,100125,,,"2,466",,New,TAG-1547,,101688,Standard,,Standard,,Seattle,100014,,,Beta,100702,,,,,,,,,,101140,,,100555,Voluntary,100043,Y,Exceeded,,Canada,100470,Trial,100014,,TAG-4698,105831,,,Beta,,,100392,
100743,Placement,107841,jamie.haddad@sampleco.test,Avery Costa,2022-11-15 18:57:00,fatima.vance@sampleco.test,Riley Vance,2024-06-07 10:16:00,emerson.whitfield@acme-fake.test,Quinn Brooks,2025-10-27 12:47:00,,,,Y,Fatima Kim,101652,Harbor Robotics Group,Data & Analytics,Rowan Mensah,Marketing Coordinator,2026-03-11,,Active - Placed,,100303,100661,Data & Analytics,100185,REF-1175,6451,Other,9686,8623,9097,Delta,Other,100405,,Marketing Coordinator Placement,,100343,"8,243",No,diego.costa@sampleco.test,*NONE,100741,Arjun Cohen,101210,Beta,,100305,,,,,New,LOT-5137,,101178,Standard,,,,Denver,100471,,,Beta,100467,,,,,,,,,,101097,,,100753,Voluntary,100103,N,,,Germany,100475,Bench,100211,,LOT-3097,105477,,,Beta,,,100314,
100380,Placement,107842,omar.reyes@demomail.test,Priya Cohen,2025-03-18 16:55:00,riley.okafor@acme-fake.test,Casey Okafor,2023-05-11 05:16:00,quinn.reyes@acme-fake.test,Chen Mercer,2025-11-05 20:23:00,,,,N,Nina Cohen,101472,Pioneer Manufacturing Ltd,Customer Support,Liam Sloan,Operations Associate,2026-01-03,,Active - Placed,100724,100776,100239,Customer Support,100468,REF-2783,8010,Other,1201,2737,6401,Standard,Standard,100286,,Operations Associate Placement,,100522,"8,642",Yes,taylor.kim@acme-fake.test,*NONE,100664,Chen Dorsey,101354,Delta,,100215,,,"1,712",,New,LOT-5835,REF-8957,101322,Other,,,,Austin,100335,,,Other,100244,,,,,,,,,,100978,,,100466,,100196,N,Exceeded,,United States,100098,Direct Hire,100608,,TAG-4815,105568,,,Gamma,,,100669,
100042,Placement,107844,liam.garcia@demomail.test,Emerson Cohen,2023-05-25 13:39:00,chen.mensah@demomail.test,Rowan Reyes,2025-05-12 12:52:00,aisha.dorsey@acme-fake.test,Taylor Whitfield,2023-09-01 06:46:00,,,,N,Chen Reyes,101328,Northwind Networks Inc,Accounting,Sofia Sloan,Recruiter,2024-02-05,,Active - Placed,100096,100042,100446,Accounting,,TAG-3717,2170,Delta,6104,3862,7772,Gamma,Delta,100058,,Recruiter Placement,,,"14,069",No,priya.garcia@examplecorp.test,*NONE,100578,Diego Larsson,101510,Other,,100205,,,,,Backfill,SKU-6223,TAG-2683,101282,Beta,,,,Mumbai,100042,,,Alpha,100092,,,,,,,,,,101177,,,100578,,,N,,,Australia,,Trial,100096,,SKU-6369,106161,,,Gamma,,,100399,
100540,Placement,107847,rowan.patel@demomail.test,Reese Whitfield,2023-05-20 18:58:00,taylor.patel@demomail.test,Omar Kim,2025-06-30 01:35:00,rahul.ivanov@acme-fake.test,Jamie Cohen,2026-05-21 19:39:00,,,,Y,Marco Vance,101694,Ironwood Capital Ltd,Finance,Riley Haddad,Bookkeeper,2025-01-18,,Active - Placed,,100315,100569,Finance,,REF-5377,9838,Beta,5051,3800,3285,Gamma,Alpha,100139,,Bookkeeper Placement,,100256,"2,623",No,casey.rossi@acme-fake.test,*NONE,100697,Avery Garcia,101194,Other,,,,,,,New,SKU-4893,LOT-3600,101035,Delta,,,,Phoenix,100185,,,Alpha,100121,,,,,,,,,,101051,,,100345,Voluntary,100203,N,Below,,United Kingdom,100253,Placement,100496,,REF-7667,104918,,,Alpha,,,100050,
100201,Placement,107848,alex.whitfield@examplecorp.test,Rahul Garcia,2026-07-07 06:34:00,skyler.ford@demomail.test,Rahul Larsson,2025-03-05 20:10:00,morgan.sloan@acme-fake.test,Skyler Reyes,2026-06-26 22:36:00,,,,N,Taylor Cohen,101676,Vertex Group LLP,Marketing,Quinn Rossi,QA Engineer,2025-05-22,,Active - Placed,100100,100512,100529,Marketing,,SKU-5323,1947,Other,2549,3609,6088,Other,Gamma,100277,,QA Engineer Placement,,100568,"2,275",Yes,diego.nguyen@acme-fake.test,*NONE,100707,Avery Dorsey,101383,Gamma,,100660,,,,,New,LOT-4622,REF-2509,100913,Delta,,,,Dallas,100578,,,Other,100638,,,,,,,,,,101024,,,100707,,100420,N,,,Mexico,100697,Placement,,,REF-2809,105938,,,Other,,,,
100062,Placement,107851,jamie.garcia@demomail.test,Riley Mensah,2023-07-12 22:35:00,chen.ashby@acme-fake.test,Fatima Whitfield,2025-06-15 19:04:00,noah.larsson@acme-fake.test,Diego Costa,2025-12-02 20:10:00,,,,N,Casey Rossi,101578,Cobalt Labs Corp,Finance,Morgan Kim,Bookkeeper,2023-09-08,,Active - Placed,100005,100226,100779,Finance,,LOT-9680,2957,Gamma,9719,2782,7548,Standard,Beta,100194,,Bookkeeper Placement,,100244,"15,945",Yes,diego.rossi@examplecorp.test,Pioneer Industries Group,,Reese Kim,101346,Beta,,100632,,,,,New,TAG-3096,,101125,Beta,,,,Manila,100349,,,Gamma,100369,,,,,,,,,,101778,,,,Voluntary,100528,N,,,Mexico,,Direct Hire,100214,,SKU-9353,106257,,,Delta,,,100298,
100137,Placement,107852,rowan.kim@examplecorp.test,Morgan Vance,2024-09-26 12:28:00,yara.patel@acme-fake.test,Noah Calder,2024-05-27 05:35:00,chen.patel@sampleco.test,Mei Mercer,2023-06-23 20:50:00,,,,Y,Elena Ivanov,100876,Harbor Solutions Corp,Marketing,Yara Mensah,Customer Success Manager,2024-02-06,2026-06-27,Inactive - Terminated,,100776,100273,Marketing,,REF-5724,8417,Delta,2154,2699,4011,Beta,Other,100314,,Customer Success Manager Placement,,100120,"13,069",No,casey.haddad@demomail.test,*NONE,100232,Drew Okafor,100935,Delta,,100503,,,"3,546",,New,LOT-5694,,101548,Alpha,,,,Chicago,100654,,,Delta,100117,,,,,,,,,,101512,,,100667,Voluntary,100348,Y,Below,Discussed timeline and next steps with the account.,United Kingdom,100407,Backfill,100661,,TAG-9382,106003,,,Gamma,,,,
100219,Placement,107854,diego.dorsey@examplecorp.test,Diego Sato,2024-07-03 16:16:00,liam.whitfield@demomail.test,Marco Calder,2024-08-12 05:17:00,liam.ivanov@demomail.test,Jordan Garcia,2023-03-28 07:06:00,,,,N,Skyler Sloan,101264,Everest Logistics Group,Human Resources,Jamie Ford,Project Manager,2024-09-08,,Active - Placed,,100387,100619,Human Resources,,REF-6169,8187,Standard,6816,9317,9725,Other,Alpha,100471,,Project Manager Placement,,100564,"14,143",Yes,noah.ford@demomail.test,Silverline Ventures Inc,100119,Taylor Mensah,101264,Alpha,,100733,,,,,New,REF-1870,LOT-9319,101014,Alpha,,,,Bengaluru,100319,,,Standard,100089,,,,,,,,,,101325,,,,Involuntary,100005,N,Exceeded,,India,100750,Bench,,,TAG-1913,106531,,,Standard,,,100713,
100412,Placement,107857,rahul.mensah@acme-fake.test,Emerson Patel,2024-09-04 21:53:00,quinn.calder@sampleco.test,Alex Blake,2024-11-21 14:17:00,liam.ford@acme-fake.test,Aisha Garcia,2022-11-19 19:29:00,,,,Y,Rowan Nguyen,100942,Blue Ridge Textiles Inc,Customer Support,Noah Garcia,Executive Assistant,2024-01-15,2026-07-03,Inactive - Terminated,100076,100380,100336,Customer Support,100392,REF-6146,9348,Delta,5519,2123,637,Delta,Alpha,100771,,Executive Assistant Placement,,,"12,396",No,alex.dorsey@acme-fake.test,*NONE,,Rahul Ashby,101490,Gamma,,100123,127,,,,New,LOT-7862,,101442,Other,,,,Mumbai,100635,,,Delta,100596,,,,,,,,,,101770,,,100343,Involuntary,,Y,Below,Resolved the outstanding question about scope.,Philippines,100226,Placement,100128,,REF-2582,105268,,,Delta,,,100292,
100403,Placement,107859,alex.dorsey@acme-fake.test,Jamie Calder,2025-10-14 13:03:00,mei.haddad@acme-fake.test,Sofia Okafor,2023-07-14 13:50:00,skyler.haddad@demomail.test,Emerson Dorsey,2025-09-02 19:12:00,,,,Y,Avery Nguyen,101733,Keystone Energy Group,Operations,Emerson Brooks,Financial Analyst,2023-12-06,2026-06-26,Inactive,100295,100768,100721,Operations,,REF-9222,530,Beta,3669,250,1950,Other,Other,100400,,Financial Analyst Placement,,100400,"16,954",No,liam.garcia@demomail.test,*NONE,100606,Casey Garcia,101421,Delta,,,,,"2,794",,New,TAG-1724,LOT-2602,101524,Other,,,,Mumbai,100664,,,Other,100579,,,,,,,,,,101661,,Unmet Expectations,100457,Involuntary,100751,,Exceeded,Reviewed performance and gathered feedback.,Australia,100654,Placement,100134,,SKU-1594,105039,,,Beta,,,100432,
100047,Placement,107861,fatima.cohen@demomail.test,Riley Ivanov,2025-09-11 17:22:00,rowan.rossi@examplecorp.test,Mei Ivanov,2022-12-11 05:01:00,arjun.sato@demomail.test,Rahul Brooks,2024-11-06 00:38:00,,,,N,Morgan Mensah,100929,Ironwood Networks Inc,Recruiting,Nina Whitfield,Accountant,2024-04-21,2026-07-03,Inactive - Terminated,,100208,100169,Recruiting,100467,TAG-8158,3961,Delta,717,910,5928,Gamma,Delta,100275,,Accountant Placement,,100747,"4,397",No,noah.blake@examplecorp.test,*NONE,100336,Jordan Blake,101020,Other,,,,,,,New,TAG-9792,SKU-6983,100838,Beta,,,,Denver,100608,,,Gamma,100741,,,,,,,,,,101779,,Relocation,100689,Voluntary,100726,Y,Exceeded,Shared the updated proposal for review.,Mexico,100651,Bench,100660,,TAG-3293,105150,,,Beta,,,100750,
100570,Placement,107863,yara.mensah@examplecorp.test,Omar Reyes,2022-10-25 18:22:00,drew.sloan@acme-fake.test,Liam Kim,2023-03-21 12:53:00,sofia.garcia@sampleco.test,Jordan Dorsey,2023-05-17 04:23:00,,,,N,Jamie Calder,101120,Keystone Ventures,Sales,Yara Blake,Support Specialist,2026-02-17,,Active - Terminated,,100319,100319,Sales,,TAG-5078,4620,Beta,4002,5230,9543,Delta,Beta,100392,,Support Specialist Placement,,,"6,849",Yes,mei.sloan@demomail.test,Copper Labs Co,100398,Skyler Kim,101102,Gamma,,,,,"3,427",,New,SKU-8253,TAG-6942,101059,Gamma,,Alpha,,Chicago,100761,,,Delta,100514,,,,,,,,,,100949,,,100061,Voluntary,100516,,Below,,Australia,100219,Bench,,,LOT-9536,105833,,,Gamma,,,,
100435,Placement,107866,mei.larsson@examplecorp.test,Jamie Garcia,2025-04-09 09:54:00,priya.brooks@examplecorp.test,Marco Sloan,2026-06-01 12:49:00,aisha.whitfield@acme-fake.test,Drew Mensah,2025-04-09 02:33:00,,,,Y,Mei Nguyen,101160,Redwood Health Ltd,Data & Analytics,Quinn Silva,Bookkeeper,2024-06-03,,Active - Terminated,,100601,100753,Data & Analytics,,LOT-6440,8297,Alpha,4738,9780,2845,Gamma,Standard,100003,,Bookkeeper Placement,,100378,"12,010",Yes,mei.larsson@acme-fake.test,*NONE,100365,Chen Dorsey,101630,Beta,,,"1,572",,,,Backfill,TAG-9891,TAG-2502,101050,Other,,,,Mumbai,100469,,,Alpha,100400,,,,,,,,,,101524,,,,Voluntary,100273,Y,,,India,,Bench,100415,,SKU-9179,105866,,,Gamma,,,100019,
100178,Placement,107869,noah.mercer@examplecorp.test,Jordan Whitfield,2025-05-04 16:51:00,chen.kim@acme-fake.test,Riley Haddad,2024-06-06 22:24:00,elena.ivanov@examplecorp.test,Mei Mercer,2026-05-11 06:32:00,,,,N,Skyler Larsson,101347,Harbor Networks,Sales,Taylor Sato,Data Analyst,2023-10-29,,Active - Placed,100236,100239,100490,Sales,100532,REF-4761,5723,Delta,4721,5460,6021,Beta,Gamma,100726,,Data Analyst Placement,,100185,"4,765",Yes,liam.brooks@demomail.test,Vertex Systems Corp,100380,Morgan Calder,100978,Beta,,,,,69,,New,SKU-9424,REF-6342,101628,Beta,,,,Atlanta,100311,,,Standard,100340,,,,,,,,,,100933,,,100648,Involuntary,100362,N,Exceeded,,Canada,,Placement,100181,,SKU-2077,105483,,,Delta,,,100211,
100733,Placement,107871,chen.costa@demomail.test,Omar Kim,2023-04-17 01:19:00,skyler.brooks@examplecorp.test,Diego Larsson,2022-12-15 14:00:00,diego.okafor@acme-fake.test,Quinn Nguyen,2022-12-30 20:32:00,,,,N,Nina Cohen,100963,Atlas Health Group,Data & Analytics,Sofia Ford,Data Analyst,2026-02-10,2026-06-03,Inactive,,100585,100776,Data & Analytics,100403,SKU-2782,8559,Delta,5038,1040,4144,Standard,Gamma,100058,,Data Analyst Placement,,,"15,168",No,rahul.mercer@acme-fake.test,*NONE,100647,Skyler Okafor,101682,Standard,,100451,,,,,New,LOT-9652,SKU-8566,101742,Beta,,Gamma,,Phoenix,100528,,,Other,100009,,,,,,,,,,101281,,,100242,,100652,Y,Exceeded,Scheduled a check-in for the coming month.,Canada,100525,Placement,,,LOT-7617,105005,,,Beta,,,100758,
100667,Placement,107872,alex.haddad@acme-fake.test,Liam Haddad,2023-12-14 00:18:00,riley.rossi@sampleco.test,Aisha Blake,2022-12-09 08:30:00,jordan.patel@demomail.test,Drew Reyes,2023-11-28 10:09:00,,,,N,Aisha Sloan,100926,Northwind Health Inc,Software Engineering,Riley Haddad,Customer Success Manager,2025-04-22,2026-07-04,Inactive,100710,100022,100257,Software Engineering,,SKU-4556,2149,Standard,9481,231,3981,Gamma,Delta,100139,,Customer Success Manager Placement,,,"17,871",No,rowan.larsson@sampleco.test,*NONE,100423,Noah Dorsey,101551,Gamma,,,,,,,Backfill,TAG-4775,TAG-7375,101175,Beta,,,,Seattle,100246,,,Gamma,100747,,,,,,,,,,100834,,Project Ended,100252,,100421,Y,Exceeded,Reviewed performance and gathered feedback.,Mexico,,Placement,,,SKU-6601,105236,,,Alpha,,,100079,
100418,Placement,107875,avery.silva@sampleco.test,Priya Dorsey,2024-10-19 23:03:00,jordan.ford@examplecorp.test,Avery Ford,2023-06-22 18:05:00,chen.patel@examplecorp.test,Morgan Sloan,2023-01-27 14:33:00,,,,Y,Quinn Sloan,101165,Falcon Partners Corp,Software Engineering,Marco Cohen,Bookkeeper,2025-12-11,,Active - Placed,,100328,100152,Software Engineering,100028,REF-2729,6257,Standard,953,7200,449,Gamma,Delta,100449,,Bookkeeper Placement,,,"7,348",Yes,quinn.calder@acme-fake.test,Meridian Energy Ltd,100472,Emerson Mensah,101429,Other,,100771,,,,,Backfill,LOT-6286,LOT-2032,101187,Standard,,,,Chicago,100675,,,Standard,100307,,,,,,,,,,101406,,,100054,Voluntary,100490,Y,Below,,Philippines,,Placement,,,LOT-4821,105064,,,Delta,,,100201,
100082,Placement,107878,noah.whitfield@demomail.test,Priya Blake,2025-10-04 21:52:00,aisha.ivanov@sampleco.test,Drew Sato,2024-02-04 20:30:00,drew.costa@sampleco.test,Noah Brooks,2022-12-20 10:38:00,,,,Y,Diego Okafor,101632,Granite Labs Group,Customer Support,Yara Mensah,Project Manager,2025-11-25,,Active - Placed,,100745,100038,Customer Support,,TAG-3236,6724,Alpha,4513,1597,8631,Other,Delta,100449,,Project Manager Placement,,,,Yes,elena.cohen@demomail.test,*NONE,100236,Noah Brooks,100893,Other,,100475,,,,,New,SKU-3685,TAG-6911,101023,Gamma,,,,Phoenix,100300,,,Delta,100512,,,,,,,,,,101319,,,100115,,,Y,Below,,Australia,100762,Direct Hire,100495,,LOT-5885,106544,,,Gamma,,,100509,
100678,Placement,107879,diego.ashby@acme-fake.test,Omar Sloan,2023-04-25 00:37:00,emerson.rossi@sampleco.test,Priya Garcia,2023-07-30 01:21:00,chen.costa@examplecorp.test,Quinn Silva,2024-07-06 06:22:00,,,,Y,Jordan Dorsey,101418,Blue Ridge Health Group,Operations,Sofia Sato,Financial Analyst,2025-08-26,,Active - Placed,,100031,100407,Operations,100665,LOT-3772,2101,Beta,920,4925,1114,Alpha,Gamma,100076,,Financial Analyst Placement,,,"11,096",No,nina.calder@demomail.test,*NONE,100535,Rowan Nguyen,101235,Beta,,,,,,,New,LOT-9936,SKU-4311,101658,Alpha,,,,Seattle,100578,,,Gamma,100606,,,,,,,,,,101415,,,100068,Voluntary,100157,Y,Below,,Mexico,100627,Bench,,,LOT-5227,105787,,,Other,,,100564,
100768,Placement,107882,fatima.cohen@examplecorp.test,Riley Larsson,2024-03-14 22:58:00,rowan.whitfield@demomail.test,Elena Silva,2024-03-16 22:06:00,skyler.mensah@acme-fake.test,Avery Dorsey,2023-01-13 12:29:00,,,,Y,Rahul Brooks,101439,Summit Networks,Finance,Taylor Mercer,HR Generalist,2023-06-28,,Active - Placed,100694,100667,100643,Finance,100142,TAG-9340,4032,Alpha,9309,5271,6556,Delta,Delta,100031,,HR Generalist Placement,,,"7,352",Yes,aisha.garcia@demomail.test,Harbor Industries Inc,100461,Diego Sloan,100933,Delta,,100188,"1,532",,,,New,SKU-8019,TAG-2659,101133,Standard,,,,Atlanta,100071,,,Gamma,100029,,,,,,,,,,101177,,,100042,Voluntary,,Y,Exceeded,,Germany,100203,Trial,,,SKU-4328,105292,,,Other,,,100210,
100401,Placement,107885,yara.mercer@sampleco.test,Chen Mercer,2024-05-07 19:06:00,liam.costa@demomail.test,Casey Blake,2026-02-02 15:46:00,rowan.reyes@sampleco.test,Chen Mensah,2024-01-08 02:19:00,,,,N,Alex Vance,101272,Brightpath Logistics,Marketing,Chen Calder,Payroll Specialist,2024-01-20,,Active - Placed,,100256,100361,Marketing,100147,REF-7199,6071,Delta,1490,404,1167,Alpha,Beta,100073,,Payroll Specialist Placement,,100721,"13,390",No,riley.ashby@examplecorp.test,*NONE,100200,Rahul Sato,101575,Beta,,100400,,,,,New,SKU-6720,TAG-1829,101059,Gamma,4260,,,Seattle,100007,,,Alpha,100552,,,,,,,,,,101545,,,100145,Involuntary,100115,,Met Expectations,,Australia,100005,Placement,100134,,TAG-1592,105390,,,Gamma,,,100561,
100412,Placement,107888,sofia.vance@acme-fake.test,Riley Patel,2025-10-25 17:53:00,jordan.reyes@acme-fake.test,Liam Blake,2023-11-14 10:16:00,noah.okafor@acme-fake.test,Noah Ivanov,2024-08-29 19:27:00,,,,N,Arjun Reyes,101552,Northwind Financial,Data & Analytics,Fatima Sloan,Marketing Coordinator,2024-11-09,,Active - Placed,,100404,100579,Data & Analytics,,LOT-6996,9243,Beta,1706,7383,7831,Standard,Beta,100572,,Marketing Coordinator Placement,,,"3,465",Yes,nina.garcia@acme-fake.test,*NONE,,Omar Patel,101444,Alpha,,,,,,,New,TAG-8166,TAG-3901,101719,Gamma,,,,Chicago,100446,,,Beta,100747,,,,,,,,,,100909,,,100291,,100031,N,Below,,Mexico,,Trial,,,REF-3929,105720,,,Delta,,,,
100535,Placement,107891,fatima.nguyen@acme-fake.test,Rowan Rossi,2024-08-22 07:46:00,rowan.cohen@demomail.test,Liam Calder,2025-02-23 16:30:00,emerson.ivanov@examplecorp.test,Jamie Ford,2025-02-21 14:57:00,,,,N,Jordan Sloan,101405,Summit Group Group,Sales,Sofia Kim,HR Generalist,2025-10-27,,Active - Placed,100385,100277,100590,Sales,100496,SKU-9369,8449,Gamma,703,8037,2359,Alpha,Beta,100467,,HR Generalist Placement,,,"11,470",Yes,priya.dorsey@examplecorp.test,*NONE,100462,Sofia Calder,101388,Standard,,100743,,,,,New,,,101285,Delta,,,,London,100574,,,Standard,100139,,,,,,,,,,101249,,,100378,Voluntary,100021,,,,United Kingdom,100747,Placement,100627,,LOT-2324,105551,,,Standard,,,,
100407,Placement,107894,casey.larsson@examplecorp.test,Rowan Dorsey,2025-06-26 16:51:00,sofia.sato@sampleco.test,Taylor Whitfield,2023-01-02 18:49:00,casey.cohen@demomail.test,Quinn Dorsey,2026-06-13 23:26:00,,,,Y,Emerson Haddad,101700,Blue Ridge Media Co,Software Engineering,Riley Nguyen,Bookkeeper,2025-09-30,2026-06-19,Inactive - Terminated,,100762,100585,Software Engineering,,TAG-2572,6666,Alpha,5722,898,1365,Delta,Delta,100383,,Bookkeeper Placement,,100758,"12,234",No,liam.patel@examplecorp.test,*NONE,100496,Noah Cohen,101575,Beta,,100493,,,,,Backfill,REF-3133,TAG-2828,101716,Delta,,,,Bengaluru,100277,,,Delta,100629,,,,,,,,,,101753,,,100009,Voluntary,100786,Y,,Resolved the outstanding question about scope.,United States,100724,Placement,,,SKU-6794,105164,,,Gamma,,,100120,
100335,Placement,107896,priya.brooks@sampleco.test,Marco Kim,2024-08-31 01:39:00,sofia.larsson@demomail.test,Riley Calder,2025-05-14 16:35:00,omar.ashby@acme-fake.test,Mei Cohen,2025-10-01 15:16:00,,,,N,Aisha Silva,101308,Cardinal Retail,Accounting,Yara Vance,Payroll Specialist,2024-01-27,,Active - Placed,100593,100355,100507,Accounting,100643,LOT-4225,157,Delta,3535,6768,1110,Delta,Gamma,100576,,Payroll Specialist Placement,,,"11,306",Yes,omar.mensah@examplecorp.test,Delta Group LLC,100471,Marco Reyes,100935,Alpha,,100582,,,,,New,LOT-2146,SKU-2746,100994,Delta,,,,Austin,100055,,,Delta,100550,,,,,,,,,,101383,,,,Voluntary,100678,N,,,India,,Trial,100460,,TAG-6685,105418,,,Alpha,,,,
100050,Placement,107899,riley.rossi@demomail.test,Casey Mercer,2024-02-11 23:31:00,taylor.ashby@sampleco.test,Skyler Garcia,2024-08-04 10:57:00,morgan.ford@acme-fake.test,Riley Brooks,2022-11-09 14:23:00,,,,N,Jordan Blake,101628,Blue Ridge Holdings LLC,Sales,Taylor Blake,Project Manager,2024-06-30,,Active - Placed,100328,100638,100188,Sales,100319,REF-5081,2672,Beta,4123,4955,5291,Delta,Delta,100236,,Project Manager Placement,,100650,"13,421",No,taylor.calder@examplecorp.test,Horizon Group LLC,100023,Liam Ashby,100998,Standard,,100487,,,,,Backfill,SKU-4637,SKU-6971,101021,Beta,,,,Denver,100714,,,Alpha,100120,,,,,,,,,,101162,,,100632,Involuntary,100062,N,,,Philippines,100128,Bench,100357,,TAG-5433,104920,,,Beta,,,,
100790,Placement,107902,riley.larsson@demomail.test,Alex Larsson,2026-05-08 19:00:00,liam.reyes@acme-fake.test,Arjun Garcia,2023-10-02 17:29:00,casey.costa@sampleco.test,Mei Okafor,2023-12-26 05:07:00,,,,Y,Reese Blake,100838,Cardinal Capital LLP,Marketing,Priya Sato,Operations Associate,2024-07-21,,Active - Placed,,100332,100762,Marketing,100542,TAG-4042,7933,Other,109,1147,7214,Other,Gamma,100380,,Operations Associate Placement,,100785,"4,003",No,arjun.vance@examplecorp.test,*NONE,,Diego Whitfield,100949,Other,,100203,,,,,New,LOT-4551,REF-6747,101032,Standard,,,,Phoenix,100188,,,Delta,100396,,,,,,,,,,100890,,,100339,Involuntary,100065,N,Below,,Germany,100432,Bench,,,LOT-5549,106576,,,Other,,,100311,
100149,Placement,107904,diego.dorsey@examplecorp.test,Chen Cohen,2023-07-23 20:59:00,jamie.cohen@demomail.test,Noah Silva,2023-10-17 22:41:00,avery.blake@sampleco.test,Yara Ford,2024-04-12 18:33:00,,,,Y,Marco Vance,101542,Copper Logistics Ltd,Marketing,Reese Larsson,Accountant,2025-05-27,,Active - Placed,,100221,100753,Marketing,,LOT-3461,2813,Delta,2698,8385,8795,Beta,Alpha,100178,,Accountant Placement,,100375,"11,923",No,mei.reyes@sampleco.test,*NONE,100217,Alex Sloan,101027,,,,,,,,New,SKU-4990,,101252,Other,,,,Toronto,100378,,,Gamma,100257,,,,,,,,,,101791,,,100435,Involuntary,100568,N,,,India,100519,Trial,,,TAG-3951,105483,,,Other,,,100688,
100785,Placement,107907,liam.okafor@demomail.test,Omar Mercer,2023-03-02 04:02:00,diego.sloan@sampleco.test,Quinn Garcia,2023-12-09 11:06:00,reese.costa@acme-fake.test,Drew Mensah,2024-12-10 11:29:00,,,,N,Sofia Cohen,101002,Cobalt Partners Group,Customer Support,Aisha Patel,QA Engineer,2025-12-02,,Active - Placed,100418,100791,100204,Customer Support,100137,SKU-7508,3006,Other,5570,1114,5196,Delta,Beta,100552,,QA Engineer Placement,,100028,"7,740",No,rowan.haddad@examplecorp.test,*NONE,100401,Rahul Silva,101176,Beta,,100651,,,"2,243",,New,REF-1009,,101523,Delta,,,,London,100372,,,Delta,100205,,,,,,,,,,101121,,,100031,Voluntary,,,Exceeded,,Canada,,Direct Hire,,,REF-8171,104964,,,Other,,,,
100651,Placement,107909,diego.vance@sampleco.test,Rowan Whitfield,2026-06-30 18:27:00,avery.kim@examplecorp.test,Liam Ivanov,2025-08-24 07:38:00,chen.garcia@sampleco.test,Casey Rossi,2023-08-13 01:07:00,,,,N,Priya Mercer,101159,Northwind Ventures Co,Customer Support,Morgan Nguyen,Data Analyst,2026-03-21,,Active - Placed,100038,100021,100507,Customer Support,100153,LOT-5257,140,Alpha,8990,3387,2377,Gamma,Alpha,100058,,Data Analyst Placement,,100094,"8,236",No,casey.ivanov@demomail.test,*NONE,100378,Chen Silva,100981,Alpha,,100457,"1,361",,"4,933",,Backfill,REF-5586,TAG-5841,101679,Beta,,,,Manila,100328,,,Gamma,100468,,,,,,,,,,101694,,,,Involuntary,100161,N,Exceeded,,India,100554,Placement,,,TAG-7070,105306,,,Standard,,,,
100779,Placement,107911,avery.ivanov@examplecorp.test,Jamie Kim,2025-06-24 06:28:00,rowan.dorsey@demomail.test,Diego Haddad,2025-05-29 12:16:00,jordan.mercer@examplecorp.test,Quinn Mercer,2023-03-23 03:22:00,,,,Y,Alex Nguyen,101736,Everest Textiles Corp,Customer Support,Riley Brooks,Operations Associate,2025-12-24,2026-06-26,Inactive,,100200,100299,Customer Support,,SKU-6409,9813,Alpha,8021,5529,6217,Other,Gamma,100528,,Operations Associate Placement,,100109,"1,552",No,avery.dorsey@examplecorp.test,*NONE,,Elena Ashby,101638,Standard,,100688,328,,,,New,SKU-3464,TAG-8305,101393,Standard,,,,London,100565,,,Alpha,100005,,,,,,,,,,101054,,Converted to Direct Hire,100664,Voluntary,100217,Y,Below,Noted a concern to revisit at the next sync.,Philippines,,Trial,100210,,SKU-6319,105027,,,Gamma,,,,
100671,Placement,107912,fatima.kim@demomail.test,Emerson Nguyen,2024-10-07 06:31:00,fatima.nguyen@demomail.test,Casey Blake,2023-03-17 14:30:00,rowan.rossi@acme-fake.test,Quinn Costa,2023-07-13 09:47:00,,,,Y,Rowan Ford,101760,Keystone Foods LLC,Accounting,Emerson Whitfield,Data Analyst,2024-08-19,,Active - Placed,,100414,100003,Accounting,,LOT-6574,8322,Standard,6560,384,4714,Other,Beta,100776,,Data Analyst Placement,,,"11,336",Yes,fatima.patel@sampleco.test,*NONE,100512,Avery Larsson,101371,Alpha,,100398,,,"2,926",,Backfill,SKU-8119,SKU-5048,101308,Delta,,,,Dallas,100776,,,Delta,100645,,,,,,,,,,101090,,,100215,Voluntary,100028,Y,Exceeded,,Australia,100532,Bench,100193,,LOT-8120,105933,,,Standard,,,100275,
100319,Placement,107913,emerson.rossi@acme-fake.test,Emerson Rossi,2026-03-22 11:52:00,avery.sato@examplecorp.test,Sofia Sato,2025-02-22 10:47:00,skyler.ford@acme-fake.test,Skyler Mercer,2026-03-12 23:05:00,,,,N,Sofia Haddad,100819,Delta Manufacturing Inc,Customer Support,Taylor Kim,Customer Success Manager,2024-11-10,,Active - Placed,100168,100392,100578,Customer Support,100565,TAG-4738,3232,Gamma,2716,6943,5022,Alpha,Delta,100759,,Customer Success Manager Placement,,100732,"13,323",Yes,jamie.sloan@demomail.test,*NONE,,Yara Mercer,100953,Delta,,,,,,,New,SKU-1261,,101575,Alpha,,,,Denver,100315,,,Alpha,100761,,,,,,,,,,100908,,,100236,,100077,Y,,,United States,,Direct Hire,,,SKU-7501,106414,,,Gamma,,,,
100233,Placement,107915,mei.haddad@sampleco.test,Elena Calder,2024-04-02 19:07:00,mei.vance@examplecorp.test,Nina Costa,2023-04-27 04:46:00,arjun.patel@examplecorp.test,Liam Costa,2025-08-31 19:18:00,,,,N,Priya Cohen,101200,Falcon Ventures Group,Marketing,Rowan Vance,Operations Associate,2025-11-28,2026-06-04,Inactive,,100565,100055,Marketing,,REF-6564,1402,Standard,9917,9117,9845,Beta,Delta,100106,,Operations Associate Placement,,100718,"10,603",No,yara.larsson@acme-fake.test,*NONE,,Rowan Sato,101645,Gamma,,100601,,,,,New,REF-4042,REF-6243,101658,Other,,,,Atlanta,100299,,,Alpha,100217,,,,,,,,,,100920,,Relocation,100445,,100761,,Exceeded,Reviewed performance and gathered feedback.,Australia,100295,Backfill,100651,,TAG-4445,105212,,,Delta,,,100552,
100359,Placement,107918,jamie.patel@demomail.test,Liam Vance,2024-07-25 15:06:00,chen.costa@acme-fake.test,Riley Sato,2024-06-27 03:50:00,jamie.dorsey@demomail.test,Aisha Blake,2023-05-04 06:30:00,,,,Y,Rahul Ford,101770,Delta Financial Inc,Operations,Casey Rossi,QA Engineer,2023-05-24,2026-07-29,Inactive,100471,100208,100535,Operations,,TAG-8681,6768,Standard,5976,6673,3756,Standard,Delta,100079,,QA Engineer Placement,,,"7,393",Yes,elena.kim@examplecorp.test,*NONE,100660,Mei Nguyen,100944,Other,,,,,,,Backfill,SKU-4820,REF-7629,101572,Delta,,,,Phoenix,100147,,,Alpha,100535,,,,,,,,,,101018,,,100554,Involuntary,100596,Y,Below,Shared the updated proposal for review.,United Kingdom,100203,Direct Hire,,,TAG-6227,105274,,,Gamma,,,,
100012,Placement,107921,yara.brooks@sampleco.test,Priya Sato,2024-10-12 12:18:00,jordan.mercer@acme-fake.test,Emerson Cohen,2025-03-12 04:19:00,liam.sato@examplecorp.test,Skyler Reyes,2026-03-30 17:14:00,,,,Y,Reese Calder,101340,Silverline Ventures Corp,Software Engineering,Priya Costa,Customer Success Manager,2023-05-12,2026-07-25,Inactive,100565,100362,100465,Software Engineering,,REF-3043,8606,Other,3919,2380,4989,Gamma,Gamma,100016,,Customer Success Manager Placement,,,"5,856",No,elena.sato@demomail.test,*NONE,100689,Rahul Silva,101205,Delta,,100065,,,,,New,TAG-5971,LOT-2172,101605,Delta,,,,Austin,100484,,,Standard,100429,,,,,,,,,,101225,,Performance,100383,Voluntary,100718,,Met Expectations,Followed up on the open items from last week.,Philippines,100683,Placement,,,REF-2548,105915,,,Beta,,,100587,
100707,Placement,107922,nina.nguyen@demomail.test,Diego Dorsey,2026-04-12 15:45:00,rowan.vance@sampleco.test,Mei Blake,2025-04-13 05:30:00,omar.costa@examplecorp.test,Jamie Costa,2025-07-29 06:06:00,,,,N,Aisha Garcia,101401,Atlas Energy LLP,Recruiting,Reese Kim,Software Developer,2023-11-04,2026-06-30,Inactive,100691,100428,100286,Recruiting,100348,SKU-9926,5518,Standard,4217,8334,1452,Alpha,Gamma,100231,,Software Developer Placement,,,"6,117",Yes,priya.ivanov@demomail.test,Granite Labs LLC,,Arjun Mensah,101287,Alpha,,100739,"1,203",,,,New,TAG-3705,,101698,Standard,,,,Seattle,100028,,,Standard,100512,,,,,,,,,,101190,,Converted to Direct Hire,100253,,100538,N,Met Expectations,Noted a concern to revisit at the next sync.,United Kingdom,100194,Bench,100185,,LOT-9456,105353,,,Beta,,,100471,
100475,Placement,107923,aisha.mensah@sampleco.test,Marco Sloan,2024-09-22 12:01:00,rowan.patel@sampleco.test,Drew Mercer,2024-05-03 17:06:00,casey.okafor@acme-fake.test,Elena Sato,2023-12-04 11:18:00,,,,Y,Yara Ashby,101201,Ironwood Financial Co,Data & Analytics,Sofia Larsson,Executive Assistant,2025-08-19,,Active - Placed,,100786,100771,Data & Analytics,100369,REF-2384,1573,Standard,6978,6371,3935,Other,Gamma,100087,,Executive Assistant Placement,,,"11,662",No,jamie.sloan@demomail.test,*NONE,,Sofia Sloan,100834,Standard,,100352,"1,613",,,,New,LOT-7268,,101128,Delta,64,,,Bengaluru,100688,,,Alpha,100217,,,,,,,,,,101770,,,100343,Voluntary,100569,Y,,,Canada,,Placement,,,LOT-3865,106001,,,Beta,,,100087,
100389,Placement,107925,skyler.sato@demomail.test,Arjun Garcia,2025-11-22 10:29:00,alex.rossi@acme-fake.test,Morgan Larsson,2024-07-28 15:36:00,casey.vance@demomail.test,Taylor Ford,2026-04-04 21:04:00,,,,N,Chen Nguyen,100957,Meridian Robotics,Customer Support,Aisha Blake,Bookkeeper,2025-05-16,2026-06-13,Inactive,,100205,100068,Customer Support,,SKU-6262,9771,Beta,6716,1768,894,Gamma,Gamma,100288,,Bookkeeper Placement,,100385,"1,598",No,avery.costa@demomail.test,*NONE,,Alex Brooks,101246,Delta,,100014,,,"4,236",,New,REF-6332,TAG-5038,101361,Beta,,,,Denver,100696,,,Gamma,100054,,,,,,,,,,101776,,Unmet Expectations,100172,Involuntary,100162,N,Met Expectations,Shared the updated proposal for review.,Mexico,,Placement,100014,,LOT-1944,105072,,,Gamma,,,100309,
100053,Placement,107926,liam.ford@examplecorp.test,Aisha Dorsey,2024-07-29 01:32:00,quinn.silva@sampleco.test,Jamie Costa,2024-09-11 16:43:00,emerson.larsson@sampleco.test,Emerson Vance,2023-10-02 01:21:00,,,,N,Quinn Haddad,100953,Horizon Health,Human Resources,Casey Sloan,Bookkeeper,2023-09-27,,Active - Placed,100503,100678,100587,Human Resources,100768,LOT-3726,8223,Standard,8788,8149,8373,Gamma,Standard,100079,,Bookkeeper Placement,,100578,"3,201",No,reese.patel@acme-fake.test,*NONE,,Riley Reyes,101652,Alpha,,100009,,,,,Backfill,LOT-5558,LOT-1039,101733,Other,,,,Atlanta,100366,,,Delta,100476,,,,,,,,,,101753,,,100454,,100168,N,,,Mexico,,Placement,100355,,REF-1868,105609,,,Gamma,,,100790,
100528,Placement,107928,emerson.mercer@acme-fake.test,Emerson Cohen,2024-02-24 14:25:00,casey.okafor@acme-fake.test,Liam Garcia,2025-10-16 06:21:00,riley.vance@sampleco.test,Avery Okafor,2022-12-19 22:25:00,,,,N,Liam Larsson,101009,Silverline Foods Ltd,Recruiting,Elena Brooks,Data Analyst,2025-03-04,2026-06-15,Inactive - Terminated,100055,100673,100339,Recruiting,100325,SKU-6109,689,Delta,228,2627,917,Delta,Gamma,100350,,Data Analyst Placement,,100046,"2,896",No,elena.reyes@acme-fake.test,*NONE,,Rahul Larsson,100867,Beta,,,,,,,New,LOT-8106,,100953,Standard,,,,Phoenix,100442,,,Beta,100361,,,,,,,,,,101395,,Project Ended,100330,Involuntary,,N,Exceeded,Followed up on the open items from last week.,United Kingdom,100100,Placement,,,SKU-8840,106551,,,Standard,,,,
100740,Placement,107930,marco.whitfield@acme-fake.test,Nina Calder,2023-07-20 04:41:00,priya.garcia@demomail.test,Alex Ford,2023-06-27 13:21:00,quinn.sato@demomail.test,Rahul Brooks,2024-11-18 09:40:00,,,,Y,Jordan Okafor,100975,Atlas Health Group,Customer Support,Jamie Ivanov,Data Analyst,2025-10-09,2026-07-29,Inactive,,100133,100199,Customer Support,100660,LOT-6962,238,Other,3822,9942,1377,Gamma,Delta,100601,,Data Analyst Placement,,,,No,fatima.haddad@acme-fake.test,Summit Labs Inc,100672,Diego Okafor,101178,Beta,,100165,"1,604",,"1,119",,Backfill,SKU-2005,LOT-7384,100873,Standard,,,,Mumbai,100191,,,Alpha,100519,,,,,,,,,,101655,,Project Ended,100691,,100403,Y,,Scheduled a check-in for the coming month.,Mexico,100300,Direct Hire,100221,,TAG-1571,105022,,,Standard,,,,
100593,Placement,107933,alex.sato@acme-fake.test,Noah Rossi,2026-05-02 01:22:00,morgan.nguyen@acme-fake.test,Yara Kim,2025-11-21 02:38:00,rahul.rossi@demomail.test,Arjun Vance,2026-05-20 02:07:00,,,,Y,Marco Mercer,100984,Delta Ventures,Operations,Casey Sato,Payroll Specialist,2024-04-11,2026-06-03,Inactive - Terminated,100635,100086,100232,Operations,,SKU-6427,6884,Standard,6474,5092,122,Standard,Alpha,100469,,Payroll Specialist Placement,,,"7,130",Yes,fatima.sloan@demomail.test,*NONE,100466,Jordan Costa,101000,Alpha,,100516,,,,,Backfill,REF-4150,REF-9012,101341,Other,,,,Bengaluru,100587,,,Standard,100403,,,,,,,,,,101180,,Converted to Direct Hire,100043,,100643,Y,,Aligned on billing and renewal terms.,Canada,,Placement,,,SKU-4384,105740,,,Beta,,,,
100339,Placement,107936,jordan.ashby@acme-fake.test,Sofia Blake,2023-05-11 06:18:00,marco.silva@acme-fake.test,Mei Costa,2024-09-08 12:29:00,emerson.mensah@examplecorp.test,Noah Mercer,2024-03-31 12:10:00,,,,Y,Aisha Kim,101328,Cobalt Systems,Customer Support,Yara Blake,Software Developer,2023-08-21,2026-07-30,Inactive - Terminated,100028,100325,100457,Customer Support,100055,LOT-3676,7225,Alpha,4854,7828,4995,Delta,Gamma,100165,,Software Developer Placement,,,"3,664",No,emerson.whitfield@examplecorp.test,Northwind Networks Co,100525,Jordan Haddad,101331,Delta,,,,,,,New,LOT-2138,TAG-5000,100981,Alpha,,,,Atlanta,100753,,,Other,100476,,,,,,,,,,101149,,Unmet Expectations,100540,,100053,N,,Followed up on the open items from last week.,United States,100713,Placement,,,TAG-5629,106517,,,Gamma,,,100691,
100401,Placement,107938,arjun.blake@sampleco.test,Casey Okafor,2022-11-08 11:01:00,liam.ford@demomail.test,Arjun Cohen,2025-04-07 19:07:00,quinn.calder@examplecorp.test,Elena Patel,2023-04-05 21:03:00,,,,Y,Casey Nguyen,101590,Ironwood Robotics LLC,Human Resources,Drew Haddad,Accountant,2025-10-24,,Active - Terminated,,100721,100315,Human Resources,,TAG-2212,2732,Gamma,6271,7644,1311,Other,Alpha,100355,,Accountant Placement,,100115,"13,838",Yes,alex.vance@demomail.test,Falcon Retail,100322,Liam Haddad,100820,Alpha,,100680,"1,741",,"1,649",,Backfill,LOT-8454,REF-5736,101220,Other,,,,Manila,100286,,,Standard,100203,,,,,,,,,,101296,,,,Involuntary,100758,Y,Below,,Germany,100100,Placement,100345,,TAG-7491,106364,,,Delta,,,100604,
100509,Placement,107939,sofia.sloan@examplecorp.test,Chen Rossi,2025-12-25 16:37:00,noah.brooks@demomail.test,Nina Silva,2023-12-16 10:49:00,avery.rossi@examplecorp.test,Yara Costa,2025-09-28 06:39:00,,,,Y,Diego Mercer,101076,Northwind Robotics Group,Customer Support,Avery Rossi,Software Developer,2023-07-07,2026-06-18,Inactive,,100469,100743,Customer Support,100495,LOT-4286,437,Other,7153,3043,8635,Other,Alpha,100471,,Software Developer Placement,,,"5,601",No,nina.silva@examplecorp.test,Redwood Group Group,100042,Sofia Calder,100809,Beta,,100012,"1,332",,,,New,REF-5134,LOT-9533,101265,Alpha,,,,Chicago,100714,,,Standard,100125,,,,,,,,,,101755,,Unmet Expectations,100478,,100277,Y,,Resolved the outstanding question about scope.,Australia,,Placement,100590,,REF-5906,105504,,,Gamma,,,100083,
100142,Placement,107941,elena.silva@acme-fake.test,Riley Sato,2025-11-15 07:58:00,taylor.brooks@demomail.test,Quinn Nguyen,2023-11-12 06:22:00,casey.patel@examplecorp.test,Diego Kim,2023-02-07 07:50:00,,,,Y,Sofia Garcia,101165,Delta Industries LLP,Recruiting,Marco Patel,Software Developer,2025-05-05,,Active - Placed,100325,100494,100185,Recruiting,100713,SKU-3943,7126,Standard,2238,1336,3831,Gamma,Standard,100568,,Software Developer Placement,,,"14,453",No,diego.kim@demomail.test,*NONE,100747,Liam Reyes,101604,Beta,,,,,,,Backfill,LOT-3424,,101182,Delta,,,,Denver,100185,,,Standard,100273,,,,,,,,,,100908,,,100787,,100700,N,,,Canada,100194,Placement,,,REF-9827,105711,,,Gamma,,,100696,
100393,Placement,107944,reese.larsson@examplecorp.test,Jamie Larsson,2023-05-22 21:10:00,nina.dorsey@acme-fake.test,Yara Mensah,2024-04-18 20:55:00,taylor.ford@acme-fake.test,Casey Larsson,2024-03-29 17:46:00,,,,N,Casey Sato,101156,Keystone Financial LLP,Operations,Alex Brooks,Payroll Specialist,2025-06-06,2026-07-29,Inactive,,100014,100582,Operations,,LOT-4143,5126,Delta,1282,7260,721,Gamma,Alpha,100211,,Payroll Specialist Placement,,,"4,127",Yes,quinn.cohen@acme-fake.test,*NONE,,Noah Mensah,101524,Delta,,100016,,,,,Backfill,TAG-5618,LOT-7697,101065,Delta,,,,Phoenix,100315,,,Delta,100295,,,,,,,,,,101012,,,100348,Involuntary,100468,Y,Exceeded,Reviewed performance and gathered feedback.,Australia,100707,Backfill,100478,,LOT-5354,105249,,,Beta,,,,
100493,Placement,107945,jamie.garcia@demomail.test,Emerson Haddad,2024-09-11 01:27:00,rowan.costa@acme-fake.test,Noah Garcia,2023-05-25 02:07:00,mei.whitfield@sampleco.test,Nina Cohen,2022-12-01 01:20:00,,,,Y,Alex Sato,101160,Ironwood Ventures Inc,Accounting,Riley Brooks,Executive Assistant,2024-07-22,,Active - Placed,,100519,100651,Accounting,100079,LOT-1184,8175,Delta,4722,6491,7184,Standard,Standard,100264,,Executive Assistant Placement,,100671,"8,192",Yes,jamie.garcia@sampleco.test,*NONE,100092,Noah Larsson,101143,Other,,100403,,,184,,Backfill,REF-5789,SKU-5673,101383,Other,,,,Phoenix,100469,,,Gamma,100134,,,,,,,,,,101645,,,100721,,100699,N,Met Expectations,,United States,100404,Bench,100775,,REF-2837,105178,,,Alpha,,,,
100219,Placement,107948,quinn.ford@demomail.test,Emerson Ashby,2022-11-17 15:48:00,riley.sato@examplecorp.test,Alex Ford,2024-12-30 21:38:00,omar.patel@demomail.test,Casey Dorsey,2023-05-24 05:09:00,,,,N,Chen Larsson,100940,Northwind Partners Inc,Data & Analytics,Rahul Ivanov,Support Specialist,2023-10-30,2026-06-21,Inactive - Terminated,,100596,100298,Data & Analytics,100038,LOT-8388,9324,Alpha,4921,6176,1211,Gamma,Gamma,100012,,Support Specialist Placement,,,"14,715",No,aisha.blake@sampleco.test,Cobalt Health LLP,,Yara Silva,101721,Beta,,100458,,,,,New,LOT-6278,SKU-3625,101264,Standard,,,,Austin,100204,,,Alpha,100277,,,,,,,,,,101234,,Converted to Direct Hire,100298,Voluntary,100205,Y,Met Expectations,Noted a concern to revisit at the next sync.,Mexico,100471,Placement,100380,,REF-3844,105855,,,Gamma,,,100616,
100065,Placement,107949,diego.whitfield@demomail.test,Noah Ford,2023-06-02 04:00:00,jordan.rossi@sampleco.test,Liam Reyes,2022-10-27 10:42:00,casey.calder@examplecorp.test,Emerson Sato,2024-07-13 17:02:00,,,,Y,Priya Mensah,101501,Horizon Health Corp,Data & Analytics,Riley Silva,Support Specialist,2023-05-31,2026-06-19,Inactive,100619,100375,100457,Data & Analytics,,SKU-3869,8426,Gamma,3480,5390,4516,Standard,Gamma,100713,,Support Specialist Placement,,,"2,503",No,riley.okafor@examplecorp.test,*NONE,100578,Mei Vance,101027,Standard,,100758,,,"1,082",,Backfill,LOT-9490,LOT-5803,101739,Gamma,,,,Atlanta,100267,,,Gamma,100500,,,,,,,,,,101211,,Budget Cut,100155,,100247,,Met Expectations,Resolved the outstanding question about scope.,United States,100226,Bench,,,REF-9086,106646,,,Standard,,,100246,
100065,Placement,107950,quinn.mensah@demomail.test,Jordan Haddad,2023-11-26 05:56:00,quinn.brooks@sampleco.test,Omar Calder,2026-03-27 09:24:00,arjun.patel@demomail.test,Skyler Ashby,2026-01-31 12:49:00,,,,Y,Drew Cohen,101472,Granite Textiles Corp,Sales,Aisha Kim,QA Engineer,2024-02-13,,Active - Placed,100596,100439,100332,Sales,100320,SKU-7875,4591,Delta,5617,4475,8739,Beta,Gamma,100469,,QA Engineer Placement,,100758,"7,660",Yes,avery.silva@sampleco.test,Redwood Dynamics Co,,Quinn Ford,101185,Gamma,,100432,,,,,New,LOT-7201,REF-4961,101542,Standard,,,,Austin,100244,,,Alpha,100717,,,,,,,,,,100849,,,100552,Involuntary,100493,Y,Below,,India,100117,Direct Hire,100514,,SKU-5789,106061,,,Delta,,,100739,
100590,Placement,107953,casey.brooks@sampleco.test,Omar Kim,2024-03-11 10:25:00,yara.whitfield@sampleco.test,Drew Sloan,2023-05-29 16:57:00,taylor.ivanov@demomail.test,Omar Calder,2024-11-01 07:01:00,,,,Y,Riley Kim,100819,Falcon Media LLC,Marketing,Alex Haddad,Bookkeeper,2025-04-02,2026-06-27,Inactive,100664,100233,100457,Marketing,100389,SKU-5308,9085,Alpha,149,5079,6145,Standard,Beta,100014,,Bookkeeper Placement,,,"7,318",No,avery.ivanov@acme-fake.test,*NONE,100732,Jamie Cohen,101359,Gamma,,100040,,,"1,546",,New,TAG-8587,SKU-5246,100975,Alpha,,,,Chicago,100226,,,Beta,100639,,,,,,,,,,100997,,Converted to Direct Hire,100396,Voluntary,100750,Y,Met Expectations,Shared the updated proposal for review.,Philippines,100438,Placement,,,LOT-7479,104918,,,Gamma,,,100441,
100350,Placement,107954,reese.rossi@demomail.test,Elena Costa,2023-02-27 20:46:00,arjun.rossi@sampleco.test,Chen Nguyen,2023-09-16 14:59:00,riley.dorsey@acme-fake.test,Mei Garcia,2023-04-12 14:19:00,,,,N,Elena Okafor,101228,Evergreen Holdings LLC,Accounting,Alex Whitfield,Project Manager,2023-09-18,2026-07-02,Inactive,100540,100103,100758,Accounting,100535,REF-6838,1973,Delta,6924,4943,5578,Gamma,Beta,100454,,Project Manager Placement,,,"7,981",Yes,reese.costa@demomail.test,Beacon Labs Ltd,100019,Chen Brooks,100820,Standard,,100454,,,"2,314",,Backfill,TAG-8987,REF-5741,101439,Alpha,,,,Austin,100152,,,Other,100215,,,,,,,,,,101770,,Performance,100779,Voluntary,100582,N,Exceeded,Aligned on billing and renewal terms.,Philippines,,Placement,100476,,SKU-5885,105787,,,Standard,,,100445,
100055,Placement,107956,avery.mensah@demomail.test,Diego Ford,2025-02-18 21:47:00,sofia.garcia@acme-fake.test,Morgan Reyes,2026-01-23 11:00:00,emerson.calder@acme-fake.test,Marco Nguyen,2026-07-07 10:47:00,,,,N,Alex Mercer,101529,Ironwood Ventures Corp,Human Resources,Rahul Haddad,Marketing Coordinator,2026-01-30,,Active - Placed,100438,100047,100418,Human Resources,100014,TAG-4261,5268,Other,5467,3130,6851,Gamma,Alpha,100758,,Marketing Coordinator Placement,,100053,"7,338",No,skyler.rossi@sampleco.test,Everest Health Group,100590,Riley Cohen,101442,Standard,,100387,499,,"4,034",,New,LOT-5995,SKU-7304,101701,Beta,,,,Dallas,100239,,,Gamma,100315,,,,,,,,,,101553,,,100570,Voluntary,100650,,Exceeded,,Mexico,100761,Direct Hire,100507,,REF-2814,105533,,,Alpha,,,100622,
100446,Placement,107957,drew.ashby@acme-fake.test,Jamie Costa,2024-04-08 02:37:00,omar.garcia@acme-fake.test,Emerson Calder,2024-10-31 01:06:00,omar.vance@acme-fake.test,Priya Garcia,2026-07-10 06:26:00,,,,Y,Marco Reyes,101779,Brightpath Analytics Inc,Customer Support,Marco Rossi,Payroll Specialist,2025-10-05,,Active - Placed,100372,100174,100702,Customer Support,100201,SKU-2130,4080,Alpha,4075,3058,4696,Delta,Gamma,100147,,Payroll Specialist Placement,,,"5,472",No,nina.whitfield@examplecorp.test,Evergreen Financial Co,100288,Nina Haddad,101119,Delta,,,,,,,Backfill,SKU-5071,SKU-9025,101606,Gamma,,,,Atlanta,100298,,,Alpha,100727,,,,,,,,,,101311,,,100568,Involuntary,100398,N,Met Expectations,,United Kingdom,,Placement,100204,,REF-8931,106422,,,Gamma,,,,
100281,Placement,107958,taylor.ivanov@sampleco.test,Nina Calder,2023-10-01 21:20:00,quinn.vance@acme-fake.test,Taylor Garcia,2026-07-22 02:14:00,rahul.whitfield@sampleco.test,Jordan Okafor,2024-02-25 03:40:00,,,,Y,Morgan Sloan,101691,Silverline Holdings Inc,Software Engineering,Aisha Calder,QA Engineer,2024-08-30,2026-07-07,Inactive,,100428,100407,Software Engineering,,LOT-6026,5285,Delta,7203,9277,6602,Beta,Beta,100361,,QA Engineer Placement,,100672,"17,938",No,morgan.silva@acme-fake.test,*NONE,,Omar Kim,101246,Standard,,,,,,,New,TAG-6848,TAG-5192,101299,Beta,,,,Mumbai,100548,,,Delta,100046,,,,,,,,,,101774,,Converted to Direct Hire,100087,Voluntary,100622,N,Exceeded,Aligned on billing and renewal terms.,Germany,100702,Direct Hire,,,LOT-8778,105104,,,Standard,,,100627,
100120,Placement,107961,yara.kim@examplecorp.test,Priya Garcia,2023-12-13 12:37:00,rowan.okafor@acme-fake.test,Morgan Haddad,2026-02-03 15:00:00,avery.larsson@examplecorp.test,Riley Ashby,2025-04-19 17:19:00,,,,Y,Arjun Sato,100825,Evergreen Energy Co,Accounting,Rowan Rossi,Accountant,2024-09-29,2026-07-24,Inactive,100401,100634,100121,Accounting,,SKU-3172,541,Beta,641,4946,5461,Delta,Other,100061,,Accountant Placement,,,"2,675",No,chen.ford@examplecorp.test,*NONE,100660,Taylor Dorsey,101216,Delta,,,,,,,New,SKU-4297,SKU-1809,101308,Beta,,,,Atlanta,100629,,,Other,100359,,,,,,,,,,101530,,,100691,Involuntary,100204,N,Exceeded,Scheduled a check-in for the coming month.,United States,100096,Placement,100035,,TAG-7609,106018,,,Standard,,,100453,
100559,Placement,107963,rahul.costa@examplecorp.test,Priya Nguyen,2026-04-21 10:23:00,riley.costa@demomail.test,Marco Brooks,2026-06-13 23:33:00,yara.sloan@examplecorp.test,Fatima Mercer,2025-08-26 00:23:00,,,,N,Liam Cohen,101622,Cardinal Industries Inc,Customer Support,Rowan Dorsey,Payroll Specialist,2023-12-03,2026-07-01,Inactive,,100495,100465,Customer Support,100410,LOT-9785,3263,Alpha,6971,5916,9123,Beta,Other,100747,,Payroll Specialist Placement,,100779,"11,422",No,fatima.brooks@demomail.test,Ironwood Dynamics LLP,100428,Aisha Ashby,101537,Delta,,100724,,,,,New,REF-9595,SKU-3991,100865,Other,,,,Austin,100100,,,Other,100182,,,,,,,,,,100809,,Budget Cut,100181,Involuntary,100739,N,,Noted a concern to revisit at the next sync.,Germany,,Trial,100277,,SKU-8916,106633,,,Beta,,,100572,
100305,Placement,107966,sofia.reyes@sampleco.test,Omar Okafor,2022-12-04 00:45:00,aisha.nguyen@demomail.test,Nina Nguyen,2026-01-31 21:52:00,skyler.ashby@examplecorp.test,Chen Larsson,2025-01-16 03:36:00,,,,N,Quinn Whitfield,101389,Falcon Logistics Inc,Data & Analytics,Diego Calder,Accountant,2026-05-03,,Active - Placed,100158,100062,100423,Data & Analytics,,SKU-2340,7530,Delta,2210,5093,4275,Standard,Beta,100076,,Accountant Placement,,100751,"6,615",Yes,sofia.kim@examplecorp.test,Northwind Capital Co,,Drew Okafor,101590,Beta,,,,,,,New,TAG-3895,TAG-4945,101104,Other,,,,London,100730,,,Other,100407,,,,,,,,,,101235,,,100267,,,Y,Exceeded,,Mexico,100472,Placement,100330,,SKU-4437,106385,,,Other,,,100405,
100496,Placement,107968,diego.ford@examplecorp.test,Reese Sloan,2024-05-22 02:34:00,alex.haddad@demomail.test,Riley Rossi,2026-06-15 23:59:00,priya.garcia@acme-fake.test,Mei Garcia,2026-07-02 19:18:00,,,,Y,Rowan Mensah,101474,Lakeside Retail Corp,Marketing,Taylor Nguyen,Marketing Coordinator,2025-11-11,,Active - Placed,100372,100648,100042,Marketing,100250,SKU-3845,8165,Alpha,5729,7825,8262,Other,Beta,100762,,Marketing Coordinator Placement,,,"11,385",No,chen.mercer@demomail.test,Keystone Analytics,,Quinn Kim,100813,Beta,,100087,,,"2,514",,New,LOT-2794,REF-2042,101087,Beta,,,,Bengaluru,100076,,,Standard,100142,,,,,,,,,,101739,,,100599,,100750,N,,,Philippines,100389,Placement,,,TAG-4273,106114,,,Other,,,100123,
100519,Placement,107971,omar.sloan@sampleco.test,Fatima Mensah,2025-07-18 14:00:00,noah.larsson@sampleco.test,Reese Reyes,2025-05-23 16:10:00,emerson.sato@examplecorp.test,Aisha Patel,2025-03-12 05:09:00,,,,N,Reese Kim,101194,Harbor Robotics LLP,Recruiting,Nina Ivanov,Recruiter,2023-10-23,,Active - Placed,100371,100761,100791,Recruiting,,SKU-4232,9538,Delta,8597,9596,7422,Beta,Delta,100704,,Recruiter Placement,,,,No,noah.sloan@demomail.test,*NONE,100303,Morgan Costa,101490,Gamma,,100065,,,,,New,TAG-5884,LOT-3959,101201,Gamma,,,,Seattle,100514,,,Other,100214,,,,,,,,,,101320,,,100153,Involuntary,100029,N,Below,,Mexico,100454,Placement,,,LOT-1297,105997,,,Standard,,,100572,
100439,Placement,107973,sofia.patel@acme-fake.test,Drew Cohen,2023-09-20 19:02:00,jamie.sato@sampleco.test,Aisha Sloan,2024-06-13 10:46:00,elena.cohen@sampleco.test,Chen Blake,2025-09-13 13:56:00,,,,N,Elena Haddad,101727,Everest Partners Group,Finance,Alex Mensah,HR Generalist,2023-07-12,,Active - Terminated,100761,100073,100156,Finance,100554,LOT-2053,7204,Gamma,8244,5665,7570,Other,Alpha,100434,,HR Generalist Placement,,100263,"11,011",Yes,taylor.kim@acme-fake.test,*NONE,,Jordan Calder,101200,Other,,,,,,,New,LOT-8511,REF-3774,101618,Delta,,,,Dallas,100007,,,Standard,100183,,,,,,,,,,101606,,,100288,Involuntary,,Y,Exceeded,,United States,,Placement,100418,,LOT-7407,105390,,,Delta,,,100694,
100012,Placement,107976,mei.costa@examplecorp.test,Fatima Patel,2023-10-31 09:13:00,jamie.sloan@sampleco.test,Morgan Cohen,2023-02-23 22:40:00,reese.okafor@sampleco.test,Priya Dorsey,2024-03-19 06:46:00,,,,Y,Taylor Dorsey,101678,Cobalt Financial LLP,Operations,Jordan Ivanov,Marketing Coordinator,2024-09-12,,Active - Placed,100089,100699,100635,Operations,100372,TAG-6023,2969,Alpha,6780,7058,1810,Alpha,Standard,100149,,Marketing Coordinator Placement,,,"11,216",No,casey.brooks@demomail.test,Granite Textiles LLP,,Rahul Garcia,101643,Gamma,,100322,"1,347",,,,New,TAG-1234,REF-8920,101781,Standard,8401,,,Mumbai,100665,,,Delta,100552,,,,,,,,,,101103,,,100125,Voluntary,100112,,Met Expectations,,Germany,,Placement,,,SKU-3028,105515,,,Delta,,,100566,
100191,Placement,107978,chen.ford@sampleco.test,Yara Larsson,2023-06-16 15:01:00,diego.mensah@sampleco.test,Chen Whitfield,2022-11-02 03:32:00,diego.okafor@examplecorp.test,Nina Larsson,2023-08-16 06:45:00,,,,N,Riley Patel,101664,Pioneer Health Ltd,Customer Support,Jamie Haddad,Operations Associate,2025-05-14,2026-06-20,Inactive - Terminated,100756,100210,100219,Customer Support,,LOT-4902,3269,Standard,4119,74,5348,Beta,Other,100627,,Operations Associate Placement,,,"12,263",No,taylor.nguyen@demomail.test,Brightpath Labs Corp,100552,Skyler Mensah,100881,Delta,,,,,,,Backfill,REF-9740,,101474,Beta,,,,Bengaluru,100572,,,Standard,100046,,,,,,,,,,101044,,Project Ended,100043,Involuntary,100410,Y,Exceeded,Resolved the outstanding question about scope.,Philippines,,Placement,100033,,LOT-7916,106274,,,Alpha,,,100014,
100349,Placement,107981,arjun.okafor@acme-fake.test,Rowan Kim,2025-11-08 22:17:00,morgan.mensah@acme-fake.test,Diego Kim,2024-06-03 21:50:00,liam.calder@examplecorp.test,Rahul Nguyen,2023-12-10 16:31:00,,,,Y,Aisha Larsson,101341,Summit Logistics Inc,Accounting,Rahul Okafor,Executive Assistant,2023-08-31,,Active - Placed,100257,100165,100439,Accounting,,SKU-6422,4293,Standard,1292,5506,3317,Alpha,Beta,100343,,Executive Assistant Placement,,100319,"13,077",No,reese.ivanov@acme-fake.test,*NONE,100281,Diego Haddad,101525,Standard,,100226,,,"2,156",,New,TAG-1763,TAG-5242,101373,Alpha,,,,Denver,100134,,,Other,100564,,,,,,,,,,100800,,,,Voluntary,100654,Y,Met Expectations,,United Kingdom,,Direct Hire,,,SKU-4825,105091,,,Other,,,100410,
100153,Placement,107983,quinn.nguyen@examplecorp.test,Liam Costa,2023-07-16 02:49:00,alex.ivanov@sampleco.test,Arjun Cohen,2023-10-23 08:02:00,casey.nguyen@acme-fake.test,Jamie Whitfield,2026-07-09 04:35:00,,,,N,Rowan Rossi,101024,Harbor Retail Group,Operations,Jamie Cohen,Customer Success Manager,2025-10-08,,Active - Terminated,100286,100055,100022,Operations,100217,LOT-5990,4838,Other,4743,5448,2728,Delta,Delta,100068,,Customer Success Manager Placement,,,"10,397",Yes,noah.sato@acme-fake.test,Horizon Analytics Ltd,100263,Casey Garcia,101472,Alpha,,,,,"1,466",,New,TAG-2895,TAG-4287,100994,Beta,,,,Denver,100412,,,Gamma,100211,,,,,,,,,,100933,,,100089,Voluntary,100035,Y,Below,,Mexico,,Direct Hire,100721,,REF-6911,105395,,,Delta,,,100494,
100079,Placement,107984,casey.garcia@demomail.test,Yara Patel,2023-12-24 18:26:00,liam.rossi@demomail.test,Diego Dorsey,2023-07-01 03:22:00,casey.vance@demomail.test,Priya Rossi,2023-07-09 20:21:00,,,,N,Casey Patel,101575,Granite Textiles,Sales,Mei Sloan,Bookkeeper,2024-06-25,,Active - Placed,,100165,100680,Sales,100555,REF-9155,4988,Delta,4989,2915,6740,Other,Other,100273,,Bookkeeper Placement,,,"1,633",No,mei.okafor@sampleco.test,*NONE,,Jamie Calder,101405,Alpha,,,,,"1,468",,New,LOT-1251,TAG-7838,100997,Gamma,,,,Denver,100158,,,Beta,100386,,,,,,,,,,101178,,,100578,,100675,N,,,Philippines,,Placement,,,REF-1597,105630,,,Gamma,,,100439,
100121,Placement,107985,jordan.silva@demomail.test,Fatima Garcia,2026-04-29 03:44:00,rahul.dorsey@examplecorp.test,Omar Larsson,2025-01-22 03:49:00,mei.calder@examplecorp.test,Jamie Dorsey,2025-12-21 00:15:00,,,,Y,Jordan Patel,100923,Silverline Ventures Ltd,Accounting,Yara Calder,Payroll Specialist,2025-10-31,,Active - Placed,,100404,100572,Accounting,,REF-3525,1083,Standard,61,4105,2159,Gamma,Gamma,100382,,Payroll Specialist Placement,,100194,"10,940",Yes,jordan.haddad@examplecorp.test,*NONE,100319,Mei Calder,101121,Beta,,,"1,700",,,,New,TAG-9660,TAG-8458,101661,Alpha,,,,Phoenix,100055,,,Other,100315,,,,,,,,,,101645,,,100062,Involuntary,100298,N,Met Expectations,,United Kingdom,100522,Trial,100441,,REF-6531,105283,,,Alpha,,,,
100139,Placement,107986,emerson.ashby@acme-fake.test,Priya Cohen,2024-04-10 13:11:00,morgan.reyes@demomail.test,Arjun Patel,2023-06-02 01:24:00,avery.calder@acme-fake.test,Liam Okafor,2022-11-08 10:05:00,,,,Y,Avery Mercer,101445,Northwind Industries Corp,Finance,Diego Cohen,QA Engineer,2023-06-01,,Active - Placed,,100079,100082,Finance,100759,SKU-1067,1110,Gamma,254,1946,6351,Delta,Delta,100053,,QA Engineer Placement,,100181,"12,012",No,rahul.nguyen@sampleco.test,*NONE,,Reese Nguyen,101062,Alpha,,,,,,,New,LOT-6251,TAG-9456,100902,Alpha,,,,Mumbai,100134,,,Gamma,100454,,,,,,,,,,101347,,,100236,Voluntary,100467,Y,,,Philippines,100336,Placement,100466,,TAG-8928,105329,,,Delta,,,,
100393,Placement,107987,liam.haddad@sampleco.test,Drew Haddad,2023-11-10 20:54:00,nina.reyes@acme-fake.test,Alex Ford,2025-07-17 09:26:00,rahul.sato@sampleco.test,Reese Mensah,2025-03-19 19:28:00,,,,Y,Omar Silva,101477,Vertex Analytics Group,Finance,Casey Sloan,HR Generalist,2023-05-21,,Active - Placed,100604,100713,100790,Finance,,SKU-5393,8505,Alpha,2249,20,5772,Other,Delta,100174,,HR Generalist Placement,,,"17,805",No,rahul.rossi@acme-fake.test,Delta Logistics Corp,,Quinn Kim,101625,Standard,,,457,,,,Backfill,LOT-4170,LOT-3899,101235,Other,,Alpha,,Phoenix,100441,,,Standard,100582,,,,,,,,,,101009,,,100260,,100525,N,,,Canada,,Bench,100453,,LOT-3038,106164,,,Delta,,,100514,
100305,Placement,107989,jordan.okafor@demomail.test,Taylor Haddad,2026-01-08 08:02:00,sofia.cohen@demomail.test,Marco Cohen,2026-04-02 00:06:00,skyler.cohen@examplecorp.test,Alex Haddad,2025-04-05 08:03:00,,,,Y,Elena Mensah,101445,Blue Ridge Systems Co,Marketing,Quinn Brooks,HR Generalist,2024-04-02,,Active - Terminated,100106,100410,100137,Marketing,100172,LOT-1928,229,Alpha,1932,5073,8459,Gamma,Beta,100253,,HR Generalist Placement,,100296,"4,760",Yes,casey.vance@sampleco.test,*NONE,100061,Drew Sloan,100817,Gamma,,100758,,,"2,636",,New,SKU-9991,LOT-8772,101205,Other,,,,Mumbai,100359,,,Other,100007,,,,,,,,,,100863,,,100094,Voluntary,100014,N,Exceeded,,Philippines,,Placement,,,SKU-2661,105540,,,Alpha,,,,
100178,Placement,107992,noah.nguyen@demomail.test,Fatima Vance,2026-06-11 16:39:00,omar.garcia@demomail.test,Drew Ivanov,2026-04-21 12:00:00,arjun.larsson@examplecorp.test,Rowan Blake,2022-12-24 01:58:00,,,,N,Rowan Brooks,101401,Copper Logistics Co,Customer Support,Mei Mensah,HR Generalist,2023-10-04,,Active - Placed,,100322,100357,Customer Support,100462,REF-6261,6131,Delta,2008,8914,4103,Beta,Beta,100747,,HR Generalist Placement,,100507,"7,182",No,elena.brooks@examplecorp.test,Northwind Analytics LLP,,Jordan Ashby,101600,Other,,,,,,,Backfill,SKU-9438,LOT-5602,101197,Alpha,,,,Seattle,100473,,,Other,100519,,,,,,,,,,101632,,,100252,Involuntary,100596,Y,,,Philippines,100487,Placement,,,LOT-7015,104893,,,Beta,,,100730,
100047,Placement,107995,skyler.brooks@sampleco.test,Omar Ivanov,2025-12-29 00:49:00,quinn.silva@examplecorp.test,Noah Silva,2023-02-20 23:41:00,omar.ashby@sampleco.test,Rowan Vance,2023-05-05 15:54:00,,,,Y,Liam Rossi,101658,Atlas Holdings Corp,Accounting,Emerson Ford,Operations Associate,2024-11-04,2026-07-07,Inactive - Terminated,,100765,100217,Accounting,100389,SKU-6157,4264,Other,7718,2081,2603,Alpha,Delta,100420,,Operations Associate Placement,,,"14,414",Yes,noah.brooks@acme-fake.test,*NONE,,Morgan Cohen,101349,Beta,,,,,"3,233",,Backfill,LOT-8456,TAG-2502,101207,Beta,,,,Bengaluru,100219,,,Beta,100429,,,,,,,,,,101679,,,100226,,100058,N,Below,Resolved the outstanding question about scope.,Germany,100522,Placement,100686,,LOT-4210,105350,,,Alpha,,,100699,
100718,Placement,107997,nina.blake@examplecorp.test,Rahul Brooks,2025-02-09 02:09:00,reese.haddad@demomail.test,Priya Nguyen,2023-08-30 08:37:00,rahul.calder@acme-fake.test,Emerson Nguyen,2025-02-13 09:41:00,,,,Y,Casey Whitfield,101328,Copper Solutions Co,Software Engineering,Yara Sato,QA Engineer,2026-05-10,,Active - Placed,,100495,100303,Software Engineering,,REF-7941,9144,Beta,7709,7081,4650,Gamma,Alpha,100071,,QA Engineer Placement,,100229,"11,155",No,liam.larsson@demomail.test,*NONE,,Aisha Mensah,100963,Beta,,100704,,,,,New,REF-2179,SKU-1094,101442,Beta,,,,Manila,100522,,,Beta,100299,,,,,,,,,,101134,,,100106,,100309,N,,,Philippines,,Placement,100484,,LOT-8669,106414,,,Gamma,,,100396,
100028,Placement,107998,diego.calder@demomail.test,Reese Reyes,2026-03-21 00:24:00,casey.dorsey@demomail.test,Sofia Whitfield,2026-02-25 10:22:00,skyler.mensah@demomail.test,Taylor Silva,2025-12-25 16:53:00,,,,Y,Mei Vance,101727,Keystone Energy Corp,Marketing,Drew Sloan,Project Manager,2026-01-07,,Active - Placed,,100029,100161,Marketing,,TAG-2696,1656,Gamma,4189,4614,5311,Alpha,Delta,100298,,Project Manager Placement,,,"9,228",No,yara.costa@acme-fake.test,*NONE,,Liam Garcia,101525,Gamma,,,133,,,,Backfill,REF-2691,,101143,Alpha,,Alpha,,Chicago,100735,,,Standard,100439,,,,,,,,,,101571,,,100613,,100622,N,Exceeded,,Canada,,Placement,,,REF-6207,105370,,,Other,,,100130,
100098,Placement,108001,reese.calder@acme-fake.test,Riley Rossi,2023-06-19 04:12:00,priya.kim@sampleco.test,Skyler Haddad,2025-12-30 06:20:00,mei.ivanov@demomail.test,Emerson Haddad,2024-01-26 12:38:00,,,,N,Chen Haddad,101044,Meridian Dynamics LLP,Data & Analytics,Nina Reyes,HR Generalist,2026-04-21,,Active - Placed,100026,100263,100453,Data & Analytics,,SKU-1503,5363,Gamma,4691,9223,9000,Alpha,Other,100498,,HR Generalist Placement,,100471,"3,399",No,mei.silva@acme-fake.test,Meridian Textiles LLP,,Morgan Larsson,101716,Beta,,,,,,,New,TAG-3460,LOT-1852,101727,Delta,,,,Bengaluru,100578,,,Alpha,100174,,,,,,,,,,100970,,,100162,,100622,Y,,,Mexico,100632,Placement,100350,,LOT-3292,106535,,,Gamma,,,100753,
100465,Placement,108004,priya.mercer@demomail.test,Avery Ford,2025-12-18 22:28:00,reese.cohen@sampleco.test,Noah Vance,2024-10-16 05:27:00,rahul.ashby@sampleco.test,Avery Garcia,2023-07-02 20:31:00,,,,N,Fatima Sato,101787,Silverline Analytics Group,Marketing,Alex Sloan,Software Developer,2023-06-10,2026-06-06,Inactive,100405,100199,100250,Marketing,100140,LOT-5226,3680,Standard,2961,6462,8580,Alpha,Gamma,100172,,Software Developer Placement,,100398,"12,306",Yes,drew.garcia@acme-fake.test,*NONE,100157,Priya Mercer,101753,Standard,,100565,,,,,Backfill,REF-8401,LOT-5346,101698,Beta,,,,London,100490,,,Gamma,100718,,,,,,,,,,101776,,Project Ended,100519,,100047,N,,Reviewed performance and gathered feedback.,Mexico,100493,Placement,100761,,SKU-3932,105507,,,Other,,,100155,
100284,Placement,108005,liam.nguyen@sampleco.test,Priya Silva,2023-07-23 16:32:00,chen.vance@demomail.test,Arjun Sato,2026-02-08 06:17:00,jordan.garcia@acme-fake.test,Liam Dorsey,2023-09-12 07:55:00,,,,N,Riley Patel,101001,Beacon Industries LLP,Recruiting,Yara Blake,Operations Associate,2023-08-19,2026-07-20,Inactive - Terminated,100380,100548,100707,Recruiting,100183,LOT-7122,795,Gamma,2001,3957,179,Beta,Standard,100559,,Operations Associate Placement,,,"12,931",No,yara.cohen@sampleco.test,*NONE,100392,Avery Garcia,100922,Gamma,,,,,,,New,REF-5554,SKU-6801,101706,Alpha,,,,Phoenix,100790,,,Alpha,100153,,,,,,,,,,101612,,Converted to Direct Hire,100275,Involuntary,100476,N,Below,Noted a concern to revisit at the next sync.,Canada,100785,Placement,,,LOT-7143,106625,,,Gamma,,,,
100737,Placement,108007,elena.dorsey@sampleco.test,Casey Cohen,2025-01-29 21:24:00,aisha.rossi@demomail.test,Omar Nguyen,2024-04-23 05:25:00,jamie.reyes@acme-fake.test,Aisha Ashby,2026-01-11 13:50:00,,,,N,Quinn Vance,101570,Redwood Dynamics LLP,Accounting,Liam Mercer,HR Generalist,2024-09-16,,Active - Placed,,100320,100613,Accounting,100201,TAG-8731,2909,Alpha,2271,6052,3814,Alpha,Other,100555,,HR Generalist Placement,,100593,"4,096",No,casey.patel@examplecorp.test,Vertex Partners LLC,100651,Aisha Haddad,101589,Delta,,100503,,,,,New,REF-8884,REF-4233,101201,Standard,,,,Denver,100191,,,Beta,100753,,,,,,,,,,101171,,,,Voluntary,100031,N,Exceeded,,Philippines,100205,Backfill,100758,,REF-2475,106659,,,Gamma,,,,
100694,Placement,108008,mei.rossi@examplecorp.test,Drew Reyes,2025-01-28 03:33:00,liam.silva@acme-fake.test,Morgan Garcia,2026-05-14 02:34:00,chen.whitfield@demomail.test,Priya Cohen,2026-03-17 04:36:00,,,,Y,Nina Whitfield,100841,Meridian Ventures LLC,Finance,Quinn Rossi,Recruiter,2024-05-27,2026-06-15,Inactive,,100420,100528,Finance,100142,SKU-3398,1087,Gamma,6776,1293,2702,Delta,Alpha,100047,,Recruiter Placement,,,,No,avery.larsson@demomail.test,*NONE,100050,Drew Sato,101029,,,,,,"1,617",,New,REF-8871,LOT-9179,101207,Beta,,,,Mumbai,100400,,,Gamma,100457,,,,,,,,,,101004,,Unmet Expectations,100525,Voluntary,100336,N,,Resolved the outstanding question about scope.,Canada,,Bench,100522,,SKU-6844,106249,,,Beta,,,100378,
100026,Placement,108009,casey.ashby@demomail.test,Skyler Vance,2024-09-08 06:55:00,fatima.blake@examplecorp.test,Chen Patel,2024-05-13 11:02:00,marco.patel@acme-fake.test,Rahul Mensah,2024-12-16 06:31:00,,,,Y,Nina Larsson,101442,Delta Ventures,Marketing,Liam Patel,Recruiter,2023-06-25,2026-07-05,Inactive - Terminated,100140,100247,100168,Marketing,100350,REF-1812,790,Delta,4409,817,4142,Alpha,Gamma,100038,,Recruiter Placement,,100199,"10,289",Yes,omar.nguyen@sampleco.test,*NONE,100493,Quinn Ford,101752,Other,,,,,"3,602",,New,TAG-3998,LOT-6599,101515,Alpha,,,,Chicago,100256,,,Beta,100554,,,,,,,,,,101165,,Project Ended,,Voluntary,100077,N,Met Expectations,Followed up on the open items from last week.,Australia,100061,Backfill,100599,,SKU-2521,105197,,,Alpha,,,,
100284,Placement,108010,emerson.calder@acme-fake.test,Casey Whitfield,2025-03-23 20:31:00,arjun.garcia@examplecorp.test,Chen Dorsey,2024-06-01 07:31:00,riley.sloan@demomail.test,Alex Cohen,2026-04-18 06:51:00,,,,Y,Reese Silva,101293,Everest Health Corp,Marketing,Skyler Calder,Payroll Specialist,2023-07-11,,Active - Placed,100587,100735,100458,Marketing,100003,SKU-3694,5074,Standard,4607,2435,713,Delta,Delta,100627,,Payroll Specialist Placement,,100115,"11,651",No,reese.costa@acme-fake.test,*NONE,100470,Rahul Brooks,101007,Other,,100031,,,,,New,REF-5259,REF-4888,101153,Standard,,,,Denver,100593,,,Gamma,100751,,,,,,,,,,101234,,,100361,Involuntary,100137,N,Met Expectations,,India,100759,Placement,100619,,SKU-3710,106149,,,Delta,,,,
100673,Placement,108011,alex.cohen@sampleco.test,Reese Reyes,2023-01-31 14:48:00,emerson.kim@demomail.test,Mei Ivanov,2026-04-27 12:49:00,casey.nguyen@examplecorp.test,Mei Dorsey,2025-09-18 11:10:00,,,,Y,Aisha Mercer,100856,Blue Ridge Logistics Corp,Sales,Elena Silva,Operations Associate,2023-11-07,,Active - Placed,100671,100574,100349,Sales,,SKU-2272,8404,Beta,3043,25,9741,Alpha,Standard,100500,,Operations Associate Placement,,,"15,913",Yes,marco.silva@sampleco.test,*NONE,100355,Quinn Ford,101528,Other,,100188,,,,,New,LOT-3684,,101056,Beta,,,,Chicago,100504,,,Gamma,100385,,,,,,,,,,100923,,,100471,Involuntary,100545,Y,Below,,Philippines,,Direct Hire,100103,,LOT-1218,105384,,,Delta,,,,
100142,Placement,108013,jordan.patel@sampleco.test,Taylor Calder,2025-10-23 00:28:00,chen.garcia@demomail.test,Nina Garcia,2024-08-11 07:14:00,emerson.blake@acme-fake.test,Rowan Ford,2025-05-13 09:17:00,,,,N,Fatima Brooks,101707,Harbor Manufacturing Corp,Sales,Chen Ford,QA Engineer,2025-09-23,2026-06-26,Inactive,,100019,100378,Sales,100466,LOT-4014,4070,Gamma,4422,8187,7156,Gamma,Gamma,100232,,QA Engineer Placement,,100133,"11,566",Yes,aisha.larsson@acme-fake.test,*NONE,100089,Aisha Haddad,101182,Gamma,,100231,,,,,New,LOT-3004,,101731,Gamma,,,,Seattle,100658,,,Gamma,100224,,,,,,,,,,100935,,,100140,,100047,N,,Followed up on the open items from last week.,Mexico,100771,Backfill,,,LOT-9224,105132,,,Alpha,,,,
100067,Placement,108015,skyler.garcia@examplecorp.test,Rahul Ashby,2024-07-23 15:23:00,liam.blake@examplecorp.test,Casey Garcia,2024-06-04 04:47:00,nina.whitfield@examplecorp.test,Riley Haddad,2024-11-22 11:39:00,,,,N,Liam Patel,100815,Granite Foods Corp,Finance,Rowan Nguyen,Support Specialist,2026-02-05,2026-06-26,Inactive,,100654,100152,Finance,,TAG-8766,6965,Standard,8726,1787,3707,Standard,Delta,100751,,Support Specialist Placement,,100291,"8,716",No,avery.dorsey@sampleco.test,*NONE,100232,Casey Ivanov,100820,Delta,,,,,,,New,LOT-9433,SKU-8906,101152,Other,,,,Bengaluru,100303,,,Other,100579,,,,,,,,,,101343,,Budget Cut,100645,Involuntary,100565,N,Below,Aligned on billing and renewal terms.,Canada,100303,Placement,100239,,LOT-4856,106593,,,Beta,,,100554,
100568,Placement,108016,jordan.sato@acme-fake.test,Casey Patel,2024-12-06 03:37:00,aisha.sloan@acme-fake.test,Diego Patel,2026-06-11 18:53:00,jordan.garcia@sampleco.test,Diego Brooks,2025-07-17 09:47:00,,,,Y,Reese Kim,101380,Lakeside Manufacturing,Human Resources,Yara Patel,Bookkeeper,2024-10-19,2026-07-31,Inactive - Terminated,,100277,100183,Human Resources,100683,REF-5364,7018,Delta,2210,10,5746,Delta,Other,100172,,Bookkeeper Placement,,,"14,074",No,arjun.silva@acme-fake.test,*NONE,100062,Nina Brooks,101701,Alpha,,,,,"4,173",,Backfill,REF-8040,,101091,Other,,,,Seattle,100750,,,Standard,100759,,,,,,,,,,101327,,Project Ended,100683,Voluntary,100065,N,Below,Reviewed performance and gathered feedback.,Mexico,100115,Placement,,,TAG-8956,105572,,,Other,,,100054,
100296,Placement,108019,fatima.kim@sampleco.test,Morgan Whitfield,2024-04-07 10:31:00,omar.kim@sampleco.test,Omar Nguyen,2022-10-28 12:42:00,morgan.patel@sampleco.test,Alex Calder,2025-11-12 05:40:00,,,,N,Quinn Kim,101687,Beacon Foods Ltd,Software Engineering,Alex Haddad,Data Analyst,2023-12-13,2026-07-26,Inactive,,100498,100263,Software Engineering,100733,TAG-3104,1971,Gamma,5696,9611,2908,Gamma,Delta,100199,,Data Analyst Placement,,100576,"12,516",Yes,diego.silva@examplecorp.test,*NONE,,Liam Patel,101132,Alpha,,100448,81,,,,New,SKU-8530,LOT-2684,101401,Alpha,,,,Toronto,100199,,,Delta,100730,,,,,,,,,,101134,,Performance,100033,,100717,Y,Below,Noted a concern to revisit at the next sync.,Philippines,100774,Placement,100514,,LOT-1613,106564,,,Beta,,,,
100275,Placement,108022,mei.sato@demomail.test,Omar Calder,2023-03-21 19:52:00,avery.brooks@examplecorp.test,Taylor Vance,2024-01-18 05:00:00,casey.haddad@sampleco.test,Arjun Sloan,2023-11-29 19:21:00,,,,N,Reese Whitfield,101752,Delta Foods LLP,Recruiting,Morgan Brooks,Marketing Coordinator,2024-08-15,,Active - Placed,,100098,100300,Recruiting,100661,TAG-1571,7754,Other,5304,4271,3413,Other,Beta,100540,,Marketing Coordinator Placement,,,"16,354",Yes,drew.ashby@examplecorp.test,*NONE,,Diego Rossi,101625,Delta,,,,,,,Backfill,LOT-6179,REF-7020,101218,Alpha,,,,Phoenix,100378,,,Delta,100504,,,,,,,,,,101160,,,100650,Involuntary,100645,N,,,United States,,Placement,100487,,REF-6077,105129,,,Alpha,,,,
100340,Placement,108025,priya.larsson@acme-fake.test,Skyler Silva,2026-05-05 19:13:00,drew.nguyen@acme-fake.test,Priya Kim,2024-12-10 21:33:00,marco.cohen@sampleco.test,Rahul Garcia,2023-06-30 11:22:00,,,,N,Elena Ivanov,100799,Ironwood Capital Co,Operations,Reese Haddad,QA Engineer,2025-05-09,,Active - Placed,100393,100077,100031,Operations,100203,SKU-4132,7154,Beta,1289,1720,3705,Other,Delta,100740,,QA Engineer Placement,,100311,"17,948",Yes,fatima.okafor@demomail.test,Lakeside Foods Group,,Yara Kim,101254,Gamma,,100776,,,"4,249",,Backfill,REF-1689,SKU-5314,101481,Other,,,,London,100182,,,Delta,100073,,,,,,,,,,101399,,,100352,Involuntary,100226,,Exceeded,,United Kingdom,,Placement,,,TAG-9103,106517,,,Beta,,,100675,
100632,Placement,108028,rowan.haddad@acme-fake.test,Aisha Larsson,2024-04-02 00:25:00,skyler.larsson@demomail.test,Riley Vance,2025-01-06 02:48:00,priya.sato@examplecorp.test,Mei Sloan,2024-05-22 12:27:00,,,,Y,Quinn Costa,101556,Brightpath Manufacturing Ltd,Recruiting,Elena Mensah,Software Developer,2023-11-13,,Active - Placed,100007,100643,100770,Recruiting,100629,SKU-1794,7998,Gamma,1003,7155,7916,Alpha,Other,100538,,Software Developer Placement,,100691,"10,887",Yes,alex.brooks@acme-fake.test,*NONE,,Casey Blake,101003,Gamma,,100061,,,"2,252",,New,LOT-7865,SKU-2919,101048,Other,,,,Austin,100398,,,Gamma,100469,,,,,,,,,,101666,,,100139,Involuntary,100475,N,,,Germany,100352,Placement,,,REF-4145,105536,,,Alpha,,,100298,
100423,Placement,108030,rowan.haddad@sampleco.test,Elena Silva,2026-05-03 08:52:00,noah.haddad@examplecorp.test,Quinn Mercer,2022-12-27 14:30:00,mei.mercer@acme-fake.test,Rowan Blake,2024-12-08 11:43:00,,,,Y,Drew Ashby,101758,Falcon Labs Inc,Accounting,Morgan Vance,Payroll Specialist,2024-05-23,,Active - Placed,100082,100669,100466,Accounting,100214,TAG-1492,4564,Other,3755,6108,2369,Delta,Beta,100031,,Payroll Specialist Placement,,100149,"6,469",Yes,jamie.larsson@sampleco.test,*NONE,,Emerson Mercer,101289,Other,,100205,,,,,New,TAG-6442,REF-6852,101017,Alpha,,,,Dallas,100540,,,Beta,100247,,,,,,,,,,100857,,,100552,,100292,Y,Met Expectations,,United Kingdom,100656,Bench,,,SKU-3787,105010,,,Beta,,,100545,
100079,Placement,108032,morgan.nguyen@acme-fake.test,Reese Ivanov,2025-09-25 07:37:00,jordan.larsson@examplecorp.test,Priya Sloan,2024-07-26 10:12:00,rahul.mercer@acme-fake.test,Noah Garcia,2024-09-07 07:37:00,,,,N,Sofia Haddad,100935,Falcon Dynamics Co,Human Resources,Arjun Haddad,Accountant,2023-05-03,,Active - Placed,100182,100260,100661,Human Resources,100466,LOT-8164,7687,Other,5124,1632,7426,Other,Alpha,100319,,Accountant Placement,,100786,"6,606",No,mei.blake@demomail.test,*NONE,,Marco Garcia,101057,,,100707,380,,,,New,SKU-6396,TAG-2680,101023,Alpha,,,,Denver,100205,,,Standard,100128,,,,,,,,,,101755,,,100385,Voluntary,100410,N,,,Philippines,,Placement,100604,,REF-6509,106339,,,Other,,,,
100233,Placement,108034,fatima.dorsey@examplecorp.test,Aisha Whitfield,2026-05-23 04:08:00,omar.okafor@demomail.test,Nina Larsson,2022-11-20 23:19:00,marco.kim@examplecorp.test,Alex Ashby,2025-02-15 22:51:00,,,,N,Sofia Brooks,101254,Everest Media,Customer Support,Diego Larsson,Bookkeeper,2024-10-21,2026-06-20,Inactive - Terminated,100162,100647,100149,Customer Support,,SKU-3308,2109,Other,40,5012,936,Other,Beta,100713,,Bookkeeper Placement,,100366,"15,906",Yes,yara.mercer@sampleco.test,*NONE,,Elena Costa,101116,Gamma,,,,,,,New,LOT-6762,LOT-9373,101119,Delta,,,,Austin,100578,,,Other,100775,,,,,,,,,,101606,,Project Ended,100495,Involuntary,100061,Y,Met Expectations,Followed up on the open items from last week.,Philippines,,Placement,100514,,TAG-9398,105188,,,Delta,,,100730,
100291,Placement,108037,casey.sato@acme-fake.test,Sofia Garcia,2023-06-18 08:34:00,emerson.vance@acme-fake.test,Mei Sloan,2024-06-29 18:07:00,avery.patel@examplecorp.test,Emerson Ford,2024-06-13 11:31:00,,,,Y,Mei Cohen,101211,Everest Group Co,Software Engineering,Marco Garcia,HR Generalist,2024-08-11,2026-07-23,Inactive - Terminated,,100233,100466,Software Engineering,100220,REF-5990,7791,Alpha,5820,3730,411,Delta,Beta,100593,,HR Generalist Placement,,,"17,111",No,diego.costa@demomail.test,*NONE,100750,Emerson Rossi,101012,Gamma,,100153,,,,,New,REF-5294,TAG-4269,100800,Gamma,,,,Mumbai,100656,,,Standard,100635,,,,,,,,,,100911,,,100383,,100026,Y,,Scheduled a check-in for the coming month.,Mexico,100269,Bench,,,REF-7056,105353,,,Alpha,,,,
100765,Placement,108039,nina.vance@examplecorp.test,Diego Blake,2024-10-25 22:10:00,arjun.whitfield@acme-fake.test,Fatima Mercer,2024-09-03 19:44:00,nina.mensah@examplecorp.test,Yara Silva,2026-07-13 18:28:00,,,,N,Chen Whitfield,101116,Granite Textiles LLP,Accounting,Jamie Ivanov,Marketing Coordinator,2025-09-26,2026-06-26,Inactive,100383,100660,100565,Accounting,,SKU-4662,3759,Gamma,5909,6904,8671,Other,Delta,100574,,Marketing Coordinator Placement,,,"12,717",Yes,quinn.reyes@sampleco.test,*NONE,,Casey Patel,100963,Gamma,,100298,,,,,New,LOT-2530,TAG-9252,100841,Other,,,,Chicago,100713,,,Delta,100193,,,,,,,,,,101073,,Budget Cut,100726,Involuntary,100221,N,Below,Reviewed performance and gathered feedback.,Australia,100461,Backfill,100507,,SKU-5922,106508,,,Alpha,,,100042,
100658,Placement,108041,noah.patel@demomail.test,Noah Okafor,2022-11-24 06:56:00,priya.mercer@demomail.test,Nina Dorsey,2026-06-13 13:58:00,diego.reyes@acme-fake.test,Riley Blake,2025-10-28 19:21:00,,,,N,Elena Silva,100947,Everest Media Ltd,Human Resources,Skyler Garcia,Data Analyst,2025-07-14,,Active - Placed,100774,100436,100457,Human Resources,,REF-5147,3715,Gamma,9306,853,86,Other,Other,100273,,Data Analyst Placement,,,"9,654",Yes,drew.ivanov@demomail.test,Northwind Health LLP,100672,Mei Okafor,100949,Other,,,,,,,New,TAG-4974,LOT-1262,101041,Beta,,,,Dallas,100098,,,Other,100585,,,,,,,,,,100899,,,,,,Y,Exceeded,,Australia,,Placement,100604,,REF-4334,105127,,,Alpha,,,100012,
100418,Placement,108044,aisha.reyes@examplecorp.test,Liam Larsson,2023-02-25 16:57:00,skyler.ford@sampleco.test,Yara Vance,2025-08-10 15:20:00,elena.mercer@demomail.test,Rahul Vance,2024-09-19 07:26:00,,,,Y,Chen Cohen,101388,Granite Logistics LLC,Data & Analytics,Emerson Brooks,Customer Success Manager,2023-09-01,,Active - Placed,,100215,100604,Data & Analytics,,SKU-8242,328,Gamma,4776,580,6124,Gamma,Other,100710,,Customer Success Manager Placement,,,"4,292",No,alex.ashby@examplecorp.test,*NONE,100747,Quinn Vance,100942,Delta,,,,,"3,203",,Backfill,TAG-9461,LOT-5246,101224,Beta,,,,Austin,100181,,,Standard,100200,,,,,,,,,,100893,,,100109,,100068,Y,Exceeded,,Philippines,100405,Placement,,,LOT-2202,105341,,,Standard,,,,
100697,Placement,108046,reese.blake@demomail.test,Alex Okafor,2026-02-14 14:32:00,quinn.calder@demomail.test,Casey Ford,2026-03-27 22:17:00,quinn.haddad@demomail.test,Riley Ivanov,2025-02-10 23:05:00,,,,N,Nina Ford,100917,Keystone Logistics LLP,Finance,Aisha Costa,Accountant,2024-03-24,,Active - Placed,100221,100271,100453,Finance,,SKU-4702,5386,Other,9016,489,3111,Gamma,Beta,100307,,Accountant Placement,,,"17,306",No,morgan.garcia@acme-fake.test,*NONE,100182,Noah Mensah,100896,Alpha,,100325,,,489,,New,SKU-1237,LOT-9129,101020,Beta,,,,Phoenix,100599,,,Alpha,100694,,,,,,,,,,100942,,,100260,,100439,N,Met Expectations,,Philippines,100071,Placement,100134,,TAG-1523,105201,,,Delta,,,100387,
100086,Placement,108048,casey.patel@acme-fake.test,Marco Rossi,2024-05-25 00:25:00,fatima.whitfield@examplecorp.test,Chen Haddad,2024-04-25 20:47:00,mei.nguyen@demomail.test,Priya Blake,2025-08-15 11:48:00,,,,Y,Nina Mensah,101483,Blue Ridge Dynamics LLP,Customer Support,Fatima Ivanov,Marketing Coordinator,2024-08-16,2026-06-16,Inactive,100232,100181,100740,Customer Support,100568,LOT-1503,5277,Beta,6077,8352,5178,Gamma,Gamma,100217,,Marketing Coordinator Placement,,,"15,795",Yes,skyler.sato@sampleco.test,*NONE,,Elena Silva,101004,Standard,,100727,583,,"2,463",,Backfill,SKU-7424,,100899,Alpha,,,,Austin,100053,,,Standard,100357,,,,,,,,,,101572,,Performance,100365,Voluntary,,N,Exceeded,Noted a concern to revisit at the next sync.,Canada,100678,Placement,,,LOT-9426,105997,,,Gamma,,,100741,
100741,Placement,108050,omar.blake@sampleco.test,Omar Larsson,2025-12-29 20:45:00,nina.silva@demomail.test,Quinn Okafor,2024-01-29 23:56:00,reese.nguyen@sampleco.test,Priya Brooks,2023-04-28 20:34:00,,,,Y,Elena Whitfield,101485,Summit Group Ltd,Marketing,Skyler Cohen,Data Analyst,2026-01-22,,Active - Terminated,100242,100125,100428,Marketing,,SKU-2128,5110,Beta,8169,7922,4860,Alpha,Delta,100466,,Data Analyst Placement,,100217,"10,844",Yes,sofia.blake@demomail.test,*NONE,100476,Chen Larsson,101572,,,,,,,,Backfill,LOT-3442,SKU-7577,101079,Delta,,,,Manila,100021,,,Beta,100667,,,,,,,,,,101121,,,100696,Voluntary,100007,Y,Met Expectations,,Germany,100779,Placement,100785,,LOT-6333,105364,,,Delta,,,100256,
100168,Placement,108051,elena.reyes@acme-fake.test,Nina Mercer,2023-12-26 04:12:00,fatima.whitfield@sampleco.test,Mei Mercer,2026-01-07 13:30:00,arjun.ivanov@sampleco.test,Elena Reyes,2025-02-21 13:41:00,,,,Y,Noah Mensah,101409,Everest Robotics Group,Finance,Fatima Ashby,QA Engineer,2024-09-18,,Active - Placed,100320,100232,100174,Finance,100667,REF-1767,8227,Standard,2750,260,4720,Beta,Delta,100172,,QA Engineer Placement,,,"9,636",No,rahul.mensah@acme-fake.test,*NONE,100134,Aisha Sloan,101571,Standard,,,,,,,New,LOT-6933,LOT-1841,101302,Other,,,,Mumbai,100219,,,Standard,100047,,,,,,,,,,101205,,,100707,,100528,Y,Met Expectations,,Australia,100664,Placement,,,REF-1179,106210,,,Other,,,,
100050,Placement,108054,marco.ivanov@examplecorp.test,Elena Sato,2023-04-09 14:45:00,sofia.silva@acme-fake.test,Morgan Larsson,2026-05-21 04:43:00,liam.silva@demomail.test,Reese Haddad,2023-01-06 10:47:00,,,,N,Diego Brooks,100972,Pioneer Ventures Corp,Operations,Alex Sloan,Financial Analyst,2025-06-29,,Active - Placed,100103,100611,100478,Operations,,TAG-2693,2189,Standard,123,5292,6676,Gamma,Alpha,100434,,Financial Analyst Placement,,100429,"3,675",No,morgan.ford@acme-fake.test,Evergreen Textiles Ltd,,Skyler Okafor,101115,Other,,100169,,,,,Backfill,REF-4417,LOT-6521,101771,Beta,,,,Bengaluru,100232,,,Gamma,100345,,,,,,,,,,101095,,,100233,Involuntary,100275,N,Exceeded,,Mexico,100629,Placement,,,TAG-5358,105121,,,Gamma,,,100183,
100153,Placement,108056,avery.reyes@examplecorp.test,Marco Brooks,2023-03-16 01:16:00,rowan.larsson@acme-fake.test,Elena Blake,2024-10-05 11:43:00,riley.garcia@demomail.test,Chen Kim,2023-10-19 05:25:00,,,,Y,Sofia Dorsey,101191,Lakeside Dynamics LLP,Recruiting,Rowan Whitfield,Marketing Coordinator,2026-05-26,2026-07-27,Inactive,,100244,100574,Recruiting,100073,LOT-4872,2294,Other,1862,3697,4134,Beta,Beta,100439,,Marketing Coordinator Placement,,100532,"5,091",Yes,emerson.patel@examplecorp.test,*NONE,,Casey Sloan,101007,Standard,,,,,,,New,LOT-7766,SKU-1441,101760,Other,,,,Chicago,100616,,,Gamma,100669,,,,,,,,,,101507,,,100453,Involuntary,100003,N,,Resolved the outstanding question about scope.,United Kingdom,100634,Placement,,,TAG-2832,105824,,,Standard,,,,
100714,Placement,108058,taylor.sloan@demomail.test,Yara Mercer,2026-04-22 01:36:00,riley.vance@sampleco.test,Chen Vance,2023-08-31 00:39:00,mei.cohen@demomail.test,Noah Okafor,2023-01-01 20:45:00,,,,Y,Yara Ivanov,100951,Cardinal Logistics Inc,Software Engineering,Omar Ashby,HR Generalist,2024-08-20,,Active - Placed,100029,100204,100429,Software Engineering,100264,LOT-4736,5254,Delta,4579,4243,9764,Alpha,Other,100667,,HR Generalist Placement,,100082,"5,781",No,taylor.garcia@examplecorp.test,Keystone Analytics Ltd,100542,Liam Silva,101614,Alpha,,100396,549,,,,Backfill,SKU-3842,,101115,Standard,,,,Dallas,100277,,,Other,100183,,,,,,,,,,100994,,,,,100109,N,Exceeded,,Germany,100473,Placement,,,LOT-1794,106426,,,Delta,,,100784,
