ITEM_INSTANCE_TRAN_ID,AREA_ID,AREA_NAME,ITEM_ID,ITEM_NAME,FORM_STATUS,FORM_URL,AREA_ACTIVE_STATUS,FORM_ACTIVE_STATUS,CREATED_DATETIME,CREATED_BY_SAM,MODIFIED_DATETIME,MODIFIED_BY,CREATED_BY_DISPLAY_NAME,MODIFIED_BY_DISPLAY_NAME,CREATED_BY_BASIC_NAME,CREATED_BY_SUBDEPARTMENT,CREATED_BY_JOB_FUNCTION,CREATED_BY_JOB_TITLE,CREATED_BY_SUPERVISOR_SAM_STATIC,CREATED_BY_SUPERVISOR_DISPLAY_NAME_STATIC,CREATED_BY_SUPERVISOR_SAM_DYNAMIC,CREATED_BY_SUPERVISOR_DISPLAY_NAME_DYNAMIC,CREATED_BY_EMPLOYEE_STATUS,FORM_POINTS_AVAILABLE,FORM_POINTS_EARNED,FORM_OVERALL_SCORE,CREATED_DATETIME_MONTH_NAME,CREATED_DATETIME_DATE,CREATED_DATETIME_YEAR,CREATED_DATETIME_MONTH_NUMBER,CREATED_DATETIME_QUARTER,CREATED_DATETIME_YEARMONTH,CREATED_DATETIME_YEARQUARTER,CREATED_DATETIME_DATERANGE,CREATED_DATETIME_WEEK_NUMBER,CREATED_DATETIME_WEEK,CREATED_DATETIME_DAY_OF_WEEK_NAME,CREATED_DATETIME_MONTHS_SINCE,CREATED_DATETIME_WEEKS_SINCE,CREATED_DATETIME_DAYS_SINCE,CREATED_DATETIME_MONTHS_SINCE_CATEGORY,CREATED_DAY_OF_MONTH,CREATED_DAY_OF_YEAR,FINALIZED_DATETIME_MONTH_NAME,FINALIZED_DATETIME_DATE,FINALIZED_DATETIME_YEAR,FINALIZED_DATETIME_MONTH_NUMBER,FINALIZED_DATETIME_QUARTER,FINALIZED_DATETIME_YEARMONTH,FINALIZED_DATETIME_YEARQUARTER,FINALIZED_DATETIME_DATERANGE,FINALIZED_DATETIME_DAY_OF_WEEK_NAME,FINALIZED_DATETIME_WEEK,FINALIZED_DATETIME_MONTHS_SINCE,FINALIZED_DATETIME_WEEKS_SINCE,FINALIZED_DATETIME_DAYS_SINCE,FINALIZED_DATETIME_MONTHS_SINCE_CATEGORY,FINALIZED_DAY_OF_MONTH,FINALIZED_DAY_OF_YEAR,FINALIZED_DATETIME_WEEK_NUMBER,FORM_CASE_CREATED,FORM_CASE_URL,FORM_CASE_SYSTEM_STATUS,FORM_CASE_CASE_TYPE_STATUS,FORM_CASE_THRESHOLD,FORM_CASE_THRESHOLD_URL,FORM_CASE_TITLE,FORM_CASE_ASSIGNEE_SAM,FORM_CASE_DUE_STATUS,FORM_BLOCKCHAIN_LOG_URL,FORM_TRIGGER_LOG_URL,FORM_PDF_URL,Company,Company _EXD_OBJECT_ID,Employee Name,Employee Name_EXD_OBJECT_ID,Position,Position_EXD_OBJECT_ID,Company Department,Manager,Manager_EXD_OBJECT_ID,Relay Department,Relay Department_EXD_OBJECT_ID,Survey Date,ITEM_OWNER,ITEM_OWNER_DISPLAY_NAME,ITEM_STATUS,CUSTOMER COMPANY NAME,CUSTOMER COMPANY NAME_EXD_OBJECT_ID,RELAY SUPERVISOR,RELAY SUPERVISOR_EXD_OBJECT_ID,RESOURCE NAME,RESOURCE NAME_EXD_OBJECT_ID,DATE,RESOURCE,RESOURCE_EXD_OBJECT_ID
700001,100256,Resource Care,100753,Customer Success Check-In,Draft,Reviewed performance and gathered feedback.,Y,Y,LOT-6810,elena.cohen@sampleco.test,2025-11-09 18:39:00,quinn.dorsey@acme-fake.test,Omar Mensah,Noah Ford,Diego Mercer,,,Elena Garcia,avery.cohen@acme-fake.test,Mei Dorsey,arjun.cohen@examplecorp.test,Skyler Reyes,Y,5.3,6.1,5.7,Rowan Calder,2026-06-18 10:37:00,8096,7064,Alpha,Gamma,Other,SKU-4466,9704,2481,Chen Patel,,,,,5470,8342,Omar Vance,2023-05-16 15:06:00,6469,6302,Alpha,Beta,Standard,Gamma,Fatima Dorsey,4930,,,,,3675,1953,8165,Y,,,,Delta,Aligned on billing and renewal terms.,,taylor.cohen@demomail.test,,Followed up on the open items from last week.,noah.ivanov@acme-fake.test,mei.calder@sampleco.test,,100325,,,,,,,,,100554,,mei.dorsey@sampleco.test,Fatima Whitfield,Y,Meridian Logistics Corp,100062,REF-6297,101512,Skyler Patel,101787,,,101002
700002,100750,Customer Management,100451,Wellness Check-In,Final,Aligned on billing and renewal terms.,Y,Y,LOT-3738,noah.cohen@acme-fake.test,2024-02-03 22:37:00,avery.ivanov@sampleco.test,Priya Ford,Reese Garcia,Arjun Okafor,,,Avery Kim,omar.mercer@sampleco.test,,quinn.sloan@sampleco.test,Jordan Vance,Y,6.5,5.6,3.6,Liam Calder,2025-12-29 01:58:00,9305,2824,Gamma,Standard,Other,TAG-2460,6807,9280,Casey Patel,,,,,796,6204,Reese Cohen,2026-07-29 03:43:00,,979,Alpha,Other,Standard,Gamma,Morgan Cohen,4827,,,,,2281,6754,6708,Y,,,,Beta,Reviewed performance and gathered feedback.,,noah.patel@examplecorp.test,,Reviewed performance and gathered feedback.,avery.ivanov@demomail.test,taylor.rossi@demomail.test,,100652,,,,100509,,,,,,,priya.costa@demomail.test,,Y,Delta Networks LLC,100412,SKU-6421,101610,Arjun Kim,101684,,SKU-4580,101105
700003,100232,Customer Management,100627,Customer Success Check-In,Final,Followed up on the open items from last week.,Y,Y,REF-5970,priya.brooks@examplecorp.test,2025-03-07 22:27:00,nina.mercer@sampleco.test,Rahul Rossi,Aisha Brooks,Mei Mensah,,,Taylor Dorsey,avery.okafor@demomail.test,Yara Whitfield,sofia.garcia@sampleco.test,Morgan Rossi,N,6.0,7.7,5.6,Quinn Reyes,2024-11-15 04:30:00,1757,7798,Delta,Alpha,Beta,REF-3450,2090,795,Chen Sloan,,,,,9102,3003,Taylor Sloan,2022-11-26 13:35:00,1418,6625,Alpha,Standard,Standard,Other,Mei Sato,1273,,,,,9721,8172,7444,Y,,,,Alpha,Reviewed performance and gathered feedback.,,taylor.silva@examplecorp.test,,Reviewed performance and gathered feedback.,reese.mercer@sampleco.test,jamie.calder@demomail.test,,100771,,101401,,100345,,,100997,,,,avery.sato@acme-fake.test,Jordan Silva,N,,100115,SKU-1049,101697,Omar Ford,100929,,,100970
700004,100747,Customer Management,100267,Quarterly Review,Final,Reviewed performance and gathered feedback.,Y,Y,SKU-9839,riley.costa@sampleco.test,2025-02-10 08:12:00,jamie.blake@sampleco.test,Elena Mercer,Casey Ashby,,,REF-3754,,aisha.cohen@demomail.test,Marco Nguyen,casey.nguyen@examplecorp.test,,Y,3.5,4.6,2.8,Quinn Okafor,2026-02-16 01:32:00,5719,5186,Beta,Beta,Other,TAG-8732,5256,2636,Skyler Garcia,,,,,6649,3028,Morgan Kim,2024-01-25 12:37:00,3889,7801,Delta,,Standard,Alpha,Nina Ivanov,,,,,,3568,4458,5484,Y,,,,Alpha,Aligned on billing and renewal terms.,Rahul Costa,arjun.silva@acme-fake.test,,Reviewed performance and gathered feedback.,rowan.blake@acme-fake.test,noah.brooks@acme-fake.test,,100022,,101156,,100475,,,,,100516,,sofia.haddad@demomail.test,Yara Dorsey,N,Horizon Dynamics Ltd,100239,TAG-3462,101572,Sofia Ivanov,101292,,,101368
700005,100441,Resource Care,100540,Wellness Check-In,Final,Aligned on billing and renewal terms.,Y,Y,REF-2107,liam.calder@examplecorp.test,2025-03-06 01:26:00,marco.patel@sampleco.test,Quinn Sato,Sofia Patel,Rowan Mercer,,,Alex Brooks,riley.okafor@demomail.test,Casey Nguyen,jamie.okafor@sampleco.test,,N,6.8,6.0,4.0,Casey Reyes,2023-06-26 14:43:00,8212,5758,Beta,Delta,Gamma,LOT-4071,4048,9083,Omar Nguyen,,,,,6040,6939,Morgan Ashby,2025-04-14 13:35:00,2639,4495,,Standard,Other,Delta,Alex Mercer,8078,,,,,7126,8448,7953,N,,,,,Resolved the outstanding question about scope.,Noah Dorsey,mei.sloan@demomail.test,,Shared the updated proposal for review.,emerson.okafor@examplecorp.test,avery.dorsey@examplecorp.test,,100082,,,,,,,101322,,100012,,aisha.reyes@examplecorp.test,Mei Patel,N,Redwood Systems Group,100446,LOT-3709,100966,Alex Sloan,101146,,,101736
700006,100786,Customer Management,100740,Customer Success Check-In,Final,Aligned on billing and renewal terms.,N,Y,SKU-1687,aisha.haddad@sampleco.test,2023-08-01 09:47:00,fatima.patel@acme-fake.test,Taylor Okafor,Jamie Mensah,Omar Vance,,TAG-9271,Avery Vance,casey.costa@examplecorp.test,Emerson Blake,omar.haddad@acme-fake.test,Jamie Sato,Y,2.6,1.4,4.9,Rowan Okafor,2025-07-24 21:53:00,5433,7173,Beta,Gamma,Delta,REF-2829,8106,4271,Yara Calder,,,,,1119,1072,Arjun Sato,2026-01-25 11:19:00,3795,9744,Alpha,Alpha,Beta,Gamma,Mei Mercer,3209,,,,,7903,3212,6640,Y,LOT-2275,,,,Resolved the outstanding question about scope.,,taylor.brooks@acme-fake.test,,Reviewed performance and gathered feedback.,jamie.costa@acme-fake.test,mei.calder@sampleco.test,,100548,,,,100016,,,,,,,riley.sloan@examplecorp.test,Mei Nguyen,Y,Silverline Industries LLP,100191,SKU-3555,101029,Diego Nguyen,101371,,REF-3433,101079
700007,100572,Customer Management,100680,Wellness Check-In,Final,Resolved the outstanding question about scope.,N,Y,SKU-5813,morgan.brooks@examplecorp.test,2025-12-16 15:52:00,casey.vance@sampleco.test,Diego Blake,Aisha Costa,Jordan Sato,,,,arjun.dorsey@examplecorp.test,Noah Ford,noah.patel@examplecorp.test,Rahul Ivanov,N,4.4,3.5,4.9,Sofia Ford,2026-06-16 07:11:00,2592,5054,Delta,Other,Delta,TAG-4607,7550,5351,Liam Sloan,,,,,3223,72,Skyler Rossi,2023-10-22 09:01:00,8809,,Alpha,Beta,Beta,Beta,Jamie Kim,8333,,,,,601,9460,6033,Y,,,,Beta,Noted a concern to revisit at the next sync.,,priya.larsson@sampleco.test,,Shared the updated proposal for review.,alex.sato@acme-fake.test,alex.ashby@sampleco.test,,100774,,101485,,,,,101146,,100172,,nina.reyes@demomail.test,Diego Ford,N,Keystone Ventures Co,100307,REF-6915,101531,Jordan Larsson,101211,,,101095
700008,100645,Resource Care,100153,Quarterly Review,Draft,Scheduled a check-in for the coming month.,Y,Y,REF-7857,diego.sloan@examplecorp.test,2025-11-02 06:04:00,elena.garcia@demomail.test,Reese Haddad,Jamie Okafor,,,LOT-2689,,yara.calder@sampleco.test,Liam Ivanov,avery.haddad@demomail.test,Jordan Ashby,N,9.7,6.7,7.5,Rowan Patel,2023-02-02 10:21:00,1925,9008,Standard,Delta,Delta,REF-8265,9450,5741,Marco Brooks,,,,,4278,369,Arjun Reyes,2025-07-16 05:32:00,1198,,Beta,Gamma,Beta,Other,Riley Reyes,9615,,,,,9685,4427,9336,N,,,,Other,Noted a concern to revisit at the next sync.,,avery.vance@acme-fake.test,,Reviewed performance and gathered feedback.,riley.sato@examplecorp.test,omar.blake@sampleco.test,,100201,,101606,,100765,,,,,100328,,aisha.cohen@demomail.test,Chen Costa,N,Silverline Group Co,100481,SKU-3100,101366,Skyler Ford,101095,,,101278
700009,100077,Resource Care,100686,Wellness Check-In,Final,Discussed timeline and next steps with the account.,N,Y,TAG-7950,rahul.sloan@sampleco.test,2025-06-16 23:08:00,liam.okafor@demomail.test,Diego Ford,Taylor Patel,Nina Nguyen,,,Nina Silva,arjun.kim@demomail.test,,arjun.sloan@sampleco.test,Noah Costa,N,6.6,3.9,1.7,Jordan Mensah,2024-05-13 15:16:00,1010,7649,Delta,Gamma,Beta,REF-8308,8843,1118,Drew Costa,,,,,1194,2616,Chen Vance,2026-02-12 20:32:00,4455,8483,Standard,Delta,Alpha,,Aisha Blake,7643,,,,,2078,743,2513,N,,Standard,,Delta,Shared the updated proposal for review.,,nina.mensah@demomail.test,,Scheduled a check-in for the coming month.,yara.larsson@sampleco.test,fatima.patel@acme-fake.test,,100713,,101201,,100281,,,101707,,,,mei.nguyen@examplecorp.test,Fatima Dorsey,Y,Delta Robotics LLC,100305,TAG-4196,100965,Priya Nguyen,101322,,,100796
700010,100224,Resource Care,100185,Quarterly Review,Final,Scheduled a check-in for the coming month.,N,Y,TAG-3700,quinn.rossi@sampleco.test,2025-09-22 11:14:00,drew.patel@sampleco.test,Liam Ashby,Arjun Sato,,,,Jordan Dorsey,omar.brooks@acme-fake.test,,taylor.whitfield@examplecorp.test,Rowan Costa,Y,5.0,1.7,6.7,Mei Whitfield,2024-07-10 03:20:00,3344,1642,Beta,Other,Alpha,REF-9940,5668,8828,Elena Garcia,,,,,5079,9776,Aisha Ivanov,2025-11-17 21:58:00,558,,Other,Delta,Gamma,Gamma,Aisha Mercer,6247,,,,,4072,9260,6765,Y,REF-7026,,,Delta,Reviewed performance and gathered feedback.,,casey.nguyen@examplecorp.test,,Scheduled a check-in for the coming month.,nina.costa@examplecorp.test,nina.costa@demomail.test,,100361,,100850,,,,,101024,,,,noah.blake@acme-fake.test,Priya Mercer,Y,Silverline Manufacturing LLC,100453,TAG-4271,101354,Morgan Ashby,100870,,,101246
700011,100291,Resource Care,100042,Wellness Check-In,Draft,Resolved the outstanding question about scope.,N,N,TAG-7898,omar.brooks@demomail.test,2026-07-29 12:15:00,drew.rossi@demomail.test,Rowan Sloan,Jamie Whitfield,Drew Mensah,,LOT-1104,Quinn Vance,arjun.sloan@acme-fake.test,Fatima Dorsey,diego.calder@sampleco.test,Rowan Garcia,Y,1.6,7.3,7.2,Arjun Nguyen,2023-11-22 16:10:00,5592,9071,Other,Gamma,Delta,REF-3371,4596,3467,Mei Ashby,,,,,8880,7876,Elena Haddad,2025-03-27 08:41:00,1172,292,Standard,Alpha,Delta,Alpha,Casey Haddad,5115,,,,,233,8559,8446,N,,,,Delta,Resolved the outstanding question about scope.,,riley.patel@examplecorp.test,,Resolved the outstanding question about scope.,skyler.nguyen@acme-fake.test,omar.ivanov@examplecorp.test,,100638,,,,,,,101646,,,,taylor.calder@acme-fake.test,Chen Kim,Y,Meridian Media Group,100458,SKU-2350,101353,Morgan Larsson,100817,,TAG-6036,101338
700012,100785,Resource Care,100470,Quarterly Review,Final,Resolved the outstanding question about scope.,N,N,SKU-7252,liam.silva@sampleco.test,2023-02-05 01:06:00,diego.whitfield@examplecorp.test,Fatima Kim,Elena Sloan,,,,,yara.silva@demomail.test,Rowan Sloan,jordan.sloan@examplecorp.test,,Y,1.7,5.1,1.6,Omar Patel,2025-12-22 07:46:00,6796,6690,Alpha,Gamma,Gamma,REF-9375,1263,1837,Priya Blake,,,,,9260,2461,Rowan Sloan,2024-07-27 12:55:00,1977,4151,Other,Beta,Delta,Standard,Emerson Whitfield,7436,,,,,5460,3673,1085,N,,,,Other,,,avery.ford@demomail.test,Other,Noted a concern to revisit at the next sync.,skyler.larsson@acme-fake.test,quinn.rossi@sampleco.test,,100109,,,,100278,,,,,100651,,rowan.reyes@examplecorp.test,Rowan Kim,Y,Harbor Group Corp,100532,REF-6044,101530,Omar Sato,101493,,,101730
700013,100697,Customer Management,100335,Wellness Check-In,Draft,Followed up on the open items from last week.,Y,N,TAG-2626,nina.cohen@demomail.test,2026-06-15 00:14:00,omar.mercer@demomail.test,Emerson Vance,Marco Vance,Skyler Calder,,SKU-6832,Riley Ford,jamie.sato@demomail.test,Drew Nguyen,taylor.sato@sampleco.test,Rowan Vance,Y,6.3,7.5,8.1,Rahul Ivanov,2025-01-07 04:17:00,8971,5451,Alpha,Standard,Delta,TAG-9019,694,9159,Jamie Larsson,,,,,3750,9774,Liam Patel,2024-06-23 15:45:00,9298,8770,Other,Beta,Beta,Delta,Avery Dorsey,7846,,,,,5884,8108,6654,N,,,,Gamma,Followed up on the open items from last week.,,reese.ashby@demomail.test,,Shared the updated proposal for review.,casey.ford@demomail.test,quinn.ivanov@examplecorp.test,,100601,,101687,,100345,,,,,100392,,skyler.nguyen@sampleco.test,,N,Meridian Energy Corp,100700,TAG-1945,100843,Nina Whitfield,101743,,,100933
700014,100790,Customer Management,100320,Customer Success Check-In,Final,Shared the updated proposal for review.,N,Y,LOT-6412,sofia.ashby@demomail.test,2026-03-17 17:19:00,diego.blake@demomail.test,Diego Sloan,Diego Sloan,,Delta,TAG-5057,,riley.kim@demomail.test,,noah.costa@demomail.test,,N,3.5,6.1,1.1,Nina Reyes,2024-02-11 09:26:00,5467,268,Standard,Standard,Alpha,LOT-3965,6900,1880,Nina Silva,,,,,5256,7394,Taylor Mercer,2022-10-30 10:44:00,9552,4741,Alpha,Delta,Other,,Chen Mensah,,,,,,8204,7401,9284,N,,,,,Discussed timeline and next steps with the account.,,riley.ashby@demomail.test,,Reviewed performance and gathered feedback.,priya.dorsey@acme-fake.test,drew.nguyen@demomail.test,,100656,,100892,,100664,,,,,100624,,omar.calder@sampleco.test,Casey Costa,Y,Northwind Networks Inc,100775,TAG-3082,101103,Noah Ashby,101455,,,101159
700015,100519,Customer Management,100542,Customer Success Check-In,Final,Followed up on the open items from last week.,Y,N,REF-1235,sofia.larsson@demomail.test,2023-12-13 03:13:00,chen.okafor@acme-fake.test,Quinn Haddad,Jordan Costa,,,SKU-6814,Quinn Sato,aisha.ford@acme-fake.test,,sofia.mercer@demomail.test,Avery Patel,Y,2.4,9.5,1.5,Riley Brooks,2024-08-09 19:08:00,8060,6550,Other,Alpha,Gamma,LOT-2466,3001,3035,Drew Blake,,,,,376,8563,Taylor Ford,2023-01-17 06:36:00,8748,2665,Alpha,Other,Other,Gamma,Priya Garcia,6311,,,,,6830,8711,2762,N,,,,Gamma,,,sofia.brooks@sampleco.test,,Resolved the outstanding question about scope.,liam.brooks@examplecorp.test,rowan.reyes@examplecorp.test,,100012,,101105,,100468,,,101694,,,,drew.costa@acme-fake.test,Yara Patel,N,Silverline Holdings Group,100291,REF-8326,101050,,101673,,,101731
700016,100442,Resource Care,100396,Wellness Check-In,Draft,Aligned on billing and renewal terms.,Y,N,SKU-9207,alex.ashby@examplecorp.test,2023-10-12 02:37:00,fatima.reyes@demomail.test,Alex Blake,Quinn Ashby,Reese Ivanov,,LOT-3765,Avery Rossi,quinn.cohen@sampleco.test,Elena Haddad,nina.whitfield@acme-fake.test,Jamie Patel,Y,4.3,9.3,4.6,Omar Kim,2026-02-12 03:11:00,3033,4895,Beta,Other,Gamma,TAG-1494,7183,8102,Drew Garcia,,,,,1316,9860,Jamie Haddad,2026-03-10 23:52:00,2467,3144,Gamma,Other,Delta,Beta,,2256,,,,,6378,8822,7432,Y,,,,Gamma,Resolved the outstanding question about scope.,,quinn.mercer@sampleco.test,,Resolved the outstanding question about scope.,liam.sato@sampleco.test,avery.ashby@examplecorp.test,,100118,,101349,,100495,,,,,100787,,quinn.mensah@acme-fake.test,Rahul Costa,Y,Horizon Industries,100005,SKU-9168,101444,Marco Mensah,100965,,,101691
700017,100221,Customer Management,100350,Customer Success Check-In,Final,Reviewed performance and gathered feedback.,N,Y,LOT-4738,arjun.haddad@examplecorp.test,2025-10-31 10:15:00,fatima.reyes@examplecorp.test,Noah Ford,Elena Sato,,,REF-3758,Riley Larsson,reese.mensah@sampleco.test,Fatima Ashby,diego.ashby@sampleco.test,,Y,3.7,5.8,7.4,Chen Mercer,2024-12-06 16:49:00,2158,9549,Beta,Standard,Beta,LOT-4687,8872,3937,Elena Vance,,,,,633,320,,2023-11-20 12:29:00,6221,7459,Other,Beta,Delta,Other,Arjun Mensah,1132,,,,,1368,4446,2106,Y,,,,,Resolved the outstanding question about scope.,,diego.brooks@demomail.test,,Discussed timeline and next steps with the account.,skyler.dorsey@demomail.test,arjun.kim@examplecorp.test,,100475,,,,,,,,,,,diego.ford@examplecorp.test,Marco Kim,Y,Pioneer Dynamics Co,100065,SKU-2611,100822,Morgan Larsson,101376,,,101691
700018,100441,Customer Management,100263,Customer Success Check-In,Final,Resolved the outstanding question about scope.,Y,N,LOT-4075,avery.calder@acme-fake.test,2024-08-24 06:04:00,elena.haddad@acme-fake.test,Emerson Blake,Jordan Patel,Aisha Cohen,,,Avery Patel,drew.brooks@sampleco.test,Fatima Costa,morgan.vance@acme-fake.test,Drew Rossi,Y,9.7,7.4,8.2,Arjun Vance,2025-01-25 13:35:00,1752,460,Alpha,Other,Gamma,REF-8153,6551,5606,Nina Silva,,,,,948,2403,Casey Blake,2022-12-11 10:38:00,9513,2453,Standard,Delta,,Alpha,Sofia Sato,3362,,,,,8525,5143,750,N,,,,Other,Noted a concern to revisit at the next sync.,,rowan.ford@demomail.test,,Reviewed performance and gathered feedback.,alex.ashby@acme-fake.test,taylor.calder@examplecorp.test,,100292,,101452,,,,,,,,,priya.okafor@sampleco.test,Marco Dorsey,N,Northwind Group Group,100494,REF-5192,101730,,101017,,,101424
700019,100659,Resource Care,100214,Quarterly Review,Draft,Aligned on billing and renewal terms.,N,N,REF-6297,reese.larsson@acme-fake.test,2026-07-09 12:43:00,jamie.larsson@examplecorp.test,Skyler Cohen,Reese Patel,Chen Ivanov,,SKU-7818,Morgan Costa,aisha.ford@sampleco.test,Elena Ivanov,omar.rossi@sampleco.test,,Y,3.4,3.0,9.4,Taylor Ivanov,2025-08-20 21:00:00,2823,8264,Standard,Delta,Other,TAG-1435,6326,6702,Rowan Vance,,,,,5104,8843,Rowan Haddad,2023-01-01 04:01:00,1232,5787,,Delta,Beta,Beta,,116,,,,,9866,6243,1638,Y,,,,Beta,,,drew.haddad@examplecorp.test,,Resolved the outstanding question about scope.,taylor.mercer@demomail.test,omar.patel@demomail.test,,100399,,101455,,100461,,,101625,,100467,,alex.calder@demomail.test,Skyler Cohen,N,Ironwood Networks LLP,100741,REF-5252,101580,Noah Blake,101347,,,101353
700020,100252,Resource Care,100165,Customer Success Check-In,Final,Resolved the outstanding question about scope.,Y,N,REF-7359,rahul.sloan@demomail.test,2026-02-06 08:41:00,marco.dorsey@examplecorp.test,Rowan Garcia,Yara Mercer,Rowan Ivanov,,TAG-1182,Liam Sato,chen.brooks@examplecorp.test,Marco Sloan,drew.ivanov@acme-fake.test,Morgan Kim,Y,7.4,7.1,1.6,Priya Sloan,2025-04-27 17:01:00,224,4288,Gamma,Gamma,Alpha,LOT-1309,3469,9258,Nina Ford,,,,,3333,6716,Quinn Sato,2024-03-02 19:01:00,2165,9211,Alpha,Standard,,,Elena Ivanov,4203,,,,,1718,3832,2904,Y,,,,Gamma,Followed up on the open items from last week.,,fatima.calder@sampleco.test,,Discussed timeline and next steps with the account.,nina.ford@sampleco.test,sofia.dorsey@acme-fake.test,,100665,,101105,,,,,100963,,,,diego.sloan@demomail.test,Chen Kim,N,Atlas Dynamics Inc,100062,LOT-6110,101724,Riley Sloan,100887,,,100984
700021,100115,Resource Care,100656,Quarterly Review,Final,Aligned on billing and renewal terms.,N,N,REF-5088,rahul.okafor@acme-fake.test,2023-10-05 02:26:00,priya.sloan@demomail.test,Rahul Vance,Casey Sloan,Jordan Ivanov,,,Mei Haddad,elena.nguyen@examplecorp.test,Omar Dorsey,omar.ford@acme-fake.test,Riley Reyes,N,4.9,3.4,7.0,Rowan Costa,2025-07-17 22:45:00,7333,6370,Other,Delta,Delta,REF-8809,8726,8902,Elena Sato,,,,,8837,4338,Morgan Mensah,2025-10-19 00:46:00,157,2902,Beta,Standard,Standard,Other,Sofia Okafor,9439,,,,,3261,9738,6388,Y,,,,Standard,Resolved the outstanding question about scope.,,casey.reyes@acme-fake.test,,Scheduled a check-in for the coming month.,elena.vance@sampleco.test,taylor.ashby@demomail.test,,100109,,101515,,100357,,,,,100073,,drew.kim@demomail.test,Casey Mensah,N,Keystone Labs LLC,100745,SKU-6000,100834,Rowan Sloan,101724,,,101328
700022,100047,Customer Management,100593,Quarterly Review,Final,Reviewed performance and gathered feedback.,N,N,LOT-9046,quinn.ford@sampleco.test,2025-03-05 22:24:00,marco.blake@acme-fake.test,Quinn Vance,Noah Sloan,,,TAG-8902,Riley Sloan,riley.calder@demomail.test,Avery Ford,arjun.whitfield@acme-fake.test,Chen Whitfield,Y,5.1,3.1,6.7,Sofia Ashby,2026-02-24 01:28:00,2752,5880,Alpha,Beta,Alpha,REF-3005,8503,5496,Noah Larsson,,,,,5134,471,Riley Ivanov,2026-05-02 23:12:00,6287,6935,Gamma,Gamma,Beta,Other,Priya Ivanov,5560,,,,,9665,1408,7458,N,,,,Alpha,Discussed timeline and next steps with the account.,,jordan.okafor@demomail.test,,Aligned on billing and renewal terms.,rahul.ivanov@examplecorp.test,riley.whitfield@sampleco.test,,100587,,101652,,,,,101032,,,,drew.ashby@demomail.test,,Y,Horizon Media Co,100658,LOT-8774,101357,Aisha Silva,100831,,,101140
700023,100311,Customer Management,100654,Customer Success Check-In,Final,Reviewed performance and gathered feedback.,Y,Y,SKU-1148,aisha.blake@examplecorp.test,2022-10-25 07:06:00,jordan.nguyen@examplecorp.test,Morgan Cohen,Elena Blake,Priya Larsson,,TAG-6754,Casey Whitfield,mei.blake@acme-fake.test,Reese Larsson,skyler.kim@demomail.test,,N,8.7,4.6,8.2,Morgan Calder,2025-11-22 13:41:00,5405,5075,Other,Alpha,Gamma,LOT-7199,3138,4018,Riley Ford,,,,,831,4871,Rowan Reyes,2023-01-28 14:02:00,4737,8339,Beta,Standard,Gamma,Delta,,9438,,,,,6324,8547,3421,Y,,,,Alpha,Aligned on billing and renewal terms.,,priya.dorsey@demomail.test,,Noted a concern to revisit at the next sync.,yara.larsson@demomail.test,riley.whitfield@sampleco.test,,100134,,100984,,100665,,,101386,,100345,,jamie.okafor@demomail.test,Diego Mercer,Y,Evergreen Solutions Ltd,100791,SKU-2266,101505,Avery Blake,101343,,,101121
700024,100467,Resource Care,100082,Wellness Check-In,Final,Scheduled a check-in for the coming month.,Y,Y,TAG-6849,sofia.silva@examplecorp.test,2024-03-05 22:12:00,marco.reyes@demomail.test,Noah Blake,Emerson Blake,Chen Ashby,,,,aisha.okafor@sampleco.test,Priya Calder,priya.whitfield@acme-fake.test,,Y,4.7,1.3,4.7,Mei Calder,2023-01-10 14:24:00,8268,5330,Delta,Delta,Alpha,TAG-3723,1560,2697,Jordan Rossi,,,,,3491,5199,Yara Nguyen,2025-01-05 22:40:00,9439,6803,Alpha,,Delta,Other,,1207,,,,,8925,9811,3716,N,,,,Alpha,Scheduled a check-in for the coming month.,Omar Vance,omar.ashby@sampleco.test,,Resolved the outstanding question about scope.,riley.okafor@examplecorp.test,aisha.patel@examplecorp.test,,100191,,101501,,100487,,,101771,,100305,,noah.okafor@sampleco.test,,Y,Copper Networks,100753,SKU-6926,101062,Quinn Kim,101076,,,100972
700025,100155,Customer Management,100016,Quarterly Review,Final,Reviewed performance and gathered feedback.,N,N,LOT-1226,casey.silva@acme-fake.test,2024-05-01 18:40:00,chen.ashby@examplecorp.test,Noah Mercer,Jamie Sato,Rahul Sato,,LOT-4306,Quinn Vance,omar.vance@demomail.test,Elena Garcia,reese.ford@acme-fake.test,Fatima Brooks,N,3.3,1.7,3.4,Riley Brooks,2023-09-29 21:14:00,5275,1335,Delta,Alpha,Standard,SKU-8302,1670,5083,Omar Kim,,,,,4951,9243,Skyler Garcia,2023-05-06 18:28:00,7410,4118,Standard,Gamma,Beta,Delta,Diego Ford,9700,,,,,3990,3707,62,N,,,,Delta,Followed up on the open items from last week.,,chen.patel@examplecorp.test,,Followed up on the open items from last week.,jordan.silva@sampleco.test,skyler.vance@acme-fake.test,,100043,,101380,,,,,101325,,100758,,diego.larsson@examplecorp.test,Rowan Larsson,N,Copper Logistics Group,100125,REF-9859,100870,Fatima Vance,101152,,,100867
700026,100236,Customer Management,100068,Customer Success Check-In,Final,Scheduled a check-in for the coming month.,N,N,REF-3885,skyler.ashby@examplecorp.test,2023-08-23 04:35:00,aisha.mercer@examplecorp.test,Jordan Mercer,Taylor Garcia,Drew Brooks,,LOT-8747,,marco.kim@sampleco.test,Noah Sloan,casey.vance@examplecorp.test,,Y,2.8,6.9,5.6,Morgan Okafor,2023-08-23 00:06:00,9249,7922,Beta,Gamma,Gamma,LOT-6532,2973,7462,Omar Ivanov,,,,,7434,3233,Drew Ashby,2025-05-04 01:02:00,2043,4168,Gamma,Beta,Standard,Alpha,Arjun Sloan,271,,,,,487,6104,8870,N,,,,Standard,Noted a concern to revisit at the next sync.,,emerson.kim@acme-fake.test,,Resolved the outstanding question about scope.,jordan.blake@demomail.test,fatima.silva@demomail.test,,100242,,,,100457,,,101405,,100635,,yara.patel@demomail.test,Drew Brooks,Y,Copper Capital Corp,100387,TAG-2483,100879,Yara Calder,100882,,,101770
700027,100629,Resource Care,100399,Customer Success Check-In,Final,Noted a concern to revisit at the next sync.,N,Y,TAG-1938,aisha.costa@acme-fake.test,2023-07-05 01:44:00,sofia.dorsey@demomail.test,Drew Okafor,Diego Larsson,Elena Larsson,,REF-2537,Priya Silva,rahul.okafor@sampleco.test,Fatima Costa,drew.brooks@examplecorp.test,,N,6.7,6.7,6.2,Priya Ivanov,2023-05-29 20:01:00,8125,4430,Delta,Other,Alpha,REF-7922,1399,2085,Noah Nguyen,,,,,4703,8063,Arjun Blake,2026-03-05 19:40:00,1090,3011,Other,Beta,Beta,Beta,Casey Nguyen,,,,,,556,1583,1869,N,,,Alpha,Other,Followed up on the open items from last week.,,avery.costa@examplecorp.test,,Reviewed performance and gathered feedback.,marco.sloan@examplecorp.test,yara.rossi@sampleco.test,,100317,,,,,,,,,,,drew.blake@acme-fake.test,Taylor Cohen,N,Brightpath Networks LLP,100516,TAG-4352,101178,Mei Kim,100994,,,101770
700028,100438,Customer Management,100545,Wellness Check-In,Final,Noted a concern to revisit at the next sync.,N,Y,REF-1146,liam.brooks@sampleco.test,2025-10-19 16:24:00,casey.cohen@acme-fake.test,Casey Calder,Noah Silva,Avery Vance,,LOT-4426,,morgan.calder@demomail.test,Liam Calder,jordan.calder@examplecorp.test,Riley Ashby,Y,9.5,8.1,6.9,Drew Mercer,2024-07-09 20:02:00,3618,776,Alpha,Gamma,Other,LOT-2427,7589,5516,Sofia Sloan,,,,,3516,4762,Noah Mensah,2025-04-24 05:57:00,4515,8201,Delta,Beta,Beta,Other,Riley Ford,7279,,,,,9790,1060,4766,Y,,Other,,Other,Noted a concern to revisit at the next sync.,,noah.dorsey@demomail.test,,Discussed timeline and next steps with the account.,aisha.okafor@examplecorp.test,priya.costa@acme-fake.test,,100077,,,,,,,101752,,100073,,emerson.sloan@examplecorp.test,Liam Reyes,N,Delta Holdings Inc,100320,REF-4829,101673,Jamie Cohen,100880,,REF-3186,101105
700029,100481,Customer Management,100469,Wellness Check-In,Final,Discussed timeline and next steps with the account.,Y,N,TAG-5585,chen.whitfield@sampleco.test,2022-12-16 22:59:00,drew.mensah@acme-fake.test,Sofia Ashby,Rowan Ivanov,Arjun Calder,,REF-7779,,sofia.costa@demomail.test,Mei Sato,nina.mercer@sampleco.test,,Y,3.9,9.2,9.4,Emerson Rossi,2026-06-15 21:50:00,3462,1579,Beta,Alpha,Beta,REF-7382,6873,5690,Sofia Nguyen,,,,,3114,712,Avery Haddad,2025-05-23 20:45:00,3681,9688,Gamma,Alpha,Standard,,Taylor Costa,8108,,,,,9016,2713,,Y,,,,Alpha,,,aisha.ford@demomail.test,,Followed up on the open items from last week.,morgan.dorsey@demomail.test,arjun.nguyen@sampleco.test,,100068,,101632,,,,,101616,,,,quinn.vance@acme-fake.test,Quinn Sato,Y,Silverline Financial LLC,100604,LOT-5992,100881,Avery Sloan,101497,,,101582
700030,100582,Customer Management,100350,Wellness Check-In,Final,Noted a concern to revisit at the next sync.,N,Y,TAG-5161,priya.rossi@acme-fake.test,2026-06-25 13:01:00,sofia.okafor@acme-fake.test,Elena Okafor,Riley Garcia,,,,,drew.sato@acme-fake.test,,rahul.calder@demomail.test,Drew Whitfield,N,4.8,8.4,5.5,Marco Larsson,2026-04-03 14:16:00,7223,181,Gamma,Other,Other,REF-6288,1127,4603,Rowan Kim,,,,,3547,38,Jamie Cohen,2023-06-09 07:48:00,388,7424,Other,Alpha,Other,Gamma,Jamie Sato,5646,,,,,6806,8265,173,Y,,,,Delta,Followed up on the open items from last week.,,fatima.sloan@acme-fake.test,,Resolved the outstanding question about scope.,arjun.silva@examplecorp.test,emerson.mercer@acme-fake.test,,100554,,,,100155,,,101392,,100161,,elena.sato@examplecorp.test,,Y,Falcon Energy LLC,100375,REF-2822,101116,Casey Haddad,101177,,LOT-7133,101079
700031,100735,Resource Care,100399,Wellness Check-In,Final,Followed up on the open items from last week.,N,N,REF-7069,skyler.haddad@demomail.test,2024-08-04 16:16:00,avery.patel@acme-fake.test,Liam Calder,Omar Mensah,Aisha Larsson,,TAG-3219,Arjun Mensah,arjun.costa@acme-fake.test,Arjun Garcia,arjun.mensah@sampleco.test,Fatima Larsson,N,6.2,3.9,9.4,Rowan Brooks,2024-03-14 03:41:00,4922,1822,Other,Standard,Alpha,REF-3650,3274,2998,Jordan Nguyen,,,,,9853,8441,Fatima Mensah,2024-09-12 13:20:00,512,9198,Delta,,Alpha,,Chen Nguyen,2225,,,,,8285,6762,906,Y,TAG-6504,,,Other,Shared the updated proposal for review.,,avery.ford@examplecorp.test,,Followed up on the open items from last week.,noah.haddad@demomail.test,noah.ford@acme-fake.test,,100361,,,,100745,,,,,,,quinn.rossi@demomail.test,Marco Larsson,N,Harbor Media Ltd,100264,LOT-2403,101404,,101191,,,101745
700032,100382,Customer Management,100210,Wellness Check-In,Final,Shared the updated proposal for review.,Y,Y,LOT-8659,elena.blake@acme-fake.test,2025-12-16 03:05:00,fatima.cohen@acme-fake.test,Marco Ford,Arjun Mercer,,,TAG-6490,Drew Ivanov,aisha.vance@examplecorp.test,Casey Patel,diego.patel@acme-fake.test,Reese Dorsey,N,4.8,7.6,8.9,Drew Costa,2022-12-10 02:09:00,4559,1973,Gamma,Gamma,Beta,REF-9541,9629,4439,Yara Costa,,,,,7254,5065,Rowan Vance,2024-02-23 17:06:00,362,,Alpha,Alpha,Gamma,Other,Elena Rossi,2669,,,,,2599,1724,,N,,,,Gamma,Resolved the outstanding question about scope.,,diego.ivanov@demomail.test,,Resolved the outstanding question about scope.,mei.okafor@demomail.test,sofia.rossi@demomail.test,,100181,,100896,,100787,,,,,,,diego.rossi@examplecorp.test,,N,Falcon Group Ltd,100296,REF-4579,101190,Nina Okafor,100960,Alpha,,101501
700033,100098,Customer Management,100436,Quarterly Review,Final,Resolved the outstanding question about scope.,N,Y,REF-5709,nina.ford@examplecorp.test,2026-02-26 13:20:00,jamie.okafor@demomail.test,Diego Ivanov,Skyler Sato,,,,Mei Silva,rahul.brooks@acme-fake.test,Quinn Kim,yara.ivanov@sampleco.test,,Y,6.8,2.0,9.8,Nina Costa,2024-03-01 22:28:00,1235,583,Gamma,Gamma,Gamma,TAG-3955,6405,8881,Alex Dorsey,,,,,3823,1984,Avery Sloan,2025-09-07 18:07:00,1416,1879,Other,Beta,,Other,,6606,,,,,,3348,1317,N,,,,Alpha,Scheduled a check-in for the coming month.,,avery.mensah@examplecorp.test,,Scheduled a check-in for the coming month.,diego.cohen@demomail.test,emerson.whitfield@examplecorp.test,,100073,,,,100639,,,,,100659,,elena.calder@acme-fake.test,Diego Reyes,Y,Cobalt Financial LLC,100236,TAG-5874,101177,Nina Sato,101758,,TAG-7739,101784
700034,100658,Resource Care,100496,Wellness Check-In,Final,Shared the updated proposal for review.,Y,Y,REF-4393,alex.blake@acme-fake.test,2024-11-03 12:41:00,yara.reyes@sampleco.test,Quinn Blake,Liam Sloan,Rowan Sato,,LOT-9746,,jamie.garcia@examplecorp.test,,marco.larsson@demomail.test,Skyler Dorsey,N,7.4,3.4,4.7,Riley Costa,2023-05-30 01:55:00,7064,7645,Other,Alpha,Other,LOT-7247,487,4301,Diego Nguyen,,,,,2773,1212,Rowan Reyes,2025-03-14 19:11:00,1500,7328,Delta,Alpha,Other,Delta,Diego Dorsey,1596,,,,,9739,,7261,N,,,,,Followed up on the open items from last week.,,casey.ashby@examplecorp.test,,Scheduled a check-in for the coming month.,elena.mercer@sampleco.test,reese.vance@demomail.test,,100267,,101633,,,,,101787,,,,skyler.nguyen@acme-fake.test,Rowan Sato,N,Keystone Solutions Ltd,100678,REF-5433,100924,Fatima Whitfield,101220,,,101105
700035,100172,Resource Care,100139,Quarterly Review,Final,Reviewed performance and gathered feedback.,Y,N,REF-7587,avery.ivanov@demomail.test,2026-07-17 05:53:00,priya.nguyen@examplecorp.test,Liam Sloan,Rowan Cohen,Skyler Larsson,,SKU-7137,,mei.ivanov@sampleco.test,Riley Reyes,arjun.silva@demomail.test,Skyler Ashby,N,8.9,7.0,2.2,Quinn Whitfield,2022-11-09 01:00:00,7293,1257,Other,Delta,Alpha,TAG-4157,9347,7150,Riley Sloan,,,,,4744,1052,Nina Okafor,2026-01-01 10:05:00,808,,Alpha,Alpha,Beta,Beta,Fatima Ivanov,2899,,,,,5584,7461,9898,N,,,,Gamma,,,chen.vance@examplecorp.test,,Shared the updated proposal for review.,aisha.kim@acme-fake.test,jordan.patel@sampleco.test,,100109,,,,,,,,,100194,,avery.whitfield@acme-fake.test,,N,Pioneer Solutions Corp,100639,REF-9955,100831,Rahul Sloan,100915,,SKU-1595,101770
700036,100117,Customer Management,100185,Customer Success Check-In,Final,Discussed timeline and next steps with the account.,N,Y,REF-1716,diego.patel@examplecorp.test,2025-10-04 14:00:00,jordan.calder@sampleco.test,Sofia Ashby,Nina Reyes,Omar Whitfield,,TAG-8837,Morgan Ford,avery.patel@acme-fake.test,,nina.mensah@sampleco.test,Jamie Mensah,N,2.9,5.4,2.4,Fatima Patel,2025-06-21 22:12:00,5479,1418,Alpha,Delta,Standard,TAG-6233,4916,8567,Rahul Kim,,,,,4794,4547,Emerson Ivanov,2025-04-20 18:55:00,3704,7895,,Alpha,,Delta,Drew Vance,7029,,,,,40,9101,9987,Y,,,,Standard,Reviewed performance and gathered feedback.,,reese.okafor@acme-fake.test,,Scheduled a check-in for the coming month.,marco.ivanov@examplecorp.test,taylor.calder@sampleco.test,,100246,,100988,,100073,,,101576,,100540,,skyler.costa@demomail.test,Priya Haddad,N,Brightpath Manufacturing Inc,100717,TAG-8853,101165,Arjun Brooks,101046,,,101445
700037,100103,Resource Care,100469,Customer Success Check-In,Final,Discussed timeline and next steps with the account.,Y,N,TAG-7252,drew.sloan@examplecorp.test,2025-03-16 11:39:00,elena.ivanov@sampleco.test,Jordan Okafor,Avery Brooks,Yara Kim,,REF-1533,Riley Haddad,elena.mensah@demomail.test,,taylor.okafor@sampleco.test,,N,5.8,2.2,3.1,Chen Patel,2026-04-27 12:20:00,3101,1658,Beta,Standard,Alpha,TAG-7450,5190,9303,Nina Reyes,,,,,4253,3320,Riley Okafor,2024-04-26 16:07:00,1121,7772,Beta,Beta,Gamma,Delta,,3896,,,,,7748,6371,1123,Y,,,,Other,,,noah.dorsey@sampleco.test,,Reviewed performance and gathered feedback.,casey.sato@demomail.test,aisha.haddad@acme-fake.test,,100555,,101371,,100460,,,101404,,100462,,reese.whitfield@demomail.test,Skyler Cohen,Y,Horizon Logistics LLP,100514,SKU-6386,101776,Jamie Reyes,100923,,,101542
700038,100516,Resource Care,100047,Wellness Check-In,Final,Scheduled a check-in for the coming month.,N,N,REF-4458,jamie.nguyen@demomail.test,2026-01-27 14:46:00,yara.sato@sampleco.test,Liam Reyes,Riley Ivanov,Taylor Sato,,LOT-3465,Taylor Mercer,arjun.dorsey@examplecorp.test,Sofia Okafor,nina.okafor@examplecorp.test,Jamie Okafor,Y,6.6,1.5,4.1,Noah Costa,2023-01-04 08:14:00,1952,2577,Beta,Alpha,Gamma,SKU-5687,4405,1950,Chen Patel,,,,,3014,8882,Yara Sloan,2023-06-14 13:00:00,6988,9151,Beta,Other,Alpha,Beta,Riley Ford,4137,,,,,,5477,6570,Y,,,,Standard,Discussed timeline and next steps with the account.,,riley.okafor@sampleco.test,,Followed up on the open items from last week.,noah.reyes@demomail.test,reese.nguyen@examplecorp.test,,100665,,,,100365,,,,,100385,,avery.brooks@acme-fake.test,Mei Blake,N,Lakeside Labs Corp,100542,REF-9867,101472,,100981,,,100926
700039,100357,Customer Management,100292,Wellness Check-In,Draft,Discussed timeline and next steps with the account.,Y,N,TAG-3325,quinn.mensah@demomail.test,2023-12-01 12:24:00,jordan.nguyen@demomail.test,Drew Larsson,Avery Vance,,,,Riley Cohen,aisha.calder@demomail.test,,jamie.mensah@demomail.test,,Y,3.3,8.9,6.1,Fatima Rossi,2023-10-15 02:58:00,8139,2073,Delta,Delta,Other,REF-2317,4974,5882,Omar Ashby,,,,,2891,5623,Rahul Haddad,2024-05-15 04:21:00,439,1764,Beta,Standard,Delta,Standard,Quinn Ford,2329,,,,,,6406,3751,Y,,,,Other,Discussed timeline and next steps with the account.,,elena.ford@examplecorp.test,,Noted a concern to revisit at the next sync.,reese.haddad@sampleco.test,fatima.ford@demomail.test,,100582,,101736,,,,,101709,,100466,,mei.cohen@examplecorp.test,Quinn Brooks,N,Beacon Health Group,100574,REF-3239,101545,Yara Ford,101364,,,101344
700040,100348,Customer Management,100263,Customer Success Check-In,Final,Noted a concern to revisit at the next sync.,N,Y,SKU-2063,yara.garcia@acme-fake.test,2025-05-05 22:33:00,emerson.larsson@sampleco.test,Morgan Brooks,Jamie Mensah,Avery Brooks,,REF-4660,Morgan Haddad,rahul.kim@acme-fake.test,,jordan.vance@sampleco.test,,N,9.9,9.5,1.1,Arjun Brooks,2024-05-12 14:08:00,7517,4565,Beta,Standard,Beta,TAG-9713,5579,3022,Casey Okafor,,,,,3990,5041,Elena Kim,2023-05-13 22:27:00,,4117,Standard,Delta,Gamma,Gamma,Priya Costa,4802,,,,,6779,9787,1515,Y,,,,Gamma,Scheduled a check-in for the coming month.,,jordan.calder@demomail.test,,Resolved the outstanding question about scope.,casey.mercer@examplecorp.test,aisha.costa@demomail.test,,100596,,101086,,,,,101306,,,,diego.nguyen@examplecorp.test,Skyler Blake,N,Everest Solutions,100336,REF-5428,101690,,101542,,,101442
700041,100035,Resource Care,100745,Customer Success Check-In,Final,Aligned on billing and renewal terms.,N,Y,SKU-5644,aisha.reyes@examplecorp.test,2025-06-11 14:54:00,avery.costa@demomail.test,Emerson Costa,Skyler Haddad,Morgan Haddad,,,Quinn Blake,drew.larsson@acme-fake.test,Fatima Sato,mei.garcia@examplecorp.test,,Y,8.4,6.1,2.0,Taylor Sloan,2024-08-17 01:59:00,5380,3784,Beta,Other,Gamma,LOT-1959,7355,9930,Marco Nguyen,,,,,7542,5641,Arjun Larsson,2025-09-23 16:11:00,7505,3465,Other,Standard,Other,Gamma,Jordan Sato,7854,,,,,5415,1380,7871,N,,,,Standard,Followed up on the open items from last week.,Nina Dorsey,noah.mensah@acme-fake.test,,Scheduled a check-in for the coming month.,alex.ivanov@demomail.test,liam.nguyen@sampleco.test,,100307,,,,,,,101238,,,,casey.ivanov@sampleco.test,Nina Costa,Y,Copper Analytics LLP,100470,TAG-8525,101506,Skyler Sloan,101418,,,100988
700042,100673,Resource Care,100403,Wellness Check-In,Final,Resolved the outstanding question about scope.,N,Y,LOT-1610,jamie.calder@examplecorp.test,2024-08-12 15:40:00,diego.calder@examplecorp.test,Rowan Ashby,Aisha Dorsey,,,LOT-1969,Riley Nguyen,marco.reyes@examplecorp.test,Quinn Silva,noah.garcia@acme-fake.test,Drew Brooks,N,9.8,6.5,9.3,Morgan Patel,2023-02-12 03:31:00,5215,5814,Gamma,Delta,Delta,LOT-1437,1499,1617,Skyler Costa,,,,,1529,3125,Jamie Reyes,2023-01-09 00:17:00,894,341,Gamma,Gamma,Other,Delta,Morgan Ford,1540,,,,,2378,7518,2791,N,,,,,Noted a concern to revisit at the next sync.,,rowan.whitfield@demomail.test,,Resolved the outstanding question about scope.,nina.costa@examplecorp.test,arjun.reyes@examplecorp.test,,100660,,,,100229,,,101598,,100475,,chen.vance@demomail.test,Priya Dorsey,Y,Granite Networks Co,100522,REF-3532,101146,Mei Sloan,101742,,,101357
700043,100590,Resource Care,100371,Customer Success Check-In,Final,Discussed timeline and next steps with the account.,Y,N,SKU-7290,diego.ford@sampleco.test,2023-10-08 15:55:00,sofia.dorsey@examplecorp.test,Casey Ashby,Alex Calder,Chen Sloan,,TAG-3776,,riley.blake@demomail.test,Omar Sato,liam.sato@demomail.test,Sofia Calder,Y,7.1,3.0,9.8,Avery Sato,2024-10-16 05:47:00,8004,3861,Standard,Other,Alpha,LOT-7074,8075,4046,Reese Silva,,,,,7935,7417,Chen Ford,2023-05-14 10:33:00,3196,9358,,,Other,Alpha,Taylor Costa,5771,,,,,7156,2044,2213,Y,,,,Other,Discussed timeline and next steps with the account.,,chen.ivanov@sampleco.test,,Resolved the outstanding question about scope.,rowan.haddad@acme-fake.test,emerson.garcia@acme-fake.test,,100554,,,,,,,,,,,reese.haddad@examplecorp.test,Sofia Haddad,Y,Horizon Retail LLP,100200,TAG-8137,101146,Liam Vance,101745,,,101563
700044,100700,Resource Care,100643,Customer Success Check-In,Final,Noted a concern to revisit at the next sync.,Y,Y,SKU-2824,jordan.sato@sampleco.test,2023-04-14 16:30:00,nina.whitfield@demomail.test,Drew Costa,Casey Garcia,Rowan Ford,,SKU-8515,Noah Nguyen,avery.okafor@acme-fake.test,,rahul.garcia@acme-fake.test,,N,3.3,9.2,3.3,Jamie Reyes,2025-03-27 01:52:00,9890,3937,Alpha,Gamma,Gamma,TAG-9907,1234,9535,Drew Sato,,,,,1197,8289,Mei Brooks,2026-05-12 23:02:00,2872,7942,Other,Beta,Standard,Other,Rowan Ashby,9068,,,,,7098,3700,6793,Y,,,,Beta,Followed up on the open items from last week.,,noah.garcia@sampleco.test,,Followed up on the open items from last week.,taylor.okafor@demomail.test,rahul.calder@sampleco.test,,100576,,101048,,100393,,,101657,,100735,,priya.ivanov@examplecorp.test,Riley Larsson,N,Granite Textiles,100423,SKU-5189,101746,Quinn Silva,101205,,,101354
700045,100161,Resource Care,100123,Customer Success Check-In,Final,Resolved the outstanding question about scope.,Y,Y,LOT-8227,casey.ford@acme-fake.test,2026-02-15 12:41:00,priya.mensah@sampleco.test,Chen Costa,Morgan Sloan,,,SKU-8811,,taylor.cohen@demomail.test,Reese Costa,reese.kim@examplecorp.test,Jordan Vance,N,7.9,7.6,9.7,Chen Garcia,2026-05-28 05:53:00,8415,6939,Delta,Standard,Alpha,REF-8192,5366,688,Avery Whitfield,,,,,5616,6209,Reese Mercer,2024-06-12 18:43:00,5836,5268,Alpha,Gamma,Standard,Beta,Marco Dorsey,8560,,,,,7133,1903,,Y,,,,Other,Aligned on billing and renewal terms.,Nina Rossi,elena.larsson@demomail.test,,Noted a concern to revisit at the next sync.,arjun.ivanov@acme-fake.test,rahul.mensah@examplecorp.test,,100330,,,,,,,,,100462,,chen.nguyen@sampleco.test,Arjun Sloan,N,Beacon Retail LLC,100446,REF-3453,101182,Jordan Dorsey,101472,,,101287
700046,100702,Resource Care,100112,Customer Success Check-In,Final,Followed up on the open items from last week.,N,N,REF-7936,drew.sato@sampleco.test,2026-01-15 00:05:00,jordan.okafor@demomail.test,Diego Silva,Chen Haddad,Liam Mensah,,,Drew Whitfield,liam.vance@demomail.test,Omar Ivanov,mei.patel@acme-fake.test,Taylor Mensah,Y,8.4,4.5,6.1,Rahul Dorsey,2026-03-21 14:19:00,8485,1197,Standard,Delta,Beta,SKU-3422,3980,2993,Mei Whitfield,,,,,5393,6236,Yara Blake,2024-12-26 01:37:00,3151,4955,,Gamma,Delta,Delta,,9786,,,,,5320,,4199,N,,,Gamma,Delta,Reviewed performance and gathered feedback.,,yara.cohen@acme-fake.test,,Scheduled a check-in for the coming month.,mei.larsson@sampleco.test,quinn.patel@examplecorp.test,,100233,,101727,,,,,101707,,100046,,liam.whitfield@acme-fake.test,Nina Rossi,N,Atlas Solutions Inc,100545,TAG-7581,101361,,100825,,,101287
700047,100173,Customer Management,100229,Quarterly Review,Final,Followed up on the open items from last week.,Y,Y,REF-1273,omar.ashby@demomail.test,2024-12-23 17:15:00,elena.patel@examplecorp.test,Fatima Ivanov,Reese Garcia,Nina Vance,,LOT-6144,Noah Vance,quinn.kim@examplecorp.test,Diego Okafor,priya.dorsey@sampleco.test,Rowan Vance,N,6.0,6.7,5.3,Yara Kim,2025-07-03 02:10:00,5791,4256,Alpha,Standard,Other,SKU-8105,6773,5557,Fatima Garcia,,,,,1335,8621,Elena Ashby,2024-12-01 19:59:00,4720,5148,Standard,Alpha,Gamma,Alpha,Emerson Brooks,4968,,,,,5486,6611,6057,Y,,,,Delta,Noted a concern to revisit at the next sync.,,arjun.haddad@sampleco.test,,Followed up on the open items from last week.,jamie.mercer@acme-fake.test,chen.garcia@sampleco.test,,100449,,101755,,100700,,,101755,,,,rahul.reyes@acme-fake.test,Rahul Ashby,N,Everest Group Ltd,100120,TAG-8421,101445,,101107,,,101371
700048,100634,Resource Care,100639,Quarterly Review,Final,Noted a concern to revisit at the next sync.,Y,N,LOT-4375,morgan.ashby@examplecorp.test,2023-10-13 07:24:00,priya.silva@sampleco.test,Emerson Whitfield,Alex Sloan,,,,Jamie Okafor,nina.dorsey@examplecorp.test,Morgan Reyes,reese.cohen@sampleco.test,Alex Okafor,Y,9.1,2.0,5.9,Sofia Kim,2026-05-15 19:07:00,1436,3909,Delta,Other,Delta,LOT-3616,1636,6235,Rahul Dorsey,,,,,9735,653,Rowan Mensah,2024-08-31 11:20:00,5643,2552,Beta,Gamma,Delta,Other,,7291,,,,,,6634,7359,N,,,,,Shared the updated proposal for review.,,rowan.ashby@demomail.test,,Shared the updated proposal for review.,jamie.mensah@acme-fake.test,taylor.silva@examplecorp.test,,100658,,101353,,,,,,,100475,,quinn.reyes@examplecorp.test,Avery Rossi,Y,Horizon Systems LLC,100173,LOT-7321,100908,Fatima Reyes,101452,,,100928
700049,100193,Resource Care,100469,Quarterly Review,Final,Discussed timeline and next steps with the account.,Y,N,REF-4494,fatima.nguyen@examplecorp.test,2024-10-05 08:16:00,rowan.sato@sampleco.test,Liam Patel,Priya Costa,,,,Nina Nguyen,yara.okafor@examplecorp.test,Rahul Haddad,emerson.kim@sampleco.test,Avery Nguyen,Y,10.0,1.2,10.0,Emerson Cohen,2024-11-12 10:40:00,3184,7541,Alpha,Beta,Alpha,REF-9919,1938,9347,Rowan Costa,,,,,6883,4673,Jordan Garcia,2025-08-03 22:58:00,9309,8637,Beta,Other,Beta,Gamma,Taylor Blake,2666,,,,,6188,,4071,N,,,,Gamma,Noted a concern to revisit at the next sync.,,drew.mensah@demomail.test,,Shared the updated proposal for review.,yara.ashby@acme-fake.test,elena.cohen@acme-fake.test,,100319,,,,,,,100853,,100559,,emerson.kim@demomail.test,Emerson Patel,Y,Northwind Labs Inc,100350,LOT-9205,101065,Emerson Calder,100862,,,101622
700050,100349,Customer Management,100239,Quarterly Review,Final,Scheduled a check-in for the coming month.,N,Y,TAG-8886,sofia.mercer@examplecorp.test,2025-07-19 12:22:00,avery.sloan@demomail.test,Arjun Calder,Priya Silva,Priya Silva,,,Jamie Okafor,riley.dorsey@sampleco.test,Mei Nguyen,chen.brooks@examplecorp.test,,Y,1.9,9.6,9.5,Avery Calder,2025-07-14 10:57:00,9297,8873,Standard,Standard,Other,SKU-3878,198,5493,Morgan Silva,,,,,2356,904,Diego Mercer,2023-05-27 01:47:00,4798,5019,Beta,Gamma,,Delta,Priya Vance,8921,,,,,694,,,N,,,,,Aligned on billing and renewal terms.,,casey.ivanov@examplecorp.test,,Discussed timeline and next steps with the account.,morgan.ashby@acme-fake.test,diego.dorsey@demomail.test,,100568,,101697,,,,,,,100466,,chen.dorsey@acme-fake.test,,N,Pioneer Robotics Corp,100550,TAG-4130,101266,Taylor Costa,101162,,REF-9517,101058
700051,100142,Resource Care,100739,Wellness Check-In,Final,Resolved the outstanding question about scope.,Y,N,SKU-1442,noah.mercer@sampleco.test,2023-10-19 14:45:00,aisha.okafor@acme-fake.test,Arjun Ashby,Casey Ashby,Quinn Ivanov,,SKU-3154,Priya Sloan,mei.rossi@acme-fake.test,Emerson Okafor,priya.mensah@acme-fake.test,Rahul Reyes,Y,9.0,7.7,2.3,Fatima Vance,2025-08-07 03:59:00,60,3205,Standard,Delta,Beta,TAG-8798,4145,5940,Casey Mensah,,,,,3808,9757,Reese Calder,2024-08-03 01:34:00,9213,4369,Other,Other,Gamma,,Taylor Vance,1259,,,,,5238,8647,8156,N,,,,,Scheduled a check-in for the coming month.,,noah.cohen@examplecorp.test,,Resolved the outstanding question about scope.,elena.haddad@demomail.test,yara.patel@sampleco.test,,100062,,100802,,100532,,,,,,,noah.brooks@demomail.test,Omar Cohen,Y,Summit Analytics Co,100263,TAG-2582,101160,Drew Larsson,100908,,,101386
700052,100398,Resource Care,100596,Quarterly Review,Final,Noted a concern to revisit at the next sync.,N,Y,LOT-2839,mei.mensah@demomail.test,2025-07-01 12:35:00,skyler.ashby@acme-fake.test,Rowan Ivanov,Aisha Haddad,Morgan Dorsey,,REF-1490,Omar Patel,rowan.brooks@sampleco.test,Riley Dorsey,marco.brooks@sampleco.test,Skyler Sato,N,6.7,5.3,9.8,Sofia Larsson,2026-02-04 22:53:00,1059,353,Delta,Alpha,Other,SKU-9405,2062,247,Jordan Rossi,,,,,7697,2012,Quinn Ashby,2024-07-11 13:09:00,5284,6846,Beta,Beta,Beta,Standard,Jamie Sato,,,,,,823,3321,4145,Y,,Gamma,,Delta,,,yara.patel@examplecorp.test,,Followed up on the open items from last week.,emerson.costa@acme-fake.test,chen.haddad@sampleco.test,,100512,,101523,,100065,,,101320,,,,quinn.ivanov@acme-fake.test,,Y,Falcon Textiles Group,100564,REF-8985,101633,Liam Patel,101530,,,101450
700053,100233,Customer Management,100768,Quarterly Review,Final,Shared the updated proposal for review.,Y,N,REF-6824,fatima.blake@sampleco.test,2023-01-17 17:22:00,alex.nguyen@examplecorp.test,Rahul Dorsey,Mei Cohen,,,SKU-4554,,jordan.blake@acme-fake.test,Nina Nguyen,omar.costa@demomail.test,Reese Larsson,Y,1.7,8.9,2.4,Diego Vance,2026-07-24 11:41:00,7905,3018,Gamma,Alpha,Other,LOT-7781,741,9290,Marco Nguyen,,,,,5795,9063,Yara Ivanov,2025-08-04 07:18:00,6703,7390,Standard,Standard,Other,Beta,Jamie Nguyen,2972,,,,,8355,8275,367,Y,,,,Gamma,Reviewed performance and gathered feedback.,Yara Calder,taylor.whitfield@sampleco.test,,Aligned on billing and renewal terms.,omar.mensah@acme-fake.test,quinn.silva@acme-fake.test,,100579,,,,100203,,,,,100264,,rowan.silva@demomail.test,Fatima Okafor,Y,Pioneer Labs Co,100498,TAG-3230,101790,,101760,,,101353
700054,100514,Customer Management,100671,Customer Success Check-In,Final,Noted a concern to revisit at the next sync.,N,N,LOT-4579,morgan.dorsey@acme-fake.test,2026-06-19 00:51:00,chen.ashby@examplecorp.test,Nina Blake,Taylor Costa,Jordan Garcia,,,Nina Sato,quinn.calder@sampleco.test,Quinn Reyes,omar.cohen@acme-fake.test,,Y,9.7,4.9,7.2,Elena Calder,2022-12-19 04:53:00,212,7299,Beta,Beta,Gamma,LOT-2431,5637,9383,Riley Okafor,,,,,8839,2050,Aisha Dorsey,2023-08-14 12:43:00,1590,4713,Alpha,Delta,Gamma,Other,Elena Whitfield,9666,,,,,1749,,4455,Y,LOT-8542,,,Delta,Noted a concern to revisit at the next sync.,,marco.garcia@examplecorp.test,,Shared the updated proposal for review.,elena.calder@sampleco.test,mei.sato@sampleco.test,,100079,,101774,,100398,,,101285,,,,jamie.calder@acme-fake.test,Reese Vance,Y,Vertex Networks Group,100188,TAG-4316,101386,Emerson Sato,100911,,LOT-9219,100887
700055,100727,Resource Care,100784,Customer Success Check-In,Final,Scheduled a check-in for the coming month.,N,N,REF-2818,emerson.vance@demomail.test,2022-10-12 11:39:00,alex.blake@examplecorp.test,Jamie Rossi,Drew Mensah,,,LOT-9367,Marco Rossi,rowan.sloan@acme-fake.test,Chen Kim,alex.ivanov@acme-fake.test,Quinn Whitfield,N,9.7,5.2,3.3,Omar Haddad,2024-10-07 21:21:00,9526,4778,Delta,Gamma,Gamma,LOT-4626,5749,2387,Diego Larsson,,,,,3996,555,Rahul Nguyen,2025-07-22 16:27:00,2786,6893,Alpha,Alpha,Other,Other,Jamie Blake,9648,,,,,8789,6163,1396,N,,,,Delta,Noted a concern to revisit at the next sync.,,noah.sato@examplecorp.test,,Discussed timeline and next steps with the account.,chen.garcia@examplecorp.test,sofia.ivanov@demomail.test,,100765,,101308,,100352,,,101101,,100412,,taylor.whitfield@examplecorp.test,Nina Mercer,Y,Meridian Networks LLC,100590,TAG-9911,101678,Omar Ashby,101185,,LOT-3374,100819
700056,100162,Customer Management,100529,Customer Success Check-In,Final,Aligned on billing and renewal terms.,Y,Y,TAG-5014,nina.nguyen@demomail.test,2025-02-21 18:36:00,fatima.blake@demomail.test,Chen Costa,Alex Larsson,Quinn Sato,,,,arjun.mercer@acme-fake.test,,riley.cohen@demomail.test,Nina Brooks,N,7.9,4.7,1.4,Fatima Whitfield,2026-07-24 22:11:00,7164,6697,Alpha,Other,Alpha,LOT-4460,3049,6458,Chen Calder,,,,,3487,106,Quinn Vance,2025-04-02 06:31:00,7812,1595,Other,Alpha,Alpha,Beta,Sofia Ford,5255,,,,,6236,6266,4746,N,,Gamma,,Standard,Scheduled a check-in for the coming month.,,morgan.rossi@examplecorp.test,,Resolved the outstanding question about scope.,liam.dorsey@demomail.test,aisha.brooks@acme-fake.test,,100753,,,,100555,,,101755,,100442,,noah.dorsey@demomail.test,Mei Garcia,N,Evergreen Systems LLC,100470,TAG-9292,101035,Elena Dorsey,101225,,TAG-6171,100820
700057,100770,Resource Care,100042,Quarterly Review,Final,Scheduled a check-in for the coming month.,Y,Y,SKU-9188,sofia.silva@sampleco.test,2024-10-18 16:07:00,avery.mensah@acme-fake.test,Rowan Ford,Drew Ashby,,,,,fatima.haddad@sampleco.test,Arjun Larsson,jamie.whitfield@demomail.test,Liam Whitfield,Y,9.6,2.3,9.8,Reese Calder,2024-05-02 05:59:00,4504,3597,Other,Other,Alpha,LOT-3456,3528,9998,Omar Garcia,,,,,8335,7566,Jamie Costa,2025-05-29 08:12:00,8300,9998,Standard,Alpha,Beta,Gamma,Drew Brooks,,,,,,9191,4840,8633,N,,,,Beta,Reviewed performance and gathered feedback.,,emerson.cohen@demomail.test,,Noted a concern to revisit at the next sync.,liam.vance@acme-fake.test,aisha.cohen@demomail.test,,100640,,,,,,,101122,,,,nina.rossi@acme-fake.test,,Y,Brightpath Health Group,100558,TAG-3921,101048,Drew Patel,101449,,,101758
700058,100528,Resource Care,100094,Quarterly Review,Draft,Aligned on billing and renewal terms.,N,N,SKU-6239,taylor.ashby@examplecorp.test,2026-02-27 22:20:00,noah.vance@demomail.test,Mei Silva,Marco Garcia,,,,Rahul Kim,fatima.dorsey@acme-fake.test,,noah.reyes@acme-fake.test,Rowan Haddad,N,9.9,8.2,6.1,Taylor Kim,2024-08-22 15:56:00,5608,1313,Gamma,Beta,Other,LOT-1178,5765,4277,Avery Rossi,,,,,9683,3718,Arjun Ivanov,2024-11-15 12:17:00,4400,1631,Standard,Other,Alpha,Other,Marco Rossi,4416,,,,,151,8962,3496,N,,,,Standard,Followed up on the open items from last week.,,skyler.ashby@acme-fake.test,,Scheduled a check-in for the coming month.,rowan.ford@sampleco.test,liam.ivanov@demomail.test,,100751,,100951,,100449,,,101042,,100083,,noah.blake@demomail.test,Priya Larsson,Y,Beacon Holdings Inc,100038,REF-7984,101730,Elena Nguyen,101211,Delta,,101605
700059,100470,Resource Care,100702,Customer Success Check-In,Draft,Resolved the outstanding question about scope.,N,Y,LOT-4928,aisha.sato@sampleco.test,2026-03-06 07:45:00,riley.dorsey@acme-fake.test,Skyler Garcia,Skyler Reyes,Sofia Dorsey,,LOT-9328,Rowan Mensah,diego.sloan@examplecorp.test,,nina.cohen@demomail.test,,Y,9.3,3.6,6.2,Liam Nguyen,2023-07-31 08:14:00,3609,2555,Gamma,Beta,Other,TAG-6029,1048,4348,Omar Brooks,,,,,1650,2123,Taylor Nguyen,2025-07-14 04:34:00,9945,1405,Standard,Delta,Gamma,Alpha,Jamie Blake,,,,,,8045,3995,6200,Y,SKU-7778,,,Delta,Resolved the outstanding question about scope.,,nina.vance@examplecorp.test,,Discussed timeline and next steps with the account.,liam.mensah@examplecorp.test,jordan.silva@acme-fake.test,,100460,,101779,,100740,,,,,100092,,elena.sato@demomail.test,Casey Brooks,N,Cobalt Holdings LLC,100096,LOT-6067,101711,,101366,,,101429
700060,100579,Resource Care,100214,Wellness Check-In,Final,Discussed timeline and next steps with the account.,N,Y,TAG-6532,mei.rossi@demomail.test,2024-12-25 00:57:00,taylor.vance@examplecorp.test,Rowan Whitfield,Marco Rossi,,,LOT-8840,,elena.vance@sampleco.test,Rahul Haddad,mei.patel@examplecorp.test,Emerson Reyes,Y,4.2,1.5,2.1,Priya Reyes,2023-02-18 09:55:00,6690,2754,Standard,Gamma,Gamma,REF-4594,6990,1233,Emerson Kim,,,,,7029,3323,Quinn Sloan,2023-05-18 08:01:00,4019,3437,Other,Delta,Delta,Alpha,Priya Rossi,1216,,,,,6532,1723,3887,Y,,,,Alpha,Aligned on billing and renewal terms.,,rahul.mercer@demomail.test,,Aligned on billing and renewal terms.,noah.rossi@demomail.test,jamie.vance@sampleco.test,,100082,,,,100299,,,,,100548,,nina.nguyen@examplecorp.test,Taylor Patel,Y,Meridian Logistics LLC,100257,LOT-3660,101143,Priya Okafor,101340,,TAG-9748,101380
700061,100532,Resource Care,100330,Customer Success Check-In,Final,Resolved the outstanding question about scope.,N,Y,REF-3612,drew.dorsey@acme-fake.test,2025-04-24 15:06:00,emerson.sato@sampleco.test,Quinn Calder,Morgan Calder,,,,Rahul Larsson,omar.sloan@sampleco.test,Omar Nguyen,taylor.rossi@sampleco.test,Sofia Mercer,Y,8.4,9.3,3.9,Jamie Nguyen,2023-06-15 00:28:00,1498,5325,Beta,Standard,Standard,TAG-1323,3150,274,Mei Okafor,,,,,5638,3425,Riley Brooks,2024-10-05 11:51:00,6761,,Alpha,Standard,Delta,Beta,Rowan Ashby,4462,,,,,6142,8866,249,N,,,,Beta,Discussed timeline and next steps with the account.,,nina.vance@acme-fake.test,,Followed up on the open items from last week.,jamie.reyes@demomail.test,skyler.mercer@sampleco.test,,100350,,,,100441,,,101545,,100053,,reese.silva@acme-fake.test,Quinn Rossi,N,Vertex Energy Corp,100038,SKU-7741,101790,Avery Sato,100947,,,100986
700062,100284,Resource Care,100476,Wellness Check-In,Final,Reviewed performance and gathered feedback.,Y,Y,REF-4907,rahul.okafor@sampleco.test,2022-11-13 15:31:00,rowan.nguyen@demomail.test,Avery Mensah,Yara Nguyen,Chen Patel,,TAG-3487,,aisha.ivanov@demomail.test,Yara Mercer,rahul.costa@sampleco.test,Priya Larsson,Y,3.1,7.2,7.7,Arjun Cohen,2025-03-09 02:56:00,6871,5265,Beta,Other,Beta,LOT-8350,4094,2498,Taylor Sato,,,,,8173,5222,Taylor Dorsey,2023-01-19 12:49:00,2407,7314,Standard,Gamma,Alpha,Alpha,Yara Silva,7321,,,,,2563,6099,,N,,,,Delta,Scheduled a check-in for the coming month.,,marco.sato@sampleco.test,,Resolved the outstanding question about scope.,chen.rossi@acme-fake.test,aisha.ashby@acme-fake.test,,100050,,,,,,,101315,,100585,,omar.garcia@demomail.test,Emerson Mercer,N,Keystone Networks Inc,100038,REF-4436,101479,Aisha Ford,101518,,,101173
700063,100627,Customer Management,100007,Quarterly Review,Final,Noted a concern to revisit at the next sync.,N,N,SKU-8983,jamie.rossi@acme-fake.test,2023-03-01 00:55:00,skyler.rossi@sampleco.test,Rowan Ashby,Jordan Garcia,Aisha Reyes,,SKU-3289,Rahul Ashby,liam.brooks@examplecorp.test,Quinn Blake,alex.sloan@demomail.test,,N,7.6,8.1,9.0,Arjun Calder,2023-05-19 22:31:00,1364,4427,Gamma,Standard,Beta,LOT-9242,540,7299,Morgan Patel,,,,,8658,2377,,2024-03-19 11:08:00,2547,5856,Beta,Gamma,Other,Standard,Rahul Garcia,7477,,,,,3601,9773,8514,Y,,,,Standard,Followed up on the open items from last week.,,reese.kim@examplecorp.test,,Noted a concern to revisit at the next sync.,emerson.mercer@sampleco.test,skyler.okafor@acme-fake.test,,100299,,100940,,100029,,,101672,,100661,,morgan.garcia@acme-fake.test,Taylor Ford,N,Northwind Group Ltd,100365,LOT-8135,101618,Quinn Larsson,101755,,,101500
700064,100330,Customer Management,100574,Quarterly Review,Final,Resolved the outstanding question about scope.,N,Y,TAG-9177,avery.sato@demomail.test,2026-05-23 22:14:00,morgan.vance@sampleco.test,Emerson Brooks,Rahul Sato,Rowan Ford,,LOT-5965,Yara Nguyen,priya.blake@demomail.test,Diego Costa,fatima.dorsey@examplecorp.test,Taylor Nguyen,Y,8.8,5.0,9.1,Quinn Sloan,2023-08-23 05:43:00,7559,8306,Alpha,Beta,Alpha,LOT-6178,4491,6645,Avery Garcia,,,,,2998,6513,Drew Garcia,2026-02-01 02:31:00,9006,9996,Alpha,Other,Beta,Beta,Riley Costa,5303,,,,,7144,4004,3854,Y,,,,Delta,Shared the updated proposal for review.,,chen.mercer@demomail.test,,Followed up on the open items from last week.,liam.haddad@demomail.test,jamie.mercer@examplecorp.test,,100659,,101137,,,,,101704,,100569,,taylor.mercer@examplecorp.test,Elena Blake,N,Lakeside Logistics Ltd,100548,REF-1464,101745,Arjun Brooks,101278,,,101112
700065,100079,Resource Care,100629,Quarterly Review,Final,Followed up on the open items from last week.,Y,N,REF-3446,avery.brooks@examplecorp.test,2023-06-22 20:15:00,nina.okafor@acme-fake.test,Yara Silva,Arjun Kim,Jordan Larsson,,REF-5421,Omar Okafor,marco.reyes@acme-fake.test,,emerson.vance@acme-fake.test,Casey Cohen,Y,1.0,5.7,6.3,Jamie Reyes,2024-05-25 21:48:00,5821,3639,Alpha,Beta,Delta,TAG-8098,5827,4226,Arjun Nguyen,,,,,8258,1754,Avery Reyes,2024-01-21 10:08:00,654,6763,Beta,Standard,Beta,Other,Avery Nguyen,4040,,,,,8045,790,,N,,,,Gamma,Discussed timeline and next steps with the account.,,avery.rossi@demomail.test,,Discussed timeline and next steps with the account.,jordan.sloan@examplecorp.test,alex.okafor@examplecorp.test,,100400,,101319,,100782,,,101500,,,,rahul.larsson@demomail.test,Rahul Costa,Y,Silverline Analytics Group,100340,TAG-2975,101082,Noah Calder,101398,,,100822
700066,100587,Customer Management,100673,Wellness Check-In,Final,Scheduled a check-in for the coming month.,N,Y,LOT-8933,casey.calder@sampleco.test,2025-02-28 17:48:00,aisha.reyes@examplecorp.test,Rahul Kim,Nina Silva,,,SKU-6776,Elena Sato,avery.mensah@acme-fake.test,Taylor Blake,jamie.blake@sampleco.test,Casey Silva,Y,7.1,3.4,5.4,Omar Nguyen,2024-11-11 20:59:00,758,7110,Delta,Other,Gamma,LOT-7510,9190,845,Liam Mensah,,,,,9288,7841,Mei Silva,2025-11-27 03:45:00,4631,5766,Alpha,Standard,Gamma,Delta,Drew Kim,4898,,,,,9133,8843,9147,Y,,,Gamma,Other,Resolved the outstanding question about scope.,,nina.blake@sampleco.test,,Aligned on billing and renewal terms.,taylor.ford@acme-fake.test,skyler.rossi@demomail.test,,100014,,100882,,100061,,,101173,,,,nina.rossi@sampleco.test,Mei Sato,Y,Falcon Labs Corp,100669,SKU-2030,101051,Taylor Cohen,101669,,,101152
700067,100157,Resource Care,100457,Customer Success Check-In,Final,Followed up on the open items from last week.,Y,Y,REF-1158,arjun.reyes@sampleco.test,2023-12-05 18:29:00,riley.costa@demomail.test,Fatima Calder,Marco Sloan,Taylor Silva,,,Emerson Costa,nina.dorsey@examplecorp.test,Quinn Haddad,jamie.silva@sampleco.test,Rowan Brooks,Y,5.2,1.3,2.2,Jamie Larsson,2022-11-29 08:37:00,4256,5757,Other,Standard,Beta,REF-1057,6872,7736,Yara Cohen,,,,,5176,7610,Elena Rossi,2023-07-17 09:31:00,1705,3052,Standard,Gamma,Other,Alpha,Priya Whitfield,45,,,,,8518,4597,1225,Y,,,,Delta,Reviewed performance and gathered feedback.,,skyler.ashby@acme-fake.test,,Reviewed performance and gathered feedback.,arjun.whitfield@examplecorp.test,avery.dorsey@sampleco.test,,100233,,101757,,100158,,,,,100317,,mei.whitfield@sampleco.test,Chen Kim,Y,Ironwood Networks Co,100120,TAG-6324,101472,Alex Cohen,101399,,,101225
700068,100191,Resource Care,100155,Wellness Check-In,Draft,Reviewed performance and gathered feedback.,N,N,SKU-9462,alex.blake@examplecorp.test,2024-11-28 00:34:00,yara.mensah@sampleco.test,Arjun Silva,Elena Costa,,,SKU-3603,Liam Vance,aisha.mercer@demomail.test,Avery Kim,arjun.mercer@demomail.test,Rahul Rossi,N,6.9,1.6,3.6,Diego Costa,2024-05-13 12:31:00,2712,9975,Delta,Beta,Delta,TAG-3143,5632,8922,Emerson Brooks,,,,,2705,1521,Rowan Costa,2025-12-31 06:59:00,7350,7082,Standard,Other,Beta,Gamma,Diego Reyes,3999,,,,,8574,5262,6613,Y,,,,Delta,Resolved the outstanding question about scope.,,rahul.mensah@examplecorp.test,,Resolved the outstanding question about scope.,drew.rossi@demomail.test,reese.brooks@acme-fake.test,,100727,,,,,,,101638,,100441,,casey.nguyen@examplecorp.test,Aisha Sato,N,Beacon Textiles Corp,100713,TAG-5026,101578,Morgan Okafor,101228,Delta,,100825
700069,100503,Customer Management,100185,Wellness Check-In,Draft,Aligned on billing and renewal terms.,Y,N,LOT-2379,rahul.ivanov@sampleco.test,2023-03-09 22:16:00,liam.silva@acme-fake.test,Skyler Haddad,Skyler Costa,,,REF-6523,,rowan.okafor@acme-fake.test,Priya Sloan,jamie.garcia@examplecorp.test,Fatima Vance,N,4.2,2.8,5.7,Riley Vance,2023-01-12 06:15:00,4237,4315,Delta,Other,Gamma,SKU-9761,4599,6578,Casey Costa,,,,,6955,6775,Chen Brooks,2024-09-23 04:16:00,1327,8891,Standard,Other,Other,Gamma,Omar Ivanov,4676,,,,,,7220,,N,,,,Delta,Reviewed performance and gathered feedback.,,aisha.sato@examplecorp.test,,Resolved the outstanding question about scope.,jordan.nguyen@sampleco.test,taylor.kim@demomail.test,,100465,,101311,,100172,,,101224,,100386,,rowan.sato@demomail.test,Emerson Garcia,N,Blue Ridge Labs,100140,SKU-1277,100881,Emerson Reyes,100817,,,101129
700070,100112,Resource Care,100762,Customer Success Check-In,Final,Followed up on the open items from last week.,N,N,TAG-2011,marco.ashby@sampleco.test,2022-12-08 05:28:00,priya.reyes@demomail.test,Nina Reyes,Nina Sato,,,REF-2147,Skyler Larsson,jamie.ashby@examplecorp.test,Nina Cohen,elena.silva@sampleco.test,,Y,1.9,3.5,4.2,Alex Vance,2024-10-19 07:30:00,8006,5251,Standard,Gamma,Beta,REF-1977,2761,1481,Nina Garcia,,,,,9565,4036,Aisha Costa,2025-05-05 18:29:00,1769,2517,Beta,Standard,Standard,Other,Liam Nguyen,,,,,,,3157,9377,N,,,,Beta,Followed up on the open items from last week.,,sofia.silva@demomail.test,,Noted a concern to revisit at the next sync.,casey.sato@examplecorp.test,emerson.ivanov@demomail.test,,100429,,101751,,100156,,,101220,,100428,,nina.garcia@acme-fake.test,Jordan Larsson,Y,Keystone Retail Co,100741,SKU-9307,100905,Noah Rossi,101538,,,101276
700071,100420,Customer Management,100320,Quarterly Review,Final,Noted a concern to revisit at the next sync.,N,Y,SKU-9174,jamie.mensah@sampleco.test,2022-10-14 02:27:00,quinn.patel@examplecorp.test,Yara Garcia,Elena Silva,Avery Okafor,,LOT-2184,,fatima.sato@acme-fake.test,Yara Brooks,sofia.garcia@sampleco.test,Casey Mercer,Y,4.2,4.0,3.5,Sofia Sato,2025-03-05 18:07:00,9193,5219,Gamma,Standard,Delta,TAG-9547,5773,183,Skyler Costa,,,,,6806,1607,Avery Nguyen,2026-05-07 04:57:00,1938,6377,,Delta,,Standard,Marco Ford,2403,,,,,7212,841,3694,N,,,,Other,Resolved the outstanding question about scope.,,arjun.blake@demomail.test,,Resolved the outstanding question about scope.,diego.costa@demomail.test,casey.costa@acme-fake.test,,100436,,100981,,100040,,,,,,,arjun.sloan@sampleco.test,Morgan Garcia,Y,Vertex Analytics LLC,100771,TAG-9162,100960,Emerson Cohen,101210,,,101455
700072,100525,Resource Care,100067,Quarterly Review,Final,Resolved the outstanding question about scope.,N,Y,REF-6762,fatima.vance@acme-fake.test,2022-11-12 14:41:00,fatima.silva@sampleco.test,Taylor Mercer,Jamie Vance,Aisha Nguyen,,LOT-9967,Alex Sato,nina.calder@acme-fake.test,Rahul Costa,jordan.cohen@examplecorp.test,Drew Garcia,Y,8.6,9.2,6.9,Chen Okafor,2025-12-02 18:21:00,3398,4699,Standard,Beta,Gamma,LOT-4299,3391,9598,Marco Silva,,,,,8565,1174,Rahul Mensah,2026-06-17 23:42:00,982,7731,Standard,Delta,Beta,Delta,Rahul Ashby,466,,,,,5138,8386,2584,Y,,,,Gamma,,,diego.sloan@acme-fake.test,,Aligned on billing and renewal terms.,fatima.patel@sampleco.test,jamie.silva@sampleco.test,,100786,,101161,,100352,,,101118,,100648,,priya.dorsey@sampleco.test,Jamie Kim,N,Northwind Ventures Co,100457,SKU-7660,101043,Alex Mercer,101194,,,101502
700073,100387,Customer Management,100493,Quarterly Review,Final,Aligned on billing and renewal terms.,Y,Y,TAG-3077,drew.nguyen@examplecorp.test,2024-08-11 15:18:00,jamie.garcia@sampleco.test,Marco Kim,Yara Vance,Morgan Dorsey,,LOT-3925,Quinn Mercer,omar.mercer@demomail.test,,emerson.brooks@demomail.test,,Y,9.4,3.0,4.7,Arjun Cohen,2023-08-16 21:47:00,9699,7464,Beta,Beta,Delta,LOT-7683,4156,9585,Arjun Ivanov,,,,,6501,8410,Jordan Sato,2023-03-30 06:55:00,9199,,Standard,Other,Other,Beta,Sofia Whitfield,5861,,,,,5162,3805,2123,Y,,,,Gamma,,,reese.garcia@examplecorp.test,,Resolved the outstanding question about scope.,riley.patel@acme-fake.test,nina.nguyen@examplecorp.test,,100735,,,,,,,,,100634,,jordan.sloan@demomail.test,Nina Ashby,Y,Granite Foods Inc,100038,TAG-6797,100819,Casey Dorsey,101689,,,100817
700074,100271,Resource Care,100538,Customer Success Check-In,Final,Reviewed performance and gathered feedback.,N,N,SKU-2640,jamie.patel@examplecorp.test,2025-12-06 18:59:00,omar.mercer@examplecorp.test,Alex Nguyen,Fatima Calder,Omar Sloan,,LOT-6751,Taylor Dorsey,aisha.blake@sampleco.test,,mei.kim@acme-fake.test,,Y,1.0,4.8,1.6,Skyler Mercer,2022-10-01 15:43:00,7275,3786,Other,Gamma,Other,LOT-2271,19,4532,Jordan Ford,,,,,7854,659,Priya Mercer,2024-05-01 12:46:00,3705,231,Other,Delta,Alpha,Standard,Priya Reyes,996,,,,,77,3160,1697,Y,,,,Gamma,Followed up on the open items from last week.,,diego.mercer@sampleco.test,,Resolved the outstanding question about scope.,alex.mensah@demomail.test,noah.haddad@demomail.test,,100204,,,,,,,,,100481,,morgan.kim@examplecorp.test,Aisha Whitfield,Y,Cobalt Partners LLC,100439,TAG-3087,101187,Avery Garcia,101677,,TAG-6367,101563
700075,100514,Resource Care,100134,Wellness Check-In,Final,Shared the updated proposal for review.,N,N,SKU-6421,diego.mercer@examplecorp.test,2023-06-03 16:28:00,alex.blake@sampleco.test,Reese Blake,Drew Costa,,,,,diego.mercer@examplecorp.test,Marco Dorsey,noah.brooks@demomail.test,,Y,4.7,8.4,3.8,Avery Sloan,2025-04-09 06:56:00,1600,177,Other,Beta,Beta,LOT-1695,1456,6627,Reese Reyes,,,,,4445,5937,Aisha Okafor,2026-03-26 09:56:00,6711,8830,Other,,Other,,Chen Nguyen,7660,,,,,2234,7172,8874,N,,,Standard,Delta,Noted a concern to revisit at the next sync.,,marco.haddad@sampleco.test,,Reviewed performance and gathered feedback.,priya.larsson@demomail.test,liam.calder@demomail.test,,100229,,101604,,100038,,,101235,,100177,,taylor.patel@sampleco.test,,Y,,100292,TAG-2075,101042,Emerson Sato,101578,,TAG-2547,101615
700076,100382,Resource Care,100710,Wellness Check-In,Final,Aligned on billing and renewal terms.,Y,N,LOT-1646,chen.rossi@sampleco.test,2026-02-26 12:46:00,chen.mensah@sampleco.test,Chen Cohen,Emerson Sato,Reese Reyes,,REF-6049,Arjun Ivanov,jordan.vance@sampleco.test,Noah Brooks,nina.reyes@acme-fake.test,,Y,5.0,3.1,3.2,Morgan Sato,2025-09-17 09:07:00,5889,9940,Other,Alpha,Other,SKU-3660,9522,8849,Avery Mercer,,,,,7258,765,Aisha Vance,2025-08-23 15:11:00,1127,2382,Beta,,Delta,Standard,Rowan Sato,9377,,,,,4476,393,2051,Y,,,,Beta,Noted a concern to revisit at the next sync.,,nina.mensah@acme-fake.test,,Discussed timeline and next steps with the account.,avery.dorsey@demomail.test,rowan.patel@demomail.test,,100545,,,,100155,,,101161,,100494,,taylor.okafor@demomail.test,Drew Reyes,Y,Keystone Ventures Ltd,100178,SKU-7780,101628,,101162,,,101520
700077,100585,Resource Care,100490,Customer Success Check-In,Final,Followed up on the open items from last week.,Y,N,REF-6778,emerson.mensah@examplecorp.test,2024-04-30 00:32:00,sofia.nguyen@acme-fake.test,Sofia Calder,Reese Brooks,Nina Ashby,,,Marco Kim,nina.ashby@sampleco.test,,taylor.kim@demomail.test,Mei Sato,Y,7.4,8.8,2.8,Quinn Blake,2024-02-20 21:37:00,4451,1392,Other,Standard,Gamma,REF-5603,1085,8312,Diego Brooks,,,,,8850,4707,Omar Whitfield,2023-08-26 07:39:00,7088,7457,Other,,Delta,Alpha,Drew Mercer,6012,,,,,2629,9429,476,Y,,,,Alpha,,,casey.reyes@demomail.test,,Aligned on billing and renewal terms.,yara.vance@acme-fake.test,casey.larsson@acme-fake.test,,100215,,100881,,100120,,,,,,,chen.mercer@demomail.test,Casey Garcia,N,Silverline Group Co,100495,LOT-9081,100873,Rowan Kim,101328,,LOT-1415,101368
700078,100050,Customer Management,100315,Wellness Check-In,Final,Aligned on billing and renewal terms.,N,N,REF-3780,chen.nguyen@demomail.test,2024-03-31 07:54:00,noah.ashby@acme-fake.test,Chen Vance,Avery Mercer,Riley Ford,,SKU-8572,Nina Reyes,reese.nguyen@demomail.test,,mei.garcia@examplecorp.test,Omar Larsson,N,6.7,3.3,6.4,Aisha Ivanov,2022-10-11 19:18:00,8720,1573,Beta,Other,Other,TAG-2160,6855,8461,Chen Calder,,,,,4846,1000,Jordan Kim,2024-01-20 20:42:00,8565,6657,Gamma,,,,Jordan Kim,4003,,,,,951,4054,6022,Y,,Beta,,Standard,Noted a concern to revisit at the next sync.,,avery.vance@demomail.test,,Reviewed performance and gathered feedback.,sofia.dorsey@acme-fake.test,morgan.okafor@acme-fake.test,,100675,,100908,,,,,101018,,100043,,aisha.ivanov@acme-fake.test,Sofia Sloan,Y,Granite Group Inc,100087,TAG-8929,101194,Aisha Kim,101335,,,100867
700079,100428,Resource Care,100253,Quarterly Review,Final,Aligned on billing and renewal terms.,N,Y,LOT-7891,mei.costa@demomail.test,2024-08-05 09:35:00,drew.dorsey@acme-fake.test,Emerson Ivanov,Chen Sloan,Emerson Mensah,,,Omar Sato,quinn.patel@sampleco.test,Liam Calder,sofia.calder@demomail.test,,N,4.9,1.0,2.8,Jordan Reyes,2025-08-01 10:37:00,9664,4325,Alpha,Other,Beta,LOT-7928,386,2020,Quinn Ivanov,,,,,8147,7271,Chen Ashby,2023-01-02 08:22:00,5743,9786,Beta,Beta,Other,Other,Mei Vance,2241,,,,,3847,5322,4952,N,,,,Other,Shared the updated proposal for review.,,omar.cohen@examplecorp.test,,Aligned on billing and renewal terms.,emerson.dorsey@acme-fake.test,nina.costa@examplecorp.test,,100210,,100902,,100012,,,,,100022,,rahul.cohen@acme-fake.test,Alex Okafor,N,Cobalt Retail Inc,100125,SKU-3133,101463,Alex Larsson,101368,,,100966
700080,100751,Resource Care,100046,Quarterly Review,Final,Resolved the outstanding question about scope.,N,N,TAG-1084,emerson.vance@demomail.test,2023-02-05 13:23:00,omar.ford@acme-fake.test,Taylor Sato,Riley Rossi,Mei Larsson,,,,avery.mercer@acme-fake.test,,morgan.dorsey@examplecorp.test,Priya Kim,N,9.8,2.6,3.8,Fatima Garcia,2024-04-27 19:27:00,6519,1657,Alpha,Other,Beta,LOT-4974,7058,7031,Riley Vance,,,,,3377,6096,Reese Vance,2026-06-12 18:25:00,7775,7986,Standard,Delta,Beta,Beta,Morgan Dorsey,4085,,,,,1908,,410,N,,,,Gamma,Resolved the outstanding question about scope.,,jamie.patel@demomail.test,,Followed up on the open items from last week.,alex.sloan@demomail.test,fatima.reyes@examplecorp.test,,100281,,101657,,,,,,,100087,,aisha.sato@sampleco.test,Diego Calder,Y,Harbor Logistics LLC,100739,REF-3461,101207,Jordan Kim,101656,,,101082
700081,100741,Resource Care,100415,Wellness Check-In,Final,Followed up on the open items from last week.,N,Y,LOT-1622,noah.vance@demomail.test,2023-11-29 10:15:00,alex.ford@demomail.test,Skyler Blake,Avery Blake,Elena Rossi,,LOT-9192,,morgan.ashby@sampleco.test,Alex Ashby,aisha.sloan@sampleco.test,Emerson Ford,N,5.5,3.6,3.9,Drew Mensah,2025-09-07 06:07:00,3592,9392,Beta,Standard,Beta,REF-7788,9694,5073,Avery Vance,,,,,1282,5095,Alex Ford,2023-11-14 11:58:00,7890,3629,Beta,Gamma,Standard,Standard,Liam Sato,5379,,,,,,9573,5197,N,,,,Standard,,,yara.ashby@sampleco.test,,Resolved the outstanding question about scope.,taylor.whitfield@examplecorp.test,skyler.cohen@acme-fake.test,,100117,,101278,,,,,101739,,,,drew.mercer@demomail.test,Avery Sato,Y,Ironwood Retail Corp,100606,TAG-4094,101125,Jamie Mercer,101320,,SKU-1608,101586
700082,100579,Customer Management,100305,Quarterly Review,Final,Noted a concern to revisit at the next sync.,Y,N,TAG-9145,alex.calder@acme-fake.test,2023-01-25 21:24:00,rowan.mercer@acme-fake.test,Priya Blake,Rowan Cohen,Casey Whitfield,,,Marco Calder,nina.dorsey@sampleco.test,Chen Ford,emerson.rossi@demomail.test,Priya Ivanov,N,8.4,3.2,1.6,Jamie Sloan,2023-05-12 11:23:00,4732,8609,Alpha,Gamma,Alpha,SKU-3223,1234,9365,Casey Brooks,,,,,6693,8999,Chen Ashby,2025-03-25 18:28:00,,2284,Alpha,Standard,Alpha,,Emerson Garcia,,,,,,8208,2811,603,N,,,,,Shared the updated proposal for review.,,riley.larsson@examplecorp.test,,Discussed timeline and next steps with the account.,jamie.haddad@examplecorp.test,taylor.vance@acme-fake.test,,100415,,,,100561,,,,,,,skyler.sato@sampleco.test,Fatima Mercer,N,Cobalt Logistics LLC,100704,SKU-2572,101442,Alex Vance,100936,,LOT-4349,101447
700083,100442,Resource Care,100089,Customer Success Check-In,Final,Scheduled a check-in for the coming month.,N,Y,REF-7227,jordan.nguyen@examplecorp.test,2023-04-05 10:32:00,liam.nguyen@acme-fake.test,Chen Blake,Marco Nguyen,Liam Mercer,,REF-2335,Sofia Garcia,nina.whitfield@examplecorp.test,,diego.blake@demomail.test,Casey Sato,Y,3.5,4.4,1.2,Alex Cohen,2023-06-15 16:38:00,2178,5461,Alpha,Alpha,Gamma,LOT-4195,9639,1923,Arjun Ashby,,,,,9509,3960,Alex Whitfield,2024-04-02 11:35:00,2438,8823,Standard,Delta,Alpha,Alpha,Drew Garcia,7678,,,,,,9965,5122,N,,,,Alpha,Resolved the outstanding question about scope.,,riley.rossi@demomail.test,,Resolved the outstanding question about scope.,morgan.sato@acme-fake.test,emerson.sloan@sampleco.test,,100257,,101090,,,,,101657,,100118,,rowan.calder@acme-fake.test,Sofia Ford,N,Falcon Logistics,100721,TAG-1029,101256,Avery Vance,101478,,,100846
700084,100446,Resource Care,100442,Wellness Check-In,Draft,Discussed timeline and next steps with the account.,N,Y,LOT-3132,emerson.patel@examplecorp.test,2026-04-09 18:17:00,arjun.calder@sampleco.test,Yara Cohen,Sofia Ashby,,,TAG-1164,Sofia Rossi,riley.okafor@demomail.test,,emerson.ford@examplecorp.test,,N,4.2,6.3,9.3,Riley Larsson,2024-05-04 20:43:00,8028,5706,Gamma,Delta,Standard,TAG-2663,6532,4834,Riley Sloan,,,,,3191,4288,Drew Nguyen,2025-01-12 10:06:00,141,4599,Alpha,Standard,Standard,Other,Nina Whitfield,3166,,,,,6114,1459,4798,Y,,,,Standard,Resolved the outstanding question about scope.,,riley.ashby@sampleco.test,,Scheduled a check-in for the coming month.,skyler.kim@acme-fake.test,nina.ivanov@demomail.test,,100790,,,,,,,101004,,100727,,liam.larsson@examplecorp.test,Emerson Cohen,N,Keystone Group Inc,100112,SKU-7847,101333,Fatima Rossi,101264,Other,,101657
700085,100596,Customer Management,100564,Quarterly Review,Final,Discussed timeline and next steps with the account.,N,N,LOT-6115,morgan.nguyen@demomail.test,2024-10-22 05:38:00,omar.blake@acme-fake.test,Aisha Whitfield,Drew Rossi,Fatima Larsson,,LOT-5642,Elena Patel,yara.rossi@sampleco.test,Rahul Mercer,priya.calder@examplecorp.test,Jamie Sato,Y,4.6,8.1,9.2,Fatima Whitfield,2022-12-27 04:46:00,1585,7920,Beta,Delta,Standard,TAG-7300,4889,7964,Riley Nguyen,,,,,7087,6192,,2024-06-30 08:18:00,89,8986,Delta,Standard,,Gamma,Noah Dorsey,8841,,,,,9911,9770,7536,Y,,,,Beta,Reviewed performance and gathered feedback.,Yara Brooks,chen.blake@acme-fake.test,,Scheduled a check-in for the coming month.,reese.ivanov@demomail.test,marco.sloan@demomail.test,,100165,,101042,,100726,,,,,,,liam.ashby@acme-fake.test,Avery Vance,Y,Everest Energy Inc,100585,SKU-6312,101160,Noah Blake,101790,,SKU-4635,101018
700086,100467,Resource Care,100082,Quarterly Review,Final,Noted a concern to revisit at the next sync.,Y,Y,REF-8014,reese.silva@examplecorp.test,2024-10-23 19:45:00,riley.mercer@sampleco.test,Quinn Mensah,Riley Patel,Rahul Sloan,,REF-8681,,taylor.larsson@acme-fake.test,Diego Cohen,avery.rossi@sampleco.test,Casey Kim,N,3.4,9.7,2.7,Riley Mercer,2025-03-26 19:00:00,1160,987,Alpha,Beta,Standard,REF-8859,7229,9639,Diego Mercer,,,,,4669,9658,Noah Haddad,2026-07-25 18:41:00,693,8360,Delta,Standard,Beta,Beta,Arjun Okafor,5163,,,,,2254,6962,8210,Y,,,,Beta,Reviewed performance and gathered feedback.,,quinn.costa@sampleco.test,,Resolved the outstanding question about scope.,morgan.mensah@examplecorp.test,rahul.whitfield@examplecorp.test,,100632,,,,,,,101062,,100707,,casey.ivanov@examplecorp.test,Jamie Mercer,N,Copper Analytics Corp,100369,TAG-9728,100849,,100998,,,100838
700087,100112,Customer Management,100611,Wellness Check-In,Final,Discussed timeline and next steps with the account.,N,Y,LOT-5134,avery.costa@sampleco.test,2023-06-17 15:23:00,mei.garcia@acme-fake.test,Taylor Ford,Chen Mercer,,,,Mei Ivanov,elena.mensah@acme-fake.test,Jamie Costa,elena.costa@demomail.test,Casey Ivanov,N,7.3,9.8,4.2,Avery Mensah,2025-02-15 06:56:00,8542,2117,Delta,Other,Beta,SKU-5378,7019,3103,Reese Larsson,,,,,1700,512,Jamie Nguyen,2026-05-06 05:08:00,107,5253,Other,Alpha,Standard,Beta,Liam Dorsey,,,,,,5595,6666,6126,N,,,,Beta,,,rowan.mensah@demomail.test,,Discussed timeline and next steps with the account.,jordan.ivanov@sampleco.test,omar.ivanov@examplecorp.test,,100156,,101178,,,,,101259,,100050,,fatima.cohen@sampleco.test,Fatima Ford,Y,Cardinal Analytics,100278,SKU-8211,100891,Aisha Okafor,101211,,,101631
700088,100087,Resource Care,100399,Customer Success Check-In,Final,Shared the updated proposal for review.,N,Y,SKU-1320,alex.costa@acme-fake.test,2025-11-30 20:52:00,mei.whitfield@demomail.test,Priya Garcia,Casey Garcia,Liam Rossi,,TAG-3559,Chen Ashby,noah.mensah@demomail.test,,casey.mensah@sampleco.test,Mei Brooks,Y,4.0,6.3,1.1,Alex Nguyen,2024-10-27 19:13:00,852,9851,Other,Other,Alpha,SKU-2597,3616,6020,Drew Blake,,,,,1962,9561,Rowan Reyes,2023-01-26 01:11:00,7580,5334,Standard,Standard,Gamma,Alpha,Aisha Garcia,9082,,,,,2078,2868,4805,N,,,,Standard,Reviewed performance and gathered feedback.,,elena.nguyen@acme-fake.test,,Scheduled a check-in for the coming month.,arjun.brooks@demomail.test,morgan.ivanov@demomail.test,,100759,,101701,,100161,,,101354,,,,jordan.ford@demomail.test,Priya Nguyen,N,Copper Solutions Group,100096,REF-8695,100944,,101585,,,101524
700089,100566,Customer Management,100446,Wellness Check-In,Draft,Discussed timeline and next steps with the account.,Y,Y,TAG-8993,aisha.costa@examplecorp.test,2023-01-12 03:54:00,sofia.mercer@sampleco.test,Elena Okafor,Riley Brooks,Marco Okafor,,,Omar Larsson,drew.patel@sampleco.test,,rahul.dorsey@demomail.test,Jamie Garcia,Y,6.1,4.7,1.3,Taylor Rossi,2023-12-27 17:21:00,5444,8194,Delta,Alpha,Standard,LOT-3021,6758,9403,Priya Blake,,,,,7118,4011,Mei Silva,2023-04-23 05:11:00,7099,6511,Delta,Other,Delta,Delta,Casey Calder,3137,,,,,2081,7566,4838,Y,,,,,Noted a concern to revisit at the next sync.,,arjun.calder@demomail.test,,Noted a concern to revisit at the next sync.,sofia.vance@examplecorp.test,chen.blake@demomail.test,,100137,,101684,,100153,,,101197,,,,drew.dorsey@sampleco.test,,N,Lakeside Health Group,100761,REF-4586,101531,Nina Dorsey,101213,,,101742
700090,100579,Resource Care,100559,Quarterly Review,Draft,Aligned on billing and renewal terms.,N,Y,REF-5826,noah.costa@sampleco.test,2023-12-19 12:54:00,sofia.cohen@examplecorp.test,Rowan Rossi,Drew Patel,Jordan Sloan,,TAG-7807,,fatima.calder@acme-fake.test,Riley Silva,skyler.mensah@sampleco.test,Rahul Nguyen,N,8.6,5.2,4.1,Rahul Cohen,2024-01-21 18:28:00,7301,1970,Standard,Delta,Gamma,SKU-5989,7830,3379,Aisha Garcia,,,,,4222,75,Casey Calder,2023-04-01 12:19:00,9679,9593,Standard,Delta,Delta,Delta,Rahul Silva,323,,,,,425,2433,8617,N,,,,Alpha,Aligned on billing and renewal terms.,,rahul.ford@sampleco.test,,Noted a concern to revisit at the next sync.,sofia.garcia@demomail.test,priya.larsson@examplecorp.test,,100273,,101743,,100133,,,,,100718,,reese.blake@acme-fake.test,Arjun Reyes,N,Redwood Manufacturing Group,100761,SKU-5357,100825,Sofia Garcia,101582,,,101690
700091,100396,Resource Care,100460,Wellness Check-In,Final,Scheduled a check-in for the coming month.,N,N,SKU-5111,casey.blake@demomail.test,2024-11-05 19:33:00,yara.ashby@examplecorp.test,Drew Nguyen,Quinn Okafor,Skyler Okafor,,LOT-6140,,avery.okafor@sampleco.test,Riley Vance,alex.silva@acme-fake.test,Yara Vance,N,7.0,9.6,7.1,Omar Ashby,2024-03-20 10:17:00,9426,6089,Alpha,Other,Gamma,SKU-9043,7640,8574,Elena Vance,,,,,1223,8102,Morgan Mercer,2025-03-04 15:36:00,3746,4182,Other,Other,,Gamma,Nina Ford,2405,,,,,3207,855,9772,Y,,,,Other,Shared the updated proposal for review.,,taylor.cohen@sampleco.test,Delta,Resolved the outstanding question about scope.,quinn.ashby@acme-fake.test,yara.ashby@sampleco.test,,100068,,100849,,,,,100935,,,,reese.kim@sampleco.test,Rahul Mercer,N,Vertex Dynamics LLC,100595,SKU-8308,101102,,101538,,SKU-7736,101140
700092,100239,Customer Management,100495,Wellness Check-In,Draft,Noted a concern to revisit at the next sync.,N,Y,LOT-3077,chen.patel@acme-fake.test,2026-03-16 21:31:00,arjun.dorsey@sampleco.test,Yara Brooks,Quinn Sloan,Elena Garcia,,LOT-3162,Casey Haddad,jordan.ford@acme-fake.test,Quinn Brooks,elena.kim@demomail.test,Casey Blake,N,2.5,6.1,6.8,Marco Calder,2024-11-04 07:22:00,8519,9541,Delta,Gamma,Alpha,LOT-8458,7941,1341,Aisha Costa,,,,,1560,9978,Taylor Sloan,2026-05-08 19:11:00,5395,3844,Delta,Alpha,Beta,Standard,Skyler Calder,5288,,,,,7680,,8375,N,,,,Standard,Shared the updated proposal for review.,,drew.ashby@demomail.test,,Reviewed performance and gathered feedback.,rowan.reyes@demomail.test,nina.larsson@examplecorp.test,,100739,,,,100761,,,,,100019,,yara.ashby@demomail.test,,Y,Redwood Analytics Corp,100566,LOT-7195,101171,Omar Ashby,100966,,,100899
700093,100504,Customer Management,100147,Wellness Check-In,Draft,Followed up on the open items from last week.,Y,N,SKU-4754,elena.brooks@acme-fake.test,2024-08-01 00:11:00,chen.mensah@sampleco.test,Taylor Larsson,Priya Ford,,,REF-6652,Reese Rossi,noah.dorsey@demomail.test,Arjun Costa,rowan.sato@demomail.test,Avery Garcia,Y,2.6,3.6,8.2,Rowan Costa,2024-07-19 19:41:00,6304,6082,Gamma,Other,Delta,TAG-3982,2817,1650,Jamie Ivanov,,,,,2554,7903,Morgan Okafor,2023-12-27 04:03:00,4520,9013,,Delta,,Delta,Nina Okafor,6182,,,,,9714,,8608,N,,,,,Scheduled a check-in for the coming month.,,chen.ivanov@acme-fake.test,,Scheduled a check-in for the coming month.,avery.cohen@acme-fake.test,rahul.calder@demomail.test,,100691,,,,100153,,,100856,,100651,,priya.ford@sampleco.test,Riley Dorsey,N,Everest Dynamics,100040,TAG-8531,101605,Riley Sloan,101621,,,101399
700094,100145,Resource Care,100768,Quarterly Review,Draft,Noted a concern to revisit at the next sync.,N,Y,SKU-2944,noah.patel@acme-fake.test,2024-10-22 15:28:00,reese.sato@examplecorp.test,Riley Haddad,Jamie Calder,Aisha Sloan,Other,LOT-1618,Riley Mensah,arjun.reyes@sampleco.test,,riley.reyes@examplecorp.test,Arjun Rossi,N,8.5,6.2,1.9,Jordan Patel,2023-01-19 09:34:00,1065,961,Gamma,Gamma,Standard,LOT-3066,5023,3978,Marco Blake,,,,,2528,2238,Jamie Mensah,2025-12-27 02:43:00,5214,3565,Alpha,Delta,Standard,Gamma,Jordan Whitfield,5362,,,,,5498,6746,7850,Y,,,,Standard,Resolved the outstanding question about scope.,,drew.ashby@demomail.test,,Followed up on the open items from last week.,avery.garcia@sampleco.test,marco.patel@acme-fake.test,,100220,,,,100012,,,101173,,100233,,alex.vance@sampleco.test,Reese Sloan,N,Lakeside Dynamics Group,100357,REF-3880,101231,Marco Ford,101649,,,101058
700095,100691,Customer Management,100441,Customer Success Check-In,Final,Scheduled a check-in for the coming month.,Y,Y,SKU-4025,avery.reyes@acme-fake.test,2023-06-11 14:44:00,jamie.silva@demomail.test,Noah Patel,Elena Whitfield,Arjun Sloan,,TAG-5763,Jamie Costa,priya.mercer@sampleco.test,Drew Ashby,casey.mercer@examplecorp.test,,Y,1.2,2.9,3.4,Morgan Dorsey,2025-04-04 09:45:00,819,3566,Gamma,Gamma,Standard,SKU-8121,1464,4002,Aisha Vance,,,,,9734,9709,Emerson Kim,2022-12-28 02:12:00,2345,3352,Alpha,,Delta,Beta,Casey Rossi,7783,,,,,2084,3677,159,N,,,Gamma,Other,Noted a concern to revisit at the next sync.,,casey.kim@sampleco.test,,Resolved the outstanding question about scope.,rahul.calder@demomail.test,elena.larsson@sampleco.test,,100410,,,,100593,,,101427,,100661,,rowan.dorsey@demomail.test,Taylor Brooks,Y,Redwood Analytics Corp,100219,LOT-4316,101689,,101056,,,101020
700096,100210,Customer Management,100493,Customer Success Check-In,Final,Resolved the outstanding question about scope.,N,N,LOT-2452,omar.cohen@acme-fake.test,2024-04-17 05:17:00,rowan.silva@examplecorp.test,Casey Sato,Morgan Vance,Chen Cohen,,REF-6688,Jordan Silva,quinn.mercer@sampleco.test,,quinn.okafor@examplecorp.test,,N,1.4,2.3,3.6,Jamie Patel,2023-10-28 07:54:00,379,7432,Other,Standard,Alpha,SKU-4710,6744,3826,Fatima Calder,,,,,4607,8367,Chen Ashby,2024-11-08 19:38:00,2141,9308,Gamma,Other,Delta,Delta,Morgan Patel,7291,,,,,3563,,9966,N,,,,Gamma,Shared the updated proposal for review.,,arjun.cohen@acme-fake.test,,Discussed timeline and next steps with the account.,marco.patel@examplecorp.test,fatima.brooks@examplecorp.test,,100005,,101343,,100028,,,,,100640,,emerson.nguyen@examplecorp.test,Mei Reyes,Y,Lakeside Systems Ltd,100239,TAG-2219,101119,Mei Dorsey,101285,,,101216
700097,100142,Resource Care,100252,Customer Success Check-In,Final,Followed up on the open items from last week.,N,Y,TAG-1358,drew.ivanov@acme-fake.test,2024-05-03 11:30:00,quinn.sato@sampleco.test,Drew Calder,Casey Garcia,Liam Reyes,,TAG-1429,Skyler Blake,drew.patel@acme-fake.test,Quinn Sloan,sofia.kim@sampleco.test,Reese Vance,N,8.8,6.6,4.6,Alex Cohen,2024-01-29 01:09:00,82,989,Gamma,Beta,Standard,SKU-6673,6059,679,Yara Silva,,,,,63,5634,Jordan Nguyen,2023-06-13 09:05:00,8996,6525,Other,,Gamma,Alpha,Casey Nguyen,5359,,,,,7173,8807,1487,Y,,,Gamma,Other,Reviewed performance and gathered feedback.,,reese.sato@demomail.test,,Noted a concern to revisit at the next sync.,reese.garcia@demomail.test,fatima.ivanov@demomail.test,,100461,,101256,,,,,101701,,100595,,avery.brooks@acme-fake.test,Jordan Larsson,Y,Northwind Systems Group,100590,TAG-3962,101256,Fatima Blake,101454,,,101424
700098,100762,Resource Care,100786,Quarterly Review,Final,Shared the updated proposal for review.,N,Y,REF-2139,quinn.whitfield@acme-fake.test,2025-10-03 07:24:00,avery.reyes@demomail.test,Reese Costa,Morgan Calder,Morgan Sloan,,SKU-2312,Diego Whitfield,yara.sato@sampleco.test,,mei.mensah@sampleco.test,Elena Larsson,Y,6.3,9.4,4.9,Omar Nguyen,2023-12-15 15:25:00,945,7415,Alpha,Delta,Other,TAG-3395,2351,6752,Yara Brooks,,,,,2293,9431,Omar Ivanov,2024-05-07 15:02:00,,9548,Alpha,,Other,Delta,Jamie Ivanov,3734,,,,,,5066,3105,N,,,,Other,Reviewed performance and gathered feedback.,Drew Sloan,elena.okafor@acme-fake.test,,Resolved the outstanding question about scope.,jordan.sloan@examplecorp.test,sofia.mercer@examplecorp.test,,100361,,100809,,,,,101594,,100073,,morgan.kim@examplecorp.test,Drew Brooks,Y,Ironwood Logistics Group,100675,SKU-3212,101638,Morgan Brooks,101618,,REF-1666,101122
700099,100077,Resource Care,100466,Wellness Check-In,Final,Shared the updated proposal for review.,Y,N,SKU-1188,diego.sato@sampleco.test,2026-01-05 05:30:00,casey.brooks@sampleco.test,Sofia Cohen,Jordan Rossi,Mei Nguyen,,LOT-8119,,marco.garcia@sampleco.test,Omar Whitfield,casey.calder@examplecorp.test,Chen Cohen,N,3.4,3.1,5.2,Riley Rossi,2022-11-01 14:12:00,7652,5396,Beta,Delta,Alpha,REF-3268,7992,534,Riley Ashby,,,,,8963,1859,Taylor Garcia,2025-01-13 05:52:00,8843,8871,Alpha,Beta,Other,Beta,Drew Okafor,9669,,,,,7124,7552,7739,Y,,,,Standard,Noted a concern to revisit at the next sync.,,noah.costa@examplecorp.test,,Resolved the outstanding question about scope.,liam.cohen@sampleco.test,aisha.rossi@acme-fake.test,,100775,,,,100121,,,101228,,100727,,jordan.sato@sampleco.test,Morgan Rossi,Y,Falcon Analytics LLC,100721,LOT-6467,101262,Aisha Rossi,100825,,,100810
700100,100142,Resource Care,100768,Customer Success Check-In,Final,Scheduled a check-in for the coming month.,N,N,REF-4689,diego.brooks@examplecorp.test,2024-07-13 09:49:00,riley.nguyen@examplecorp.test,Aisha Sato,Diego Ford,Jordan Dorsey,,TAG-4183,Marco Larsson,diego.dorsey@sampleco.test,Jordan Mercer,taylor.sloan@demomail.test,Chen Cohen,Y,5.3,4.8,3.9,Arjun Haddad,2024-12-20 15:43:00,7492,2263,Delta,Gamma,Beta,LOT-6069,1454,2842,Marco Haddad,,,,,1617,837,Yara Vance,2025-01-15 03:23:00,3765,6009,Alpha,Standard,,Alpha,Rowan Whitfield,5133,,,,,,1651,7963,Y,,,,Delta,Followed up on the open items from last week.,,arjun.ivanov@sampleco.test,,Aligned on billing and renewal terms.,yara.reyes@acme-fake.test,casey.rossi@demomail.test,,100023,,,,100196,,,,,100219,,omar.patel@examplecorp.test,,N,Falcon Textiles LLP,100043,REF-7493,101216,Priya Ivanov,101201,,LOT-6425,100923
700101,100275,Customer Management,100761,Wellness Check-In,Final,Shared the updated proposal for review.,Y,N,SKU-9444,avery.costa@demomail.test,2024-12-11 11:23:00,avery.whitfield@sampleco.test,Elena Okafor,Rowan Larsson,Mei Patel,,REF-6686,,yara.kim@acme-fake.test,Emerson Sloan,priya.brooks@examplecorp.test,,Y,5.4,8.3,6.4,Morgan Calder,2025-04-27 01:24:00,428,8051,Delta,Alpha,Standard,REF-7395,6431,8779,Diego Ashby,,,,,1051,2370,Sofia Ford,2025-12-25 04:50:00,7549,9213,Standard,Standard,Delta,Alpha,Morgan Ashby,3722,,,,,2220,5716,7822,Y,,,,,Reviewed performance and gathered feedback.,,jordan.ivanov@examplecorp.test,,Reviewed performance and gathered feedback.,drew.mensah@examplecorp.test,reese.okafor@acme-fake.test,,100071,,,,,,,101289,,100292,,riley.ford@sampleco.test,Aisha Mensah,Y,Granite Foods Ltd,100378,SKU-5964,101278,Emerson Whitfield,100890,,,101120
700102,100040,Customer Management,100299,Quarterly Review,Final,Aligned on billing and renewal terms.,Y,N,REF-2263,nina.nguyen@sampleco.test,2026-01-16 01:37:00,diego.haddad@sampleco.test,Rowan Dorsey,Liam Ashby,,,TAG-9202,Skyler Sloan,marco.nguyen@acme-fake.test,Liam Costa,nina.cohen@acme-fake.test,Emerson Mensah,Y,3.6,2.6,1.7,Arjun Nguyen,2023-03-20 15:43:00,4147,8335,Beta,Other,Standard,SKU-5500,252,2853,Casey Ivanov,,,,,3373,8500,Arjun Rossi,2025-11-22 22:43:00,472,401,,Other,Beta,Other,Omar Patel,4831,,,,,7480,4812,8209,N,,,,Delta,Shared the updated proposal for review.,,aisha.larsson@demomail.test,,Aligned on billing and renewal terms.,taylor.sato@acme-fake.test,elena.patel@examplecorp.test,,100699,,101171,,100055,,,101439,,100608,,drew.cohen@examplecorp.test,Yara Brooks,N,Northwind Labs Ltd,100750,TAG-7697,101507,Nina Brooks,101249,,,101069
700103,100183,Customer Management,100582,Customer Success Check-In,Final,Reviewed performance and gathered feedback.,N,Y,LOT-5368,liam.vance@examplecorp.test,2024-07-28 11:23:00,diego.ford@examplecorp.test,Riley Whitfield,Quinn Rossi,Alex Vance,,,,alex.mensah@examplecorp.test,Arjun Brooks,elena.dorsey@sampleco.test,Mei Sato,Y,7.5,9.6,5.6,Yara Whitfield,2024-02-28 02:36:00,4048,3066,Gamma,Alpha,Delta,TAG-7806,4587,2251,Arjun Silva,,,,,6058,3343,Drew Vance,2024-03-27 14:41:00,6475,,Other,Alpha,Other,Gamma,,7818,,,,,,5786,9708,Y,,,,,Aligned on billing and renewal terms.,,riley.vance@demomail.test,,Noted a concern to revisit at the next sync.,emerson.mensah@sampleco.test,jordan.sato@acme-fake.test,,100210,,101502,,100214,,,,,,,priya.okafor@acme-fake.test,Reese Whitfield,Y,Cobalt Partners,100435,TAG-9786,101129,Rahul Kim,101487,,,100808
700104,100418,Resource Care,100332,Quarterly Review,Final,Scheduled a check-in for the coming month.,Y,Y,LOT-4553,quinn.patel@sampleco.test,2025-04-20 23:46:00,jordan.blake@sampleco.test,Reese Vance,Nina Nguyen,Taylor Rossi,,REF-2887,Sofia Blake,elena.larsson@sampleco.test,Priya Silva,elena.patel@examplecorp.test,,N,4.1,2.1,8.4,Diego Okafor,2025-02-25 05:35:00,9186,5778,Alpha,Gamma,Standard,REF-7196,8755,7273,Jamie Mensah,,,,,9461,1279,Marco Blake,2026-07-05 14:23:00,8076,4163,Gamma,Standard,Alpha,Standard,Omar Costa,4104,,,,,2744,4618,9932,N,,,Beta,Alpha,Reviewed performance and gathered feedback.,,marco.mensah@examplecorp.test,,Aligned on billing and renewal terms.,alex.silva@examplecorp.test,quinn.mercer@acme-fake.test,,100040,,101641,,100700,,,101137,,100389,,taylor.garcia@acme-fake.test,Arjun Brooks,N,Vertex Retail Group,100239,TAG-2706,101115,Rowan Ford,101050,,,101556
700105,100012,Customer Management,100083,Customer Success Check-In,Final,Followed up on the open items from last week.,N,N,REF-5156,quinn.silva@acme-fake.test,2024-03-15 16:32:00,rahul.whitfield@sampleco.test,Drew Whitfield,Mei Costa,Noah Cohen,,,Taylor Patel,yara.silva@sampleco.test,,aisha.nguyen@sampleco.test,Aisha Nguyen,N,4.5,7.9,1.5,Avery Okafor,2025-11-12 15:37:00,9901,9446,Delta,Gamma,Other,TAG-5632,2465,9793,Jordan Whitfield,,,,,8499,8375,Arjun Whitfield,2025-12-07 06:41:00,1786,2536,Other,Gamma,Beta,Standard,Emerson Silva,6703,,,,,,7188,2426,Y,,,,Gamma,Aligned on billing and renewal terms.,,fatima.costa@sampleco.test,,Scheduled a check-in for the coming month.,arjun.blake@examplecorp.test,yara.haddad@acme-fake.test,,100645,,101161,,,,,,,100204,,rahul.okafor@sampleco.test,Noah Ashby,N,Cardinal Networks Inc,100454,TAG-9102,101537,Rahul Larsson,101600,,,101743
700106,100548,Customer Management,100247,Customer Success Check-In,Final,Reviewed performance and gathered feedback.,N,Y,TAG-8004,chen.mercer@examplecorp.test,2026-06-24 23:36:00,quinn.mercer@examplecorp.test,Jamie Ivanov,Aisha Ivanov,,,TAG-8000,Priya Kim,taylor.ivanov@sampleco.test,,sofia.okafor@examplecorp.test,,N,9.0,7.8,2.2,Fatima Dorsey,2025-10-10 05:46:00,1651,6460,Other,Other,Delta,SKU-1598,9881,8037,Liam Vance,,,,,1965,3050,Marco Patel,2026-05-30 16:26:00,8942,6813,Alpha,Other,Beta,Beta,Jordan Sato,3799,,,,,,5816,9144,Y,,,,,Noted a concern to revisit at the next sync.,,noah.costa@examplecorp.test,,Aligned on billing and renewal terms.,alex.ashby@demomail.test,drew.blake@demomail.test,,100632,,,,100730,,,101012,,100229,,fatima.mercer@acme-fake.test,Drew Sato,N,Cardinal Networks LLP,100183,SKU-9628,100810,Emerson Ford,101439,,,100937
700107,100650,Resource Care,100320,Quarterly Review,Final,Resolved the outstanding question about scope.,N,N,SKU-3828,rahul.sloan@demomail.test,2025-08-01 20:33:00,morgan.kim@acme-fake.test,Elena Sloan,Mei Sato,Skyler Brooks,,SKU-4910,Elena Costa,priya.vance@examplecorp.test,Drew Silva,casey.haddad@sampleco.test,Nina Reyes,Y,8.5,3.5,8.5,Alex Rossi,2024-07-20 03:57:00,856,6602,Gamma,Other,Gamma,TAG-8695,578,3711,Arjun Haddad,,,,,8878,7279,Avery Larsson,2026-01-02 04:46:00,148,9649,Delta,Beta,Beta,Other,Skyler Reyes,3141,,,,,423,1024,8228,Y,,,,Gamma,Resolved the outstanding question about scope.,,jamie.silva@demomail.test,,Scheduled a check-in for the coming month.,liam.haddad@sampleco.test,arjun.mensah@acme-fake.test,,100650,,101699,,100640,,,101760,,100292,,marco.nguyen@examplecorp.test,Sofia Haddad,N,Harbor Partners Co,100349,LOT-7353,100838,Taylor Mercer,101335,,,101701
700108,100688,Customer Management,100761,Wellness Check-In,Final,Aligned on billing and renewal terms.,Y,Y,SKU-5157,fatima.haddad@acme-fake.test,2026-04-04 11:35:00,emerson.costa@sampleco.test,Jamie Costa,Emerson Costa,Liam Rossi,,,Diego Dorsey,sofia.cohen@examplecorp.test,,fatima.nguyen@sampleco.test,,Y,4.4,1.7,8.7,Elena Reyes,2024-05-20 10:08:00,316,4572,Delta,Delta,Other,REF-9376,2067,4169,Nina Sloan,,,,,1265,6087,Elena Mensah,2023-11-13 15:20:00,8627,4084,Gamma,Gamma,Alpha,Delta,Priya Cohen,9619,,,,,1762,5236,656,Y,,,,Gamma,Followed up on the open items from last week.,,skyler.silva@examplecorp.test,,Shared the updated proposal for review.,reese.calder@examplecorp.test,casey.garcia@sampleco.test,,100239,,101407,,100771,,,101655,,100759,,rowan.vance@demomail.test,Arjun Haddad,Y,Keystone Capital Corp,100365,LOT-6708,101791,Liam Mercer,101107,,,100953
700109,100267,Resource Care,100118,Customer Success Check-In,Final,Noted a concern to revisit at the next sync.,Y,N,SKU-5985,reese.kim@sampleco.test,2026-04-19 18:43:00,liam.sato@acme-fake.test,Riley Cohen,Rowan Blake,,,REF-1034,Drew Ivanov,taylor.vance@examplecorp.test,Taylor Ashby,arjun.sloan@demomail.test,Fatima Sloan,N,4.8,8.4,2.7,Mei Blake,2023-12-05 04:53:00,4448,7543,Other,Other,Beta,TAG-9497,2322,39,Emerson Ford,,,,,3684,1107,Aisha Haddad,2026-01-25 07:24:00,7041,4545,Standard,Standard,Delta,Standard,Morgan Costa,5754,,,,,2772,,7373,N,TAG-1921,,,Beta,Scheduled a check-in for the coming month.,,marco.kim@sampleco.test,,Discussed timeline and next steps with the account.,priya.kim@examplecorp.test,alex.sloan@acme-fake.test,,100467,,101311,,100185,,,,,100194,,priya.whitfield@sampleco.test,Reese Kim,N,Northwind Financial Ltd,100635,REF-5420,101553,Noah Brooks,101776,,,100856
700110,100739,Customer Management,100759,Customer Success Check-In,Draft,Discussed timeline and next steps with the account.,Y,N,LOT-7583,alex.reyes@acme-fake.test,2024-02-09 10:29:00,priya.rossi@examplecorp.test,Sofia Silva,Nina Ivanov,,,SKU-2543,Arjun Calder,elena.costa@demomail.test,Nina Vance,morgan.brooks@sampleco.test,Fatima Nguyen,N,10.0,6.4,2.1,Liam Rossi,2025-07-21 10:41:00,4719,9783,Beta,Gamma,Alpha,LOT-4355,5070,8999,Emerson Costa,,,,,3765,9762,Drew Brooks,2022-12-13 20:58:00,4788,5528,Gamma,Gamma,Other,Other,Alex Mercer,6300,,,,,5486,6871,433,Y,,,,Beta,,,yara.sato@sampleco.test,,Resolved the outstanding question about scope.,fatima.patel@acme-fake.test,yara.mensah@demomail.test,,100264,,101386,,,,,101090,,,,avery.sato@demomail.test,Drew Dorsey,N,Horizon Financial Group,100217,SKU-4465,100891,Sofia Vance,101646,,,101751
700111,100340,Customer Management,100029,Customer Success Check-In,Final,Noted a concern to revisit at the next sync.,N,Y,REF-4372,sofia.mercer@sampleco.test,2024-04-08 12:00:00,omar.whitfield@acme-fake.test,Arjun Reyes,Mei Silva,Yara Nguyen,,,,drew.rossi@examplecorp.test,Priya Mensah,noah.haddad@acme-fake.test,Taylor Ford,N,9.3,3.6,6.7,Taylor Mercer,2024-01-17 16:55:00,6519,2797,Standard,Delta,Other,LOT-9282,2579,5540,Fatima Sloan,,,,,2184,253,Noah Rossi,2026-04-12 21:01:00,1230,9586,Other,Other,Other,Delta,Emerson Ford,1592,,,,,6045,1231,8095,N,,,,Beta,Resolved the outstanding question about scope.,Omar Nguyen,noah.mercer@examplecorp.test,,Shared the updated proposal for review.,morgan.whitfield@acme-fake.test,sofia.ivanov@sampleco.test,,100436,,,,100568,,,,,100700,,liam.vance@sampleco.test,Diego Dorsey,Y,Pioneer Partners LLP,100203,REF-2732,101325,Noah Ivanov,101622,,REF-5100,101201
700112,100106,Customer Management,100469,Customer Success Check-In,Final,Shared the updated proposal for review.,N,Y,SKU-9611,priya.brooks@examplecorp.test,2022-10-24 07:31:00,casey.ivanov@demomail.test,Liam Haddad,Arjun Haddad,,,TAG-8916,Elena Dorsey,mei.patel@sampleco.test,Alex Rossi,nina.silva@sampleco.test,Quinn Ford,Y,3.9,6.2,4.8,Omar Whitfield,2022-11-26 00:51:00,5348,3869,Gamma,Standard,Other,SKU-5719,7391,6281,Jordan Garcia,,,,,4185,5176,Avery Sloan,2023-07-10 16:27:00,3018,9458,Alpha,Other,Standard,Other,Sofia Whitfield,466,,,,,707,7043,5748,N,,,,Other,Scheduled a check-in for the coming month.,,marco.haddad@demomail.test,Standard,Followed up on the open items from last week.,priya.nguyen@examplecorp.test,chen.rossi@sampleco.test,,100194,,,,,,,101483,,,,taylor.mercer@examplecorp.test,Reese Whitfield,N,Everest Labs LLP,100061,LOT-2953,101628,Aisha Mercer,101185,Other,,101041
700113,100453,Customer Management,100357,Quarterly Review,Draft,Followed up on the open items from last week.,N,Y,SKU-3474,quinn.nguyen@examplecorp.test,2025-01-15 19:56:00,liam.brooks@examplecorp.test,Rahul Vance,Yara Costa,Morgan Nguyen,,REF-3565,,elena.okafor@demomail.test,Taylor Garcia,sofia.haddad@examplecorp.test,Skyler Okafor,Y,5.8,2.7,2.4,Avery Dorsey,2023-01-27 10:59:00,239,8438,Alpha,Delta,Delta,LOT-5872,3227,7888,Arjun Ashby,,,,,4910,9324,Yara Ashby,2025-07-15 04:37:00,1894,7517,Gamma,,Alpha,Gamma,Mei Cohen,6911,,,,,,1247,5413,Y,LOT-7835,,,Delta,Resolved the outstanding question about scope.,,marco.patel@examplecorp.test,,Resolved the outstanding question about scope.,rowan.garcia@demomail.test,emerson.ivanov@examplecorp.test,,100392,,,,,,,,,100717,,casey.okafor@sampleco.test,Elena Haddad,Y,Everest Dynamics Inc,100067,LOT-7640,100909,Fatima Sloan,101466,,,101760
700114,100472,Resource Care,100484,Quarterly Review,Final,Followed up on the open items from last week.,Y,N,TAG-1407,reese.costa@acme-fake.test,2025-05-27 06:36:00,sofia.cohen@sampleco.test,Yara Vance,Emerson Costa,Riley Mensah,,REF-7020,,liam.costa@examplecorp.test,Yara Mensah,emerson.whitfield@sampleco.test,,N,7.3,2.3,3.1,Omar Nguyen,2025-01-01 22:39:00,9059,2671,Beta,Beta,Alpha,LOT-2870,2256,904,Aisha Nguyen,,,,,764,2272,Chen Rossi,2025-07-18 00:15:00,6464,3722,Gamma,Alpha,Alpha,Standard,Marco Calder,,,,,,9762,3825,8058,N,,Delta,,Other,Noted a concern to revisit at the next sync.,,elena.blake@acme-fake.test,,Discussed timeline and next steps with the account.,omar.sloan@acme-fake.test,fatima.vance@acme-fake.test,,100201,,100953,,100790,,,101598,,,,elena.costa@examplecorp.test,,N,Horizon Industries Ltd,100257,SKU-1218,101534,Liam Silva,101331,,,101041
700115,100087,Customer Management,100208,Wellness Check-In,Final,Noted a concern to revisit at the next sync.,N,Y,REF-3567,jamie.rossi@acme-fake.test,2026-01-08 21:17:00,jamie.cohen@demomail.test,Jamie Nguyen,Drew Cohen,Elena Blake,,,Alex Calder,marco.calder@acme-fake.test,Jordan Ivanov,rahul.garcia@demomail.test,Riley Nguyen,Y,7.1,4.8,4.0,Liam Vance,2023-08-30 13:02:00,1654,7040,Delta,Alpha,Gamma,REF-9053,5016,569,Reese Haddad,,,,,7588,4817,Yara Vance,2026-07-05 15:44:00,,487,Alpha,Beta,Standard,Standard,Liam Blake,2533,,,,,4810,6854,7339,Y,,,,Alpha,Discussed timeline and next steps with the account.,,jordan.nguyen@examplecorp.test,,Reviewed performance and gathered feedback.,jamie.mercer@demomail.test,jordan.larsson@sampleco.test,,100165,,,,100439,,,101582,,100660,,chen.nguyen@examplecorp.test,,Y,Harbor Analytics Co,100632,TAG-3584,100834,Jamie Calder,100908,,,101440
700116,100439,Resource Care,100022,Customer Success Check-In,Final,Aligned on billing and renewal terms.,Y,N,TAG-9823,avery.sato@sampleco.test,2025-07-14 22:40:00,casey.patel@sampleco.test,Emerson Reyes,Jordan Mercer,,,TAG-4631,Aisha Calder,rowan.silva@acme-fake.test,Taylor Sloan,noah.mensah@demomail.test,Diego Larsson,N,5.0,5.0,6.0,Elena Cohen,2025-06-15 17:16:00,4550,5691,Delta,Beta,Other,LOT-1016,8851,2813,Nina Ashby,,,,,4637,7265,Skyler Mercer,2026-07-31 20:07:00,4767,8297,Gamma,Delta,Gamma,Beta,Jordan Kim,5916,,,,,2144,5572,7038,Y,,Standard,,Gamma,Followed up on the open items from last week.,,emerson.patel@acme-fake.test,Other,Aligned on billing and renewal terms.,diego.kim@sampleco.test,noah.okafor@demomail.test,,100224,,,,100359,,,101228,,100423,,priya.kim@acme-fake.test,Liam Calder,N,Vertex Ventures Ltd,100194,TAG-1749,101097,Fatima Patel,101429,,,101606
700117,100155,Customer Management,100332,Wellness Check-In,Draft,Aligned on billing and renewal terms.,N,N,LOT-8488,liam.larsson@examplecorp.test,2025-06-24 09:29:00,chen.brooks@examplecorp.test,Marco Mercer,Skyler Silva,Riley Haddad,,LOT-1140,,priya.calder@examplecorp.test,,diego.haddad@examplecorp.test,,N,10.0,1.3,3.0,Elena Garcia,2022-12-07 09:12:00,2418,4858,Delta,Beta,Other,TAG-7642,79,4983,Mei Ashby,,,,,8682,4725,Liam Dorsey,2024-07-24 17:45:00,,7723,,Gamma,Standard,Alpha,Taylor Ivanov,,,,,,9444,3761,8320,N,,,,Delta,Resolved the outstanding question about scope.,,marco.reyes@demomail.test,,Shared the updated proposal for review.,arjun.sato@demomail.test,sofia.costa@sampleco.test,,100421,,,,,,,101631,,100787,,fatima.larsson@examplecorp.test,Alex Larsson,N,Delta Media Corp,100128,REF-7476,101445,Skyler Calder,101673,,,101176
700118,100224,Resource Care,100229,Wellness Check-In,Final,Discussed timeline and next steps with the account.,Y,N,LOT-8503,rowan.blake@sampleco.test,2025-10-21 12:14:00,quinn.nguyen@sampleco.test,Emerson Brooks,Yara Garcia,Fatima Costa,,,Casey Haddad,noah.mensah@sampleco.test,Emerson Ashby,drew.costa@sampleco.test,Marco Calder,Y,7.2,3.0,7.4,Riley Garcia,2024-04-08 07:46:00,8696,7992,Delta,Gamma,Other,LOT-1481,7406,756,Arjun Brooks,,,,,8026,747,,2023-07-30 06:58:00,9968,5268,Delta,Alpha,Delta,Other,Elena Nguyen,2555,,,,,4221,5505,2603,Y,,,,Standard,Followed up on the open items from last week.,,morgan.okafor@demomail.test,,Followed up on the open items from last week.,marco.reyes@acme-fake.test,rowan.rossi@demomail.test,,100386,,,,,,,,,,,taylor.whitfield@examplecorp.test,Marco Nguyen,Y,Harbor Analytics LLC,100448,SKU-9761,101190,Sofia Haddad,100808,,,101220
700119,100109,Customer Management,100694,Wellness Check-In,Final,Reviewed performance and gathered feedback.,Y,Y,SKU-8792,yara.haddad@demomail.test,2026-03-21 04:54:00,sofia.ashby@acme-fake.test,Priya Cohen,Marco Sato,,,,Noah Calder,rowan.calder@acme-fake.test,Reese Brooks,arjun.silva@acme-fake.test,,Y,7.3,8.4,7.3,Reese Mercer,2024-07-27 10:55:00,8301,523,Other,Alpha,Standard,REF-4070,8104,9390,Aisha Blake,,,,,6313,8576,Sofia Cohen,2023-09-29 12:44:00,7167,2648,Beta,Beta,Standard,Standard,Skyler Reyes,1561,,,,,1103,8242,4924,Y,,,,Alpha,Discussed timeline and next steps with the account.,,liam.calder@examplecorp.test,,Resolved the outstanding question about scope.,casey.okafor@examplecorp.test,elena.sato@acme-fake.test,,100054,,100965,,,,,101256,,100651,,jordan.garcia@sampleco.test,Mei Calder,Y,Blue Ridge Group Corp,100393,SKU-8036,101523,Riley Okafor,100891,,,101293
700120,100405,Customer Management,100700,Wellness Check-In,Final,Followed up on the open items from last week.,N,Y,SKU-1772,casey.okafor@acme-fake.test,2024-07-16 02:28:00,mei.nguyen@sampleco.test,Diego Reyes,Noah Larsson,Mei Larsson,,TAG-4664,,rowan.kim@acme-fake.test,Drew Ashby,marco.ashby@sampleco.test,Chen Calder,N,2.4,5.4,8.0,Jordan Costa,2022-11-09 22:55:00,8004,7303,Standard,Standard,Other,LOT-2236,7816,4435,Elena Sato,,,,,4866,6216,Alex Haddad,2026-01-24 04:28:00,9350,3327,Gamma,Gamma,Other,Beta,Skyler Patel,1989,,,,,5846,5645,6487,Y,,,,,Shared the updated proposal for review.,,quinn.sloan@acme-fake.test,,Discussed timeline and next steps with the account.,chen.sloan@demomail.test,emerson.ashby@acme-fake.test,,100753,,101328,,100271,,,101542,,,,morgan.patel@examplecorp.test,Riley Brooks,N,Cardinal Holdings LLC,100094,REF-1734,100975,Yara Cohen,101168,,,100924
700121,100082,Resource Care,100576,Quarterly Review,Final,Scheduled a check-in for the coming month.,Y,N,LOT-4355,sofia.whitfield@examplecorp.test,2025-07-05 15:46:00,fatima.patel@examplecorp.test,Quinn Nguyen,Liam Costa,Rowan Larsson,,TAG-3126,Elena Mensah,elena.dorsey@acme-fake.test,Morgan Cohen,marco.garcia@demomail.test,,N,1.1,8.1,8.6,Nina Sato,2022-12-17 04:30:00,5838,4922,Gamma,Beta,Delta,REF-7070,5522,1244,Priya Kim,,,,,4902,6568,Arjun Okafor,2024-08-04 07:57:00,9345,2247,Gamma,Standard,Gamma,,Noah Sloan,9460,,,,,8035,6332,7294,N,,,,Standard,Scheduled a check-in for the coming month.,,avery.haddad@acme-fake.test,,Shared the updated proposal for review.,rowan.garcia@acme-fake.test,elena.okafor@sampleco.test,,100263,,101500,,100453,,,,,100634,,priya.sloan@demomail.test,Yara Ashby,Y,Cobalt Textiles LLC,100305,LOT-9354,100920,,101447,Alpha,,100913
700122,100473,Resource Care,100787,Wellness Check-In,Final,Resolved the outstanding question about scope.,Y,Y,LOT-1352,chen.blake@sampleco.test,2024-02-03 15:48:00,drew.okafor@acme-fake.test,Nina Nguyen,Yara Haddad,,,SKU-5273,Nina Ford,rowan.larsson@demomail.test,Arjun Dorsey,arjun.okafor@examplecorp.test,,Y,1.9,7.8,1.5,Nina Sloan,2024-01-31 01:26:00,6465,9439,Gamma,Alpha,Delta,REF-6768,7539,7039,Reese Nguyen,,,,,9590,4002,Yara Costa,2023-04-03 10:34:00,5384,9441,Beta,Alpha,Standard,Alpha,Emerson Ivanov,1340,,,,,8310,8885,9362,Y,,,,Beta,Reviewed performance and gathered feedback.,,riley.ashby@demomail.test,,Resolved the outstanding question about scope.,fatima.ford@examplecorp.test,skyler.cohen@examplecorp.test,,100790,,101483,,100550,,,101448,,,,morgan.calder@examplecorp.test,Casey Calder,Y,Blue Ridge Dynamics LLP,100449,REF-6219,101567,Noah Nguyen,100899,,LOT-7567,101600
700123,100436,Customer Management,100496,Customer Success Check-In,Final,Reviewed performance and gathered feedback.,N,N,REF-1798,noah.garcia@demomail.test,2025-03-25 05:00:00,fatima.rossi@acme-fake.test,Yara Patel,Rowan Garcia,Marco Reyes,,SKU-1490,Arjun Cohen,sofia.blake@sampleco.test,Jamie Sato,nina.ashby@sampleco.test,,N,4.5,6.6,6.8,Quinn Blake,2023-02-07 18:02:00,4104,3179,Other,Gamma,Other,LOT-3887,579,971,Priya Whitfield,,,,,4958,9261,Morgan Sato,2023-10-28 16:29:00,9297,7560,Standard,Beta,Alpha,Gamma,Casey Nguyen,2970,,,,,8508,5128,5274,Y,,,,Standard,,,marco.sloan@demomail.test,,Noted a concern to revisit at the next sync.,omar.blake@sampleco.test,taylor.brooks@demomail.test,,100680,,,,100660,,,101478,,,,liam.calder@acme-fake.test,Jordan Okafor,Y,Meridian Energy Corp,100585,LOT-6702,101724,,101152,Beta,,101580
700124,100375,Resource Care,100432,Customer Success Check-In,Draft,Followed up on the open items from last week.,Y,Y,REF-6706,rahul.haddad@demomail.test,2024-11-05 18:13:00,emerson.ashby@acme-fake.test,Sofia Whitfield,Morgan Larsson,Chen Whitfield,,SKU-3183,Morgan Patel,taylor.blake@acme-fake.test,Morgan Sloan,rahul.costa@sampleco.test,,N,6.3,2.4,3.0,Drew Garcia,2025-09-23 17:06:00,4201,3816,Delta,Delta,Alpha,LOT-1561,399,345,Reese Blake,,,,,6812,613,Emerson Ashby,2022-11-11 03:22:00,3517,336,Alpha,Delta,Gamma,Alpha,Aisha Haddad,2824,,,,,6621,3066,910,N,,,,Delta,Reviewed performance and gathered feedback.,,noah.cohen@sampleco.test,,Aligned on billing and renewal terms.,liam.ford@examplecorp.test,fatima.patel@demomail.test,,100770,,101389,,,,,100929,,,,aisha.costa@demomail.test,Skyler Ivanov,N,Redwood Analytics Corp,100494,REF-5248,101561,Omar Dorsey,101790,,,101628
700125,100278,Customer Management,100211,Wellness Check-In,Final,Shared the updated proposal for review.,Y,Y,REF-8473,reese.mensah@sampleco.test,2024-01-25 10:06:00,mei.nguyen@acme-fake.test,Liam Garcia,Morgan Mercer,Alex Blake,,,Emerson Rossi,sofia.costa@sampleco.test,,drew.ashby@sampleco.test,,N,9.9,6.9,9.7,Priya Larsson,2026-03-07 21:37:00,7206,5116,Other,Standard,Delta,TAG-8269,1371,9677,Reese Brooks,,,,,5491,8857,Fatima Ashby,2024-03-05 15:23:00,5122,7407,Alpha,Beta,Alpha,Other,Fatima Kim,7811,,,,,,4206,1490,N,,,,Beta,Shared the updated proposal for review.,,morgan.ivanov@acme-fake.test,,Resolved the outstanding question about scope.,yara.okafor@acme-fake.test,chen.larsson@acme-fake.test,,100656,,,,100771,,,100846,,100717,,reese.dorsey@examplecorp.test,Liam Mensah,N,Lakeside Media,100357,REF-3431,100863,,101542,,,101507
700126,100400,Resource Care,100211,Wellness Check-In,Final,Followed up on the open items from last week.,Y,N,TAG-1190,omar.costa@examplecorp.test,2025-06-04 02:12:00,alex.nguyen@acme-fake.test,Arjun Ivanov,Avery Calder,,,,Rowan Cohen,nina.larsson@demomail.test,,quinn.sloan@demomail.test,Taylor Kim,N,4.0,7.0,6.8,Elena Patel,2026-05-17 22:28:00,1552,6932,Alpha,Delta,Delta,SKU-1964,2615,5141,Fatima Ford,,,,,5255,8573,Aisha Okafor,2025-09-08 07:06:00,4316,4509,Alpha,Alpha,Gamma,Other,Casey Rossi,9134,,,,,2680,3309,1291,Y,,,,Alpha,Scheduled a check-in for the coming month.,,mei.dorsey@sampleco.test,,Reviewed performance and gathered feedback.,casey.okafor@examplecorp.test,rowan.dorsey@examplecorp.test,,100678,,,,100292,,,101618,,,,yara.rossi@sampleco.test,Avery Garcia,N,Evergreen Textiles LLC,100561,REF-5965,101383,Priya Sloan,100960,,,101731
700127,100387,Customer Management,100559,Quarterly Review,Final,Resolved the outstanding question about scope.,N,Y,TAG-2564,rowan.kim@sampleco.test,2023-02-25 14:12:00,diego.larsson@demomail.test,Rowan Sloan,Elena Patel,Marco Mercer,,REF-8461,,liam.kim@sampleco.test,Morgan Cohen,taylor.haddad@sampleco.test,Jamie Blake,N,6.2,4.4,9.1,Quinn Whitfield,2024-03-28 05:08:00,5109,2780,Other,Other,Alpha,REF-1629,819,5735,Aisha Nguyen,,,,,7724,5547,Quinn Brooks,2024-08-05 12:12:00,3465,6665,Alpha,Beta,,Delta,Mei Brooks,3270,,,,,4724,1661,4201,N,,,,Delta,Resolved the outstanding question about scope.,,riley.patel@sampleco.test,,Scheduled a check-in for the coming month.,arjun.cohen@demomail.test,avery.rossi@examplecorp.test,,100393,,,,,,,101698,,,,fatima.sloan@acme-fake.test,Riley Costa,N,Everest Media Inc,100454,TAG-6895,101195,Quinn Ashby,101371,,,100929
700128,100053,Customer Management,100224,Customer Success Check-In,Final,Aligned on billing and renewal terms.,Y,N,TAG-4796,jordan.whitfield@examplecorp.test,2024-10-09 13:31:00,riley.mercer@demomail.test,Omar Ford,Liam Silva,Emerson Costa,,REF-4620,Nina Larsson,nina.ford@sampleco.test,Jordan Ford,jamie.whitfield@acme-fake.test,,Y,4.6,5.5,8.7,Morgan Silva,2023-02-11 10:07:00,4466,8001,Delta,Standard,Beta,TAG-7413,1745,8339,Rowan Larsson,,,,,2155,4965,Elena Garcia,2024-10-28 17:09:00,9531,5533,Gamma,Gamma,Alpha,,Nina Cohen,,,,,,2185,771,2629,N,,,,,Aligned on billing and renewal terms.,,nina.blake@sampleco.test,,Scheduled a check-in for the coming month.,mei.okafor@demomail.test,diego.blake@sampleco.test,,100516,,100896,,,,,101614,,100732,,chen.kim@acme-fake.test,Diego Mercer,Y,Summit Solutions Ltd,100656,TAG-8745,101633,Jamie Okafor,101368,,,101087
700129,100035,Resource Care,100094,Customer Success Check-In,Draft,Resolved the outstanding question about scope.,N,Y,TAG-8445,nina.silva@examplecorp.test,2023-04-24 08:59:00,sofia.sloan@examplecorp.test,Jamie Costa,Emerson Garcia,Noah Sato,,,,rahul.sloan@acme-fake.test,Mei Vance,alex.okafor@examplecorp.test,Diego Nguyen,N,3.4,3.8,7.3,Riley Calder,2023-04-18 05:43:00,6956,9306,Delta,Alpha,Gamma,TAG-9412,4047,84,Skyler Calder,,,,,6671,8211,Liam Nguyen,2023-02-03 19:04:00,1718,,Gamma,Gamma,Other,Gamma,Jamie Dorsey,9127,,,,,3219,6341,6552,N,,,,Other,Resolved the outstanding question about scope.,Alex Cohen,drew.haddad@sampleco.test,,Noted a concern to revisit at the next sync.,rahul.haddad@demomail.test,emerson.vance@demomail.test,,100174,,,,,,,101432,,100328,,fatima.ashby@acme-fake.test,Arjun Ivanov,N,Harbor Partners Inc,100239,LOT-5673,101398,Riley Blake,101215,,,101278
700130,100559,Resource Care,100745,Customer Success Check-In,Final,Discussed timeline and next steps with the account.,Y,N,REF-4414,morgan.garcia@sampleco.test,2024-03-19 23:52:00,liam.reyes@acme-fake.test,Aisha Vance,Reese Cohen,Reese Garcia,,TAG-9780,,liam.larsson@sampleco.test,Arjun Nguyen,sofia.nguyen@sampleco.test,Taylor Mensah,N,8.4,2.8,1.8,Arjun Whitfield,2023-01-23 14:24:00,204,5735,Other,Standard,Standard,REF-2131,5220,2402,Jamie Rossi,,,,,5921,8124,Casey Kim,2025-10-14 10:12:00,5654,7149,Gamma,Beta,Gamma,Standard,Skyler Patel,9052,,,,,106,6879,2890,N,,,,Gamma,Aligned on billing and renewal terms.,,avery.haddad@sampleco.test,,Shared the updated proposal for review.,reese.larsson@acme-fake.test,elena.sloan@examplecorp.test,,100476,,,,,,,,,,,reese.okafor@demomail.test,Omar Mensah,N,Summit Manufacturing Inc,100775,LOT-7437,101444,Riley Nguyen,100805,,,101101
700131,100185,Resource Care,100183,Quarterly Review,Final,Followed up on the open items from last week.,N,N,LOT-9616,emerson.dorsey@sampleco.test,2024-02-06 12:03:00,liam.silva@acme-fake.test,Diego Reyes,Elena Sato,Arjun Ashby,,SKU-2153,Noah Costa,aisha.ivanov@sampleco.test,Nina Larsson,marco.brooks@examplecorp.test,Quinn Larsson,N,5.0,6.3,8.9,Arjun Dorsey,2025-08-14 18:10:00,2531,9804,Other,Alpha,Beta,SKU-1081,946,2793,Marco Whitfield,,,,,4776,8147,Rahul Vance,2025-03-29 10:43:00,,4315,Alpha,Standard,Gamma,Standard,Jamie Cohen,9707,,,,,8498,489,1194,Y,,,,,Shared the updated proposal for review.,,reese.cohen@sampleco.test,,Followed up on the open items from last week.,reese.ford@acme-fake.test,casey.calder@examplecorp.test,,100428,,,,100750,,,,,100019,,alex.ivanov@sampleco.test,Quinn Nguyen,Y,Meridian Foods LLP,100717,SKU-2274,101424,Sofia Dorsey,101173,,,101594
700132,100629,Customer Management,100737,Quarterly Review,Final,Followed up on the open items from last week.,Y,Y,LOT-9758,quinn.larsson@examplecorp.test,2024-09-02 10:15:00,rahul.brooks@sampleco.test,Avery Larsson,Aisha Blake,Jordan Ford,,SKU-5665,Jordan Ashby,marco.kim@demomail.test,Rowan Okafor,yara.sloan@acme-fake.test,,Y,7.1,6.0,9.1,Yara Calder,2025-10-04 05:06:00,5128,3443,Gamma,Gamma,Alpha,TAG-8606,847,655,Diego Reyes,,,,,2437,981,Diego Ivanov,2024-04-04 10:06:00,3203,2942,Delta,Standard,Beta,Alpha,Drew Silva,288,,,,,227,9828,5928,Y,,Gamma,,Other,Followed up on the open items from last week.,,nina.ford@demomail.test,,Followed up on the open items from last week.,reese.costa@demomail.test,quinn.sato@acme-fake.test,,100667,,,,,,,101308,,,,taylor.ashby@sampleco.test,Reese Cohen,Y,Northwind Labs Group,100383,REF-5948,101483,Nina Sloan,101415,,,101739
700133,100119,Customer Management,100504,Customer Success Check-In,Final,Scheduled a check-in for the coming month.,Y,N,TAG-3516,jamie.okafor@examplecorp.test,2024-03-11 23:58:00,riley.calder@acme-fake.test,Quinn Patel,Elena Brooks,,,,Noah Sato,rowan.kim@acme-fake.test,Marco Ashby,casey.silva@acme-fake.test,Jamie Calder,Y,8.3,6.3,1.3,Rowan Silva,2023-04-17 09:08:00,847,1124,Beta,Gamma,Standard,LOT-5381,4601,6445,Drew Mensah,,,,,9821,5361,Aisha Vance,2026-04-13 02:00:00,4107,191,,Beta,,Delta,Taylor Brooks,6646,,,,,8207,9981,6747,N,REF-3696,,,Other,Shared the updated proposal for review.,,diego.larsson@examplecorp.test,,Aligned on billing and renewal terms.,aisha.ivanov@examplecorp.test,priya.calder@acme-fake.test,,100439,,100831,,100739,,,,,100125,,rowan.reyes@examplecorp.test,Emerson Nguyen,Y,Redwood Financial Inc,100436,REF-5398,101496,Noah Reyes,101057,,,100937
700134,100732,Resource Care,100484,Wellness Check-In,Final,Aligned on billing and renewal terms.,Y,N,LOT-6007,aisha.mercer@sampleco.test,2025-08-24 21:33:00,drew.sato@demomail.test,Marco Kim,Chen Rossi,,,TAG-7142,Marco Reyes,omar.kim@sampleco.test,Rahul Ford,mei.reyes@examplecorp.test,Nina Ford,N,8.2,7.3,5.9,Chen Blake,2022-10-29 13:24:00,1458,249,Other,Delta,Other,TAG-7357,7411,4076,Omar Costa,,,,,8941,3773,Diego Cohen,2026-03-27 23:44:00,4901,7828,Delta,Gamma,Beta,Alpha,Aisha Patel,312,,,,,5621,8918,502,N,,,,Alpha,Noted a concern to revisit at the next sync.,,liam.haddad@acme-fake.test,,Discussed timeline and next steps with the account.,noah.calder@sampleco.test,jordan.sato@examplecorp.test,,100291,,101302,,100673,,,,,,,aisha.rossi@demomail.test,Avery Reyes,N,Falcon Systems Corp,100658,TAG-2576,101095,,101545,,,101745
700135,100220,Resource Care,100532,Quarterly Review,Final,Resolved the outstanding question about scope.,N,N,SKU-4288,jordan.reyes@acme-fake.test,2022-11-14 01:44:00,rahul.rossi@examplecorp.test,Liam Patel,Nina Rossi,Noah Nguyen,,,Priya Dorsey,fatima.rossi@acme-fake.test,Diego Patel,elena.calder@examplecorp.test,Alex Mensah,Y,6.3,8.7,2.3,Quinn Brooks,2025-08-17 10:48:00,2107,6526,Other,Other,Alpha,REF-6831,6590,2991,Chen Ford,,,,,3528,8789,Morgan Calder,2023-04-17 06:01:00,7225,3320,Alpha,Alpha,Other,Alpha,Riley Whitfield,2699,,,,,2445,4512,6841,N,,Standard,,Other,Aligned on billing and renewal terms.,,noah.vance@examplecorp.test,,Reviewed performance and gathered feedback.,mei.okafor@sampleco.test,priya.dorsey@acme-fake.test,,100120,,,,,,,101218,,100542,,emerson.blake@sampleco.test,Elena Silva,Y,Granite Manufacturing Corp,100055,SKU-4435,101376,Skyler Brooks,101120,,SKU-1384,101185
700136,100375,Resource Care,100635,Customer Success Check-In,Final,Scheduled a check-in for the coming month.,N,Y,REF-1387,jordan.calder@examplecorp.test,2024-05-21 05:25:00,taylor.ford@demomail.test,Skyler Mensah,Sofia Mensah,Nina Blake,,,Rahul Ivanov,nina.reyes@sampleco.test,,casey.ivanov@acme-fake.test,Elena Patel,Y,1.1,6.9,3.5,Casey Kim,2023-11-02 07:48:00,765,3272,Delta,Standard,Gamma,TAG-2608,1714,9228,Elena Kim,,,,,9955,449,Drew Ashby,2026-05-23 23:09:00,109,2610,Other,Other,Standard,Beta,Morgan Silva,6081,,,,,4643,8295,2738,N,,,,,Noted a concern to revisit at the next sync.,,riley.mercer@examplecorp.test,,Followed up on the open items from last week.,morgan.larsson@examplecorp.test,jamie.reyes@demomail.test,,100774,,,,100487,,,101551,,100466,,avery.nguyen@acme-fake.test,Elena Whitfield,Y,Evergreen Energy LLP,100335,REF-3177,101366,Omar Patel,101628,,SKU-6716,101086
700137,100152,Customer Management,100123,Customer Success Check-In,Draft,Followed up on the open items from last week.,Y,N,LOT-1549,nina.dorsey@examplecorp.test,2026-01-12 08:36:00,noah.ashby@examplecorp.test,Noah Cohen,Rahul Silva,Sofia Brooks,,SKU-6526,Liam Brooks,diego.mercer@demomail.test,Riley Kim,riley.calder@demomail.test,Casey Patel,Y,9.3,6.8,4.7,Morgan Blake,2023-04-12 22:26:00,5617,7858,Alpha,Standard,Alpha,SKU-3335,2248,5588,Chen Silva,,,,,2368,6371,Elena Blake,2025-09-17 21:05:00,,9130,Gamma,Standard,Delta,,Rahul Ashby,,,,,,,8554,9283,Y,,,,Alpha,Aligned on billing and renewal terms.,,jamie.cohen@acme-fake.test,,Shared the updated proposal for review.,quinn.sloan@sampleco.test,nina.dorsey@examplecorp.test,,100656,,,,,,,101207,,,,emerson.costa@acme-fake.test,Drew Calder,Y,Falcon Group Corp,100188,SKU-2816,101014,Aisha Cohen,101592,,,100850
700138,100220,Customer Management,100756,Wellness Check-In,Final,Noted a concern to revisit at the next sync.,Y,Y,LOT-1487,mei.vance@acme-fake.test,2025-08-09 15:32:00,rahul.kim@acme-fake.test,Quinn Mercer,Chen Vance,Rahul Reyes,,,Drew Mensah,reese.garcia@examplecorp.test,Liam Haddad,mei.blake@sampleco.test,Marco Haddad,Y,4.8,7.2,2.1,Riley Ivanov,2026-01-19 23:12:00,3624,7688,Gamma,Beta,Other,LOT-3417,4784,7272,Quinn Cohen,,,,,9361,4225,Diego Nguyen,2026-05-23 01:04:00,1877,3793,Beta,Delta,Delta,Alpha,Omar Larsson,1243,,,,,,1118,,N,,,,Standard,Scheduled a check-in for the coming month.,,avery.cohen@acme-fake.test,,Resolved the outstanding question about scope.,jordan.reyes@sampleco.test,rowan.silva@sampleco.test,,100635,,,,100320,,,100915,,100565,,drew.sloan@acme-fake.test,Priya Kim,N,Horizon Networks LLP,100211,TAG-4195,101474,Avery Silva,101265,,,101175
700139,100162,Customer Management,100077,Customer Success Check-In,Final,Reviewed performance and gathered feedback.,Y,Y,TAG-3056,chen.rossi@sampleco.test,2025-03-16 20:35:00,emerson.brooks@acme-fake.test,Aisha Rossi,Skyler Sloan,Quinn Cohen,,SKU-1816,Sofia Calder,skyler.patel@sampleco.test,,fatima.okafor@acme-fake.test,,N,9.2,9.5,9.8,Rowan Sato,2025-09-03 01:41:00,1431,4088,Delta,Delta,Beta,REF-4267,5869,882,Aisha Blake,,,,,7267,6206,Nina Larsson,2025-05-07 04:40:00,6626,2165,Delta,Beta,Standard,Gamma,Priya Silva,,,,,,2517,5238,7728,N,,,,Other,Scheduled a check-in for the coming month.,,riley.sato@acme-fake.test,,Followed up on the open items from last week.,rahul.larsson@demomail.test,aisha.costa@demomail.test,,100031,,101079,,100451,,,101364,,100671,,drew.whitfield@sampleco.test,Rahul Sato,Y,Summit Networks Corp,100468,TAG-9792,101195,Diego Whitfield,101306,,,101561
700140,100503,Customer Management,100747,Wellness Check-In,Final,Noted a concern to revisit at the next sync.,N,Y,TAG-6109,alex.larsson@examplecorp.test,2024-04-28 17:06:00,aisha.calder@demomail.test,Mei Garcia,Quinn Kim,Avery Sloan,,LOT-3670,,priya.nguyen@acme-fake.test,,chen.cohen@acme-fake.test,Fatima Silva,Y,9.3,8.3,1.8,Elena Mercer,2023-09-17 21:36:00,4644,3749,Gamma,Alpha,Alpha,REF-6693,8836,5819,Sofia Ford,,,,,5448,4935,Alex Silva,2025-01-17 03:11:00,5337,7580,Delta,Other,Other,Standard,Aisha Cohen,6806,,,,,8913,3959,2233,Y,,,Delta,Other,,,diego.sloan@examplecorp.test,,Reviewed performance and gathered feedback.,priya.larsson@sampleco.test,sofia.whitfield@demomail.test,,100465,,100838,,,,,,,100226,,rowan.sloan@acme-fake.test,,Y,Vertex Industries,100157,REF-5713,101736,Marco Calder,101069,,,100965
700141,100410,Customer Management,100578,Wellness Check-In,Final,Scheduled a check-in for the coming month.,Y,Y,REF-7814,fatima.haddad@acme-fake.test,2024-05-03 11:13:00,liam.patel@sampleco.test,Noah Brooks,Drew Mercer,Rowan Larsson,,,,sofia.calder@demomail.test,,morgan.vance@examplecorp.test,Jamie Larsson,N,6.9,4.0,8.3,Rowan Haddad,2026-02-10 02:32:00,7912,9457,Gamma,Other,Beta,TAG-8825,2076,1926,Reese Sato,,,,,958,4481,Arjun Silva,2023-09-26 04:15:00,4396,123,Standard,,Alpha,Beta,Rowan Ivanov,7113,,,,,966,2191,,Y,,,,Beta,Followed up on the open items from last week.,Rahul Dorsey,casey.sloan@examplecorp.test,,Reviewed performance and gathered feedback.,yara.kim@demomail.test,fatima.sato@sampleco.test,,100350,,100923,,100309,,,,,,,casey.dorsey@examplecorp.test,Quinn Garcia,Y,Cardinal Solutions Co,100174,SKU-3606,101371,Fatima Whitfield,101249,,,101201
700142,100401,Resource Care,100461,Quarterly Review,Final,Resolved the outstanding question about scope.,N,N,SKU-6962,reese.brooks@demomail.test,2025-10-09 12:46:00,noah.sato@examplecorp.test,Yara Ashby,Liam Ivanov,,,LOT-1356,Quinn Cohen,priya.dorsey@acme-fake.test,,rowan.sato@demomail.test,Arjun Ashby,Y,6.9,8.3,8.4,Chen Ashby,2023-04-23 00:02:00,8550,1357,Alpha,Beta,Alpha,LOT-5703,5260,8318,Jordan Larsson,,,,,7413,5994,Reese Mensah,2023-05-22 22:54:00,9222,4895,Gamma,Alpha,Alpha,Beta,Nina Sloan,5000,,,,,1986,7153,1570,N,,,,Alpha,Reviewed performance and gathered feedback.,,emerson.ashby@acme-fake.test,,Reviewed performance and gathered feedback.,reese.sato@acme-fake.test,diego.brooks@examplecorp.test,,100514,,,,,,,,,,,taylor.mercer@sampleco.test,,Y,Evergreen Logistics Ltd,100247,LOT-2842,101505,,101105,,,101364
700143,100570,Resource Care,100694,Customer Success Check-In,Final,Shared the updated proposal for review.,Y,N,SKU-3629,rowan.sato@examplecorp.test,2023-11-14 20:41:00,liam.cohen@acme-fake.test,Morgan Cohen,Drew Costa,Omar Reyes,,,,chen.costa@sampleco.test,Liam Haddad,rowan.nguyen@examplecorp.test,,Y,2.6,6.6,7.3,Casey Garcia,2025-11-21 00:37:00,4810,4355,Gamma,Other,Delta,TAG-1115,1054,2815,Arjun Larsson,,,,,9564,9356,Elena Sato,2026-05-09 15:19:00,4328,2096,Beta,Other,Beta,Standard,Quinn Costa,1848,,,,,3352,184,1911,N,,,,Standard,Aligned on billing and renewal terms.,,casey.ivanov@sampleco.test,,Discussed timeline and next steps with the account.,taylor.dorsey@demomail.test,arjun.vance@examplecorp.test,,100040,,,,100121,,,101512,,,,reese.ivanov@examplecorp.test,Yara Kim,N,Everest Manufacturing LLP,100319,LOT-5077,100997,Drew Calder,101572,,,100926
700144,100142,Customer Management,100359,Quarterly Review,Final,Shared the updated proposal for review.,Y,Y,LOT-4110,jordan.larsson@demomail.test,2024-11-06 17:58:00,rahul.nguyen@demomail.test,Sofia Mensah,Priya Haddad,,,,,morgan.vance@acme-fake.test,Jamie Reyes,avery.brooks@examplecorp.test,Diego Reyes,N,4.7,2.5,8.8,Rahul Whitfield,2026-07-14 00:46:00,5596,8226,Gamma,Beta,Alpha,REF-2272,2165,4415,Elena Vance,,,,,4456,4671,Riley Costa,2025-03-13 14:12:00,1532,3601,Gamma,Beta,Delta,Other,Avery Garcia,5038,,,,,2033,3691,1047,Y,,,,Gamma,Noted a concern to revisit at the next sync.,,yara.patel@acme-fake.test,,Scheduled a check-in for the coming month.,yara.nguyen@demomail.test,rahul.ivanov@examplecorp.test,,100721,,101201,,,,,,,,,riley.blake@sampleco.test,Noah Dorsey,Y,Meridian Capital LLC,100256,SKU-5556,101266,Rowan Ashby,101541,,,101698
700145,100134,Customer Management,100484,Customer Success Check-In,Final,Noted a concern to revisit at the next sync.,Y,N,SKU-3768,avery.sato@examplecorp.test,2024-04-25 12:13:00,liam.cohen@examplecorp.test,Nina Rossi,Nina Sloan,,,REF-4816,Skyler Kim,reese.calder@demomail.test,Chen Ashby,liam.patel@examplecorp.test,Elena Mercer,Y,5.5,2.0,2.8,Rowan Whitfield,2025-11-10 15:42:00,4685,8151,Gamma,Gamma,Gamma,TAG-9326,4947,4386,Rahul Vance,,,,,878,435,,2025-01-21 16:44:00,3489,6746,Standard,Delta,Beta,Alpha,Alex Vance,3830,,,,,1238,7872,5492,Y,,,,Other,Aligned on billing and renewal terms.,,chen.rossi@sampleco.test,,Discussed timeline and next steps with the account.,morgan.whitfield@sampleco.test,taylor.brooks@sampleco.test,,100516,,101713,,,,,,,100366,,jamie.mercer@sampleco.test,Noah Calder,N,Lakeside Networks,100702,TAG-6479,101276,Liam Garcia,100891,,,101721
700146,100348,Resource Care,100071,Wellness Check-In,Final,Aligned on billing and renewal terms.,Y,Y,SKU-5985,diego.sato@examplecorp.test,2023-12-07 20:15:00,nina.mercer@examplecorp.test,Alex Nguyen,Avery Sato,Sofia Haddad,,,,noah.okafor@sampleco.test,,chen.garcia@demomail.test,,Y,8.5,9.4,2.1,Chen Costa,2024-06-12 18:58:00,5253,2785,Other,Alpha,Alpha,SKU-9671,6749,2108,Chen Mensah,,,,,6582,3982,Elena Brooks,2024-11-12 09:16:00,839,883,Alpha,Delta,Beta,Gamma,Omar Haddad,,,,,,7218,,2674,N,,,,Delta,,,diego.silva@demomail.test,,Noted a concern to revisit at the next sync.,alex.cohen@sampleco.test,alex.dorsey@examplecorp.test,,100112,,101633,,,,,101313,,,,noah.okafor@examplecorp.test,Emerson Costa,Y,Lakeside Systems Ltd,100756,TAG-9977,101004,Drew Patel,101672,,,101450
700147,100743,Resource Care,100208,Quarterly Review,Final,Discussed timeline and next steps with the account.,Y,N,LOT-6993,marco.brooks@demomail.test,2025-07-20 18:53:00,quinn.brooks@examplecorp.test,Reese Sato,Casey Cohen,,,TAG-4528,,avery.costa@examplecorp.test,Liam Blake,priya.okafor@sampleco.test,,N,4.6,1.2,4.4,Drew Calder,2024-12-20 21:15:00,7932,8765,Delta,Other,Beta,TAG-8626,6836,1445,Priya Rossi,,,,,7807,6815,Marco Ashby,2026-07-24 07:10:00,5209,,Gamma,Gamma,Gamma,Gamma,Skyler Cohen,2739,,,,,5087,3420,8081,Y,,,,Gamma,Followed up on the open items from last week.,,emerson.okafor@examplecorp.test,,Followed up on the open items from last week.,taylor.sloan@demomail.test,rahul.larsson@demomail.test,,100224,,101545,,100570,,,101418,,100003,,jamie.patel@acme-fake.test,Noah Mensah,Y,Vertex Systems LLP,100087,LOT-8033,101646,Sofia Okafor,101333,,,101706
700148,100619,Resource Care,100629,Customer Success Check-In,Draft,Scheduled a check-in for the coming month.,N,N,LOT-6793,reese.ashby@sampleco.test,2025-05-09 09:57:00,liam.vance@examplecorp.test,Rahul Sato,Omar Cohen,Yara Costa,,,Riley Dorsey,jamie.ford@examplecorp.test,,alex.ivanov@demomail.test,Alex Mercer,Y,4.8,7.6,9.9,Riley Ivanov,2024-10-22 23:17:00,6935,8124,Beta,Alpha,Beta,LOT-4742,6076,9655,Jordan Sato,,,,,9688,2966,Jamie Patel,2023-07-27 08:46:00,6816,1342,Gamma,Standard,Delta,Alpha,Skyler Reyes,8746,,,,,383,9714,2153,Y,,,,Beta,Shared the updated proposal for review.,,avery.calder@sampleco.test,,Scheduled a check-in for the coming month.,emerson.brooks@acme-fake.test,rowan.sloan@demomail.test,,100339,,101373,,100269,,,101302,,100042,,priya.mercer@sampleco.test,Rahul Cohen,N,Copper Ventures Corp,100145,SKU-5643,101684,,101429,Other,TAG-8276,101547
700149,100601,Resource Care,100317,Wellness Check-In,Draft,Scheduled a check-in for the coming month.,Y,N,LOT-8989,yara.sato@acme-fake.test,2026-01-02 15:43:00,rahul.dorsey@sampleco.test,Fatima Ashby,Aisha Kim,Arjun Patel,,SKU-4741,Avery Haddad,priya.sato@examplecorp.test,Taylor Nguyen,mei.silva@demomail.test,Sofia Blake,Y,1.6,3.0,2.6,Quinn Garcia,2025-10-17 00:29:00,9093,8197,Standard,Other,Delta,SKU-2652,5339,4458,Aisha Nguyen,,,,,1872,1615,Drew Calder,2025-01-25 01:07:00,7091,8304,Gamma,,Gamma,Alpha,Quinn Costa,2918,,,,,,1228,848,Y,,,,,,,emerson.okafor@acme-fake.test,,Reviewed performance and gathered feedback.,rahul.calder@acme-fake.test,priya.ford@sampleco.test,,100726,,,,100587,,,101215,,100315,,diego.kim@acme-fake.test,,N,Meridian Energy Inc,100555,TAG-4663,100893,Nina Brooks,101128,,,101704
700150,100552,Resource Care,100750,Quarterly Review,Final,Scheduled a check-in for the coming month.,N,N,REF-7570,jamie.garcia@examplecorp.test,2025-02-02 11:41:00,riley.costa@sampleco.test,Rowan Reyes,Sofia Reyes,,,,Elena Mercer,yara.okafor@sampleco.test,Reese Mensah,chen.dorsey@sampleco.test,Casey Silva,Y,1.5,6.4,8.8,Reese Mercer,2025-02-22 17:03:00,217,2842,Delta,Alpha,Beta,SKU-1394,4670,7341,Rahul Mercer,,,,,6665,6575,Fatima Ford,2026-06-15 06:25:00,535,7943,,Other,Beta,Beta,Diego Blake,7804,,,,,9639,9701,9972,Y,,,,Beta,Reviewed performance and gathered feedback.,,priya.ashby@examplecorp.test,,Reviewed performance and gathered feedback.,mei.whitfield@acme-fake.test,aisha.patel@sampleco.test,,100404,,,,100100,,,101541,,,,reese.rossi@sampleco.test,Fatima Sloan,N,Keystone Energy LLC,100434,SKU-6632,101618,Avery Larsson,101069,,REF-1434,101056
700151,100349,Customer Management,100579,Quarterly Review,Draft,Followed up on the open items from last week.,Y,Y,SKU-1612,diego.mensah@examplecorp.test,2023-06-21 18:51:00,emerson.mercer@examplecorp.test,Priya Cohen,Arjun Calder,,,LOT-2858,,arjun.ford@sampleco.test,Marco Dorsey,sofia.blake@sampleco.test,Drew Nguyen,Y,9.6,3.8,1.5,Liam Garcia,2025-02-14 01:57:00,7443,4196,Alpha,Gamma,Beta,REF-5954,7081,2622,Omar Silva,,,,,1205,6412,,2026-07-30 16:24:00,9895,9765,Delta,Other,Gamma,Standard,Drew Ivanov,,,,,,3064,7985,726,N,REF-1267,,,Delta,Reviewed performance and gathered feedback.,,marco.mercer@sampleco.test,,Scheduled a check-in for the coming month.,marco.dorsey@examplecorp.test,taylor.costa@sampleco.test,,100606,,100881,,100458,,,100978,,100042,,morgan.mercer@sampleco.test,Skyler Patel,Y,Silverline Energy Corp,100275,SKU-4729,101439,Liam Brooks,101625,,,101472
700152,100713,Resource Care,100185,Customer Success Check-In,Final,Resolved the outstanding question about scope.,Y,Y,SKU-8346,omar.rossi@examplecorp.test,2024-07-02 02:30:00,liam.ford@acme-fake.test,Arjun Reyes,Casey Mensah,,,,,morgan.reyes@demomail.test,Quinn Sloan,morgan.blake@demomail.test,Skyler Garcia,Y,9.8,7.1,1.9,Riley Okafor,2024-10-24 10:56:00,5141,9786,Gamma,Delta,Alpha,TAG-9156,286,897,Avery Mensah,,,,,9258,8899,,2026-07-18 19:59:00,4328,8140,Gamma,Delta,Standard,Beta,Nina Sato,5925,,,,,2334,108,5483,N,,,,Gamma,Scheduled a check-in for the coming month.,,omar.calder@sampleco.test,,Scheduled a check-in for the coming month.,riley.cohen@examplecorp.test,omar.larsson@examplecorp.test,,100336,,,,100467,,,101014,,100514,,morgan.sloan@acme-fake.test,Liam Ashby,Y,Lakeside Manufacturing,100239,REF-9263,101210,Jamie Vance,101778,,,101032
700153,100147,Resource Care,100507,Customer Success Check-In,Final,Followed up on the open items from last week.,N,N,SKU-1038,arjun.ashby@examplecorp.test,2025-10-14 19:04:00,taylor.silva@examplecorp.test,Taylor Ivanov,Taylor Mercer,Diego Whitfield,,SKU-8373,Skyler Okafor,liam.costa@sampleco.test,Casey Nguyen,rowan.patel@demomail.test,Casey Garcia,Y,1.2,8.0,6.5,Quinn Garcia,2023-04-08 00:23:00,2022,1531,Standard,Gamma,Delta,SKU-7008,2515,786,Reese Dorsey,,,,,2067,2889,Skyler Ford,2024-04-05 05:34:00,2705,2215,Alpha,Gamma,Other,Gamma,Jamie Kim,245,,,,,1106,8081,6482,N,,,,Beta,Aligned on billing and renewal terms.,,jamie.nguyen@examplecorp.test,,Reviewed performance and gathered feedback.,priya.reyes@demomail.test,arjun.ivanov@acme-fake.test,,100315,,101009,,100420,,,,,100494,,arjun.ivanov@acme-fake.test,Priya Mercer,N,Harbor Media Inc,100696,REF-4094,101278,,100966,,,101553
700154,100065,Resource Care,100191,Customer Success Check-In,Final,Discussed timeline and next steps with the account.,N,Y,TAG-5697,jamie.okafor@demomail.test,2024-06-02 06:10:00,noah.mensah@demomail.test,Omar Ivanov,Noah Calder,Casey Nguyen,,REF-5058,Arjun Haddad,diego.rossi@examplecorp.test,Jamie Nguyen,omar.garcia@demomail.test,Mei Larsson,Y,5.4,9.7,9.2,Jordan Costa,2024-12-13 07:12:00,9854,8427,Alpha,Gamma,Standard,TAG-9849,8208,658,Avery Calder,,,,,2832,4149,Yara Calder,2026-05-28 05:18:00,,3514,Other,Standard,Delta,Beta,Fatima Kim,4402,,,,,7629,4301,276,Y,,,,,Resolved the outstanding question about scope.,,morgan.garcia@sampleco.test,,Followed up on the open items from last week.,rowan.nguyen@examplecorp.test,riley.kim@demomail.test,,100683,,101017,,,,,,,100257,,riley.vance@demomail.test,Reese Mercer,Y,Keystone Foods Group,100121,SKU-1442,101105,Diego Mercer,100951,,SKU-5068,101156
700155,100269,Resource Care,100140,Wellness Check-In,Final,Scheduled a check-in for the coming month.,Y,N,TAG-5334,marco.blake@demomail.test,2023-05-14 10:23:00,reese.nguyen@sampleco.test,Priya Mercer,Skyler Brooks,Drew Silva,,,Arjun Nguyen,jamie.calder@acme-fake.test,Reese Ford,nina.blake@examplecorp.test,,N,1.9,2.0,10.0,Casey Larsson,2026-06-27 21:15:00,6473,8409,Alpha,Delta,Beta,TAG-4954,3079,738,Emerson Rossi,,,,,5610,9363,Omar Sloan,2026-05-19 11:13:00,331,4638,Alpha,Gamma,Beta,Gamma,Jordan Rossi,654,,,,,1819,4604,7582,Y,,,,Delta,Discussed timeline and next steps with the account.,,jordan.ashby@acme-fake.test,,Reviewed performance and gathered feedback.,elena.whitfield@examplecorp.test,reese.sato@sampleco.test,,100273,,,,100149,,,,,100365,,arjun.larsson@acme-fake.test,Yara Dorsey,Y,Evergreen Foods Corp,100158,TAG-4933,101215,,101371,,,101760
700156,100619,Customer Management,100208,Wellness Check-In,Final,Noted a concern to revisit at the next sync.,N,Y,LOT-1690,marco.mensah@sampleco.test,2024-08-14 14:23:00,taylor.okafor@demomail.test,Jordan Sato,Aisha Patel,Alex Mensah,,LOT-4772,,riley.mensah@sampleco.test,Fatima Mercer,taylor.costa@demomail.test,Alex Calder,N,5.9,4.3,7.7,Liam Rossi,2025-06-13 02:33:00,5037,2155,Other,Other,Other,LOT-9477,8096,9531,Rahul Larsson,,,,,333,9337,Morgan Nguyen,2024-03-04 10:49:00,6009,6770,Alpha,Standard,Alpha,Other,Priya Cohen,3088,,,,,4963,3101,381,N,,,,Alpha,Noted a concern to revisit at the next sync.,,jamie.blake@sampleco.test,,Shared the updated proposal for review.,morgan.mensah@sampleco.test,taylor.okafor@demomail.test,,100350,,101379,,,,,101673,,,,alex.rossi@examplecorp.test,Omar Brooks,Y,,100191,SKU-1450,101146,Marco Blake,100808,,,101449
700157,100554,Resource Care,100286,Quarterly Review,Final,Reviewed performance and gathered feedback.,Y,Y,TAG-6815,taylor.ivanov@acme-fake.test,2024-03-22 03:00:00,noah.haddad@demomail.test,Riley Cohen,Taylor Vance,Priya Kim,,REF-7060,Alex Silva,casey.silva@demomail.test,Avery Vance,marco.reyes@acme-fake.test,,Y,1.5,3.0,6.8,Emerson Costa,2024-11-02 06:59:00,9437,2463,Standard,Alpha,Standard,REF-6545,9465,9848,Omar Kim,,,,,6073,9824,,2023-11-30 13:50:00,4646,4459,Beta,Other,Delta,Beta,Mei Nguyen,3520,,,,,766,3451,713,N,,,,Gamma,Shared the updated proposal for review.,,omar.rossi@examplecorp.test,,Aligned on billing and renewal terms.,emerson.okafor@sampleco.test,avery.whitfield@examplecorp.test,,100569,,101757,,,,,,,,,liam.mensah@sampleco.test,,Y,Blue Ridge Retail LLC,100396,LOT-2155,100944,Marco Patel,100796,,,101392
700158,100284,Resource Care,100632,Customer Success Check-In,Final,Aligned on billing and renewal terms.,N,Y,REF-3956,elena.rossi@acme-fake.test,2023-08-18 07:07:00,avery.blake@demomail.test,Yara Brooks,Avery Mensah,,,LOT-9379,Reese Ashby,mei.kim@examplecorp.test,,chen.blake@demomail.test,Emerson Calder,N,3.0,5.5,5.1,Fatima Sato,2024-06-24 19:53:00,6832,4121,Other,Gamma,Alpha,REF-4835,9101,8360,Taylor Costa,,,,,5929,2469,Marco Blake,2024-04-28 16:04:00,2715,1892,Other,Gamma,,Standard,,2592,,,,,1404,344,1927,Y,,,,Alpha,Discussed timeline and next steps with the account.,,drew.rossi@demomail.test,,Discussed timeline and next steps with the account.,avery.ivanov@demomail.test,rowan.rossi@demomail.test,,100665,,,,100068,,,100986,,100139,,nina.vance@acme-fake.test,Morgan Brooks,Y,Pioneer Retail Co,100383,TAG-9789,100857,Fatima Blake,101274,,,101098
700159,100532,Resource Care,100561,Quarterly Review,Draft,Discussed timeline and next steps with the account.,Y,Y,REF-9174,reese.ford@sampleco.test,2022-11-09 06:22:00,jamie.reyes@acme-fake.test,Quinn Kim,Rahul Okafor,,,,Avery Ford,mei.vance@demomail.test,Liam Blake,noah.rossi@sampleco.test,Skyler Ford,N,6.1,1.0,9.4,Elena Ivanov,2022-11-12 23:46:00,4828,3909,Beta,Beta,Alpha,LOT-5351,8112,9136,Jamie Mercer,,,,,697,9752,Fatima Whitfield,2023-08-23 23:09:00,8801,9076,Beta,Standard,Standard,Gamma,,,,,,,6380,7446,9842,Y,,,,,Discussed timeline and next steps with the account.,,arjun.patel@sampleco.test,,Followed up on the open items from last week.,alex.okafor@acme-fake.test,liam.nguyen@demomail.test,,100224,,101589,,,,,,,,,sofia.vance@demomail.test,Morgan Garcia,Y,Keystone Dynamics Corp,100658,REF-2000,101528,Liam Kim,101589,,,101781
700160,100014,Customer Management,100747,Quarterly Review,Final,Aligned on billing and renewal terms.,N,N,LOT-7039,riley.okafor@acme-fake.test,2025-08-11 18:01:00,reese.whitfield@demomail.test,Jamie Nguyen,Elena Okafor,Riley Ford,,TAG-6220,Rowan Kim,drew.larsson@examplecorp.test,Reese Cohen,sofia.sato@demomail.test,,N,6.3,6.3,7.3,Emerson Ivanov,2024-10-19 08:43:00,7492,1435,Beta,Other,Beta,SKU-8228,9488,7396,Taylor Calder,,,,,5597,4258,Omar Kim,2024-04-15 03:31:00,1773,9135,Gamma,Standard,Standard,Gamma,,7519,,,,,1529,523,9791,N,,,,Standard,Followed up on the open items from last week.,,mei.costa@examplecorp.test,Other,Followed up on the open items from last week.,omar.silva@demomail.test,casey.kim@demomail.test,,100322,,,,100286,,,101287,,100525,,yara.rossi@examplecorp.test,Casey Vance,N,Beacon Industries LLC,100758,SKU-2874,101691,Rowan Whitfield,101012,,,100892
700161,100244,Resource Care,100461,Quarterly Review,Draft,Shared the updated proposal for review.,N,Y,REF-1451,nina.mercer@demomail.test,2024-06-27 12:21:00,mei.calder@examplecorp.test,Aisha Vance,Jamie Garcia,,,REF-8068,Diego Ashby,sofia.brooks@acme-fake.test,Morgan Haddad,priya.vance@acme-fake.test,,Y,7.0,6.3,7.6,Fatima Silva,2023-05-05 04:05:00,3420,745,Standard,Gamma,Standard,REF-1455,1239,1759,Avery Ivanov,,,,,6847,384,Skyler Mercer,2026-07-21 03:49:00,1549,,Standard,,Standard,Beta,Priya Larsson,501,,,,,4941,874,5347,Y,,,,Standard,Resolved the outstanding question about scope.,,sofia.okafor@sampleco.test,,Scheduled a check-in for the coming month.,sofia.brooks@demomail.test,chen.ashby@examplecorp.test,,100407,,,,100570,,,,,100155,,fatima.brooks@examplecorp.test,Marco Mensah,Y,,100528,LOT-8507,101753,Chen Mensah,101478,,,101116
700162,100476,Resource Care,100177,Customer Success Check-In,Draft,Noted a concern to revisit at the next sync.,N,Y,TAG-2981,jamie.silva@demomail.test,2023-12-26 20:43:00,skyler.rossi@acme-fake.test,Priya Kim,Taylor Brooks,Rahul Ivanov,,,Quinn Mercer,avery.ford@examplecorp.test,Chen Haddad,jordan.ford@acme-fake.test,Morgan Mensah,Y,7.9,2.7,5.3,Jordan Garcia,2025-04-10 20:00:00,6650,3155,Alpha,Alpha,Other,REF-7753,5510,9122,Morgan Larsson,,,,,9750,6828,Skyler Larsson,2024-01-21 00:39:00,9114,,Standard,Delta,Delta,Beta,Drew Haddad,949,,,,,1520,8788,6031,Y,,,,Other,Shared the updated proposal for review.,,nina.haddad@demomail.test,,Discussed timeline and next steps with the account.,nina.calder@demomail.test,yara.mensah@demomail.test,,100425,,101143,,100340,,,101007,,100654,,riley.ford@sampleco.test,Sofia Blake,N,Summit Analytics Inc,100058,SKU-2221,101243,Arjun Ford,100892,,,101359
700163,100554,Resource Care,100638,Quarterly Review,Final,Followed up on the open items from last week.,Y,N,SKU-3404,skyler.ivanov@demomail.test,2024-11-27 02:14:00,casey.ford@examplecorp.test,Quinn Rossi,Omar Garcia,,,,Chen Ivanov,noah.vance@demomail.test,Liam Mercer,casey.dorsey@examplecorp.test,Alex Reyes,N,8.5,8.3,3.9,Skyler Silva,2024-10-30 10:25:00,9922,4326,Beta,Delta,Gamma,LOT-5368,4483,9691,Yara Brooks,,,,,2477,5342,Quinn Rossi,2023-01-07 03:37:00,588,3573,Delta,Beta,Other,Standard,Nina Dorsey,6535,,,,,9939,,8640,Y,,,,Beta,Reviewed performance and gathered feedback.,Alex Silva,rahul.cohen@sampleco.test,,Resolved the outstanding question about scope.,rowan.dorsey@demomail.test,chen.patel@examplecorp.test,,100303,,100949,,100022,,,101411,,,,fatima.sato@acme-fake.test,Omar Haddad,N,Cobalt Partners Group,100784,REF-6492,101156,Alex Ford,101711,,,101327
700164,100765,Customer Management,100303,Wellness Check-In,Final,Shared the updated proposal for review.,Y,N,LOT-5258,aisha.patel@sampleco.test,2023-06-06 18:28:00,rahul.silva@sampleco.test,Omar Ford,Quinn Cohen,Reese Dorsey,,LOT-7669,Liam Reyes,emerson.costa@examplecorp.test,Quinn Ashby,fatima.larsson@examplecorp.test,,Y,3.6,9.0,2.9,Skyler Silva,2025-04-03 03:08:00,9927,3472,Alpha,Gamma,Delta,LOT-8603,9093,1765,Liam Ashby,,,,,4515,3752,Taylor Nguyen,2023-12-30 02:09:00,9414,3919,Other,Beta,Standard,Standard,Omar Patel,2961,,,,,7252,1896,9976,N,,Standard,,Beta,Followed up on the open items from last week.,,quinn.mensah@acme-fake.test,,Scheduled a check-in for the coming month.,arjun.larsson@acme-fake.test,quinn.ford@sampleco.test,,100133,,,,100469,,,101755,,,,reese.reyes@acme-fake.test,,N,Horizon Dynamics Ltd,100236,REF-6725,101605,Fatima Whitfield,101243,,,101752
700165,100403,Resource Care,100231,Customer Success Check-In,Final,Followed up on the open items from last week.,N,Y,TAG-2131,jordan.ashby@demomail.test,2025-06-20 20:04:00,casey.silva@sampleco.test,Alex Ashby,Mei Nguyen,Yara Whitfield,,LOT-5798,Arjun Haddad,fatima.blake@examplecorp.test,Liam Sloan,jordan.blake@examplecorp.test,Aisha Ford,Y,8.9,5.4,7.7,Jordan Vance,2025-09-20 06:29:00,4892,5472,Standard,Gamma,Standard,SKU-6650,9791,5971,Omar Reyes,,,,,5164,1326,Skyler Costa,2023-06-24 07:53:00,1273,2063,Alpha,,Alpha,,Fatima Calder,8813,,,,,,9507,2439,Y,,,,Standard,Reviewed performance and gathered feedback.,,priya.blake@examplecorp.test,,Shared the updated proposal for review.,elena.mensah@demomail.test,elena.ford@acme-fake.test,,100077,,101302,,100700,,,,,100040,,sofia.costa@examplecorp.test,Riley Mercer,N,Everest Group Ltd,100035,LOT-3627,101767,Chen Brooks,101548,,,101190
700166,100500,Resource Care,100396,Customer Success Check-In,Final,Reviewed performance and gathered feedback.,Y,Y,REF-7764,jamie.garcia@demomail.test,2023-06-22 13:46:00,drew.sloan@examplecorp.test,Yara Calder,Noah Sloan,,,REF-8631,Quinn Sloan,chen.calder@examplecorp.test,Priya Cohen,taylor.larsson@examplecorp.test,Diego Larsson,N,1.5,8.8,9.4,Rahul Ivanov,2026-06-02 08:43:00,6040,4527,Other,Beta,Alpha,TAG-4115,4966,9797,Emerson Whitfield,,,,,7131,8704,Marco Patel,2023-08-19 08:08:00,4704,1428,Alpha,Beta,Other,,Jamie Silva,5114,,,,,6498,9555,3726,Y,,,,Standard,Aligned on billing and renewal terms.,,jordan.kim@examplecorp.test,,Aligned on billing and renewal terms.,casey.patel@sampleco.test,elena.okafor@demomail.test,,100247,,,,100191,,,101466,,100387,,taylor.sloan@acme-fake.test,Drew Calder,N,Copper Networks LLP,100355,LOT-4961,101371,,101401,,REF-1303,101493
700167,100305,Customer Management,100664,Wellness Check-In,Final,Followed up on the open items from last week.,Y,Y,SKU-9085,rahul.mercer@examplecorp.test,2024-06-28 01:40:00,skyler.calder@sampleco.test,Skyler Sato,Diego Reyes,Priya Sloan,,TAG-9355,,rowan.whitfield@demomail.test,Arjun Vance,reese.calder@demomail.test,Drew Ivanov,Y,9.6,5.1,4.6,Marco Patel,2026-07-05 14:17:00,1526,3252,Gamma,Standard,Gamma,LOT-9029,7301,2609,Jamie Ford,,,,,2228,910,Aisha Patel,2024-04-19 05:03:00,6962,545,Other,Beta,Other,Gamma,Quinn Ivanov,3573,,,,,6619,2601,2917,N,REF-6391,,,Other,Followed up on the open items from last week.,,yara.cohen@examplecorp.test,,Shared the updated proposal for review.,casey.calder@examplecorp.test,elena.haddad@examplecorp.test,,100613,,101763,,100068,,,,,100461,,fatima.patel@acme-fake.test,Avery Brooks,Y,Evergreen Health Corp,100076,TAG-1082,101110,Quinn Whitfield,101070,,,100990
700168,100275,Resource Care,100244,Customer Success Check-In,Final,Shared the updated proposal for review.,N,Y,REF-5932,jamie.kim@examplecorp.test,2025-01-28 21:16:00,arjun.cohen@demomail.test,Noah Ashby,Arjun Silva,,,,Morgan Nguyen,jamie.haddad@sampleco.test,Emerson Reyes,mei.brooks@acme-fake.test,,Y,9.2,4.6,4.2,Sofia Patel,2023-02-27 16:11:00,428,2801,Standard,Alpha,Beta,SKU-4090,2542,7350,Priya Vance,,,,,7147,2357,Omar Kim,2023-01-29 13:30:00,4289,6865,Alpha,Standard,Standard,Delta,Elena Mercer,5474,,,,,,9768,4541,Y,,,Other,Standard,Resolved the outstanding question about scope.,,taylor.costa@demomail.test,,Noted a concern to revisit at the next sync.,omar.okafor@examplecorp.test,jordan.ashby@acme-fake.test,,100073,,101420,,100404,,,100863,,,,aisha.sloan@acme-fake.test,Quinn Ivanov,N,Beacon Systems,100776,REF-4524,101278,Quinn Sato,100965,,,101706
700169,100498,Customer Management,100661,Customer Success Check-In,Final,Resolved the outstanding question about scope.,N,Y,LOT-1288,jordan.calder@sampleco.test,2023-09-26 04:09:00,aisha.ivanov@sampleco.test,Avery Costa,Priya Vance,Riley Mensah,,REF-8480,Chen Calder,elena.kim@examplecorp.test,,yara.mensah@acme-fake.test,Sofia Silva,N,4.4,4.4,2.8,Drew Silva,2026-04-01 20:35:00,4746,1920,Delta,Standard,Beta,REF-5385,3229,7225,Noah Sato,,,,,9122,9983,Noah Ivanov,2025-11-04 22:40:00,5488,5519,Other,Standard,Standard,Alpha,Elena Ford,3706,,,,,8278,6685,9424,N,REF-2235,,,Beta,Followed up on the open items from last week.,,marco.larsson@sampleco.test,,Resolved the outstanding question about scope.,marco.cohen@acme-fake.test,marco.sloan@examplecorp.test,,100203,,,,100031,,,101308,,100428,,morgan.calder@examplecorp.test,Sofia Nguyen,N,,100275,SKU-1882,100966,Diego Sloan,101615,,,101082
700170,100441,Customer Management,100191,Customer Success Check-In,Final,Reviewed performance and gathered feedback.,Y,Y,TAG-5491,diego.dorsey@examplecorp.test,2023-09-21 18:02:00,elena.silva@demomail.test,Rowan Dorsey,Casey Ivanov,Nina Sato,,,,aisha.okafor@examplecorp.test,,aisha.blake@examplecorp.test,,Y,7.5,9.4,9.2,Morgan Silva,2025-12-04 21:39:00,4936,5564,Other,Other,Standard,SKU-7498,5388,113,Marco Rossi,,,,,3963,4611,Fatima Mercer,2025-06-21 05:41:00,5017,6418,Delta,Gamma,Standard,Delta,Morgan Mercer,2012,,,,,5610,,306,Y,,,,Beta,Aligned on billing and renewal terms.,,casey.rossi@demomail.test,,Scheduled a check-in for the coming month.,omar.reyes@sampleco.test,taylor.ford@demomail.test,,100554,,,,100193,,,101580,,100182,,quinn.silva@acme-fake.test,Nina Mercer,Y,Horizon Health Group,100765,SKU-9244,101405,Taylor Brooks,101556,,,101119
700171,100133,Customer Management,100458,Wellness Check-In,Final,Scheduled a check-in for the coming month.,N,N,TAG-5049,casey.silva@sampleco.test,2025-06-02 19:32:00,casey.ford@demomail.test,Taylor Calder,Arjun Vance,Emerson Brooks,,TAG-4689,Mei Brooks,yara.mercer@examplecorp.test,,riley.brooks@examplecorp.test,Casey Sato,N,3.7,7.4,9.4,Fatima Mensah,2025-03-22 01:33:00,8015,9589,Alpha,Alpha,Gamma,LOT-5949,4385,7345,Priya Kim,,,,,6595,6325,Marco Nguyen,2025-11-26 03:11:00,319,7290,Alpha,Other,,Gamma,Alex Mensah,917,,,,,4589,5860,9638,N,,,,Other,Discussed timeline and next steps with the account.,,skyler.ford@sampleco.test,,Discussed timeline and next steps with the account.,morgan.larsson@acme-fake.test,drew.cohen@sampleco.test,,100425,,101393,,,,,101414,,100587,,morgan.sato@demomail.test,Mei Silva,N,Atlas Ventures LLP,100707,REF-6545,101325,Omar Ashby,101669,,,101745
700172,100555,Customer Management,100392,Quarterly Review,Final,Reviewed performance and gathered feedback.,N,Y,TAG-6243,noah.mercer@sampleco.test,2023-06-10 14:50:00,noah.cohen@acme-fake.test,Rowan Cohen,Sofia Larsson,Rahul Ashby,,,Rowan Blake,chen.mercer@sampleco.test,,chen.rossi@acme-fake.test,Skyler Kim,N,9.4,1.5,1.5,Rowan Patel,2025-06-18 21:46:00,733,4871,Standard,Gamma,Standard,SKU-1931,9105,1652,Casey Kim,,,,,3355,2876,Drew Mensah,2025-01-28 16:08:00,9196,4209,Standard,Standard,Delta,Gamma,Priya Blake,2685,,,,,5069,8850,3186,Y,,,,,Discussed timeline and next steps with the account.,,mei.patel@acme-fake.test,,Shared the updated proposal for review.,elena.dorsey@sampleco.test,morgan.blake@acme-fake.test,,100295,,101401,,,,,101779,,,,nina.ford@examplecorp.test,Rowan Blake,N,Cardinal Solutions Co,100082,LOT-3035,101315,,101774,,,101004
700173,100361,Customer Management,100348,Wellness Check-In,Final,Resolved the outstanding question about scope.,Y,N,SKU-8259,diego.haddad@acme-fake.test,2023-03-14 14:54:00,rahul.garcia@sampleco.test,Jordan Blake,Reese Ivanov,Jamie Kim,,SKU-3421,,fatima.cohen@sampleco.test,Fatima Vance,quinn.garcia@demomail.test,Drew Sato,N,2.6,2.8,1.9,Chen Cohen,2022-12-29 21:04:00,890,2245,Standard,Other,Alpha,LOT-1572,4375,6633,Rowan Garcia,,,,,6406,9632,Arjun Garcia,2025-05-09 00:06:00,8375,5376,Other,Delta,Alpha,Beta,Marco Garcia,1206,,,,,5689,4008,7620,N,,,,Standard,,,alex.dorsey@acme-fake.test,,Resolved the outstanding question about scope.,rahul.ford@sampleco.test,liam.haddad@acme-fake.test,,100660,,101711,,,,,100902,,,,quinn.reyes@demomail.test,,Y,Meridian Analytics Ltd,100525,TAG-4842,101676,Morgan Ford,101054,,,100966
700174,100451,Resource Care,100219,Customer Success Check-In,Final,Aligned on billing and renewal terms.,N,N,SKU-9425,yara.sato@demomail.test,2022-10-03 13:47:00,elena.haddad@sampleco.test,Mei Blake,Marco Mensah,,,REF-9918,Taylor Rossi,taylor.vance@demomail.test,,sofia.silva@sampleco.test,Rahul Garcia,N,6.3,1.9,10.0,Alex Calder,2024-07-20 03:03:00,981,8602,Beta,Beta,Standard,SKU-5292,7462,7972,Jordan Sloan,,,,,6135,1790,Mei Patel,2024-06-25 08:48:00,4891,7105,Alpha,,Delta,Alpha,Nina Haddad,,,,,,10,592,9293,N,,,,Delta,Noted a concern to revisit at the next sync.,,yara.kim@examplecorp.test,,Reviewed performance and gathered feedback.,priya.ford@demomail.test,diego.mensah@examplecorp.test,,100043,,101730,,,,,,,100256,,casey.brooks@examplecorp.test,,N,Summit Holdings LLC,100320,TAG-6934,100986,Sofia Silva,100863,,,100978
700175,100115,Resource Care,100611,Wellness Check-In,Final,Resolved the outstanding question about scope.,N,N,TAG-8180,marco.sloan@examplecorp.test,2023-09-14 20:30:00,diego.ivanov@acme-fake.test,Liam Silva,Sofia Sato,Yara Rossi,,REF-3479,Rowan Blake,chen.reyes@examplecorp.test,Rahul Sloan,arjun.brooks@sampleco.test,Diego Calder,Y,6.4,6.9,9.3,Sofia Mercer,2026-01-18 16:47:00,7907,7945,Beta,Alpha,Other,LOT-8267,6593,9548,Arjun Haddad,,,,,1843,490,Skyler Brooks,2023-12-18 13:47:00,2119,3975,Beta,Alpha,Beta,Beta,Jordan Mercer,,,,,,,3545,208,N,,,,Other,Followed up on the open items from last week.,,elena.blake@sampleco.test,,Aligned on billing and renewal terms.,elena.whitfield@demomail.test,avery.dorsey@sampleco.test,,100094,,101601,,100273,,,101149,,,,reese.patel@sampleco.test,Marco Dorsey,Y,Harbor Analytics Corp,100247,TAG-2111,101254,Aisha Mercer,101069,,LOT-8589,101491
700176,100467,Resource Care,100554,Customer Success Check-In,Final,Aligned on billing and renewal terms.,Y,N,TAG-4299,aisha.larsson@examplecorp.test,2025-01-01 22:31:00,omar.haddad@demomail.test,Rahul Ashby,Emerson Larsson,,,LOT-2915,Avery Kim,reese.calder@demomail.test,Mei Haddad,taylor.cohen@demomail.test,Emerson Calder,Y,9.6,5.1,1.0,Jordan Nguyen,2024-09-03 05:23:00,3324,2620,Standard,Alpha,Beta,TAG-1636,912,1256,Jamie Reyes,,,,,5088,933,Reese Ford,2025-11-03 17:06:00,591,1978,Other,Delta,Other,Gamma,Morgan Reyes,,,,,,677,6653,4620,Y,,,,,Scheduled a check-in for the coming month.,,noah.cohen@demomail.test,,Followed up on the open items from last week.,rahul.ashby@acme-fake.test,quinn.dorsey@sampleco.test,,100740,,100891,,100100,,,,,100640,,taylor.mensah@demomail.test,Rahul Reyes,Y,Brightpath Networks Co,100640,REF-6746,101146,,101771,,,100966
700177,100759,Customer Management,100382,Quarterly Review,Final,Aligned on billing and renewal terms.,N,N,REF-1416,fatima.sloan@examplecorp.test,2025-09-12 18:56:00,reese.whitfield@demomail.test,Marco Garcia,Rowan Vance,Quinn Larsson,,LOT-6191,,omar.okafor@demomail.test,,liam.silva@examplecorp.test,Avery Haddad,N,1.1,9.9,3.5,Chen Mercer,2026-06-20 05:15:00,3918,655,Beta,Standard,Other,LOT-8623,4814,9491,Chen Dorsey,,,,,4126,9995,Emerson Patel,2024-06-12 14:53:00,8440,9558,Standard,Gamma,Standard,Gamma,Casey Ivanov,8632,,,,,7302,6210,9273,N,,,,Alpha,Noted a concern to revisit at the next sync.,,nina.silva@acme-fake.test,,Followed up on the open items from last week.,marco.blake@sampleco.test,marco.ashby@examplecorp.test,,100775,,,,100564,,,101478,,,,omar.rossi@acme-fake.test,Jordan Sloan,Y,Horizon Robotics Ltd,100168,LOT-6637,101690,Aisha Reyes,101177,,,101448
700178,100311,Resource Care,100702,Quarterly Review,Draft,Noted a concern to revisit at the next sync.,Y,Y,REF-5242,aisha.sloan@sampleco.test,2023-07-23 11:31:00,alex.rossi@examplecorp.test,Reese Ivanov,Marco Mercer,Mei Okafor,,REF-4338,,riley.kim@examplecorp.test,Jamie Mensah,rowan.haddad@examplecorp.test,Riley Vance,N,7.7,7.2,9.0,Emerson Nguyen,2023-04-24 17:46:00,7716,68,Gamma,Delta,Beta,REF-2095,7861,4326,Jamie Nguyen,,,,,6880,555,Nina Vance,2025-01-01 01:10:00,3564,5086,Delta,Alpha,Gamma,Gamma,Casey Ford,3520,,,,,5903,7765,9324,N,,,,Other,Followed up on the open items from last week.,,riley.haddad@demomail.test,,Discussed timeline and next steps with the account.,noah.ford@sampleco.test,chen.haddad@sampleco.test,,100269,,,,,,,101405,,100699,,alex.reyes@acme-fake.test,Sofia Calder,Y,Pioneer Financial Corp,100689,REF-4751,101020,Liam Ashby,101520,,TAG-7389,101621
700179,100401,Customer Management,100112,Customer Success Check-In,Final,Reviewed performance and gathered feedback.,N,N,SKU-1143,avery.rossi@sampleco.test,2023-10-12 04:38:00,rahul.ashby@examplecorp.test,Priya Haddad,Marco Garcia,Marco Haddad,,,Mei Nguyen,noah.dorsey@examplecorp.test,Yara Blake,avery.calder@examplecorp.test,Skyler Mensah,Y,1.8,9.5,7.6,Avery Haddad,2026-06-14 11:53:00,6494,2957,Standard,Other,Standard,TAG-5081,3747,8497,Noah Brooks,,,,,1083,7612,Riley Okafor,2026-06-22 23:44:00,1691,9970,Delta,Alpha,Delta,Other,Quinn Dorsey,3235,,,,,2190,8003,6926,Y,,,,Delta,Resolved the outstanding question about scope.,,chen.rossi@examplecorp.test,Delta,Scheduled a check-in for the coming month.,avery.patel@acme-fake.test,jamie.ford@sampleco.test,,100652,,,,,,,100949,,100168,,taylor.vance@examplecorp.test,Avery Nguyen,N,Copper Financial,100359,TAG-9709,101103,Riley Calder,101210,,,101742
700180,100732,Resource Care,100421,Wellness Check-In,Final,Noted a concern to revisit at the next sync.,Y,N,LOT-1471,taylor.brooks@acme-fake.test,2023-01-01 00:09:00,elena.brooks@acme-fake.test,Avery Cohen,Avery Costa,Mei Okafor,,,,taylor.silva@acme-fake.test,Liam Reyes,reese.vance@acme-fake.test,,N,7.7,6.4,7.9,Drew Rossi,2026-04-09 18:47:00,4467,1556,Delta,Other,Other,REF-5289,2455,2251,Jordan Kim,,,,,6304,4082,Priya Rossi,2024-10-05 07:09:00,1541,6509,Other,Other,Gamma,Beta,Priya Okafor,7576,,,,,1769,1649,613,Y,,,,Alpha,Scheduled a check-in for the coming month.,Alex Haddad,rowan.brooks@acme-fake.test,Other,Reviewed performance and gathered feedback.,rahul.reyes@demomail.test,fatima.rossi@demomail.test,,100741,,101452,,,,,100935,,100519,,liam.ivanov@demomail.test,Noah Ivanov,N,Brightpath Networks LLC,100782,TAG-2997,101704,Aisha Rossi,101745,,REF-9408,101082
700181,100638,Customer Management,100033,Wellness Check-In,Final,Reviewed performance and gathered feedback.,N,Y,SKU-8106,marco.ivanov@acme-fake.test,2022-12-19 09:48:00,jordan.ashby@demomail.test,Marco Ivanov,Drew Reyes,Quinn Sato,,TAG-4938,Noah Rossi,aisha.kim@sampleco.test,,aisha.sato@examplecorp.test,Jordan Cohen,Y,7.7,1.7,3.2,Marco Blake,2024-05-28 19:31:00,4772,362,Beta,Beta,Gamma,LOT-6879,1076,5589,Reese Vance,,,,,1938,9485,Jordan Sato,2025-06-28 20:16:00,5111,,Delta,Alpha,,Delta,Drew Okafor,346,,,,,434,4807,5691,N,,,,Other,Discussed timeline and next steps with the account.,,aisha.blake@acme-fake.test,,Followed up on the open items from last week.,morgan.garcia@examplecorp.test,yara.rossi@demomail.test,,100652,,,,,,,101525,,100675,,drew.sloan@examplecorp.test,Reese Whitfield,N,Cardinal Ventures Co,100330,SKU-2700,101059,Jordan Blake,101265,,,101472
700182,100215,Customer Management,100585,Quarterly Review,Final,Resolved the outstanding question about scope.,Y,Y,REF-5495,skyler.mensah@sampleco.test,2023-11-27 10:31:00,arjun.calder@acme-fake.test,Aisha Ford,Taylor Sato,Priya Okafor,,TAG-7167,Noah Okafor,avery.okafor@demomail.test,Fatima Garcia,yara.calder@demomail.test,Emerson Okafor,N,7.4,7.2,5.4,Noah Blake,2026-03-04 09:32:00,7276,8557,Alpha,Alpha,Delta,LOT-8937,4906,7779,Omar Ivanov,,,,,1841,6237,Elena Ashby,2026-01-03 18:33:00,7284,6667,Other,Delta,Standard,Beta,Elena Patel,2991,,,,,2763,,1944,N,,Alpha,,,Discussed timeline and next steps with the account.,,avery.rossi@examplecorp.test,,Discussed timeline and next steps with the account.,alex.vance@acme-fake.test,avery.blake@acme-fake.test,,100423,,100984,,100714,,,,,100073,,riley.garcia@acme-fake.test,Taylor Vance,N,Cobalt Holdings Corp,100016,TAG-7960,101116,,101200,,,101119
700183,100188,Customer Management,100713,Quarterly Review,Final,Shared the updated proposal for review.,N,N,REF-4300,priya.ashby@sampleco.test,2023-08-07 06:13:00,emerson.mercer@sampleco.test,Skyler Nguyen,Avery Okafor,,,SKU-3709,Fatima Okafor,noah.mensah@demomail.test,Avery Mensah,noah.blake@sampleco.test,Skyler Blake,Y,6.5,1.8,8.4,Drew Reyes,2022-10-13 17:38:00,686,44,Delta,Other,Gamma,LOT-7187,2366,3216,Nina Mercer,,,,,9188,327,Reese Sloan,2025-08-09 23:38:00,5052,5843,Gamma,Delta,Standard,Other,Jordan Whitfield,5215,,,,,6948,6522,3638,N,,,,Beta,Resolved the outstanding question about scope.,,priya.silva@acme-fake.test,,Noted a concern to revisit at the next sync.,reese.nguyen@acme-fake.test,marco.nguyen@examplecorp.test,,100330,,101207,,100669,,,100860,,100656,,avery.reyes@demomail.test,Jamie Ashby,N,Beacon Robotics LLP,100292,TAG-5254,101017,Omar Larsson,101779,,,101357
700184,100405,Customer Management,100776,Customer Success Check-In,Draft,Discussed timeline and next steps with the account.,N,Y,TAG-3728,arjun.cohen@examplecorp.test,2023-11-07 18:11:00,drew.mensah@examplecorp.test,Quinn Patel,Yara Haddad,,,,Quinn Kim,casey.ivanov@examplecorp.test,,chen.nguyen@examplecorp.test,Omar Okafor,N,5.9,8.9,4.0,Jordan Ashby,2025-08-09 02:08:00,562,8132,Alpha,Beta,Delta,TAG-9838,481,1105,Jamie Ashby,,,,,9477,7283,,2023-04-02 04:10:00,2487,2631,Standard,Alpha,Beta,Gamma,Sofia Ford,4927,,,,,2200,6399,,Y,,,,Gamma,Scheduled a check-in for the coming month.,,mei.ashby@acme-fake.test,,Scheduled a check-in for the coming month.,jordan.ivanov@acme-fake.test,casey.dorsey@demomail.test,,100606,,101133,,,,,101282,,100683,,quinn.blake@examplecorp.test,Emerson Costa,N,Copper Networks Ltd,100608,SKU-3821,101231,Riley Sato,101138,,,100831
700185,100569,Customer Management,100727,Quarterly Review,Draft,Reviewed performance and gathered feedback.,N,Y,REF-5369,morgan.garcia@acme-fake.test,2024-07-03 06:20:00,taylor.rossi@sampleco.test,Liam Garcia,Reese Cohen,Emerson Haddad,,LOT-1947,Mei Vance,sofia.costa@sampleco.test,,drew.sloan@demomail.test,,Y,8.3,8.9,6.9,Jamie Garcia,2023-03-11 02:33:00,4243,323,Standard,Gamma,Standard,REF-6187,7043,5058,Taylor Okafor,,,,,5660,5583,Mei Ivanov,2024-06-17 20:39:00,573,9555,Alpha,Beta,Alpha,Alpha,Noah Patel,1191,,,,,4187,3861,9749,N,,,,Alpha,Discussed timeline and next steps with the account.,,jamie.ivanov@examplecorp.test,,Discussed timeline and next steps with the account.,sofia.whitfield@acme-fake.test,priya.vance@examplecorp.test,,100673,,,,100244,,,101376,,100214,,elena.vance@sampleco.test,Omar Larsson,Y,Harbor Analytics Co,100320,REF-7040,101672,Skyler Nguyen,101500,,,101185
700186,100619,Resource Care,100542,Customer Success Check-In,Final,Aligned on billing and renewal terms.,N,N,SKU-8651,taylor.okafor@demomail.test,2024-06-10 15:43:00,arjun.nguyen@examplecorp.test,Skyler Cohen,Fatima Kim,Reese Kim,,,Yara Haddad,drew.calder@demomail.test,Arjun Reyes,omar.dorsey@acme-fake.test,Noah Mercer,N,2.1,2.6,4.9,Liam Calder,2024-04-08 16:41:00,2622,7703,Other,Alpha,Delta,REF-1360,8032,2416,Riley Ivanov,,,,,514,8073,Liam Sloan,2024-08-17 04:52:00,5663,5548,Delta,,Delta,Delta,Jordan Whitfield,9471,,,,,7901,964,1646,Y,,,,,Shared the updated proposal for review.,,nina.vance@demomail.test,,Resolved the outstanding question about scope.,chen.brooks@examplecorp.test,mei.brooks@demomail.test,,100512,,101610,,100765,,,101042,,,,fatima.ivanov@demomail.test,Rowan Whitfield,N,Meridian Manufacturing Ltd,100627,REF-7649,101474,Skyler Mensah,101308,Alpha,,100947
700187,100103,Customer Management,100035,Wellness Check-In,Final,Noted a concern to revisit at the next sync.,N,N,SKU-3378,alex.mercer@acme-fake.test,2024-03-28 22:51:00,priya.larsson@acme-fake.test,Aisha Haddad,Diego Rossi,Jordan Silva,,,Elena Sloan,aisha.costa@sampleco.test,Liam Mensah,rahul.calder@examplecorp.test,,N,8.8,8.3,3.9,Omar Mercer,2024-08-20 11:48:00,7060,329,Alpha,Gamma,Delta,TAG-2496,9675,9502,Liam Calder,,,,,8406,3396,Reese Blake,2025-06-17 08:25:00,4687,9391,Standard,Beta,Delta,,Omar Reyes,5755,,,,,,4277,2102,N,,,,Alpha,Aligned on billing and renewal terms.,,riley.ashby@demomail.test,,Shared the updated proposal for review.,skyler.haddad@demomail.test,rahul.garcia@sampleco.test,,100014,,101161,,,,,101466,,,,rahul.whitfield@sampleco.test,Rowan Sloan,Y,Silverline Dynamics,100232,LOT-1030,101757,,100891,,SKU-8020,100933
700188,100611,Customer Management,100106,Quarterly Review,Draft,Discussed timeline and next steps with the account.,Y,Y,TAG-3417,mei.patel@acme-fake.test,2025-01-06 14:54:00,taylor.rossi@acme-fake.test,Yara Calder,Arjun Patel,Liam Reyes,,TAG-9031,Elena Brooks,casey.costa@acme-fake.test,Taylor Costa,marco.okafor@sampleco.test,,Y,8.4,1.3,1.6,Drew Cohen,2026-07-21 08:52:00,8005,7191,Other,Standard,Delta,SKU-4753,9432,9381,Mei Vance,,,,,590,3037,Priya Reyes,2024-04-29 17:05:00,3368,2756,,Alpha,Gamma,Beta,Alex Nguyen,4641,,,,,9095,,400,N,,,,Beta,Reviewed performance and gathered feedback.,,liam.ford@acme-fake.test,,Reviewed performance and gathered feedback.,sofia.okafor@acme-fake.test,skyler.okafor@examplecorp.test,,100686,,,,,,,100957,,100468,,aisha.kim@acme-fake.test,Emerson Sloan,N,Atlas Foods LLC,100469,TAG-3832,101455,Riley Patel,101315,,,101265
700189,100239,Resource Care,100232,Customer Success Check-In,Final,Scheduled a check-in for the coming month.,Y,N,REF-6187,jamie.sato@sampleco.test,2025-05-06 10:02:00,chen.haddad@sampleco.test,Elena Nguyen,Morgan Okafor,Elena Haddad,,LOT-8224,Mei Costa,nina.ashby@sampleco.test,,yara.mensah@demomail.test,Elena Haddad,N,7.6,6.4,4.5,Fatima Rossi,2022-11-15 12:03:00,2995,9073,Standard,Gamma,Beta,SKU-8548,9616,7608,Nina Ford,,,,,9091,6520,Jamie Okafor,2025-07-15 14:00:00,8154,7868,Delta,Standard,Other,Delta,Mei Brooks,7389,,,,,6975,7652,648,Y,,,,Alpha,Shared the updated proposal for review.,,jordan.sato@sampleco.test,,Noted a concern to revisit at the next sync.,drew.ashby@sampleco.test,yara.sloan@sampleco.test,,100578,,101454,,,,,,,100054,,casey.kim@demomail.test,,N,Beacon Solutions Inc,100467,LOT-8094,101082,Jamie Garcia,101704,,TAG-9255,101477
700190,100407,Customer Management,100696,Customer Success Check-In,Final,Aligned on billing and renewal terms.,N,N,SKU-7916,noah.ashby@examplecorp.test,2024-09-09 08:32:00,reese.sato@acme-fake.test,Nina Mercer,Reese Rossi,Liam Reyes,,TAG-3923,Reese Cohen,sofia.costa@demomail.test,Emerson Larsson,noah.blake@acme-fake.test,,N,4.6,2.3,4.3,Taylor Garcia,2025-12-20 22:58:00,7514,8559,Gamma,Gamma,Alpha,LOT-3515,911,5999,Jamie Whitfield,,,,,4679,4421,Fatima Silva,2026-03-19 11:04:00,5703,7703,Delta,Other,Other,Other,Quinn Larsson,3181,,,,,9750,8897,5901,N,,,,Gamma,Discussed timeline and next steps with the account.,,reese.okafor@demomail.test,,Reviewed performance and gathered feedback.,reese.ashby@demomail.test,nina.whitfield@acme-fake.test,,100540,,101600,,,,,101012,,100115,,rowan.ivanov@demomail.test,Drew Brooks,N,Lakeside Logistics LLC,100014,SKU-6832,101614,Priya Sloan,101168,,TAG-4643,101165
700191,100471,Resource Care,100121,Customer Success Check-In,Final,Scheduled a check-in for the coming month.,Y,Y,REF-9732,diego.silva@demomail.test,2024-08-11 08:21:00,alex.haddad@sampleco.test,Mei Calder,Noah Costa,Emerson Blake,,SKU-6722,Omar Mensah,taylor.vance@demomail.test,,liam.blake@acme-fake.test,Jamie Okafor,N,3.2,5.2,4.4,Sofia Costa,2023-10-08 15:04:00,1262,3667,Other,Alpha,Gamma,LOT-8943,1364,2317,Taylor Calder,,,,,9054,3276,Aisha Cohen,2025-02-08 03:24:00,7625,5078,Beta,Beta,,Standard,Noah Mensah,1964,,,,,9202,5550,1905,N,,,,,Scheduled a check-in for the coming month.,,taylor.vance@demomail.test,,Discussed timeline and next steps with the account.,alex.okafor@acme-fake.test,diego.mensah@examplecorp.test,,100077,,,,100652,,,,,100076,,alex.nguyen@examplecorp.test,Reese Larsson,N,Ironwood Industries Inc,100185,REF-6006,101711,Sofia Patel,101641,,,101094
700192,100587,Customer Management,100542,Customer Success Check-In,Final,Followed up on the open items from last week.,Y,Y,TAG-9650,chen.ford@acme-fake.test,2024-09-17 11:39:00,liam.whitfield@examplecorp.test,Mei Brooks,Casey Whitfield,Noah Rossi,,,Yara Garcia,alex.okafor@demomail.test,,riley.blake@demomail.test,Sofia Nguyen,N,1.9,6.6,7.4,Yara Reyes,2023-11-10 18:33:00,9738,720,Alpha,Beta,Standard,REF-3267,8100,8698,Taylor Mercer,,,,,892,8977,Emerson Mensah,2025-07-28 08:29:00,3227,141,,Delta,Delta,Delta,Noah Ivanov,2959,,,,,,4628,2178,N,,,,Other,Reviewed performance and gathered feedback.,,emerson.mercer@sampleco.test,,Followed up on the open items from last week.,jamie.kim@examplecorp.test,jamie.nguyen@demomail.test,,100786,,,,100434,,,101672,,100264,,riley.mensah@demomail.test,Riley Patel,Y,Cobalt Partners LLC,100181,LOT-2484,101347,Riley Patel,101501,,,101320
700193,100545,Customer Management,100779,Quarterly Review,Final,Followed up on the open items from last week.,N,Y,TAG-8221,priya.okafor@sampleco.test,2023-12-13 07:14:00,fatima.kim@acme-fake.test,Omar Rossi,Elena Dorsey,Yara Blake,,TAG-9484,Yara Nguyen,alex.blake@demomail.test,Avery Silva,arjun.calder@acme-fake.test,,Y,8.8,8.3,7.8,Quinn Sato,2025-01-02 03:33:00,9916,1297,Standard,Delta,Alpha,SKU-9224,9596,794,Morgan Cohen,,,,,1466,1634,Casey Rossi,2026-01-11 22:03:00,524,8768,Other,,Other,Other,Quinn Kim,8458,,,,,5476,6185,4060,Y,LOT-9428,,,,Aligned on billing and renewal terms.,,noah.okafor@sampleco.test,,Followed up on the open items from last week.,mei.costa@acme-fake.test,marco.dorsey@acme-fake.test,,100718,,,,100507,,,,,,,priya.okafor@sampleco.test,Marco Mercer,Y,Everest Textiles LLP,100068,SKU-1586,101505,Chen Calder,100923,,,101190
700194,100205,Customer Management,100504,Customer Success Check-In,Final,Noted a concern to revisit at the next sync.,N,N,LOT-3229,sofia.mensah@sampleco.test,2025-06-27 06:25:00,chen.kim@sampleco.test,Avery Kim,Reese Sato,Skyler Okafor,,TAG-8355,Reese Dorsey,alex.silva@demomail.test,Marco Dorsey,riley.calder@acme-fake.test,Aisha Brooks,Y,7.5,5.9,7.7,Priya Brooks,2024-05-13 21:28:00,32,3522,Beta,Beta,Alpha,TAG-6018,6007,8175,Sofia Ashby,,,,,6173,8765,Morgan Garcia,2026-03-08 23:43:00,,2114,Alpha,Alpha,Gamma,,Fatima Haddad,6532,,,,,3849,6292,271,Y,,,,Delta,Shared the updated proposal for review.,,liam.brooks@demomail.test,Standard,Resolved the outstanding question about scope.,quinn.larsson@sampleco.test,noah.ford@sampleco.test,,100645,,101238,,100118,,,101009,,,,chen.garcia@examplecorp.test,,Y,Cardinal Analytics Inc,100128,LOT-4004,101143,Skyler Nguyen,100920,,,100920
700195,100229,Customer Management,100658,Wellness Check-In,Final,Discussed timeline and next steps with the account.,N,Y,SKU-4797,diego.nguyen@sampleco.test,2023-03-10 18:38:00,reese.sato@sampleco.test,Elena Rossi,Jamie Patel,Rowan Brooks,,SKU-5000,Avery Patel,riley.whitfield@demomail.test,Omar Dorsey,liam.ivanov@acme-fake.test,Yara Silva,Y,6.5,9.8,9.6,Reese Okafor,2023-03-21 19:11:00,3159,9801,Alpha,Delta,Beta,SKU-5430,6599,847,Mei Nguyen,,,,,1448,8346,Morgan Ivanov,2025-07-13 21:01:00,3316,9573,Alpha,Alpha,Beta,Gamma,Skyler Sato,8578,,,,,3898,5182,5593,Y,,,,Beta,,,taylor.whitfield@acme-fake.test,,Scheduled a check-in for the coming month.,reese.garcia@sampleco.test,jamie.blake@demomail.test,,100295,,100986,,100595,,,,,100574,,drew.reyes@demomail.test,Nina Mensah,N,,100707,REF-1471,101018,Rahul Sato,101606,,,101418
700196,100449,Customer Management,100224,Customer Success Check-In,Final,Resolved the outstanding question about scope.,N,N,SKU-3834,yara.costa@acme-fake.test,2023-07-05 09:40:00,yara.calder@sampleco.test,Nina Sato,Skyler Reyes,Aisha Silva,,,Chen Ford,rahul.blake@examplecorp.test,,jordan.sloan@examplecorp.test,Casey Mercer,Y,2.8,7.8,4.9,Fatima Haddad,2023-07-11 01:07:00,8150,4192,Beta,Other,Beta,LOT-2760,1747,6856,Elena Larsson,,,,,1212,7045,Liam Ford,2025-04-30 09:56:00,8080,4845,Alpha,Gamma,Alpha,Gamma,Rowan Calder,4310,,,,,4903,7944,490,N,,,,Beta,Noted a concern to revisit at the next sync.,,nina.brooks@demomail.test,,Shared the updated proposal for review.,casey.kim@sampleco.test,arjun.mensah@acme-fake.test,,100068,,101565,,100400,,,101354,,100672,,emerson.sato@examplecorp.test,,Y,Copper Financial Group,100532,LOT-1844,101281,Liam Haddad,100940,,,100884
700197,100089,Resource Care,100040,Wellness Check-In,Final,Followed up on the open items from last week.,Y,N,SKU-9187,omar.whitfield@acme-fake.test,2026-03-23 15:16:00,diego.dorsey@examplecorp.test,Casey Brooks,Chen Ivanov,Jordan Kim,,TAG-8416,Rahul Blake,marco.nguyen@demomail.test,,marco.haddad@examplecorp.test,,N,2.7,3.9,5.2,Chen Vance,2024-07-09 21:02:00,8500,5017,Delta,Alpha,Beta,SKU-6325,6544,8571,Noah Okafor,,,,,8231,4303,Emerson Reyes,2024-03-29 09:00:00,6378,720,Alpha,Standard,Standard,Delta,Riley Cohen,3588,,,,,,3858,6925,N,,,,Delta,,,taylor.garcia@acme-fake.test,,Discussed timeline and next steps with the account.,diego.cohen@examplecorp.test,skyler.reyes@acme-fake.test,,100058,,101018,,100643,,,,,100753,,liam.costa@demomail.test,,N,Lakeside Financial,100747,LOT-1789,100911,Yara Cohen,101380,,,101449
700198,100704,Resource Care,100629,Customer Success Check-In,Final,Aligned on billing and renewal terms.,Y,N,TAG-1266,aisha.blake@acme-fake.test,2026-01-26 13:17:00,taylor.mercer@examplecorp.test,Chen Mercer,Skyler Sloan,Yara Sloan,,TAG-9503,Yara Patel,jordan.haddad@sampleco.test,Noah Larsson,priya.reyes@acme-fake.test,Noah Sloan,Y,2.5,3.1,3.2,Aisha Larsson,2024-01-13 02:26:00,8675,8766,Other,Delta,Standard,TAG-8100,2391,3056,Fatima Okafor,,,,,6835,885,Avery Cohen,2023-03-15 11:25:00,8557,941,Other,Standard,Beta,Alpha,Rowan Silva,8932,,,,,7244,8222,8734,N,,,,,,,fatima.haddad@examplecorp.test,,Shared the updated proposal for review.,drew.haddad@sampleco.test,noah.patel@demomail.test,,100199,,100808,,100484,,,101175,,,,morgan.mensah@demomail.test,Fatima Blake,N,Atlas Media,100009,TAG-7008,101259,Jordan Kim,101610,,,101029
700199,100435,Resource Care,100570,Quarterly Review,Final,Resolved the outstanding question about scope.,N,Y,REF-3551,drew.vance@demomail.test,2023-08-12 12:40:00,jordan.costa@examplecorp.test,Diego Brooks,Taylor Calder,,,,Noah Silva,fatima.rossi@demomail.test,,fatima.kim@examplecorp.test,,N,2.3,5.4,3.0,Marco Ashby,2024-08-19 19:49:00,2579,3581,Other,Alpha,Standard,SKU-1806,4381,4882,Yara Sloan,,,,,6036,7606,,2022-11-21 14:26:00,9381,7287,Other,Standard,Gamma,Beta,Mei Garcia,5355,,,,,6134,6580,6831,Y,,,,Beta,Followed up on the open items from last week.,,mei.haddad@sampleco.test,,Resolved the outstanding question about scope.,emerson.costa@examplecorp.test,skyler.larsson@examplecorp.test,,100142,,101380,,100570,,,,,,,arjun.rossi@sampleco.test,Elena Kim,N,Copper Analytics Ltd,100635,TAG-6431,101753,Diego Calder,101021,,,100799
700200,100357,Resource Care,100784,Customer Success Check-In,Final,Reviewed performance and gathered feedback.,N,N,REF-1631,aisha.reyes@examplecorp.test,2023-06-08 20:00:00,noah.haddad@sampleco.test,Drew Garcia,Riley Whitfield,,,SKU-7156,,drew.okafor@demomail.test,Reese Cohen,yara.reyes@examplecorp.test,Jordan Calder,N,4.2,7.0,3.0,Arjun Silva,2025-03-18 20:43:00,600,3835,Beta,Delta,Gamma,LOT-3371,7150,3913,Priya Brooks,,,,,6867,2689,Jordan Haddad,2023-10-28 16:44:00,9296,,Gamma,Standard,Delta,Gamma,Arjun Kim,239,,,,,,9777,8165,Y,,,,Beta,Followed up on the open items from last week.,,sofia.calder@acme-fake.test,,Discussed timeline and next steps with the account.,morgan.sato@examplecorp.test,alex.ivanov@demomail.test,,100398,,,,100503,,,,,,,casey.blake@acme-fake.test,Elena Nguyen,Y,Granite Manufacturing Ltd,100768,SKU-4038,101235,Marco Haddad,101450,,,101758
700201,100782,Resource Care,100619,Wellness Check-In,Final,Resolved the outstanding question about scope.,Y,Y,SKU-1866,omar.calder@demomail.test,2026-03-29 09:48:00,reese.ashby@examplecorp.test,Rowan Dorsey,Jordan Dorsey,,,TAG-4901,Emerson Brooks,riley.rossi@demomail.test,,omar.costa@examplecorp.test,Nina Ashby,N,5.1,7.9,7.8,Morgan Sato,2023-06-20 23:13:00,8776,2274,Beta,Standard,Standard,SKU-9449,6091,342,Chen Larsson,,,,,3973,1887,Quinn Vance,2025-07-15 18:15:00,8997,170,Gamma,Alpha,Gamma,Other,Fatima Mercer,7322,,,,,4697,1765,1349,Y,,,Alpha,Standard,Discussed timeline and next steps with the account.,,reese.whitfield@demomail.test,,Scheduled a check-in for the coming month.,chen.larsson@examplecorp.test,yara.cohen@demomail.test,,100786,,100970,,100156,,,,,100040,,yara.rossi@examplecorp.test,Yara Patel,Y,Delta Logistics Co,100726,REF-1328,101507,Drew Silva,101590,,,101676
700202,100392,Resource Care,100233,Wellness Check-In,Final,Noted a concern to revisit at the next sync.,Y,N,REF-8014,taylor.ivanov@examplecorp.test,2023-07-20 16:48:00,liam.silva@demomail.test,Nina Whitfield,Alex Calder,Jamie Calder,,,,fatima.calder@acme-fake.test,,rahul.silva@examplecorp.test,Rahul Ashby,Y,2.8,4.2,4.6,Morgan Rossi,2022-10-03 07:12:00,7604,1216,Other,Alpha,Gamma,SKU-7775,9574,8675,Marco Calder,,,,,8405,269,Arjun Larsson,2026-06-26 09:30:00,727,6552,Standard,,Beta,Gamma,Morgan Ashby,1873,,,,,9774,129,3357,N,,,,Standard,Resolved the outstanding question about scope.,,rowan.whitfield@examplecorp.test,,Discussed timeline and next steps with the account.,chen.kim@examplecorp.test,jamie.costa@acme-fake.test,,100233,,,,100634,,,100838,,100582,,rahul.reyes@examplecorp.test,Reese Sato,N,Pioneer Systems LLP,100161,SKU-5019,100884,Jordan Sloan,101512,,,101065
700203,100414,Customer Management,100349,Customer Success Check-In,Final,Reviewed performance and gathered feedback.,Y,Y,REF-9848,nina.cohen@demomail.test,2024-03-29 03:33:00,liam.ivanov@examplecorp.test,Avery Larsson,Riley Blake,Casey Okafor,,,,jamie.larsson@examplecorp.test,Sofia Rossi,sofia.kim@acme-fake.test,,Y,6.4,3.3,9.6,Yara Calder,2025-09-12 11:11:00,1543,7398,Alpha,Gamma,Standard,TAG-3517,1117,498,Fatima Nguyen,,,,,6835,928,Rowan Costa,2023-12-06 21:39:00,9265,2758,Gamma,Other,Alpha,Delta,Nina Garcia,8363,,,,,3174,,,N,,,,,Resolved the outstanding question about scope.,,jamie.costa@examplecorp.test,,Shared the updated proposal for review.,jordan.ford@examplecorp.test,arjun.garcia@examplecorp.test,,100407,,,,,,,101228,,,,liam.okafor@sampleco.test,Yara Ivanov,N,Summit Industries Inc,100244,SKU-1221,101029,Skyler Patel,101743,,,101041
700204,100697,Resource Care,100096,Quarterly Review,Final,Noted a concern to revisit at the next sync.,Y,N,SKU-2689,omar.ivanov@examplecorp.test,2026-06-25 17:07:00,chen.rossi@examplecorp.test,Jamie Costa,Arjun Sloan,Noah Dorsey,,SKU-8195,Jordan Cohen,quinn.cohen@examplecorp.test,,drew.haddad@sampleco.test,Alex Okafor,N,4.9,8.6,8.6,Liam Cohen,2024-02-24 22:01:00,5429,7491,Alpha,Gamma,Beta,SKU-2738,654,3658,Riley Silva,,,,,1871,1014,Marco Okafor,2023-09-14 15:50:00,3278,5530,Alpha,Gamma,Beta,Standard,,713,,,,,,5720,9118,N,,,,Gamma,Reviewed performance and gathered feedback.,,reese.dorsey@demomail.test,,Shared the updated proposal for review.,avery.sloan@sampleco.test,riley.larsson@acme-fake.test,,100311,,101638,,100743,,,101601,,100441,,mei.rossi@acme-fake.test,Arjun Dorsey,Y,Atlas Holdings Inc,100743,SKU-4537,101600,Priya Okafor,100809,,,101704
700205,100522,Resource Care,100246,Quarterly Review,Final,Resolved the outstanding question about scope.,N,Y,REF-5856,morgan.garcia@examplecorp.test,2024-07-25 00:02:00,rahul.haddad@demomail.test,Fatima Sato,Sofia Sloan,Drew Garcia,,TAG-5559,Quinn Whitfield,fatima.kim@examplecorp.test,,omar.haddad@examplecorp.test,Marco Ashby,Y,1.9,1.4,1.4,Noah Blake,2026-02-01 12:29:00,2452,5426,Gamma,Other,Standard,REF-3252,6989,5011,Noah Rossi,,,,,3774,4710,Marco Haddad,2023-04-20 09:45:00,3560,1532,Delta,Gamma,Delta,Delta,Elena Calder,4021,,,,,4501,9981,208,N,,,,Delta,,,chen.whitfield@demomail.test,,Reviewed performance and gathered feedback.,sofia.ford@sampleco.test,morgan.rossi@examplecorp.test,,100263,,101646,,100697,,,101531,,,,riley.larsson@acme-fake.test,Jamie Haddad,Y,Everest Networks LLC,100386,TAG-7563,101266,Rahul Brooks,101672,,,101652
700206,100634,Resource Care,100275,Quarterly Review,Final,Followed up on the open items from last week.,Y,N,TAG-3996,omar.kim@sampleco.test,2025-12-05 09:42:00,morgan.mensah@examplecorp.test,Quinn Brooks,Emerson Cohen,Nina Kim,,SKU-4849,Drew Haddad,rahul.mensah@acme-fake.test,Omar Brooks,quinn.ivanov@sampleco.test,Diego Okafor,Y,3.4,9.7,9.9,Fatima Brooks,2024-07-01 11:34:00,2572,623,Delta,Alpha,Gamma,LOT-1419,9265,6572,Quinn Mercer,,,,,9682,7957,Emerson Larsson,2026-07-29 08:11:00,3829,7206,Other,Beta,Standard,Other,Rahul Kim,2254,,,,,3227,4163,8814,Y,,,Delta,Other,Aligned on billing and renewal terms.,,riley.ivanov@demomail.test,,Scheduled a check-in for the coming month.,diego.blake@sampleco.test,diego.okafor@sampleco.test,,100043,,,,100683,,,101171,,100616,,arjun.garcia@sampleco.test,Casey Ashby,Y,Brightpath Systems LLC,100247,LOT-7686,101485,Marco Haddad,101649,,,101444
700207,100220,Resource Care,100065,Quarterly Review,Final,Aligned on billing and renewal terms.,N,Y,REF-2450,nina.ford@sampleco.test,2025-11-23 00:14:00,nina.haddad@demomail.test,Noah Dorsey,Jordan Blake,Yara Larsson,,,Quinn Kim,rahul.reyes@demomail.test,Skyler Calder,skyler.ford@demomail.test,,N,6.7,5.1,7.2,Reese Sato,2025-05-25 06:17:00,2678,9262,Other,Gamma,Alpha,SKU-7996,3008,9479,Omar Nguyen,,,,,4986,3528,Morgan Ford,2025-06-17 10:20:00,1037,4526,Gamma,Other,Standard,Other,Omar Okafor,,,,,,1220,8780,2320,Y,,,,Alpha,Followed up on the open items from last week.,Rahul Larsson,skyler.brooks@acme-fake.test,,Noted a concern to revisit at the next sync.,jordan.reyes@sampleco.test,rahul.brooks@demomail.test,,100220,,101282,,,,,101733,,100622,,morgan.ford@acme-fake.test,Morgan Larsson,Y,Beacon Dynamics,100359,SKU-2652,101682,,101065,,,100937
700208,100246,Customer Management,100619,Quarterly Review,Final,Scheduled a check-in for the coming month.,N,N,TAG-5084,taylor.rossi@examplecorp.test,2026-04-21 19:46:00,emerson.cohen@examplecorp.test,Marco Dorsey,Rowan Vance,Priya Vance,,REF-6966,Arjun Nguyen,liam.mensah@acme-fake.test,Reese Sloan,mei.cohen@examplecorp.test,Yara Ashby,N,4.7,7.8,6.4,Reese Ashby,2024-12-03 06:06:00,4932,1617,Standard,Other,Alpha,LOT-5150,6621,5051,Omar Okafor,,,,,9385,3059,Sofia Ashby,2024-02-19 06:45:00,8594,8547,Gamma,Beta,Gamma,Other,Avery Blake,2558,,,,,1959,7038,2412,N,,,,Gamma,Scheduled a check-in for the coming month.,,jamie.larsson@sampleco.test,,Resolved the outstanding question about scope.,aisha.mensah@demomail.test,chen.sloan@sampleco.test,,100082,,,,100087,,,,,,,noah.silva@demomail.test,Nina Mensah,Y,Delta Ventures LLP,100098,REF-5218,100879,Priya Larsson,101333,,,101525
700209,100332,Resource Care,100579,Customer Success Check-In,Draft,Aligned on billing and renewal terms.,Y,N,TAG-4227,drew.reyes@sampleco.test,2023-07-08 08:11:00,priya.costa@acme-fake.test,Omar Ford,Sofia Reyes,,,TAG-8525,Drew Silva,reese.vance@acme-fake.test,,priya.silva@demomail.test,Arjun Cohen,Y,3.1,5.2,2.2,Priya Kim,2024-06-11 01:40:00,3642,7862,Other,Standard,Other,TAG-2137,4668,3217,Nina Dorsey,,,,,3415,3061,Noah Larsson,2024-08-10 19:15:00,4607,1019,Other,Alpha,Delta,Beta,Nina Silva,5477,,,,,,564,8705,Y,,,Alpha,Delta,Followed up on the open items from last week.,,aisha.silva@sampleco.test,,Aligned on billing and renewal terms.,yara.mensah@sampleco.test,fatima.vance@examplecorp.test,,100462,,,,100632,,,,,,,diego.nguyen@examplecorp.test,Morgan Brooks,N,Redwood Manufacturing Group,100467,LOT-8649,101265,Rahul Blake,101178,,SKU-2326,101306
700210,100529,Customer Management,100638,Quarterly Review,Draft,Scheduled a check-in for the coming month.,Y,N,LOT-7488,diego.sloan@demomail.test,2024-09-24 08:10:00,taylor.patel@demomail.test,Riley Garcia,Diego Cohen,,,,Marco Reyes,priya.vance@examplecorp.test,Emerson Larsson,jamie.ashby@acme-fake.test,Noah Whitfield,Y,8.1,6.2,1.1,Arjun Dorsey,2025-07-27 20:38:00,1307,3232,Beta,Delta,Standard,REF-6529,3067,9774,Drew Patel,,,,,7199,4411,Chen Vance,2024-05-28 03:01:00,5050,5654,Gamma,Alpha,Other,Alpha,Diego Mensah,,,,,,8019,3257,1793,Y,,,,Beta,Noted a concern to revisit at the next sync.,,drew.sato@examplecorp.test,,Noted a concern to revisit at the next sync.,chen.brooks@demomail.test,skyler.cohen@examplecorp.test,,100054,,101265,,,,,101338,,,,drew.nguyen@sampleco.test,Sofia Sato,N,Meridian Industries Group,100369,LOT-2774,101007,Taylor Cohen,101572,,,100879
700211,100026,Resource Care,100639,Quarterly Review,Final,Reviewed performance and gathered feedback.,N,N,SKU-4466,casey.whitfield@demomail.test,2026-06-13 21:03:00,riley.costa@sampleco.test,Noah Vance,Priya Ford,Avery Whitfield,,SKU-9196,,emerson.blake@acme-fake.test,,fatima.ford@examplecorp.test,Noah Ashby,N,9.1,5.3,7.8,Diego Larsson,2026-07-09 16:10:00,6951,2092,Gamma,Other,Standard,SKU-9169,109,4875,Skyler Costa,,,,,3113,5361,Nina Whitfield,2024-08-11 01:23:00,1446,6947,Other,Beta,Delta,Other,Jamie Nguyen,9010,,,,,5852,8476,9890,N,,,,Beta,Aligned on billing and renewal terms.,,reese.mensah@examplecorp.test,,Discussed timeline and next steps with the account.,riley.garcia@sampleco.test,riley.whitfield@examplecorp.test,,100339,,,,100362,,,101592,,,,arjun.ashby@acme-fake.test,Diego Costa,Y,Blue Ridge Dynamics Corp,100412,REF-5223,101542,Drew Patel,101268,,,101472
700212,100357,Customer Management,100442,Wellness Check-In,Final,Noted a concern to revisit at the next sync.,N,Y,REF-6870,riley.dorsey@demomail.test,2023-06-27 17:42:00,casey.mercer@demomail.test,Casey Reyes,Morgan Vance,,,TAG-7674,Mei Cohen,aisha.brooks@sampleco.test,Morgan Dorsey,morgan.sato@acme-fake.test,Jamie Nguyen,Y,9.9,6.6,7.2,Fatima Vance,2026-02-28 16:47:00,6307,7561,Alpha,Standard,Other,REF-2334,5205,4502,Avery Mensah,,,,,3231,1752,Chen Nguyen,2023-12-27 20:32:00,9664,1477,Beta,Delta,Gamma,Other,,324,,,,,4381,,7338,Y,,,,Gamma,Shared the updated proposal for review.,,rowan.ford@acme-fake.test,,Reviewed performance and gathered feedback.,skyler.patel@acme-fake.test,yara.larsson@demomail.test,,100678,,,,,,,,,100579,,drew.costa@demomail.test,Fatima Ivanov,Y,Harbor Group LLP,100009,TAG-5937,101315,Alex Rossi,100940,,,101781
700213,100429,Customer Management,100538,Quarterly Review,Final,Resolved the outstanding question about scope.,Y,Y,TAG-7348,drew.mercer@sampleco.test,2025-09-30 17:16:00,fatima.haddad@demomail.test,Priya Brooks,Nina Ivanov,Fatima Sato,,TAG-3150,Taylor Brooks,rahul.whitfield@examplecorp.test,,mei.sato@examplecorp.test,Jordan Nguyen,N,7.0,6.8,2.3,Quinn Silva,2023-12-03 03:29:00,8576,6664,Alpha,Other,Gamma,TAG-1812,2125,2151,Omar Haddad,,,,,5098,348,Priya Whitfield,2026-07-31 01:43:00,1615,1448,Gamma,Beta,Beta,Beta,Morgan Brooks,6551,,,,,4181,7019,2795,N,,,,Alpha,Reviewed performance and gathered feedback.,,nina.whitfield@examplecorp.test,,Discussed timeline and next steps with the account.,chen.rossi@sampleco.test,priya.okafor@demomail.test,,100269,,,,,,,101335,,,,diego.sato@sampleco.test,Elena Mercer,N,Vertex Group Group,100566,REF-5000,101586,Aisha Garcia,101774,,,101364
700214,100273,Resource Care,100542,Wellness Check-In,Final,Resolved the outstanding question about scope.,Y,Y,LOT-9129,riley.whitfield@acme-fake.test,2023-02-08 05:39:00,elena.brooks@acme-fake.test,Jamie Nguyen,Morgan Calder,,,REF-1784,Fatima Silva,fatima.garcia@examplecorp.test,,avery.dorsey@sampleco.test,,N,3.3,6.9,2.8,Taylor Kim,2025-01-08 15:13:00,7835,6401,Standard,Standard,Delta,SKU-5773,4002,4981,Jamie Sato,,,,,3055,2815,Arjun Larsson,2025-08-07 09:19:00,5605,1705,Standard,Delta,,Gamma,Priya Sloan,,,,,,,7999,8011,N,,,,,Followed up on the open items from last week.,,yara.blake@demomail.test,,Scheduled a check-in for the coming month.,morgan.haddad@acme-fake.test,chen.garcia@demomail.test,,100743,,,,100121,,,,,,,skyler.okafor@examplecorp.test,Drew Mensah,N,Beacon Logistics,100112,SKU-7449,101128,,100933,,REF-1156,100822
700215,100507,Resource Care,100415,Customer Success Check-In,Final,Reviewed performance and gathered feedback.,N,Y,TAG-2156,taylor.costa@sampleco.test,2024-01-29 11:07:00,chen.cohen@demomail.test,Casey Reyes,Diego Haddad,Rowan Nguyen,,,,casey.kim@demomail.test,,nina.sloan@sampleco.test,Mei Garcia,N,9.0,5.6,1.8,Morgan Whitfield,2022-12-19 06:35:00,1128,6757,Gamma,Delta,Gamma,LOT-4190,4003,587,Arjun Blake,,,,,5669,4375,,2023-05-27 13:37:00,4988,5301,Other,Delta,Delta,Alpha,Jamie Silva,6844,,,,,9407,135,3167,N,,,,Gamma,Followed up on the open items from last week.,,morgan.sloan@sampleco.test,,Scheduled a check-in for the coming month.,arjun.okafor@examplecorp.test,liam.haddad@examplecorp.test,,100765,,,,,,,,,100765,,drew.calder@demomail.test,Noah Patel,Y,Delta Holdings,100109,TAG-1154,100857,Marco Dorsey,101407,,,101455
700216,100378,Resource Care,100782,Customer Success Check-In,Draft,Shared the updated proposal for review.,Y,Y,REF-4043,marco.ivanov@sampleco.test,2024-01-30 20:31:00,elena.larsson@sampleco.test,Jordan Calder,Elena Okafor,Casey Nguyen,,LOT-3320,Morgan Patel,casey.ford@sampleco.test,,priya.vance@acme-fake.test,,Y,2.7,9.9,3.4,Noah Ashby,2024-03-27 06:53:00,1545,2957,Delta,Other,Beta,TAG-2169,5359,2593,Jamie Ivanov,,,,,6004,4969,Jamie Whitfield,2024-08-19 11:22:00,2741,,Standard,Alpha,Standard,Gamma,Avery Vance,364,,,,,3884,8366,301,Y,,,Standard,Alpha,Followed up on the open items from last week.,,mei.patel@examplecorp.test,,Aligned on billing and renewal terms.,skyler.calder@examplecorp.test,omar.nguyen@examplecorp.test,,100747,,100796,,100378,,,101044,,,,drew.garcia@acme-fake.test,Rowan Silva,N,Everest Media LLP,100548,LOT-9501,101664,Alex Brooks,101398,,,100984
700217,100446,Resource Care,100106,Wellness Check-In,Final,Aligned on billing and renewal terms.,N,Y,TAG-3771,yara.sato@sampleco.test,2023-08-30 23:36:00,taylor.blake@sampleco.test,Casey Vance,Nina Ford,,,,Jamie Sloan,taylor.patel@demomail.test,,rowan.silva@examplecorp.test,,Y,8.7,8.5,6.1,Priya Ford,2023-01-16 06:19:00,719,5394,Alpha,Other,Gamma,TAG-4006,3192,861,Aisha Dorsey,,,,,6144,2932,Reese Larsson,2025-01-07 21:13:00,6454,5076,Beta,,Beta,,Rahul Silva,7989,,,,,9047,5457,8457,N,LOT-4011,,,Standard,Scheduled a check-in for the coming month.,,nina.mensah@examplecorp.test,,Scheduled a check-in for the coming month.,marco.garcia@demomail.test,marco.sato@acme-fake.test,,100590,,101351,,,,,,,100645,,jordan.okafor@demomail.test,Quinn Reyes,N,Lakeside Systems LLC,100751,SKU-3227,101354,Liam Silva,101115,,,101357
700218,100404,Customer Management,100535,Wellness Check-In,Final,Resolved the outstanding question about scope.,N,N,TAG-4530,fatima.brooks@sampleco.test,2023-07-13 12:07:00,skyler.patel@acme-fake.test,Nina Mensah,Nina Dorsey,,,REF-6670,,marco.nguyen@sampleco.test,Mei Blake,chen.okafor@sampleco.test,,N,8.3,4.2,3.6,Rahul Cohen,2025-09-11 12:05:00,7809,9334,Standard,Other,Standard,LOT-5600,4267,3484,Fatima Blake,,,,,8533,775,Casey Ashby,2025-10-09 00:48:00,6478,2119,Delta,Other,Beta,Alpha,Riley Ashby,2907,,,,,4187,2761,7659,N,,,,,Resolved the outstanding question about scope.,,marco.whitfield@acme-fake.test,,Shared the updated proposal for review.,mei.okafor@examplecorp.test,skyler.ivanov@demomail.test,,100067,,101704,,,,,101048,,100050,,rowan.costa@sampleco.test,Morgan Brooks,N,Delta Retail Co,100400,REF-3052,100975,Morgan Nguyen,100994,,,101112
700219,100786,Resource Care,100559,Customer Success Check-In,Draft,Followed up on the open items from last week.,N,N,SKU-5653,yara.blake@sampleco.test,2023-07-27 13:15:00,quinn.cohen@demomail.test,Aisha Ashby,Chen Haddad,Omar Sato,,LOT-6100,Diego Mercer,reese.kim@acme-fake.test,Marco Silva,elena.whitfield@acme-fake.test,Emerson Reyes,N,8.8,5.2,6.0,Chen Costa,2023-01-06 04:10:00,353,2873,Delta,Standard,Alpha,REF-2854,6683,5311,Arjun Whitfield,,,,,6250,4763,Liam Costa,2024-01-06 07:06:00,3490,4334,Other,Alpha,Beta,Standard,Noah Blake,,,,,,9635,670,,N,,,,,Shared the updated proposal for review.,,yara.reyes@acme-fake.test,,Resolved the outstanding question about scope.,mei.whitfield@demomail.test,rahul.sato@acme-fake.test,,100067,,,,100145,,,,,100133,,avery.vance@demomail.test,Rowan Reyes,Y,Granite Retail Group,100548,SKU-5301,101645,,101104,,SKU-9763,101582
700220,100428,Resource Care,100414,Customer Success Check-In,Final,Scheduled a check-in for the coming month.,N,N,REF-5262,rahul.sloan@examplecorp.test,2025-05-10 23:44:00,jordan.nguyen@demomail.test,Taylor Cohen,Jamie Mercer,Jordan Ashby,,,,rowan.vance@demomail.test,Aisha Dorsey,sofia.dorsey@demomail.test,Chen Costa,Y,3.5,1.8,9.9,Skyler Brooks,2024-12-13 17:31:00,8249,7337,Alpha,Delta,Alpha,LOT-5395,2600,4747,Mei Garcia,,,,,3778,8247,Mei Mensah,2023-04-26 21:15:00,4847,3810,Other,Gamma,Alpha,Beta,Morgan Ford,,,,,,8233,2953,4078,N,,Standard,,Gamma,Scheduled a check-in for the coming month.,,quinn.brooks@acme-fake.test,,Followed up on the open items from last week.,elena.larsson@demomail.test,riley.calder@examplecorp.test,,100713,,,,100309,,,101633,,100369,,morgan.haddad@examplecorp.test,Drew Patel,N,Everest Logistics LLP,100231,TAG-7902,100990,Quinn Kim,101736,,,101704
700221,100398,Customer Management,100481,Customer Success Check-In,Final,Shared the updated proposal for review.,N,Y,LOT-6108,jamie.okafor@examplecorp.test,2023-10-27 05:06:00,emerson.reyes@sampleco.test,Riley Larsson,Elena Calder,Skyler Sloan,,SKU-8738,Aisha Sloan,reese.okafor@sampleco.test,,noah.vance@examplecorp.test,,N,5.7,6.0,5.0,Sofia Sato,2024-02-05 22:40:00,1971,3272,Other,Standard,Standard,TAG-2582,4759,2684,Mei Costa,,,,,7057,5062,Omar Blake,2025-11-09 00:03:00,449,,Standard,Alpha,Alpha,Alpha,Reese Ford,2705,,,,,3800,6308,7830,Y,,,,Gamma,,,jamie.reyes@sampleco.test,,Noted a concern to revisit at the next sync.,nina.larsson@examplecorp.test,mei.brooks@acme-fake.test,,100292,,101001,,100117,,,101289,,100569,,jamie.patel@sampleco.test,,N,Blue Ridge Energy Co,100774,SKU-3352,101095,Reese Cohen,101256,,,101483
700222,100295,Resource Care,100134,Wellness Check-In,Final,Followed up on the open items from last week.,Y,Y,LOT-5779,priya.costa@sampleco.test,2025-04-09 19:13:00,avery.vance@acme-fake.test,Avery Sato,Chen Nguyen,,,SKU-3164,,fatima.reyes@demomail.test,,liam.ford@demomail.test,Avery Mercer,Y,7.6,9.5,9.0,Nina Cohen,2023-02-08 01:03:00,1496,4704,Beta,Other,Standard,REF-5646,7469,7956,Yara Patel,,,,,9862,9034,Emerson Sato,2024-11-29 02:49:00,7827,1326,Delta,Alpha,Standard,Gamma,Aisha Blake,7309,,,,,4915,813,7678,N,,,Delta,Alpha,Resolved the outstanding question about scope.,,nina.reyes@sampleco.test,,Discussed timeline and next steps with the account.,casey.dorsey@examplecorp.test,noah.costa@acme-fake.test,,100250,,101366,,100023,,,101278,,100473,,sofia.calder@acme-fake.test,Skyler Okafor,N,Everest Foods Co,100109,LOT-4492,101652,Nina Calder,101442,Gamma,,101351
700223,100021,Customer Management,100448,Wellness Check-In,Final,Scheduled a check-in for the coming month.,N,N,TAG-2388,casey.vance@demomail.test,2023-12-02 06:07:00,elena.ford@sampleco.test,Sofia Calder,Avery Silva,Rowan Patel,,REF-3582,Liam Ivanov,emerson.haddad@demomail.test,Skyler Cohen,arjun.cohen@examplecorp.test,Arjun Ivanov,N,2.1,1.2,5.8,Mei Dorsey,2025-03-17 20:18:00,5638,4873,Alpha,Other,Delta,TAG-1201,9049,3187,Omar Haddad,,,,,1556,9662,Emerson Mensah,2023-04-04 11:33:00,6706,7827,Other,Delta,,,Rowan Larsson,5638,,,,,3083,2293,7479,Y,,,,Beta,Scheduled a check-in for the coming month.,,arjun.dorsey@acme-fake.test,,Shared the updated proposal for review.,mei.patel@examplecorp.test,liam.vance@demomail.test,,100418,,100940,,100185,,,,,,,liam.larsson@acme-fake.test,Riley Nguyen,Y,Silverline Systems Group,100398,REF-5549,101592,,100815,,,100794
700224,100404,Customer Management,100109,Quarterly Review,Final,Shared the updated proposal for review.,N,Y,REF-9767,arjun.mensah@sampleco.test,2025-04-19 11:32:00,chen.cohen@examplecorp.test,Quinn Mensah,Drew Sloan,Riley Reyes,Beta,REF-7287,Emerson Kim,quinn.rossi@examplecorp.test,Aisha Mensah,quinn.haddad@examplecorp.test,Chen Calder,N,1.9,7.7,1.7,Marco Nguyen,2026-05-07 13:49:00,6972,6368,Gamma,Delta,Beta,SKU-8217,5405,5159,Quinn Calder,,,,,8035,6846,Priya Whitfield,2026-02-18 18:13:00,5263,6602,Standard,Other,Other,Alpha,Jordan Mercer,4685,,,,,5606,1842,9426,Y,,,,Other,Discussed timeline and next steps with the account.,,rahul.cohen@acme-fake.test,,Scheduled a check-in for the coming month.,quinn.rossi@acme-fake.test,rowan.dorsey@examplecorp.test,,100134,,101541,,100659,,,,,,,quinn.sloan@examplecorp.test,,Y,Keystone Media Inc,100096,SKU-1230,101474,Alex Dorsey,101110,,,101401
700225,100741,Resource Care,100292,Quarterly Review,Draft,Scheduled a check-in for the coming month.,Y,Y,REF-6507,arjun.sato@demomail.test,2026-04-22 05:45:00,elena.whitfield@demomail.test,Omar Haddad,Riley Calder,Elena Ivanov,,,,alex.brooks@examplecorp.test,Rowan Rossi,omar.kim@sampleco.test,,Y,5.1,8.2,2.6,Noah Haddad,2023-11-14 00:14:00,1240,1705,Gamma,Standard,Other,REF-6040,1500,1670,Alex Silva,,,,,6122,8440,Elena Patel,2024-07-02 17:27:00,5462,10,Gamma,Gamma,Gamma,Alpha,Avery Ford,1825,,,,,7034,7031,6787,Y,,Standard,,Standard,Noted a concern to revisit at the next sync.,,riley.ford@sampleco.test,,Discussed timeline and next steps with the account.,marco.calder@acme-fake.test,arjun.mensah@acme-fake.test,,100284,,,,100566,,,101021,,,,quinn.vance@acme-fake.test,Rahul Garcia,N,Falcon Retail Inc,100423,LOT-2375,101727,Yara Okafor,101711,,,101331
700226,100082,Resource Care,100658,Customer Success Check-In,Draft,Resolved the outstanding question about scope.,Y,Y,SKU-7067,nina.whitfield@examplecorp.test,2023-04-05 04:44:00,jordan.reyes@sampleco.test,Quinn Cohen,Mei Brooks,,,LOT-2944,Emerson Nguyen,morgan.blake@demomail.test,Liam Dorsey,noah.reyes@examplecorp.test,Arjun Garcia,N,1.4,6.2,5.0,Yara Ford,2025-08-31 00:09:00,9866,728,Other,Other,Delta,SKU-5519,9566,8270,Taylor Brooks,,,,,914,2208,,2024-09-02 13:31:00,1553,1183,,Standard,Delta,Standard,Quinn Garcia,3341,,,,,9422,4582,3658,N,,,,Beta,Scheduled a check-in for the coming month.,,yara.garcia@acme-fake.test,,Resolved the outstanding question about scope.,noah.reyes@examplecorp.test,mei.nguyen@sampleco.test,,100263,,,,100476,,,100890,,100257,,reese.whitfield@demomail.test,Jordan Mensah,N,Copper Ventures LLC,100275,TAG-9695,100984,Reese Mercer,100882,,,101191
700227,100632,Resource Care,100532,Customer Success Check-In,Draft,Shared the updated proposal for review.,N,N,TAG-4523,elena.patel@examplecorp.test,2025-05-29 05:42:00,jamie.okafor@acme-fake.test,Reese Mercer,Priya Haddad,Avery Kim,,,Rahul Ivanov,avery.dorsey@sampleco.test,Casey Nguyen,priya.mensah@sampleco.test,Arjun Silva,Y,3.5,9.4,2.3,Noah Ivanov,2026-01-10 04:15:00,6954,5892,Gamma,Alpha,Other,SKU-8205,2797,8360,Marco Kim,,,,,7861,5121,Liam Dorsey,2025-08-06 09:40:00,8156,9484,Other,Delta,Standard,Delta,Emerson Larsson,8991,,,,,,2585,2076,N,,,,Standard,Noted a concern to revisit at the next sync.,Liam Reyes,sofia.blake@demomail.test,,Scheduled a check-in for the coming month.,chen.garcia@demomail.test,taylor.ivanov@examplecorp.test,,100399,,101097,,100153,,,101041,,100359,,nina.ashby@sampleco.test,Riley Reyes,Y,Horizon Media LLP,100469,REF-3712,101711,Chen Ashby,101469,,SKU-9204,101027
700228,100134,Resource Care,100466,Quarterly Review,Final,Shared the updated proposal for review.,N,Y,SKU-8809,rahul.whitfield@examplecorp.test,2023-05-14 12:58:00,reese.cohen@sampleco.test,Alex Reyes,Diego Okafor,Aisha Mercer,,,,sofia.mercer@acme-fake.test,Nina Nguyen,emerson.sato@sampleco.test,Jamie Okafor,Y,8.5,4.8,6.1,Morgan Okafor,2022-12-10 05:06:00,4314,919,Alpha,Alpha,Other,REF-3862,4810,6410,Fatima Dorsey,,,,,9285,3758,Chen Kim,2025-07-05 05:23:00,3567,6267,Standard,Other,Beta,Delta,Quinn Patel,9408,,,,,6989,6414,3432,N,,,,Standard,Discussed timeline and next steps with the account.,,jamie.rossi@acme-fake.test,,Scheduled a check-in for the coming month.,omar.costa@examplecorp.test,drew.nguyen@acme-fake.test,,100253,,,,,,,,,,,sofia.okafor@demomail.test,Rahul Sato,Y,Copper Industries Group,100504,TAG-6985,101742,,101472,,,101129
700229,100421,Customer Management,100288,Customer Success Check-In,Final,Shared the updated proposal for review.,N,Y,TAG-3308,rahul.nguyen@demomail.test,2025-01-11 16:57:00,sofia.reyes@demomail.test,Chen Whitfield,Morgan Sato,Alex Ashby,,,Casey Sloan,reese.silva@sampleco.test,,marco.sato@examplecorp.test,,Y,3.6,7.1,3.1,Liam Rossi,2026-06-05 16:27:00,5354,3280,Beta,Other,Alpha,TAG-9037,3494,5934,Casey Garcia,,,,,3114,3766,,2022-10-10 21:30:00,,8080,Delta,Standard,Standard,,Nina Whitfield,3538,,,,,5278,9155,4429,Y,,,,Standard,Followed up on the open items from last week.,Casey Rossi,avery.calder@examplecorp.test,,Shared the updated proposal for review.,avery.brooks@acme-fake.test,drew.silva@acme-fake.test,,100382,,101616,,,,,101432,,,,noah.whitfield@acme-fake.test,Avery Okafor,Y,Redwood Retail,100785,LOT-8448,101688,Avery Ford,100794,,,101357
700230,100529,Resource Care,100028,Quarterly Review,Final,Followed up on the open items from last week.,Y,N,TAG-2622,aisha.ashby@examplecorp.test,2024-06-03 09:12:00,rahul.ford@demomail.test,Rowan Silva,Diego Nguyen,Morgan Whitfield,,TAG-5742,,priya.reyes@demomail.test,,drew.garcia@examplecorp.test,Skyler Calder,Y,9.1,2.6,4.8,Elena Larsson,2025-05-20 23:59:00,3131,9253,Beta,Beta,Alpha,TAG-5865,3088,3201,Skyler Mercer,,,,,8522,8463,Yara Garcia,2025-04-25 09:05:00,8161,3541,Gamma,Beta,Delta,Standard,Drew Garcia,494,,,,,653,3304,5272,Y,,,,Other,Discussed timeline and next steps with the account.,,taylor.costa@examplecorp.test,,Aligned on billing and renewal terms.,avery.nguyen@examplecorp.test,morgan.dorsey@sampleco.test,,100134,,101215,,100619,,,101501,,100026,,skyler.blake@sampleco.test,Avery Reyes,Y,Vertex Networks LLP,100058,LOT-6534,101490,Skyler Garcia,101655,,TAG-4670,100966
700231,100068,Customer Management,100743,Customer Success Check-In,Draft,Scheduled a check-in for the coming month.,N,N,LOT-3851,emerson.calder@acme-fake.test,2024-07-25 08:31:00,chen.costa@demomail.test,Chen Nguyen,Avery Larsson,,,REF-6676,Casey Whitfield,nina.blake@sampleco.test,Taylor Blake,nina.mensah@examplecorp.test,Omar Mensah,Y,3.0,5.2,7.9,Drew Reyes,2024-12-25 00:46:00,7884,8317,Standard,Standard,Delta,REF-6656,9242,396,Riley Sato,,,,,7154,9666,Chen Mensah,2023-04-23 08:42:00,488,8806,Beta,Gamma,Other,Alpha,Jordan Mercer,6664,,,,,7791,877,,N,,,Delta,Gamma,Scheduled a check-in for the coming month.,,sofia.reyes@demomail.test,,Followed up on the open items from last week.,drew.dorsey@sampleco.test,yara.vance@sampleco.test,,100476,,101259,,100624,,,,,,,diego.calder@sampleco.test,Aisha Patel,Y,Vertex Retail Ltd,100162,SKU-3160,101753,Taylor Brooks,100879,,,101497
700232,100484,Customer Management,100217,Quarterly Review,Final,Shared the updated proposal for review.,N,Y,TAG-6131,morgan.brooks@demomail.test,2023-10-17 13:19:00,quinn.whitfield@sampleco.test,Priya Okafor,Alex Ford,Quinn Blake,,,Jordan Okafor,morgan.mercer@acme-fake.test,Noah Haddad,riley.nguyen@acme-fake.test,Marco Vance,N,4.5,9.3,5.5,Taylor Larsson,2023-10-19 19:06:00,856,6610,Standard,Other,Delta,LOT-9529,4268,6173,Jordan Ashby,,,,,4562,7622,Morgan Kim,2025-10-13 19:05:00,4504,8702,Delta,,Beta,Gamma,Chen Mensah,9308,,,,,2747,6692,2113,N,,,,Other,Discussed timeline and next steps with the account.,,riley.ivanov@sampleco.test,,Resolved the outstanding question about scope.,riley.ivanov@acme-fake.test,mei.mercer@examplecorp.test,,100204,,101293,,100094,,,,,,,drew.sato@acme-fake.test,Omar Rossi,N,Summit Robotics,100361,SKU-2620,101012,Drew Blake,101220,,,101790
700233,100568,Resource Care,100087,Quarterly Review,Final,Aligned on billing and renewal terms.,Y,Y,TAG-4065,skyler.reyes@demomail.test,2022-10-07 22:27:00,elena.okafor@acme-fake.test,Drew Ivanov,Drew Brooks,,,REF-6626,Sofia Brooks,marco.vance@acme-fake.test,Liam Rossi,noah.okafor@examplecorp.test,,N,9.6,6.8,6.3,Drew Ashby,2025-06-04 11:49:00,7120,6947,Other,Alpha,Beta,TAG-8457,5432,6058,Mei Vance,,,,,2982,9152,Aisha Sato,2024-04-29 06:45:00,6559,6658,,Standard,Beta,Gamma,Skyler Costa,5969,,,,,6228,,4214,Y,,,,,Shared the updated proposal for review.,,marco.kim@acme-fake.test,,Shared the updated proposal for review.,morgan.patel@sampleco.test,casey.ford@sampleco.test,,100335,,101447,,100181,,,101312,,100196,,omar.ashby@acme-fake.test,Liam Mensah,Y,Brightpath Capital Ltd,100292,REF-8000,101409,Jordan Cohen,101331,,,101618
700234,100758,Customer Management,100762,Quarterly Review,Final,Reviewed performance and gathered feedback.,N,N,REF-1063,rahul.haddad@demomail.test,2026-06-02 14:22:00,liam.okafor@sampleco.test,Liam Patel,Drew Nguyen,Riley Vance,,REF-4778,Alex Costa,noah.rossi@acme-fake.test,Quinn Whitfield,mei.sloan@examplecorp.test,Reese Haddad,N,7.0,3.4,5.3,Sofia Sloan,2026-03-16 06:30:00,7454,5803,Beta,Other,Delta,LOT-6423,6721,8835,Emerson Vance,,,,,9049,7892,Mei Whitfield,2023-12-18 19:23:00,4188,5511,Other,Standard,Other,Standard,Avery Okafor,1258,,,,,2482,341,2587,N,,,,Alpha,Discussed timeline and next steps with the account.,,omar.costa@examplecorp.test,,Resolved the outstanding question about scope.,quinn.brooks@sampleco.test,sofia.dorsey@acme-fake.test,,100332,,101767,,,,,,,100434,,nina.okafor@sampleco.test,Yara Calder,N,Blue Ridge Capital,100162,SKU-3976,101380,Drew Ashby,101190,,,101548
700235,100220,Resource Care,100273,Quarterly Review,Draft,Reviewed performance and gathered feedback.,N,Y,SKU-6684,aisha.larsson@examplecorp.test,2026-06-28 20:31:00,alex.silva@acme-fake.test,Liam Brooks,Marco Nguyen,Diego Nguyen,,SKU-1022,Priya Larsson,omar.garcia@acme-fake.test,Mei Costa,marco.mercer@examplecorp.test,Yara Reyes,Y,8.6,7.0,1.8,Rowan Sato,2025-11-12 00:42:00,5637,5343,Beta,Beta,Standard,LOT-8815,5726,6699,Morgan Ivanov,,,,,1081,6127,Avery Calder,2023-11-22 03:54:00,7245,6069,Alpha,Delta,Standard,Beta,Quinn Larsson,8928,,,,,1699,9438,4354,N,,,,Other,Scheduled a check-in for the coming month.,,fatima.nguyen@sampleco.test,,Followed up on the open items from last week.,arjun.rossi@demomail.test,mei.sato@sampleco.test,,100157,,,,100263,,,,,100555,,noah.cohen@examplecorp.test,Arjun Dorsey,N,Blue Ridge Manufacturing LLC,100671,REF-8417,101472,Yara Whitfield,101673,,,101711
700236,100658,Resource Care,100542,Customer Success Check-In,Final,Resolved the outstanding question about scope.,N,N,REF-8087,elena.whitfield@demomail.test,2026-03-23 14:10:00,rahul.reyes@demomail.test,Priya Nguyen,Mei Ashby,,,REF-8820,Drew Cohen,rahul.brooks@acme-fake.test,Taylor Kim,reese.silva@demomail.test,Omar Calder,Y,2.0,5.4,3.4,Morgan Reyes,2025-02-28 17:04:00,7046,5319,Standard,Beta,Alpha,LOT-6347,7968,1730,Marco Nguyen,,,,,7169,9087,Morgan Vance,2023-05-11 14:59:00,9807,4003,Alpha,Delta,Gamma,Delta,Quinn Okafor,553,,,,,2914,7719,6288,Y,,,,Other,Scheduled a check-in for the coming month.,,aisha.kim@sampleco.test,,Noted a concern to revisit at the next sync.,mei.nguyen@acme-fake.test,fatima.costa@sampleco.test,,100178,,,,100710,,,,,100178,,jordan.blake@acme-fake.test,Diego Larsson,N,Redwood Industries,100305,TAG-3933,100892,Diego Kim,101302,,,101784
700237,100613,Customer Management,100019,Quarterly Review,Final,Noted a concern to revisit at the next sync.,N,Y,SKU-9327,diego.larsson@acme-fake.test,2025-11-26 06:18:00,taylor.okafor@sampleco.test,Sofia Brooks,Sofia Okafor,,,REF-8497,Emerson Brooks,liam.sato@examplecorp.test,Drew Larsson,chen.reyes@sampleco.test,Emerson Sloan,N,1.0,5.9,8.8,Sofia Garcia,2024-02-13 21:08:00,286,7641,Other,Delta,Other,LOT-5568,2788,7848,Rowan Ashby,,,,,9626,7923,Priya Haddad,2023-02-11 07:36:00,8546,5323,Delta,Delta,Delta,Standard,Marco Sloan,4540,,,,,,6678,4394,N,,,,Delta,Shared the updated proposal for review.,,jordan.mercer@sampleco.test,,Shared the updated proposal for review.,jordan.sato@sampleco.test,chen.silva@demomail.test,,100359,,,,100775,,,,,,,alex.blake@sampleco.test,Chen Patel,Y,Blue Ridge Health Ltd,100435,REF-1196,101586,,101119,,,101235
700238,100386,Resource Care,100284,Customer Success Check-In,Final,Reviewed performance and gathered feedback.,Y,Y,SKU-2423,arjun.whitfield@demomail.test,2023-11-03 12:38:00,sofia.sato@demomail.test,Emerson Calder,Diego Dorsey,Mei Sato,,REF-9827,,omar.vance@demomail.test,,skyler.kim@acme-fake.test,Avery Haddad,Y,6.2,5.3,2.9,Alex Haddad,2024-12-29 23:05:00,2556,7147,Alpha,Alpha,Delta,LOT-1842,1837,8475,Jamie Ashby,,,,,5135,8278,Chen Whitfield,2025-05-29 22:02:00,9440,3266,Delta,Other,Gamma,Delta,Mei Ashby,2500,,,,,9519,7765,938,N,,,,Beta,Aligned on billing and renewal terms.,,mei.blake@acme-fake.test,,Shared the updated proposal for review.,jordan.larsson@examplecorp.test,sofia.nguyen@sampleco.test,,100247,,,,,,,101265,,100675,,rowan.ivanov@acme-fake.test,Fatima Ashby,Y,Meridian Capital Inc,100761,REF-8449,101335,Nina Blake,101007,,,100876
700239,100454,Customer Management,100028,Quarterly Review,Final,Aligned on billing and renewal terms.,Y,Y,LOT-5344,chen.ivanov@acme-fake.test,2026-07-08 10:53:00,skyler.kim@sampleco.test,Omar Mercer,Sofia Whitfield,Drew Haddad,,,,jordan.okafor@examplecorp.test,,diego.dorsey@demomail.test,Avery Dorsey,Y,4.1,9.8,7.5,Jamie Sato,2025-01-13 01:17:00,8100,8526,Other,Standard,Standard,REF-8208,8747,2606,Skyler Mensah,,,,,3322,1448,Quinn Dorsey,2026-06-04 21:48:00,5783,4770,Other,Delta,Other,Other,Aisha Ashby,6009,,,,,7161,3212,5586,N,,,,Standard,Shared the updated proposal for review.,,mei.costa@demomail.test,,Discussed timeline and next steps with the account.,taylor.larsson@demomail.test,aisha.dorsey@sampleco.test,,100153,,,,100328,,,,,100449,,alex.ford@sampleco.test,Drew Silva,N,Cardinal Ventures Inc,100770,TAG-1555,101057,Chen Okafor,101259,,,100819
700240,100087,Customer Management,100103,Customer Success Check-In,Final,Followed up on the open items from last week.,Y,N,REF-3346,chen.haddad@examplecorp.test,2023-07-02 16:59:00,priya.dorsey@sampleco.test,Emerson Kim,Rowan Nguyen,Sofia Calder,,SKU-9444,Fatima Silva,emerson.silva@sampleco.test,,avery.nguyen@sampleco.test,Riley Cohen,N,3.3,6.8,5.4,Diego Dorsey,2023-04-10 16:59:00,5825,232,Beta,Beta,Standard,LOT-9214,3594,5205,Liam Garcia,,,,,6255,3192,Arjun Dorsey,2026-05-11 09:23:00,2235,9929,Other,Standard,Delta,Other,Fatima Calder,474,,,,,2595,4611,9376,Y,LOT-5368,,,Gamma,Scheduled a check-in for the coming month.,,chen.garcia@demomail.test,,Shared the updated proposal for review.,mei.cohen@demomail.test,drew.sloan@acme-fake.test,,100582,,101001,,100495,,,101059,,100401,,aisha.brooks@examplecorp.test,Arjun Brooks,Y,Horizon Dynamics LLC,100696,REF-4093,101745,Rahul Sato,100893,,,101235
700241,100787,Resource Care,100578,Quarterly Review,Final,Resolved the outstanding question about scope.,Y,N,SKU-3624,liam.calder@sampleco.test,2025-04-18 15:39:00,liam.sato@demomail.test,Casey Costa,Riley Sato,Nina Larsson,,SKU-2927,Casey Costa,reese.ivanov@acme-fake.test,,riley.reyes@sampleco.test,Yara Mensah,Y,1.2,7.1,5.0,Casey Ivanov,2023-10-04 00:52:00,8959,5225,Alpha,Beta,Standard,REF-2799,3401,5510,Yara Kim,,,,,8223,3772,Chen Ford,2022-12-16 22:26:00,6663,7537,Beta,Beta,Standard,Gamma,Nina Ford,9329,,,,,4373,7576,6475,N,,,,Beta,Aligned on billing and renewal terms.,,priya.ivanov@sampleco.test,,Scheduled a check-in for the coming month.,sofia.costa@sampleco.test,liam.sloan@examplecorp.test,,100281,,101065,,100540,,,101346,,100739,,casey.nguyen@sampleco.test,Liam Ford,N,Granite Partners Corp,100128,LOT-3811,101043,Reese Costa,101758,,,101361
700242,100204,Resource Care,100648,Wellness Check-In,Final,Noted a concern to revisit at the next sync.,Y,N,REF-3494,jordan.okafor@examplecorp.test,2024-05-14 10:10:00,taylor.brooks@acme-fake.test,Rahul Ford,Morgan Ivanov,Sofia Calder,,TAG-2843,Elena Ford,rowan.reyes@sampleco.test,Reese Haddad,drew.okafor@examplecorp.test,Noah Sloan,Y,4.5,5.3,3.5,Fatima Haddad,2025-10-08 21:31:00,1914,6013,Delta,Alpha,Beta,TAG-4977,5085,8712,Sofia Cohen,,,,,2084,9147,Priya Haddad,2025-06-19 08:20:00,970,,Delta,Standard,Standard,Other,Arjun Ivanov,1935,,,,,718,8565,1297,N,,,,Gamma,Reviewed performance and gathered feedback.,,riley.okafor@demomail.test,,Resolved the outstanding question about scope.,liam.rossi@demomail.test,diego.sloan@demomail.test,,100651,,101306,,,,,,,,,noah.cohen@examplecorp.test,Taylor Cohen,N,Granite Foods Co,100375,LOT-8646,101306,Riley Costa,100981,,,101678
700243,100224,Customer Management,100528,Wellness Check-In,Final,Reviewed performance and gathered feedback.,Y,Y,REF-6403,quinn.haddad@demomail.test,2024-03-28 02:40:00,taylor.calder@demomail.test,Elena Mensah,Nina Garcia,Morgan Sloan,,,,rowan.brooks@acme-fake.test,Jordan Ashby,morgan.sato@demomail.test,Riley Patel,N,7.2,5.3,7.7,Noah Okafor,2025-08-22 23:15:00,8805,4991,Other,Alpha,Standard,TAG-4160,654,5913,Elena Cohen,,,,,3238,1105,,2025-01-13 07:50:00,4296,7002,Delta,Beta,Alpha,Standard,Omar Nguyen,9982,,,,,6249,2964,7494,N,,,,Alpha,Reviewed performance and gathered feedback.,,rahul.sato@examplecorp.test,,Discussed timeline and next steps with the account.,marco.vance@sampleco.test,jamie.mercer@acme-fake.test,,100021,,101097,,,,,101582,,100252,,chen.vance@demomail.test,Jordan Kim,N,Northwind Textiles Ltd,100564,LOT-1957,101046,Arjun Garcia,101688,,,101393
700244,100378,Resource Care,100058,Wellness Check-In,Draft,Followed up on the open items from last week.,N,Y,SKU-9424,aisha.silva@examplecorp.test,2024-02-26 18:29:00,alex.haddad@demomail.test,Fatima Vance,Drew Calder,,,REF-4571,,chen.reyes@demomail.test,Riley Blake,alex.nguyen@examplecorp.test,Emerson Sato,Y,3.8,5.1,6.9,Emerson Vance,2024-02-23 02:32:00,774,3753,Gamma,Other,Beta,LOT-1138,3448,8896,Marco Whitfield,,,,,4052,5694,Riley Rossi,2026-05-22 06:57:00,4033,7031,Gamma,Standard,Other,,Skyler Haddad,8178,,,,,3312,8933,9448,Y,,,,,Reviewed performance and gathered feedback.,,arjun.costa@sampleco.test,,Noted a concern to revisit at the next sync.,quinn.cohen@examplecorp.test,rowan.rossi@acme-fake.test,,100494,,101481,,100765,,,101746,,,,noah.ford@examplecorp.test,Avery Larsson,Y,Atlas Labs Inc,100453,TAG-5430,101429,Fatima Kim,101079,,,101784
700245,100277,Customer Management,100694,Customer Success Check-In,Final,Shared the updated proposal for review.,Y,Y,TAG-6523,rahul.kim@sampleco.test,2023-12-23 02:45:00,mei.vance@sampleco.test,Priya Rossi,Drew Mercer,Omar Brooks,,REF-5730,Rowan Haddad,reese.rossi@examplecorp.test,Casey Sloan,rowan.silva@acme-fake.test,,Y,1.6,8.5,9.7,Chen Reyes,2025-10-13 07:28:00,5243,1846,Gamma,Delta,Alpha,TAG-1476,682,6358,Omar Haddad,,,,,5520,6212,Jamie Vance,2024-03-11 22:13:00,5274,2742,Alpha,Standard,Delta,Other,Riley Patel,7875,,,,,9937,2331,2837,Y,,,,Delta,Noted a concern to revisit at the next sync.,,yara.blake@examplecorp.test,,Discussed timeline and next steps with the account.,elena.whitfield@examplecorp.test,mei.rossi@sampleco.test,,100118,,,,100559,,,,,100165,,fatima.vance@sampleco.test,Mei Costa,N,Atlas Holdings Group,100396,LOT-2133,101563,Fatima Ashby,100929,,,101296
700246,100629,Customer Management,100229,Customer Success Check-In,Final,Followed up on the open items from last week.,N,Y,REF-9349,liam.patel@acme-fake.test,2024-01-07 01:50:00,jamie.whitfield@examplecorp.test,Morgan Silva,Nina Ashby,Morgan Ashby,,REF-5567,Chen Kim,marco.kim@examplecorp.test,Chen Haddad,skyler.okafor@demomail.test,,Y,1.4,2.2,9.7,Skyler Calder,2024-01-06 01:16:00,3379,2370,Alpha,Delta,Gamma,TAG-4906,3266,9690,Fatima Haddad,,,,,7484,6827,Omar Costa,2023-04-04 07:48:00,7073,8716,Standard,Delta,Beta,Delta,Alex Nguyen,9587,,,,,9861,9121,8162,N,,,,Delta,Aligned on billing and renewal terms.,,aisha.dorsey@acme-fake.test,,Resolved the outstanding question about scope.,casey.rossi@demomail.test,priya.nguyen@demomail.test,,100386,,101447,,100303,,,,,,,omar.mercer@acme-fake.test,Reese Larsson,N,Beacon Textiles Group,100003,SKU-8151,101542,Sofia Cohen,101069,,,101187
700247,100278,Customer Management,100233,Customer Success Check-In,Final,Followed up on the open items from last week.,N,N,SKU-2329,yara.kim@examplecorp.test,2024-12-10 13:28:00,rowan.garcia@acme-fake.test,Yara Mensah,Alex Silva,Rowan Reyes,,REF-6652,Chen Ivanov,jamie.reyes@acme-fake.test,Quinn Dorsey,diego.reyes@acme-fake.test,Nina Reyes,N,7.6,5.9,3.9,Noah Ford,2025-02-20 01:33:00,2861,8572,Beta,Beta,Delta,TAG-7191,2753,3576,Diego Silva,,,,,9502,2398,Nina Mensah,2025-12-16 11:14:00,4705,2156,Delta,Other,Delta,Alpha,Noah Silva,,,,,,170,1177,9623,N,,,,Beta,Reviewed performance and gathered feedback.,,fatima.ivanov@acme-fake.test,,Aligned on billing and renewal terms.,quinn.patel@acme-fake.test,reese.ashby@sampleco.test,,100751,,,,100634,,,,,100005,,skyler.nguyen@demomail.test,Quinn Vance,Y,Vertex Dynamics Corp,100386,TAG-9106,101552,,101094,Other,,100882
700248,100721,Customer Management,100635,Wellness Check-In,Final,Aligned on billing and renewal terms.,Y,N,REF-4252,priya.brooks@acme-fake.test,2025-07-18 20:46:00,liam.blake@examplecorp.test,Yara Dorsey,Quinn Okafor,,,REF-1592,,emerson.silva@sampleco.test,Casey Okafor,rahul.dorsey@demomail.test,Jamie Mensah,N,2.9,8.4,3.5,Mei Kim,2024-03-02 12:41:00,6286,5852,Gamma,Beta,Standard,TAG-6270,6521,7909,Nina Sloan,,,,,3488,8378,Skyler Okafor,2022-10-21 02:41:00,4779,7331,,Delta,Other,Alpha,Emerson Cohen,5029,,,,,7644,2369,,N,,,,Alpha,Scheduled a check-in for the coming month.,,riley.garcia@acme-fake.test,,Resolved the outstanding question about scope.,arjun.calder@sampleco.test,yara.dorsey@examplecorp.test,,100514,,100998,,,,,101698,,,,avery.vance@sampleco.test,Reese Sato,N,Cardinal Partners LLP,100247,LOT-9802,101520,Priya Ford,101086,,,101421
700249,100286,Resource Care,100484,Quarterly Review,Draft,Scheduled a check-in for the coming month.,N,N,REF-6505,noah.mensah@sampleco.test,2026-03-13 12:11:00,jordan.haddad@acme-fake.test,Aisha Brooks,Avery Dorsey,Quinn Mercer,,TAG-9281,,rowan.okafor@examplecorp.test,,reese.reyes@sampleco.test,Arjun Okafor,Y,9.4,6.6,4.8,Arjun Sloan,2023-09-12 10:05:00,993,3044,Delta,Beta,Standard,LOT-3670,2986,5253,Jamie Whitfield,,,,,375,2194,Rowan Sato,2023-10-21 09:37:00,2553,8112,Gamma,Other,Standard,Standard,,9687,,,,,7107,9481,,Y,,,,Standard,Discussed timeline and next steps with the account.,,rowan.garcia@acme-fake.test,,Followed up on the open items from last week.,casey.blake@examplecorp.test,elena.haddad@sampleco.test,,100286,,101177,,,,,,,,,nina.mercer@examplecorp.test,Rahul Nguyen,Y,Summit Analytics Ltd,100053,TAG-8415,101133,Emerson Cohen,101046,,REF-7265,101469
700250,100576,Customer Management,100606,Wellness Check-In,Final,Reviewed performance and gathered feedback.,Y,N,REF-5748,nina.blake@examplecorp.test,2023-12-24 09:28:00,omar.silva@examplecorp.test,Chen Brooks,Arjun Mercer,Liam Patel,,,Marco Ford,noah.calder@demomail.test,Fatima Cohen,chen.sloan@examplecorp.test,Avery Okafor,Y,3.7,1.1,5.1,Nina Sato,2022-11-28 11:27:00,259,6233,Delta,Alpha,Delta,LOT-6960,9449,369,Avery Cohen,,,,,6395,9595,Drew Nguyen,2024-06-01 02:22:00,1380,3917,Delta,Standard,Beta,Gamma,Reese Ford,,,,,,8526,,,N,,,,Gamma,Discussed timeline and next steps with the account.,,skyler.sloan@examplecorp.test,,Reviewed performance and gathered feedback.,noah.patel@acme-fake.test,nina.reyes@sampleco.test,,100540,,101276,,100429,,,100926,,100281,,sofia.silva@examplecorp.test,Noah Haddad,N,Keystone Industries Inc,100071,LOT-9120,101138,Avery Reyes,101631,,,101191
700251,100721,Resource Care,100009,Quarterly Review,Final,Reviewed performance and gathered feedback.,N,N,TAG-8497,arjun.nguyen@demomail.test,2025-11-22 23:07:00,fatima.ashby@acme-fake.test,Arjun Rossi,Arjun Calder,,,LOT-3651,Skyler Kim,priya.nguyen@demomail.test,Liam Mensah,aisha.brooks@demomail.test,Mei Nguyen,Y,6.6,3.8,4.3,Elena Ashby,2025-03-20 12:32:00,7468,2027,Delta,Alpha,Delta,TAG-7941,6602,7983,Reese Blake,,,,,5502,7776,Omar Ashby,2023-02-07 10:39:00,9222,4734,Alpha,Standard,Alpha,Other,Rahul Dorsey,,,,,,4688,1762,1122,Y,,,,Delta,Aligned on billing and renewal terms.,,skyler.ford@sampleco.test,,Discussed timeline and next steps with the account.,nina.haddad@examplecorp.test,rowan.brooks@demomail.test,,100050,,100896,,,,,101698,,,,yara.whitfield@examplecorp.test,Liam Dorsey,N,Northwind Retail LLP,100423,TAG-3207,101733,Reese Patel,100956,,,101238
700252,100428,Resource Care,100260,Wellness Check-In,Final,Discussed timeline and next steps with the account.,Y,N,SKU-7547,elena.vance@demomail.test,2025-10-01 13:49:00,sofia.patel@acme-fake.test,Taylor Costa,Riley Blake,Omar Rossi,,REF-3834,Taylor Dorsey,drew.kim@sampleco.test,,alex.brooks@examplecorp.test,Rowan Sato,N,4.5,6.4,4.7,Mei Garcia,2026-07-29 17:09:00,24,3673,Beta,Standard,Gamma,SKU-5905,9979,5972,Diego Ashby,,,,,2318,5132,Yara Garcia,2024-09-20 03:04:00,7265,3717,Standard,Gamma,Standard,Alpha,Reese Haddad,7509,,,,,2025,8212,504,N,,,,Delta,Reviewed performance and gathered feedback.,,riley.sato@acme-fake.test,,Reviewed performance and gathered feedback.,quinn.whitfield@sampleco.test,priya.ford@demomail.test,,100667,,100909,,100643,,,101711,,,,casey.rossi@examplecorp.test,Yara Ivanov,Y,Copper Retail,100740,TAG-4621,101771,Morgan Garcia,101420,,,101631
700253,100490,Customer Management,100145,Wellness Check-In,Final,Reviewed performance and gathered feedback.,N,N,TAG-7340,priya.ashby@acme-fake.test,2023-06-04 03:18:00,avery.sato@examplecorp.test,Nina Ivanov,Skyler Dorsey,Alex Blake,,REF-2386,,reese.ivanov@examplecorp.test,Liam Whitfield,nina.nguyen@examplecorp.test,Yara Patel,N,1.8,9.0,1.3,Skyler Dorsey,2024-07-18 20:03:00,6057,4577,Delta,Beta,Beta,SKU-4671,9940,3227,Sofia Dorsey,,,,,5582,1402,Arjun Garcia,2023-06-17 04:15:00,6898,6904,Other,Standard,Gamma,Beta,Reese Costa,1704,,,,,9840,2929,3035,Y,,,,Beta,Resolved the outstanding question about scope.,,omar.brooks@acme-fake.test,,Discussed timeline and next steps with the account.,diego.sato@acme-fake.test,avery.reyes@examplecorp.test,,100405,,101636,,,,,101606,,100442,,quinn.okafor@demomail.test,Nina Haddad,N,Ironwood Foods Co,100601,TAG-5814,101000,Elena Reyes,101320,,,101719
700254,100552,Customer Management,100596,Quarterly Review,Draft,Shared the updated proposal for review.,N,Y,LOT-3205,arjun.ashby@acme-fake.test,2025-08-28 18:42:00,quinn.kim@acme-fake.test,Elena Rossi,Sofia Rossi,Marco Sato,,TAG-1387,Arjun Garcia,casey.silva@sampleco.test,,quinn.nguyen@sampleco.test,Nina Brooks,Y,4.6,8.2,5.3,Liam Patel,2025-03-18 10:55:00,8847,2955,Other,Standard,Other,TAG-4104,4362,1622,Taylor Sloan,,,,,4760,9108,Chen Vance,2024-03-05 02:55:00,501,8401,Gamma,Beta,Other,Beta,Fatima Cohen,2817,,,,,4597,9994,4762,N,,,,Delta,Shared the updated proposal for review.,,emerson.brooks@sampleco.test,,Aligned on billing and renewal terms.,chen.mensah@acme-fake.test,rowan.ivanov@examplecorp.test,,100350,,101448,,100401,,,100802,,,,diego.vance@acme-fake.test,Emerson Mercer,N,Copper Solutions Co,100106,REF-4796,101200,Marco Silva,100893,,,101354
700255,100196,Customer Management,100005,Customer Success Check-In,Final,Shared the updated proposal for review.,Y,N,TAG-2881,jordan.haddad@sampleco.test,2023-04-16 10:42:00,quinn.patel@examplecorp.test,Chen Blake,Jamie Calder,,,REF-5942,,yara.nguyen@examplecorp.test,,arjun.cohen@acme-fake.test,Omar Brooks,N,6.4,7.3,4.8,Casey Mensah,2022-12-02 06:02:00,7471,1838,Standard,Delta,Standard,TAG-3542,6484,4282,Alex Ford,,,,,7365,8798,Noah Calder,2023-05-11 10:52:00,580,2149,Beta,Other,Other,Alpha,Liam Reyes,9909,,,,,,7399,5701,Y,,,,Alpha,,,liam.vance@sampleco.test,,Scheduled a check-in for the coming month.,rahul.costa@sampleco.test,riley.dorsey@sampleco.test,,100439,,,,,,,101256,,100229,,elena.cohen@sampleco.test,Mei Haddad,N,Pioneer Dynamics Inc,100415,SKU-4546,100805,Marco Garcia,101210,,,100834
700256,100257,Customer Management,100250,Quarterly Review,Final,Resolved the outstanding question about scope.,Y,N,LOT-3622,omar.costa@sampleco.test,2024-10-01 11:30:00,chen.vance@examplecorp.test,Marco Blake,Riley Kim,Omar Haddad,,SKU-5521,Chen Costa,liam.silva@acme-fake.test,Casey Brooks,arjun.calder@demomail.test,Diego Ford,N,6.3,8.5,9.8,Quinn Rossi,2024-07-20 09:12:00,7243,4250,Standard,Delta,Beta,REF-3181,2846,1041,Priya Nguyen,,,,,1786,5922,Liam Ashby,2026-07-09 15:04:00,4195,9058,Gamma,Gamma,Alpha,,Riley Calder,2442,,,,,7215,9043,3629,Y,,,,Standard,Scheduled a check-in for the coming month.,,sofia.sato@examplecorp.test,,Noted a concern to revisit at the next sync.,elena.costa@examplecorp.test,sofia.haddad@sampleco.test,,100076,,,,100671,,,101677,,100776,,rowan.silva@sampleco.test,Taylor Mercer,N,Cobalt Media Corp,100652,SKU-1899,101048,Taylor Dorsey,101682,,,101086
700257,100372,Customer Management,100005,Customer Success Check-In,Final,Shared the updated proposal for review.,Y,Y,LOT-7181,reese.dorsey@demomail.test,2025-08-10 20:25:00,taylor.cohen@sampleco.test,Mei Sloan,Diego Costa,Avery Kim,,SKU-6092,Skyler Silva,alex.silva@sampleco.test,,jordan.silva@sampleco.test,,Y,3.5,2.5,5.4,Liam Reyes,2026-06-23 14:44:00,1290,7634,Other,Delta,Alpha,LOT-1647,3190,3682,Jamie Haddad,,,,,782,2050,Avery Nguyen,2026-07-01 21:42:00,5841,1068,Alpha,Other,Gamma,Other,Aisha Garcia,4406,,,,,5134,8006,4624,Y,,,,,,,jamie.mensah@examplecorp.test,,Resolved the outstanding question about scope.,avery.haddad@acme-fake.test,alex.okafor@acme-fake.test,,100441,,,,100400,,,,,100224,,emerson.rossi@sampleco.test,Casey Mercer,N,Beacon Foods Corp,100468,LOT-7505,101563,Morgan Sloan,101281,,,100913
700258,100003,Customer Management,100365,Wellness Check-In,Final,Noted a concern to revisit at the next sync.,N,N,SKU-9439,skyler.garcia@demomail.test,2023-01-21 09:01:00,priya.silva@sampleco.test,Rahul Reyes,Nina Vance,,,,Taylor Rossi,marco.reyes@acme-fake.test,,yara.okafor@demomail.test,Jordan Dorsey,N,1.9,9.2,3.9,Fatima Costa,2023-10-31 00:19:00,231,4779,Other,Gamma,Delta,REF-8362,5694,5917,Taylor Whitfield,,,,,4749,3268,Casey Costa,2024-07-18 20:29:00,768,2821,Delta,,Other,Delta,Aisha Ford,6869,,,,,8309,4408,6364,N,,,,Other,Discussed timeline and next steps with the account.,,arjun.nguyen@demomail.test,,Noted a concern to revisit at the next sync.,quinn.vance@demomail.test,aisha.mensah@examplecorp.test,,100291,,101727,,100087,,,,,100009,,drew.blake@examplecorp.test,Nina Vance,Y,Meridian Labs Corp,100656,REF-9689,101344,Drew Dorsey,101500,,,101614
700259,100727,Customer Management,100211,Wellness Check-In,Final,Followed up on the open items from last week.,N,N,TAG-7172,omar.larsson@acme-fake.test,2025-08-18 02:13:00,reese.dorsey@examplecorp.test,Marco Haddad,Fatima Costa,Taylor Larsson,,SKU-1967,Diego Ford,arjun.nguyen@acme-fake.test,Emerson Costa,casey.garcia@acme-fake.test,,N,7.8,6.4,7.7,Omar Mercer,2026-01-28 05:18:00,4210,9082,Beta,Other,Standard,TAG-1384,9285,3025,Fatima Ivanov,,,,,2319,1402,Rowan Reyes,2025-08-11 05:40:00,,8321,Delta,Gamma,Delta,Gamma,Fatima Mensah,2404,,,,,8115,2607,2312,Y,,,,Alpha,Scheduled a check-in for the coming month.,,marco.ivanov@demomail.test,,Aligned on billing and renewal terms.,noah.mercer@demomail.test,jamie.haddad@sampleco.test,,100118,,,,100446,,,101673,,100076,,quinn.cohen@acme-fake.test,Avery Patel,Y,Beacon Textiles Inc,100645,TAG-7321,101210,,101371,,,100860
700260,100035,Resource Care,100153,Quarterly Review,Final,Scheduled a check-in for the coming month.,Y,N,TAG-8420,skyler.blake@acme-fake.test,2024-04-14 10:56:00,quinn.blake@examplecorp.test,Diego Reyes,Fatima Nguyen,Alex Rossi,,,Rowan Costa,jordan.rossi@acme-fake.test,Reese Whitfield,rowan.ashby@examplecorp.test,,Y,3.0,8.0,1.6,Rowan Patel,2022-10-06 21:08:00,8341,8142,Other,Alpha,Alpha,SKU-2737,7976,5413,Rowan Whitfield,,,,,290,9259,Mei Mercer,2024-02-06 07:13:00,3269,6391,Beta,Gamma,Other,Beta,Nina Sloan,2897,,,,,7753,7883,4701,Y,,,Other,Beta,Reviewed performance and gathered feedback.,,drew.dorsey@demomail.test,,Shared the updated proposal for review.,sofia.ashby@sampleco.test,jamie.mensah@demomail.test,,100035,,101282,,,,,,,100528,,rowan.brooks@acme-fake.test,Liam Mercer,N,Cardinal Solutions Inc,100435,TAG-4869,100972,,100928,,,101376
700261,100009,Resource Care,100529,Wellness Check-In,Final,Reviewed performance and gathered feedback.,Y,N,SKU-5173,elena.whitfield@demomail.test,2026-02-15 07:56:00,nina.mensah@examplecorp.test,Reese Rossi,Riley Brooks,,,LOT-6590,Skyler Ivanov,rahul.calder@examplecorp.test,Noah Silva,casey.patel@examplecorp.test,,Y,1.8,4.0,4.1,Riley Brooks,2024-03-24 01:59:00,1525,3485,Beta,Beta,Beta,LOT-9899,8746,6346,Casey Kim,,,,,2631,2133,Riley Sato,2025-05-18 07:54:00,5590,4108,Gamma,Alpha,Beta,Standard,Casey Whitfield,5173,,,,,6878,6026,9714,Y,,,,Gamma,Scheduled a check-in for the coming month.,,nina.mensah@sampleco.test,,Noted a concern to revisit at the next sync.,sofia.sato@sampleco.test,rowan.cohen@examplecorp.test,,100371,,101084,,,,,,,,,alex.blake@demomail.test,,Y,Keystone Ventures,100445,REF-3603,100928,Quinn Brooks,101069,,,100802
700262,100147,Customer Management,100067,Wellness Check-In,Final,Followed up on the open items from last week.,Y,N,TAG-2628,alex.calder@sampleco.test,2023-12-27 14:19:00,elena.dorsey@sampleco.test,Chen Vance,Emerson Blake,Chen Ashby,,LOT-9520,Liam Sato,reese.haddad@examplecorp.test,Alex Ivanov,rahul.haddad@examplecorp.test,Quinn Rossi,N,2.0,2.5,6.0,Mei Patel,2026-03-26 19:24:00,987,9576,Gamma,Alpha,Alpha,REF-9021,2272,1351,Quinn Larsson,,,,,5784,5119,Rowan Okafor,2026-02-08 11:46:00,9711,1662,Delta,Other,Gamma,,Priya Mensah,6641,,,,,763,3972,2663,Y,,,,Gamma,Scheduled a check-in for the coming month.,,skyler.nguyen@sampleco.test,,Followed up on the open items from last week.,noah.costa@examplecorp.test,jordan.larsson@acme-fake.test,,100094,,,,,,,,,100471,,morgan.okafor@examplecorp.test,Jamie Garcia,N,Keystone Logistics,100385,SKU-2402,100815,,101038,,,100815
700263,100079,Resource Care,100007,Wellness Check-In,Draft,Scheduled a check-in for the coming month.,Y,N,SKU-9801,priya.nguyen@sampleco.test,2025-12-30 18:50:00,casey.cohen@demomail.test,Mei Nguyen,Jordan Garcia,Rowan Ford,,REF-8458,Reese Kim,riley.ford@acme-fake.test,Drew Reyes,omar.brooks@acme-fake.test,,N,6.6,8.6,6.3,Nina Haddad,2025-04-27 18:31:00,2315,8656,Standard,Gamma,Standard,REF-1051,3064,3030,Mei Costa,,,,,9678,4039,Drew Dorsey,2023-11-14 16:54:00,3763,2042,Other,Standard,Gamma,Beta,,2626,,,,,,6425,9530,N,REF-5476,,,Beta,Noted a concern to revisit at the next sync.,,morgan.nguyen@demomail.test,,Noted a concern to revisit at the next sync.,skyler.patel@sampleco.test,sofia.brooks@demomail.test,,100210,,101505,,100467,,,101496,,,,alex.calder@examplecorp.test,Marco Haddad,Y,Silverline Energy LLC,100221,TAG-8700,101500,Marco Haddad,101207,,SKU-6853,100810
700264,100355,Resource Care,100188,Customer Success Check-In,Final,Aligned on billing and renewal terms.,N,Y,REF-1368,drew.calder@sampleco.test,2025-07-16 02:43:00,emerson.blake@acme-fake.test,Mei Blake,Chen Vance,Noah Costa,,REF-5604,,morgan.mensah@acme-fake.test,Arjun Sato,jamie.mensah@examplecorp.test,Omar Patel,Y,8.1,4.6,7.7,Morgan Costa,2026-04-30 05:39:00,5521,9406,Other,Standard,Beta,TAG-2247,3031,7764,Omar Sloan,,,,,3403,9963,Priya Larsson,2026-07-24 02:10:00,3937,5963,Beta,Delta,Gamma,Beta,Alex Mercer,101,,,,,2174,9566,6251,Y,,,,Other,,,quinn.ford@examplecorp.test,,Reviewed performance and gathered feedback.,skyler.ashby@acme-fake.test,alex.vance@examplecorp.test,,100683,,101238,,,,,101128,,100275,,riley.dorsey@sampleco.test,Noah Reyes,Y,Redwood Networks Ltd,100407,LOT-3863,100850,Alex Vance,101601,Delta,,100884
700265,100495,Resource Care,100061,Customer Success Check-In,Final,Discussed timeline and next steps with the account.,N,N,REF-6713,yara.nguyen@examplecorp.test,2023-04-17 09:53:00,elena.cohen@acme-fake.test,Jamie Rossi,Diego Mensah,Marco Kim,,SKU-7862,,taylor.cohen@examplecorp.test,Priya Vance,drew.sato@demomail.test,Chen Dorsey,N,3.5,7.3,2.1,Rowan Mercer,2026-06-01 17:16:00,3474,9258,Gamma,Standard,Alpha,LOT-1509,3142,1682,Chen Patel,,,,,2994,632,Jordan Ivanov,2025-07-29 20:48:00,5110,8621,Standard,Alpha,Delta,Beta,Morgan Vance,2920,,,,,498,1930,1278,Y,,,,Standard,Noted a concern to revisit at the next sync.,,arjun.okafor@sampleco.test,,Scheduled a check-in for the coming month.,jamie.rossi@sampleco.test,taylor.ashby@demomail.test,,100224,,101210,,,,,,,100233,,morgan.costa@demomail.test,Fatima Costa,N,Ironwood Group LLP,100704,SKU-5660,101120,Casey Silva,100800,,,101017
700266,100021,Customer Management,100503,Customer Success Check-In,Final,Reviewed performance and gathered feedback.,Y,N,REF-8169,reese.sato@acme-fake.test,2024-12-25 19:50:00,jamie.calder@sampleco.test,Alex Larsson,Mei Ivanov,Noah Ashby,,,Morgan Reyes,casey.sloan@acme-fake.test,Omar Mensah,nina.kim@acme-fake.test,Noah Ashby,Y,2.8,6.6,2.9,Quinn Ashby,2022-11-21 02:22:00,5984,7824,Alpha,Standard,Beta,SKU-7637,1087,8318,Priya Garcia,,,,,5512,2154,Aisha Garcia,2024-05-15 09:03:00,8051,9830,Delta,Other,Delta,Other,Quinn Larsson,6292,,,,,9467,8744,1841,N,,,,Delta,,,rahul.calder@examplecorp.test,,Shared the updated proposal for review.,morgan.costa@demomail.test,sofia.dorsey@demomail.test,,100473,,101026,,100664,,,101115,,,,diego.calder@examplecorp.test,,Y,Atlas Manufacturing Ltd,100260,REF-7096,101059,Chen Mercer,101666,,,101643
700267,100339,Resource Care,100604,Wellness Check-In,Final,Aligned on billing and renewal terms.,N,N,REF-5089,jordan.garcia@acme-fake.test,2023-01-18 16:52:00,sofia.vance@demomail.test,Morgan Patel,Riley Cohen,,,SKU-9318,Taylor Ashby,chen.kim@sampleco.test,Jordan Ivanov,quinn.vance@sampleco.test,Diego Mercer,N,1.4,3.6,3.2,Avery Ivanov,2025-08-03 00:07:00,549,111,Alpha,Other,Standard,SKU-5428,3821,9336,Elena Costa,,,,,3335,7482,Noah Mercer,2023-01-23 13:32:00,4387,1622,Gamma,,Gamma,Alpha,Jamie Dorsey,,,,,,9735,4214,7352,Y,,,,Alpha,,,marco.mercer@acme-fake.test,,Resolved the outstanding question about scope.,fatima.nguyen@demomail.test,drew.sato@examplecorp.test,,100762,,101341,,,,,101386,,,,aisha.calder@acme-fake.test,Emerson Mercer,Y,Harbor Holdings LLP,100305,TAG-8389,101760,Omar Nguyen,101424,,,101173
700268,100038,Customer Management,100495,Wellness Check-In,Draft,Followed up on the open items from last week.,N,Y,REF-6356,jamie.calder@examplecorp.test,2022-12-06 03:08:00,elena.okafor@acme-fake.test,Omar Ashby,Jordan Kim,Mei Haddad,,TAG-2531,,morgan.whitfield@demomail.test,Omar Blake,jamie.kim@examplecorp.test,,N,7.1,8.7,2.5,Rowan Ivanov,2023-02-13 13:30:00,1830,1483,Beta,Delta,Other,LOT-2540,2753,4337,Drew Vance,,,,,9317,3468,,2023-02-26 10:34:00,8329,9145,Standard,,Gamma,Beta,Diego Vance,6688,,,,,2089,7121,7757,N,,Standard,,Gamma,Shared the updated proposal for review.,,nina.larsson@sampleco.test,,Noted a concern to revisit at the next sync.,rahul.kim@acme-fake.test,morgan.ford@demomail.test,,100678,,101041,,100012,,,,,100434,,nina.whitfield@acme-fake.test,Fatima Sloan,N,Cardinal Industries Corp,100495,SKU-6537,101116,Drew Haddad,101346,,,101518
700269,100094,Resource Care,100768,Quarterly Review,Draft,Followed up on the open items from last week.,Y,N,LOT-8988,drew.garcia@sampleco.test,2023-10-02 02:37:00,riley.ivanov@demomail.test,Fatima Haddad,Liam Calder,,,REF-3827,Jordan Garcia,emerson.dorsey@examplecorp.test,Mei Vance,quinn.okafor@examplecorp.test,Riley Kim,Y,5.9,9.9,8.6,Mei Ashby,2025-07-10 21:40:00,4822,9085,Alpha,Alpha,Beta,REF-7775,3751,4617,Jamie Mensah,,,,,5934,3554,Rahul Vance,2024-04-23 01:31:00,6573,6619,,,,Alpha,Avery Silva,5983,,,,,,9750,4360,Y,,,,Alpha,Aligned on billing and renewal terms.,,elena.ashby@examplecorp.test,,Resolved the outstanding question about scope.,yara.ford@sampleco.test,taylor.vance@sampleco.test,,100012,,,,100608,,,101766,,,,yara.okafor@sampleco.test,Reese Okafor,Y,Brightpath Holdings,100478,SKU-1411,101496,Aisha Mensah,100841,,,101698
700270,100083,Resource Care,100790,Quarterly Review,Final,Noted a concern to revisit at the next sync.,N,Y,LOT-6496,avery.mensah@acme-fake.test,2023-04-01 20:53:00,rahul.cohen@examplecorp.test,Skyler Patel,Arjun Nguyen,Noah Cohen,,,,emerson.rossi@acme-fake.test,Mei Sato,quinn.nguyen@sampleco.test,Noah Ford,Y,1.4,1.3,3.1,Marco Cohen,2023-08-13 21:56:00,3449,6174,Delta,Other,Standard,TAG-6036,8700,4761,Rahul Cohen,,,,,3853,636,Sofia Brooks,2026-01-07 14:19:00,,1177,Alpha,Other,Other,Alpha,Taylor Larsson,5539,,,,,8180,6633,59,Y,,,,Beta,Noted a concern to revisit at the next sync.,,alex.ford@examplecorp.test,,Shared the updated proposal for review.,yara.calder@examplecorp.test,nina.costa@examplecorp.test,,100158,,101758,,,,,101320,,,,rahul.kim@demomail.test,Liam Patel,Y,Redwood Manufacturing Corp,100675,LOT-5351,101655,Elena Okafor,101133,Gamma,,101645
700271,100410,Customer Management,100429,Quarterly Review,Final,Followed up on the open items from last week.,N,N,TAG-8126,jordan.ford@sampleco.test,2024-02-23 01:09:00,quinn.vance@sampleco.test,Skyler Ashby,Reese Dorsey,Diego Vance,,LOT-2585,Emerson Brooks,nina.calder@examplecorp.test,,chen.sloan@demomail.test,Omar Silva,Y,4.3,5.7,5.7,Priya Garcia,2025-10-29 03:05:00,4983,2587,Gamma,Standard,Other,LOT-4381,3319,9651,Sofia Dorsey,,,,,9428,9759,Elena Costa,2025-08-28 08:35:00,,6775,Standard,Delta,Delta,Delta,Reese Rossi,1653,,,,,258,518,4288,N,,,,Other,Followed up on the open items from last week.,,emerson.blake@examplecorp.test,,Shared the updated proposal for review.,aisha.larsson@examplecorp.test,emerson.calder@sampleco.test,,100428,,101411,,,,,101225,,100383,,omar.dorsey@acme-fake.test,Reese Ford,N,Ironwood Textiles Inc,100320,LOT-7752,101026,Morgan Larsson,101027,,,101082
700272,100139,Resource Care,100624,Quarterly Review,Final,Resolved the outstanding question about scope.,Y,N,TAG-1074,casey.blake@examplecorp.test,2026-04-26 00:58:00,quinn.ivanov@demomail.test,Fatima Dorsey,Quinn Silva,Quinn Haddad,,,,yara.haddad@examplecorp.test,Riley Okafor,emerson.kim@examplecorp.test,Jamie Reyes,N,8.7,5.3,1.2,Jamie Dorsey,2025-11-04 23:28:00,5675,411,Gamma,Alpha,Beta,TAG-2885,5612,2850,Jordan Ashby,,,,,4959,7388,Chen Patel,2024-11-14 17:48:00,4519,4737,Alpha,Beta,Gamma,Beta,Omar Whitfield,5140,,,,,7250,5700,4697,N,,,Other,Alpha,Aligned on billing and renewal terms.,,liam.haddad@sampleco.test,,Resolved the outstanding question about scope.,elena.larsson@sampleco.test,aisha.costa@demomail.test,,100660,,101739,,100689,,,101523,,100775,,casey.kim@demomail.test,Emerson Dorsey,Y,Cobalt Manufacturing Ltd,100418,LOT-4862,101079,Reese Nguyen,101606,,,101265
700273,100737,Customer Management,100182,Wellness Check-In,Final,Resolved the outstanding question about scope.,N,N,TAG-1713,reese.brooks@sampleco.test,2023-04-18 09:30:00,emerson.haddad@sampleco.test,Jordan Silva,Quinn Dorsey,Marco Mensah,,LOT-3387,Morgan Brooks,diego.costa@acme-fake.test,,priya.blake@demomail.test,,N,6.5,8.6,5.0,Reese Brooks,2025-05-02 09:52:00,6322,5793,Alpha,Alpha,Standard,REF-5806,3288,7493,Chen Ashby,,,,,7098,3431,,2024-10-30 20:45:00,3903,513,Beta,,Standard,Beta,Emerson Sato,1414,,,,,8683,2736,5856,Y,,,,,,,taylor.sato@acme-fake.test,,Aligned on billing and renewal terms.,priya.rossi@demomail.test,jamie.sato@sampleco.test,,100776,,101743,,100532,,,101067,,100357,,chen.kim@demomail.test,Emerson Whitfield,N,Vertex Networks,100231,LOT-7007,101630,Jordan Larsson,101455,,,100932
700274,100068,Resource Care,100514,Quarterly Review,Draft,Scheduled a check-in for the coming month.,Y,N,REF-8625,omar.blake@sampleco.test,2025-10-26 07:37:00,avery.silva@sampleco.test,Nina Mensah,Sofia Sloan,Rowan Patel,,TAG-6244,,reese.rossi@demomail.test,Emerson Rossi,rowan.whitfield@demomail.test,Taylor Cohen,Y,2.7,3.6,6.8,Fatima Larsson,2025-03-22 14:05:00,3183,6305,Standard,Other,Standard,REF-2309,8694,9070,Skyler Costa,,,,,6852,6500,Riley Haddad,2023-10-12 16:53:00,5141,720,Other,Gamma,Standard,Other,Aisha Okafor,6721,,,,,2492,1066,1748,N,,,Beta,Alpha,Reviewed performance and gathered feedback.,,priya.brooks@demomail.test,,Resolved the outstanding question about scope.,liam.sato@acme-fake.test,alex.okafor@examplecorp.test,,100732,,101162,,,,,,,100782,,quinn.vance@sampleco.test,Jordan Vance,Y,Keystone Systems,100616,SKU-2891,101445,,101328,,,101399
700275,100432,Resource Care,100046,Wellness Check-In,Draft,Noted a concern to revisit at the next sync.,Y,Y,LOT-6083,emerson.whitfield@acme-fake.test,2023-12-27 21:46:00,omar.cohen@sampleco.test,Fatima Dorsey,Alex Brooks,Omar Rossi,,REF-5846,Diego Costa,jordan.patel@examplecorp.test,Diego Costa,rowan.costa@examplecorp.test,Yara Calder,N,3.0,9.4,7.6,Skyler Sloan,2025-09-05 18:06:00,4468,8258,Delta,Delta,Beta,REF-6959,9511,7546,Quinn Garcia,,,,,2123,2622,Yara Nguyen,2024-04-07 21:22:00,8658,7245,Beta,Alpha,Beta,Gamma,Rahul Ashby,634,,,,,3166,9443,9124,Y,,Other,Other,Other,Resolved the outstanding question about scope.,,chen.sato@sampleco.test,,Aligned on billing and renewal terms.,nina.larsson@sampleco.test,morgan.kim@acme-fake.test,,100596,,,,100087,,,,,,,sofia.mensah@examplecorp.test,Taylor Mensah,Y,Beacon Energy LLC,100120,REF-2540,101666,Taylor Cohen,101778,,,100813
700276,100495,Customer Management,100026,Quarterly Review,Final,Reviewed performance and gathered feedback.,Y,N,SKU-4114,morgan.haddad@demomail.test,2026-07-08 06:06:00,jamie.ashby@sampleco.test,Elena Nguyen,Marco Sloan,Diego Whitfield,,,,drew.whitfield@examplecorp.test,Nina Kim,jordan.kim@sampleco.test,Reese Sloan,N,1.6,9.9,8.8,Emerson Sato,2026-01-06 09:10:00,1123,314,Alpha,Beta,Gamma,SKU-8467,6170,3278,Diego Vance,,,,,4610,4231,Riley Garcia,2025-08-03 20:05:00,,9324,Alpha,Alpha,Delta,Delta,Chen Vance,2544,,,,,8296,5327,,Y,,,,Alpha,Shared the updated proposal for review.,,yara.patel@acme-fake.test,,Noted a concern to revisit at the next sync.,diego.mercer@sampleco.test,fatima.dorsey@examplecorp.test,,100273,,100947,,,,,101483,,100155,,casey.mercer@acme-fake.test,Rahul Dorsey,N,,100314,SKU-5828,100881,Reese Nguyen,101161,,,100841
700277,100215,Customer Management,100664,Quarterly Review,Final,Scheduled a check-in for the coming month.,Y,Y,REF-3793,diego.costa@sampleco.test,2025-09-29 01:31:00,riley.reyes@sampleco.test,Taylor Dorsey,Mei Whitfield,Mei Costa,,LOT-2391,,jamie.garcia@acme-fake.test,Elena Sato,morgan.brooks@examplecorp.test,Marco Ashby,Y,9.2,3.0,2.1,Arjun Vance,2025-10-30 03:25:00,7812,652,Standard,Beta,Delta,SKU-9842,5685,5768,Rahul Sato,,,,,6147,8279,Yara Haddad,2025-12-29 20:01:00,1375,7306,Standard,Delta,Other,Standard,Taylor Ivanov,7052,,,,,7924,5975,5096,Y,,,,Standard,Scheduled a check-in for the coming month.,,mei.dorsey@acme-fake.test,,Shared the updated proposal for review.,riley.ford@examplecorp.test,noah.calder@demomail.test,,100678,,101590,,,,,,,,,elena.whitfield@sampleco.test,,Y,Brightpath Capital Ltd,100494,TAG-4209,101429,Mei Blake,101306,,,101176
700278,100750,Customer Management,100128,Customer Success Check-In,Final,Discussed timeline and next steps with the account.,Y,Y,LOT-4401,reese.sato@sampleco.test,2025-01-13 17:49:00,arjun.whitfield@acme-fake.test,Fatima Calder,Alex Silva,,,SKU-7724,Yara Mercer,fatima.cohen@examplecorp.test,Reese Blake,mei.ivanov@examplecorp.test,,Y,4.0,4.2,6.9,Yara Ivanov,2023-05-15 10:00:00,8364,2569,Standard,Alpha,Beta,REF-8166,6521,6070,Skyler Patel,,,,,8767,3987,Quinn Ashby,2024-06-18 10:37:00,2238,3213,Other,Other,Beta,Standard,Casey Sloan,1974,,,,,1072,9232,,N,,,,Beta,Shared the updated proposal for review.,,avery.ford@sampleco.test,,Followed up on the open items from last week.,avery.larsson@acme-fake.test,priya.larsson@acme-fake.test,,100516,,,,,,,,,100451,,morgan.kim@sampleco.test,Nina Reyes,Y,Evergreen Partners Ltd,100445,LOT-1519,101104,Jamie Ashby,101559,,,100863
700279,100073,Customer Management,100453,Quarterly Review,Final,Resolved the outstanding question about scope.,Y,N,SKU-8804,arjun.sloan@examplecorp.test,2025-04-14 14:28:00,rahul.dorsey@examplecorp.test,Omar Calder,Sofia Blake,Reese Sato,,,Emerson Silva,diego.cohen@sampleco.test,Jamie Silva,rowan.garcia@demomail.test,Avery Sloan,Y,7.1,7.4,5.4,Liam Mercer,2025-08-07 08:51:00,911,8424,Beta,Standard,Delta,TAG-9092,4401,4670,Elena Blake,,,,,309,5694,Mei Blake,2024-08-17 17:10:00,6974,8497,Beta,Alpha,Beta,Standard,Mei Dorsey,,,,,,,6673,8926,Y,,,,Alpha,Discussed timeline and next steps with the account.,,drew.vance@sampleco.test,,Scheduled a check-in for the coming month.,taylor.blake@examplecorp.test,marco.reyes@acme-fake.test,,100142,,101770,,100727,,,,,100253,,aisha.ashby@sampleco.test,Jordan Whitfield,N,Redwood Energy LLC,100634,LOT-5464,101530,Liam Reyes,101032,,,101160
700280,100648,Resource Care,100267,Wellness Check-In,Final,Noted a concern to revisit at the next sync.,Y,Y,LOT-2292,aisha.blake@acme-fake.test,2025-06-12 16:05:00,casey.reyes@acme-fake.test,Rowan Reyes,Chen Vance,Rahul Ford,,SKU-3728,Noah Okafor,diego.okafor@acme-fake.test,Skyler Cohen,skyler.cohen@demomail.test,Alex Rossi,N,4.2,7.6,2.8,Rahul Ford,2026-07-07 11:49:00,6134,227,Gamma,Alpha,Alpha,TAG-7354,4357,4481,Emerson Mensah,,,,,2784,7939,Marco Kim,2023-10-10 19:14:00,5550,6226,Standard,Alpha,Alpha,Alpha,Casey Okafor,5852,,,,,9742,5392,2920,Y,,,,Other,Noted a concern to revisit at the next sync.,,priya.brooks@acme-fake.test,,Discussed timeline and next steps with the account.,drew.kim@demomail.test,morgan.ford@demomail.test,,100730,,,,,,,101687,,100656,,chen.garcia@sampleco.test,Priya Mercer,N,Meridian Financial LLC,100023,SKU-8453,100967,Skyler Reyes,101234,,,101502
700281,100519,Resource Care,100016,Wellness Check-In,Draft,Resolved the outstanding question about scope.,Y,Y,LOT-3324,fatima.ashby@demomail.test,2026-04-05 05:28:00,chen.mercer@acme-fake.test,Fatima Okafor,Jamie Garcia,Marco Cohen,,REF-5656,,liam.okafor@sampleco.test,Arjun Vance,mei.rossi@acme-fake.test,Alex Whitfield,Y,8.6,8.4,7.5,Chen Vance,2025-09-04 05:59:00,9741,7447,Delta,Other,Gamma,REF-3492,57,5871,Diego Dorsey,,,,,9356,229,Sofia Brooks,2024-05-03 06:21:00,2822,8349,Gamma,,Alpha,Gamma,Liam Larsson,241,,,,,6492,2402,9630,N,,Other,,Delta,Followed up on the open items from last week.,,avery.larsson@examplecorp.test,,Aligned on billing and renewal terms.,morgan.dorsey@sampleco.test,yara.calder@acme-fake.test,,100082,,101032,,100393,,,101678,,100467,,priya.whitfield@acme-fake.test,Sofia Costa,Y,Summit Systems Co,100115,REF-2611,101638,Jordan Patel,101679,,,100942
700282,100475,Customer Management,100407,Customer Success Check-In,Final,Resolved the outstanding question about scope.,N,N,TAG-2900,taylor.kim@examplecorp.test,2024-03-06 23:18:00,nina.mensah@acme-fake.test,Rowan Garcia,Priya Mensah,Marco Nguyen,,SKU-9516,,noah.rossi@acme-fake.test,Avery Ford,diego.reyes@demomail.test,Sofia Cohen,N,6.6,3.1,4.2,Rowan Mercer,2024-11-16 13:58:00,2220,2192,Standard,Standard,Standard,REF-8118,4351,3776,Rowan Blake,,,,,118,5366,Omar Whitfield,2024-08-25 11:23:00,8597,2931,Gamma,,,Other,Liam Ivanov,,,,,,686,4236,1011,Y,,,,Beta,Shared the updated proposal for review.,,reese.sato@acme-fake.test,,Shared the updated proposal for review.,elena.mercer@acme-fake.test,rahul.calder@examplecorp.test,,100664,,101701,,,,,,,100369,,rowan.blake@demomail.test,Mei Mensah,N,Redwood Holdings Inc,100121,LOT-8584,101757,,101684,,,100828
700283,100201,Resource Care,100217,Wellness Check-In,Final,Scheduled a check-in for the coming month.,Y,Y,LOT-6809,quinn.ford@sampleco.test,2022-10-12 17:51:00,jordan.okafor@examplecorp.test,Noah Larsson,Noah Ford,,,,,noah.sato@demomail.test,,reese.silva@demomail.test,,Y,1.5,6.1,9.0,Drew Mensah,2026-05-21 01:05:00,5462,4540,Delta,Standard,Gamma,LOT-3708,844,6432,Reese Cohen,,,,,6127,2670,Jamie Dorsey,2022-10-21 20:00:00,559,5082,Other,Standard,Gamma,Gamma,Noah Ashby,7022,,,,,162,,6668,Y,LOT-3962,,,Delta,Aligned on billing and renewal terms.,,arjun.okafor@examplecorp.test,,Reviewed performance and gathered feedback.,jamie.okafor@acme-fake.test,noah.sloan@sampleco.test,,100758,,101228,,,,,100893,,,,riley.cohen@sampleco.test,Yara Ford,Y,Evergreen Media LLP,100717,REF-6904,101510,Emerson Ashby,101748,,,100794
700284,100405,Customer Management,100572,Wellness Check-In,Final,Noted a concern to revisit at the next sync.,N,Y,TAG-8862,nina.brooks@acme-fake.test,2026-01-12 20:48:00,fatima.sato@demomail.test,Diego Vance,Reese Vance,Aisha Garcia,,,Jordan Nguyen,omar.dorsey@demomail.test,,jamie.calder@examplecorp.test,Omar Whitfield,Y,8.8,4.6,8.2,Quinn Garcia,2022-12-14 20:18:00,7302,7535,Gamma,Standard,Delta,SKU-2512,9295,4407,Jamie Rossi,,,,,5469,6639,Liam Okafor,2024-01-01 20:18:00,6637,9636,Standard,Gamma,,Alpha,Rahul Ivanov,5262,,,,,1962,367,1236,Y,,,Other,,Shared the updated proposal for review.,,omar.patel@acme-fake.test,,Noted a concern to revisit at the next sync.,yara.ford@examplecorp.test,diego.sloan@examplecorp.test,,100177,,101007,,,,,,,,,rahul.whitfield@acme-fake.test,Skyler Sato,Y,Blue Ridge Holdings LLC,100009,LOT-7944,101274,,100891,,,101344
700285,100484,Customer Management,100038,Customer Success Check-In,Final,Aligned on billing and renewal terms.,N,N,REF-2049,diego.patel@examplecorp.test,2025-08-04 15:59:00,sofia.sato@examplecorp.test,Nina Haddad,Quinn Reyes,Reese Ivanov,,REF-3917,Rahul Okafor,chen.sloan@demomail.test,Drew Brooks,morgan.garcia@sampleco.test,,Y,8.1,7.2,6.2,Liam Garcia,2025-06-11 14:25:00,368,9459,Beta,Standard,Standard,LOT-2545,7598,1684,Yara Nguyen,,,,,3112,496,Yara Okafor,2023-06-06 08:29:00,8968,7841,Gamma,Delta,Beta,Alpha,Rowan Dorsey,2797,,,,,335,4829,5157,Y,,,,Standard,Aligned on billing and renewal terms.,,sofia.silva@sampleco.test,,Followed up on the open items from last week.,riley.reyes@acme-fake.test,drew.mercer@examplecorp.test,,100348,,101359,,,,,,,100774,,casey.blake@examplecorp.test,Chen Haddad,N,Falcon Robotics Corp,100616,REF-9084,100915,Rowan Costa,101450,,LOT-4337,100808
700286,100071,Customer Management,100576,Quarterly Review,Final,Scheduled a check-in for the coming month.,Y,N,REF-9851,jamie.garcia@examplecorp.test,2024-12-06 03:20:00,arjun.ashby@demomail.test,Quinn Larsson,Jordan Cohen,Fatima Kim,,,Drew Vance,diego.silva@examplecorp.test,Priya Nguyen,jamie.calder@acme-fake.test,Nina Kim,Y,4.1,4.5,8.5,Jordan Mercer,2026-03-09 17:45:00,8948,6942,Gamma,Beta,Beta,SKU-6249,6016,9798,Marco Blake,,,,,5691,1477,Sofia Sloan,2024-05-27 19:28:00,6549,9595,Beta,Gamma,Gamma,Alpha,Jordan Reyes,3039,,,,,6085,9914,7817,Y,,,,Other,Discussed timeline and next steps with the account.,,morgan.calder@sampleco.test,,Shared the updated proposal for review.,jamie.silva@examplecorp.test,fatima.garcia@acme-fake.test,,100569,,101520,,,,,101432,,100269,,nina.sloan@examplecorp.test,Liam Haddad,Y,Ironwood Media Group,100434,REF-7475,101105,Nina Sato,101266,,,101590
700287,100765,Resource Care,100046,Customer Success Check-In,Draft,Resolved the outstanding question about scope.,Y,N,TAG-9836,jamie.mercer@acme-fake.test,2023-05-07 03:20:00,riley.reyes@demomail.test,Avery Vance,Rowan Cohen,Nina Sloan,,REF-2852,Priya Haddad,aisha.ashby@demomail.test,,drew.calder@sampleco.test,Riley Okafor,Y,2.7,2.8,9.0,Quinn Larsson,2026-03-31 15:43:00,5468,2956,Gamma,Delta,Delta,TAG-7827,8657,1447,Reese Vance,,,,,3348,9717,Marco Nguyen,2023-07-21 21:00:00,,3556,Alpha,Delta,Alpha,Gamma,Reese Okafor,5113,,,,,6833,2544,6639,N,,,,Alpha,,,priya.mensah@demomail.test,,Scheduled a check-in for the coming month.,arjun.mercer@demomail.test,sofia.patel@demomail.test,,100112,,100800,,100509,,,101312,,100469,,skyler.calder@sampleco.test,Drew Kim,Y,Brightpath Foods,100448,SKU-8416,101311,Taylor Mensah,100853,,,100862
700288,100157,Customer Management,100522,Wellness Check-In,Final,Reviewed performance and gathered feedback.,Y,N,TAG-4029,reese.mercer@sampleco.test,2024-09-28 00:40:00,jamie.ashby@demomail.test,Noah Ivanov,Elena Reyes,Avery Brooks,,TAG-2336,Nina Ashby,marco.nguyen@acme-fake.test,,taylor.costa@demomail.test,Mei Garcia,Y,8.8,3.3,1.9,Emerson Ford,2023-03-02 17:20:00,7908,2867,Standard,Alpha,Standard,SKU-9521,1021,6660,Riley Costa,,,,,2909,1860,Liam Larsson,2023-04-07 09:12:00,6442,7883,Standard,Alpha,Alpha,Other,Priya Dorsey,6843,,,,,4956,9882,4556,Y,,,,,Reviewed performance and gathered feedback.,,alex.mensah@acme-fake.test,,Aligned on billing and renewal terms.,priya.haddad@demomail.test,priya.vance@demomail.test,,100191,,,,,,,,,100348,,nina.nguyen@demomail.test,Liam Ivanov,Y,Delta Foods Inc,100134,LOT-1200,100940,Liam Garcia,100990,,,101510
700289,100401,Customer Management,100157,Quarterly Review,Draft,Followed up on the open items from last week.,N,N,REF-9497,marco.nguyen@acme-fake.test,2024-09-04 11:03:00,jamie.ashby@sampleco.test,Mei Vance,Liam Whitfield,Priya Nguyen,,REF-1389,Marco Garcia,noah.cohen@demomail.test,Yara Sato,morgan.sato@examplecorp.test,Liam Sloan,Y,9.1,8.8,6.4,Riley Garcia,2024-09-15 17:55:00,8053,8122,Standard,Gamma,Beta,REF-1861,374,6608,Sofia Sato,,,,,6751,4680,Chen Rossi,2023-12-23 23:00:00,8011,2065,Gamma,Standard,Delta,Gamma,,2487,,,,,7285,3161,,Y,,,,Standard,,,omar.whitfield@acme-fake.test,,Scheduled a check-in for the coming month.,diego.costa@demomail.test,avery.reyes@sampleco.test,,100774,,100965,,100026,,,101415,,100398,,casey.cohen@acme-fake.test,Morgan Nguyen,N,Cardinal Group Group,100446,REF-5306,100890,Yara Ivanov,101610,,,101409
700290,100372,Resource Care,100359,Wellness Check-In,Final,Reviewed performance and gathered feedback.,Y,Y,REF-2062,rowan.silva@examplecorp.test,2024-10-10 03:35:00,quinn.patel@examplecorp.test,Rowan Garcia,Diego Calder,Nina Blake,,REF-1000,Marco Ivanov,marco.vance@demomail.test,Emerson Costa,rahul.rossi@sampleco.test,Riley Blake,N,2.1,5.9,1.4,Emerson Mensah,2024-12-14 20:23:00,2599,3115,Alpha,Standard,Delta,TAG-2834,2893,9620,Omar Ashby,,,,,1113,797,Nina Okafor,2025-01-24 06:58:00,3552,9969,Other,Other,Delta,Gamma,Sofia Silva,,,,,,5715,9576,6156,Y,,,,Beta,Shared the updated proposal for review.,,yara.cohen@demomail.test,,Reviewed performance and gathered feedback.,riley.nguyen@demomail.test,fatima.costa@acme-fake.test,,100147,,,,100182,,,100905,,,,arjun.kim@demomail.test,Noah Dorsey,N,Copper Manufacturing,100782,TAG-7572,100902,Taylor Vance,101506,,,101004
700291,100724,Customer Management,100465,Wellness Check-In,Draft,Aligned on billing and renewal terms.,N,Y,REF-1542,priya.okafor@examplecorp.test,2024-08-12 07:38:00,aisha.silva@examplecorp.test,Elena Sato,Mei Patel,,,,,riley.rossi@acme-fake.test,Drew Dorsey,fatima.okafor@sampleco.test,Priya Blake,Y,8.3,3.1,9.8,Arjun Mercer,2025-10-08 08:01:00,9598,3548,Beta,Beta,Delta,TAG-5763,9214,4505,Yara Nguyen,,,,,4537,4615,Quinn Kim,2023-07-05 06:06:00,239,2399,Alpha,Other,Alpha,Standard,Fatima Ashby,2438,,,,,740,117,4615,Y,,,,Standard,Noted a concern to revisit at the next sync.,Chen Mensah,omar.dorsey@demomail.test,,Discussed timeline and next steps with the account.,alex.reyes@acme-fake.test,drew.mercer@examplecorp.test,,100396,,101779,,,,,,,100481,,yara.ashby@sampleco.test,Reese Silva,Y,Everest Labs LLP,100042,SKU-6621,101000,Marco Rossi,101746,,,101630
700292,100400,Customer Management,100121,Customer Success Check-In,Final,Shared the updated proposal for review.,Y,Y,SKU-5768,alex.rossi@examplecorp.test,2025-11-12 06:55:00,taylor.whitfield@sampleco.test,Arjun Haddad,Noah Mensah,,,,Taylor Cohen,mei.costa@demomail.test,,marco.brooks@examplecorp.test,Jordan Ivanov,Y,5.0,5.6,4.9,Sofia Ashby,2026-02-11 07:08:00,3665,5884,Gamma,Standard,Gamma,REF-2738,7734,8633,Jamie Ivanov,,,,,6043,9611,Diego Reyes,2025-10-26 04:02:00,4048,2283,Standard,Beta,Beta,Delta,Emerson Blake,4244,,,,,2706,1301,7686,Y,,,,Other,Resolved the outstanding question about scope.,,casey.haddad@acme-fake.test,,Shared the updated proposal for review.,casey.rossi@acme-fake.test,aisha.sloan@demomail.test,,100554,,101004,,,,,101224,,100634,,aisha.rossi@demomail.test,Reese Blake,N,Atlas Networks,100572,REF-5470,100923,Elena Okafor,101636,,,101552
700293,100540,Resource Care,100532,Quarterly Review,Final,Discussed timeline and next steps with the account.,Y,N,LOT-2632,rowan.cohen@acme-fake.test,2026-06-01 09:01:00,yara.blake@demomail.test,Alex Mensah,Jamie Sloan,Elena Okafor,,REF-1690,Elena Whitfield,yara.vance@acme-fake.test,,reese.calder@demomail.test,Sofia Ford,N,3.4,7.8,8.4,Fatima Larsson,2025-03-14 18:43:00,4094,4001,Delta,Gamma,Beta,TAG-5816,38,9537,Nina Garcia,,,,,6372,930,Arjun Ashby,2023-04-18 11:32:00,1379,9501,Alpha,,Other,Standard,Fatima Okafor,332,,,,,9747,5947,,N,,Beta,,Delta,Aligned on billing and renewal terms.,,emerson.vance@acme-fake.test,,Discussed timeline and next steps with the account.,quinn.cohen@examplecorp.test,priya.ivanov@acme-fake.test,,100465,,101518,,100439,,,101220,,,,chen.ashby@examplecorp.test,Avery Dorsey,Y,Northwind Industries LLP,100205,SKU-6967,101133,Rahul Garcia,101758,,,101364
700294,100162,Customer Management,100168,Customer Success Check-In,Final,Shared the updated proposal for review.,Y,N,REF-6884,chen.haddad@examplecorp.test,2023-09-18 21:27:00,fatima.sloan@demomail.test,Elena Silva,Rahul Kim,Riley Ivanov,,SKU-9613,Omar Patel,priya.ivanov@acme-fake.test,Sofia Rossi,diego.sloan@examplecorp.test,Noah Blake,N,9.8,1.5,9.4,Diego Nguyen,2025-03-06 07:06:00,2777,6922,Alpha,Gamma,Gamma,LOT-2912,5843,923,Omar Rossi,,,,,2745,6722,Avery Okafor,2026-01-03 05:55:00,3037,4424,Delta,Beta,Beta,Alpha,Morgan Mensah,4780,,,,,2321,7623,2899,Y,,,,Gamma,Discussed timeline and next steps with the account.,,taylor.kim@demomail.test,,Followed up on the open items from last week.,aisha.vance@examplecorp.test,rahul.silva@demomail.test,,100759,,101424,,100086,,,,,100359,,mei.kim@examplecorp.test,Omar Sato,N,Pioneer Solutions Corp,100651,REF-3967,100825,,101751,,,101153
700295,100203,Resource Care,100031,Customer Success Check-In,Final,Followed up on the open items from last week.,N,Y,LOT-6148,yara.ivanov@sampleco.test,2024-02-24 09:28:00,casey.reyes@demomail.test,Riley Dorsey,Fatima Blake,Alex Whitfield,,SKU-7540,Jamie Dorsey,drew.nguyen@demomail.test,Rowan Patel,liam.nguyen@demomail.test,Morgan Patel,Y,8.6,2.6,4.6,Reese Okafor,2022-10-24 06:37:00,682,8760,Other,Delta,Other,LOT-6086,7089,1564,Priya Sloan,,,,,3974,3895,Emerson Ivanov,2026-07-15 00:18:00,3221,6582,Other,Beta,Standard,Alpha,Aisha Silva,4466,,,,,3474,1538,4063,N,,,,Delta,Discussed timeline and next steps with the account.,,nina.calder@examplecorp.test,,Aligned on billing and renewal terms.,diego.mensah@sampleco.test,omar.sato@acme-fake.test,,100665,,,,100585,,,,,100139,,quinn.brooks@demomail.test,Riley Garcia,Y,Pioneer Analytics Ltd,100498,SKU-2580,101107,Diego Mercer,101272,,,101044
700296,100224,Resource Care,100028,Wellness Check-In,Final,Reviewed performance and gathered feedback.,N,Y,SKU-6671,liam.vance@sampleco.test,2025-12-13 15:21:00,elena.whitfield@examplecorp.test,Reese Okafor,Chen Cohen,Avery Kim,,TAG-8441,Taylor Sloan,liam.reyes@sampleco.test,Mei Okafor,arjun.dorsey@acme-fake.test,Drew Larsson,Y,8.6,5.1,2.3,Priya Reyes,2024-10-12 03:07:00,5686,7749,Other,Alpha,Gamma,TAG-9172,6262,7534,Liam Blake,,,,,522,4032,Reese Calder,2024-05-14 17:28:00,2716,605,Standard,Other,Delta,Delta,Emerson Ashby,,,,,,9768,,,N,,,,Other,Reviewed performance and gathered feedback.,,nina.kim@examplecorp.test,,Shared the updated proposal for review.,marco.mensah@acme-fake.test,reese.garcia@examplecorp.test,,100086,,,,100487,,,101452,,,,priya.rossi@sampleco.test,Noah Dorsey,Y,,100014,SKU-6047,101621,Arjun Costa,101176,,,101134
700297,100357,Resource Care,100217,Quarterly Review,Final,Shared the updated proposal for review.,N,N,REF-5980,rowan.mensah@acme-fake.test,2026-07-27 03:10:00,elena.sloan@acme-fake.test,Sofia Calder,Alex Vance,Elena Kim,,,Taylor Costa,jordan.mercer@sampleco.test,,casey.mercer@sampleco.test,Fatima Kim,Y,1.7,1.0,9.6,Diego Ashby,2026-06-29 13:42:00,4137,2054,Standard,Alpha,Beta,TAG-1432,4699,910,Rahul Ford,,,,,641,5543,Rowan Vance,2025-01-28 10:50:00,587,3197,Gamma,Gamma,,Standard,Alex Haddad,4690,,,,,6112,7935,,N,,,,Delta,Resolved the outstanding question about scope.,,rowan.blake@examplecorp.test,,Shared the updated proposal for review.,emerson.okafor@acme-fake.test,quinn.brooks@demomail.test,,100134,,,,,,,,,,,skyler.sloan@examplecorp.test,Sofia Calder,N,Blue Ridge Holdings Inc,100147,SKU-7971,101043,Avery Mensah,101341,,LOT-6711,101752
700298,100387,Customer Management,100021,Wellness Check-In,Final,Aligned on billing and renewal terms.,Y,Y,LOT-2845,jamie.whitfield@examplecorp.test,2025-12-22 17:26:00,yara.cohen@demomail.test,Rowan Blake,Taylor Rossi,,,,Riley Kim,drew.rossi@acme-fake.test,Alex Sloan,nina.dorsey@demomail.test,Liam Dorsey,Y,9.7,8.1,2.7,Noah Costa,2026-02-21 16:04:00,169,5101,Alpha,Gamma,Beta,REF-4248,7562,9469,Rowan Calder,,,,,1666,7382,Morgan Garcia,2025-07-26 12:01:00,3842,7041,Other,Alpha,Standard,,Mei Mercer,3863,,,,,5736,6766,7438,Y,,,,Alpha,Reviewed performance and gathered feedback.,,avery.larsson@examplecorp.test,,Scheduled a check-in for the coming month.,sofia.nguyen@sampleco.test,aisha.silva@examplecorp.test,,100366,,,,100269,,,,,,,diego.sloan@demomail.test,Marco Sloan,N,Evergreen Financial Corp,100040,REF-9192,100923,Marco Mercer,101432,,,100819
700299,100619,Resource Care,100529,Customer Success Check-In,Final,Reviewed performance and gathered feedback.,N,Y,SKU-7027,alex.rossi@demomail.test,2023-10-23 15:54:00,drew.ivanov@examplecorp.test,Mei Whitfield,Drew Reyes,Riley Ivanov,,,Jordan Ashby,jordan.sloan@sampleco.test,Emerson Patel,taylor.nguyen@sampleco.test,Emerson Larsson,N,8.2,9.0,6.6,Sofia Kim,2024-03-15 03:25:00,7587,7396,Other,Standard,Beta,LOT-4520,4967,7977,Elena Patel,,,,,5643,2615,Arjun Sloan,2024-10-16 11:37:00,,8184,Delta,Delta,Beta,Beta,Skyler Blake,2306,,,,,9701,4092,1662,N,,,,Beta,Noted a concern to revisit at the next sync.,,elena.ivanov@acme-fake.test,,Resolved the outstanding question about scope.,reese.silva@examplecorp.test,emerson.silva@sampleco.test,,100759,,100813,,,,,101694,,100741,,fatima.ivanov@acme-fake.test,,N,Harbor Systems Corp,100012,LOT-3690,101582,Alex Whitfield,101655,,,100960
700300,100332,Resource Care,100386,Wellness Check-In,Final,Noted a concern to revisit at the next sync.,N,N,LOT-6190,marco.blake@examplecorp.test,2025-10-24 22:38:00,diego.whitfield@sampleco.test,Priya Sato,Priya Larsson,Jordan Reyes,,,Omar Sloan,noah.reyes@examplecorp.test,Arjun Reyes,jamie.blake@sampleco.test,Riley Ivanov,N,1.2,5.6,6.0,Mei Ashby,2024-10-10 03:58:00,3852,2602,Standard,Standard,Other,SKU-3114,8280,6534,Nina Brooks,,,,,2899,4152,Riley Cohen,2025-03-08 20:05:00,2754,7161,Standard,Other,,Gamma,,9467,,,,,7721,5480,7589,N,,,,Other,Reviewed performance and gathered feedback.,,marco.nguyen@examplecorp.test,,Noted a concern to revisit at the next sync.,drew.larsson@acme-fake.test,casey.rossi@examplecorp.test,,100022,,,,100229,,,,,100461,,drew.kim@acme-fake.test,Drew Blake,N,Silverline Networks Corp,100158,TAG-5744,101525,Emerson Patel,101191,,,101225
700301,100656,Customer Management,100350,Customer Success Check-In,Draft,Resolved the outstanding question about scope.,N,N,LOT-8442,elena.mercer@examplecorp.test,2026-05-05 22:32:00,rahul.vance@sampleco.test,Fatima Brooks,Chen Patel,,,TAG-2773,Rahul Calder,rowan.larsson@demomail.test,,liam.larsson@examplecorp.test,,Y,3.1,3.7,3.9,Sofia Rossi,2023-08-13 07:11:00,2297,8202,Delta,Alpha,Alpha,REF-8763,8443,6352,Skyler Larsson,,,,,224,6748,,2025-10-22 04:10:00,6682,2708,Standard,Beta,Gamma,Delta,Casey Kim,9871,,,,,1255,2303,6461,Y,,,Delta,Alpha,Aligned on billing and renewal terms.,,reese.ivanov@examplecorp.test,,Shared the updated proposal for review.,elena.garcia@sampleco.test,diego.mensah@examplecorp.test,,100401,,,,100453,,,,,,,mei.mercer@examplecorp.test,Riley Ford,N,,100007,REF-6572,101435,Aisha Mensah,101201,,,100828
700302,100572,Customer Management,100299,Customer Success Check-In,Final,Followed up on the open items from last week.,N,Y,SKU-1985,nina.blake@sampleco.test,2023-10-03 15:26:00,marco.ivanov@demomail.test,Diego Whitfield,Chen Costa,,,REF-6385,Casey Cohen,jordan.rossi@demomail.test,,emerson.vance@acme-fake.test,,Y,8.4,1.6,5.4,Riley Silva,2025-07-20 13:39:00,4748,4099,Beta,Other,Alpha,TAG-9252,804,9260,Yara Haddad,,,,,4306,9452,Arjun Patel,2023-07-17 17:13:00,6782,2995,Beta,Other,Standard,Delta,Reese Patel,5402,,,,,4480,5168,1753,Y,,,,Beta,Scheduled a check-in for the coming month.,,noah.cohen@sampleco.test,,Scheduled a check-in for the coming month.,priya.ford@demomail.test,jamie.mercer@acme-fake.test,,100569,,,,,,,101338,,,,aisha.ivanov@sampleco.test,Reese Sloan,N,Redwood Solutions Corp,100168,REF-7092,101095,,100870,,,100867
700303,100361,Customer Management,100493,Customer Success Check-In,Draft,Followed up on the open items from last week.,Y,Y,LOT-2225,alex.dorsey@acme-fake.test,2025-10-27 01:11:00,taylor.calder@examplecorp.test,Elena Patel,Drew Reyes,Aisha Ivanov,,TAG-4516,Emerson Sato,nina.cohen@demomail.test,Taylor Blake,riley.reyes@acme-fake.test,,N,5.6,3.0,2.8,Morgan Ashby,2024-09-18 15:51:00,5716,3991,Beta,Gamma,Gamma,SKU-7598,8215,734,Reese Silva,,,,,293,5065,Marco Blake,2023-12-06 01:16:00,1966,2681,Gamma,Delta,Standard,Alpha,Rowan Dorsey,2562,,,,,4740,2397,8749,N,,,,Other,Discussed timeline and next steps with the account.,,skyler.brooks@examplecorp.test,,Discussed timeline and next steps with the account.,priya.sato@examplecorp.test,rahul.mercer@examplecorp.test,,100640,,,,100702,,,,,100639,,taylor.mensah@acme-fake.test,Emerson Calder,N,Evergreen Dynamics LLC,100438,REF-2224,101778,Arjun Garcia,101272,,,101125
700304,100555,Resource Care,100550,Customer Success Check-In,Draft,Discussed timeline and next steps with the account.,N,N,TAG-1515,morgan.brooks@examplecorp.test,2024-02-20 05:31:00,mei.nguyen@examplecorp.test,Morgan Rossi,Sofia Larsson,Emerson Costa,,TAG-1188,,jamie.okafor@acme-fake.test,Fatima Costa,alex.mercer@demomail.test,Reese Cohen,Y,3.7,7.0,6.2,Noah Vance,2025-02-02 06:07:00,7513,1388,Standard,Delta,Delta,TAG-9984,6815,8794,Quinn Silva,,,,,9356,1421,Noah Okafor,2024-09-18 04:24:00,163,8246,Other,Gamma,Other,Delta,Elena Mercer,,,,,,5123,,1089,Y,,,,Alpha,Shared the updated proposal for review.,,priya.garcia@acme-fake.test,,Aligned on billing and renewal terms.,marco.rossi@sampleco.test,arjun.patel@demomail.test,,100664,,101716,,100568,,,,,100232,,chen.nguyen@sampleco.test,Yara Brooks,Y,Atlas Dynamics Inc,100077,REF-2521,101223,Rahul Mensah,101042,,,100873
700305,100595,Customer Management,100120,Quarterly Review,Final,Shared the updated proposal for review.,N,Y,LOT-6150,elena.dorsey@examplecorp.test,2024-03-24 14:18:00,marco.ford@demomail.test,Priya Whitfield,Mei Garcia,Skyler Reyes,,,Avery Blake,omar.ford@acme-fake.test,Nina Reyes,riley.haddad@acme-fake.test,Rahul Haddad,Y,6.0,9.8,8.4,Alex Blake,2024-09-14 19:00:00,5515,7749,Standard,Other,Beta,REF-6922,4367,901,Jordan Garcia,,,,,7297,608,Arjun Larsson,2023-05-14 21:44:00,1381,757,Standard,Standard,Standard,Other,Rowan Costa,7296,,,,,9698,9625,5651,N,,Standard,,Other,Discussed timeline and next steps with the account.,,noah.nguyen@sampleco.test,,Discussed timeline and next steps with the account.,skyler.mercer@acme-fake.test,alex.vance@demomail.test,,100328,,101589,,,,,,,,,diego.calder@demomail.test,Emerson Nguyen,Y,Harbor Robotics LLP,100476,TAG-8629,101455,Rowan Sato,101009,,,100972
700306,100264,Resource Care,100115,Customer Success Check-In,Final,Followed up on the open items from last week.,N,Y,TAG-5604,fatima.sato@acme-fake.test,2023-05-27 16:55:00,jordan.patel@examplecorp.test,Diego Nguyen,Avery Garcia,Liam Sato,,REF-8434,,skyler.okafor@examplecorp.test,Noah Ivanov,casey.sato@sampleco.test,,Y,4.7,1.7,5.3,Morgan Blake,2023-06-03 19:14:00,4209,6052,Delta,Delta,Delta,TAG-6476,4798,9857,Jamie Dorsey,,,,,2253,349,Taylor Vance,2023-08-18 12:27:00,1401,311,Other,Delta,Gamma,Beta,Emerson Patel,,,,,,8797,8309,977,Y,,,Other,Delta,Resolved the outstanding question about scope.,,quinn.larsson@sampleco.test,,Reviewed performance and gathered feedback.,emerson.costa@examplecorp.test,rahul.ashby@examplecorp.test,,100119,,,,100613,,,101265,,,,rahul.mensah@sampleco.test,Chen Costa,N,Keystone Energy Ltd,100055,TAG-3726,101632,Morgan Larsson,101512,,TAG-3005,101493
700307,100747,Customer Management,100392,Quarterly Review,Final,Resolved the outstanding question about scope.,Y,N,SKU-7320,chen.larsson@sampleco.test,2025-12-26 20:19:00,fatima.sato@demomail.test,Casey Calder,Arjun Okafor,Skyler Silva,,TAG-6205,Jamie Costa,riley.costa@demomail.test,,mei.sloan@sampleco.test,,Y,6.4,7.5,7.6,Riley Ivanov,2024-06-25 10:57:00,8734,7435,Gamma,Gamma,Delta,REF-9992,3763,7746,Liam Ashby,,,,,3428,4183,Omar Larsson,2024-10-29 19:29:00,2500,6913,Alpha,Gamma,Other,Alpha,Elena Sato,4036,,,,,4771,1825,5796,N,,,,Standard,Noted a concern to revisit at the next sync.,,riley.ford@sampleco.test,,Discussed timeline and next steps with the account.,drew.dorsey@acme-fake.test,elena.whitfield@sampleco.test,,100103,,101501,,100784,,,101129,,,,drew.kim@sampleco.test,Sofia Ford,Y,Everest Networks Corp,100295,LOT-6048,101058,Skyler Ashby,101774,,,101632
700308,100529,Resource Care,100214,Wellness Check-In,Final,Followed up on the open items from last week.,N,N,REF-4239,nina.dorsey@examplecorp.test,2025-02-05 09:56:00,arjun.mercer@demomail.test,Nina Kim,Reese Larsson,Mei Rossi,,SKU-1886,,noah.costa@acme-fake.test,Elena Brooks,jordan.ivanov@examplecorp.test,Arjun Larsson,Y,8.9,5.5,8.8,Liam Whitfield,2026-05-22 02:39:00,6602,6683,Delta,Standard,Alpha,REF-4686,9244,6486,Taylor Ivanov,,,,,8388,466,Noah Mensah,2023-08-17 11:45:00,49,3061,,,Gamma,Other,Mei Ivanov,3022,,,,,3043,1554,5005,N,,,,Beta,,,riley.calder@sampleco.test,,Noted a concern to revisit at the next sync.,morgan.rossi@demomail.test,reese.kim@sampleco.test,,100564,,,,100639,,,,,100273,,arjun.vance@examplecorp.test,,N,Keystone Partners Co,100582,TAG-5913,101042,Diego Vance,101586,,,100857
700309,100566,Resource Care,100699,Quarterly Review,Draft,Resolved the outstanding question about scope.,N,Y,SKU-2145,emerson.costa@acme-fake.test,2023-11-07 19:34:00,drew.calder@examplecorp.test,Skyler Okafor,Fatima Cohen,Liam Blake,,SKU-3817,Chen Sloan,jamie.cohen@demomail.test,Elena Whitfield,alex.brooks@demomail.test,Fatima Mensah,N,5.6,2.2,5.0,Jordan Silva,2024-03-03 03:22:00,831,9709,Other,Other,Beta,SKU-3331,8535,1612,Fatima Ashby,,,,,9250,4029,,2026-03-12 06:06:00,9415,547,Beta,Gamma,Standard,Standard,Marco Ford,5642,,,,,4128,5768,3070,N,,,,Standard,Discussed timeline and next steps with the account.,,nina.garcia@acme-fake.test,,Scheduled a check-in for the coming month.,avery.vance@examplecorp.test,aisha.larsson@sampleco.test,,100400,,101442,,,,,101338,,,,aisha.kim@demomail.test,Arjun Mercer,Y,Pioneer Textiles Ltd,100469,REF-1792,101388,Marco Ford,101742,Alpha,LOT-3862,101770
700310,100784,Resource Care,100415,Quarterly Review,Final,Scheduled a check-in for the coming month.,Y,N,TAG-3501,sofia.calder@acme-fake.test,2024-11-13 19:42:00,quinn.mensah@sampleco.test,Marco Kim,Diego Dorsey,,,LOT-6306,Rowan Silva,arjun.ivanov@acme-fake.test,,avery.ashby@examplecorp.test,,Y,6.3,3.4,8.8,Sofia Reyes,2026-03-23 05:23:00,3693,9288,Alpha,Beta,Beta,REF-3008,4069,2934,Elena Nguyen,,,,,5080,9623,Elena Sloan,2025-02-15 05:10:00,,7590,Gamma,Beta,Other,Delta,Emerson Calder,,,,,,9337,7224,6137,Y,,,,Other,Shared the updated proposal for review.,,emerson.patel@demomail.test,,Aligned on billing and renewal terms.,jordan.calder@sampleco.test,quinn.mercer@sampleco.test,,100457,,,,100157,,,101328,,100210,,marco.sloan@demomail.test,Mei Sloan,Y,Everest Logistics Corp,100314,REF-8941,101691,Priya Haddad,100838,,SKU-6606,101035
700311,100423,Resource Care,100106,Wellness Check-In,Final,Resolved the outstanding question about scope.,Y,N,LOT-8827,liam.cohen@demomail.test,2026-06-08 01:23:00,skyler.mensah@examplecorp.test,Morgan Reyes,Arjun Mensah,,,LOT-8148,Nina Nguyen,mei.cohen@examplecorp.test,,taylor.kim@examplecorp.test,Rowan Ford,Y,9.7,4.3,3.3,Jamie Haddad,2025-11-11 06:43:00,3680,1226,Delta,Standard,Standard,SKU-9910,4679,2169,Diego Sato,,,,,7238,4852,Noah Ashby,2024-05-11 11:51:00,1802,6925,Delta,Beta,Alpha,Beta,Emerson Sloan,7096,,,,,3689,4043,7396,N,,,,Delta,Discussed timeline and next steps with the account.,,mei.calder@examplecorp.test,,Scheduled a check-in for the coming month.,diego.costa@sampleco.test,rahul.ashby@sampleco.test,,100314,,101656,,,,,101281,,,,omar.patel@demomail.test,Sofia Larsson,Y,Granite Capital LLC,100264,LOT-4243,101268,Alex Ashby,101600,,,101770
700312,100026,Resource Care,100043,Customer Success Check-In,Final,Reviewed performance and gathered feedback.,Y,N,TAG-7542,taylor.larsson@sampleco.test,2026-02-26 00:03:00,sofia.dorsey@examplecorp.test,Drew Patel,Morgan Okafor,Marco Calder,,,Reese Kim,rahul.dorsey@demomail.test,Aisha Patel,omar.calder@acme-fake.test,Quinn Rossi,Y,2.5,6.9,3.7,Avery Garcia,2026-07-17 22:30:00,3016,390,Other,Gamma,Beta,TAG-7808,6345,8593,Diego Ashby,,,,,8201,2030,Jordan Okafor,2025-11-02 19:28:00,4215,9417,Beta,Gamma,Delta,,,1187,,,,,6866,6077,,N,,,,Alpha,Followed up on the open items from last week.,,arjun.reyes@sampleco.test,,Noted a concern to revisit at the next sync.,elena.patel@demomail.test,avery.vance@examplecorp.test,,100133,,100944,,100458,,,101322,,100604,,drew.ivanov@acme-fake.test,Avery Rossi,Y,Vertex Solutions LLC,100645,SKU-2456,101767,Emerson Cohen,101421,,,101283
700313,100782,Resource Care,100451,Wellness Check-In,Draft,Aligned on billing and renewal terms.,Y,N,REF-1338,drew.blake@acme-fake.test,2023-12-21 10:16:00,alex.whitfield@sampleco.test,Rahul Whitfield,Emerson Garcia,Elena Blake,,REF-7420,Omar Whitfield,rahul.okafor@examplecorp.test,,riley.patel@sampleco.test,Avery Vance,Y,1.6,8.5,6.8,Skyler Sloan,2025-08-28 09:09:00,6435,4979,Alpha,Other,Alpha,LOT-3523,2336,7657,Omar Cohen,,,,,3123,5711,Alex Vance,2023-10-21 15:37:00,8521,3217,Delta,Alpha,Delta,Standard,Skyler Mercer,2443,,,,,6045,8552,,Y,REF-7279,,,Alpha,Shared the updated proposal for review.,,taylor.brooks@acme-fake.test,,Reviewed performance and gathered feedback.,fatima.brooks@acme-fake.test,jordan.sato@sampleco.test,,100366,,,,100758,,,,,100053,,emerson.blake@acme-fake.test,Morgan Sloan,N,Cobalt Retail Ltd,100770,TAG-2339,101641,Casey Nguyen,101512,,,100819
700314,100264,Customer Management,100203,Customer Success Check-In,Final,Reviewed performance and gathered feedback.,N,N,SKU-3115,fatima.mercer@examplecorp.test,2024-09-20 23:29:00,rahul.haddad@acme-fake.test,Morgan Vance,Rahul Nguyen,Mei Whitfield,,REF-2701,Yara Okafor,sofia.larsson@sampleco.test,Riley Patel,yara.mercer@demomail.test,,Y,3.9,6.6,1.8,Yara Calder,2024-07-03 20:00:00,8438,2472,Standard,Delta,Other,REF-4767,7011,5748,Liam Whitfield,,,,,4489,8047,Omar Calder,2025-12-05 13:47:00,7786,1122,Other,Other,Delta,,Quinn Garcia,4218,,,,,3838,1303,8398,N,,,,,Scheduled a check-in for the coming month.,,arjun.ford@examplecorp.test,,Aligned on billing and renewal terms.,avery.vance@sampleco.test,drew.blake@demomail.test,,100336,,101727,,100476,,,,,100494,,casey.calder@demomail.test,Mei Garcia,N,Pioneer Robotics Ltd,100231,TAG-7556,101687,Aisha Ivanov,101594,,SKU-6062,100937
700315,100226,Resource Care,100229,Wellness Check-In,Final,Discussed timeline and next steps with the account.,Y,N,REF-7406,casey.patel@sampleco.test,2025-08-06 20:49:00,nina.silva@demomail.test,Jamie Blake,Rowan Reyes,Casey Silva,,,Arjun Silva,taylor.dorsey@sampleco.test,Jordan Mensah,taylor.ashby@examplecorp.test,Alex Brooks,Y,9.8,1.8,7.0,Avery Ashby,2025-12-20 23:20:00,6486,4748,Standard,Beta,Delta,REF-9553,7040,6037,Yara Brooks,,,,,6006,1781,Marco Rossi,2025-11-11 05:04:00,1385,389,Alpha,Alpha,Standard,Beta,Rowan Sloan,3734,,,,,8733,5628,8612,Y,,,,Beta,Reviewed performance and gathered feedback.,,omar.larsson@examplecorp.test,,Noted a concern to revisit at the next sync.,sofia.calder@acme-fake.test,alex.vance@examplecorp.test,,100522,,100924,,100336,,,101678,,,,taylor.brooks@examplecorp.test,Taylor Haddad,Y,Horizon Analytics LLP,100566,LOT-1688,101035,Diego Costa,100973,,,100986
700316,100786,Resource Care,100153,Customer Success Check-In,Final,Discussed timeline and next steps with the account.,N,Y,SKU-5355,rahul.sato@sampleco.test,2023-02-24 21:52:00,yara.ivanov@demomail.test,Jamie Dorsey,Nina Dorsey,Casey Mensah,,LOT-9884,,fatima.whitfield@sampleco.test,,casey.rossi@examplecorp.test,Priya Kim,Y,8.5,9.6,5.2,Casey Silva,2025-08-22 05:49:00,6519,7931,Other,Gamma,Delta,TAG-7746,3090,3756,Avery Mensah,,,,,3662,9469,,2023-04-11 22:03:00,629,114,Standard,Delta,Alpha,Alpha,Arjun Cohen,9123,,,,,1084,2257,2825,N,,,,Other,Scheduled a check-in for the coming month.,,nina.rossi@demomail.test,,Discussed timeline and next steps with the account.,quinn.silva@demomail.test,yara.ivanov@sampleco.test,,100169,,100850,,,,,,,100393,,taylor.rossi@examplecorp.test,Yara Haddad,N,Cardinal Dynamics LLC,100696,REF-7953,101292,Riley Mensah,101420,,REF-3242,101180
700317,100648,Resource Care,100478,Customer Success Check-In,Final,Aligned on billing and renewal terms.,N,Y,LOT-6061,mei.cohen@sampleco.test,2022-11-20 07:20:00,alex.dorsey@demomail.test,Arjun Ashby,Yara Sato,,,TAG-9394,,priya.kim@acme-fake.test,,jordan.dorsey@acme-fake.test,Mei Mercer,Y,6.9,8.1,7.9,Aisha Okafor,2026-05-25 15:51:00,8874,8731,Delta,Delta,Gamma,LOT-8917,2798,7608,Mei Garcia,,,,,530,8455,Morgan Vance,2022-12-20 04:29:00,487,7167,Alpha,Standard,Alpha,Beta,Aisha Costa,8815,,,,,5692,1014,3354,Y,LOT-7709,,,Standard,Noted a concern to revisit at the next sync.,,jamie.reyes@demomail.test,,Noted a concern to revisit at the next sync.,riley.larsson@sampleco.test,avery.dorsey@demomail.test,,100009,,,,100106,,,,,100441,,arjun.kim@examplecorp.test,Diego Kim,N,Pioneer Dynamics Inc,100750,TAG-3417,101265,Noah Cohen,101733,,,101051
700318,100055,Customer Management,100632,Wellness Check-In,Final,Reviewed performance and gathered feedback.,Y,N,SKU-4136,riley.okafor@examplecorp.test,2024-04-20 11:35:00,reese.larsson@demomail.test,Riley Brooks,Drew Garcia,,,REF-7653,Morgan Vance,emerson.costa@demomail.test,Noah Blake,mei.sloan@acme-fake.test,,Y,3.5,8.1,1.6,Quinn Ford,2024-12-20 19:26:00,5524,9038,Other,Alpha,Delta,SKU-8795,4522,9139,Drew Cohen,,,,,3731,256,Aisha Dorsey,2023-05-22 02:44:00,6993,7240,Standard,Beta,Other,Standard,Casey Rossi,9857,,,,,3465,5330,7290,Y,,,,Standard,Followed up on the open items from last week.,,drew.reyes@sampleco.test,,Reviewed performance and gathered feedback.,mei.costa@demomail.test,priya.calder@demomail.test,,100067,,,,100355,,,100905,,100418,,emerson.brooks@acme-fake.test,Nina Kim,Y,Delta Ventures,100162,TAG-4650,101427,Marco Sloan,100991,,,101447
700319,100156,Resource Care,100319,Customer Success Check-In,Final,Scheduled a check-in for the coming month.,Y,N,SKU-7887,alex.larsson@examplecorp.test,2024-09-18 05:14:00,nina.sloan@acme-fake.test,Mei Patel,Riley Sato,Reese Reyes,,SKU-2057,Marco Kim,alex.whitfield@sampleco.test,Diego Sloan,rahul.mensah@examplecorp.test,Morgan Costa,N,6.7,4.5,4.9,Chen Ford,2025-04-14 01:13:00,2111,2937,Standard,Gamma,Other,SKU-7425,213,6266,Avery Cohen,,,,,4447,4749,Reese Okafor,2026-01-20 06:26:00,2410,4173,Delta,,Delta,Alpha,,5209,,,,,2429,7229,7502,Y,,,,Standard,Resolved the outstanding question about scope.,,riley.sato@acme-fake.test,,Noted a concern to revisit at the next sync.,jordan.blake@acme-fake.test,jordan.dorsey@demomail.test,,100369,,,,100475,,,101502,,,,priya.mensah@examplecorp.test,Nina Blake,Y,Horizon Labs Ltd,100076,REF-8589,101018,Yara Brooks,101427,,,100831
700320,100423,Resource Care,100161,Customer Success Check-In,Final,Scheduled a check-in for the coming month.,Y,N,LOT-8860,elena.mercer@acme-fake.test,2025-06-26 22:21:00,morgan.kim@examplecorp.test,Emerson Okafor,Nina Vance,Diego Reyes,,LOT-3158,Drew Larsson,riley.ashby@examplecorp.test,Alex Dorsey,rowan.whitfield@demomail.test,Diego Ashby,Y,2.0,3.7,7.5,Liam Ford,2024-05-09 14:54:00,782,8850,Alpha,Alpha,Gamma,TAG-5086,6156,6004,Marco Larsson,,,,,504,1448,,2025-08-25 05:56:00,7585,,,Gamma,Delta,Standard,Liam Kim,8415,,,,,910,7724,8949,N,SKU-8370,,,,Reviewed performance and gathered feedback.,,quinn.ashby@acme-fake.test,,Reviewed performance and gathered feedback.,arjun.brooks@examplecorp.test,morgan.larsson@examplecorp.test,,100785,,,,100774,,,101003,,,,diego.okafor@demomail.test,Reese Brooks,N,Cardinal Systems LLC,100399,TAG-6517,101766,Nina Costa,101512,,LOT-9631,100890
700321,100399,Customer Management,100348,Wellness Check-In,Final,Discussed timeline and next steps with the account.,Y,Y,TAG-4957,noah.garcia@examplecorp.test,2025-12-15 13:12:00,priya.silva@sampleco.test,Avery Whitfield,Nina Cohen,Drew Vance,,LOT-3305,Riley Sloan,chen.whitfield@acme-fake.test,Quinn Brooks,casey.dorsey@acme-fake.test,,Y,3.1,1.0,1.2,Reese Sato,2025-04-27 12:47:00,3473,2820,Beta,Other,Delta,LOT-6158,5062,6712,Riley Ford,,,,,1879,5358,Marco Ivanov,2024-02-07 21:00:00,5814,1928,Gamma,Alpha,Standard,Standard,Emerson Cohen,9636,,,,,1567,,7863,Y,,Gamma,,Gamma,Shared the updated proposal for review.,,taylor.blake@demomail.test,,Resolved the outstanding question about scope.,marco.brooks@acme-fake.test,drew.vance@sampleco.test,,100528,,101628,,100291,,,,,,,sofia.nguyen@demomail.test,Mei Mercer,N,Keystone Partners Corp,100296,SKU-9697,101349,Jamie Sloan,100988,,,101004
700322,100188,Resource Care,100073,Wellness Check-In,Final,Shared the updated proposal for review.,Y,Y,TAG-3890,avery.ford@acme-fake.test,2026-07-20 20:19:00,arjun.sloan@acme-fake.test,Avery Sato,Mei Mercer,Riley Okafor,,REF-1990,Avery Mercer,aisha.brooks@examplecorp.test,Marco Rossi,marco.okafor@acme-fake.test,Aisha Mercer,N,3.9,7.6,8.9,Drew Reyes,2023-12-07 13:09:00,4864,6250,Other,Alpha,Beta,TAG-8710,6299,7588,Taylor Blake,,,,,7905,2800,Morgan Whitfield,2024-01-01 22:52:00,3692,2046,Gamma,Alpha,Other,Delta,Morgan Ashby,,,,,,,7105,3954,N,,,,Gamma,,,mei.cohen@examplecorp.test,,Shared the updated proposal for review.,avery.kim@acme-fake.test,nina.dorsey@demomail.test,,100298,,101552,,100519,,,,,100487,,casey.ashby@demomail.test,Aisha Ivanov,Y,Cobalt Foods Co,100673,TAG-4838,101110,Mei Blake,101491,Other,,101143
700323,100252,Customer Management,100750,Wellness Check-In,Draft,Resolved the outstanding question about scope.,N,Y,LOT-4253,priya.haddad@acme-fake.test,2025-01-22 16:10:00,casey.whitfield@examplecorp.test,Noah Whitfield,Elena Vance,,,,,elena.mercer@demomail.test,,alex.brooks@sampleco.test,Skyler Mensah,N,1.1,9.5,7.5,Rahul Ashby,2023-11-26 20:22:00,828,8543,Alpha,Gamma,Delta,SKU-3810,3859,4850,Rowan Sloan,,,,,4155,1227,Chen Cohen,2025-07-16 04:54:00,9489,4406,Standard,Beta,Beta,Other,Drew Costa,538,,,,,6295,8571,,Y,,,,Alpha,Reviewed performance and gathered feedback.,,jordan.ford@sampleco.test,,Scheduled a check-in for the coming month.,aisha.silva@examplecorp.test,rahul.brooks@sampleco.test,,100650,,101038,,100570,,,100881,,100263,,riley.kim@acme-fake.test,Diego Haddad,Y,Delta Health Corp,100478,LOT-2986,101265,,101176,,,100909
700324,100221,Customer Management,100404,Customer Success Check-In,Final,Noted a concern to revisit at the next sync.,Y,Y,TAG-6445,rahul.ford@demomail.test,2025-11-15 18:32:00,liam.vance@acme-fake.test,Arjun Calder,Rowan Costa,Mei Garcia,,SKU-3399,Fatima Ivanov,diego.sato@sampleco.test,Avery Ashby,diego.calder@sampleco.test,Quinn Patel,Y,6.6,4.4,5.5,Rowan Nguyen,2022-10-21 16:55:00,7583,5657,Beta,Gamma,Other,TAG-5469,4402,2400,Rahul Rossi,,,,,513,967,Noah Brooks,2025-11-13 08:24:00,3017,6097,Standard,Other,,,Skyler Mensah,753,,,,,8747,2832,2665,N,,,,Alpha,Reviewed performance and gathered feedback.,,chen.nguyen@sampleco.test,,Shared the updated proposal for review.,jamie.reyes@demomail.test,arjun.vance@examplecorp.test,,100219,,,,,,,101781,,100582,,fatima.vance@acme-fake.test,Jamie Reyes,N,Cobalt Dynamics LLP,100231,TAG-4244,101448,Drew Patel,101249,,SKU-5106,101373
700325,100155,Resource Care,100582,Quarterly Review,Final,Aligned on billing and renewal terms.,N,N,SKU-6992,alex.dorsey@demomail.test,2024-10-16 21:09:00,noah.nguyen@acme-fake.test,Alex Calder,Priya Okafor,Riley Kim,,TAG-8524,Noah Larsson,omar.mercer@acme-fake.test,Arjun Ivanov,morgan.garcia@sampleco.test,Rahul Nguyen,N,6.3,4.0,1.6,Jamie Reyes,2024-04-19 10:09:00,3546,8308,Beta,Alpha,Gamma,LOT-3100,5683,5085,Marco Ford,,,,,7435,76,Sofia Whitfield,2024-12-14 01:30:00,8445,2641,Other,Standard,Standard,,Priya Vance,441,,,,,4046,8603,2566,N,,,Alpha,Delta,,,reese.rossi@sampleco.test,,Shared the updated proposal for review.,elena.costa@sampleco.test,liam.kim@examplecorp.test,,100445,,101254,,,,,,,100134,,sofia.dorsey@acme-fake.test,Rowan Whitfield,N,Summit Analytics Ltd,100429,SKU-3830,101652,Fatima Blake,101159,,,101018
700326,100507,Customer Management,100232,Quarterly Review,Final,Resolved the outstanding question about scope.,Y,N,REF-7407,emerson.mercer@demomail.test,2025-11-14 00:58:00,alex.mercer@sampleco.test,Sofia Silva,Fatima Ashby,Arjun Reyes,,LOT-8524,Liam Costa,sofia.whitfield@examplecorp.test,,alex.reyes@examplecorp.test,Rahul Ford,Y,3.1,5.7,1.5,Diego Ford,2025-01-03 05:55:00,1780,5584,Gamma,Alpha,Alpha,TAG-8431,6772,6806,Morgan Costa,,,,,2151,1576,Jamie Garcia,2026-02-28 19:29:00,1613,,Beta,,,,Yara Patel,4025,,,,,8763,3183,8103,Y,,,,Standard,Followed up on the open items from last week.,,quinn.okafor@examplecorp.test,,Resolved the outstanding question about scope.,aisha.okafor@sampleco.test,liam.nguyen@demomail.test,,100236,,101133,,,,,101739,,,,casey.patel@acme-fake.test,Chen Cohen,N,Delta Health LLP,100040,SKU-3579,101038,Reese Mercer,100967,,,101268
700327,100047,Resource Care,100349,Wellness Check-In,Final,Aligned on billing and renewal terms.,N,N,SKU-3212,mei.dorsey@sampleco.test,2023-03-01 00:16:00,liam.ford@sampleco.test,Morgan Rossi,Jamie Dorsey,Omar Silva,,,Avery Silva,rowan.ashby@sampleco.test,Rowan Larsson,jamie.dorsey@demomail.test,,N,5.0,4.1,6.3,Emerson Mercer,2025-08-11 01:14:00,9718,5948,Gamma,Gamma,Standard,TAG-5124,1934,6748,Fatima Ivanov,,,,,5911,555,Morgan Rossi,2023-10-21 11:57:00,7213,6588,Beta,Gamma,Alpha,Beta,Liam Ford,7918,,,,,4669,1077,,N,,,,Standard,Aligned on billing and renewal terms.,,arjun.haddad@examplecorp.test,,Shared the updated proposal for review.,rahul.dorsey@demomail.test,elena.silva@examplecorp.test,,100330,,100981,,100372,,,101673,,100174,,rahul.kim@examplecorp.test,Noah Silva,N,Ironwood Ventures Ltd,100503,REF-1582,101140,Casey Ivanov,101649,,,100849
700328,100675,Customer Management,100529,Wellness Check-In,Final,Noted a concern to revisit at the next sync.,N,Y,SKU-9153,arjun.kim@demomail.test,2024-09-06 16:00:00,quinn.calder@acme-fake.test,Alex Cohen,Skyler Sloan,Omar Silva,,REF-3592,Mei Whitfield,omar.mensah@demomail.test,Yara Ford,alex.nguyen@acme-fake.test,Morgan Nguyen,N,5.4,4.7,1.1,Skyler Okafor,2025-09-01 02:15:00,9702,1501,Delta,Alpha,Standard,LOT-6228,9736,1195,Alex Reyes,,,,,3036,2626,Morgan Reyes,2024-04-09 05:24:00,,524,Gamma,Alpha,Beta,,Jamie Kim,1974,,,,,6242,610,5746,N,,,,Other,Discussed timeline and next steps with the account.,,quinn.whitfield@sampleco.test,,Followed up on the open items from last week.,arjun.dorsey@demomail.test,jamie.okafor@sampleco.test,,100458,,101563,,100014,,,,,,,yara.reyes@examplecorp.test,Avery Larsson,Y,Keystone Dynamics Ltd,100386,TAG-9792,101748,,101201,,SKU-2413,101216
700329,100147,Resource Care,100096,Quarterly Review,Final,Reviewed performance and gathered feedback.,Y,N,SKU-5258,chen.costa@demomail.test,2023-01-07 13:55:00,alex.calder@demomail.test,Riley Costa,Sofia Sloan,,,,Rahul Blake,fatima.silva@examplecorp.test,Alex Costa,liam.larsson@sampleco.test,,Y,7.3,8.3,5.9,Emerson Sloan,2026-04-27 14:52:00,5952,6614,Delta,Alpha,Beta,SKU-2956,641,3194,Nina Vance,,,,,1149,9420,,2026-02-14 06:33:00,6047,7592,Gamma,Gamma,Gamma,Standard,Jamie Costa,3849,,,,,5083,9679,1680,N,,,,Delta,Aligned on billing and renewal terms.,,omar.mensah@sampleco.test,,Aligned on billing and renewal terms.,skyler.sato@demomail.test,reese.mensah@demomail.test,,100771,,101046,,100200,,,101742,,100183,,casey.whitfield@sampleco.test,,N,Horizon Foods Ltd,100372,SKU-7408,101287,,101697,,,100819
700330,100278,Resource Care,100349,Quarterly Review,Final,Reviewed performance and gathered feedback.,N,Y,REF-8123,emerson.okafor@sampleco.test,2026-02-19 16:11:00,aisha.mercer@examplecorp.test,Fatima Whitfield,Jamie Mensah,Reese Silva,,LOT-5150,Marco Garcia,quinn.mercer@examplecorp.test,Riley Cohen,rahul.mercer@sampleco.test,,N,3.0,2.3,5.3,Taylor Whitfield,2026-01-02 12:58:00,9335,3395,Alpha,Other,Standard,LOT-2574,8176,535,Aisha Costa,,,,,282,7643,Nina Blake,2023-01-17 22:27:00,6164,5382,Delta,Beta,Alpha,Other,Noah Cohen,9524,,,,,6416,,92,Y,,,,Standard,Shared the updated proposal for review.,,riley.ashby@acme-fake.test,,Aligned on billing and renewal terms.,jamie.okafor@sampleco.test,taylor.brooks@demomail.test,,100451,,101266,,100201,,,,,,,aisha.nguyen@examplecorp.test,Mei Dorsey,Y,Keystone Textiles,100200,SKU-1541,101752,Yara Nguyen,101165,,,101572
700331,100435,Customer Management,100077,Customer Success Check-In,Draft,Followed up on the open items from last week.,Y,N,REF-6463,jordan.cohen@demomail.test,2025-09-27 01:18:00,elena.garcia@acme-fake.test,Aisha Whitfield,Emerson Haddad,Taylor Sloan,,SKU-1795,,fatima.ivanov@examplecorp.test,Elena Haddad,morgan.larsson@sampleco.test,,Y,2.1,8.6,9.7,Noah Reyes,2024-04-26 17:43:00,2585,8725,Gamma,Alpha,Alpha,LOT-4991,9413,1211,Noah Haddad,,,,,1725,2867,,2025-06-23 04:12:00,8443,,Gamma,Beta,Other,Beta,Casey Mercer,9469,,,,,6074,,1098,N,,,,Gamma,,,chen.sloan@demomail.test,,Discussed timeline and next steps with the account.,avery.sato@examplecorp.test,noah.mensah@sampleco.test,,100461,,101389,,100400,,,,,,,sofia.dorsey@examplecorp.test,Aisha Silva,Y,Harbor Health Group,100759,REF-3385,101507,Rahul Cohen,101418,,,101752
700332,100428,Customer Management,100183,Customer Success Check-In,Final,Noted a concern to revisit at the next sync.,Y,N,SKU-6016,yara.mensah@acme-fake.test,2024-02-16 13:12:00,morgan.sato@sampleco.test,Skyler Nguyen,Marco Ford,,,SKU-5689,,priya.dorsey@acme-fake.test,Chen Reyes,diego.silva@acme-fake.test,,Y,5.8,6.1,6.6,Aisha Costa,2023-02-20 06:16:00,7786,8701,Beta,Other,Gamma,REF-1694,1637,4547,Omar Whitfield,,,,,9976,180,Avery Brooks,2023-09-21 21:06:00,6511,1832,Other,Delta,Beta,Beta,Arjun Reyes,7345,,,,,4958,6434,5458,Y,,,,Delta,Reviewed performance and gathered feedback.,,aisha.larsson@sampleco.test,,Noted a concern to revisit at the next sync.,morgan.kim@acme-fake.test,jordan.blake@demomail.test,,100507,,101736,,100771,,,101632,,100640,,alex.costa@sampleco.test,Skyler Sato,Y,Northwind Group Inc,100574,SKU-8486,100879,Quinn Cohen,101180,,LOT-4080,101087
700333,100470,Resource Care,100103,Customer Success Check-In,Final,Reviewed performance and gathered feedback.,Y,Y,TAG-4407,jamie.dorsey@demomail.test,2025-11-19 20:33:00,liam.costa@sampleco.test,Emerson Blake,Fatima Silva,Rahul Larsson,,TAG-9654,Chen Vance,omar.whitfield@acme-fake.test,Aisha Mensah,quinn.silva@demomail.test,Skyler Ivanov,Y,4.1,9.3,6.5,Aisha Ivanov,2023-05-21 06:43:00,1419,2172,Delta,Gamma,Alpha,REF-1850,8243,5243,Omar Mercer,,,,,1864,377,Liam Ashby,2024-10-13 08:39:00,3343,5078,Beta,Gamma,Gamma,Gamma,Elena Blake,,,,,,5534,7772,5300,N,,Beta,,Beta,Noted a concern to revisit at the next sync.,,skyler.costa@examplecorp.test,Other,Reviewed performance and gathered feedback.,drew.reyes@acme-fake.test,taylor.ashby@sampleco.test,,100525,,,,100371,,,,,100199,,rahul.silva@demomail.test,,N,Redwood Health Co,100162,LOT-7378,101228,Rahul Whitfield,101084,,,101689
700334,100350,Resource Care,100123,Wellness Check-In,Final,Followed up on the open items from last week.,N,Y,SKU-5249,avery.whitfield@acme-fake.test,2024-05-25 04:16:00,arjun.ford@examplecorp.test,Morgan Rossi,Casey Whitfield,Omar Cohen,,,Omar Mercer,morgan.kim@acme-fake.test,Elena Dorsey,fatima.patel@acme-fake.test,Nina Larsson,N,2.0,1.7,8.2,Omar Rossi,2025-08-01 19:31:00,74,6368,Delta,Beta,Alpha,REF-9927,8112,4222,Arjun Dorsey,,,,,6728,381,Mei Cohen,2024-08-07 21:42:00,,9071,Gamma,Delta,Alpha,Alpha,Aisha Sloan,1239,,,,,,4686,9149,Y,,,,Delta,Discussed timeline and next steps with the account.,,diego.costa@sampleco.test,,Resolved the outstanding question about scope.,rahul.mercer@examplecorp.test,skyler.mercer@demomail.test,,100596,,,,,,,101766,,,,nina.sloan@demomail.test,Mei Mercer,Y,Keystone Retail Group,100067,LOT-7261,100813,Diego Costa,101281,,,101395
700335,100375,Resource Care,100535,Customer Success Check-In,Final,Reviewed performance and gathered feedback.,Y,N,SKU-9720,arjun.ford@acme-fake.test,2023-07-02 14:17:00,chen.reyes@demomail.test,Jordan Reyes,Quinn Costa,,,,,taylor.silva@demomail.test,Alex Whitfield,noah.haddad@demomail.test,Taylor Costa,Y,4.8,1.6,6.6,Omar Sato,2024-05-21 00:04:00,2581,3292,Standard,Alpha,Gamma,LOT-8865,9537,9338,Rowan Okafor,,,,,2096,5934,Riley Nguyen,2024-10-08 05:53:00,2907,,,Other,Beta,Alpha,,,,,,,8695,5756,5417,N,,,,Gamma,Scheduled a check-in for the coming month.,,drew.ivanov@sampleco.test,,Shared the updated proposal for review.,fatima.patel@sampleco.test,alex.calder@examplecorp.test,,100061,,,,100522,,,,,100203,,diego.silva@acme-fake.test,,Y,Vertex Dynamics LLP,100451,TAG-6228,100991,Rahul Kim,100924,,SKU-1187,101175
700336,100732,Customer Management,100672,Quarterly Review,Final,Reviewed performance and gathered feedback.,N,Y,SKU-7611,arjun.vance@examplecorp.test,2024-10-01 17:51:00,elena.garcia@sampleco.test,Aisha Reyes,Drew Sato,Reese Silva,,LOT-5504,Morgan Haddad,nina.calder@demomail.test,,elena.calder@demomail.test,Diego Okafor,Y,6.0,9.1,8.8,Diego Haddad,2023-12-29 11:09:00,6288,5288,Gamma,Beta,Other,TAG-6358,6328,6128,Avery Mercer,,,,,8537,6442,,2025-01-22 00:24:00,5340,8788,Standard,Delta,Standard,Delta,Diego Whitfield,2216,,,,,8640,,1611,N,,,,,Resolved the outstanding question about scope.,,quinn.okafor@examplecorp.test,,Noted a concern to revisit at the next sync.,aisha.blake@acme-fake.test,quinn.blake@demomail.test,,100495,,100972,,,,,100917,,,,nina.dorsey@demomail.test,Casey Cohen,Y,Meridian Partners Ltd,100226,TAG-2141,101755,,101119,,,101084
700337,100585,Customer Management,100559,Wellness Check-In,Draft,Scheduled a check-in for the coming month.,Y,Y,LOT-1871,rowan.silva@examplecorp.test,2025-03-13 03:48:00,chen.okafor@examplecorp.test,Omar Mercer,Liam Costa,,,SKU-6469,,skyler.nguyen@acme-fake.test,Morgan Whitfield,rahul.whitfield@examplecorp.test,Jamie Reyes,N,9.3,2.5,8.5,Elena Patel,2026-05-09 08:22:00,2264,494,Standard,Standard,Beta,LOT-2518,4460,4277,Riley Larsson,,,,,3557,7558,Omar Mensah,2024-04-10 16:13:00,2742,3174,Gamma,Other,Other,Alpha,Sofia Rossi,9183,,,,,8512,8771,2787,Y,,,,Other,Discussed timeline and next steps with the account.,Riley Brooks,chen.mensah@acme-fake.test,,Noted a concern to revisit at the next sync.,reese.nguyen@demomail.test,casey.calder@demomail.test,,100599,,101458,,100449,,,,,100569,,casey.nguyen@demomail.test,Drew Calder,Y,Granite Industries LLP,100471,TAG-8921,100843,Alex Rossi,101283,,SKU-1298,101156
700338,100169,Customer Management,100421,Wellness Check-In,Final,Noted a concern to revisit at the next sync.,N,N,SKU-2476,morgan.vance@demomail.test,2022-11-17 22:56:00,chen.mercer@demomail.test,Jordan Whitfield,Alex Dorsey,Noah Blake,,,Jamie Blake,nina.garcia@sampleco.test,Jordan Vance,skyler.nguyen@examplecorp.test,,Y,5.8,1.9,7.3,Alex Dorsey,2025-10-08 05:30:00,7056,7524,Beta,Alpha,Other,LOT-1347,3012,2337,Riley Kim,,,,,171,3160,Arjun Ivanov,2023-07-23 05:42:00,,9204,Gamma,Standard,Alpha,Standard,Liam Rossi,5843,,,,,7147,6601,8699,N,,,,Other,Noted a concern to revisit at the next sync.,Skyler Nguyen,yara.vance@sampleco.test,,Reviewed performance and gathered feedback.,noah.blake@examplecorp.test,mei.sloan@sampleco.test,,100495,,101664,,,,,100899,,100203,,casey.mensah@examplecorp.test,Emerson Costa,N,Summit Group LLC,100172,SKU-5905,101252,,100892,,,101427
700339,100112,Customer Management,100650,Quarterly Review,Final,Noted a concern to revisit at the next sync.,N,N,REF-3726,alex.cohen@sampleco.test,2026-07-11 20:07:00,alex.rossi@acme-fake.test,Emerson Mercer,Yara Reyes,,,LOT-1146,Skyler Sato,skyler.sato@sampleco.test,Taylor Mensah,taylor.rossi@acme-fake.test,Fatima Whitfield,Y,9.0,7.0,7.2,Quinn Sloan,2023-03-06 07:13:00,6519,3207,Beta,Gamma,Beta,SKU-6143,2376,1743,Liam Okafor,,,,,2600,1700,Taylor Rossi,2022-12-02 22:48:00,64,3726,Other,Delta,Delta,Gamma,Sofia Whitfield,2910,,,,,7456,7552,1069,Y,,,,Gamma,Reviewed performance and gathered feedback.,,elena.ford@examplecorp.test,,Reviewed performance and gathered feedback.,sofia.ford@examplecorp.test,alex.blake@examplecorp.test,,100683,,,,,,,101448,,,,sofia.reyes@acme-fake.test,Marco Brooks,N,Horizon Systems LLP,100264,TAG-5554,101282,Elena Rossi,101463,,,101133
700340,100046,Resource Care,100569,Quarterly Review,Draft,Reviewed performance and gathered feedback.,N,N,TAG-6236,reese.ashby@sampleco.test,2023-04-05 09:15:00,jordan.kim@examplecorp.test,Omar Sloan,Emerson Ivanov,Priya Brooks,,,Rowan Blake,omar.garcia@sampleco.test,Omar Nguyen,elena.kim@sampleco.test,Drew Haddad,Y,4.2,1.4,1.0,Jamie Rossi,2023-07-23 15:33:00,626,9111,Alpha,Standard,Delta,LOT-9547,138,6117,Quinn Ashby,,,,,5262,3005,Rahul Ashby,2025-11-14 06:30:00,9189,,Delta,Beta,Standard,Gamma,,1684,,,,,9789,9703,778,Y,,,,Other,Scheduled a check-in for the coming month.,,fatima.vance@demomail.test,,Shared the updated proposal for review.,nina.calder@demomail.test,skyler.okafor@sampleco.test,,100699,,101153,,100688,,,100911,,,,aisha.kim@demomail.test,Sofia Ivanov,Y,Harbor Group LLC,100403,TAG-2489,101178,Diego Okafor,100966,,SKU-3661,101449
700341,100400,Resource Care,100208,Quarterly Review,Draft,Resolved the outstanding question about scope.,Y,Y,REF-8096,taylor.kim@acme-fake.test,2024-07-04 05:55:00,jordan.kim@demomail.test,Sofia Cohen,Skyler Haddad,Riley Blake,,TAG-6775,Morgan Dorsey,morgan.silva@examplecorp.test,Riley Rossi,casey.patel@examplecorp.test,Avery Kim,N,9.9,5.2,1.3,Nina Garcia,2025-12-16 22:48:00,6377,7696,Gamma,Other,Beta,REF-7009,1957,4419,Rahul Costa,,,,,5942,8765,Jordan Cohen,2024-06-13 06:58:00,3058,8339,Gamma,Beta,Standard,Delta,Fatima Mercer,4482,,,,,3333,4550,4233,N,,,,,Reviewed performance and gathered feedback.,,skyler.okafor@demomail.test,,Shared the updated proposal for review.,emerson.kim@demomail.test,quinn.silva@acme-fake.test,,100332,,,,100130,,,101790,,100438,,jordan.silva@examplecorp.test,,Y,Vertex Group Co,100062,TAG-8175,101445,,101282,,,101760
700342,100256,Customer Management,100494,Customer Success Check-In,Final,Reviewed performance and gathered feedback.,N,N,LOT-1037,yara.kim@examplecorp.test,2026-07-09 11:40:00,sofia.okafor@demomail.test,Chen Okafor,Jordan Calder,,,,,liam.patel@acme-fake.test,,mei.haddad@demomail.test,,Y,7.5,6.9,4.0,Mei Ivanov,2024-03-05 22:04:00,459,7248,Delta,Beta,Other,SKU-5123,9738,5780,Jamie Patel,,,,,4771,8051,Yara Mercer,2023-01-27 11:54:00,,1897,Gamma,Standard,Beta,Alpha,Taylor Okafor,6082,,,,,834,6832,3851,N,,,,,Scheduled a check-in for the coming month.,,aisha.mercer@examplecorp.test,,Aligned on billing and renewal terms.,sofia.mercer@examplecorp.test,drew.ivanov@examplecorp.test,,100713,,,,100791,,,,,100672,,taylor.kim@acme-fake.test,Riley Kim,Y,Granite Holdings,100401,LOT-7625,101312,Jamie Whitfield,101424,,SKU-3327,101259
700343,100214,Resource Care,100350,Wellness Check-In,Final,Resolved the outstanding question about scope.,Y,Y,SKU-4617,jordan.rossi@examplecorp.test,2026-05-14 09:09:00,morgan.sato@acme-fake.test,Skyler Cohen,Riley Ashby,Skyler Sloan,,REF-7353,,skyler.garcia@sampleco.test,Taylor Mensah,elena.sato@demomail.test,Priya Rossi,Y,8.3,3.4,6.6,Alex Ashby,2026-03-07 16:31:00,6376,1631,Other,Other,Beta,LOT-4502,1069,9428,Taylor Costa,,,,,2347,6458,Rahul Vance,2025-01-01 17:21:00,1414,5585,Alpha,Standard,Standard,Other,Emerson Cohen,8429,,,,,332,7664,456,N,,,,Alpha,Followed up on the open items from last week.,,jordan.rossi@demomail.test,,Resolved the outstanding question about scope.,morgan.patel@sampleco.test,noah.dorsey@demomail.test,,100414,,,,100236,,,101582,,,,emerson.sloan@examplecorp.test,Taylor Calder,Y,Harbor Retail Inc,100219,REF-2307,101684,Drew Nguyen,100973,,,100865
700344,100561,Resource Care,100161,Customer Success Check-In,Final,Noted a concern to revisit at the next sync.,N,Y,SKU-1689,jamie.sloan@acme-fake.test,2023-11-02 01:31:00,noah.mensah@examplecorp.test,Morgan Larsson,Sofia Kim,,,SKU-2834,Alex Ashby,mei.cohen@examplecorp.test,Elena Larsson,mei.sloan@demomail.test,Omar Sato,Y,4.5,6.8,8.7,Fatima Whitfield,2023-07-25 13:08:00,720,3616,Standard,Gamma,Standard,SKU-5659,7580,843,Jordan Patel,,,,,7411,7141,Mei Nguyen,2023-12-19 16:03:00,3459,6598,Gamma,Standard,Alpha,Beta,Quinn Mensah,3611,,,,,3893,8959,1745,Y,,,,Delta,Followed up on the open items from last week.,,emerson.ivanov@sampleco.test,,Shared the updated proposal for review.,taylor.patel@sampleco.test,skyler.ivanov@examplecorp.test,,100199,,101102,,,,,101296,,,,alex.ivanov@demomail.test,Noah Haddad,N,Cardinal Partners Co,100599,REF-7590,101246,Rowan Sato,100890,,,101657
700345,100771,Resource Care,100790,Wellness Check-In,Final,Aligned on billing and renewal terms.,Y,N,SKU-2876,nina.mercer@sampleco.test,2026-06-10 02:37:00,yara.nguyen@sampleco.test,Aisha Ivanov,Rahul Mercer,,,SKU-4496,Aisha Ivanov,avery.ivanov@sampleco.test,,drew.cohen@sampleco.test,,Y,2.3,3.6,5.2,Quinn Ivanov,2023-03-18 16:38:00,7058,4311,Alpha,Beta,Gamma,REF-5110,6302,2992,Chen Kim,,,,,8620,3802,Rowan Mercer,2026-05-23 21:52:00,2871,8526,Other,Standard,Alpha,Gamma,Rahul Ford,2600,,,,,9166,,6147,N,,,,Gamma,Aligned on billing and renewal terms.,,riley.sloan@demomail.test,,Noted a concern to revisit at the next sync.,nina.sloan@acme-fake.test,omar.okafor@demomail.test,,100461,,,,,,,101418,,100425,,rowan.brooks@sampleco.test,Reese Brooks,Y,Beacon Health Ltd,100403,REF-7007,101243,Avery Dorsey,101773,,,101515
700346,100040,Customer Management,100500,Customer Success Check-In,Final,Scheduled a check-in for the coming month.,Y,N,TAG-8128,jordan.patel@sampleco.test,2023-11-24 09:14:00,noah.reyes@sampleco.test,Fatima Ivanov,Jordan Whitfield,Morgan Vance,,TAG-7557,Fatima Rossi,fatima.nguyen@acme-fake.test,Alex Silva,drew.silva@sampleco.test,Sofia Brooks,Y,7.9,9.6,9.9,Liam Ivanov,2025-06-29 05:26:00,4843,9405,Alpha,Alpha,Gamma,LOT-5389,3335,9013,Yara Rossi,,,,,3653,8027,Aisha Okafor,2022-12-19 15:14:00,7166,1399,Standard,Gamma,Beta,Other,Priya Rossi,2347,,,,,5257,3693,8508,N,,,,Other,Resolved the outstanding question about scope.,,alex.dorsey@sampleco.test,,Resolved the outstanding question about scope.,quinn.blake@examplecorp.test,quinn.mensah@sampleco.test,,100053,,101090,,,,,101784,,,,rahul.sato@demomail.test,,Y,Lakeside Solutions Ltd,100638,LOT-1912,101458,Nina Sloan,101682,,,101684
700347,100319,Customer Management,100130,Customer Success Check-In,Final,Resolved the outstanding question about scope.,N,Y,TAG-8730,taylor.ashby@demomail.test,2025-11-19 10:13:00,nina.haddad@demomail.test,Reese Haddad,Skyler Vance,Skyler Reyes,,REF-8655,Skyler Calder,priya.ashby@acme-fake.test,Drew Sato,rowan.blake@sampleco.test,,Y,1.1,6.0,8.7,Taylor Dorsey,2025-02-15 19:26:00,2228,8668,Alpha,Alpha,Alpha,TAG-8081,17,6362,Elena Dorsey,,,,,4450,9854,Avery Okafor,2023-03-18 12:40:00,8124,,Beta,Beta,Beta,Other,Quinn Ford,2340,,,,,2968,6056,8205,N,LOT-1278,,,,Followed up on the open items from last week.,,fatima.silva@demomail.test,,Followed up on the open items from last week.,avery.reyes@examplecorp.test,sofia.larsson@sampleco.test,,100504,,100838,,100120,,,,,100246,,arjun.rossi@sampleco.test,Fatima Garcia,N,,100574,SKU-5808,101335,Yara Sato,100835,,,101525
700348,100673,Resource Care,100232,Customer Success Check-In,Final,Resolved the outstanding question about scope.,N,N,SKU-9711,priya.okafor@examplecorp.test,2026-01-19 09:54:00,reese.mercer@demomail.test,Morgan Rossi,Liam Kim,Jamie Ashby,,TAG-6557,Aisha Calder,rowan.dorsey@demomail.test,Emerson Vance,marco.haddad@acme-fake.test,Quinn Ashby,N,3.9,8.6,9.0,Fatima Mercer,2026-03-20 05:31:00,6018,7119,Beta,Standard,Other,REF-2901,1372,8129,Omar Nguyen,,,,,9134,6032,Casey Silva,2023-07-23 18:38:00,1215,1447,Standard,Beta,Beta,Alpha,,2073,,,,,1070,5048,2201,N,,Standard,,Other,Resolved the outstanding question about scope.,,omar.mensah@demomail.test,,Aligned on billing and renewal terms.,reese.mensah@sampleco.test,mei.nguyen@demomail.test,,100779,,100822,,100215,,,,,100782,,riley.okafor@sampleco.test,Rowan Silva,Y,Copper Solutions Co,100082,SKU-7218,101353,Elena Rossi,100865,,,101733
700349,100009,Customer Management,100500,Customer Success Check-In,Final,Reviewed performance and gathered feedback.,N,Y,LOT-2703,mei.costa@sampleco.test,2025-05-09 14:26:00,riley.brooks@acme-fake.test,Rowan Brooks,Quinn Whitfield,Jordan Vance,,,Rahul Kim,elena.garcia@sampleco.test,Sofia Vance,reese.costa@sampleco.test,Marco Patel,N,8.5,3.5,4.7,Sofia Nguyen,2026-05-02 22:10:00,6082,642,Alpha,Delta,Other,REF-9069,9668,451,Rowan Garcia,,,,,60,6018,Priya Garcia,2023-11-14 18:18:00,9313,6228,Other,Gamma,Delta,,Chen Mercer,9736,,,,,3767,767,4103,Y,,,,Delta,Reviewed performance and gathered feedback.,,rowan.mensah@examplecorp.test,,Followed up on the open items from last week.,elena.patel@examplecorp.test,riley.dorsey@demomail.test,,100434,,,,100595,,,,,100412,,aisha.dorsey@sampleco.test,,N,,100710,TAG-7104,100822,Omar Dorsey,101481,,,101448
700350,100387,Customer Management,100267,Quarterly Review,Final,Resolved the outstanding question about scope.,N,Y,LOT-8228,morgan.rossi@demomail.test,2025-08-17 12:28:00,nina.haddad@demomail.test,Nina Mercer,Avery Whitfield,Omar Costa,,TAG-1867,Jamie Garcia,mei.ivanov@demomail.test,,omar.reyes@acme-fake.test,Rahul Mercer,Y,4.3,3.5,8.9,Morgan Blake,2024-03-26 21:37:00,4180,5264,Gamma,Gamma,Alpha,REF-6315,9401,7043,Diego Reyes,,,,,7987,9242,Morgan Ashby,2025-11-29 22:11:00,4538,1797,Beta,Gamma,Standard,Other,Nina Haddad,9764,,,,,8798,5219,1811,N,,,,Beta,Scheduled a check-in for the coming month.,,marco.mercer@sampleco.test,Delta,Scheduled a check-in for the coming month.,morgan.patel@demomail.test,chen.calder@demomail.test,,100498,,101065,,100315,,,101518,,,,marco.dorsey@examplecorp.test,Avery Reyes,N,Brightpath Partners Co,100561,TAG-1912,101205,Skyler Ford,101435,,SKU-7464,101292
700351,100362,Resource Care,100658,Quarterly Review,Final,Discussed timeline and next steps with the account.,Y,Y,REF-9870,mei.nguyen@sampleco.test,2023-05-15 08:29:00,liam.haddad@acme-fake.test,Mei Larsson,Rahul Calder,Diego Calder,,SKU-2743,Drew Larsson,rahul.vance@demomail.test,Priya Ashby,aisha.costa@examplecorp.test,Alex Vance,Y,3.7,8.7,6.1,Diego Calder,2025-01-12 22:06:00,5643,5318,Other,Alpha,Delta,SKU-1385,8827,4360,Alex Vance,,,,,1763,7389,Mei Garcia,2023-09-04 19:01:00,4061,2608,Beta,Delta,Beta,Alpha,Elena Rossi,1389,,,,,,8555,4519,Y,,,,Delta,,,noah.ivanov@acme-fake.test,,Noted a concern to revisit at the next sync.,mei.rossi@examplecorp.test,chen.larsson@acme-fake.test,,100587,,101547,,100514,,,101605,,100554,,aisha.reyes@sampleco.test,Quinn Ashby,N,Beacon Media LLP,100300,REF-1342,101151,Taylor Nguyen,100957,,,101202
700352,100638,Customer Management,100375,Quarterly Review,Final,Aligned on billing and renewal terms.,Y,N,SKU-8690,sofia.whitfield@sampleco.test,2026-07-15 04:02:00,avery.ashby@acme-fake.test,Mei Vance,Sofia Haddad,Skyler Reyes,,REF-2114,Fatima Silva,diego.ivanov@examplecorp.test,Arjun Mercer,yara.dorsey@examplecorp.test,Jordan Sloan,Y,7.8,2.8,2.7,Skyler Sato,2025-04-30 14:21:00,8183,3060,Alpha,Standard,Standard,LOT-7347,7333,569,Drew Blake,,,,,7645,4593,Jordan Rossi,2023-03-12 18:13:00,,6275,Alpha,Standard,,Other,Jamie Okafor,2796,,,,,4267,4940,4321,Y,,,,Standard,Discussed timeline and next steps with the account.,,taylor.sato@demomail.test,,Scheduled a check-in for the coming month.,chen.silva@sampleco.test,jamie.blake@examplecorp.test,,100328,,101116,,100740,,,100853,,100219,,avery.nguyen@demomail.test,,Y,Cardinal Robotics LLC,100476,REF-7184,100809,Morgan Cohen,101319,,,101739
700353,100590,Resource Care,100741,Wellness Check-In,Final,Resolved the outstanding question about scope.,N,Y,LOT-4392,nina.calder@sampleco.test,2024-06-17 15:26:00,mei.garcia@acme-fake.test,Omar Mercer,Priya Ivanov,Rowan Calder,,,Sofia Ivanov,arjun.sato@demomail.test,Rahul Larsson,liam.cohen@examplecorp.test,,N,3.6,1.1,8.7,Jordan Costa,2024-11-17 15:34:00,7748,3525,Beta,Beta,Gamma,LOT-8735,341,4341,Diego Whitfield,,,,,496,6527,,2025-04-30 03:15:00,2617,4741,Beta,,Beta,Standard,Jamie Kim,6952,,,,,2592,940,6026,Y,,,,Other,Reviewed performance and gathered feedback.,,rahul.ford@examplecorp.test,,Discussed timeline and next steps with the account.,omar.ivanov@examplecorp.test,yara.whitfield@acme-fake.test,,100335,,101312,,100775,,,,,100392,,sofia.larsson@demomail.test,Alex Reyes,N,Redwood Robotics Ltd,100393,TAG-1788,101128,Diego Nguyen,100988,,,101149
700354,100675,Resource Care,100023,Wellness Check-In,Draft,Resolved the outstanding question about scope.,Y,N,LOT-2329,riley.sloan@acme-fake.test,2026-05-21 04:56:00,yara.haddad@demomail.test,Rowan Ivanov,Reese Mensah,Casey Larsson,,,Yara Okafor,jamie.ashby@demomail.test,,taylor.blake@demomail.test,,Y,7.0,2.8,4.8,Rahul Calder,2023-05-08 22:28:00,2439,7176,Other,Delta,Delta,SKU-3831,1843,1145,Emerson Calder,,,,,351,3154,Drew Sato,2025-06-20 20:58:00,,,Standard,Beta,Gamma,Delta,Reese Patel,1220,,,,,,3949,6252,N,,,,,Reviewed performance and gathered feedback.,,chen.reyes@examplecorp.test,,Discussed timeline and next steps with the account.,jordan.haddad@examplecorp.test,noah.sato@acme-fake.test,,100735,,,,,,,,,100219,,rahul.brooks@demomail.test,Skyler Garcia,Y,Cardinal Group Ltd,100439,SKU-8761,101424,Rahul Silva,101704,,,101525
700355,100654,Customer Management,100191,Quarterly Review,Final,Discussed timeline and next steps with the account.,Y,Y,SKU-8538,drew.rossi@examplecorp.test,2022-12-28 17:37:00,avery.reyes@demomail.test,Jamie Ford,Noah Costa,Sofia Garcia,,LOT-1387,,casey.blake@sampleco.test,Jordan Ford,sofia.costa@acme-fake.test,Emerson Brooks,N,7.4,4.1,3.3,Skyler Sloan,2024-06-02 00:41:00,7868,9544,Alpha,Other,Alpha,LOT-9969,3670,2278,Jordan Ashby,,,,,4121,9611,,2023-09-11 03:18:00,3125,293,Beta,Beta,,Beta,Casey Haddad,6666,,,,,,4033,6424,N,,,,,Shared the updated proposal for review.,,skyler.brooks@acme-fake.test,,Discussed timeline and next steps with the account.,rowan.ford@examplecorp.test,drew.brooks@acme-fake.test,,100348,,101160,,100651,,,101547,,100441,,noah.ivanov@sampleco.test,Noah Ivanov,Y,Lakeside Ventures LLP,100357,REF-2458,101070,Arjun Whitfield,101311,,,101161
700356,100288,Customer Management,100239,Customer Success Check-In,Final,Discussed timeline and next steps with the account.,Y,Y,REF-1541,rahul.brooks@demomail.test,2024-02-08 18:44:00,jordan.ivanov@demomail.test,Liam Kim,Jamie Whitfield,,,REF-6118,Mei Nguyen,rowan.mensah@acme-fake.test,Arjun Ford,quinn.blake@acme-fake.test,,N,6.9,3.9,1.4,Skyler Okafor,2024-06-05 17:07:00,5231,3179,Standard,Delta,Other,TAG-1922,7769,3799,Reese Patel,,,,,8301,3366,Quinn Calder,2023-06-07 18:17:00,1477,7421,Beta,,Alpha,Gamma,Aisha Whitfield,6081,,,,,7940,388,5121,N,,,,,Noted a concern to revisit at the next sync.,,skyler.ivanov@sampleco.test,,Shared the updated proposal for review.,elena.whitfield@demomail.test,noah.mensah@acme-fake.test,,100115,,,,100784,,,,,100246,,elena.costa@demomail.test,Elena Reyes,N,Cardinal Holdings LLP,100578,LOT-2711,101424,Rahul Nguyen,101556,,,101000
700357,100469,Customer Management,100115,Quarterly Review,Draft,Followed up on the open items from last week.,N,N,SKU-8727,taylor.sloan@sampleco.test,2024-08-10 05:10:00,elena.whitfield@acme-fake.test,Omar Brooks,Mei Rossi,Diego Okafor,,LOT-1386,Yara Whitfield,drew.sloan@examplecorp.test,Sofia Vance,jamie.blake@acme-fake.test,,N,9.9,3.6,6.5,Mei Mensah,2025-11-23 20:23:00,6533,7297,Other,Beta,Delta,REF-3413,1273,845,Jamie Costa,,,,,3016,5617,Omar Dorsey,2024-02-22 22:22:00,2185,145,Standard,Standard,Standard,Delta,,,,,,,,2620,6258,Y,,,,Delta,Resolved the outstanding question about scope.,,mei.blake@acme-fake.test,,Scheduled a check-in for the coming month.,taylor.ivanov@sampleco.test,chen.cohen@sampleco.test,,100449,,101389,,100713,,,,,100514,,alex.nguyen@examplecorp.test,Riley Vance,Y,Cardinal Manufacturing,100593,LOT-2047,100809,,100796,,,100936
700358,100247,Resource Care,100311,Quarterly Review,Final,Reviewed performance and gathered feedback.,Y,Y,LOT-8951,diego.patel@examplecorp.test,2026-04-07 19:54:00,rahul.haddad@acme-fake.test,Priya Okafor,Jordan Okafor,Reese Reyes,,REF-9166,Liam Sloan,nina.mensah@demomail.test,Priya Mercer,fatima.sloan@acme-fake.test,Yara Nguyen,Y,1.1,5.9,2.6,Rahul Cohen,2023-10-19 12:38:00,9237,3863,Delta,Gamma,Standard,SKU-4817,9110,1299,Noah Reyes,,,,,9747,6190,Yara Rossi,2026-04-26 06:04:00,7082,1294,Beta,Standard,Other,Gamma,Omar Ford,8506,,,,,5313,3630,,Y,,,,Alpha,Aligned on billing and renewal terms.,,aisha.haddad@sampleco.test,,Shared the updated proposal for review.,morgan.ashby@demomail.test,skyler.reyes@acme-fake.test,,100246,,,,100559,,,101132,,100498,,reese.nguyen@demomail.test,Rowan Ivanov,Y,Brightpath Networks LLP,100462,TAG-6316,101347,Rowan Dorsey,101389,,,101259
700359,100512,Customer Management,100599,Wellness Check-In,Draft,Discussed timeline and next steps with the account.,N,Y,SKU-1314,priya.mercer@acme-fake.test,2024-07-18 23:45:00,riley.nguyen@demomail.test,Nina Vance,Quinn Reyes,Emerson Ivanov,,,Marco Ivanov,quinn.patel@acme-fake.test,Marco Calder,arjun.brooks@demomail.test,Elena Ivanov,Y,4.9,9.9,2.4,Quinn Patel,2025-04-26 08:24:00,8132,1294,Other,Alpha,Gamma,LOT-5096,8357,3035,Mei Mensah,,,,,730,8964,Rahul Calder,2024-01-17 07:27:00,,7460,Gamma,Delta,Delta,Alpha,Aisha Cohen,8919,,,,,6942,1210,2296,N,,,,Beta,Scheduled a check-in for the coming month.,,chen.brooks@examplecorp.test,,Followed up on the open items from last week.,yara.kim@acme-fake.test,rahul.vance@examplecorp.test,,100009,,101523,,,,,,,100083,,mei.rossi@examplecorp.test,Jamie Cohen,N,Harbor Robotics Ltd,100109,TAG-3264,101572,Liam Mercer,101274,,,101351
700360,100380,Customer Management,100194,Quarterly Review,Final,Resolved the outstanding question about scope.,N,N,LOT-6940,sofia.reyes@examplecorp.test,2023-07-25 13:47:00,elena.okafor@acme-fake.test,Chen Okafor,Riley Costa,Skyler Larsson,,REF-3506,Yara Patel,chen.mensah@acme-fake.test,Rowan Rossi,riley.patel@examplecorp.test,Omar Brooks,N,7.5,3.6,9.2,Chen Ivanov,2023-08-15 18:59:00,3733,7132,Delta,Alpha,Other,TAG-7685,4210,8286,Diego Silva,,,,,9269,8701,Chen Cohen,2024-10-14 14:31:00,4722,6673,Delta,Other,Alpha,Other,Arjun Cohen,830,,,,,3170,4434,2453,Y,,,,Delta,Followed up on the open items from last week.,Avery Haddad,reese.dorsey@sampleco.test,,Aligned on billing and renewal terms.,emerson.calder@sampleco.test,chen.rossi@acme-fake.test,,100115,,101448,,100498,,,101296,,100355,,skyler.rossi@acme-fake.test,Sofia Kim,N,Northwind Media,100055,TAG-5564,100975,Priya Reyes,100890,,,101490
700361,100434,Resource Care,100569,Customer Success Check-In,Final,Shared the updated proposal for review.,Y,Y,TAG-6582,avery.garcia@examplecorp.test,2023-03-23 22:27:00,yara.ivanov@acme-fake.test,Noah Silva,Elena Silva,Nina Vance,,TAG-9235,Omar Cohen,morgan.mensah@sampleco.test,Elena Vance,skyler.calder@sampleco.test,Marco Garcia,Y,5.7,7.3,7.1,Liam Brooks,2026-05-05 03:49:00,7832,1244,Standard,Other,Gamma,REF-7128,7760,8450,Casey Reyes,,,,,2525,3329,Omar Larsson,2026-02-18 20:20:00,1759,,Other,,Standard,Gamma,,771,,,,,3425,948,259,N,,,,Gamma,,,arjun.patel@examplecorp.test,,Shared the updated proposal for review.,marco.garcia@sampleco.test,nina.dorsey@acme-fake.test,,100699,,101646,,,,,101682,,,,aisha.costa@sampleco.test,Taylor Blake,Y,Horizon Manufacturing Co,100471,REF-1858,101379,Sofia Larsson,101325,,,101021
700362,100585,Resource Care,100785,Customer Success Check-In,Final,Shared the updated proposal for review.,N,N,TAG-1364,fatima.silva@examplecorp.test,2023-03-30 19:12:00,aisha.cohen@acme-fake.test,Quinn Ford,Nina Nguyen,Rahul Mensah,,SKU-8627,,noah.patel@examplecorp.test,Yara Larsson,omar.nguyen@examplecorp.test,Emerson Mercer,Y,6.5,2.6,7.8,Jordan Rossi,2025-10-08 06:31:00,6413,737,Standard,Standard,Alpha,REF-1456,7589,9519,Avery Whitfield,,,,,7727,4043,Skyler Dorsey,2024-05-01 17:16:00,6491,2560,Beta,Alpha,,Other,Chen Patel,5362,,,,,3405,2066,898,Y,,Delta,,Beta,Noted a concern to revisit at the next sync.,,diego.haddad@demomail.test,,Noted a concern to revisit at the next sync.,sofia.calder@demomail.test,arjun.garcia@examplecorp.test,,100616,,101353,,,,,100802,,100205,,alex.reyes@demomail.test,Emerson Ivanov,N,Vertex Networks Co,100325,SKU-3839,101571,Fatima Calder,101733,,,101388
700363,100123,Resource Care,100199,Customer Success Check-In,Draft,Scheduled a check-in for the coming month.,Y,Y,LOT-6818,priya.garcia@demomail.test,2024-02-22 03:12:00,drew.sloan@acme-fake.test,Drew Brooks,Quinn Ashby,,,SKU-9378,Mei Cohen,nina.okafor@examplecorp.test,,nina.mercer@examplecorp.test,,N,9.8,9.5,9.8,Aisha Ivanov,2023-06-24 08:49:00,8591,6468,Delta,Other,Gamma,TAG-6365,316,4374,Quinn Sato,,,,,5695,1672,Elena Okafor,2024-10-26 08:25:00,7475,2306,Delta,Gamma,Other,Delta,Emerson Mensah,1997,,,,,9071,4610,,Y,,,,Other,Aligned on billing and renewal terms.,,avery.larsson@demomail.test,,Noted a concern to revisit at the next sync.,skyler.costa@demomail.test,rahul.blake@demomail.test,,100361,,,,,,,,,,,sofia.ford@sampleco.test,Jamie Haddad,N,Horizon Holdings LLP,100713,TAG-1583,101050,Avery Garcia,101306,,,100857
700364,100054,Resource Care,100469,Customer Success Check-In,Final,Resolved the outstanding question about scope.,N,Y,TAG-2612,morgan.nguyen@demomail.test,2022-12-28 23:26:00,skyler.okafor@acme-fake.test,Chen Brooks,Skyler Calder,Rahul Ivanov,,REF-8529,,casey.garcia@examplecorp.test,,liam.sato@examplecorp.test,Nina Cohen,Y,7.7,1.1,3.3,Chen Ashby,2023-03-18 15:03:00,6160,4058,Gamma,Gamma,Other,SKU-9994,3149,7698,Quinn Costa,,,,,3581,9366,Riley Silva,2026-02-12 10:33:00,6919,9325,Other,Other,Alpha,Beta,Alex Larsson,5045,,,,,1685,971,7838,N,,,,Alpha,Followed up on the open items from last week.,,skyler.dorsey@acme-fake.test,,Discussed timeline and next steps with the account.,alex.silva@sampleco.test,skyler.nguyen@sampleco.test,,100568,,,,,,,101062,,,,riley.sato@sampleco.test,Riley Sloan,N,Copper Solutions Corp,100522,SKU-7486,100922,Riley Dorsey,100928,Delta,,100794
700365,100737,Customer Management,100133,Wellness Check-In,Final,Discussed timeline and next steps with the account.,Y,Y,LOT-3911,rowan.okafor@acme-fake.test,2024-06-23 17:50:00,morgan.ivanov@acme-fake.test,Casey Larsson,Aisha Kim,Avery Mensah,,LOT-7899,Jordan Whitfield,noah.reyes@acme-fake.test,Jamie Ivanov,jordan.ashby@sampleco.test,Mei Kim,Y,4.0,9.9,1.8,Aisha Costa,2023-10-07 14:01:00,4848,7356,Delta,Alpha,Gamma,LOT-7060,5173,7701,Mei Cohen,,,,,904,4692,Reese Ford,2023-12-13 11:17:00,9358,8720,Other,Alpha,Delta,,Skyler Okafor,4866,,,,,2421,7844,1886,Y,,,,Other,Followed up on the open items from last week.,,drew.ashby@demomail.test,,Shared the updated proposal for review.,liam.haddad@sampleco.test,priya.ashby@examplecorp.test,,100291,,,,,,,101256,,100721,,sofia.garcia@demomail.test,Riley Brooks,Y,Atlas Solutions Corp,100779,LOT-1284,101285,Chen Brooks,101736,,,101454
700366,100309,Resource Care,100689,Wellness Check-In,Draft,Followed up on the open items from last week.,Y,Y,SKU-1033,alex.mensah@demomail.test,2023-05-25 19:08:00,alex.cohen@examplecorp.test,Riley Sato,Liam Dorsey,Diego Patel,,TAG-3954,Fatima Brooks,taylor.silva@demomail.test,Aisha Okafor,yara.ashby@demomail.test,,N,5.1,3.0,10.0,Chen Cohen,2023-10-10 04:21:00,8340,7021,Other,Alpha,Delta,LOT-5098,6530,9767,Fatima Blake,,,,,9526,7900,Rowan Blake,2024-07-07 12:13:00,5802,1068,Beta,Beta,Delta,Beta,Marco Reyes,2712,,,,,4111,,4970,N,,,,Gamma,,,rowan.blake@acme-fake.test,,Scheduled a check-in for the coming month.,rowan.calder@examplecorp.test,fatima.kim@acme-fake.test,,100050,,101268,,100446,,,,,,,chen.mercer@examplecorp.test,Reese Silva,Y,Ironwood Systems,100089,REF-4309,101103,Noah Blake,101548,,,100865
700367,100026,Customer Management,100193,Customer Success Check-In,Final,Noted a concern to revisit at the next sync.,Y,Y,TAG-5738,rahul.rossi@acme-fake.test,2024-03-22 23:42:00,yara.haddad@sampleco.test,Riley Calder,Emerson Brooks,Aisha Whitfield,,LOT-6619,Drew Ashby,noah.ivanov@acme-fake.test,,mei.rossi@demomail.test,Casey Silva,N,5.8,1.8,9.4,Aisha Sloan,2024-07-13 03:43:00,169,5005,Delta,Beta,Alpha,REF-9324,3529,1890,Riley Brooks,,,,,8256,8809,Rowan Sloan,2026-03-11 13:34:00,2816,,Other,Standard,Standard,Delta,Noah Mensah,4511,,,,,7798,4796,3609,Y,,,,Beta,Aligned on billing and renewal terms.,,rahul.ashby@acme-fake.test,,Scheduled a check-in for the coming month.,noah.mercer@demomail.test,yara.okafor@examplecorp.test,,100236,,101262,,100578,,,101283,,,,fatima.costa@examplecorp.test,Sofia Costa,N,Ironwood Ventures Ltd,100220,SKU-8545,101676,Sofia Cohen,101481,,,101612
700368,100540,Customer Management,100094,Wellness Check-In,Final,Followed up on the open items from last week.,N,N,SKU-9648,mei.okafor@demomail.test,2025-09-04 10:35:00,avery.silva@sampleco.test,Taylor Patel,Drew Mensah,Aisha Blake,,REF-2560,,fatima.kim@demomail.test,,diego.costa@demomail.test,Marco Ashby,Y,6.0,3.1,7.2,Morgan Nguyen,2024-11-10 16:00:00,6296,4329,Alpha,Beta,Beta,REF-4036,9638,8292,Nina Ivanov,,,,,9340,1519,Chen Okafor,2026-07-31 18:13:00,3148,6937,Standard,Beta,Beta,Delta,Sofia Brooks,9400,,,,,4177,9921,2140,N,,,,Delta,Resolved the outstanding question about scope.,,priya.whitfield@examplecorp.test,,Followed up on the open items from last week.,omar.sato@acme-fake.test,avery.whitfield@acme-fake.test,,100461,,100924,,100383,,,,,100540,,aisha.reyes@demomail.test,Omar Mercer,N,Harbor Partners Corp,100168,TAG-3410,100975,Yara Sloan,101175,,,101048
700369,100137,Resource Care,100554,Customer Success Check-In,Draft,Discussed timeline and next steps with the account.,Y,N,LOT-6623,priya.reyes@sampleco.test,2022-12-10 02:44:00,emerson.calder@demomail.test,Omar Rossi,Riley Vance,Fatima Mensah,,LOT-1456,,diego.ashby@demomail.test,Skyler Dorsey,morgan.okafor@sampleco.test,,N,7.2,9.7,4.3,Taylor Cohen,2025-05-03 22:53:00,4340,7376,Other,Other,Gamma,LOT-2589,1683,8075,Casey Reyes,,,,,2663,4126,Casey Ford,2023-08-16 18:25:00,9221,,Alpha,Gamma,Gamma,Gamma,Chen Calder,3581,,,,,1634,4709,8901,Y,,,,Gamma,Scheduled a check-in for the coming month.,,liam.silva@acme-fake.test,,Resolved the outstanding question about scope.,noah.rossi@demomail.test,marco.sloan@acme-fake.test,,100669,,,,100224,,,101490,,100054,,aisha.larsson@sampleco.test,Riley Ivanov,Y,Keystone Labs Ltd,100667,LOT-5641,101095,Fatima Brooks,101760,,,101176
700370,100079,Customer Management,100558,Customer Success Check-In,Draft,Followed up on the open items from last week.,Y,N,TAG-9161,skyler.mensah@demomail.test,2025-10-22 21:58:00,fatima.reyes@examplecorp.test,Rowan Whitfield,Drew Garcia,,,,Emerson Calder,fatima.costa@acme-fake.test,Reese Blake,diego.dorsey@examplecorp.test,,Y,1.2,4.2,1.2,Noah Reyes,2025-10-27 17:07:00,3533,5709,Gamma,Alpha,Alpha,REF-6472,8902,1241,Drew Ashby,,,,,6616,4989,Taylor Haddad,2026-04-14 12:56:00,1782,,Alpha,Alpha,Other,Alpha,Quinn Patel,1094,,,,,4184,4061,3572,Y,,,,Standard,Reviewed performance and gathered feedback.,,riley.blake@examplecorp.test,,Reviewed performance and gathered feedback.,reese.whitfield@sampleco.test,arjun.dorsey@acme-fake.test,,100579,,101622,,,,,,,,,jamie.okafor@acme-fake.test,,Y,Harbor Media LLC,100717,LOT-8008,101739,,101399,,,100800
700371,100242,Customer Management,100599,Quarterly Review,Final,Shared the updated proposal for review.,Y,Y,TAG-3568,noah.silva@acme-fake.test,2025-08-05 22:23:00,morgan.larsson@examplecorp.test,Marco Haddad,Aisha Ivanov,,,,Quinn Mercer,arjun.brooks@sampleco.test,Quinn Garcia,quinn.silva@sampleco.test,Jamie Silva,N,6.3,7.8,3.8,Alex Sato,2024-01-14 06:39:00,763,8095,Gamma,Other,Beta,SKU-4708,2405,4456,Diego Mercer,,,,,4848,8936,Diego Reyes,2026-07-25 11:34:00,6293,5673,Standard,Gamma,Alpha,Standard,Aisha Rossi,2929,,,,,4189,1893,7341,Y,,,Delta,Delta,Reviewed performance and gathered feedback.,,aisha.ivanov@examplecorp.test,,Followed up on the open items from last week.,riley.blake@demomail.test,fatima.ivanov@acme-fake.test,,100188,,,,100071,,,,,,,nina.sato@demomail.test,Diego Brooks,N,Falcon Media Inc,100229,REF-1201,100819,Riley Larsson,101346,,SKU-6656,100997
700372,100250,Customer Management,100246,Quarterly Review,Final,Shared the updated proposal for review.,N,Y,LOT-7783,drew.silva@examplecorp.test,2024-04-24 04:30:00,rahul.ashby@examplecorp.test,Priya Whitfield,Emerson Larsson,Emerson Haddad,,SKU-3754,Elena Ivanov,avery.haddad@examplecorp.test,Taylor Calder,chen.ivanov@examplecorp.test,Taylor Silva,Y,6.0,1.4,9.4,Nina Calder,2024-03-29 10:42:00,5699,2286,Other,Gamma,Alpha,LOT-1342,1687,6304,Drew Rossi,,,,,2652,273,Elena Garcia,2024-12-27 15:10:00,8969,6438,Alpha,Other,Beta,Delta,Morgan Mensah,6958,,,,,1448,6677,2647,N,,,,Delta,,Marco Whitfield,liam.garcia@examplecorp.test,,Shared the updated proposal for review.,jordan.silva@acme-fake.test,yara.kim@examplecorp.test,,100399,,100988,,100196,,,101361,,,,mei.cohen@sampleco.test,Marco Mensah,N,Pioneer Capital Corp,100361,LOT-9926,101437,Diego Cohen,101062,,,101787
700373,100253,Resource Care,100007,Wellness Check-In,Final,Discussed timeline and next steps with the account.,N,Y,REF-3029,emerson.nguyen@examplecorp.test,2022-10-29 17:28:00,quinn.blake@examplecorp.test,Alex Cohen,Yara Kim,Priya Calder,,,Marco Ashby,priya.blake@sampleco.test,,noah.ford@acme-fake.test,Reese Calder,N,7.5,2.6,9.7,Drew Brooks,2026-02-20 05:31:00,6698,6361,Alpha,Delta,Alpha,LOT-2032,3918,2972,Elena Mensah,,,,,7167,2875,Casey Ford,2023-07-15 08:47:00,6393,3281,Other,Gamma,Beta,Beta,Emerson Larsson,3078,,,,,1345,5997,8892,N,,Standard,,Standard,Resolved the outstanding question about scope.,,alex.vance@examplecorp.test,,Noted a concern to revisit at the next sync.,marco.patel@examplecorp.test,jordan.ford@acme-fake.test,,100476,,,,100398,,,,,100339,,arjun.sloan@sampleco.test,Diego Costa,N,Cobalt Foods Inc,100476,SKU-3502,101029,Casey Garcia,101364,,,101048
700374,100219,Customer Management,100759,Wellness Check-In,Final,Aligned on billing and renewal terms.,N,N,LOT-6676,avery.vance@sampleco.test,2024-10-29 22:27:00,diego.reyes@acme-fake.test,Marco Kim,Drew Sloan,,,,Marco Whitfield,rahul.ashby@acme-fake.test,Drew Sato,fatima.costa@demomail.test,Sofia Nguyen,Y,2.5,9.8,4.7,Rahul Mercer,2026-03-04 19:04:00,3309,7459,Other,Standard,Standard,SKU-7272,3826,1555,Avery Mercer,,,,,9402,8777,Riley Calder,2023-05-07 13:10:00,8921,6129,Alpha,Alpha,Standard,Alpha,Casey Larsson,1778,,,,,8925,4649,6809,Y,,,,Standard,Noted a concern to revisit at the next sync.,,rahul.haddad@acme-fake.test,,Discussed timeline and next steps with the account.,avery.mercer@acme-fake.test,nina.sloan@examplecorp.test,,100495,,100822,,100604,,,,,100149,,aisha.sloan@sampleco.test,,N,Delta Financial,100393,REF-1338,101056,Quinn Brooks,100949,,REF-4767,101213
700375,100214,Customer Management,100125,Quarterly Review,Final,Shared the updated proposal for review.,Y,N,REF-2025,omar.rossi@sampleco.test,2024-03-12 01:45:00,morgan.ford@examplecorp.test,Taylor Mercer,Taylor Calder,Elena Rossi,,LOT-9744,Noah Okafor,jamie.ashby@sampleco.test,Nina Mercer,noah.ford@acme-fake.test,Jordan Rossi,Y,2.2,3.7,8.3,Nina Ashby,2023-12-01 08:32:00,5249,8067,Beta,Alpha,Standard,TAG-2626,3812,7602,Fatima Reyes,,,,,9130,5926,Rowan Dorsey,2025-09-24 14:45:00,1148,9497,Other,Gamma,Alpha,Gamma,Taylor Ford,8059,,,,,,6226,,N,,,,Alpha,,,arjun.mercer@demomail.test,,Noted a concern to revisit at the next sync.,rowan.mercer@examplecorp.test,jamie.sato@examplecorp.test,,100538,,100865,,,,,101017,,,,avery.reyes@examplecorp.test,Omar Reyes,Y,Ironwood Networks Group,100529,SKU-7329,101594,Diego Reyes,101669,,LOT-3900,100800
700376,100096,Customer Management,100627,Wellness Check-In,Draft,Shared the updated proposal for review.,Y,N,LOT-7275,rowan.mensah@examplecorp.test,2023-08-12 16:23:00,elena.patel@examplecorp.test,Diego Silva,Taylor Haddad,Emerson Haddad,,TAG-3291,,avery.larsson@sampleco.test,Aisha Cohen,riley.costa@examplecorp.test,Riley Okafor,Y,1.3,3.0,4.1,Quinn Ford,2023-04-19 17:16:00,2126,4470,Delta,Delta,Beta,SKU-3549,2423,4601,Priya Mercer,,,,,3939,1854,Mei Brooks,2025-10-10 13:27:00,6541,8616,Alpha,Beta,Alpha,Alpha,Taylor Cohen,7291,,,,,1582,2345,8268,N,,,,Delta,,,priya.rossi@sampleco.test,,Resolved the outstanding question about scope.,alex.mercer@acme-fake.test,liam.nguyen@demomail.test,,100689,,101606,,,,,,,,,morgan.mensah@examplecorp.test,Omar Vance,Y,Ironwood Financial Group,100599,LOT-4469,101160,Morgan Garcia,101176,,,101724
700377,100046,Customer Management,100476,Quarterly Review,Final,Aligned on billing and renewal terms.,N,Y,SKU-2996,alex.vance@examplecorp.test,2026-01-11 01:13:00,yara.calder@sampleco.test,Marco Mensah,Avery Costa,Marco Larsson,,,,morgan.ashby@examplecorp.test,Yara Rossi,fatima.dorsey@acme-fake.test,Morgan Costa,N,7.1,6.1,1.6,Avery Mensah,2023-06-17 21:59:00,3605,7300,Standard,Delta,Standard,TAG-2477,27,9392,Priya Dorsey,,,,,4129,1730,Alex Nguyen,2024-08-30 21:14:00,3185,7170,Standard,Alpha,Beta,Other,Rowan Brooks,1033,,,,,3971,,9275,N,,,,Alpha,Shared the updated proposal for review.,,aisha.sloan@acme-fake.test,,Scheduled a check-in for the coming month.,emerson.mensah@sampleco.test,jamie.larsson@acme-fake.test,,100449,,101115,,,,,101119,,,,marco.sato@acme-fake.test,Noah Calder,N,Silverline Financial,100022,SKU-5492,101067,Skyler Ford,101622,Other,REF-3589,100805
700378,100299,Customer Management,100704,Quarterly Review,Final,Reviewed performance and gathered feedback.,N,Y,LOT-1353,avery.patel@sampleco.test,2024-02-13 23:26:00,avery.dorsey@sampleco.test,Reese Patel,Elena Rossi,Avery Haddad,,REF-3301,Fatima Costa,fatima.ashby@acme-fake.test,,nina.sato@sampleco.test,Arjun Mensah,Y,2.0,3.1,8.7,Marco Rossi,2024-11-01 01:10:00,9715,9615,Standard,Gamma,Alpha,TAG-6914,4125,405,Casey Rossi,,,,,505,8459,Alex Reyes,2025-03-04 22:34:00,5447,1997,Alpha,Alpha,Delta,Delta,Mei Ashby,9178,,,,,,983,9419,Y,,,Standard,Alpha,Followed up on the open items from last week.,,arjun.cohen@examplecorp.test,Beta,Aligned on billing and renewal terms.,omar.cohen@acme-fake.test,emerson.whitfield@demomail.test,,100651,,,,,,,101311,,100449,,jordan.rossi@sampleco.test,Alex Blake,N,Brightpath Partners Co,100200,LOT-8821,100834,Arjun Okafor,101371,,,101129
700379,100100,Customer Management,100434,Wellness Check-In,Final,Resolved the outstanding question about scope.,Y,Y,LOT-4456,jordan.ashby@demomail.test,2026-03-08 15:55:00,reese.calder@examplecorp.test,Sofia Silva,Riley Sato,,,,Reese Vance,noah.brooks@demomail.test,Rahul Calder,nina.silva@acme-fake.test,,N,5.8,2.4,3.4,Aisha Vance,2026-06-17 13:00:00,5789,6568,Delta,Gamma,Other,REF-3844,1167,6204,Yara Ashby,,,,,4692,6288,Omar Okafor,2023-04-30 08:06:00,3353,2565,Alpha,Gamma,Beta,Gamma,Diego Silva,,,,,,1141,2970,5624,Y,,,,Beta,Discussed timeline and next steps with the account.,,noah.reyes@examplecorp.test,,Aligned on billing and renewal terms.,skyler.larsson@sampleco.test,quinn.whitfield@acme-fake.test,,100029,,,,,,,,,,,casey.rossi@sampleco.test,Elena Vance,Y,Northwind Analytics Corp,100658,REF-5353,101190,Chen Costa,101328,,,100841
700380,100724,Customer Management,100200,Quarterly Review,Final,Scheduled a check-in for the coming month.,Y,Y,LOT-3887,nina.garcia@sampleco.test,2025-12-15 15:45:00,rowan.garcia@acme-fake.test,Elena Brooks,Yara Sloan,Fatima Brooks,,SKU-9926,,chen.haddad@examplecorp.test,,arjun.sato@acme-fake.test,,N,7.5,4.2,5.2,Fatima Reyes,2023-01-24 12:01:00,7677,2188,Beta,Gamma,Gamma,LOT-7563,1015,2610,Taylor Mensah,,,,,4367,7631,Omar Mensah,2023-05-07 12:01:00,,5706,Gamma,Gamma,Alpha,Other,Avery Brooks,8169,,,,,9551,7150,5888,N,,,,Delta,Reviewed performance and gathered feedback.,,chen.mercer@sampleco.test,,Scheduled a check-in for the coming month.,rowan.sato@acme-fake.test,elena.patel@examplecorp.test,,100012,,101151,,100632,,,,,100750,,skyler.dorsey@sampleco.test,Taylor Ashby,Y,Cardinal Industries Ltd,100168,LOT-8665,101098,Rowan Ford,101156,,,101625
700381,100372,Customer Management,100226,Wellness Check-In,Final,Noted a concern to revisit at the next sync.,Y,Y,SKU-4536,elena.brooks@sampleco.test,2025-07-13 19:42:00,chen.sato@examplecorp.test,Rahul Ford,Emerson Calder,Morgan Costa,,LOT-3018,,nina.ashby@acme-fake.test,Alex Ivanov,avery.reyes@acme-fake.test,Liam Rossi,Y,6.5,6.9,6.4,Riley Vance,2025-05-01 04:25:00,7793,8428,Delta,Standard,Beta,SKU-9012,3732,1911,Drew Reyes,,,,,2179,1682,Sofia Silva,2025-12-14 09:30:00,1934,9991,Delta,Delta,Delta,Other,Yara Larsson,5316,,,,,1806,7042,2677,N,,Gamma,,Beta,Aligned on billing and renewal terms.,,morgan.ford@demomail.test,,Followed up on the open items from last week.,noah.whitfield@acme-fake.test,morgan.rossi@acme-fake.test,,100707,,,,100307,,,,,100109,,morgan.sato@acme-fake.test,Quinn Ford,N,Delta Retail Co,100303,REF-4815,101682,Jordan Sato,100965,,,101589
700382,100264,Resource Care,100514,Customer Success Check-In,Final,Scheduled a check-in for the coming month.,Y,N,SKU-6521,fatima.ford@acme-fake.test,2023-05-14 18:45:00,liam.nguyen@examplecorp.test,Marco Sato,Reese Blake,Sofia Calder,,REF-7500,,arjun.okafor@acme-fake.test,Taylor Brooks,noah.costa@sampleco.test,Sofia Kim,N,1.8,5.4,9.3,Arjun Rossi,2025-06-02 10:39:00,5114,2092,Alpha,Delta,Gamma,REF-5707,7021,6346,Emerson Cohen,,,,,516,6464,Avery Nguyen,2026-07-21 20:26:00,7676,3935,Delta,Standard,Beta,Beta,Jamie Garcia,5371,,,,,4753,,6277,N,,,,Standard,Reviewed performance and gathered feedback.,,liam.mensah@examplecorp.test,,Reviewed performance and gathered feedback.,avery.brooks@demomail.test,elena.mensah@demomail.test,,100098,,101024,,,,,,,,,skyler.mercer@examplecorp.test,Alex Brooks,Y,Blue Ridge Partners Co,100538,REF-9321,101567,Jordan Haddad,101042,,,101393
700383,100696,Resource Care,100686,Quarterly Review,Final,Discussed timeline and next steps with the account.,Y,N,REF-5344,aisha.vance@acme-fake.test,2023-05-09 20:34:00,avery.ford@acme-fake.test,Chen Larsson,Avery Blake,Noah Patel,,,Alex Dorsey,alex.reyes@demomail.test,Casey Costa,rahul.costa@demomail.test,Reese Reyes,Y,9.5,8.6,3.4,Avery Ford,2023-02-27 20:48:00,4800,1824,Delta,Standard,Gamma,TAG-2180,3688,179,Marco Haddad,,,,,5003,7685,Mei Vance,2024-08-10 19:13:00,5571,2479,Alpha,Other,Delta,Standard,Casey Mercer,1327,,,,,,,1080,Y,,,,Delta,Aligned on billing and renewal terms.,,nina.brooks@demomail.test,,Discussed timeline and next steps with the account.,yara.haddad@acme-fake.test,yara.calder@examplecorp.test,,100590,,,,100503,,,101278,,,,quinn.cohen@acme-fake.test,Casey Nguyen,Y,Northwind Financial,100786,SKU-1382,101553,Riley Rossi,101592,,,101176
700384,100315,Customer Management,100572,Customer Success Check-In,Final,Resolved the outstanding question about scope.,N,N,TAG-8319,aisha.haddad@acme-fake.test,2026-04-23 08:15:00,drew.mercer@demomail.test,Mei Sato,Drew Vance,Mei Calder,,,,rowan.haddad@acme-fake.test,Sofia Calder,nina.blake@demomail.test,Quinn Kim,Y,9.4,6.7,3.8,Aisha Okafor,2024-05-02 04:16:00,7304,5178,Standard,Beta,Alpha,SKU-9861,4043,8165,Morgan Garcia,,,,,1312,6876,Liam Blake,2024-03-09 05:56:00,7872,1646,Alpha,Beta,Standard,,,840,,,,,6792,7655,5247,N,,,,Delta,Scheduled a check-in for the coming month.,,mei.haddad@examplecorp.test,,Reviewed performance and gathered feedback.,alex.reyes@sampleco.test,noah.mercer@demomail.test,,100750,,101461,,100389,,,,,,,omar.nguyen@sampleco.test,Quinn Brooks,Y,Lakeside Labs LLC,100688,SKU-1929,101565,Riley Vance,101753,,,101132
700385,100046,Resource Care,100465,Wellness Check-In,Final,Noted a concern to revisit at the next sync.,Y,N,REF-2804,sofia.sloan@examplecorp.test,2023-10-27 00:29:00,quinn.ford@examplecorp.test,Liam Larsson,Yara Mercer,,,,Elena Nguyen,emerson.kim@sampleco.test,Drew Sato,sofia.ford@demomail.test,Jordan Cohen,N,4.5,6.4,4.2,Omar Ford,2025-02-06 01:06:00,3655,4808,Other,Beta,Beta,LOT-8154,247,1012,Rahul Kim,,,,,6209,2665,Casey Cohen,2024-11-03 17:48:00,3427,2980,Delta,Standard,Alpha,Delta,Morgan Sloan,5490,,,,,3539,8472,4517,N,,,,Delta,Noted a concern to revisit at the next sync.,,mei.dorsey@sampleco.test,,Shared the updated proposal for review.,liam.nguyen@examplecorp.test,sofia.ivanov@sampleco.test,,100094,,,,,,,101082,,100386,,elena.garcia@sampleco.test,,Y,Lakeside Dynamics Co,100252,TAG-7184,101017,,101594,,,101531
700386,100281,Customer Management,100762,Customer Success Check-In,Final,Followed up on the open items from last week.,Y,N,REF-4767,chen.larsson@demomail.test,2024-09-15 01:04:00,diego.silva@demomail.test,Avery Kim,Rowan Nguyen,,,,Nina Sloan,liam.mensah@demomail.test,,elena.reyes@demomail.test,Arjun Rossi,N,6.7,8.2,9.7,Nina Rossi,2024-01-02 14:53:00,4855,364,Beta,Alpha,Standard,REF-2272,5756,5445,Fatima Nguyen,,,,,6255,6220,,2025-11-27 08:06:00,9458,4911,,Beta,Standard,,Casey Nguyen,7219,,,,,,4575,5377,Y,,,,Alpha,Shared the updated proposal for review.,,noah.cohen@examplecorp.test,Other,Discussed timeline and next steps with the account.,marco.mercer@demomail.test,reese.larsson@examplecorp.test,,100739,,101354,,100263,,,101677,,100220,,chen.sato@demomail.test,Rahul Whitfield,Y,Redwood Capital Group,100493,SKU-8863,100902,,101271,,,101328
700387,100073,Customer Management,100309,Wellness Check-In,Final,Scheduled a check-in for the coming month.,N,N,TAG-3642,avery.silva@acme-fake.test,2026-04-24 20:05:00,aisha.ashby@examplecorp.test,Sofia Costa,Yara Silva,,,,Taylor Larsson,mei.larsson@sampleco.test,,quinn.silva@acme-fake.test,Nina Sloan,N,3.3,1.7,1.5,Fatima Rossi,2025-12-15 09:56:00,8976,5027,Alpha,Standard,Other,TAG-2184,8698,2958,Noah Okafor,,,,,2191,2998,Sofia Sato,2026-02-21 02:32:00,8781,,Other,Delta,Beta,Other,,,,,,,3503,8392,8777,N,,,,Other,Scheduled a check-in for the coming month.,,skyler.mercer@demomail.test,,Followed up on the open items from last week.,casey.mercer@sampleco.test,reese.ivanov@examplecorp.test,,100740,,,,100264,,,101666,,,,jamie.nguyen@sampleco.test,Sofia Sato,N,Falcon Networks LLP,100362,SKU-3239,101306,Yara Kim,101429,,,101694
700388,100157,Customer Management,100654,Quarterly Review,Final,Resolved the outstanding question about scope.,Y,Y,LOT-4326,arjun.vance@examplecorp.test,2025-06-20 16:15:00,mei.larsson@acme-fake.test,Rowan Blake,Riley Whitfield,Jordan Vance,,LOT-5108,,reese.larsson@acme-fake.test,,omar.okafor@examplecorp.test,Morgan Ford,N,2.4,6.2,6.0,Noah Silva,2024-04-18 14:30:00,4846,6068,Gamma,Gamma,Standard,LOT-4505,6892,1424,Rahul Sloan,,,,,5205,6935,Priya Blake,2025-12-15 19:24:00,4105,1540,Standard,Gamma,Alpha,Beta,Mei Cohen,5405,,,,,1115,2613,3521,N,,,,Alpha,Reviewed performance and gathered feedback.,,noah.patel@acme-fake.test,,Shared the updated proposal for review.,marco.vance@examplecorp.test,noah.patel@demomail.test,,100250,,101682,,,,,,,,,priya.dorsey@examplecorp.test,Alex Costa,N,Delta Ventures LLC,100669,REF-2758,101742,,100813,,,100800
700389,100542,Resource Care,100014,Wellness Check-In,Final,Scheduled a check-in for the coming month.,Y,N,LOT-5122,nina.haddad@acme-fake.test,2022-10-08 05:22:00,sofia.cohen@acme-fake.test,Mei Vance,Morgan Kim,,,,Casey Ford,rowan.vance@demomail.test,Arjun Okafor,nina.garcia@examplecorp.test,Quinn Ashby,Y,1.7,2.6,6.3,Diego Sloan,2025-11-26 11:18:00,7562,7443,Alpha,Gamma,Delta,REF-4663,635,6401,Drew Reyes,,,,,3689,8297,Jordan Kim,2025-04-21 15:38:00,4906,1988,Delta,Standard,Beta,Other,Morgan Costa,3772,,,,,,5005,4306,Y,,,,Delta,Resolved the outstanding question about scope.,,elena.okafor@acme-fake.test,,Resolved the outstanding question about scope.,jamie.okafor@demomail.test,casey.sato@acme-fake.test,,100320,,101547,,100071,,,101021,,,,skyler.brooks@acme-fake.test,Jordan Vance,Y,Vertex Textiles LLC,100421,TAG-7371,101283,Diego Reyes,101575,,SKU-7499,101669
700390,100688,Resource Care,100403,Quarterly Review,Final,Resolved the outstanding question about scope.,N,Y,TAG-8847,skyler.silva@acme-fake.test,2024-07-25 12:29:00,emerson.vance@sampleco.test,Riley Ashby,Fatima Sloan,Avery Silva,,TAG-9996,Casey Vance,alex.ashby@acme-fake.test,Sofia Whitfield,sofia.larsson@demomail.test,Avery Ivanov,N,1.3,9.7,4.1,Elena Silva,2024-12-19 18:21:00,1906,8529,Gamma,Beta,Standard,REF-1144,8449,966,Aisha Mercer,,,,,2148,9811,Mei Okafor,2022-12-30 13:08:00,8290,,Alpha,Gamma,Standard,Other,Fatima Haddad,1203,,,,,5819,1596,1397,N,,,,Beta,Resolved the outstanding question about scope.,,arjun.ivanov@examplecorp.test,Delta,Discussed timeline and next steps with the account.,omar.calder@demomail.test,alex.nguyen@sampleco.test,,100601,,101218,,100021,,,101120,,100453,,reese.haddad@demomail.test,Mei Sato,N,Silverline Analytics Group,100756,REF-6075,101512,Alex Whitfield,100863,,,100880
700391,100396,Customer Management,100260,Customer Success Check-In,Final,Scheduled a check-in for the coming month.,Y,N,SKU-3636,alex.cohen@demomail.test,2024-08-20 09:10:00,arjun.ford@demomail.test,Nina Mercer,Nina Kim,,,,,mei.whitfield@demomail.test,Reese Silva,diego.ford@examplecorp.test,Emerson Brooks,Y,7.7,9.9,1.1,Riley Costa,2024-04-10 23:00:00,3645,7072,Standard,Beta,Delta,TAG-3872,4000,2060,Avery Rossi,,,,,1953,2531,Yara Cohen,2025-06-19 08:35:00,,,Standard,Other,Other,Beta,Chen Larsson,4950,,,,,1902,3767,1063,N,,,,Other,Followed up on the open items from last week.,,drew.mensah@acme-fake.test,,Resolved the outstanding question about scope.,riley.rossi@sampleco.test,yara.vance@demomail.test,,100083,,,,,,,100932,,,,taylor.vance@examplecorp.test,Morgan Whitfield,Y,Granite Systems LLC,100471,SKU-7711,100838,Sofia Garcia,101689,,,101105
700392,100627,Customer Management,100710,Quarterly Review,Final,Discussed timeline and next steps with the account.,Y,N,TAG-8670,marco.whitfield@demomail.test,2025-09-25 07:59:00,reese.rossi@acme-fake.test,Yara Okafor,Quinn Rossi,Quinn Vance,,REF-1652,,jordan.vance@examplecorp.test,Riley Nguyen,reese.blake@demomail.test,,N,4.2,1.0,7.5,Liam Blake,2023-03-21 16:04:00,3741,1771,Gamma,Beta,Delta,SKU-9920,5148,4279,Sofia Dorsey,,,,,6236,6996,Fatima Haddad,2023-07-27 09:22:00,7947,3919,Alpha,Alpha,Beta,Gamma,,7805,,,,,2641,1759,9107,Y,,,,Other,Noted a concern to revisit at the next sync.,,emerson.nguyen@demomail.test,Beta,Scheduled a check-in for the coming month.,marco.dorsey@examplecorp.test,diego.vance@sampleco.test,,100438,,101340,,100067,,,100802,,100380,,alex.silva@examplecorp.test,Alex Vance,Y,Falcon Solutions,100156,TAG-8262,101500,,101528,,,100850
700393,100244,Customer Management,100629,Customer Success Check-In,Final,Resolved the outstanding question about scope.,Y,N,SKU-5495,aisha.rossi@sampleco.test,2025-03-13 20:17:00,rowan.silva@demomail.test,Reese Ashby,Arjun Nguyen,,,,Reese Calder,elena.sloan@acme-fake.test,Casey Okafor,aisha.reyes@demomail.test,,Y,5.0,4.9,3.5,Yara Patel,2025-10-03 22:47:00,6331,8285,Beta,Other,Alpha,TAG-9515,7913,8935,Rowan Vance,,,,,7869,8943,Emerson Costa,2024-12-19 10:30:00,9164,5549,Gamma,,Delta,Other,Morgan Mensah,,,,,,6135,2985,6966,N,,,,Beta,Followed up on the open items from last week.,,nina.ivanov@demomail.test,,Resolved the outstanding question about scope.,nina.larsson@demomail.test,rowan.rossi@acme-fake.test,,100678,,,,100542,,,,,100606,,casey.whitfield@sampleco.test,Marco Dorsey,Y,Evergreen Holdings Ltd,100535,TAG-5002,101567,,101727,,,101380
700394,100361,Customer Management,100210,Wellness Check-In,Final,Reviewed performance and gathered feedback.,N,Y,LOT-1076,nina.blake@demomail.test,2024-08-22 18:29:00,priya.kim@sampleco.test,Chen Kim,Arjun Patel,Fatima Sato,,TAG-3844,Avery Dorsey,arjun.ivanov@acme-fake.test,,emerson.larsson@demomail.test,Rahul Kim,Y,5.9,1.6,2.3,Drew Haddad,2023-04-17 16:56:00,6996,3105,Standard,Other,Other,SKU-1804,1922,2077,Fatima Dorsey,,,,,9629,9723,Elena Costa,2022-11-08 10:25:00,980,9541,Other,,Other,Beta,Alex Dorsey,1051,,,,,8042,8287,8458,Y,REF-7073,,,Standard,Reviewed performance and gathered feedback.,,rowan.calder@demomail.test,Alpha,Discussed timeline and next steps with the account.,morgan.blake@acme-fake.test,yara.dorsey@examplecorp.test,,100651,,101046,,100732,,,101561,,,,noah.brooks@demomail.test,Rahul Sato,Y,Northwind Energy LLC,100593,LOT-3706,101215,,101753,,,101058
700395,100193,Customer Management,100182,Customer Success Check-In,Final,Discussed timeline and next steps with the account.,Y,N,LOT-6884,omar.kim@acme-fake.test,2026-07-13 09:33:00,emerson.mercer@examplecorp.test,Diego Ford,Emerson Cohen,,,,,skyler.dorsey@examplecorp.test,Riley Kim,alex.calder@examplecorp.test,Liam Costa,Y,5.7,7.9,5.7,Reese Brooks,2025-05-01 23:56:00,2993,6455,Standard,Gamma,Other,SKU-3029,1255,7170,Elena Ford,,,,,9375,7902,Emerson Mercer,2025-06-08 13:38:00,7442,2400,Alpha,Beta,Delta,,Emerson Kim,7240,,,,,,1072,8195,N,,,,Beta,Noted a concern to revisit at the next sync.,,yara.haddad@sampleco.test,,Followed up on the open items from last week.,skyler.ford@demomail.test,taylor.whitfield@sampleco.test,,100169,,101440,,100493,,,101046,,100082,,jamie.kim@acme-fake.test,Morgan Dorsey,Y,Vertex Industries LLP,100286,LOT-3334,101266,Elena Ford,101655,,,101565
700396,100559,Customer Management,100155,Quarterly Review,Final,Aligned on billing and renewal terms.,N,N,SKU-4740,alex.calder@demomail.test,2023-08-26 06:19:00,quinn.mensah@examplecorp.test,Aisha Blake,Chen Patel,Casey Brooks,,,Taylor Haddad,diego.whitfield@examplecorp.test,Alex Calder,drew.silva@examplecorp.test,,Y,1.1,3.0,4.1,Arjun Mensah,2023-12-09 00:08:00,9342,854,Gamma,Gamma,Gamma,LOT-5413,6397,4284,Noah Garcia,,,,,1520,973,Taylor Ivanov,2023-09-20 16:37:00,,8852,Standard,Gamma,Beta,Delta,Liam Ivanov,4579,,,,,7577,6026,1043,Y,,,,Other,Discussed timeline and next steps with the account.,,rahul.vance@sampleco.test,,Noted a concern to revisit at the next sync.,casey.ivanov@demomail.test,avery.calder@examplecorp.test,,100675,,100822,,100697,,,101727,,100428,,rahul.dorsey@acme-fake.test,Jamie Mercer,Y,Blue Ridge Foods,100548,TAG-6956,101373,Drew Garcia,101283,,REF-7061,101592
700397,100604,Customer Management,100554,Wellness Check-In,Final,Noted a concern to revisit at the next sync.,Y,Y,SKU-8527,emerson.sato@examplecorp.test,2024-10-26 07:49:00,liam.reyes@demomail.test,Noah Silva,Reese Sloan,Sofia Ivanov,,REF-7425,Skyler Sloan,elena.haddad@acme-fake.test,Alex Costa,drew.ashby@examplecorp.test,Marco Mensah,Y,7.8,1.7,7.8,Marco Ford,2023-02-20 10:35:00,8786,5505,Standard,Delta,Beta,REF-5353,5856,5801,Diego Blake,,,,,6064,7615,Casey Vance,2025-01-02 20:18:00,6906,5638,,Gamma,Alpha,Other,Casey Patel,6859,,,,,5244,3147,3482,Y,,,,Alpha,Aligned on billing and renewal terms.,,jamie.garcia@examplecorp.test,,Aligned on billing and renewal terms.,aisha.ford@acme-fake.test,drew.whitfield@sampleco.test,,100458,,101440,,,,,101000,,,,rowan.whitfield@demomail.test,Avery Whitfield,N,Lakeside Health,100169,TAG-3453,100899,Marco Sloan,101429,,LOT-7598,101246
700398,100494,Customer Management,100525,Wellness Check-In,Final,Aligned on billing and renewal terms.,N,Y,REF-4795,alex.ashby@sampleco.test,2022-12-30 01:57:00,jordan.rossi@examplecorp.test,Elena Garcia,Emerson Whitfield,,,,,mei.patel@demomail.test,,noah.rossi@acme-fake.test,Marco Dorsey,N,1.8,7.0,8.7,Reese Ivanov,2025-04-21 21:25:00,6845,9853,Standard,Delta,Gamma,TAG-8572,1349,7962,Yara Okafor,,,,,8973,2306,Reese Mercer,2026-01-17 11:00:00,9386,6906,Delta,Other,Beta,Alpha,Noah Rossi,2705,,,,,4480,8004,6427,Y,,,,Delta,Discussed timeline and next steps with the account.,,liam.sato@demomail.test,,Shared the updated proposal for review.,chen.ashby@acme-fake.test,elena.reyes@demomail.test,,100461,,101632,,100750,,,100800,,100244,,rahul.ashby@demomail.test,Elena Sloan,N,Cobalt Solutions Group,100786,SKU-7897,101742,Alex Rossi,101220,,,101050
700399,100776,Customer Management,100471,Customer Success Check-In,Final,Discussed timeline and next steps with the account.,Y,Y,LOT-2716,elena.haddad@demomail.test,2024-02-09 16:03:00,liam.ashby@sampleco.test,Avery Brooks,Jamie Ashby,Arjun Brooks,,LOT-8636,Arjun Ford,rowan.rossi@demomail.test,Emerson Ivanov,priya.nguyen@examplecorp.test,Sofia Mensah,N,3.5,6.7,4.6,Riley Okafor,2025-01-28 11:14:00,4202,2004,Delta,Gamma,Standard,LOT-9329,8418,4967,Reese Patel,,,,,3371,4482,Diego Reyes,2024-04-22 03:23:00,3205,4486,Delta,Delta,Alpha,Beta,Casey Silva,4203,,,,,1455,6884,1187,N,,,,Alpha,Noted a concern to revisit at the next sync.,,emerson.rossi@demomail.test,,Resolved the outstanding question about scope.,arjun.blake@demomail.test,taylor.cohen@acme-fake.test,,100667,,101235,,100309,,,101523,,100317,,chen.okafor@examplecorp.test,Liam Haddad,Y,Blue Ridge Textiles Inc,100291,LOT-9375,100850,Omar Patel,101070,,,100799
700400,100181,Resource Care,100445,Wellness Check-In,Final,Reviewed performance and gathered feedback.,N,N,REF-1687,reese.blake@sampleco.test,2023-09-19 04:02:00,reese.ivanov@sampleco.test,Casey Sloan,Yara Silva,Arjun Vance,,REF-2814,Aisha Costa,jamie.haddad@examplecorp.test,Marco Blake,elena.blake@sampleco.test,Chen Patel,Y,3.3,1.5,7.1,Mei Rossi,2024-07-16 00:21:00,8340,8087,Standard,Beta,Alpha,REF-6982,494,8630,Casey Okafor,,,,,3322,199,Alex Brooks,2025-09-28 13:57:00,8499,8926,Beta,,Standard,,,4033,,,,,4518,5321,9431,Y,,Alpha,,Delta,Reviewed performance and gathered feedback.,,quinn.ashby@examplecorp.test,,Scheduled a check-in for the coming month.,casey.brooks@acme-fake.test,avery.kim@demomail.test,,100651,,101711,,100516,,,,,100791,,chen.whitfield@acme-fake.test,Casey Sato,N,Blue Ridge Retail Co,100365,TAG-2730,101322,Skyler Haddad,101525,,,101228
700401,100112,Customer Management,100086,Customer Success Check-In,Final,Resolved the outstanding question about scope.,N,N,TAG-9080,arjun.kim@examplecorp.test,2024-06-21 18:26:00,reese.blake@sampleco.test,Quinn Mensah,Alex Mercer,Jamie Patel,,LOT-8839,Sofia Calder,liam.haddad@demomail.test,Liam Ford,jamie.okafor@sampleco.test,Fatima Vance,N,6.3,9.4,9.3,Arjun Reyes,2026-03-17 14:13:00,3014,4540,Delta,Alpha,Standard,SKU-2406,8127,6490,Fatima Silva,,,,,8067,4904,Arjun Kim,2024-11-23 06:44:00,,7662,Standard,Standard,Gamma,Other,Arjun Haddad,3035,,,,,5116,6189,5999,Y,,,,Other,Scheduled a check-in for the coming month.,,riley.dorsey@acme-fake.test,,Noted a concern to revisit at the next sync.,alex.cohen@sampleco.test,alex.sato@demomail.test,,100317,,,,,,,101116,,100458,,diego.mercer@sampleco.test,Jordan Garcia,N,Atlas Ventures Ltd,100339,TAG-6597,101175,,100882,,,101171
700402,100149,Customer Management,100307,Quarterly Review,Final,Aligned on billing and renewal terms.,Y,Y,SKU-3727,taylor.garcia@demomail.test,2025-08-12 10:07:00,marco.patel@sampleco.test,Jordan Nguyen,Drew Calder,,,LOT-6708,Aisha Blake,jamie.blake@examplecorp.test,Alex Haddad,drew.whitfield@demomail.test,,Y,8.9,2.9,6.6,Morgan Ashby,2024-02-19 13:04:00,7383,9541,Standard,Standard,Standard,SKU-6571,4508,7979,Liam Sato,,,,,8380,4687,,2024-02-20 15:32:00,5022,5872,Other,Gamma,Alpha,Delta,Drew Patel,114,,,,,8522,8109,6771,Y,,,,,Shared the updated proposal for review.,,rahul.whitfield@examplecorp.test,,Shared the updated proposal for review.,diego.ford@acme-fake.test,noah.ashby@sampleco.test,,100232,,101259,,100634,,,101319,,100762,,nina.mercer@sampleco.test,Yara Haddad,Y,Harbor Textiles Group,100689,TAG-6778,101589,Mei Ashby,101084,,,101132
700403,100362,Resource Care,100585,Wellness Check-In,Final,Discussed timeline and next steps with the account.,N,N,SKU-7778,sofia.calder@sampleco.test,2024-05-08 00:21:00,priya.ashby@examplecorp.test,Morgan Blake,Jordan Ivanov,,,,Aisha Sloan,aisha.blake@demomail.test,,casey.haddad@sampleco.test,Priya Ford,N,7.4,4.9,2.6,Riley Dorsey,2023-09-04 18:47:00,7443,8561,Beta,Delta,Delta,SKU-6288,10,7685,Alex Vance,,,,,3903,128,Noah Brooks,2025-12-15 11:22:00,3130,8006,Gamma,Standard,Beta,,,,,,,,9668,8167,5670,N,,,,Delta,Followed up on the open items from last week.,,emerson.nguyen@examplecorp.test,,Noted a concern to revisit at the next sync.,alex.cohen@acme-fake.test,rahul.larsson@acme-fake.test,,100106,,,,100782,,,101455,,100634,,arjun.haddad@sampleco.test,Avery Silva,N,Copper Dynamics Ltd,100771,TAG-2271,100975,Omar Cohen,100892,,,100850
700404,100552,Resource Care,100033,Customer Success Check-In,Final,Resolved the outstanding question about scope.,N,Y,SKU-6021,rahul.rossi@examplecorp.test,2025-01-23 08:52:00,alex.haddad@acme-fake.test,Jordan Mensah,Jamie Cohen,,,REF-3861,,jamie.costa@demomail.test,,marco.kim@demomail.test,Arjun Calder,N,8.2,2.0,2.1,Liam Patel,2023-02-26 21:02:00,3507,2918,Alpha,Delta,Other,TAG-2262,9444,7684,Noah Okafor,,,,,9868,9529,Elena Whitfield,2026-04-26 03:40:00,794,3747,Standard,Gamma,,Beta,Arjun Vance,7917,,,,,954,2003,6901,Y,,,,Standard,Resolved the outstanding question about scope.,,marco.haddad@examplecorp.test,,Noted a concern to revisit at the next sync.,priya.reyes@demomail.test,drew.silva@acme-fake.test,,100514,,101234,,,,,101711,,100247,,taylor.vance@demomail.test,Casey Costa,N,Lakeside Media Ltd,100721,TAG-4363,101091,Sofia Costa,100815,,,101235
700405,100214,Resource Care,100462,Quarterly Review,Final,Followed up on the open items from last week.,Y,N,TAG-1056,drew.sato@examplecorp.test,2023-06-30 14:07:00,reese.silva@demomail.test,Alex Sato,Arjun Costa,Priya Whitfield,,,Casey Costa,rahul.kim@sampleco.test,Skyler Ford,priya.garcia@acme-fake.test,Nina Rossi,Y,6.6,7.0,5.4,Taylor Ford,2022-11-27 01:29:00,1226,4165,Beta,Gamma,Delta,SKU-8023,7844,5744,Avery Silva,,,,,4789,3822,,2025-06-03 20:44:00,2955,3797,Gamma,Delta,Gamma,Other,Taylor Sloan,6520,,,,,5454,1118,3373,N,,,,Standard,Aligned on billing and renewal terms.,,jamie.patel@acme-fake.test,,Resolved the outstanding question about scope.,quinn.rossi@sampleco.test,fatima.reyes@sampleco.test,,100340,,101129,,100033,,,101524,,100193,,aisha.mercer@sampleco.test,Reese Silva,N,Lakeside Foods Co,100172,LOT-9602,101515,Elena Larsson,101506,,,101698
700406,100054,Resource Care,100221,Wellness Check-In,Final,Scheduled a check-in for the coming month.,N,Y,TAG-4416,skyler.calder@sampleco.test,2026-07-01 04:21:00,nina.haddad@demomail.test,Taylor Mensah,Riley Reyes,,,LOT-1852,Skyler Sloan,chen.costa@demomail.test,Yara Haddad,quinn.dorsey@acme-fake.test,Chen Cohen,N,7.6,7.8,1.9,Omar Brooks,2025-02-11 18:19:00,6996,532,Alpha,Delta,Standard,LOT-1519,8400,2538,Priya Calder,,,,,1265,5220,Rahul Mercer,2023-03-28 02:55:00,816,5918,Alpha,,Delta,Beta,Sofia Okafor,4997,,,,,7169,5259,3493,N,REF-6499,,,Gamma,Noted a concern to revisit at the next sync.,,alex.nguyen@demomail.test,,Noted a concern to revisit at the next sync.,riley.mensah@demomail.test,emerson.nguyen@acme-fake.test,,100267,,101103,,100648,,,,,100559,,reese.whitfield@demomail.test,Drew Dorsey,Y,Blue Ridge Labs,100683,SKU-9713,101346,Noah Ivanov,100867,,,101327
700407,100608,Resource Care,100125,Wellness Check-In,Final,Shared the updated proposal for review.,N,N,LOT-3675,marco.brooks@examplecorp.test,2025-11-27 02:36:00,emerson.blake@acme-fake.test,Riley Dorsey,Rowan Sato,,,LOT-3538,Morgan Costa,rowan.haddad@examplecorp.test,Skyler Haddad,noah.ivanov@sampleco.test,Casey Ivanov,N,1.5,2.6,9.3,Quinn Okafor,2025-08-13 13:16:00,504,1296,Alpha,Standard,Beta,REF-1928,3123,1331,Yara Okafor,,,,,3277,7253,Jordan Cohen,2026-03-07 16:02:00,1149,50,Delta,Other,Beta,Beta,Riley Sloan,212,,,,,6521,5531,8780,Y,,,,Gamma,Discussed timeline and next steps with the account.,,liam.silva@acme-fake.test,,Scheduled a check-in for the coming month.,priya.haddad@acme-fake.test,jamie.sloan@examplecorp.test,,100434,,,,100762,,,101138,,100168,,aisha.garcia@examplecorp.test,Liam Vance,N,Northwind Energy Group,100098,LOT-8094,101259,Skyler Dorsey,100978,,,101746
700408,100196,Customer Management,100149,Customer Success Check-In,Final,Followed up on the open items from last week.,Y,N,LOT-9366,yara.garcia@demomail.test,2023-10-11 08:44:00,arjun.okafor@examplecorp.test,Quinn Mensah,Aisha Blake,,,SKU-7009,Aisha Silva,alex.ivanov@examplecorp.test,Riley Vance,noah.mercer@examplecorp.test,Riley Patel,Y,5.3,2.2,9.8,Morgan Costa,2023-06-20 08:56:00,528,2349,Delta,Standard,Other,LOT-6887,7589,8251,Priya Whitfield,,,,,9222,2020,Drew Vance,2025-04-06 12:28:00,759,1277,Other,Standard,Beta,Gamma,Rahul Silva,6070,,,,,3433,2663,7842,N,,,,Alpha,Reviewed performance and gathered feedback.,,mei.dorsey@examplecorp.test,,Discussed timeline and next steps with the account.,arjun.ford@sampleco.test,priya.costa@demomail.test,,100389,,101784,,100040,,,,,100579,,omar.nguyen@demomail.test,Mei Reyes,N,Everest Financial Corp,100587,LOT-1498,101731,Aisha Ashby,100800,,,101000
700409,100407,Customer Management,100656,Wellness Check-In,Final,Discussed timeline and next steps with the account.,Y,Y,SKU-9640,omar.whitfield@examplecorp.test,2026-06-10 11:19:00,rahul.mercer@sampleco.test,Noah Blake,Alex Brooks,,,SKU-8369,,priya.okafor@demomail.test,,avery.calder@examplecorp.test,Omar Haddad,Y,8.8,7.0,2.7,Priya Costa,2025-01-31 05:21:00,9781,9047,Gamma,Delta,Beta,SKU-2441,1846,7251,Omar Nguyen,,,,,2775,766,Drew Reyes,2026-02-04 00:45:00,1438,5393,Delta,Other,Delta,Beta,Jamie Cohen,3795,,,,,3469,927,9730,N,,Delta,,,Shared the updated proposal for review.,,aisha.haddad@examplecorp.test,,Aligned on billing and renewal terms.,avery.reyes@demomail.test,avery.sato@acme-fake.test,,100689,,100947,,100555,,,,,,,rowan.whitfield@examplecorp.test,Aisha Nguyen,N,Summit Solutions Group,100156,LOT-4079,101641,Quinn Sato,101448,,,101497
700410,100429,Customer Management,100675,Wellness Check-In,Final,Reviewed performance and gathered feedback.,N,Y,REF-1354,diego.sato@examplecorp.test,2024-11-17 15:02:00,drew.brooks@sampleco.test,Yara Patel,Marco Haddad,Emerson Whitfield,,,,rowan.okafor@sampleco.test,,elena.rossi@examplecorp.test,,N,6.9,4.9,5.1,Aisha Costa,2022-10-24 13:26:00,611,938,Gamma,Beta,Alpha,LOT-5819,9065,9663,Emerson Patel,,,,,549,9783,Rowan Mensah,2025-11-20 18:42:00,904,8737,Standard,,Gamma,Standard,Jordan Sloan,3535,,,,,690,9705,3722,Y,,,,,,,omar.nguyen@acme-fake.test,,Scheduled a check-in for the coming month.,quinn.dorsey@acme-fake.test,sofia.haddad@demomail.test,,100756,,101537,,100403,,,101335,,100667,,noah.blake@demomail.test,Rowan Nguyen,Y,Vertex Retail LLP,100786,TAG-3831,101024,Casey Whitfield,101727,,,101553
700411,100239,Resource Care,100094,Customer Success Check-In,Final,Discussed timeline and next steps with the account.,N,Y,SKU-8285,chen.costa@examplecorp.test,2025-04-26 17:34:00,elena.blake@acme-fake.test,Taylor Sato,Taylor Sato,,,TAG-8930,,yara.mensah@examplecorp.test,Drew Patel,noah.patel@sampleco.test,Elena Reyes,Y,3.6,7.1,7.4,Omar Cohen,2026-02-17 11:48:00,6022,4221,Standard,Delta,Other,SKU-6214,9271,9992,Chen Patel,,,,,1778,885,Jamie Ford,2025-03-17 13:08:00,8972,5002,Gamma,Gamma,Delta,Delta,Avery Nguyen,3453,,,,,4913,3907,518,Y,,,,Other,Followed up on the open items from last week.,,skyler.sloan@demomail.test,,Noted a concern to revisit at the next sync.,avery.sato@demomail.test,yara.garcia@sampleco.test,,100296,,101004,,100086,,,101479,,100762,,jamie.garcia@sampleco.test,Jordan Blake,Y,Keystone Financial Group,100061,LOT-1575,101418,Jamie Kim,101024,,,101087
700412,100399,Resource Care,100675,Quarterly Review,Draft,Scheduled a check-in for the coming month.,Y,N,LOT-1513,mei.brooks@demomail.test,2023-06-28 05:31:00,diego.vance@sampleco.test,Alex Ivanov,Omar Rossi,Liam Larsson,,,Avery Sato,rahul.larsson@sampleco.test,,fatima.okafor@demomail.test,Aisha Blake,N,3.7,9.5,1.8,Riley Calder,2022-10-28 05:31:00,9057,1569,Beta,Beta,Beta,SKU-2576,7057,8244,Sofia Kim,,,,,5683,3786,Taylor Blake,2023-05-11 23:58:00,6596,5169,,Alpha,Delta,Gamma,Alex Costa,5908,,,,,6733,2626,8698,Y,,,,Beta,Reviewed performance and gathered feedback.,,avery.ford@examplecorp.test,,Noted a concern to revisit at the next sync.,aisha.silva@acme-fake.test,chen.rossi@examplecorp.test,,100332,,,,100565,,,100887,,100345,,sofia.brooks@sampleco.test,Reese Haddad,Y,Silverline Industries Corp,100493,SKU-6563,101609,Diego Blake,101622,,,101176
700413,100174,Customer Management,100047,Customer Success Check-In,Final,Scheduled a check-in for the coming month.,Y,Y,TAG-5111,sofia.rossi@sampleco.test,2025-04-26 22:21:00,casey.ford@examplecorp.test,Skyler Sato,Reese Calder,Liam Mensah,,LOT-9074,Riley Cohen,taylor.garcia@sampleco.test,,sofia.brooks@sampleco.test,Liam Whitfield,N,4.7,4.1,1.6,Chen Reyes,2026-07-26 22:59:00,2244,6734,Gamma,Alpha,Gamma,REF-4608,6986,3135,Casey Cohen,,,,,2167,3452,Yara Haddad,2022-11-26 05:25:00,2615,8367,Delta,Other,Other,Alpha,,3940,,,,,1146,,6264,Y,,Standard,,Beta,Resolved the outstanding question about scope.,,nina.silva@demomail.test,,Aligned on billing and renewal terms.,nina.ford@demomail.test,yara.larsson@examplecorp.test,,100552,,101001,,100383,,,101766,,,,rahul.calder@sampleco.test,,N,Atlas Networks Co,100590,REF-9296,101515,Drew Sloan,101606,Gamma,,101427
700414,100315,Customer Management,100252,Quarterly Review,Final,Resolved the outstanding question about scope.,N,N,SKU-8033,arjun.ford@sampleco.test,2023-11-14 22:45:00,jordan.okafor@acme-fake.test,Priya Haddad,Omar Silva,,,SKU-8830,Marco Whitfield,jordan.silva@demomail.test,Avery Nguyen,marco.ford@demomail.test,Casey Whitfield,N,6.5,3.9,6.9,Drew Cohen,2024-03-17 08:50:00,9144,7369,Alpha,Delta,Beta,REF-2282,16,632,Diego Silva,,,,,5624,4389,Reese Vance,2023-03-01 12:35:00,1724,8282,Gamma,Standard,Alpha,Delta,Alex Whitfield,4632,,,,,822,1385,3498,N,,,,Delta,Discussed timeline and next steps with the account.,,arjun.costa@sampleco.test,,Followed up on the open items from last week.,skyler.brooks@acme-fake.test,riley.haddad@sampleco.test,,100200,,101439,,,,,,,100407,,liam.whitfield@sampleco.test,Noah Silva,N,Atlas Holdings Group,100606,LOT-6491,101373,Drew Cohen,100850,,,101018
700415,100652,Customer Management,100120,Customer Success Check-In,Final,Noted a concern to revisit at the next sync.,Y,N,REF-6840,morgan.vance@acme-fake.test,2025-01-25 23:43:00,rowan.whitfield@examplecorp.test,Reese Vance,Marco Rossi,,,SKU-3364,Liam Sloan,reese.okafor@sampleco.test,,yara.mercer@sampleco.test,Riley Haddad,Y,1.5,9.5,4.8,Reese Ivanov,2024-05-20 02:34:00,3802,7116,Delta,Gamma,Delta,LOT-9373,7164,3204,Quinn Mercer,,,,,1282,6439,,2024-10-11 07:11:00,1679,6739,Standard,Other,Delta,Other,Riley Haddad,9604,,,,,6633,6860,8739,Y,SKU-8626,,,Delta,Discussed timeline and next steps with the account.,,elena.sato@acme-fake.test,,Shared the updated proposal for review.,noah.blake@examplecorp.test,jordan.ford@demomail.test,,100155,,101110,,,,,,,100210,,jordan.silva@sampleco.test,Avery Cohen,N,Blue Ridge Analytics Group,100438,TAG-2959,101073,Marco Brooks,101507,,,101673
700416,100724,Customer Management,100256,Customer Success Check-In,Final,Aligned on billing and renewal terms.,N,N,TAG-7107,aisha.okafor@demomail.test,2024-11-11 18:33:00,drew.brooks@acme-fake.test,Drew Ashby,Jamie Garcia,Alex Silva,,LOT-8238,Aisha Dorsey,jamie.sato@examplecorp.test,Taylor Larsson,taylor.ashby@demomail.test,Jordan Calder,Y,2.4,2.1,1.1,Jordan Silva,2026-03-24 22:42:00,1842,8598,Delta,Gamma,Delta,LOT-2155,3772,6037,Reese Cohen,,,,,4234,1739,Elena Mercer,2023-03-06 03:27:00,,4670,Gamma,Other,Standard,,Arjun Blake,8940,,,,,9603,2875,2520,Y,,,,Beta,Followed up on the open items from last week.,Drew Sato,elena.garcia@examplecorp.test,,Reviewed performance and gathered feedback.,nina.brooks@demomail.test,yara.silva@demomail.test,,100724,,,,,,,,,100181,,fatima.reyes@demomail.test,Marco Patel,N,Cardinal Networks Group,100133,LOT-3445,101162,Elena Silva,101559,,,101628
700417,100046,Resource Care,100622,Wellness Check-In,Final,Shared the updated proposal for review.,Y,Y,REF-2862,fatima.mensah@examplecorp.test,2025-10-23 18:29:00,mei.sato@demomail.test,Reese Haddad,Jordan Blake,Rowan Ivanov,,REF-7452,,taylor.okafor@examplecorp.test,Liam Ashby,reese.brooks@demomail.test,,N,2.9,4.2,6.2,Marco Mensah,2026-02-04 18:15:00,1657,1974,Alpha,Gamma,Gamma,TAG-7419,7566,6135,Elena Haddad,,,,,1109,542,Jordan Rossi,2023-01-25 23:27:00,4603,3228,Other,Delta,Delta,Alpha,Mei Brooks,,,,,,7663,8691,,N,,,,Delta,Shared the updated proposal for review.,,rowan.calder@acme-fake.test,,Discussed timeline and next steps with the account.,jamie.cohen@examplecorp.test,quinn.costa@demomail.test,,100512,,101118,,,,,,,,,avery.brooks@examplecorp.test,Quinn Okafor,Y,Harbor Partners LLP,100200,TAG-6587,101003,Aisha Haddad,101580,,,101098
700418,100257,Customer Management,100007,Quarterly Review,Final,Noted a concern to revisit at the next sync.,N,Y,TAG-1460,marco.nguyen@examplecorp.test,2024-09-12 04:39:00,omar.nguyen@sampleco.test,Morgan Costa,Taylor Haddad,,,,Rahul Nguyen,jordan.ford@examplecorp.test,Riley Mercer,casey.ashby@demomail.test,Arjun Mensah,Y,8.1,8.6,3.5,Skyler Rossi,2023-01-13 11:01:00,4566,8025,Beta,Gamma,Other,REF-4901,7184,5714,Fatima Whitfield,,,,,8305,6641,Sofia Ivanov,2025-06-21 06:24:00,431,3602,Beta,Delta,Gamma,Beta,Elena Reyes,8795,,,,,1414,2474,7117,N,,,,Beta,,,sofia.garcia@sampleco.test,,Followed up on the open items from last week.,riley.sato@examplecorp.test,avery.ivanov@acme-fake.test,,100386,,,,,,,,,100525,,marco.garcia@demomail.test,Noah Haddad,Y,Silverline Energy Co,100292,REF-1472,100846,Emerson Mercer,101742,,,101614
700419,100574,Resource Care,100540,Wellness Check-In,Final,Scheduled a check-in for the coming month.,N,Y,SKU-2440,rowan.dorsey@examplecorp.test,2024-10-28 16:27:00,avery.vance@sampleco.test,Jamie Reyes,Marco Haddad,Jamie Vance,,LOT-3916,Priya Nguyen,skyler.vance@demomail.test,Marco Brooks,emerson.silva@examplecorp.test,Noah Whitfield,N,6.2,1.8,3.1,Riley Ivanov,2023-05-24 05:24:00,5411,9775,Beta,Beta,Other,LOT-2773,3694,1453,Reese Ashby,,,,,2145,4770,Alex Vance,2023-06-09 02:55:00,,8215,Other,Other,Gamma,Alpha,Omar Kim,6145,,,,,2060,871,1461,N,,,,Other,Discussed timeline and next steps with the account.,,marco.haddad@sampleco.test,,Followed up on the open items from last week.,skyler.cohen@examplecorp.test,rowan.blake@acme-fake.test,,100398,,,,,,,,,100555,,diego.brooks@examplecorp.test,Casey Whitfield,Y,Redwood Foods LLC,100585,TAG-3320,100808,Skyler Mercer,101351,,,101687
700420,100305,Resource Care,100345,Customer Success Check-In,Draft,Resolved the outstanding question about scope.,Y,N,REF-2719,elena.dorsey@sampleco.test,2024-12-23 02:06:00,nina.garcia@examplecorp.test,Rowan Sato,Alex Nguyen,Emerson Ford,,REF-5511,,aisha.calder@examplecorp.test,Jamie Kim,taylor.silva@demomail.test,Yara Whitfield,Y,6.1,4.7,1.7,Sofia Mercer,2023-06-23 22:02:00,478,9694,Gamma,Gamma,Other,LOT-8438,9013,1779,Jamie Nguyen,,,,,8936,7517,Drew Brooks,2025-01-22 22:39:00,,4847,Delta,,Beta,Other,Omar Whitfield,6805,,,,,3450,4040,5714,Y,LOT-9043,,,Delta,Discussed timeline and next steps with the account.,Casey Dorsey,marco.brooks@acme-fake.test,,Reviewed performance and gathered feedback.,jamie.sloan@demomail.test,emerson.okafor@acme-fake.test,,100743,,101368,,100570,,,,,,,rahul.garcia@examplecorp.test,Emerson Ivanov,Y,Meridian Analytics Inc,100438,REF-3030,100822,Sofia Brooks,100920,,,101156
700421,100173,Customer Management,100054,Wellness Check-In,Final,Shared the updated proposal for review.,Y,N,SKU-9083,nina.reyes@demomail.test,2023-01-08 12:33:00,fatima.whitfield@demomail.test,Quinn Costa,Casey Rossi,Liam Ford,,REF-7072,Arjun Patel,sofia.brooks@demomail.test,Noah Sloan,mei.garcia@demomail.test,Sofia Whitfield,N,1.1,5.1,4.3,Marco Vance,2025-06-18 19:22:00,1301,5094,Alpha,Standard,Delta,LOT-7348,3774,9980,Casey Calder,,,,,6429,358,Alex Reyes,2026-05-27 07:29:00,105,6982,Beta,Alpha,Standard,Beta,Casey Reyes,5333,,,,,3219,8913,8746,Y,,,,Other,Aligned on billing and renewal terms.,,omar.sloan@demomail.test,,Shared the updated proposal for review.,nina.silva@sampleco.test,skyler.kim@examplecorp.test,,100467,,101719,,,,,101003,,,,elena.reyes@demomail.test,Rahul Dorsey,Y,Pioneer Industries Corp,100203,SKU-5243,101409,Drew Kim,101699,,,101278
700422,100142,Customer Management,100250,Wellness Check-In,Final,Followed up on the open items from last week.,Y,Y,LOT-8312,omar.vance@sampleco.test,2026-04-10 19:28:00,rahul.sato@demomail.test,Alex Silva,Rowan Brooks,Casey Dorsey,,REF-5619,Riley Kim,reese.mensah@sampleco.test,Yara Calder,sofia.blake@sampleco.test,Nina Mensah,N,5.3,6.5,6.0,Skyler Costa,2025-11-23 06:26:00,5226,5355,Alpha,Standard,Beta,TAG-9480,1318,2359,Marco Nguyen,,,,,972,5057,Jamie Larsson,2025-10-21 22:46:00,2238,2477,Delta,,Delta,,Nina Blake,5324,,,,,892,54,3590,Y,,,,Other,Noted a concern to revisit at the next sync.,,avery.ashby@examplecorp.test,,Followed up on the open items from last week.,aisha.dorsey@acme-fake.test,alex.sato@acme-fake.test,,100495,,,,100303,,,101046,,100751,,elena.vance@acme-fake.test,Fatima Haddad,Y,Blue Ridge Financial Corp,100233,REF-6956,101572,Marco Patel,101002,,,101393
700423,100632,Customer Management,100118,Customer Success Check-In,Final,Discussed timeline and next steps with the account.,N,Y,SKU-1859,mei.reyes@demomail.test,2026-06-29 06:02:00,noah.haddad@sampleco.test,Omar Garcia,Aisha Patel,,,,,reese.sloan@demomail.test,Emerson Ford,casey.patel@demomail.test,Yara Calder,N,3.4,4.6,7.1,Nina Silva,2026-03-20 00:27:00,4041,2468,Alpha,Alpha,Other,LOT-8972,9337,7373,Morgan Calder,,,,,3291,6991,Casey Silva,2025-08-11 05:10:00,,4603,Alpha,Other,Standard,,Casey Dorsey,2081,,,,,8938,520,5221,Y,TAG-2043,,,Beta,Resolved the outstanding question about scope.,,arjun.cohen@demomail.test,,Scheduled a check-in for the coming month.,emerson.ashby@sampleco.test,riley.larsson@sampleco.test,,100554,,101528,,,,,101313,,,,alex.whitfield@examplecorp.test,Diego Mensah,N,Harbor Group Ltd,100019,SKU-7484,101122,Taylor Ivanov,101302,,,100891
700424,100233,Customer Management,100009,Customer Success Check-In,Final,Shared the updated proposal for review.,N,N,LOT-1129,yara.blake@sampleco.test,2024-09-14 09:18:00,chen.okafor@examplecorp.test,Reese Ivanov,Morgan Ashby,,,SKU-1887,Chen Mercer,mei.reyes@sampleco.test,Jordan Mensah,diego.okafor@acme-fake.test,,N,5.3,1.4,3.6,Avery Nguyen,2023-10-03 02:53:00,8637,4387,Alpha,Alpha,Other,REF-5168,5175,3293,Riley Vance,,,,,462,4739,Elena Okafor,2023-01-11 22:32:00,6392,2668,Delta,Alpha,Other,Other,Drew Sato,5793,,,,,1921,6089,5921,N,,,,Other,Scheduled a check-in for the coming month.,,taylor.calder@sampleco.test,,Resolved the outstanding question about scope.,aisha.whitfield@acme-fake.test,jordan.garcia@acme-fake.test,,100296,,100988,,,,,101709,,,,riley.larsson@sampleco.test,,Y,Evergreen Industries LLC,100762,TAG-9676,101576,Rowan Kim,101572,,,101411
700425,100648,Customer Management,100371,Customer Success Check-In,Draft,Resolved the outstanding question about scope.,N,Y,TAG-8085,noah.calder@acme-fake.test,2024-12-16 11:34:00,yara.silva@sampleco.test,Arjun Sloan,Chen Rossi,Priya Silva,,,Quinn Sato,noah.rossi@examplecorp.test,Morgan Blake,skyler.dorsey@acme-fake.test,Morgan Ivanov,Y,5.5,5.0,6.1,Noah Nguyen,2026-01-07 19:46:00,8644,2569,Standard,Standard,Gamma,SKU-4622,2888,1293,Chen Sato,,,,,9447,2805,Liam Larsson,2023-07-31 16:05:00,3214,7916,Gamma,Alpha,Other,Delta,Riley Garcia,2061,,,,,1308,2756,3981,N,REF-2855,,,Standard,Discussed timeline and next steps with the account.,,quinn.whitfield@acme-fake.test,,Discussed timeline and next steps with the account.,aisha.dorsey@acme-fake.test,casey.ford@demomail.test,,100071,,,,,,,,,100328,,alex.nguyen@sampleco.test,Alex Whitfield,Y,Summit Partners Inc,100700,REF-6894,100796,Mei Sloan,101709,,,101191
700426,100115,Resource Care,100120,Customer Success Check-In,Final,Aligned on billing and renewal terms.,Y,Y,TAG-8160,priya.vance@sampleco.test,2026-03-30 16:19:00,alex.brooks@sampleco.test,Priya Whitfield,Aisha Patel,Chen Dorsey,,REF-4356,Reese Blake,jamie.costa@acme-fake.test,,diego.okafor@demomail.test,,Y,4.1,1.9,8.4,Morgan Silva,2025-08-26 17:14:00,5484,7815,Alpha,Other,Gamma,LOT-5594,560,3788,Rahul Reyes,,,,,4240,4797,Arjun Okafor,2024-04-13 21:50:00,7681,8300,Delta,Alpha,,Other,Morgan Whitfield,9791,,,,,3691,1428,2541,N,,,,Beta,Aligned on billing and renewal terms.,,nina.vance@examplecorp.test,,Followed up on the open items from last week.,avery.dorsey@demomail.test,drew.sloan@examplecorp.test,,100753,,101223,,100061,,,,,,,quinn.ford@demomail.test,Liam Vance,N,Silverline Ventures,100753,SKU-3203,101121,Aisha Sloan,101407,,,101567
700427,100399,Resource Care,100199,Customer Success Check-In,Final,Discussed timeline and next steps with the account.,Y,Y,LOT-6093,arjun.haddad@examplecorp.test,2022-12-04 05:58:00,reese.reyes@sampleco.test,Jamie Patel,Marco Kim,Marco Silva,,,Jamie Whitfield,sofia.reyes@sampleco.test,Casey Haddad,jamie.patel@acme-fake.test,,N,6.5,7.9,2.8,Rowan Costa,2026-03-29 21:35:00,1448,7032,Delta,Alpha,Gamma,LOT-5489,4629,442,Jordan Sloan,,,,,722,1141,Mei Ashby,2025-03-24 05:46:00,5573,696,Other,Other,Other,Gamma,Reese Garcia,6810,,,,,6559,,6375,Y,,,,Standard,,,skyler.vance@examplecorp.test,,Discussed timeline and next steps with the account.,casey.silva@examplecorp.test,marco.dorsey@examplecorp.test,,100325,,,,,,,,,100291,,jamie.haddad@sampleco.test,Arjun Blake,Y,Meridian Group Co,100648,SKU-9316,101719,Yara Mensah,101529,,,101523
700428,100055,Customer Management,100694,Customer Success Check-In,Final,Discussed timeline and next steps with the account.,N,Y,SKU-9360,taylor.brooks@sampleco.test,2025-01-21 01:49:00,quinn.haddad@acme-fake.test,Priya Ford,Aisha Blake,Avery Haddad,,,Omar Dorsey,diego.dorsey@acme-fake.test,,fatima.vance@demomail.test,,N,9.7,4.4,7.1,Alex Brooks,2025-08-30 11:53:00,9636,6785,Alpha,Gamma,Alpha,LOT-1895,9766,7050,Avery Rossi,,,,,6167,8767,Morgan Patel,2025-04-01 16:57:00,3618,312,Gamma,Alpha,Gamma,,Yara Silva,3750,,,,,,3312,1120,Y,,,,Gamma,Shared the updated proposal for review.,,elena.whitfield@demomail.test,,Resolved the outstanding question about scope.,elena.rossi@acme-fake.test,mei.patel@sampleco.test,,100205,,101349,,,,,101770,,100183,,noah.calder@examplecorp.test,Rowan Kim,Y,Granite Ventures Inc,100089,LOT-8456,101595,Rahul Mercer,100810,,,101289
700429,100022,Customer Management,100203,Quarterly Review,Final,Followed up on the open items from last week.,N,N,TAG-4291,avery.okafor@demomail.test,2024-11-16 00:00:00,sofia.larsson@acme-fake.test,Rahul Vance,Mei Ashby,,,LOT-7856,Elena Ashby,elena.sloan@demomail.test,Rowan Mensah,alex.silva@demomail.test,Aisha Vance,Y,3.0,6.9,9.9,Omar Calder,2026-05-13 00:42:00,9548,2619,Delta,Other,Delta,LOT-8502,9912,762,Rahul Haddad,,,,,866,2746,Jordan Ford,2025-12-13 22:02:00,5750,,Beta,Gamma,Delta,Delta,Morgan Whitfield,5272,,,,,4645,3494,1370,Y,,,,Beta,Resolved the outstanding question about scope.,,mei.kim@sampleco.test,,Aligned on billing and renewal terms.,alex.mensah@examplecorp.test,avery.mensah@acme-fake.test,,100201,,100862,,100119,,,,,100458,,yara.patel@examplecorp.test,Skyler Sato,Y,Harbor Textiles,100117,LOT-4561,101739,Aisha Mercer,100863,,TAG-5481,101383
700430,100252,Resource Care,100296,Customer Success Check-In,Final,Noted a concern to revisit at the next sync.,N,N,REF-7214,yara.garcia@demomail.test,2024-04-20 18:42:00,jamie.okafor@demomail.test,Rowan Blake,Noah Larsson,Noah Ivanov,,REF-9838,Casey Rossi,emerson.mercer@acme-fake.test,Morgan Nguyen,morgan.silva@examplecorp.test,Elena Ford,Y,6.8,4.9,4.4,Elena Vance,2024-12-22 23:30:00,1776,5715,Delta,Standard,Beta,TAG-9569,5207,7421,Arjun Mensah,,,,,9900,4133,Riley Okafor,2023-03-13 20:21:00,4996,3590,Beta,Other,Standard,Beta,Casey Mensah,1676,,,,,825,363,9587,Y,,,,Gamma,,,drew.okafor@acme-fake.test,Other,Reviewed performance and gathered feedback.,riley.mensah@demomail.test,reese.ivanov@sampleco.test,,100665,,,,100199,,,101054,,,,elena.blake@sampleco.test,Noah Cohen,N,Harbor Robotics Group,100714,TAG-3353,101424,Emerson Larsson,101458,,TAG-5948,101238
700431,100094,Customer Management,100405,Wellness Check-In,Draft,Reviewed performance and gathered feedback.,Y,N,LOT-8713,rowan.mercer@demomail.test,2025-10-02 04:09:00,alex.costa@sampleco.test,Aisha Vance,Sofia Blake,,,,,omar.vance@sampleco.test,,avery.garcia@acme-fake.test,Omar Ashby,N,2.5,3.2,4.0,Drew Blake,2026-05-17 01:06:00,1196,1340,Beta,Delta,Other,SKU-2534,1913,196,Priya Reyes,,,,,5684,5312,Reese Reyes,2023-04-03 10:58:00,6802,4893,Delta,Other,Gamma,Other,,7707,,,,,5424,2062,7795,N,,,,Delta,,,taylor.blake@examplecorp.test,,Followed up on the open items from last week.,emerson.kim@examplecorp.test,mei.blake@examplecorp.test,,100200,,101632,,100779,,,,,100495,,aisha.dorsey@acme-fake.test,Aisha Garcia,N,Copper Industries Ltd,100267,LOT-2800,101774,Liam Blake,101641,,,100853
700432,100299,Resource Care,100434,Wellness Check-In,Final,Noted a concern to revisit at the next sync.,N,N,REF-4622,casey.haddad@examplecorp.test,2024-02-28 23:15:00,avery.ashby@acme-fake.test,Emerson Silva,Priya Silva,,,LOT-3653,Liam Reyes,marco.mercer@demomail.test,,skyler.cohen@demomail.test,Riley Garcia,Y,7.1,8.3,9.3,Chen Rossi,2025-04-24 08:55:00,5564,3379,Beta,Other,Beta,SKU-7326,5019,6048,Jordan Blake,,,,,8187,8189,Liam Silva,2023-08-29 13:16:00,5820,,Beta,Beta,Gamma,Delta,Aisha Kim,9294,,,,,4591,2972,8576,N,,,,Gamma,Discussed timeline and next steps with the account.,,drew.silva@examplecorp.test,Other,Shared the updated proposal for review.,drew.vance@sampleco.test,nina.nguyen@examplecorp.test,,100512,,101595,,100469,,,,,100643,,casey.sloan@sampleco.test,Nina Larsson,N,Keystone Health Inc,100741,LOT-1577,100800,,101420,,,101548
700433,100352,Customer Management,100743,Quarterly Review,Final,Noted a concern to revisit at the next sync.,Y,N,TAG-8140,elena.ford@demomail.test,2025-07-02 19:48:00,sofia.brooks@acme-fake.test,Riley Patel,Nina Haddad,Alex Sato,,SKU-8337,Nina Okafor,arjun.mercer@sampleco.test,,jamie.mercer@demomail.test,Liam Ford,N,3.6,6.8,6.3,Avery Rossi,2023-02-14 17:05:00,6532,3825,Gamma,Delta,Beta,REF-2289,787,9622,Avery Ashby,,,,,3566,2527,Rahul Ashby,2025-06-29 15:24:00,,6539,Standard,Delta,Alpha,Beta,Arjun Dorsey,4648,,,,,3946,6815,2146,Y,,,,Beta,Resolved the outstanding question about scope.,,liam.mensah@sampleco.test,,Scheduled a check-in for the coming month.,nina.kim@demomail.test,marco.reyes@demomail.test,,100733,,100935,,,,,101207,,100726,,chen.nguyen@sampleco.test,Elena Ashby,N,Atlas Health Co,100574,REF-1009,101098,Morgan Mensah,101133,,,101501
700434,100761,Customer Management,100418,Quarterly Review,Final,Noted a concern to revisit at the next sync.,Y,Y,LOT-6780,elena.silva@sampleco.test,2023-10-19 06:49:00,avery.sloan@demomail.test,Diego Brooks,Arjun Nguyen,Rahul Okafor,,,,fatima.vance@examplecorp.test,Marco Ashby,yara.silva@acme-fake.test,Reese Costa,Y,7.0,1.4,9.2,Emerson Blake,2024-06-19 15:37:00,9426,6945,Other,Beta,Gamma,REF-4345,7774,2315,Alex Dorsey,,,,,8612,3072,Rowan Sato,2023-06-03 03:17:00,,589,Gamma,Standard,Gamma,Alpha,Chen Mercer,8763,,,,,3341,7160,7070,Y,,Gamma,,Other,Discussed timeline and next steps with the account.,,mei.sato@acme-fake.test,,Noted a concern to revisit at the next sync.,yara.mensah@acme-fake.test,omar.sato@acme-fake.test,,100786,,,,100640,,,101760,,100263,,omar.garcia@demomail.test,Emerson Larsson,N,Pioneer Labs Inc,100478,LOT-5604,101748,Avery Brooks,101547,,,101231
700435,100182,Customer Management,100470,Customer Success Check-In,Final,Resolved the outstanding question about scope.,Y,N,TAG-2126,arjun.blake@examplecorp.test,2023-10-04 16:47:00,liam.okafor@demomail.test,Omar Ashby,Fatima Okafor,Arjun Sato,,,Quinn Reyes,yara.mercer@examplecorp.test,Noah Reyes,noah.vance@acme-fake.test,Sofia Haddad,N,5.1,3.1,4.2,Priya Vance,2024-04-19 21:10:00,6806,6016,Alpha,Gamma,Gamma,TAG-9098,8387,6129,Chen Silva,,,,,4847,6245,Diego Rossi,2024-11-23 07:42:00,924,5638,Other,Alpha,Beta,,Jordan Ivanov,36,,,,,2705,7068,7811,N,,,,Delta,,,reese.vance@demomail.test,,Followed up on the open items from last week.,omar.whitfield@sampleco.test,yara.ivanov@demomail.test,,100490,,100808,,,,,101458,,100425,,morgan.ivanov@acme-fake.test,Arjun Kim,Y,Beacon Energy Inc,100112,LOT-1455,101346,Sofia Ivanov,101733,,,101774
700436,100014,Resource Care,100257,Wellness Check-In,Final,Scheduled a check-in for the coming month.,N,Y,SKU-5084,arjun.nguyen@demomail.test,2023-12-06 02:45:00,aisha.dorsey@acme-fake.test,Yara Reyes,Aisha Patel,Noah Sloan,,REF-1493,Rahul Sato,omar.sloan@demomail.test,Alex Calder,mei.cohen@sampleco.test,Casey Sato,N,5.6,2.5,2.1,Diego Calder,2024-01-08 01:44:00,6018,3566,Other,Standard,Gamma,LOT-1702,9217,3775,Priya Brooks,,,,,365,9208,Jamie Costa,2026-07-28 13:40:00,6021,9528,Other,Gamma,Delta,Delta,Diego Costa,185,,,,,9347,,4610,N,,,,,Resolved the outstanding question about scope.,,fatima.silva@examplecorp.test,,Shared the updated proposal for review.,yara.mercer@examplecorp.test,marco.okafor@acme-fake.test,,100532,,101302,,100158,,,100819,,,,quinn.garcia@sampleco.test,Noah Rossi,N,Harbor Solutions LLP,100400,LOT-6732,101059,Fatima Sloan,101700,,,101633
700437,100785,Customer Management,100263,Customer Success Check-In,Final,Reviewed performance and gathered feedback.,Y,Y,LOT-4367,jordan.ford@sampleco.test,2024-05-27 10:58:00,noah.cohen@sampleco.test,Drew Sato,Casey Whitfield,,,SKU-7916,Avery Sato,aisha.ivanov@examplecorp.test,,reese.mensah@demomail.test,Quinn Reyes,N,2.8,5.7,8.0,Priya Whitfield,2026-03-01 00:17:00,515,8734,Gamma,Gamma,Other,REF-6151,4038,9507,Riley Rossi,,,,,6179,4643,Chen Patel,2025-07-19 09:38:00,5247,2878,Gamma,Gamma,Beta,Delta,Jordan Patel,1071,,,,,3477,3168,3466,Y,,,,Standard,,,nina.rossi@examplecorp.test,,Resolved the outstanding question about scope.,avery.nguyen@examplecorp.test,aisha.ivanov@examplecorp.test,,100203,,,,,,,,,,,priya.vance@examplecorp.test,Skyler Ivanov,Y,Silverline Partners,100361,REF-4758,100911,Diego Nguyen,101325,,,101751
700438,100669,Resource Care,100019,Wellness Check-In,Final,Discussed timeline and next steps with the account.,Y,N,TAG-3011,rowan.kim@examplecorp.test,2026-02-27 01:16:00,quinn.mensah@demomail.test,Noah Mercer,Alex Cohen,Aisha Silva,,REF-1623,,liam.vance@examplecorp.test,Sofia Garcia,omar.mensah@examplecorp.test,,N,1.4,5.9,3.3,Mei Rossi,2026-03-20 00:36:00,3992,3678,Gamma,Other,Beta,REF-6469,3099,3393,Rowan Sloan,,,,,8293,6752,Drew Calder,2025-06-01 07:36:00,7920,763,,Alpha,Gamma,Alpha,Jamie Reyes,,,,,,4364,2925,6736,N,,,,Other,Aligned on billing and renewal terms.,,fatima.blake@sampleco.test,,Shared the updated proposal for review.,drew.sato@demomail.test,arjun.reyes@examplecorp.test,,100445,,,,100246,,,101018,,,,avery.garcia@examplecorp.test,,Y,Beacon Health Group,100371,LOT-7993,101347,,101716,,,101216
700439,100622,Customer Management,100147,Quarterly Review,Draft,Followed up on the open items from last week.,Y,N,TAG-1673,skyler.mercer@demomail.test,2023-07-25 02:35:00,elena.brooks@demomail.test,Fatima Haddad,Quinn Whitfield,Jordan Calder,,REF-4953,Casey Whitfield,liam.silva@examplecorp.test,Rowan Sloan,reese.larsson@demomail.test,,Y,1.4,1.7,9.1,Rahul Ford,2026-04-15 20:27:00,5287,9044,Alpha,Gamma,Beta,REF-1662,2392,3891,Nina Larsson,,,,,183,7865,Rowan Dorsey,2025-02-07 16:13:00,,1904,Beta,,Other,Delta,Avery Ford,9803,,,,,8757,2592,,N,,,,,Resolved the outstanding question about scope.,,chen.vance@sampleco.test,,Reviewed performance and gathered feedback.,marco.sloan@examplecorp.test,arjun.rossi@demomail.test,,100239,,100802,,,,,,,100790,,elena.blake@acme-fake.test,Casey Calder,Y,Delta Textiles Inc,100787,TAG-8604,100957,Liam Blake,101389,Standard,,101709
700440,100791,Customer Management,100284,Quarterly Review,Final,Noted a concern to revisit at the next sync.,Y,Y,TAG-3419,aisha.ford@acme-fake.test,2024-07-22 04:15:00,mei.cohen@sampleco.test,Elena Sato,Rahul Brooks,Skyler Calder,,LOT-8131,Rowan Costa,liam.rossi@demomail.test,Marco Nguyen,skyler.mercer@sampleco.test,,N,9.8,8.6,8.6,Liam Calder,2023-02-11 09:40:00,9926,8492,Standard,Alpha,Alpha,TAG-9576,6572,8042,Yara Haddad,,,,,6224,3987,Arjun Silva,2024-01-27 04:57:00,4617,5286,Standard,Standard,Other,Standard,Liam Cohen,9409,,,,,2985,4942,3460,Y,,,,,Followed up on the open items from last week.,,aisha.vance@examplecorp.test,,Aligned on billing and renewal terms.,noah.dorsey@sampleco.test,reese.garcia@examplecorp.test,,100339,,100838,,100269,,,100805,,,,reese.costa@sampleco.test,Sofia Whitfield,N,Vertex Systems LLP,100054,TAG-8103,101774,Drew Vance,101079,,,101138
700441,100188,Customer Management,100231,Quarterly Review,Final,Discussed timeline and next steps with the account.,N,N,LOT-9408,elena.sato@acme-fake.test,2022-11-16 12:15:00,yara.whitfield@sampleco.test,Diego Mensah,Alex Reyes,Casey Sloan,,LOT-5261,Taylor Larsson,taylor.vance@examplecorp.test,Omar Sato,marco.okafor@acme-fake.test,Reese Calder,Y,3.2,3.4,1.3,Alex Larsson,2025-12-15 04:13:00,7287,8206,Gamma,Beta,Gamma,TAG-1781,6752,3188,Reese Brooks,,,,,1661,760,Quinn Kim,2023-04-13 00:32:00,6117,1262,Alpha,Standard,Beta,,Drew Sato,5558,,,,,325,7347,822,N,,,,Delta,Discussed timeline and next steps with the account.,,reese.costa@acme-fake.test,,Followed up on the open items from last week.,avery.nguyen@sampleco.test,casey.garcia@acme-fake.test,,100009,,101763,,,,,101615,,,,noah.rossi@examplecorp.test,Morgan Whitfield,N,Cardinal Energy,100305,TAG-1062,100856,Jamie Calder,100843,,,101429
700442,100350,Resource Care,100548,Customer Success Check-In,Final,Scheduled a check-in for the coming month.,N,N,LOT-5516,reese.calder@examplecorp.test,2024-12-24 20:26:00,arjun.costa@sampleco.test,Arjun Blake,Rahul Blake,,,TAG-8321,Emerson Okafor,quinn.blake@sampleco.test,,rowan.brooks@demomail.test,,Y,4.8,5.5,6.8,Riley Mensah,2023-02-08 23:08:00,8452,4222,Beta,Alpha,Gamma,REF-8535,2863,9001,Liam Reyes,,,,,8099,7997,Taylor Patel,2024-09-01 17:00:00,4250,2947,,Other,Delta,Standard,Reese Silva,6987,,,,,9251,483,7807,Y,,Other,,Beta,Scheduled a check-in for the coming month.,,quinn.brooks@examplecorp.test,,Discussed timeline and next steps with the account.,arjun.haddad@sampleco.test,reese.sato@acme-fake.test,,100578,,,,100753,,,,,,,jamie.haddad@demomail.test,Noah Sloan,Y,Pioneer Media Corp,100643,REF-5835,101129,Noah Ashby,101625,,,100937
700443,100507,Customer Management,100564,Wellness Check-In,Final,Scheduled a check-in for the coming month.,N,Y,LOT-4129,mei.sato@acme-fake.test,2026-03-29 02:58:00,liam.patel@examplecorp.test,Arjun Blake,Omar Calder,Fatima Silva,,SKU-5220,Emerson Sato,emerson.brooks@sampleco.test,Jordan Reyes,liam.haddad@demomail.test,,Y,2.8,6.9,3.0,Fatima Costa,2025-08-07 04:34:00,6707,8408,Alpha,Alpha,Beta,TAG-5706,1556,1971,Sofia Brooks,,,,,3535,7965,Fatima Reyes,2025-07-03 14:16:00,2803,2444,Alpha,Other,Gamma,Standard,Elena Patel,8497,,,,,3125,7450,292,Y,,Alpha,,Gamma,Scheduled a check-in for the coming month.,,nina.garcia@examplecorp.test,,Noted a concern to revisit at the next sync.,marco.larsson@examplecorp.test,elena.cohen@sampleco.test,,100659,,,,100503,,,,,100490,,noah.reyes@sampleco.test,,Y,Horizon Networks LLP,100335,SKU-8596,101490,,100856,,,101238
700444,100696,Resource Care,100425,Wellness Check-In,Draft,Reviewed performance and gathered feedback.,Y,N,SKU-9228,sofia.mercer@sampleco.test,2025-04-22 21:16:00,rowan.larsson@demomail.test,Alex Sloan,Morgan Rossi,,,TAG-3792,Rahul Mensah,casey.calder@sampleco.test,,rowan.ivanov@examplecorp.test,,Y,6.2,9.2,3.8,Elena Sato,2024-05-04 02:07:00,4345,8969,Delta,Other,Beta,REF-3341,5831,6504,Skyler Okafor,,,,,3643,8490,Rahul Larsson,2026-01-03 23:26:00,,1160,Beta,Alpha,,Standard,Omar Larsson,862,,,,,9174,597,3559,N,,,,Other,Aligned on billing and renewal terms.,,omar.rossi@demomail.test,,Shared the updated proposal for review.,reese.mensah@sampleco.test,noah.garcia@demomail.test,,100215,,101225,,100467,,,,,100564,,noah.whitfield@demomail.test,Quinn Kim,N,Pioneer Systems LLP,100264,TAG-5625,101545,Chen Patel,101578,,,101791
700445,100155,Customer Management,100023,Quarterly Review,Final,Resolved the outstanding question about scope.,Y,N,SKU-1368,sofia.calder@demomail.test,2022-12-15 05:05:00,quinn.nguyen@examplecorp.test,Priya Costa,Mei Whitfield,Taylor Calder,,REF-9273,,avery.reyes@sampleco.test,Mei Sato,rahul.cohen@acme-fake.test,Jordan Silva,N,6.0,5.5,4.0,Alex Whitfield,2023-03-23 03:47:00,2246,6314,Delta,Beta,Delta,TAG-7288,8865,569,Diego Calder,,,,,5394,6889,Rahul Vance,2024-02-05 02:07:00,215,3412,Other,Standard,Gamma,Gamma,Omar Garcia,5906,,,,,9666,2773,3355,Y,,,,Standard,Noted a concern to revisit at the next sync.,Elena Nguyen,jamie.larsson@examplecorp.test,,Noted a concern to revisit at the next sync.,jordan.ford@examplecorp.test,mei.sato@acme-fake.test,,100315,,101335,,100601,,,,,100694,,elena.sloan@demomail.test,Arjun Okafor,N,Everest Logistics,100221,SKU-5549,101404,Drew Rossi,101529,,TAG-9244,101679
700446,100448,Customer Management,100680,Wellness Check-In,Final,Noted a concern to revisit at the next sync.,N,N,REF-5721,priya.brooks@acme-fake.test,2023-06-16 18:30:00,elena.haddad@demomail.test,Emerson Cohen,Taylor Dorsey,,,LOT-4917,Emerson Patel,alex.nguyen@sampleco.test,,skyler.larsson@examplecorp.test,Nina Brooks,N,1.6,2.1,6.6,Jamie Patel,2023-03-27 18:06:00,5,5260,Other,Beta,Gamma,TAG-4560,3168,2576,Jordan Mercer,,,,,8383,4724,Sofia Cohen,2025-09-30 09:14:00,8099,1184,Standard,,Standard,Delta,Yara Ford,5315,,,,,8983,2170,1191,N,,,,Other,Noted a concern to revisit at the next sync.,,mei.sato@acme-fake.test,,Shared the updated proposal for review.,sofia.blake@acme-fake.test,riley.sato@acme-fake.test,,100604,,101281,,100404,,,,,,,emerson.whitfield@acme-fake.test,Alex Brooks,Y,Beacon Industries LLC,100194,LOT-1616,100988,Sofia Reyes,101327,,,101373
700447,100596,Customer Management,100765,Wellness Check-In,Final,Reviewed performance and gathered feedback.,Y,Y,LOT-4226,taylor.cohen@sampleco.test,2024-10-10 15:06:00,avery.mensah@demomail.test,Priya Rossi,Arjun Calder,Quinn Brooks,,,Alex Brooks,yara.mensah@examplecorp.test,Quinn Calder,jamie.dorsey@acme-fake.test,Diego Ivanov,Y,8.8,9.7,1.6,Sofia Whitfield,2023-04-26 21:51:00,9063,8719,Gamma,Other,Gamma,LOT-1834,3083,1499,Priya Vance,,,,,1785,4124,Quinn Kim,2025-09-27 03:51:00,539,4083,Other,Beta,Alpha,Alpha,Jamie Nguyen,7304,,,,,8818,,8512,N,,,,Beta,Scheduled a check-in for the coming month.,Rowan Silva,priya.nguyen@examplecorp.test,,Aligned on billing and renewal terms.,liam.patel@sampleco.test,aisha.ashby@demomail.test,,100385,,101234,,100529,,,100822,,100490,,jamie.mensah@demomail.test,Alex Okafor,Y,Cardinal Textiles Ltd,100082,SKU-9982,101530,Arjun Mensah,101435,,REF-4802,100802
700448,100762,Resource Care,100462,Customer Success Check-In,Final,Aligned on billing and renewal terms.,Y,N,REF-3916,diego.ford@sampleco.test,2025-02-28 09:30:00,reese.ashby@examplecorp.test,Chen Ford,Skyler Reyes,,,REF-7154,Jamie Kim,rahul.reyes@demomail.test,Yara Mercer,noah.patel@sampleco.test,Omar Mercer,Y,2.5,7.5,4.1,Quinn Larsson,2023-09-17 08:05:00,4390,142,Beta,Beta,Standard,REF-6464,6967,7218,Omar Silva,,,,,3510,2390,Nina Ivanov,2023-09-03 16:25:00,2678,1194,Gamma,Gamma,Delta,Gamma,,8321,,,,,2686,,,N,,,,Alpha,Aligned on billing and renewal terms.,,rahul.whitfield@acme-fake.test,,Aligned on billing and renewal terms.,elena.ashby@examplecorp.test,casey.blake@demomail.test,,100382,,100909,,,,,101368,,100574,,diego.vance@acme-fake.test,Alex Sato,N,Horizon Manufacturing LLP,100765,TAG-5201,101753,Omar Larsson,100949,,,101062
700449,100664,Customer Management,100756,Quarterly Review,Final,Scheduled a check-in for the coming month.,Y,N,REF-3144,mei.reyes@sampleco.test,2024-11-18 02:04:00,arjun.ashby@examplecorp.test,Liam Silva,Priya Dorsey,Rahul Garcia,,REF-4380,Elena Costa,noah.larsson@demomail.test,Quinn Vance,marco.ford@examplecorp.test,Drew Patel,Y,8.2,3.1,4.8,Avery Mercer,2023-11-03 07:10:00,8751,9170,Delta,Alpha,Alpha,SKU-8528,8231,4865,Elena Ford,,,,,7356,3887,Nina Garcia,2025-03-30 23:59:00,9799,2268,Alpha,Gamma,Alpha,Delta,Mei Nguyen,6643,,,,,829,6390,3394,N,,,,Other,Reviewed performance and gathered feedback.,,skyler.ford@examplecorp.test,,Aligned on billing and renewal terms.,taylor.larsson@demomail.test,yara.reyes@examplecorp.test,,100365,,,,,,,,,,,drew.sloan@examplecorp.test,Rowan Nguyen,N,Cobalt Logistics Corp,100055,REF-4144,101312,Fatima Mercer,101151,,,100997
700450,100470,Resource Care,100130,Wellness Check-In,Final,Followed up on the open items from last week.,Y,Y,TAG-9795,reese.blake@acme-fake.test,2026-01-12 00:05:00,nina.costa@sampleco.test,Diego Dorsey,Alex Sloan,Riley Brooks,,,,drew.calder@demomail.test,Chen Mercer,nina.nguyen@demomail.test,Yara Garcia,N,6.0,6.6,5.9,Fatima Ashby,2022-12-06 09:29:00,187,1613,Delta,Alpha,Delta,LOT-8556,7618,202,Alex Rossi,,,,,5327,3305,Skyler Ashby,2025-10-12 13:19:00,2520,4535,,Delta,Standard,Alpha,,,,,,,5426,7488,7862,Y,,,Beta,Gamma,Reviewed performance and gathered feedback.,,casey.sato@sampleco.test,,Scheduled a check-in for the coming month.,morgan.ashby@acme-fake.test,mei.calder@sampleco.test,,100177,,101589,,100009,,,101518,,100153,,taylor.mensah@acme-fake.test,Yara Sato,Y,Evergreen Analytics Co,100229,SKU-1204,101210,Quinn Sato,101757,Delta,,100951
700451,100673,Customer Management,100315,Wellness Check-In,Final,Shared the updated proposal for review.,N,N,LOT-3294,omar.costa@examplecorp.test,2025-12-02 22:39:00,aisha.mercer@examplecorp.test,Drew Silva,Liam Rossi,Diego Ivanov,,TAG-8980,Diego Brooks,alex.vance@examplecorp.test,Priya Reyes,skyler.calder@examplecorp.test,,N,6.4,5.4,3.8,Yara Ivanov,2025-09-22 17:11:00,3753,1020,Standard,Other,Beta,LOT-4709,8496,9430,Rowan Sloan,,,,,2784,5870,Noah Vance,2025-12-12 10:21:00,2054,3938,Alpha,,Other,Gamma,Emerson Vance,,,,,,8516,2820,8590,N,,,,Other,Noted a concern to revisit at the next sync.,,marco.rossi@demomail.test,,Discussed timeline and next steps with the account.,drew.okafor@sampleco.test,fatima.ford@acme-fake.test,,100269,,100908,,100629,,,101238,,,,drew.dorsey@examplecorp.test,Elena Silva,Y,Ironwood Group Inc,100691,LOT-9826,101472,,101021,,,101553
700452,100561,Customer Management,100516,Quarterly Review,Final,Reviewed performance and gathered feedback.,Y,N,REF-2884,avery.vance@acme-fake.test,2022-12-04 11:11:00,yara.dorsey@examplecorp.test,Noah Sloan,Marco Calder,Drew Okafor,,,,mei.brooks@examplecorp.test,,mei.vance@sampleco.test,Mei Garcia,N,8.8,3.6,9.8,Riley Okafor,2025-10-23 05:51:00,2856,2126,Delta,Gamma,Gamma,TAG-9691,6595,7731,Taylor Larsson,,,,,7999,735,,2023-01-15 10:14:00,9275,9500,Gamma,Standard,Delta,Gamma,Quinn Nguyen,7894,,,,,5456,7334,1599,N,,Standard,,Delta,Aligned on billing and renewal terms.,,marco.mensah@sampleco.test,,Reviewed performance and gathered feedback.,elena.vance@sampleco.test,avery.costa@examplecorp.test,,100366,,100890,,,,,,,100386,,noah.blake@examplecorp.test,Liam Dorsey,N,Cobalt Ventures LLC,100535,REF-8048,101463,Avery Blake,101187,,,101455
700453,100375,Resource Care,100466,Quarterly Review,Final,Shared the updated proposal for review.,Y,Y,REF-4779,omar.okafor@acme-fake.test,2022-10-16 11:15:00,riley.haddad@examplecorp.test,Fatima Rossi,Nina Ford,Jordan Calder,,,,quinn.mensah@demomail.test,,priya.vance@examplecorp.test,Elena Costa,Y,8.8,3.5,2.4,Noah Garcia,2025-05-10 04:25:00,5768,8272,Other,Alpha,Other,REF-9311,2745,4454,Arjun Nguyen,,,,,5508,7930,Skyler Reyes,2024-03-07 01:58:00,825,9262,,Gamma,Beta,Alpha,,3603,,,,,4791,6885,714,N,,,Beta,Alpha,Resolved the outstanding question about scope.,,casey.sato@demomail.test,,Followed up on the open items from last week.,chen.silva@demomail.test,liam.blake@acme-fake.test,,100335,,,,,,,,,100611,,elena.garcia@sampleco.test,Casey Mensah,Y,Evergreen Analytics LLP,100226,REF-3232,101474,Riley Costa,100808,,,101709
700454,100320,Customer Management,100590,Customer Success Check-In,Final,Shared the updated proposal for review.,Y,N,SKU-7447,elena.vance@examplecorp.test,2025-10-13 03:59:00,casey.mensah@sampleco.test,Emerson Patel,Arjun Silva,Arjun Dorsey,,,Taylor Costa,avery.cohen@acme-fake.test,Marco Kim,marco.mensah@sampleco.test,Taylor Brooks,N,9.2,7.3,5.1,Aisha Kim,2024-05-12 07:01:00,8100,66,Alpha,Other,Standard,LOT-1365,4584,3036,Alex Mensah,,,,,3365,7713,Marco Vance,2024-09-24 11:52:00,9497,3640,Alpha,Beta,Alpha,Beta,Diego Nguyen,9808,,,,,3706,7235,7716,N,,,Other,,Noted a concern to revisit at the next sync.,,priya.kim@examplecorp.test,,Aligned on billing and renewal terms.,emerson.patel@demomail.test,yara.silva@sampleco.test,,100548,,101733,,100528,,,101112,,100352,,omar.nguyen@examplecorp.test,Casey Reyes,Y,Harbor Ventures Inc,100193,SKU-3450,100831,Jordan Reyes,100828,,,100953
700455,100661,Resource Care,100673,Quarterly Review,Final,Reviewed performance and gathered feedback.,N,Y,REF-9351,fatima.vance@sampleco.test,2025-01-11 04:16:00,alex.ashby@demomail.test,Quinn Patel,Sofia Rossi,,,,Taylor Vance,jamie.larsson@sampleco.test,Sofia Brooks,noah.costa@acme-fake.test,,Y,2.8,1.6,2.1,Priya Reyes,2024-07-16 11:11:00,7898,1567,Alpha,Delta,Standard,REF-3591,2568,6781,Taylor Ivanov,,,,,7286,5056,Priya Ashby,2022-11-05 12:43:00,3809,9875,Delta,Gamma,Alpha,Standard,Liam Sato,244,,,,,3343,3970,,N,,,,Standard,Resolved the outstanding question about scope.,,skyler.nguyen@examplecorp.test,,Resolved the outstanding question about scope.,sofia.silva@acme-fake.test,jordan.cohen@sampleco.test,,100125,,100817,,100229,,,101407,,100576,,aisha.patel@examplecorp.test,Riley Mercer,Y,Ironwood Financial LLC,100740,REF-9078,101572,,101021,,,101373
700456,100572,Customer Management,100303,Customer Success Check-In,Draft,Reviewed performance and gathered feedback.,N,Y,REF-8072,nina.rossi@demomail.test,2025-10-12 10:09:00,rahul.garcia@demomail.test,Omar Silva,Skyler Blake,Elena Sloan,,,Skyler Sloan,sofia.calder@sampleco.test,,reese.calder@sampleco.test,Omar Whitfield,N,10.0,8.1,2.6,Priya Rossi,2024-11-06 04:19:00,9562,2251,Beta,Gamma,Other,SKU-6452,6634,4179,Noah Sato,,,,,6311,3253,Rahul Kim,2025-01-11 22:50:00,927,7374,Standard,Beta,Beta,Delta,Noah Ford,1525,,,,,5348,8956,2841,Y,SKU-5182,,,Standard,Reviewed performance and gathered feedback.,,noah.cohen@examplecorp.test,,Shared the updated proposal for review.,quinn.nguyen@demomail.test,priya.mensah@acme-fake.test,,100232,,100882,,,,,,,,,noah.ashby@examplecorp.test,Arjun Brooks,N,Granite Holdings Ltd,100791,REF-8838,101477,Casey Sloan,101073,,,101178
700457,100028,Resource Care,100753,Customer Success Check-In,Final,Aligned on billing and renewal terms.,N,N,SKU-2382,nina.haddad@examplecorp.test,2026-07-22 15:58:00,yara.sloan@sampleco.test,Aisha Brooks,Omar Larsson,Rowan Dorsey,,LOT-6773,,noah.ivanov@acme-fake.test,,omar.dorsey@acme-fake.test,Chen Larsson,Y,5.3,4.1,1.9,Riley Patel,2025-12-13 08:11:00,5753,8539,Other,Beta,Beta,SKU-8665,5808,1907,Alex Sloan,,,,,1554,1313,Morgan Silva,2024-02-19 03:40:00,9667,3136,Standard,Beta,Alpha,Beta,Elena Garcia,7825,,,,,5462,,4865,Y,,,,Beta,Reviewed performance and gathered feedback.,,diego.blake@sampleco.test,,Followed up on the open items from last week.,quinn.ivanov@demomail.test,emerson.haddad@sampleco.test,,100007,,101404,,,,,,,100233,,riley.brooks@acme-fake.test,Rowan Costa,N,Meridian Analytics Ltd,100369,TAG-1698,101479,Yara Rossi,101090,,,101128
700458,100759,Customer Management,100275,Wellness Check-In,Final,Resolved the outstanding question about scope.,N,N,TAG-5863,rowan.calder@demomail.test,2026-07-16 05:04:00,riley.kim@acme-fake.test,Marco Sato,Sofia Dorsey,,,TAG-5597,,avery.sato@sampleco.test,,taylor.ashby@demomail.test,Fatima Garcia,N,6.0,7.5,1.8,Morgan Whitfield,2025-09-15 06:39:00,8875,713,Beta,Alpha,Alpha,LOT-7498,3313,7933,Drew Ashby,,,,,2427,733,Quinn Ivanov,2024-10-07 15:45:00,4416,9098,Delta,Gamma,Alpha,Alpha,Marco Ashby,6294,,,,,6366,9633,,N,,,,Beta,Followed up on the open items from last week.,,mei.patel@demomail.test,,Reviewed performance and gathered feedback.,noah.rossi@demomail.test,nina.costa@examplecorp.test,,100003,,101752,,100432,,,,,,,reese.calder@acme-fake.test,Omar Ford,Y,Cardinal Capital LLP,100791,LOT-1234,101399,Alex Rossi,101771,,,101538
700459,100349,Customer Management,100040,Wellness Check-In,Final,Scheduled a check-in for the coming month.,N,Y,LOT-4494,avery.whitfield@demomail.test,2023-08-26 17:55:00,skyler.dorsey@demomail.test,Alex Whitfield,Diego Sato,,,,Aisha Sloan,casey.reyes@sampleco.test,Marco Blake,rahul.mensah@demomail.test,Taylor Silva,N,4.7,6.7,4.2,Nina Mensah,2025-05-05 06:59:00,7659,4269,Gamma,Beta,Other,LOT-8211,4457,3880,Diego Kim,,,,,9660,2853,Skyler Calder,2025-01-23 13:21:00,3098,5791,Other,Other,Delta,Gamma,Avery Nguyen,8803,,,,,4741,6564,510,Y,,,,,Shared the updated proposal for review.,,avery.sato@examplecorp.test,,Aligned on billing and renewal terms.,sofia.whitfield@acme-fake.test,mei.ashby@acme-fake.test,,100220,,101485,,100713,,,,,100007,,emerson.mensah@examplecorp.test,Morgan Sato,Y,Granite Labs Co,100634,SKU-2597,101380,Elena Dorsey,101444,,,101752
700460,100357,Resource Care,100320,Quarterly Review,Final,Shared the updated proposal for review.,Y,Y,LOT-8937,omar.silva@demomail.test,2025-09-29 01:52:00,diego.cohen@demomail.test,Yara Ashby,Yara Mercer,Jordan Cohen,,SKU-5951,,morgan.sato@sampleco.test,Omar Ivanov,riley.costa@examplecorp.test,,Y,3.4,4.8,1.2,Omar Cohen,2025-11-01 12:43:00,8497,8840,Gamma,Gamma,Other,TAG-3420,3139,8251,Arjun Brooks,,,,,2217,2752,Aisha Kim,2025-01-11 05:23:00,9698,5991,Delta,Beta,Beta,Gamma,Taylor Sato,,,,,,655,731,7215,Y,,,,Gamma,Shared the updated proposal for review.,,chen.vance@acme-fake.test,,Reviewed performance and gathered feedback.,rowan.okafor@sampleco.test,mei.cohen@sampleco.test,,100672,,101266,,,,,,,,,yara.vance@examplecorp.test,Quinn Reyes,Y,Summit Analytics LLC,100273,TAG-3806,101211,Morgan Ashby,101592,,,101496
700461,100055,Customer Management,100079,Wellness Check-In,Final,Followed up on the open items from last week.,N,Y,SKU-6285,diego.kim@acme-fake.test,2023-09-26 13:18:00,yara.larsson@examplecorp.test,Morgan Sloan,Jamie Haddad,,,,Reese Vance,chen.calder@demomail.test,Taylor Blake,arjun.sato@demomail.test,Skyler Haddad,N,9.0,3.7,10.0,Aisha Kim,2026-01-11 22:27:00,8750,4277,Alpha,Standard,Other,TAG-4015,8287,576,Arjun Okafor,,,,,3159,4590,,2026-01-20 21:30:00,2459,4552,Standard,,Delta,Gamma,Morgan Cohen,3438,,,,,8554,2818,7218,Y,,,,Gamma,Noted a concern to revisit at the next sync.,Morgan Cohen,skyler.kim@demomail.test,,Noted a concern to revisit at the next sync.,nina.mercer@examplecorp.test,mei.okafor@sampleco.test,,100745,,,,,,,,,100671,,skyler.cohen@acme-fake.test,Emerson Rossi,N,Vertex Manufacturing Corp,100441,SKU-6175,101664,Jamie Calder,100920,,,100915
700462,100640,Resource Care,100226,Customer Success Check-In,Final,Noted a concern to revisit at the next sync.,N,Y,TAG-4693,fatima.silva@examplecorp.test,2023-11-04 13:38:00,drew.sato@examplecorp.test,Alex Nguyen,Liam Okafor,Emerson Mensah,,,Quinn Reyes,casey.whitfield@examplecorp.test,Noah Reyes,rowan.cohen@demomail.test,Skyler Ford,Y,4.2,6.0,5.3,Sofia Patel,2025-02-17 08:32:00,8620,2319,Standard,Gamma,Alpha,LOT-7605,6360,5222,Taylor Whitfield,,,,,6477,1685,Marco Haddad,2022-10-05 16:15:00,2465,3542,Standard,Delta,Alpha,Beta,,5203,,,,,1961,4875,8858,N,,,,,Reviewed performance and gathered feedback.,,jordan.reyes@acme-fake.test,,Reviewed performance and gathered feedback.,liam.rossi@examplecorp.test,aisha.mercer@examplecorp.test,,100438,,101228,,100357,,,,,100512,,elena.brooks@examplecorp.test,Marco Silva,Y,Granite Logistics Inc,100109,REF-6169,101320,Reese Ivanov,101405,,,101048
700463,100281,Customer Management,100224,Wellness Check-In,Final,Shared the updated proposal for review.,Y,N,SKU-4656,yara.brooks@sampleco.test,2025-01-16 08:31:00,chen.kim@examplecorp.test,Drew Ivanov,Emerson Blake,,,,,alex.sato@acme-fake.test,Diego Cohen,diego.sato@demomail.test,,Y,5.2,9.9,2.5,Rahul Calder,2024-03-12 19:01:00,7399,8821,Alpha,Standard,Standard,TAG-2685,9736,8621,Rowan Ivanov,,,,,4272,1101,Chen Brooks,2025-08-20 17:53:00,4346,4189,Other,Beta,Gamma,Standard,Sofia Costa,9119,,,,,1233,3025,4683,N,,,,Alpha,Noted a concern to revisit at the next sync.,,priya.brooks@examplecorp.test,,Resolved the outstanding question about scope.,elena.ashby@acme-fake.test,nina.dorsey@acme-fake.test,,100109,,101359,,100601,,,101211,,100656,,sofia.cohen@demomail.test,Chen Calder,Y,Brightpath Logistics Group,100188,TAG-5488,101065,Sofia Nguyen,101706,,,101054
700464,100751,Resource Care,100319,Quarterly Review,Draft,Reviewed performance and gathered feedback.,N,N,REF-6137,noah.ford@examplecorp.test,2023-02-18 02:56:00,jamie.patel@demomail.test,Quinn Ivanov,Noah Brooks,Fatima Ashby,,LOT-6558,Fatima Ashby,sofia.ashby@demomail.test,Liam Okafor,riley.mensah@sampleco.test,,Y,9.9,9.4,8.0,Rahul Whitfield,2025-06-17 15:59:00,7281,4641,Delta,Alpha,Standard,SKU-6942,9815,7777,Mei Nguyen,,,,,5952,5866,Drew Nguyen,2025-09-29 08:33:00,7695,8978,Beta,Alpha,Gamma,Gamma,Jamie Mensah,,,,,,3533,9715,,N,REF-3969,,,Beta,Scheduled a check-in for the coming month.,,morgan.larsson@sampleco.test,,Scheduled a check-in for the coming month.,arjun.reyes@sampleco.test,casey.brooks@demomail.test,,100484,,100947,,100185,,,,,100307,,reese.okafor@sampleco.test,,Y,Blue Ridge Logistics Ltd,100383,TAG-5441,101200,Fatima Nguyen,101054,,,101252
700465,100700,Customer Management,100109,Quarterly Review,Final,Resolved the outstanding question about scope.,Y,Y,REF-8207,skyler.rossi@sampleco.test,2025-07-08 23:50:00,liam.nguyen@sampleco.test,Omar Kim,Reese Ashby,Elena Larsson,,,Quinn Sato,diego.larsson@examplecorp.test,,elena.blake@acme-fake.test,Reese Whitfield,N,9.2,5.6,1.1,Aisha Whitfield,2025-10-29 01:09:00,296,8682,Gamma,Gamma,Beta,LOT-5266,7073,213,Yara Ford,,,,,6308,3855,Aisha Dorsey,2025-02-16 11:32:00,2226,6864,,,Standard,Beta,Riley Silva,7082,,,,,1079,5183,7504,Y,,,,,Discussed timeline and next steps with the account.,,reese.cohen@examplecorp.test,,Scheduled a check-in for the coming month.,chen.reyes@demomail.test,casey.larsson@acme-fake.test,,100429,,101439,,,,,101048,,100595,,nina.mercer@acme-fake.test,Fatima Rossi,Y,Copper Solutions Corp,100224,REF-3831,101571,Omar Brooks,101781,,,101571
700466,100730,Resource Care,100782,Customer Success Check-In,Draft,Scheduled a check-in for the coming month.,Y,N,TAG-5022,quinn.whitfield@acme-fake.test,2025-07-22 09:35:00,diego.sato@examplecorp.test,Taylor Ford,Aisha Haddad,,,,,sofia.patel@acme-fake.test,,liam.costa@sampleco.test,Elena Ford,N,5.5,9.1,4.0,Skyler Rossi,2026-06-26 02:47:00,8310,1910,Beta,Delta,Other,SKU-1389,3993,2432,Diego Costa,,,,,1631,1704,Mei Whitfield,2026-04-06 07:05:00,7563,7118,,Gamma,Gamma,Gamma,,,,,,,552,4481,55,Y,,,,Other,Followed up on the open items from last week.,,reese.mensah@examplecorp.test,,Noted a concern to revisit at the next sync.,emerson.haddad@acme-fake.test,taylor.garcia@demomail.test,,100650,,101351,,100669,,,101265,,,,riley.mercer@examplecorp.test,Skyler Okafor,Y,Meridian Capital Corp,100273,REF-6977,101178,Reese Vance,101035,,,101645
700467,100566,Customer Management,100188,Customer Success Check-In,Final,Scheduled a check-in for the coming month.,N,N,REF-4136,priya.silva@acme-fake.test,2025-02-18 06:55:00,liam.sato@demomail.test,Taylor Patel,Diego Brooks,,,REF-4670,,rahul.cohen@sampleco.test,Casey Silva,skyler.ivanov@acme-fake.test,Drew Brooks,N,8.8,1.2,3.8,Elena Sloan,2023-12-17 07:45:00,4039,2443,Gamma,Gamma,Standard,SKU-6162,9712,818,Rowan Mensah,,,,,35,72,Skyler Ashby,2024-08-07 18:22:00,486,8288,Alpha,Standard,Alpha,Other,Fatima Vance,,,,,,412,,5277,N,,Other,,Delta,Shared the updated proposal for review.,,drew.garcia@sampleco.test,Delta,Resolved the outstanding question about scope.,noah.haddad@acme-fake.test,jamie.ford@examplecorp.test,,100165,,101537,,100770,,,101115,,100055,,nina.brooks@demomail.test,Elena Vance,Y,Granite Dynamics Group,100253,LOT-7421,101770,,101262,,,101609
700468,100721,Resource Care,100076,Quarterly Review,Final,Reviewed performance and gathered feedback.,Y,N,REF-9836,jamie.okafor@sampleco.test,2023-06-14 11:20:00,sofia.whitfield@sampleco.test,Marco Ford,Elena Nguyen,Skyler Nguyen,,,Nina Nguyen,rahul.larsson@examplecorp.test,,avery.okafor@examplecorp.test,Liam Whitfield,Y,4.2,9.7,1.6,Alex Brooks,2025-12-09 10:31:00,3775,9944,Beta,Beta,Alpha,SKU-2871,653,7013,Taylor Garcia,,,,,8858,6444,Alex Blake,2026-04-23 18:20:00,4779,3922,Gamma,Alpha,Standard,Other,Quinn Kim,8635,,,,,3384,2204,8870,Y,,,,Delta,Aligned on billing and renewal terms.,,arjun.silva@acme-fake.test,,Resolved the outstanding question about scope.,quinn.reyes@sampleco.test,emerson.ivanov@examplecorp.test,,100739,,101638,,,,,,,100296,,mei.ivanov@sampleco.test,Emerson Sato,Y,Blue Ridge Networks Inc,100733,TAG-5042,101497,Diego Mercer,101518,,,101440
700469,100449,Resource Care,100428,Customer Success Check-In,Draft,Scheduled a check-in for the coming month.,N,N,TAG-5341,noah.patel@sampleco.test,2024-08-24 22:19:00,rowan.larsson@acme-fake.test,Riley Dorsey,Noah Costa,Chen Larsson,,,Avery Ashby,priya.dorsey@sampleco.test,Avery Blake,morgan.mercer@acme-fake.test,Drew Mensah,Y,9.8,5.2,9.1,Reese Kim,2024-04-22 21:31:00,7373,2712,Gamma,Standard,Standard,REF-1570,1797,5152,Drew Sato,,,,,2807,1803,Fatima Blake,2025-06-20 12:56:00,544,1391,Beta,Delta,Standard,Delta,Rowan Rossi,7200,,,,,7277,7789,9730,N,,,,Other,Discussed timeline and next steps with the account.,,reese.vance@examplecorp.test,,Scheduled a check-in for the coming month.,arjun.dorsey@demomail.test,jamie.reyes@sampleco.test,,100753,,,,,,,101510,,,,rowan.okafor@examplecorp.test,Quinn Haddad,N,Lakeside Textiles Group,100096,SKU-7798,101128,Drew Sato,101419,,,101252
700470,100415,Resource Care,100068,Quarterly Review,Final,Noted a concern to revisit at the next sync.,N,N,LOT-4918,nina.ivanov@demomail.test,2024-12-16 15:21:00,noah.vance@demomail.test,Priya Ford,Aisha Haddad,Nina Nguyen,,,Emerson Sloan,arjun.ivanov@examplecorp.test,Diego Nguyen,jamie.costa@acme-fake.test,Quinn Whitfield,Y,7.7,1.3,8.7,Rahul Ivanov,2022-10-24 01:48:00,3057,3862,Alpha,Other,Other,REF-9913,9487,3321,Casey Whitfield,,,,,3059,6822,Alex Larsson,2025-01-21 01:23:00,,3991,Alpha,Delta,,Gamma,Liam Ivanov,8228,,,,,9433,6957,8024,Y,,,,Beta,,,sofia.sato@demomail.test,,Shared the updated proposal for review.,omar.sloan@demomail.test,emerson.patel@sampleco.test,,100756,,,,100611,,,101395,,,,aisha.brooks@examplecorp.test,Elena Ashby,Y,Meridian Labs Co,100121,LOT-2821,101306,Rahul Calder,101102,,,101101
700471,100130,Customer Management,100328,Wellness Check-In,Draft,Followed up on the open items from last week.,Y,Y,LOT-6614,riley.calder@examplecorp.test,2025-03-26 17:27:00,chen.blake@sampleco.test,Mei Patel,Rahul Dorsey,Noah Nguyen,,SKU-7969,,nina.cohen@sampleco.test,Rowan Vance,priya.garcia@sampleco.test,Jordan Kim,N,7.3,8.9,9.3,Noah Cohen,2026-01-21 03:43:00,3569,9985,Delta,Beta,Standard,REF-4291,7112,2452,Marco Rossi,,,,,7177,6785,Arjun Sato,2024-10-05 02:25:00,9816,1175,Beta,Beta,Delta,,Alex Costa,,,,,,8303,7866,8916,N,SKU-9378,,,Beta,,,aisha.okafor@acme-fake.test,,Noted a concern to revisit at the next sync.,rahul.mercer@examplecorp.test,rowan.mercer@sampleco.test,,100475,,,,100298,,,,,,,fatima.vance@examplecorp.test,Aisha Ivanov,Y,Falcon Solutions Inc,100121,LOT-5621,101455,Fatima Silva,101262,,,100926
700472,100208,Customer Management,100475,Wellness Check-In,Final,Reviewed performance and gathered feedback.,Y,Y,TAG-5470,alex.rossi@examplecorp.test,2023-05-27 22:45:00,priya.ashby@examplecorp.test,Diego Nguyen,Liam Rossi,Mei Reyes,,,Drew Calder,fatima.haddad@acme-fake.test,,jamie.ivanov@examplecorp.test,Jamie Ford,N,4.9,7.8,9.2,Omar Sloan,2023-08-14 02:08:00,5719,9758,Beta,Delta,Standard,LOT-2492,8641,9725,Rowan Garcia,,,,,5542,3541,Fatima Reyes,2023-11-03 14:00:00,5415,,Other,Delta,,Standard,Alex Reyes,6444,,,,,3809,4083,,N,,,,Delta,Aligned on billing and renewal terms.,,fatima.garcia@acme-fake.test,,Resolved the outstanding question about scope.,quinn.larsson@acme-fake.test,reese.dorsey@examplecorp.test,,100023,,101592,,,,,101491,,100196,,quinn.sato@sampleco.test,Morgan Vance,N,Pioneer Retail Corp,100133,TAG-7886,101496,Priya Whitfield,101572,,,101442
700473,100269,Customer Management,100784,Wellness Check-In,Final,Noted a concern to revisit at the next sync.,Y,Y,LOT-3086,emerson.calder@examplecorp.test,2026-04-01 02:50:00,marco.rossi@acme-fake.test,Fatima Costa,Nina Okafor,,,,Noah Ivanov,marco.calder@sampleco.test,Marco Cohen,rahul.calder@examplecorp.test,,Y,5.3,2.9,9.1,Elena Rossi,2022-10-29 01:30:00,4495,2286,Standard,Other,Beta,REF-1164,4008,1940,Arjun Reyes,,,,,5819,8197,Quinn Dorsey,2025-03-15 06:50:00,4522,498,Standard,Other,,Beta,Reese Ivanov,7209,,,,,8732,4535,9967,N,,,,Beta,Discussed timeline and next steps with the account.,,emerson.okafor@acme-fake.test,,Noted a concern to revisit at the next sync.,drew.kim@examplecorp.test,casey.nguyen@sampleco.test,,100616,,,,,,,,,100288,,priya.reyes@examplecorp.test,Casey Reyes,N,Delta Solutions LLP,100496,LOT-6782,101622,Quinn Kim,101638,,,101643
700474,100404,Resource Care,100465,Customer Success Check-In,Final,Shared the updated proposal for review.,Y,Y,TAG-9061,yara.patel@examplecorp.test,2026-01-06 17:09:00,casey.ivanov@sampleco.test,Rowan Ashby,Chen Patel,,,TAG-7270,,drew.rossi@examplecorp.test,Yara Nguyen,nina.ivanov@sampleco.test,,N,8.4,4.1,1.4,Morgan Vance,2023-03-06 15:47:00,5810,1728,Gamma,Delta,Delta,TAG-3424,7189,3117,Elena Mensah,,,,,2324,5082,Avery Dorsey,2022-11-06 17:40:00,467,2170,Alpha,Delta,Beta,Beta,Reese Costa,3653,,,,,4435,4736,4744,N,,,,Delta,Noted a concern to revisit at the next sync.,,priya.reyes@examplecorp.test,Standard,Reviewed performance and gathered feedback.,reese.okafor@demomail.test,alex.mensah@demomail.test,,100660,,100880,,,,,101386,,100322,,taylor.mercer@acme-fake.test,Noah Dorsey,N,Evergreen Industries LLC,100082,REF-5475,101364,Morgan Kim,101228,,,100828
700475,100330,Resource Care,100669,Customer Success Check-In,Final,Resolved the outstanding question about scope.,Y,N,TAG-8662,avery.whitfield@sampleco.test,2024-06-05 16:55:00,casey.ford@acme-fake.test,Noah Nguyen,Sofia Ivanov,Sofia Garcia,,LOT-8332,Elena Kim,jamie.ashby@acme-fake.test,,jamie.mensah@examplecorp.test,Elena Kim,N,3.5,3.4,5.8,Noah Sato,2023-01-20 11:15:00,9650,3746,Gamma,Alpha,Delta,LOT-8575,4738,257,Marco Reyes,,,,,9125,9890,Alex Costa,2024-02-01 03:53:00,9507,7677,,Gamma,Standard,Delta,Alex Larsson,2680,,,,,2843,8640,,Y,,,,Delta,Discussed timeline and next steps with the account.,,arjun.rossi@demomail.test,,Resolved the outstanding question about scope.,priya.reyes@acme-fake.test,avery.whitfield@demomail.test,,100446,,,,100403,,,,,100232,,noah.ashby@sampleco.test,,Y,Falcon Media Ltd,100504,REF-9022,100884,Riley Ivanov,101069,,,101182
700476,100484,Customer Management,100246,Wellness Check-In,Final,Noted a concern to revisit at the next sync.,N,Y,REF-1187,diego.silva@demomail.test,2026-04-29 23:08:00,omar.larsson@examplecorp.test,Morgan Rossi,Sofia Kim,Nina Reyes,,SKU-5644,,rowan.kim@sampleco.test,,marco.ford@sampleco.test,,N,3.7,5.9,7.5,Riley Ashby,2022-12-13 06:45:00,8818,7833,Standard,Other,Delta,LOT-9594,3653,6189,Nina Ashby,,,,,8892,1066,Elena Larsson,2026-06-07 10:28:00,,7266,Standard,Gamma,Alpha,Other,,9095,,,,,9371,8789,9231,N,,,Gamma,Delta,Followed up on the open items from last week.,,morgan.haddad@acme-fake.test,,Noted a concern to revisit at the next sync.,jordan.ashby@acme-fake.test,chen.mercer@examplecorp.test,,100205,,100882,,,,,100909,,100467,,aisha.okafor@examplecorp.test,Nina Cohen,N,Meridian Dynamics,100639,TAG-5605,101606,Mei Dorsey,101265,,,101618
700477,100350,Resource Care,100096,Quarterly Review,Final,Followed up on the open items from last week.,N,N,LOT-8379,rowan.ivanov@examplecorp.test,2026-07-18 13:46:00,avery.garcia@demomail.test,Noah Vance,Yara Reyes,Sofia Rossi,,LOT-6912,,liam.haddad@examplecorp.test,,chen.nguyen@acme-fake.test,Fatima Blake,N,1.9,2.8,8.2,Priya Dorsey,2025-07-05 21:52:00,5380,791,Standard,Delta,Standard,TAG-7451,7835,3487,Fatima Ivanov,,,,,9440,5131,Skyler Sloan,2024-08-10 13:03:00,357,8942,,Beta,Beta,,Liam Vance,436,,,,,3063,5141,4832,N,,,,Delta,Followed up on the open items from last week.,,priya.whitfield@sampleco.test,Standard,Noted a concern to revisit at the next sync.,elena.okafor@acme-fake.test,taylor.ivanov@examplecorp.test,,100035,,100860,,100786,,,100963,,100330,,marco.mensah@acme-fake.test,Reese Nguyen,Y,Evergreen Robotics Co,100741,LOT-9023,101652,Priya Vance,101628,,,101168
700478,100366,Customer Management,100421,Wellness Check-In,Final,Reviewed performance and gathered feedback.,N,N,TAG-3410,chen.nguyen@examplecorp.test,2026-03-18 22:20:00,riley.brooks@sampleco.test,Reese Mercer,Liam Cohen,Skyler Larsson,,,,morgan.whitfield@demomail.test,Avery Mercer,riley.vance@sampleco.test,,Y,1.5,9.5,9.6,Taylor Sato,2025-11-24 11:42:00,9108,3888,Delta,Standard,Alpha,REF-8930,681,6749,Marco Nguyen,,,,,5598,6446,,2025-12-21 15:35:00,57,2894,Other,Standard,Standard,Standard,Omar Haddad,7828,,,,,8600,2293,5429,N,,,,Alpha,,,liam.ashby@demomail.test,,Scheduled a check-in for the coming month.,jordan.calder@sampleco.test,yara.calder@acme-fake.test,,100098,,,,100683,,,101003,,,,noah.dorsey@examplecorp.test,Riley Silva,Y,Pioneer Foods LLP,100092,TAG-3770,101165,Drew Ivanov,101234,,,101678
700479,100203,Customer Management,100582,Wellness Check-In,Final,Resolved the outstanding question about scope.,Y,Y,LOT-4503,rahul.mensah@demomail.test,2026-04-29 18:10:00,omar.blake@demomail.test,Reese Kim,Reese Sloan,Marco Silva,,,,casey.garcia@acme-fake.test,,taylor.cohen@demomail.test,Casey Sloan,Y,2.4,5.4,4.3,Rahul Sloan,2023-12-15 20:50:00,2490,345,Gamma,Alpha,Beta,REF-6007,1801,6852,Fatima Haddad,,,,,6857,3868,Reese Calder,2025-05-26 18:23:00,1627,,Other,,Standard,Other,,975,,,,,6172,3541,2864,Y,,Standard,,Other,Followed up on the open items from last week.,,casey.cohen@examplecorp.test,,Shared the updated proposal for review.,jordan.whitfield@examplecorp.test,drew.mercer@acme-fake.test,,100478,,,,,,,101252,,100629,,mei.blake@acme-fake.test,Elena Calder,N,Horizon Partners Corp,100196,TAG-2055,101379,Omar Cohen,100857,,,101474
700480,100647,Customer Management,100295,Wellness Check-In,Final,Discussed timeline and next steps with the account.,Y,Y,TAG-3092,riley.vance@sampleco.test,2026-02-23 20:10:00,aisha.ford@sampleco.test,Jordan Vance,Marco Haddad,,,,Marco Whitfield,omar.calder@demomail.test,Mei Blake,chen.kim@examplecorp.test,Aisha Okafor,Y,7.2,3.9,8.9,Taylor Sloan,2023-04-05 19:34:00,8262,8606,Alpha,Other,Other,SKU-8982,7031,9950,Emerson Okafor,,,,,834,7619,Arjun Blake,2025-10-22 04:53:00,3539,4519,Other,Delta,Alpha,Gamma,Sofia Silva,6484,,,,,9895,2768,2125,N,,,Alpha,Other,Aligned on billing and renewal terms.,,rahul.haddad@demomail.test,,Resolved the outstanding question about scope.,emerson.vance@acme-fake.test,jamie.cohen@acme-fake.test,,100503,,,,,,,101368,,,,rowan.kim@examplecorp.test,Emerson Dorsey,Y,Cardinal Group Co,100319,LOT-1611,101354,,101447,,,101296
700481,100215,Resource Care,100275,Wellness Check-In,Final,Noted a concern to revisit at the next sync.,N,N,SKU-6318,quinn.cohen@sampleco.test,2023-10-05 21:03:00,avery.garcia@demomail.test,Chen Vance,Arjun Sloan,Fatima Larsson,,,Riley Costa,aisha.larsson@examplecorp.test,,alex.calder@examplecorp.test,,Y,5.7,7.6,9.5,Emerson Sloan,2026-03-10 23:11:00,1588,9790,Beta,Gamma,Alpha,SKU-6665,8040,4268,Avery Mensah,,,,,5138,2421,Fatima Ford,2022-11-17 14:12:00,8676,615,Gamma,Other,Other,Standard,,6587,,,,,8920,3724,1212,N,,,,Other,Shared the updated proposal for review.,,skyler.ford@sampleco.test,,Discussed timeline and next steps with the account.,alex.mercer@examplecorp.test,elena.larsson@sampleco.test,,100414,,101638,,100436,,,,,100033,,noah.brooks@acme-fake.test,Riley Sato,Y,Falcon Manufacturing,100083,LOT-4538,101292,,101383,,,101202
700482,100003,Customer Management,100421,Customer Success Check-In,Final,Shared the updated proposal for review.,Y,Y,TAG-5107,reese.costa@acme-fake.test,2026-04-29 18:33:00,fatima.vance@examplecorp.test,Noah Whitfield,Morgan Silva,Quinn Blake,,,,emerson.rossi@demomail.test,Casey Brooks,drew.garcia@sampleco.test,,Y,5.6,5.4,8.7,Elena Larsson,2025-09-08 16:41:00,7857,9774,Beta,Delta,Other,TAG-2706,3884,3029,Taylor Silva,,,,,9401,2614,Arjun Okafor,2025-04-24 09:43:00,7031,1053,Standard,,Standard,Alpha,Nina Dorsey,8910,,,,,6600,7524,4500,N,,,,Standard,Followed up on the open items from last week.,,jordan.silva@examplecorp.test,,Followed up on the open items from last week.,diego.dorsey@demomail.test,noah.nguyen@sampleco.test,,100345,,,,100263,,,,,100335,,yara.sato@sampleco.test,Morgan Larsson,Y,Ironwood Dynamics Inc,100383,SKU-5567,101376,Mei Rossi,100963,,,101571
700483,100661,Customer Management,100542,Wellness Check-In,Final,Discussed timeline and next steps with the account.,Y,Y,SKU-1007,fatima.sloan@demomail.test,2024-03-06 09:38:00,priya.ivanov@acme-fake.test,Arjun Mensah,Quinn Ford,Rowan Vance,,SKU-1906,Rowan Sloan,alex.calder@examplecorp.test,,nina.ford@examplecorp.test,Jamie Sato,Y,1.2,6.8,7.6,Casey Cohen,2023-12-29 13:30:00,6896,3961,Delta,Beta,Alpha,REF-8247,5738,396,Fatima Ashby,,,,,7267,3561,Elena Silva,2024-10-07 20:53:00,7335,3421,Gamma,Beta,Standard,Beta,Alex Mensah,266,,,,,4730,2571,4005,Y,,,,Beta,Reviewed performance and gathered feedback.,,drew.ivanov@sampleco.test,,Scheduled a check-in for the coming month.,taylor.dorsey@demomail.test,arjun.mensah@acme-fake.test,,100134,,101697,,100219,,,101547,,,,avery.kim@sampleco.test,Elena Larsson,Y,Brightpath Holdings Inc,100106,REF-7434,101180,,101724,,,101678
700484,100714,Customer Management,100727,Wellness Check-In,Final,Reviewed performance and gathered feedback.,Y,N,LOT-9450,chen.whitfield@demomail.test,2025-11-02 11:39:00,nina.ashby@examplecorp.test,Yara Patel,Jamie Kim,Fatima Patel,,SKU-7052,Yara Ashby,taylor.haddad@demomail.test,Elena Silva,reese.ashby@examplecorp.test,,Y,6.1,8.1,1.7,Priya Whitfield,2024-05-28 07:23:00,5431,3936,Other,Delta,Delta,LOT-1159,9276,3043,Fatima Reyes,,,,,8355,2500,Drew Mensah,2023-03-21 02:27:00,5961,8785,Gamma,Standard,Alpha,Gamma,Emerson Blake,666,,,,,1765,,8738,Y,,,,Alpha,Aligned on billing and renewal terms.,,avery.patel@acme-fake.test,,Followed up on the open items from last week.,quinn.dorsey@acme-fake.test,noah.silva@demomail.test,,100263,,101165,,100168,,,,,,,casey.okafor@sampleco.test,Marco Larsson,N,Northwind Ventures,100762,SKU-8934,101125,Chen Sato,101299,,REF-6726,101699
700485,100622,Resource Care,100398,Quarterly Review,Final,Scheduled a check-in for the coming month.,Y,Y,TAG-7678,avery.nguyen@sampleco.test,2026-04-03 12:43:00,noah.haddad@demomail.test,Morgan Calder,Jamie Okafor,Arjun Dorsey,,,Aisha Okafor,fatima.nguyen@acme-fake.test,Avery Patel,quinn.dorsey@sampleco.test,Noah Ashby,Y,3.1,7.8,9.5,Rowan Calder,2026-02-25 19:57:00,521,7838,Other,Delta,Delta,SKU-2756,6841,4444,Arjun Nguyen,,,,,1986,2388,Fatima Ivanov,2026-01-30 07:38:00,1037,9034,Beta,Gamma,Delta,Delta,Fatima Ashby,7681,,,,,,372,3445,Y,,,,,Reviewed performance and gathered feedback.,,casey.larsson@demomail.test,,Scheduled a check-in for the coming month.,avery.sloan@demomail.test,arjun.vance@acme-fake.test,,100548,,101050,,100267,,,101121,,100142,,skyler.rossi@demomail.test,Diego Rossi,N,,100498,REF-3705,101302,Jordan Okafor,101733,,,101628
700486,100469,Customer Management,100481,Wellness Check-In,Final,Discussed timeline and next steps with the account.,N,N,LOT-4719,fatima.silva@demomail.test,2025-02-05 21:56:00,emerson.vance@sampleco.test,Reese Sato,Nina Ford,Fatima Larsson,,REF-6056,,noah.brooks@demomail.test,Casey Blake,rahul.sloan@acme-fake.test,Casey Cohen,Y,1.5,7.6,4.7,Jordan Mensah,2024-11-09 03:46:00,2269,2151,Gamma,Beta,Delta,SKU-2013,5333,4396,Riley Blake,,,,,742,8206,Taylor Dorsey,2024-03-08 03:07:00,9882,6082,Standard,,Other,Beta,Rowan Ashby,8742,,,,,13,9195,2733,Y,,,,Beta,Noted a concern to revisit at the next sync.,,priya.blake@acme-fake.test,,Noted a concern to revisit at the next sync.,emerson.brooks@sampleco.test,liam.costa@examplecorp.test,,100350,,100867,,100601,,,101122,,,,jamie.costa@examplecorp.test,Liam Sato,N,Horizon Dynamics LLP,100616,SKU-9542,101283,Sofia Okafor,101691,,,101404
700487,100490,Resource Care,100281,Quarterly Review,Final,Followed up on the open items from last week.,Y,N,SKU-3150,omar.ashby@sampleco.test,2025-11-30 12:18:00,marco.okafor@demomail.test,Arjun Garcia,Casey Larsson,Noah Cohen,,,,jordan.garcia@examplecorp.test,Drew Kim,casey.whitfield@examplecorp.test,Alex Costa,Y,9.5,5.7,1.4,Morgan Mensah,2026-07-27 19:29:00,5100,2298,Beta,Delta,Alpha,LOT-9979,8214,9630,Riley Cohen,,,,,4301,4186,Emerson Silva,2023-07-01 03:35:00,2237,6812,Gamma,Gamma,Gamma,Alpha,Nina Larsson,,,,,,6814,9650,8400,Y,,,,Beta,Noted a concern to revisit at the next sync.,,sofia.mensah@sampleco.test,,Discussed timeline and next steps with the account.,quinn.brooks@demomail.test,chen.ivanov@sampleco.test,,100446,,,,100073,,,,,,,liam.ashby@demomail.test,Nina Garcia,N,Horizon Capital LLC,100172,LOT-6359,101386,Rahul Kim,101259,Delta,,101386
700488,100061,Resource Care,100387,Wellness Check-In,Final,Scheduled a check-in for the coming month.,Y,N,LOT-9902,morgan.reyes@acme-fake.test,2025-03-30 17:34:00,marco.mercer@sampleco.test,Noah Nguyen,Chen Okafor,Diego Mensah,,TAG-8193,,fatima.reyes@sampleco.test,,emerson.mercer@demomail.test,Jamie Cohen,Y,9.2,1.5,9.8,Fatima Blake,2024-07-09 15:50:00,4467,919,Delta,Delta,Alpha,REF-5618,8529,6981,Priya Whitfield,,,,,2911,5867,Aisha Ford,2023-01-31 12:20:00,4513,3318,Gamma,Gamma,Standard,Standard,Chen Costa,4433,,,,,9201,3334,1673,N,,,,Other,Shared the updated proposal for review.,,skyler.kim@examplecorp.test,,Reviewed performance and gathered feedback.,marco.brooks@demomail.test,casey.patel@demomail.test,,100504,,101447,,,,,101281,,100145,,drew.sloan@sampleco.test,Sofia Dorsey,N,Evergreen Logistics Co,100671,REF-7422,101128,Riley Ford,100899,,TAG-1795,101249
700489,100204,Customer Management,100675,Wellness Check-In,Final,Reviewed performance and gathered feedback.,N,Y,SKU-7516,omar.ford@sampleco.test,2026-03-24 10:26:00,noah.rossi@examplecorp.test,Alex Ivanov,Omar Sloan,,,,Noah Cohen,elena.vance@acme-fake.test,Alex Ivanov,mei.okafor@demomail.test,Noah Ashby,Y,8.3,10.0,8.4,Noah Haddad,2023-07-25 00:25:00,6226,6923,Other,Alpha,Beta,SKU-7891,6923,5932,Marco Vance,,,,,9935,2138,Quinn Vance,2022-12-12 01:10:00,8385,7152,Delta,Other,Alpha,Standard,Omar Reyes,4027,,,,,4370,4726,6786,Y,,,,Alpha,Noted a concern to revisit at the next sync.,,skyler.vance@demomail.test,,Scheduled a check-in for the coming month.,marco.reyes@demomail.test,jamie.rossi@acme-fake.test,,100033,,101159,,100340,,,,,,,marco.sato@demomail.test,Elena Mensah,N,Cardinal Textiles Corp,100673,TAG-9763,101427,Taylor Kim,101632,,,101026
700490,100300,Customer Management,100269,Wellness Check-In,Final,Scheduled a check-in for the coming month.,N,N,REF-9460,arjun.ford@demomail.test,2023-04-04 19:30:00,omar.dorsey@examplecorp.test,Emerson Rossi,Riley Dorsey,Morgan Blake,,TAG-8504,Casey Reyes,nina.sloan@demomail.test,,morgan.ford@sampleco.test,Mei Whitfield,N,4.9,1.1,6.7,Quinn Larsson,2024-03-26 17:39:00,3566,1808,Alpha,Alpha,Alpha,REF-6789,5202,5413,Noah Nguyen,,,,,4177,7676,Taylor Brooks,2023-05-06 02:57:00,6935,9021,,Delta,Gamma,Other,Casey Sloan,3568,,,,,7691,708,5206,Y,,,,Standard,Reviewed performance and gathered feedback.,,skyler.sato@sampleco.test,,Aligned on billing and renewal terms.,sofia.rossi@examplecorp.test,rowan.ford@demomail.test,,100359,,100876,,,,,,,,,fatima.patel@sampleco.test,Nina Okafor,Y,Horizon Manufacturing LLP,100496,TAG-1712,101042,Quinn Costa,101570,,,100884
700491,100771,Customer Management,100021,Customer Success Check-In,Final,Resolved the outstanding question about scope.,N,N,LOT-9687,yara.rossi@examplecorp.test,2025-01-09 07:14:00,rowan.nguyen@demomail.test,Jamie Costa,Quinn Garcia,Liam Ford,,,Morgan Kim,diego.okafor@acme-fake.test,Alex Brooks,jordan.larsson@demomail.test,Jamie Reyes,Y,1.5,4.3,5.4,Reese Mensah,2025-02-12 05:51:00,879,3210,Alpha,Alpha,Alpha,REF-5329,3848,4175,Yara Mensah,,,,,4266,9563,Aisha Mensah,2026-06-06 15:44:00,9401,6064,Beta,Delta,Delta,Other,Reese Okafor,108,,,,,3388,6158,8074,N,,,,Delta,Shared the updated proposal for review.,,avery.ford@sampleco.test,,Scheduled a check-in for the coming month.,quinn.calder@acme-fake.test,taylor.dorsey@demomail.test,,100458,,100896,,,,,100799,,100042,,noah.rossi@examplecorp.test,Chen Brooks,N,Evergreen Financial Corp,100639,REF-4722,100896,,101632,,,101062
700492,100055,Customer Management,100182,Customer Success Check-In,Final,Scheduled a check-in for the coming month.,N,Y,REF-8238,aisha.ford@sampleco.test,2023-06-12 03:01:00,elena.cohen@acme-fake.test,Rowan Cohen,Diego Mercer,,,REF-5659,Drew Larsson,marco.nguyen@examplecorp.test,,priya.nguyen@acme-fake.test,Rahul Silva,Y,5.8,1.1,7.6,Nina Rossi,2025-05-30 13:26:00,5267,2083,Beta,Alpha,Alpha,REF-7680,5349,3652,Casey Nguyen,,,,,198,2792,Nina Okafor,2023-12-04 07:20:00,5500,5478,Delta,Gamma,Alpha,Alpha,,,,,,,5804,8455,3716,Y,,,,Gamma,Discussed timeline and next steps with the account.,,reese.dorsey@acme-fake.test,,Reviewed performance and gathered feedback.,chen.silva@examplecorp.test,mei.sato@acme-fake.test,,100634,,,,,,,101779,,100389,,diego.okafor@examplecorp.test,Avery Mensah,N,Ironwood Ventures Group,100221,SKU-2228,101610,Taylor Whitfield,101774,,,101290
700493,100740,Customer Management,100205,Quarterly Review,Final,Shared the updated proposal for review.,Y,Y,SKU-4075,marco.vance@acme-fake.test,2025-07-15 09:50:00,quinn.ford@acme-fake.test,Reese Haddad,Aisha Reyes,Marco Garcia,,REF-4540,,liam.mensah@sampleco.test,,marco.sloan@demomail.test,Arjun Sloan,N,3.3,9.9,7.1,Arjun Ashby,2026-01-31 14:38:00,1798,4525,Beta,Delta,Other,SKU-8324,8683,5658,Jamie Sloan,,,,,6527,7644,Noah Blake,2023-06-11 20:54:00,6992,9690,Other,Delta,Alpha,Beta,Marco Garcia,9756,,,,,8081,4196,2351,N,,,Standard,Alpha,Scheduled a check-in for the coming month.,,aisha.rossi@examplecorp.test,,Followed up on the open items from last week.,rahul.brooks@demomail.test,taylor.dorsey@examplecorp.test,,100123,,,,100470,,,100863,,,,reese.ashby@examplecorp.test,,Y,Falcon Manufacturing,100345,TAG-1133,101757,Riley Ashby,101791,,,101171
700494,100590,Customer Management,100568,Wellness Check-In,Final,Noted a concern to revisit at the next sync.,Y,Y,SKU-3144,emerson.cohen@examplecorp.test,2024-09-12 04:19:00,taylor.nguyen@examplecorp.test,Aisha Calder,Avery Rossi,Avery Rossi,,SKU-3363,Rahul Ivanov,avery.okafor@examplecorp.test,,sofia.kim@acme-fake.test,Aisha Kim,N,6.9,8.8,10.0,Casey Blake,2024-03-16 10:34:00,2759,4937,Standard,Standard,Other,LOT-3013,6280,5170,Rowan Patel,,,,,285,1372,Skyler Okafor,2024-12-04 21:31:00,2020,8593,Other,Standard,Gamma,Gamma,Chen Patel,3334,,,,,6445,2605,4097,N,,,,Gamma,Shared the updated proposal for review.,,morgan.sato@sampleco.test,,Aligned on billing and renewal terms.,drew.mensah@sampleco.test,reese.cohen@demomail.test,,100759,,,,100405,,,101435,,100727,,jamie.rossi@demomail.test,,N,Atlas Foods Group,100100,TAG-9171,101073,Arjun Sato,101698,,,101409
700495,100352,Resource Care,100448,Wellness Check-In,Final,Reviewed performance and gathered feedback.,N,Y,SKU-6610,arjun.ford@examplecorp.test,2026-07-22 04:44:00,sofia.haddad@examplecorp.test,Marco Ford,Mei Garcia,Aisha Costa,,,Nina Haddad,priya.sloan@sampleco.test,Alex Cohen,jordan.ashby@demomail.test,Nina Whitfield,Y,7.9,4.0,4.7,Morgan Vance,2026-05-30 20:15:00,2954,8952,Beta,Standard,Delta,REF-3685,9394,8592,Jamie Silva,,,,,5769,646,Mei Garcia,2026-01-17 03:45:00,8898,2459,Beta,Standard,Beta,Gamma,Alex Sloan,1571,,,,,4501,2213,,Y,,,,Other,,,noah.ashby@demomail.test,,Shared the updated proposal for review.,skyler.dorsey@acme-fake.test,diego.blake@examplecorp.test,,100320,,101767,,,,,101110,,100428,,emerson.calder@examplecorp.test,Chen Ivanov,N,Pioneer Capital Ltd,100023,LOT-2211,101235,Skyler Sloan,101709,,,101007
700496,100169,Resource Care,100365,Wellness Check-In,Final,Followed up on the open items from last week.,N,N,REF-6018,jordan.cohen@examplecorp.test,2024-06-07 06:10:00,casey.mercer@sampleco.test,Jamie Mensah,Arjun Mensah,Liam Reyes,,TAG-5038,,jamie.kim@examplecorp.test,Morgan Mensah,priya.brooks@examplecorp.test,Aisha Mercer,Y,4.9,9.3,6.1,Avery Costa,2024-03-20 14:41:00,4873,2353,Beta,Other,Standard,REF-9819,4378,8116,Rahul Dorsey,,,,,4886,442,Rahul Vance,2024-05-25 21:23:00,6979,2738,Gamma,Gamma,Gamma,,Chen Nguyen,,,,,,2361,,2718,N,,,,Delta,Reviewed performance and gathered feedback.,,aisha.sloan@acme-fake.test,,Shared the updated proposal for review.,quinn.kim@acme-fake.test,arjun.reyes@acme-fake.test,,100569,,101059,,,,,100981,,,,nina.vance@examplecorp.test,Chen Whitfield,Y,Beacon Solutions Ltd,100239,SKU-6837,101021,Aisha Sloan,100988,,TAG-2199,101707
700497,100219,Customer Management,100061,Quarterly Review,Final,Reviewed performance and gathered feedback.,Y,Y,TAG-4848,rowan.mensah@sampleco.test,2024-07-20 21:17:00,mei.kim@examplecorp.test,Avery Ashby,Arjun Blake,,,REF-2346,,reese.garcia@sampleco.test,,mei.calder@demomail.test,Fatima Mercer,N,4.2,4.6,2.8,Sofia Costa,2026-05-21 03:28:00,1849,4266,Alpha,Gamma,Beta,SKU-1013,7537,278,Liam Vance,,,,,5219,7033,Casey Kim,2023-01-01 16:09:00,869,6445,,Beta,Delta,Delta,Noah Ashby,4663,,,,,,8780,4495,N,SKU-9274,,,Beta,Scheduled a check-in for the coming month.,Reese Blake,morgan.vance@demomail.test,,Discussed timeline and next steps with the account.,chen.larsson@demomail.test,liam.reyes@sampleco.test,,100257,,,,100185,,,,,,,aisha.silva@examplecorp.test,Emerson Kim,N,Summit Partners LLC,100512,REF-3797,101721,Chen Blake,101713,,,101458
700498,100702,Customer Management,100568,Customer Success Check-In,Final,Noted a concern to revisit at the next sync.,Y,N,REF-8856,arjun.whitfield@examplecorp.test,2023-10-12 18:51:00,diego.okafor@demomail.test,Fatima Ashby,Liam Costa,,,,,drew.sloan@examplecorp.test,,avery.silva@sampleco.test,Avery Reyes,N,5.6,6.3,5.1,Omar Cohen,2025-03-18 10:29:00,968,7614,Gamma,Alpha,Other,LOT-9762,4989,4101,Jordan Reyes,,,,,9043,9850,Arjun Okafor,2024-02-24 22:28:00,2005,6704,Standard,Gamma,Standard,Gamma,Diego Okafor,2899,,,,,,9510,8408,N,,,,Delta,,,casey.calder@acme-fake.test,,Scheduled a check-in for the coming month.,riley.reyes@sampleco.test,marco.sloan@examplecorp.test,,100700,,100850,,100648,,,,,,,nina.rossi@sampleco.test,Casey Mercer,Y,Redwood Textiles,100739,SKU-1244,101694,Marco Reyes,101104,,TAG-1025,101466
700499,100083,Resource Care,100656,Customer Success Check-In,Draft,Scheduled a check-in for the coming month.,Y,Y,SKU-2579,sofia.larsson@sampleco.test,2023-05-20 18:27:00,reese.cohen@acme-fake.test,Rahul Haddad,Riley Mercer,Reese Silva,,SKU-7354,,quinn.whitfield@acme-fake.test,Rahul Mensah,taylor.garcia@examplecorp.test,,N,5.8,1.2,7.2,Avery Haddad,2024-08-23 01:10:00,8708,1479,Delta,Beta,Standard,TAG-1181,7762,9945,Skyler Kim,,,,,1322,8852,,2026-03-24 22:12:00,9908,1349,Gamma,Standard,Other,Standard,Elena Calder,4232,,,,,1522,3298,5019,Y,,,,Other,Noted a concern to revisit at the next sync.,,reese.nguyen@examplecorp.test,,Reviewed performance and gathered feedback.,noah.vance@sampleco.test,rowan.ford@demomail.test,,100672,,101243,,,,,,,100286,,priya.blake@acme-fake.test,Fatima Ford,N,Harbor Networks Co,100661,LOT-1810,101694,Chen Reyes,100951,,,101779
700500,100582,Customer Management,100733,Quarterly Review,Final,Reviewed performance and gathered feedback.,Y,Y,LOT-2213,yara.blake@sampleco.test,2025-10-03 11:57:00,reese.nguyen@sampleco.test,Fatima Whitfield,Jamie Haddad,Nina Cohen,,TAG-2153,Rowan Vance,elena.ashby@acme-fake.test,,omar.sato@acme-fake.test,Mei Okafor,Y,1.5,7.0,8.7,Yara Nguyen,2025-01-22 12:08:00,8298,8900,Alpha,Standard,Gamma,LOT-4351,9668,9587,Rowan Rossi,,,,,160,259,Casey Garcia,2024-01-20 08:08:00,4099,473,Standard,,Gamma,,Sofia Costa,6944,,,,,4692,4871,,N,,,,Standard,Aligned on billing and renewal terms.,,drew.whitfield@demomail.test,,Resolved the outstanding question about scope.,quinn.dorsey@sampleco.test,yara.costa@demomail.test,,100790,,101672,,,,,,,,,omar.ford@sampleco.test,Emerson Brooks,Y,Redwood Analytics Inc,100785,REF-1514,101477,,101496,,,100820
700501,100559,Resource Care,100713,Quarterly Review,Final,Resolved the outstanding question about scope.,Y,N,REF-9627,rahul.mercer@sampleco.test,2025-09-24 07:31:00,diego.vance@acme-fake.test,Chen Dorsey,Jamie Silva,,,LOT-1757,,drew.ashby@demomail.test,,rowan.dorsey@demomail.test,Liam Ivanov,Y,1.1,2.2,5.5,Marco Okafor,2024-05-02 12:39:00,571,9971,Alpha,Delta,Standard,LOT-5944,2360,8068,Omar Patel,,,,,1840,7009,Sofia Calder,2024-05-07 09:45:00,3268,,Other,Other,Other,Other,Noah Reyes,2914,,,,,,5556,,N,,,,Standard,Discussed timeline and next steps with the account.,,marco.sloan@examplecorp.test,,Followed up on the open items from last week.,elena.okafor@demomail.test,nina.brooks@examplecorp.test,,100726,,,,100741,,,100825,,100061,,priya.costa@demomail.test,Yara Larsson,N,Keystone Capital LLP,100503,LOT-2493,101026,,101553,,LOT-3822,101538
700502,100771,Customer Management,100651,Customer Success Check-In,Final,Noted a concern to revisit at the next sync.,Y,N,LOT-7549,aisha.kim@demomail.test,2025-10-05 04:50:00,aisha.brooks@sampleco.test,Diego Cohen,Taylor Brooks,,,SKU-6105,,taylor.calder@examplecorp.test,Morgan Ford,avery.whitfield@sampleco.test,,N,4.0,7.8,7.6,Emerson Blake,2026-01-29 20:02:00,9162,7884,Gamma,Beta,Alpha,SKU-8169,8056,3721,Casey Costa,,,,,7016,9621,Jordan Dorsey,2026-01-14 06:24:00,,2987,Other,Delta,Standard,Other,Priya Nguyen,7702,,,,,3280,4320,2953,N,REF-8631,,,Standard,Scheduled a check-in for the coming month.,,elena.haddad@sampleco.test,,Reviewed performance and gathered feedback.,noah.reyes@sampleco.test,liam.ashby@examplecorp.test,,100640,,101067,,,,,100940,,,,emerson.mercer@acme-fake.test,Jordan Okafor,N,Ironwood Manufacturing Co,100398,REF-6080,101266,Casey Patel,101129,,TAG-6617,101317
700503,100694,Customer Management,100130,Wellness Check-In,Final,Scheduled a check-in for the coming month.,N,N,TAG-9241,elena.nguyen@examplecorp.test,2026-05-23 12:13:00,nina.brooks@sampleco.test,Omar Larsson,Elena Ivanov,,,REF-2940,Jordan Ivanov,jamie.calder@examplecorp.test,,jordan.costa@examplecorp.test,Drew Mercer,N,5.9,8.6,3.5,Elena Sato,2023-05-28 13:29:00,5950,6674,Gamma,Beta,Beta,SKU-2366,3065,1497,Noah Calder,,,,,3841,1721,Liam Larsson,2023-01-01 20:52:00,4565,7992,Standard,Gamma,Alpha,Standard,Chen Garcia,,,,,,,6705,,N,,,,Delta,Noted a concern to revisit at the next sync.,,fatima.mercer@acme-fake.test,,Reviewed performance and gathered feedback.,rahul.mensah@examplecorp.test,nina.rossi@demomail.test,,100743,,100808,,100339,,,101151,,100098,,morgan.kim@examplecorp.test,Alex Sloan,N,Keystone Labs Ltd,100528,REF-5756,101709,Noah Sloan,100998,,,100951
700504,100671,Resource Care,100545,Quarterly Review,Final,Reviewed performance and gathered feedback.,Y,N,LOT-6613,emerson.blake@sampleco.test,2025-12-18 20:51:00,fatima.sato@acme-fake.test,Chen Ford,Yara Silva,,,,Casey Silva,noah.patel@acme-fake.test,,diego.okafor@sampleco.test,Quinn Vance,N,4.5,7.2,3.9,Sofia Rossi,2024-01-09 13:37:00,4483,8224,Beta,Other,Standard,SKU-5258,8480,1336,Aisha Whitfield,,,,,9853,1331,Aisha Mercer,2024-12-28 23:34:00,2158,4639,,Delta,Other,Delta,Rahul Kim,,,,,,3440,5956,5563,N,,,,,,,liam.rossi@demomail.test,,Discussed timeline and next steps with the account.,nina.mercer@acme-fake.test,avery.blake@demomail.test,,100568,,101220,,100650,,,,,,,priya.blake@demomail.test,Rahul Vance,N,Ironwood Capital,100714,REF-2740,100967,Omar Vance,101107,,SKU-8674,100817
700505,100471,Customer Management,100412,Quarterly Review,Final,Discussed timeline and next steps with the account.,N,Y,REF-6977,chen.whitfield@examplecorp.test,2023-07-07 07:27:00,taylor.rossi@demomail.test,Nina Mercer,Avery Calder,Quinn Larsson,,LOT-8140,,reese.rossi@examplecorp.test,Jordan Blake,jordan.costa@sampleco.test,Skyler Cohen,N,4.8,4.7,4.4,Liam Sato,2024-09-10 21:10:00,2110,3424,Other,Alpha,Beta,REF-3518,8926,5523,Sofia Haddad,,,,,2320,3516,Yara Larsson,2023-03-19 07:17:00,,1401,Gamma,Other,Other,,,7295,,,,,4283,2320,4265,Y,,Other,,Gamma,Resolved the outstanding question about scope.,,arjun.mercer@examplecorp.test,,Reviewed performance and gathered feedback.,reese.costa@acme-fake.test,quinn.costa@acme-fake.test,,100761,,,,100500,,,101658,,,,mei.ashby@acme-fake.test,Riley Sato,N,Beacon Capital LLP,100385,REF-1182,101512,,100933,,,101778
700506,100453,Resource Care,100106,Wellness Check-In,Final,Aligned on billing and renewal terms.,Y,N,REF-1471,arjun.garcia@demomail.test,2023-07-02 18:32:00,marco.brooks@sampleco.test,Chen Rossi,Quinn Nguyen,Arjun Sloan,,TAG-5786,Priya Ivanov,emerson.cohen@examplecorp.test,Omar Ford,jamie.cohen@sampleco.test,,N,3.8,8.1,8.7,Skyler Sato,2023-12-30 03:32:00,812,9777,Beta,Gamma,Alpha,SKU-5373,8082,1078,Diego Sato,,,,,4812,6850,Nina Vance,2026-03-25 17:17:00,7971,9742,Alpha,Standard,Gamma,Beta,Arjun Brooks,3553,,,,,8538,2537,1546,N,,,,Gamma,Reviewed performance and gathered feedback.,,elena.sloan@sampleco.test,,Discussed timeline and next steps with the account.,chen.ford@acme-fake.test,elena.blake@acme-fake.test,,100699,,100841,,,,,,,100635,,mei.blake@sampleco.test,Yara Ashby,N,Lakeside Dynamics Co,100622,LOT-7187,101194,Mei Brooks,101774,,,101592
700507,100123,Resource Care,100046,Wellness Check-In,Final,Shared the updated proposal for review.,N,Y,TAG-4048,omar.vance@acme-fake.test,2026-02-07 15:32:00,chen.mercer@demomail.test,Priya Okafor,Casey Reyes,Priya Larsson,,,Arjun Ashby,drew.ashby@sampleco.test,,liam.blake@examplecorp.test,Avery Costa,Y,9.2,4.5,6.8,Rahul Mensah,2025-07-13 01:04:00,5210,3312,Delta,Beta,Beta,SKU-3653,6263,8383,Aisha Larsson,,,,,678,8660,Mei Sloan,2023-05-24 19:03:00,6579,6657,Beta,,Beta,Other,Mei Mercer,4693,,,,,3801,8762,3133,N,,,,Other,Discussed timeline and next steps with the account.,,fatima.brooks@examplecorp.test,,Reviewed performance and gathered feedback.,yara.larsson@sampleco.test,skyler.garcia@acme-fake.test,,100552,,101116,,100680,,,101669,,,,fatima.blake@examplecorp.test,Noah Whitfield,Y,Delta Foods Ltd,100718,LOT-8563,101091,Diego Cohen,101538,,,101472
700508,100730,Customer Management,100079,Customer Success Check-In,Final,Reviewed performance and gathered feedback.,Y,N,TAG-9984,taylor.dorsey@acme-fake.test,2024-07-21 08:33:00,rowan.rossi@acme-fake.test,Quinn Dorsey,Rowan Garcia,,,,Liam Blake,sofia.blake@sampleco.test,Rowan Nguyen,riley.silva@sampleco.test,Skyler Brooks,N,3.2,8.9,4.0,Sofia Patel,2024-10-02 22:19:00,2362,423,Beta,Gamma,Beta,TAG-2345,9659,7271,Rahul Garcia,,,,,3263,6246,Elena Garcia,2025-09-25 11:14:00,3574,317,Alpha,Beta,Beta,Gamma,Marco Mercer,8567,,,,,2817,8316,1462,N,,,Standard,Gamma,Discussed timeline and next steps with the account.,,mei.nguyen@acme-fake.test,,Followed up on the open items from last week.,sofia.costa@demomail.test,aisha.ashby@sampleco.test,,100608,,101125,,100776,,,101026,,100350,,drew.nguyen@demomail.test,Omar Sato,N,Brightpath Robotics Co,100332,REF-6485,100965,Noah Mercer,101600,,,101177
700509,100750,Customer Management,100707,Wellness Check-In,Final,Followed up on the open items from last week.,N,Y,TAG-7990,chen.sloan@examplecorp.test,2026-03-21 11:04:00,chen.mercer@demomail.test,Alex Ivanov,Jamie Silva,Marco Reyes,,LOT-3246,,sofia.kim@demomail.test,Morgan Garcia,reese.ashby@examplecorp.test,,N,7.7,5.2,2.5,Casey Okafor,2025-10-12 17:57:00,6928,5110,Beta,Standard,Gamma,REF-1647,1551,2391,Priya Nguyen,,,,,2330,5937,Liam Haddad,2023-09-24 20:15:00,3933,9190,Standard,Other,Delta,Standard,Quinn Haddad,,,,,,9951,3726,9515,Y,,,,Beta,Followed up on the open items from last week.,,quinn.haddad@sampleco.test,,Shared the updated proposal for review.,noah.garcia@acme-fake.test,fatima.sato@demomail.test,,100551,,101449,,,,,101790,,100561,,quinn.dorsey@examplecorp.test,Emerson Vance,Y,Ironwood Industries LLP,100697,LOT-5981,101225,Avery Okafor,101216,,TAG-2880,101657
700510,100428,Customer Management,100123,Quarterly Review,Final,Shared the updated proposal for review.,Y,Y,REF-8618,diego.ashby@demomail.test,2026-05-18 13:00:00,taylor.haddad@examplecorp.test,Taylor Brooks,Yara Vance,,,,Riley Okafor,emerson.larsson@demomail.test,Aisha Okafor,alex.sloan@acme-fake.test,Rahul Kim,Y,9.5,6.8,3.8,Skyler Blake,2024-07-15 01:55:00,3854,5518,Gamma,Standard,Alpha,SKU-6329,3829,4442,Aisha Calder,,,,,1521,2135,Emerson Reyes,2025-11-04 19:41:00,6768,8119,Gamma,Standard,Other,Beta,Drew Patel,8325,,,,,325,7107,4809,Y,,,,Standard,Noted a concern to revisit at the next sync.,,reese.cohen@examplecorp.test,,Discussed timeline and next steps with the account.,jordan.costa@acme-fake.test,rahul.kim@sampleco.test,,100425,,101589,,100345,,,100902,,100578,,taylor.vance@examplecorp.test,Riley Silva,Y,Atlas Analytics,100219,LOT-1306,100867,Emerson Brooks,101168,Standard,,101414
700511,100092,Resource Care,100357,Quarterly Review,Final,Reviewed performance and gathered feedback.,N,Y,LOT-3036,skyler.mercer@sampleco.test,2022-12-23 11:45:00,drew.vance@acme-fake.test,Omar Haddad,Priya Kim,,,TAG-7516,,reese.calder@demomail.test,Riley Reyes,alex.haddad@sampleco.test,Chen Larsson,N,2.1,5.3,9.1,Casey Calder,2026-05-06 17:04:00,1915,5096,Other,Delta,Gamma,TAG-2164,395,5367,Yara Nguyen,,,,,9909,5973,Elena Calder,2025-10-25 17:23:00,,6975,,Other,,Delta,Emerson Mensah,6025,,,,,1867,610,1791,Y,,,,Other,Followed up on the open items from last week.,,priya.whitfield@sampleco.test,,Aligned on billing and renewal terms.,mei.calder@examplecorp.test,diego.okafor@examplecorp.test,,100478,,101380,,100233,,,,,100173,,priya.vance@demomail.test,Alex Sato,N,Beacon Analytics LLP,100702,LOT-7712,101500,Noah Rossi,101058,,,101351
700512,100355,Customer Management,100096,Wellness Check-In,Final,Scheduled a check-in for the coming month.,Y,Y,TAG-6855,nina.whitfield@sampleco.test,2023-01-25 05:21:00,taylor.ford@sampleco.test,Omar Okafor,Morgan Cohen,Rahul Ford,,,Chen Kim,chen.ashby@demomail.test,,marco.garcia@demomail.test,Marco Sato,Y,6.5,3.2,2.1,Sofia Ford,2023-01-21 15:11:00,6693,6622,Other,Standard,Beta,LOT-1156,1735,1096,Marco Ashby,,,,,5135,5079,Marco Rossi,2023-04-05 04:04:00,8371,9411,Alpha,Delta,Delta,Alpha,,4578,,,,,1763,1058,6533,N,REF-7801,,Standard,Delta,Shared the updated proposal for review.,,liam.costa@demomail.test,,Followed up on the open items from last week.,rahul.mensah@demomail.test,emerson.larsson@acme-fake.test,,100296,,,,100256,,,,,100319,,diego.ivanov@examplecorp.test,Priya Mercer,N,Beacon Robotics LLC,100161,LOT-3193,101542,Rahul Ivanov,100909,,,100973
700513,100683,Resource Care,100284,Customer Success Check-In,Final,Aligned on billing and renewal terms.,N,N,TAG-3239,elena.rossi@examplecorp.test,2024-02-21 17:51:00,diego.okafor@acme-fake.test,Priya Brooks,Morgan Sato,,,,Rahul Ford,noah.nguyen@demomail.test,Marco Ashby,skyler.costa@acme-fake.test,Nina Silva,Y,3.2,8.0,5.1,Jordan Sloan,2024-01-23 08:43:00,1595,9147,Gamma,Alpha,Standard,REF-8509,3229,1492,Chen Reyes,,,,,6435,3006,Skyler Mercer,2025-03-30 15:03:00,6073,370,Standard,Standard,,Beta,Chen Calder,2732,,,,,152,7052,5092,N,,Alpha,,Gamma,Reviewed performance and gathered feedback.,,taylor.nguyen@demomail.test,,Reviewed performance and gathered feedback.,diego.larsson@acme-fake.test,arjun.larsson@examplecorp.test,,100579,,,,100128,,,100809,,100250,,mei.garcia@sampleco.test,Mei Brooks,N,Northwind Systems,100439,LOT-2655,101684,Diego Rossi,101051,,,101701
700514,100487,Resource Care,100714,Customer Success Check-In,Final,Reviewed performance and gathered feedback.,Y,N,TAG-4204,drew.dorsey@examplecorp.test,2023-12-04 07:25:00,morgan.whitfield@acme-fake.test,Jordan Rossi,Liam Haddad,Noah Brooks,,SKU-5646,Priya Vance,emerson.garcia@demomail.test,Yara Dorsey,diego.brooks@examplecorp.test,Taylor Patel,Y,9.2,5.1,1.6,Jamie Reyes,2024-07-01 07:11:00,2511,4536,Other,Standard,Beta,REF-3036,1388,6860,Fatima Dorsey,,,,,17,8961,Elena Kim,2025-12-06 18:26:00,1852,1532,Alpha,Other,Beta,Alpha,,7574,,,,,1318,6364,5891,N,,,,Standard,,,avery.rossi@sampleco.test,,Resolved the outstanding question about scope.,reese.blake@demomail.test,omar.sloan@examplecorp.test,,100730,,,,100691,,,100920,,100500,,chen.dorsey@sampleco.test,Taylor Silva,N,Everest Robotics LLC,100042,TAG-4133,101598,,101160,,,101035
700515,100503,Resource Care,100672,Quarterly Review,Final,Noted a concern to revisit at the next sync.,Y,Y,SKU-9131,emerson.kim@examplecorp.test,2026-01-09 17:52:00,omar.silva@sampleco.test,Emerson Nguyen,Chen Kim,Quinn Okafor,,LOT-2986,Jamie Ashby,morgan.dorsey@acme-fake.test,Fatima Dorsey,omar.haddad@examplecorp.test,,Y,2.2,8.4,5.8,Elena Patel,2026-01-28 06:16:00,2552,916,Delta,Alpha,Other,SKU-8044,6566,5559,Emerson Garcia,,,,,5993,337,Alex Calder,2026-05-16 19:28:00,6918,5921,Beta,Standard,Other,Beta,Omar Vance,396,,,,,4811,,9066,Y,,,,Gamma,Discussed timeline and next steps with the account.,,marco.mensah@examplecorp.test,,Noted a concern to revisit at the next sync.,morgan.nguyen@sampleco.test,liam.silva@sampleco.test,,100210,,,,100495,,,101483,,100756,,elena.ivanov@demomail.test,Diego Mercer,Y,Vertex Retail Inc,100133,SKU-8828,101143,Liam Garcia,100905,,,100800
700516,100142,Resource Care,100467,Quarterly Review,Final,Scheduled a check-in for the coming month.,Y,Y,TAG-6352,emerson.mercer@sampleco.test,2022-10-29 23:01:00,sofia.costa@sampleco.test,Emerson Dorsey,Marco Okafor,Reese Mensah,,LOT-4442,Priya Whitfield,chen.patel@acme-fake.test,Morgan Reyes,rowan.cohen@acme-fake.test,,N,2.8,2.9,5.6,Skyler Kim,2025-01-20 11:58:00,430,2736,Alpha,Gamma,Other,SKU-7934,6436,3362,Yara Garcia,,,,,4945,2129,Yara Garcia,2024-03-30 07:06:00,2710,8333,Gamma,Delta,Delta,Beta,Fatima Mercer,7024,,,,,9630,5344,5114,N,,,,,Shared the updated proposal for review.,,reese.dorsey@examplecorp.test,,Shared the updated proposal for review.,rowan.reyes@examplecorp.test,alex.ashby@examplecorp.test,,100328,,101501,,100083,,,,,100007,,liam.silva@sampleco.test,Sofia Brooks,Y,Granite Dynamics Group,100730,REF-2912,101223,Morgan Cohen,101778,,,101713
700517,100442,Customer Management,100442,Wellness Check-In,Draft,Noted a concern to revisit at the next sync.,Y,N,LOT-6244,rowan.calder@acme-fake.test,2025-11-19 15:14:00,rahul.ford@acme-fake.test,Mei Mercer,Skyler Okafor,Quinn Okafor,,REF-1280,Taylor Patel,marco.dorsey@acme-fake.test,,yara.blake@examplecorp.test,,N,3.8,1.6,5.8,Casey Okafor,2023-01-04 23:22:00,8153,4497,Delta,Beta,Other,SKU-2930,4893,5913,Jordan Sloan,,,,,838,8493,Skyler Okafor,2024-05-09 21:25:00,3316,5331,Beta,Alpha,Beta,Other,,1091,,,,,,,3089,N,REF-9468,,,Standard,,,rowan.blake@demomail.test,,Shared the updated proposal for review.,noah.cohen@acme-fake.test,yara.vance@demomail.test,,100535,,101392,,100484,,,,,,,diego.mercer@examplecorp.test,Chen Costa,Y,Cardinal Retail LLP,100542,TAG-5251,101379,Arjun Sloan,101121,,,101201
700518,100046,Resource Care,100040,Quarterly Review,Final,Shared the updated proposal for review.,N,Y,TAG-3964,casey.nguyen@sampleco.test,2023-10-10 23:10:00,rahul.garcia@examplecorp.test,Rahul Vance,Elena Mercer,,,TAG-2837,,rowan.patel@demomail.test,Rahul Vance,marco.reyes@acme-fake.test,,Y,1.0,1.4,7.0,Marco Okafor,2026-05-28 12:27:00,6907,2244,Delta,Beta,Delta,REF-8572,6007,212,Rahul Haddad,,,,,3732,4177,Quinn Mensah,2024-09-15 15:19:00,8277,1415,Delta,Other,Alpha,Alpha,Taylor Ashby,9068,,,,,2812,2211,3026,N,,,Beta,Standard,Resolved the outstanding question about scope.,,riley.dorsey@acme-fake.test,,Shared the updated proposal for review.,morgan.okafor@examplecorp.test,noah.haddad@demomail.test,,100707,,101606,,100730,,,101677,,100043,,skyler.sloan@demomail.test,Morgan Ford,Y,Lakeside Financial Ltd,100627,SKU-1233,101328,Skyler Mensah,101733,,,100915
700519,100217,Customer Management,100753,Wellness Check-In,Draft,Followed up on the open items from last week.,Y,Y,REF-4006,alex.calder@examplecorp.test,2023-10-13 08:36:00,yara.costa@examplecorp.test,Skyler Ashby,Mei Larsson,,,TAG-4100,Omar Ivanov,sofia.vance@sampleco.test,Alex Blake,chen.ashby@sampleco.test,,N,7.9,3.0,7.6,Arjun Mensah,2024-11-16 19:27:00,3837,6962,Delta,Beta,Standard,SKU-3074,3168,4635,Nina Sloan,,,,,5165,9331,Avery Mercer,2023-03-13 19:52:00,5041,1292,Gamma,Standard,Other,Delta,Riley Mensah,2353,,,,,6959,,5094,Y,,Delta,,Delta,Discussed timeline and next steps with the account.,,rahul.mercer@acme-fake.test,,Resolved the outstanding question about scope.,priya.sloan@examplecorp.test,avery.patel@sampleco.test,,100053,,,,100281,,,101085,,,,diego.haddad@demomail.test,Diego Haddad,Y,Atlas Solutions Co,100467,REF-3680,101553,Jamie Sloan,101419,,,101606
700520,100178,Resource Care,100232,Quarterly Review,Final,Noted a concern to revisit at the next sync.,Y,N,LOT-1507,priya.larsson@examplecorp.test,2024-03-26 07:11:00,jamie.kim@examplecorp.test,Casey Sato,Jamie Reyes,,,LOT-4575,Nina Ashby,emerson.larsson@demomail.test,Quinn Haddad,sofia.rossi@examplecorp.test,,N,6.6,3.9,1.1,Noah Larsson,2025-06-23 13:39:00,3804,971,Gamma,Other,Standard,REF-8619,8987,1935,Casey Mercer,,,,,9005,5842,Arjun Ashby,2024-09-25 20:43:00,4173,300,Beta,Beta,Alpha,,Alex Silva,5013,,,,,3446,2695,9415,N,,,,Alpha,Resolved the outstanding question about scope.,,elena.patel@demomail.test,,Reviewed performance and gathered feedback.,noah.vance@examplecorp.test,quinn.larsson@sampleco.test,,100654,,,,,,,101454,,100115,,riley.sato@examplecorp.test,Jamie Costa,N,Harbor Energy Ltd,100457,TAG-9662,101631,Sofia Mensah,101633,,,101383
700521,100244,Customer Management,100087,Quarterly Review,Draft,Shared the updated proposal for review.,Y,Y,REF-5569,sofia.calder@demomail.test,2023-11-03 00:56:00,jamie.ivanov@acme-fake.test,Rahul Larsson,Jamie Reyes,Aisha Vance,,,,rowan.blake@demomail.test,Alex Ford,jamie.mercer@acme-fake.test,Skyler Patel,Y,9.0,1.4,3.0,Jamie Reyes,2023-02-22 22:44:00,8863,7086,Delta,Standard,Delta,REF-9141,5757,1253,Arjun Garcia,,,,,6709,7131,Elena Vance,2024-04-11 13:09:00,1231,5956,Beta,Delta,Delta,Delta,Alex Reyes,718,,,,,7882,989,8938,Y,,,,Alpha,Aligned on billing and renewal terms.,,morgan.rossi@sampleco.test,,Followed up on the open items from last week.,nina.okafor@acme-fake.test,quinn.nguyen@examplecorp.test,,100478,,,,100208,,,101293,,100683,,drew.brooks@examplecorp.test,Morgan Ford,Y,Beacon Financial LLP,100647,LOT-7412,100887,Marco Nguyen,101304,,,100909
700522,100119,Customer Management,100542,Customer Success Check-In,Final,Aligned on billing and renewal terms.,Y,N,TAG-5144,fatima.ashby@acme-fake.test,2025-04-14 04:29:00,rahul.ashby@examplecorp.test,Avery Sato,Morgan Mercer,Jordan Ivanov,,TAG-6513,,noah.calder@demomail.test,,sofia.sloan@demomail.test,Diego Haddad,N,7.8,4.4,7.2,Drew Sato,2024-09-29 02:48:00,5823,8443,Beta,Delta,Alpha,TAG-8843,1960,9849,Jamie Silva,,,,,3023,9466,Emerson Costa,2026-06-24 03:06:00,1713,5528,Beta,Standard,Alpha,Alpha,Fatima Vance,1783,,,,,8123,9316,7969,N,,,,Delta,Scheduled a check-in for the coming month.,,alex.costa@sampleco.test,,Reviewed performance and gathered feedback.,riley.brooks@acme-fake.test,alex.larsson@acme-fake.test,,100454,,101414,,,,,,,100047,,casey.silva@demomail.test,Liam Costa,N,Copper Holdings LLP,100046,TAG-6885,101730,,101017,,,100965
700523,100565,Resource Care,100118,Quarterly Review,Final,Shared the updated proposal for review.,Y,Y,SKU-2561,marco.kim@demomail.test,2023-03-19 12:06:00,casey.dorsey@examplecorp.test,Reese Ford,Alex Brooks,Rahul Whitfield,,,Liam Blake,avery.sato@sampleco.test,Liam Larsson,avery.ivanov@sampleco.test,,Y,5.0,7.0,2.3,Fatima Reyes,2025-12-02 18:38:00,4465,6249,Beta,Standard,Standard,TAG-3081,5705,5727,Fatima Costa,,,,,1964,9266,Jordan Cohen,2025-07-08 13:50:00,1152,796,Other,Alpha,Alpha,Delta,Jordan Mensah,2245,,,,,9603,6483,3730,Y,,,,Delta,Shared the updated proposal for review.,,noah.ford@examplecorp.test,,Shared the updated proposal for review.,quinn.ivanov@demomail.test,rahul.dorsey@acme-fake.test,,100133,,101700,,,,,,,,,diego.patel@acme-fake.test,Taylor Nguyen,Y,Pioneer Dynamics Corp,100542,LOT-9990,101730,Jordan Dorsey,101435,,,101676
700524,100753,Resource Care,100246,Customer Success Check-In,Final,Reviewed performance and gathered feedback.,N,Y,SKU-4154,rowan.dorsey@sampleco.test,2025-05-25 11:04:00,taylor.sato@demomail.test,Riley Kim,Aisha Rossi,Mei Mercer,,,Rowan Haddad,emerson.sloan@examplecorp.test,,elena.vance@acme-fake.test,Jordan Blake,Y,8.4,9.8,4.3,Casey Larsson,2024-12-07 13:52:00,594,1091,Delta,Beta,Other,SKU-7684,5534,6720,Drew Blake,,,,,2923,202,Riley Mensah,2025-12-04 18:20:00,8580,9092,Gamma,Delta,Beta,Other,Mei Reyes,3373,,,,,5140,3163,,Y,,,,Alpha,Discussed timeline and next steps with the account.,,jamie.nguyen@demomail.test,,Aligned on billing and renewal terms.,aisha.calder@sampleco.test,rowan.larsson@sampleco.test,,100366,,101645,,100587,,,,,100067,,nina.nguyen@examplecorp.test,Rahul Rossi,N,Vertex Solutions,100380,SKU-4102,101559,Yara Silva,100846,,,101116
700525,100273,Resource Care,100022,Wellness Check-In,Draft,Followed up on the open items from last week.,Y,Y,LOT-2702,reese.vance@examplecorp.test,2024-09-03 09:24:00,morgan.patel@examplecorp.test,Aisha Blake,Taylor Vance,Rahul Silva,,,,rahul.haddad@demomail.test,,riley.cohen@acme-fake.test,Arjun Patel,N,1.8,4.0,9.3,Jordan Okafor,2024-12-05 23:08:00,5159,8427,Other,Gamma,Other,SKU-3804,1064,8051,Priya Kim,,,,,8894,9416,Alex Okafor,2026-06-12 13:35:00,9932,3401,Standard,Other,Delta,Delta,,2916,,,,,131,7324,5349,Y,,,,Beta,Aligned on billing and renewal terms.,,sofia.vance@sampleco.test,,Noted a concern to revisit at the next sync.,riley.ford@acme-fake.test,noah.haddad@examplecorp.test,,100339,,,,100678,,,100820,,100029,,quinn.ford@examplecorp.test,Drew Nguyen,N,Vertex Manufacturing Ltd,100412,TAG-9248,100935,Noah Mercer,101742,,,101354
700526,100613,Customer Management,100509,Wellness Check-In,Final,Followed up on the open items from last week.,N,N,LOT-6701,avery.vance@demomail.test,2023-02-18 08:52:00,morgan.nguyen@examplecorp.test,Morgan Sato,Avery Vance,Emerson Silva,,REF-2829,Reese Patel,fatima.sloan@examplecorp.test,Casey Nguyen,sofia.cohen@acme-fake.test,Taylor Ivanov,Y,9.3,3.9,6.0,Jordan Whitfield,2024-07-08 04:37:00,134,2001,Delta,Beta,Alpha,REF-3310,1657,8728,Yara Haddad,,,,,6923,5682,Rowan Nguyen,2025-07-24 21:33:00,3369,2298,Gamma,Standard,Standard,Other,Taylor Vance,3123,,,,,8329,9531,,Y,,,,,Reviewed performance and gathered feedback.,,liam.mercer@examplecorp.test,,Shared the updated proposal for review.,alex.blake@examplecorp.test,quinn.blake@examplecorp.test,,100210,,101630,,,,,101419,,100296,,liam.rossi@sampleco.test,Jordan Silva,N,Cobalt Capital Corp,100284,SKU-2292,100820,Jordan Silva,101281,,,101528
700527,100340,Customer Management,100098,Wellness Check-In,Final,Resolved the outstanding question about scope.,N,Y,REF-9947,nina.sloan@examplecorp.test,2022-12-19 19:02:00,chen.vance@demomail.test,Mei Costa,Liam Rossi,Quinn Ashby,,TAG-5200,Reese Mercer,rowan.brooks@demomail.test,Liam Ashby,rowan.ashby@sampleco.test,Casey Rossi,N,3.5,2.1,6.8,Riley Reyes,2024-02-28 13:09:00,9535,7841,Standard,Beta,Beta,TAG-9946,9347,7581,Sofia Dorsey,,,,,9707,6706,Sofia Blake,2026-07-12 02:49:00,2556,91,Gamma,Standard,Beta,Beta,Rowan Sato,551,,,,,7614,7153,6828,Y,,,,Beta,Shared the updated proposal for review.,,reese.nguyen@examplecorp.test,Gamma,Discussed timeline and next steps with the account.,omar.haddad@examplecorp.test,fatima.dorsey@examplecorp.test,,100710,,101194,,100350,,,101461,,100009,,riley.dorsey@examplecorp.test,Nina Whitfield,Y,Northwind Group LLP,100438,SKU-1582,101340,Mei Garcia,101101,,,101622
700528,100741,Customer Management,100635,Customer Success Check-In,Final,Discussed timeline and next steps with the account.,Y,Y,REF-2047,arjun.nguyen@demomail.test,2023-08-26 08:29:00,marco.mercer@sampleco.test,Priya Costa,Quinn Reyes,,,TAG-5466,,skyler.brooks@examplecorp.test,Casey Vance,arjun.reyes@sampleco.test,Elena Whitfield,N,8.7,7.5,2.9,Priya Dorsey,2023-08-20 12:23:00,444,4015,Gamma,Standard,Delta,REF-6945,6257,1983,Rowan Dorsey,,,,,1037,6730,Skyler Patel,2023-02-01 01:57:00,,6678,Beta,Standard,Delta,Alpha,Quinn Vance,2961,,,,,5053,4651,407,Y,,Delta,,Other,Discussed timeline and next steps with the account.,,rahul.larsson@examplecorp.test,,Aligned on billing and renewal terms.,jamie.dorsey@acme-fake.test,omar.ford@sampleco.test,,100714,,100892,,100076,,,101641,,100119,,taylor.nguyen@acme-fake.test,Quinn Silva,Y,Cobalt Holdings Ltd,100269,REF-4338,100944,Elena Dorsey,101743,,,101287
700529,100139,Customer Management,100201,Quarterly Review,Final,Noted a concern to revisit at the next sync.,N,N,TAG-1132,quinn.vance@examplecorp.test,2025-07-15 07:28:00,marco.mercer@demomail.test,Omar Patel,Quinn Mensah,Rowan Ford,,LOT-4708,,liam.patel@examplecorp.test,Omar Kim,riley.mercer@demomail.test,,Y,9.7,3.8,9.4,Quinn Cohen,2025-03-28 07:19:00,2638,3409,Standard,Delta,Other,LOT-5881,6476,652,Arjun Rossi,,,,,7471,6984,Arjun Brooks,2024-12-23 13:17:00,9460,1394,Gamma,Delta,Other,Alpha,Jamie Silva,3179,,,,,4130,,4820,Y,,,,Standard,Resolved the outstanding question about scope.,,priya.ford@examplecorp.test,,Scheduled a check-in for the coming month.,mei.sloan@examplecorp.test,fatima.mercer@examplecorp.test,,100221,,101138,,100759,,,101682,,100256,,liam.ford@demomail.test,Nina Okafor,N,Summit Retail Group,100750,SKU-9929,101007,Avery Haddad,101354,,,101585
700530,100058,Customer Management,100651,Customer Success Check-In,Final,Scheduled a check-in for the coming month.,Y,N,REF-5984,nina.ford@examplecorp.test,2025-03-09 01:21:00,omar.whitfield@sampleco.test,Sofia Vance,Fatima Okafor,Jordan Sloan,,SKU-3421,Quinn Garcia,reese.rossi@demomail.test,Sofia Rossi,omar.blake@acme-fake.test,Drew Reyes,N,4.2,9.1,5.5,Noah Reyes,2025-09-22 13:40:00,8256,5519,Other,Delta,Other,REF-7931,9338,1010,Jordan Rossi,,,,,6886,4343,Reese Haddad,2024-08-26 13:32:00,4689,7622,,Alpha,Alpha,Delta,Emerson Sloan,2464,,,,,8371,208,7143,N,,,,Standard,Followed up on the open items from last week.,,noah.haddad@demomail.test,,Noted a concern to revisit at the next sync.,omar.costa@sampleco.test,yara.cohen@examplecorp.test,,100089,,,,100634,,,100988,,100564,,noah.whitfield@acme-fake.test,Rahul Rossi,N,Meridian Energy Co,100089,TAG-8698,100862,Morgan Reyes,101259,,,101221
700531,100733,Resource Care,100697,Wellness Check-In,Final,Aligned on billing and renewal terms.,N,Y,SKU-2230,elena.mensah@acme-fake.test,2024-11-26 18:58:00,sofia.costa@acme-fake.test,Emerson Mensah,Nina Kim,Casey Sloan,,LOT-8368,Arjun Rossi,morgan.patel@acme-fake.test,,reese.sloan@demomail.test,,N,3.2,3.6,5.5,Drew Rossi,2024-01-03 23:46:00,2909,5938,Other,Delta,Standard,TAG-3287,5796,4986,Priya Calder,,,,,4161,5952,Jamie Garcia,2024-11-04 05:07:00,3508,4175,Delta,Alpha,Alpha,,Fatima Rossi,5634,,,,,7860,,1932,Y,,,,Beta,Scheduled a check-in for the coming month.,,aisha.whitfield@sampleco.test,,Aligned on billing and renewal terms.,fatima.costa@examplecorp.test,diego.mercer@acme-fake.test,,100247,,101386,,,,,101481,,100761,,emerson.dorsey@acme-fake.test,,N,Horizon Holdings LLC,100461,SKU-3802,101500,Drew Sato,100879,,,101176
700532,100466,Resource Care,100434,Wellness Check-In,Draft,Aligned on billing and renewal terms.,Y,N,REF-7262,alex.silva@examplecorp.test,2025-03-27 04:18:00,elena.sato@sampleco.test,Morgan Mercer,Rowan Dorsey,,,REF-1848,Yara Dorsey,jamie.sloan@demomail.test,Skyler Silva,priya.blake@examplecorp.test,Nina Sato,N,9.0,7.0,8.3,Jamie Dorsey,2024-03-05 06:55:00,6753,4174,Standard,Gamma,Other,SKU-6296,1450,125,Sofia Brooks,,,,,7206,6745,Arjun Ashby,2024-09-03 18:22:00,6843,797,Delta,Gamma,,Standard,Skyler Sloan,3166,,,,,6951,6691,5945,N,,,,Standard,,,skyler.mercer@acme-fake.test,,Aligned on billing and renewal terms.,arjun.patel@examplecorp.test,priya.haddad@sampleco.test,,100529,,,,100311,,,101101,,100320,,drew.sloan@sampleco.test,Emerson Ashby,Y,Cobalt Retail Group,100221,SKU-2133,101709,Priya Nguyen,101302,,LOT-4331,101700
700533,100050,Customer Management,100462,Quarterly Review,Final,Resolved the outstanding question about scope.,N,Y,TAG-9522,liam.vance@demomail.test,2025-09-30 13:08:00,aisha.haddad@acme-fake.test,Yara Ashby,Omar Blake,Rahul Nguyen,,,Nina Rossi,avery.ashby@examplecorp.test,Mei Sato,priya.okafor@examplecorp.test,,Y,3.5,3.5,9.5,Avery Ford,2023-09-08 21:37:00,5347,1136,Delta,Alpha,Beta,REF-2334,8525,8347,Mei Blake,,,,,1203,1218,Avery Rossi,2025-12-15 13:10:00,1274,5649,Beta,Other,Standard,Gamma,Avery Kim,49,,,,,3603,1641,3616,Y,,,,Alpha,Reviewed performance and gathered feedback.,,priya.vance@examplecorp.test,,Noted a concern to revisit at the next sync.,fatima.garcia@examplecorp.test,emerson.sato@acme-fake.test,,100542,,101572,,,,,101731,,,,elena.okafor@demomail.test,Elena Garcia,N,Falcon Manufacturing LLC,100599,TAG-8834,100843,Chen Costa,101373,,,100879
700534,100784,Resource Care,100457,Customer Success Check-In,Final,Noted a concern to revisit at the next sync.,Y,N,SKU-8860,riley.okafor@acme-fake.test,2025-06-30 09:53:00,fatima.calder@acme-fake.test,Nina Haddad,Jordan Ivanov,,,LOT-5166,,nina.brooks@acme-fake.test,Avery Costa,drew.mensah@sampleco.test,,N,5.8,8.1,1.1,Quinn Ivanov,2026-02-20 17:41:00,492,3101,Other,Standard,Other,REF-4881,3049,4352,Riley Vance,,,,,7751,7677,Yara Brooks,2026-05-02 22:15:00,7287,,,Other,Beta,Standard,Liam Blake,9178,,,,,8637,8860,6845,Y,,,,Beta,Reviewed performance and gathered feedback.,,marco.dorsey@examplecorp.test,,Aligned on billing and renewal terms.,aisha.sato@examplecorp.test,nina.nguyen@demomail.test,,100762,,101176,,100791,,,101021,,,,arjun.silva@examplecorp.test,Jamie Reyes,N,Copper Group Inc,100751,TAG-4844,101424,Skyler Ivanov,101594,,,101752
700535,100428,Customer Management,100775,Wellness Check-In,Final,Discussed timeline and next steps with the account.,Y,Y,LOT-9215,reese.ivanov@demomail.test,2024-01-07 22:16:00,casey.costa@acme-fake.test,Alex Vance,Casey Silva,,,LOT-2358,Yara Patel,jordan.mercer@examplecorp.test,Morgan Mensah,marco.garcia@acme-fake.test,Taylor Ashby,Y,4.8,5.3,6.6,Yara Blake,2023-10-16 15:45:00,3048,6012,Beta,Beta,Standard,SKU-2442,8646,2218,Jamie Kim,,,,,1630,205,Taylor Cohen,2026-03-29 00:48:00,9781,4999,Other,Other,Other,Gamma,Avery Dorsey,8559,,,,,6139,2118,6555,Y,,,,Delta,Discussed timeline and next steps with the account.,,elena.blake@sampleco.test,,Resolved the outstanding question about scope.,emerson.blake@acme-fake.test,arjun.dorsey@sampleco.test,,100392,,101672,,,,,100863,,100604,,mei.haddad@examplecorp.test,Noah Patel,Y,Vertex Financial LLP,100680,SKU-3036,101632,Chen Cohen,101134,,,101353
700536,100076,Resource Care,100683,Wellness Check-In,Final,Noted a concern to revisit at the next sync.,N,Y,TAG-5543,taylor.vance@sampleco.test,2025-04-16 14:32:00,noah.mercer@examplecorp.test,Morgan Whitfield,Sofia Larsson,Avery Nguyen,,REF-3583,Morgan Calder,taylor.sloan@sampleco.test,Yara Costa,sofia.reyes@examplecorp.test,Liam Sato,N,9.6,4.0,1.5,Aisha Silva,2022-10-26 05:55:00,2169,8476,Delta,Other,Standard,LOT-9035,4290,2119,Rahul Costa,,,,,6875,1864,Quinn Blake,2026-07-03 09:13:00,7229,1989,Beta,Alpha,Delta,Standard,Nina Reyes,9612,,,,,8462,5650,4173,N,,,,Delta,Resolved the outstanding question about scope.,,riley.ashby@acme-fake.test,,Aligned on billing and renewal terms.,aisha.brooks@acme-fake.test,elena.costa@sampleco.test,,100726,,101076,,,,,101763,,100077,,omar.brooks@demomail.test,Rowan Garcia,Y,Harbor Financial Co,100608,LOT-5732,101594,Jordan Mensah,100881,,,101622
700537,100232,Customer Management,100739,Customer Success Check-In,Final,Shared the updated proposal for review.,N,N,SKU-6225,drew.costa@acme-fake.test,2025-07-20 23:42:00,marco.haddad@sampleco.test,Morgan Dorsey,Drew Silva,Reese Nguyen,,SKU-9742,,yara.dorsey@demomail.test,Omar Nguyen,reese.brooks@demomail.test,Liam Brooks,N,7.8,7.5,2.8,Casey Mensah,2023-07-17 03:51:00,81,1969,Beta,Beta,Gamma,TAG-3580,2782,5027,Yara Ivanov,,,,,5041,6654,,2023-05-27 04:11:00,1667,6783,Delta,Delta,Other,Standard,Reese Ashby,8062,,,,,610,4821,5919,N,,Standard,,Alpha,Scheduled a check-in for the coming month.,,casey.dorsey@sampleco.test,,Shared the updated proposal for review.,taylor.vance@acme-fake.test,jamie.mensah@demomail.test,,100512,,101559,,100634,,,,,100112,,fatima.cohen@sampleco.test,,Y,Copper Dynamics Group,100319,TAG-5700,101447,Arjun Nguyen,101271,,,101399
700538,100451,Resource Care,100656,Quarterly Review,Draft,Aligned on billing and renewal terms.,Y,Y,LOT-7717,chen.whitfield@examplecorp.test,2023-07-28 16:59:00,chen.rossi@sampleco.test,Rahul Haddad,Diego Mercer,Emerson Sato,,,,drew.whitfield@acme-fake.test,,skyler.sato@sampleco.test,,Y,3.2,3.7,6.8,Rahul Reyes,2022-10-05 16:14:00,8043,1872,Standard,Gamma,Delta,REF-4560,2890,342,Yara Ivanov,,,,,155,3356,Reese Dorsey,2023-08-06 10:30:00,2598,9657,Beta,Beta,Beta,,Liam Costa,4163,,,,,5938,4427,7841,Y,,,,Delta,Aligned on billing and renewal terms.,,liam.mensah@demomail.test,,Scheduled a check-in for the coming month.,omar.ivanov@demomail.test,quinn.brooks@demomail.test,,100335,,101791,,100660,,,101575,,,,yara.garcia@sampleco.test,Alex Rossi,N,Granite Solutions LLP,100745,SKU-5184,101201,,101290,,,101716
700539,100545,Resource Care,100640,Wellness Check-In,Final,Aligned on billing and renewal terms.,Y,N,LOT-8903,rowan.cohen@examplecorp.test,2025-10-22 08:36:00,mei.garcia@acme-fake.test,Yara Mercer,Taylor Ivanov,Avery Okafor,,,,mei.ashby@acme-fake.test,Omar Okafor,riley.garcia@demomail.test,,N,7.8,9.8,1.9,Skyler Okafor,2025-02-04 15:29:00,938,4028,Other,Alpha,Beta,SKU-3167,9559,9241,Fatima Silva,,,,,956,3788,,2025-07-04 22:53:00,3037,827,Beta,Delta,Standard,Other,Alex Sloan,9973,,,,,8965,8439,7940,N,,,,Gamma,Reviewed performance and gathered feedback.,,marco.ford@examplecorp.test,,Aligned on billing and renewal terms.,noah.silva@acme-fake.test,riley.patel@examplecorp.test,,100545,,101538,,,,,,,100472,,marco.larsson@acme-fake.test,Rahul Blake,Y,Northwind Robotics Corp,100082,SKU-3182,101561,Marco Blake,101125,,,100846
700540,100387,Resource Care,100606,Customer Success Check-In,Final,Discussed timeline and next steps with the account.,Y,Y,LOT-3520,jordan.vance@examplecorp.test,2026-02-12 02:44:00,liam.sato@demomail.test,Rowan Calder,Riley Vance,Priya Kim,,LOT-5624,Jordan Cohen,drew.ivanov@demomail.test,Mei Sloan,fatima.ashby@examplecorp.test,Jamie Cohen,N,9.0,6.4,5.4,Casey Okafor,2023-12-22 14:45:00,2035,8871,Standard,Beta,Delta,LOT-9195,7912,6598,Alex Mensah,,,,,7463,6984,Jordan Mercer,2024-12-20 05:11:00,3905,6720,Gamma,Gamma,Gamma,Beta,Marco Vance,4219,,,,,9645,1119,,Y,,,,Beta,Reviewed performance and gathered feedback.,,mei.whitfield@examplecorp.test,,Noted a concern to revisit at the next sync.,taylor.calder@examplecorp.test,liam.nguyen@examplecorp.test,,100461,,,,100371,,,,,100595,,diego.dorsey@sampleco.test,Reese Haddad,N,Everest Partners Group,100142,LOT-7618,101458,Nina Rossi,101276,,,101379
700541,100378,Resource Care,100423,Quarterly Review,Final,Noted a concern to revisit at the next sync.,N,N,LOT-9084,quinn.nguyen@acme-fake.test,2023-03-07 23:45:00,drew.nguyen@demomail.test,Emerson Vance,Drew Calder,,,,Riley Reyes,alex.dorsey@examplecorp.test,,taylor.blake@examplecorp.test,Noah Haddad,N,9.1,8.3,6.0,Yara Nguyen,2023-01-15 06:18:00,1832,7963,Standard,Gamma,Beta,TAG-6198,6995,1043,Morgan Garcia,,,,,2864,3343,Jordan Haddad,2022-12-29 01:29:00,6961,9721,Delta,Other,Other,,Marco Mensah,3405,,,,,,963,,N,,,,Beta,Shared the updated proposal for review.,,alex.larsson@sampleco.test,,Followed up on the open items from last week.,sofia.ivanov@demomail.test,yara.mensah@examplecorp.test,,100574,,,,,,,101755,,100137,,rahul.larsson@sampleco.test,Reese Dorsey,N,Vertex Financial LLP,100710,TAG-8775,100966,,101652,,,101386
700542,100231,Resource Care,100196,Customer Success Check-In,Final,Discussed timeline and next steps with the account.,Y,N,REF-2450,alex.costa@demomail.test,2023-04-18 17:25:00,elena.costa@demomail.test,Reese Vance,Reese Nguyen,Casey Sato,,TAG-1801,Aisha Sato,reese.calder@demomail.test,,noah.ivanov@sampleco.test,Emerson Dorsey,N,4.6,7.2,4.9,Omar Costa,2024-02-24 11:06:00,9617,8642,Gamma,Other,Delta,REF-5794,4860,4068,Nina Silva,,,,,600,8949,Rowan Brooks,2025-04-27 16:02:00,6679,8700,Gamma,Beta,Gamma,Gamma,Elena Cohen,2627,,,,,7701,9834,7462,N,,,Alpha,Gamma,Noted a concern to revisit at the next sync.,,arjun.calder@demomail.test,,Noted a concern to revisit at the next sync.,jordan.silva@examplecorp.test,marco.haddad@sampleco.test,,100382,,101477,,100458,,,,,100121,,reese.kim@demomail.test,,Y,,100774,LOT-3310,101773,Yara Sato,101571,,,101483
700543,100322,Resource Care,100507,Quarterly Review,Final,Shared the updated proposal for review.,N,Y,SKU-2433,liam.rossi@examplecorp.test,2025-08-13 13:41:00,jamie.sloan@acme-fake.test,Riley Vance,Jamie Ivanov,Elena Haddad,,SKU-6340,,sofia.blake@sampleco.test,Omar Mensah,mei.brooks@acme-fake.test,Alex Ford,N,2.3,7.5,9.2,Rowan Mercer,2025-10-15 12:50:00,7793,5860,Gamma,Beta,Standard,TAG-8398,2033,8304,Rowan Silva,,,,,6958,2029,Jamie Dorsey,2024-06-15 01:18:00,2951,7906,Gamma,Alpha,Gamma,Alpha,Drew Garcia,6450,,,,,7637,4416,4364,N,,,,Beta,Followed up on the open items from last week.,,priya.rossi@acme-fake.test,,Discussed timeline and next steps with the account.,morgan.costa@sampleco.test,fatima.haddad@examplecorp.test,,100500,,100965,,,,,,,100396,,arjun.sloan@demomail.test,Rahul Costa,N,Vertex Health Inc,100311,REF-1968,101424,Alex Whitfield,101481,,,101054
700544,100256,Customer Management,100791,Customer Success Check-In,Final,Resolved the outstanding question about scope.,Y,N,LOT-2958,arjun.sloan@acme-fake.test,2025-05-05 18:02:00,diego.ashby@demomail.test,Omar Blake,Omar Garcia,Drew Brooks,,REF-7317,Skyler Brooks,jordan.reyes@examplecorp.test,,sofia.haddad@examplecorp.test,,Y,8.8,10.0,8.9,Quinn Larsson,2023-08-27 06:53:00,7158,5414,Other,Other,Delta,LOT-1455,221,8673,Emerson Calder,,,,,2450,9608,Alex Brooks,2023-12-04 21:02:00,6148,9758,Standard,Other,Beta,Alpha,Liam Ashby,608,,,,,9552,666,2755,Y,,,,Gamma,Scheduled a check-in for the coming month.,,sofia.reyes@sampleco.test,,Aligned on billing and renewal terms.,liam.mercer@examplecorp.test,skyler.sato@examplecorp.test,,100191,,,,100415,,,,,100661,,fatima.ivanov@acme-fake.test,Arjun Rossi,N,,100047,SKU-2725,101633,Noah Silva,101190,,REF-1420,100825
700545,100643,Resource Care,100217,Customer Success Check-In,Final,Aligned on billing and renewal terms.,Y,N,TAG-4321,aisha.costa@sampleco.test,2024-03-20 08:41:00,fatima.ford@examplecorp.test,Emerson Mensah,Rowan Ashby,Casey Mensah,,SKU-9094,Liam Nguyen,sofia.okafor@demomail.test,Marco Garcia,rahul.sato@demomail.test,,N,4.4,5.8,8.0,Marco Ashby,2026-06-01 06:18:00,1006,140,Other,Gamma,Standard,TAG-7547,7657,5001,Chen Larsson,,,,,8541,9559,Riley Nguyen,2024-01-15 14:47:00,2880,574,Standard,,Other,Gamma,Diego Calder,,,,,,4032,9378,9238,Y,,,,Delta,Resolved the outstanding question about scope.,,rowan.brooks@sampleco.test,,Discussed timeline and next steps with the account.,taylor.ashby@sampleco.test,diego.mercer@sampleco.test,,100640,,101366,,,,,101373,,100068,,riley.calder@acme-fake.test,Yara Patel,N,Evergreen Robotics LLC,100330,LOT-5077,101458,Morgan Nguyen,101609,,,101507
700546,100453,Resource Care,100174,Quarterly Review,Final,Noted a concern to revisit at the next sync.,Y,Y,SKU-6118,reese.mensah@acme-fake.test,2022-10-31 07:35:00,omar.ford@acme-fake.test,Arjun Okafor,Emerson Costa,Sofia Nguyen,,REF-8535,,jamie.rossi@examplecorp.test,Skyler Blake,yara.haddad@acme-fake.test,Riley Costa,Y,6.3,7.9,9.1,Casey Mensah,2023-02-24 22:30:00,8567,6624,Beta,Standard,Delta,TAG-2533,6085,3395,Avery Sloan,,,,,5466,222,Aisha Whitfield,2023-04-04 14:20:00,5880,286,Beta,Delta,Beta,Beta,Priya Cohen,4351,,,,,2302,4621,2525,Y,,,,Other,,,casey.whitfield@examplecorp.test,,Followed up on the open items from last week.,rowan.rossi@examplecorp.test,reese.ivanov@acme-fake.test,,100732,,,,100660,,,100890,,100366,,quinn.patel@examplecorp.test,Liam Nguyen,Y,Meridian Financial,100305,LOT-6023,101265,Chen Silva,101338,,,101429
700547,100134,Resource Care,100219,Quarterly Review,Final,Followed up on the open items from last week.,N,Y,TAG-2782,aisha.dorsey@acme-fake.test,2023-12-27 01:16:00,mei.calder@acme-fake.test,Fatima Mensah,Diego Cohen,,,TAG-9261,Quinn Costa,alex.sato@acme-fake.test,Marco Silva,taylor.costa@demomail.test,Morgan Okafor,N,9.2,7.1,8.5,Skyler Okafor,2023-11-23 05:13:00,561,2637,Alpha,Alpha,Beta,SKU-1177,6247,1332,Taylor Ivanov,,,,,9979,2012,,2023-11-24 23:04:00,6957,8019,Alpha,Delta,,Gamma,Mei Calder,172,,,,,284,581,5107,N,,,,,Resolved the outstanding question about scope.,,riley.sloan@examplecorp.test,,Discussed timeline and next steps with the account.,morgan.cohen@sampleco.test,casey.sloan@sampleco.test,,100516,,101411,,,,,101589,,,,nina.vance@sampleco.test,Jordan Patel,Y,Falcon Partners LLC,100519,SKU-4130,101604,Riley Mercer,101094,,,100949
700548,100593,Customer Management,100775,Customer Success Check-In,Draft,Aligned on billing and renewal terms.,N,N,TAG-3962,yara.rossi@sampleco.test,2025-09-06 03:32:00,jamie.okafor@sampleco.test,Mei Nguyen,Yara Silva,Marco Blake,,TAG-9380,Sofia Mensah,chen.cohen@acme-fake.test,Skyler Ivanov,riley.ashby@examplecorp.test,Skyler Blake,Y,6.2,4.4,2.5,Jordan Haddad,2024-04-09 10:00:00,4950,7476,Beta,Delta,Delta,REF-3786,9772,5632,Arjun Mercer,,,,,9480,7597,Mei Haddad,2023-11-22 15:20:00,2202,6958,Other,Standard,Standard,Alpha,Priya Ashby,2224,,,,,8082,,4911,N,,,,Alpha,Reviewed performance and gathered feedback.,,casey.cohen@sampleco.test,,Shared the updated proposal for review.,reese.ford@examplecorp.test,morgan.sato@demomail.test,,100073,,101146,,100191,,,101041,,,,liam.dorsey@acme-fake.test,Aisha Costa,Y,Beacon Capital Group,100790,TAG-1043,101676,,101541,,,101073
700549,100371,Customer Management,100756,Customer Success Check-In,Draft,Scheduled a check-in for the coming month.,Y,Y,REF-8136,rahul.brooks@acme-fake.test,2024-10-01 13:31:00,chen.okafor@acme-fake.test,Sofia Calder,Rowan Patel,,,LOT-8915,,quinn.mensah@sampleco.test,Omar Vance,diego.nguyen@examplecorp.test,Morgan Blake,N,9.4,4.7,9.2,Rowan Ford,2025-04-05 02:20:00,3635,5925,Delta,Delta,Gamma,REF-2409,9565,3650,Reese Cohen,,,,,1404,4578,Drew Brooks,2023-08-22 21:31:00,4171,6484,Other,Delta,Alpha,Delta,Reese Costa,9354,,,,,3427,3185,6917,N,,,,Gamma,Followed up on the open items from last week.,,avery.kim@demomail.test,Delta,Scheduled a check-in for the coming month.,diego.cohen@demomail.test,arjun.mercer@demomail.test,,100404,,101576,,100678,,,100825,,100529,,yara.mercer@demomail.test,Casey Kim,Y,,100467,LOT-9071,101570,Arjun Sato,100884,,,100905
700550,100058,Resource Care,100660,Quarterly Review,Final,Scheduled a check-in for the coming month.,Y,Y,LOT-3875,alex.sloan@demomail.test,2025-03-16 19:26:00,drew.brooks@sampleco.test,Skyler Garcia,Jamie Mensah,Avery Calder,,SKU-7876,Marco Reyes,fatima.vance@sampleco.test,Priya Okafor,skyler.reyes@sampleco.test,,Y,4.0,6.7,1.2,Casey Calder,2026-07-25 06:07:00,5626,9410,Gamma,Other,Beta,LOT-4186,5236,9954,Morgan Cohen,,,,,5064,4363,,2026-07-02 21:14:00,3033,7574,Beta,Other,Standard,,Rahul Brooks,2503,,,,,2741,7261,2045,Y,,,,Alpha,Resolved the outstanding question about scope.,,noah.brooks@demomail.test,,Discussed timeline and next steps with the account.,fatima.okafor@acme-fake.test,rowan.dorsey@demomail.test,,100429,,,,,,,100956,,100665,,elena.calder@demomail.test,Emerson Brooks,Y,Brightpath Financial Corp,100721,TAG-3021,101383,Taylor Okafor,100949,,,100870
700551,100664,Customer Management,100340,Customer Success Check-In,Draft,Followed up on the open items from last week.,N,N,SKU-7059,liam.ashby@demomail.test,2022-10-21 18:40:00,quinn.silva@sampleco.test,Avery Brooks,Nina Okafor,Drew Reyes,,LOT-9416,,omar.garcia@sampleco.test,Elena Ford,riley.nguyen@examplecorp.test,,N,8.4,8.1,8.4,Yara Ford,2023-02-18 13:18:00,9508,5823,Gamma,Other,Delta,SKU-9126,6343,9543,Avery Ivanov,,,,,1614,177,Fatima Blake,2024-12-18 12:26:00,6060,5728,Other,Gamma,Alpha,Standard,Elena Mensah,7442,,,,,2585,3546,4951,N,,,,Gamma,Shared the updated proposal for review.,,riley.mercer@demomail.test,,Discussed timeline and next steps with the account.,arjun.rossi@examplecorp.test,chen.vance@acme-fake.test,,100579,,,,100335,,,,,,,chen.nguyen@examplecorp.test,Morgan Ivanov,N,Falcon Logistics LLP,100466,SKU-1483,100849,Rahul Whitfield,100957,,,101442
700552,100743,Customer Management,100554,Customer Success Check-In,Final,Shared the updated proposal for review.,N,N,SKU-9975,arjun.cohen@demomail.test,2022-12-18 23:09:00,aisha.mensah@examplecorp.test,Avery Dorsey,Rahul Nguyen,Arjun Blake,,TAG-4648,Alex Rossi,sofia.dorsey@examplecorp.test,,marco.rossi@examplecorp.test,Casey Costa,Y,3.4,6.0,6.1,Arjun Mercer,2024-09-08 14:16:00,1876,4221,Gamma,Other,Gamma,LOT-3136,9049,6095,Jordan Calder,,,,,8657,8834,Reese Ivanov,2026-07-07 06:47:00,8112,8807,Alpha,Delta,Gamma,Delta,Priya Mensah,4530,,,,,4678,9599,9034,Y,,,,,,,aisha.sato@examplecorp.test,,Shared the updated proposal for review.,reese.vance@sampleco.test,rahul.costa@examplecorp.test,,100471,,101308,,,,,,,100535,,yara.reyes@sampleco.test,Sofia Kim,Y,Delta Logistics Inc,100726,LOT-1031,101437,Sofia Garcia,100867,,,101479
700553,100191,Resource Care,100083,Quarterly Review,Draft,Aligned on billing and renewal terms.,Y,Y,TAG-4850,drew.mercer@acme-fake.test,2023-11-30 14:48:00,aisha.kim@demomail.test,Riley Cohen,Quinn Blake,Liam Rossi,,REF-8349,,alex.okafor@acme-fake.test,Diego Reyes,liam.ashby@examplecorp.test,,Y,7.7,9.2,2.8,Liam Calder,2023-02-07 14:39:00,6265,9556,Delta,Delta,Other,SKU-4119,6373,7036,Reese Rossi,,,,,9425,6255,Casey Ford,2026-03-09 11:42:00,7740,7583,Alpha,Beta,Other,,,3074,,,,,8003,7408,951,Y,,,,Delta,Followed up on the open items from last week.,,drew.whitfield@examplecorp.test,,Resolved the outstanding question about scope.,quinn.ivanov@acme-fake.test,riley.mensah@acme-fake.test,,100559,,101598,,100109,,,101553,,100028,,reese.patel@acme-fake.test,Arjun Ford,N,Everest Solutions Ltd,100263,TAG-2683,101051,,101252,,,101308
700554,100457,Resource Care,100077,Quarterly Review,Final,Noted a concern to revisit at the next sync.,Y,Y,TAG-7383,skyler.calder@acme-fake.test,2025-06-15 14:21:00,mei.reyes@acme-fake.test,Reese Nguyen,Elena Rossi,Rowan Patel,,,Reese Silva,taylor.dorsey@sampleco.test,Nina Whitfield,alex.dorsey@examplecorp.test,Rowan Nguyen,N,6.4,7.1,8.7,Diego Dorsey,2023-04-14 00:58:00,3651,8390,Beta,Other,Alpha,SKU-9206,1986,588,Morgan Patel,,,,,7889,5586,Diego Nguyen,2023-05-02 22:05:00,9228,,Delta,Other,Beta,Standard,Avery Calder,5840,,,,,2416,1147,5721,N,,,,Beta,Shared the updated proposal for review.,,avery.mensah@sampleco.test,,Resolved the outstanding question about scope.,jordan.rossi@demomail.test,arjun.sato@demomail.test,,100236,,101312,,100231,,,,,,,alex.blake@sampleco.test,Riley Sato,Y,Blue Ridge Group Inc,100604,SKU-1715,101518,Skyler Calder,101009,,,100853
700555,100405,Resource Care,100745,Quarterly Review,Final,Reviewed performance and gathered feedback.,Y,Y,TAG-8330,arjun.ivanov@demomail.test,2025-08-08 10:16:00,skyler.cohen@demomail.test,Jamie Ivanov,Liam Okafor,Alex Sato,,REF-9474,Quinn Silva,avery.dorsey@examplecorp.test,Alex Nguyen,quinn.calder@sampleco.test,Skyler Mensah,Y,5.8,3.4,8.4,Quinn Reyes,2023-06-27 09:23:00,472,8907,Alpha,Delta,Alpha,SKU-2109,761,9497,Avery Brooks,,,,,6096,1174,Morgan Reyes,2024-05-15 12:44:00,6106,7536,Delta,Gamma,Other,Gamma,Morgan Haddad,9208,,,,,5917,4860,2684,N,,,,Alpha,,,elena.whitfield@demomail.test,,Shared the updated proposal for review.,taylor.ashby@acme-fake.test,alex.silva@acme-fake.test,,100403,,101057,,100451,,,,,,,jordan.silva@sampleco.test,,N,,100476,TAG-7815,101246,Nina Calder,101523,Alpha,REF-4251,101427
700556,100498,Resource Care,100256,Quarterly Review,Final,Shared the updated proposal for review.,N,Y,TAG-9475,fatima.larsson@acme-fake.test,2024-08-07 12:20:00,quinn.reyes@sampleco.test,Casey Dorsey,Marco Dorsey,Sofia Haddad,,,,casey.mensah@examplecorp.test,,omar.rossi@demomail.test,Riley Mercer,N,4.2,2.2,2.8,Priya Blake,2026-01-13 15:08:00,1979,8414,Standard,Standard,Alpha,TAG-3770,6674,4389,Riley Okafor,,,,,1099,6798,Yara Patel,2023-12-01 22:01:00,7925,8102,Standard,Gamma,Delta,Alpha,Elena Patel,4179,,,,,2454,4300,3603,N,,,,Delta,Shared the updated proposal for review.,,mei.ivanov@sampleco.test,,Scheduled a check-in for the coming month.,skyler.ivanov@acme-fake.test,liam.dorsey@demomail.test,,100550,,101548,,,,,101095,,100112,,jordan.cohen@demomail.test,Aisha Garcia,Y,Granite Networks LLC,100616,LOT-5210,101401,Skyler Ford,101349,,,101252
700557,100286,Customer Management,100717,Wellness Check-In,Draft,Discussed timeline and next steps with the account.,Y,N,REF-1795,yara.brooks@demomail.test,2023-02-21 12:08:00,omar.okafor@acme-fake.test,Sofia Vance,Reese Vance,Omar Garcia,,TAG-5420,Jordan Reyes,nina.silva@demomail.test,Skyler Larsson,marco.okafor@demomail.test,Arjun Vance,N,2.2,6.2,2.3,Alex Ford,2026-03-04 06:26:00,5858,8328,Beta,Gamma,Beta,SKU-1936,6213,3197,Aisha Mensah,,,,,4435,3644,,2024-08-15 14:02:00,283,9738,Delta,,Gamma,,Priya Haddad,179,,,,,3188,2435,5776,N,,,,Standard,,,avery.whitfield@examplecorp.test,,Reviewed performance and gathered feedback.,liam.sloan@sampleco.test,liam.blake@acme-fake.test,,100096,,101246,,100540,,,,,,,mei.ivanov@examplecorp.test,Casey Vance,Y,Beacon Dynamics Group,100714,TAG-7143,101062,Taylor Okafor,101215,,,101017
700558,100242,Resource Care,100509,Quarterly Review,Final,Resolved the outstanding question about scope.,N,Y,REF-1137,sofia.kim@sampleco.test,2023-09-08 10:57:00,riley.dorsey@acme-fake.test,Fatima Vance,Alex Calder,,,SKU-7480,Mei Sloan,reese.nguyen@sampleco.test,,noah.dorsey@demomail.test,Fatima Calder,Y,6.2,3.7,4.4,Skyler Sloan,2022-12-11 01:38:00,2897,2453,Standard,Delta,Gamma,TAG-5931,1638,5547,Emerson Larsson,,,,,3223,3604,Mei Dorsey,2023-08-21 06:35:00,4500,,Other,Alpha,,Delta,Omar Nguyen,3,,,,,3688,411,4035,N,,,Standard,Alpha,Aligned on billing and renewal terms.,,sofia.sato@acme-fake.test,,Resolved the outstanding question about scope.,jordan.silva@acme-fake.test,arjun.mensah@sampleco.test,,100319,,,,100322,,,101689,,,,riley.dorsey@sampleco.test,Emerson Costa,Y,Atlas Retail Group,100730,SKU-8950,101210,Reese Mercer,101177,,,101097
700559,100335,Customer Management,100458,Quarterly Review,Final,Discussed timeline and next steps with the account.,N,N,SKU-9954,rowan.ashby@sampleco.test,2022-12-17 04:51:00,riley.rossi@examplecorp.test,Jordan Cohen,Nina Blake,Mei Calder,,SKU-7601,Drew Rossi,liam.nguyen@examplecorp.test,Emerson Reyes,quinn.garcia@examplecorp.test,Mei Reyes,Y,10.0,4.9,7.8,Rahul Garcia,2023-11-29 13:58:00,9669,5251,Other,Beta,Delta,SKU-3880,4741,1980,Elena Cohen,,,,,4244,1919,Liam Haddad,2023-08-08 11:21:00,2399,9284,Beta,Delta,Alpha,Alpha,Quinn Cohen,2003,,,,,5198,176,6303,Y,,Delta,,Delta,Scheduled a check-in for the coming month.,,avery.patel@acme-fake.test,,Shared the updated proposal for review.,mei.kim@sampleco.test,chen.garcia@sampleco.test,,100558,,101548,,100608,,,101630,,100278,,arjun.rossi@acme-fake.test,Drew Sloan,N,Summit Solutions Ltd,100448,TAG-9116,101652,Avery Ivanov,101313,,,101313
700560,100469,Resource Care,100420,Quarterly Review,Final,Reviewed performance and gathered feedback.,Y,Y,TAG-5017,jamie.rossi@acme-fake.test,2025-04-11 04:07:00,aisha.ivanov@demomail.test,Elena Cohen,Riley Reyes,Avery Larsson,,,Rahul Sloan,fatima.rossi@demomail.test,Fatima Rossi,arjun.whitfield@examplecorp.test,Yara Cohen,N,9.6,8.7,9.4,Fatima Cohen,2025-12-13 00:37:00,2694,398,Alpha,Other,Other,LOT-7761,4424,328,Sofia Reyes,,,,,4283,9007,Quinn Sato,2024-08-08 16:17:00,5561,8079,Standard,Other,Other,Other,Riley Vance,3737,,,,,7509,5503,756,Y,,,,Alpha,Shared the updated proposal for review.,,avery.patel@sampleco.test,,Discussed timeline and next steps with the account.,yara.rossi@demomail.test,jamie.dorsey@demomail.test,,100378,,,,100345,,,100819,,100686,,skyler.patel@demomail.test,Reese Patel,N,Granite Energy Corp,100529,REF-1293,100896,,101231,,,101730
700561,100700,Resource Care,100089,Wellness Check-In,Final,Aligned on billing and renewal terms.,Y,N,REF-3365,fatima.okafor@acme-fake.test,2024-12-18 06:49:00,rowan.cohen@sampleco.test,Arjun Kim,Skyler Okafor,Avery Silva,,REF-5506,Mei Mercer,yara.okafor@demomail.test,Noah Whitfield,noah.calder@sampleco.test,Elena Reyes,N,4.6,2.3,9.4,Alex Brooks,2024-11-04 14:06:00,706,4725,Delta,Delta,Standard,SKU-7087,1676,2380,Morgan Silva,,,,,7014,6299,Alex Silva,2023-04-30 19:52:00,3529,6873,,Delta,Other,,Aisha Silva,4569,,,,,9050,606,3985,Y,,,,Other,Reviewed performance and gathered feedback.,,yara.rossi@demomail.test,,Aligned on billing and renewal terms.,elena.reyes@acme-fake.test,jamie.sato@acme-fake.test,,100619,,,,,,,100813,,,,emerson.nguyen@demomail.test,,N,Horizon Solutions Inc,100204,REF-9326,101153,Casey Kim,101210,,,101447
700562,100226,Customer Management,100246,Customer Success Check-In,Draft,Reviewed performance and gathered feedback.,Y,N,LOT-4746,quinn.okafor@examplecorp.test,2022-10-15 03:00:00,avery.garcia@examplecorp.test,Arjun Silva,Alex Cohen,Emerson Dorsey,,SKU-6694,Mei Patel,elena.haddad@demomail.test,,avery.mensah@sampleco.test,,Y,6.5,8.3,7.2,Aisha Haddad,2023-09-10 12:55:00,1884,6737,Standard,Other,Other,REF-9966,4901,7189,Avery Costa,,,,,6228,6444,,2025-04-03 07:52:00,,4368,Other,Alpha,Standard,Standard,Nina Mensah,26,,,,,9010,9966,6503,N,,,,Alpha,,,aisha.vance@demomail.test,,Shared the updated proposal for review.,alex.brooks@demomail.test,arjun.nguyen@acme-fake.test,,100362,,,,,,,101023,,,,skyler.rossi@sampleco.test,Rahul Rossi,N,Ironwood Financial LLC,100009,SKU-9614,101429,Rahul Costa,101418,,REF-3596,101299
700563,100215,Customer Management,100570,Customer Success Check-In,Final,Followed up on the open items from last week.,N,Y,LOT-3417,emerson.ivanov@acme-fake.test,2025-03-26 07:53:00,casey.nguyen@acme-fake.test,Drew Okafor,Aisha Kim,Marco Mensah,,TAG-8165,Jamie Blake,elena.mercer@examplecorp.test,Noah Whitfield,noah.silva@sampleco.test,Priya Larsson,N,7.2,4.0,7.3,Rowan Kim,2026-07-12 15:45:00,9298,4461,Standard,Beta,Delta,LOT-5343,979,8193,Jamie Blake,,,,,7148,8194,Diego Mensah,2026-05-11 08:11:00,9279,1936,Other,Delta,Gamma,Alpha,Nina Sloan,7496,,,,,6511,7723,7473,N,,,,Gamma,,,taylor.cohen@acme-fake.test,,Scheduled a check-in for the coming month.,arjun.nguyen@demomail.test,omar.rossi@sampleco.test,,100217,,100884,,100273,,,,,100016,,drew.cohen@sampleco.test,Diego Haddad,N,Summit Logistics Inc,100786,LOT-8192,101134,Omar Brooks,101138,,,101450
700564,100407,Customer Management,100540,Customer Success Check-In,Final,Followed up on the open items from last week.,N,N,TAG-7809,quinn.brooks@demomail.test,2025-03-11 23:05:00,marco.rossi@examplecorp.test,Jordan Cohen,Skyler Vance,,,,Chen Silva,arjun.sato@acme-fake.test,Jamie Mercer,arjun.haddad@examplecorp.test,Nina Ivanov,N,1.7,4.2,7.7,Chen Reyes,2025-07-09 14:56:00,179,2935,Standard,Gamma,Alpha,LOT-1104,4844,9031,Taylor Okafor,,,,,5674,4196,Chen Whitfield,2023-06-10 22:32:00,3325,729,Gamma,Standard,Other,Alpha,Reese Ashby,6086,,,,,596,6522,5201,N,,,,Other,Shared the updated proposal for review.,Skyler Cohen,sofia.blake@demomail.test,,Aligned on billing and renewal terms.,taylor.cohen@examplecorp.test,sofia.garcia@examplecorp.test,,100232,,101595,,,,,101335,,,,rahul.nguyen@sampleco.test,Rahul Ashby,N,Silverline Robotics LLP,100660,LOT-2646,101029,Aisha Brooks,101238,,,101161
700565,100512,Resource Care,100420,Wellness Check-In,Final,Followed up on the open items from last week.,N,N,LOT-2272,chen.haddad@sampleco.test,2024-09-18 17:18:00,mei.brooks@examplecorp.test,Chen Calder,Riley Ashby,,,REF-4947,Casey Silva,diego.mensah@demomail.test,Liam Dorsey,sofia.nguyen@acme-fake.test,Priya Nguyen,Y,9.0,3.6,4.3,Quinn Cohen,2024-02-28 13:25:00,4366,6247,Other,Beta,Delta,SKU-7643,8823,2910,Rowan Whitfield,,,,,6453,7111,Fatima Blake,2025-03-14 23:11:00,2043,7833,Delta,Beta,Alpha,Delta,Mei Dorsey,6710,,,,,9209,7861,2866,N,,,,Beta,Scheduled a check-in for the coming month.,,drew.nguyen@sampleco.test,,Followed up on the open items from last week.,diego.mensah@demomail.test,nina.brooks@acme-fake.test,,100042,,100819,,100683,,,,,100787,,morgan.okafor@examplecorp.test,Casey Ivanov,N,Beacon Labs Group,100665,TAG-4871,101510,Jordan Mensah,101461,,,101469
700566,100654,Customer Management,100201,Wellness Check-In,Final,Aligned on billing and renewal terms.,Y,N,REF-1818,emerson.silva@examplecorp.test,2023-09-27 10:50:00,elena.mercer@acme-fake.test,Jordan Haddad,Drew Sato,Nina Reyes,,TAG-5528,,casey.mercer@demomail.test,,rahul.mensah@acme-fake.test,Diego Brooks,Y,4.9,2.8,7.8,Riley Ford,2023-09-28 00:28:00,9816,510,Gamma,Alpha,Gamma,TAG-8028,2345,2398,Yara Garcia,,,,,7129,3420,Fatima Blake,2023-01-25 19:16:00,4372,1658,Other,Beta,Delta,Standard,Rahul Okafor,8119,,,,,3843,6534,7436,Y,,,,Standard,Followed up on the open items from last week.,,alex.calder@acme-fake.test,,Resolved the outstanding question about scope.,casey.patel@sampleco.test,omar.rossi@sampleco.test,,100172,,100932,,,,,,,100590,,jordan.mercer@acme-fake.test,Elena Nguyen,N,Vertex Dynamics,100264,SKU-4520,100936,Rowan Whitfield,101395,,,101225
700567,100009,Resource Care,100434,Quarterly Review,Final,Discussed timeline and next steps with the account.,N,Y,TAG-6956,reese.ford@acme-fake.test,2026-07-21 13:35:00,diego.reyes@acme-fake.test,Marco Okafor,Rahul Ford,,,LOT-1489,Riley Kim,diego.ashby@acme-fake.test,Liam Mensah,taylor.patel@sampleco.test,,Y,2.0,8.8,7.5,Priya Ashby,2026-06-09 22:16:00,1207,5071,Other,Alpha,Gamma,REF-1805,2186,7322,Morgan Cohen,,,,,4039,3184,Rowan Calder,2026-01-22 01:09:00,7980,6796,Alpha,Alpha,Gamma,Other,Yara Ford,,,,,,1063,6204,7252,Y,,,,Delta,,,fatima.haddad@acme-fake.test,,Scheduled a check-in for the coming month.,drew.whitfield@acme-fake.test,yara.patel@sampleco.test,,100775,,,,,,,101571,,100305,,fatima.whitfield@examplecorp.test,Riley Cohen,Y,Beacon Group LLC,100678,TAG-5480,101440,Emerson Ashby,101592,,,101625
700568,100133,Resource Care,100590,Quarterly Review,Final,Aligned on billing and renewal terms.,Y,Y,REF-5776,jordan.garcia@sampleco.test,2023-02-15 14:56:00,rowan.brooks@sampleco.test,Skyler Dorsey,Casey Cohen,Riley Mensah,,,,rowan.whitfield@demomail.test,Fatima Whitfield,liam.ivanov@demomail.test,,N,7.3,7.2,6.4,Morgan Mercer,2023-09-14 19:37:00,1232,6419,Alpha,Alpha,Beta,REF-6839,2163,3065,Quinn Ashby,,,,,1335,9621,Casey Silva,2024-02-08 17:23:00,1938,4801,,Beta,Alpha,Standard,Liam Sloan,6954,,,,,,4336,9185,Y,LOT-8820,,,Beta,Scheduled a check-in for the coming month.,,drew.kim@sampleco.test,,Reviewed performance and gathered feedback.,avery.brooks@sampleco.test,quinn.ford@sampleco.test,,100157,,101014,,,,,,,100264,,noah.vance@demomail.test,Noah Brooks,Y,Blue Ridge Holdings Ltd,100168,REF-9296,101655,Chen Vance,101497,,,101137
700569,100155,Customer Management,100183,Wellness Check-In,Final,Shared the updated proposal for review.,N,Y,SKU-2748,reese.costa@demomail.test,2024-04-04 00:28:00,jordan.garcia@sampleco.test,Priya Sato,Reese Nguyen,Riley Dorsey,,,,elena.dorsey@examplecorp.test,Jordan Larsson,elena.kim@acme-fake.test,Fatima Kim,N,4.4,2.8,9.0,Reese Mercer,2025-12-31 23:31:00,879,265,Standard,Other,Gamma,TAG-9156,9912,7203,Drew Vance,,,,,4751,859,Rahul Dorsey,2026-01-02 04:49:00,904,3740,Standard,Gamma,Delta,Standard,Noah Larsson,3640,,,,,416,4239,,N,,,,Beta,Resolved the outstanding question about scope.,,aisha.patel@examplecorp.test,,Resolved the outstanding question about scope.,alex.mensah@demomail.test,rowan.rossi@sampleco.test,,100785,,,,100724,,,101086,,100260,,aisha.haddad@examplecorp.test,,Y,Evergreen Networks Inc,100548,REF-1173,100882,Drew Cohen,101014,,,101567
700570,100178,Resource Care,100165,Wellness Check-In,Final,Reviewed performance and gathered feedback.,Y,N,REF-6693,rowan.rossi@sampleco.test,2026-06-14 17:53:00,reese.costa@acme-fake.test,Priya Mensah,Emerson Kim,Riley Calder,,,Diego Ford,fatima.dorsey@examplecorp.test,Yara Sato,arjun.rossi@examplecorp.test,,N,9.1,4.9,9.5,Rahul Okafor,2025-10-30 16:04:00,8028,9939,Alpha,Beta,Delta,LOT-2263,1781,5374,Quinn Blake,,,,,1119,6973,Mei Silva,2023-11-06 13:34:00,7198,9197,Beta,Standard,Alpha,Gamma,Skyler Costa,2888,,,,,8741,6289,167,N,,,Standard,Delta,Noted a concern to revisit at the next sync.,,morgan.whitfield@sampleco.test,,Shared the updated proposal for review.,aisha.okafor@sampleco.test,jamie.garcia@sampleco.test,,100714,,,,,,,,,100401,,aisha.vance@examplecorp.test,Jordan Mensah,N,Atlas Solutions Group,100632,LOT-3513,101151,Morgan Ivanov,101205,,,101102
700571,100688,Customer Management,100386,Wellness Check-In,Draft,Noted a concern to revisit at the next sync.,N,Y,REF-4157,casey.rossi@acme-fake.test,2024-10-28 03:22:00,yara.sato@acme-fake.test,Skyler Ashby,Arjun Sato,Jordan Nguyen,,LOT-9298,Elena Costa,liam.whitfield@acme-fake.test,,casey.mensah@examplecorp.test,Avery Rossi,Y,8.5,3.1,6.5,Elena Whitfield,2025-04-08 00:37:00,3099,2072,Alpha,Other,Beta,SKU-3441,3194,1161,Morgan Ford,,,,,9487,3232,Aisha Garcia,2025-12-23 05:28:00,4898,5932,Gamma,Beta,Standard,Gamma,Rowan Dorsey,8020,,,,,5141,,8025,Y,,,,Delta,Followed up on the open items from last week.,,arjun.patel@acme-fake.test,,Discussed timeline and next steps with the account.,skyler.ivanov@sampleco.test,reese.cohen@demomail.test,,100033,,101262,,100340,,,100850,,,,arjun.kim@acme-fake.test,Alex Whitfield,Y,Copper Manufacturing Inc,100246,SKU-6146,101501,Rowan Cohen,101445,,SKU-4680,101197
700572,100387,Customer Management,100047,Quarterly Review,Final,Noted a concern to revisit at the next sync.,N,N,SKU-8882,noah.mercer@demomail.test,2024-05-28 03:50:00,noah.haddad@demomail.test,Sofia Nguyen,Jamie Vance,Taylor Kim,,TAG-5039,Noah Haddad,riley.sato@demomail.test,Diego Kim,liam.vance@sampleco.test,,Y,5.6,9.1,1.8,Quinn Silva,2023-05-20 06:57:00,8699,2411,Other,Gamma,Alpha,REF-1780,8987,3205,Priya Calder,,,,,5834,2955,Aisha Brooks,2022-12-21 07:40:00,4263,8433,Standard,Gamma,Delta,Delta,Rowan Ashby,7278,,,,,776,3125,9205,Y,,,Delta,Other,Scheduled a check-in for the coming month.,,aisha.garcia@demomail.test,,Resolved the outstanding question about scope.,casey.cohen@sampleco.test,sofia.ivanov@acme-fake.test,,100613,,101407,,100340,,,,,,,skyler.larsson@acme-fake.test,Morgan Blake,Y,Falcon Holdings Corp,100490,SKU-7604,101344,Casey Whitfield,101501,,,101694
700573,100211,Customer Management,100751,Customer Success Check-In,Final,Discussed timeline and next steps with the account.,Y,Y,LOT-7101,aisha.okafor@examplecorp.test,2023-04-09 20:27:00,priya.kim@sampleco.test,Quinn Larsson,Fatima Mensah,Elena Sato,,REF-1876,,skyler.silva@sampleco.test,Alex Costa,mei.rossi@demomail.test,Noah Dorsey,Y,3.5,7.4,5.8,Taylor Larsson,2024-09-02 02:28:00,1023,5241,Standard,Other,Standard,SKU-3863,4032,9101,Casey Calder,,,,,7787,3327,,2023-09-14 07:59:00,3666,,Beta,Gamma,Delta,Beta,Nina Haddad,379,,,,,9917,8897,5160,N,,,Other,Alpha,Resolved the outstanding question about scope.,,drew.brooks@sampleco.test,,Resolved the outstanding question about scope.,jordan.ivanov@acme-fake.test,jordan.mensah@sampleco.test,,100759,,101606,,100425,,,,,100214,,mei.costa@examplecorp.test,Elena Silva,N,Everest Health LLP,100174,REF-7188,101340,Rahul Cohen,101009,,,101682
700574,100559,Resource Care,100169,Wellness Check-In,Final,Shared the updated proposal for review.,N,N,SKU-6202,noah.reyes@examplecorp.test,2025-04-05 06:26:00,sofia.blake@examplecorp.test,Rahul Ford,Rowan Blake,,,TAG-2914,Emerson Blake,sofia.larsson@demomail.test,,casey.blake@demomail.test,Noah Okafor,N,8.4,7.4,3.9,Noah Ashby,2023-01-09 22:58:00,5624,78,Standard,Other,Gamma,LOT-1211,3523,5598,Jordan Costa,,,,,9109,2760,Chen Sato,2025-06-11 11:52:00,9053,,Beta,Beta,Delta,,Rowan Brooks,4989,,,,,9052,4852,788,N,,,,Gamma,Scheduled a check-in for the coming month.,,arjun.silva@examplecorp.test,,Noted a concern to revisit at the next sync.,fatima.patel@examplecorp.test,jamie.ashby@examplecorp.test,,100640,,100947,,100009,,,101289,,100415,,yara.vance@acme-fake.test,,N,Blue Ridge Retail Group,100073,LOT-7349,101633,Nina Dorsey,101748,,,101605
700575,100686,Resource Care,100165,Customer Success Check-In,Final,Resolved the outstanding question about scope.,N,N,TAG-9687,jamie.ashby@sampleco.test,2025-06-07 09:16:00,chen.brooks@sampleco.test,Yara Garcia,Alex Ashby,Riley Dorsey,,LOT-7410,,casey.brooks@demomail.test,Sofia Silva,omar.whitfield@acme-fake.test,,N,3.8,8.5,4.4,Morgan Nguyen,2025-02-23 14:51:00,5430,5364,Gamma,Beta,Gamma,REF-9973,5894,2768,Skyler Okafor,,,,,4288,3414,Drew Okafor,2023-03-27 09:02:00,4251,5349,Alpha,Other,Gamma,Other,Mei Sloan,5464,,,,,7337,6120,955,N,,Alpha,,,Shared the updated proposal for review.,,aisha.reyes@acme-fake.test,,Noted a concern to revisit at the next sync.,quinn.kim@demomail.test,nina.ashby@examplecorp.test,,100300,,101559,,100710,,,101746,,100672,,priya.cohen@examplecorp.test,Jamie Larsson,N,Keystone Foods Co,100493,LOT-2546,101344,Jordan Garcia,100947,,SKU-7883,101790
700576,100366,Resource Care,100221,Customer Success Check-In,Final,Reviewed performance and gathered feedback.,Y,Y,REF-6405,fatima.mercer@examplecorp.test,2023-04-12 01:11:00,reese.garcia@acme-fake.test,Omar Haddad,Drew Mensah,Marco Dorsey,,,Taylor Vance,quinn.whitfield@sampleco.test,Omar Patel,yara.vance@acme-fake.test,Jamie Ivanov,N,2.7,7.8,9.5,Taylor Silva,2023-08-03 02:59:00,2039,1590,Beta,Other,Delta,REF-4056,446,8344,Elena Blake,,,,,3305,3387,Elena Okafor,2024-01-15 10:43:00,1488,2150,Alpha,Other,Beta,Alpha,Aisha Blake,9231,,,,,2260,8798,1020,Y,,,,Other,Resolved the outstanding question about scope.,,casey.brooks@sampleco.test,,Resolved the outstanding question about scope.,morgan.ashby@demomail.test,alex.sato@sampleco.test,,100257,,101317,,,,,,,,,jamie.blake@demomail.test,Marco Okafor,Y,Granite Manufacturing,100165,REF-1139,101032,Avery Brooks,101781,,,101129
700577,100295,Customer Management,100340,Quarterly Review,Final,Followed up on the open items from last week.,N,Y,LOT-2921,aisha.garcia@demomail.test,2026-04-05 05:52:00,noah.rossi@sampleco.test,Fatima Kim,Emerson Blake,Taylor Vance,,,,riley.cohen@examplecorp.test,Jamie Okafor,emerson.reyes@acme-fake.test,Omar Haddad,N,1.7,4.9,8.4,Marco Rossi,2025-07-12 09:03:00,9005,5227,Standard,Other,Gamma,SKU-1281,9296,5348,Omar Ford,,,,,6527,2381,,2023-02-19 20:03:00,925,,Delta,Alpha,Beta,Beta,Omar Costa,6278,,,,,7455,6893,8830,N,,,,Alpha,Reviewed performance and gathered feedback.,,aisha.sato@sampleco.test,,Resolved the outstanding question about scope.,morgan.dorsey@sampleco.test,omar.brooks@examplecorp.test,,100624,,101105,,100770,,,101790,,100062,,liam.calder@examplecorp.test,,Y,Copper Labs Ltd,100700,SKU-9656,101534,Priya Ford,101700,,,101466
700578,100147,Customer Management,100040,Quarterly Review,Final,Scheduled a check-in for the coming month.,N,N,LOT-4144,marco.larsson@acme-fake.test,2023-03-15 18:31:00,noah.ashby@demomail.test,Sofia Larsson,Casey Garcia,Liam Patel,,,Riley Blake,rahul.sloan@sampleco.test,Sofia Ivanov,rowan.nguyen@demomail.test,,Y,2.4,9.4,3.6,Aisha Patel,2025-02-13 20:56:00,7504,9548,Delta,Delta,Gamma,TAG-3633,6197,5625,Casey Sato,,,,,4705,959,Reese Nguyen,2024-08-29 12:59:00,6119,1018,,Other,Standard,Alpha,Noah Garcia,5570,,,,,2843,1120,6463,Y,,,Gamma,,Discussed timeline and next steps with the account.,,omar.patel@examplecorp.test,,Noted a concern to revisit at the next sync.,alex.sato@demomail.test,mei.ashby@demomail.test,,100585,,101125,,100096,,,101210,,,,nina.haddad@demomail.test,Arjun Mercer,Y,Summit Solutions LLC,100046,TAG-3293,101760,Arjun Larsson,101590,,,101070
700579,100185,Resource Care,100784,Wellness Check-In,Final,Discussed timeline and next steps with the account.,Y,N,TAG-7032,fatima.ivanov@demomail.test,2023-08-11 15:33:00,avery.kim@acme-fake.test,Emerson Silva,Sofia Blake,,Alpha,REF-5031,Taylor Rossi,diego.patel@demomail.test,Emerson Nguyen,chen.vance@sampleco.test,Jamie Garcia,N,1.7,1.1,1.1,Nina Mensah,2023-03-16 08:15:00,9967,5904,Delta,Standard,Beta,SKU-8333,5454,7745,Avery Ford,,,,,4672,4415,Mei Silva,2024-09-21 23:02:00,4990,9387,Gamma,Delta,Beta,Alpha,Liam Brooks,7870,,,,,,7310,3463,Y,,,Gamma,Other,Scheduled a check-in for the coming month.,,diego.ashby@sampleco.test,,Scheduled a check-in for the coming month.,omar.garcia@acme-fake.test,priya.blake@sampleco.test,,100217,,100887,,100137,,,,,100035,,drew.blake@demomail.test,Mei Brooks,Y,Keystone Analytics Inc,100182,TAG-3496,101666,Emerson Ford,101778,,,101004
700580,100300,Resource Care,100669,Quarterly Review,Final,Followed up on the open items from last week.,Y,Y,REF-9655,chen.sato@examplecorp.test,2026-01-18 10:44:00,sofia.dorsey@demomail.test,Alex Mercer,Taylor Mensah,Jordan Sloan,,LOT-3125,,omar.nguyen@acme-fake.test,,aisha.haddad@demomail.test,,Y,6.6,2.6,1.3,Avery Ivanov,2026-07-01 13:36:00,5018,257,Delta,Standard,Alpha,SKU-5476,4428,3058,Riley Cohen,,,,,3704,8016,Jordan Sato,2026-06-10 05:56:00,6825,8180,Gamma,,Standard,Other,Drew Ivanov,5810,,,,,6712,8545,1485,Y,,Delta,,,Resolved the outstanding question about scope.,,sofia.ivanov@examplecorp.test,,Aligned on billing and renewal terms.,alex.vance@acme-fake.test,taylor.rossi@examplecorp.test,,100149,,,,100040,,,100805,,,,sofia.kim@examplecorp.test,Drew Dorsey,N,Falcon Systems LLC,100220,REF-6905,101246,Sofia Nguyen,100853,,,100915
700581,100077,Resource Care,100345,Quarterly Review,Final,Followed up on the open items from last week.,Y,N,LOT-4348,aisha.ashby@demomail.test,2026-06-14 09:14:00,chen.rossi@examplecorp.test,Yara Vance,Chen Costa,Rowan Ford,,,Alex Brooks,emerson.cohen@examplecorp.test,Jamie Silva,rahul.costa@acme-fake.test,,N,8.4,2.8,9.7,Arjun Larsson,2025-01-15 10:52:00,3433,1411,Alpha,Standard,Beta,SKU-1145,1144,9034,Jordan Kim,,,,,9954,4155,Arjun Garcia,2024-04-10 10:06:00,2305,4516,Beta,Beta,Delta,Other,Morgan Ford,8945,,,,,4771,8976,4043,Y,,,Beta,Delta,Noted a concern to revisit at the next sync.,,mei.dorsey@acme-fake.test,,Shared the updated proposal for review.,quinn.calder@examplecorp.test,avery.calder@sampleco.test,,100134,,,,100058,,,,,100552,,chen.okafor@demomail.test,Priya Garcia,N,Silverline Ventures LLP,100721,LOT-7424,101021,Quinn Ashby,100815,,,101552
700582,100295,Resource Care,100507,Wellness Check-In,Final,Followed up on the open items from last week.,N,Y,LOT-7185,omar.reyes@sampleco.test,2023-03-10 14:42:00,alex.okafor@acme-fake.test,Sofia Larsson,Priya Rossi,,Other,,Noah Haddad,mei.kim@demomail.test,Noah Mercer,taylor.dorsey@sampleco.test,Priya Sato,N,7.8,2.6,7.6,Elena Ford,2025-04-23 13:13:00,4919,9031,Other,Gamma,Other,REF-9998,9049,7452,Reese Kim,,,,,5129,9746,Jamie Patel,2023-10-08 16:09:00,490,3125,Standard,Beta,Delta,Other,Rahul Garcia,4456,,,,,3781,5535,3384,N,,,,Beta,Scheduled a check-in for the coming month.,,elena.vance@sampleco.test,,Shared the updated proposal for review.,chen.nguyen@examplecorp.test,rahul.ford@demomail.test,,100355,,101664,,,,,101140,,100269,,reese.sato@demomail.test,Liam Nguyen,N,Cardinal Networks Inc,100106,LOT-5857,101501,Morgan Mensah,101076,,,101137
700583,100613,Resource Care,100196,Customer Success Check-In,Final,Reviewed performance and gathered feedback.,Y,Y,SKU-2265,avery.ashby@acme-fake.test,2025-11-12 17:35:00,jamie.silva@sampleco.test,Elena Vance,Fatima Garcia,Jordan Calder,,TAG-6147,Avery Costa,emerson.ashby@examplecorp.test,Yara Ivanov,quinn.silva@demomail.test,,N,3.5,6.4,8.3,Rowan Mercer,2026-06-09 14:17:00,7235,8089,Alpha,Beta,Delta,TAG-8756,9697,8452,Reese Mensah,,,,,2676,8958,,2023-05-13 01:18:00,3942,9015,Beta,Beta,Gamma,Standard,Fatima Ford,7968,,,,,4267,,6426,N,,,,Beta,Noted a concern to revisit at the next sync.,,priya.garcia@demomail.test,,Followed up on the open items from last week.,avery.mensah@demomail.test,fatima.costa@examplecorp.test,,100311,,,,100761,,,101414,,100675,,jamie.okafor@examplecorp.test,Riley Costa,Y,Granite Systems Group,100022,SKU-8389,101176,Mei Nguyen,100908,,,101690
700584,100434,Resource Care,100188,Wellness Check-In,Final,Aligned on billing and renewal terms.,N,N,REF-8587,reese.mensah@acme-fake.test,2025-08-28 01:38:00,diego.sloan@acme-fake.test,Diego Larsson,Rowan Kim,Fatima Dorsey,,TAG-3177,,emerson.silva@sampleco.test,,avery.ivanov@acme-fake.test,Alex Brooks,Y,7.4,1.5,9.1,Riley Nguyen,2023-07-07 01:28:00,5977,5514,Standard,Beta,Standard,REF-6411,6761,8888,Liam Cohen,,,,,940,954,,2023-12-24 14:11:00,9157,1936,Alpha,Standard,Alpha,Other,Jordan Patel,,,,,,1811,8140,4889,N,,,,Other,Noted a concern to revisit at the next sync.,,drew.ashby@examplecorp.test,,Followed up on the open items from last week.,rahul.dorsey@acme-fake.test,rahul.okafor@demomail.test,,100185,,,,,,,,,,,rowan.ford@demomail.test,Jordan Rossi,N,Evergreen Retail,100689,SKU-1470,101709,,101758,,SKU-3240,101234
700585,100181,Customer Management,100512,Customer Success Check-In,Final,Reviewed performance and gathered feedback.,N,N,LOT-1614,marco.whitfield@examplecorp.test,2023-03-31 03:16:00,riley.rossi@sampleco.test,Emerson Brooks,Priya Mercer,,,REF-3096,,morgan.sloan@demomail.test,Yara Kim,jamie.vance@acme-fake.test,Priya Kim,N,9.0,8.1,7.0,Taylor Haddad,2024-05-09 22:55:00,6950,6027,Other,Alpha,Standard,SKU-5497,3191,9568,Elena Mensah,,,,,1643,2090,Quinn Larsson,2023-06-20 04:34:00,3638,9341,Standard,,Alpha,Alpha,Marco Vance,8212,,,,,6638,6999,8341,Y,,,,Delta,Scheduled a check-in for the coming month.,,drew.ashby@examplecorp.test,,Shared the updated proposal for review.,nina.reyes@acme-fake.test,mei.silva@examplecorp.test,,100461,,101057,,,,,101545,,100568,,casey.kim@demomail.test,Riley Kim,Y,Summit Partners LLC,100215,TAG-5263,100892,,100856,Standard,,101043
700586,100765,Customer Management,100145,Quarterly Review,Final,Shared the updated proposal for review.,N,N,SKU-8059,jordan.dorsey@acme-fake.test,2024-01-03 20:39:00,reese.mensah@sampleco.test,Arjun Brooks,Yara Silva,Riley Ivanov,,,Riley Cohen,liam.brooks@examplecorp.test,Skyler Sloan,jordan.reyes@demomail.test,Nina Reyes,Y,3.9,5.2,9.8,Alex Blake,2023-02-08 17:46:00,7285,4642,Alpha,Beta,Gamma,LOT-3666,3626,7668,Taylor Mensah,,,,,3903,3755,Diego Patel,2023-07-29 19:00:00,3170,8932,Standard,Beta,Standard,Other,Drew Mensah,4841,,,,,6438,918,9745,N,,,,Delta,Followed up on the open items from last week.,,riley.vance@sampleco.test,,Discussed timeline and next steps with the account.,diego.nguyen@demomail.test,rowan.ashby@demomail.test,,100385,,,,100355,,,,,100732,,avery.dorsey@sampleco.test,Liam Okafor,N,Lakeside Foods Corp,100328,REF-9084,100902,Skyler Kim,101454,,REF-5748,101389
700587,100350,Resource Care,100065,Quarterly Review,Final,Reviewed performance and gathered feedback.,Y,Y,REF-2568,fatima.blake@demomail.test,2023-07-06 02:54:00,fatima.dorsey@sampleco.test,Chen Sloan,Mei Haddad,Aisha Reyes,,LOT-4917,Riley Sato,elena.ivanov@acme-fake.test,,noah.calder@sampleco.test,Yara Rossi,N,2.3,8.2,9.2,Aisha Mensah,2023-01-02 09:55:00,2198,4115,Alpha,Beta,Delta,LOT-8762,228,1110,Liam Reyes,,,,,4561,5493,Fatima Mensah,2023-04-26 13:23:00,2804,6294,Beta,Delta,Other,Other,Aisha Whitfield,6371,,,,,7328,5149,8324,N,,,,,Shared the updated proposal for review.,,avery.reyes@examplecorp.test,,Noted a concern to revisit at the next sync.,alex.okafor@acme-fake.test,rahul.ivanov@examplecorp.test,,100552,,101463,,,,,101739,,100688,,nina.sato@examplecorp.test,Rahul Sloan,Y,Atlas Media Inc,100271,LOT-5025,101289,,101220,,,101322
700588,100471,Customer Management,100079,Quarterly Review,Final,Aligned on billing and renewal terms.,Y,N,REF-5344,quinn.mensah@acme-fake.test,2025-04-14 11:12:00,arjun.ivanov@demomail.test,Mei Mensah,Aisha Silva,Chen Reyes,,SKU-6555,Quinn Dorsey,rowan.mensah@demomail.test,Diego Patel,jamie.costa@examplecorp.test,Elena Kim,N,3.6,6.1,6.8,Reese Blake,2023-12-30 22:49:00,1907,7184,Standard,Delta,Delta,SKU-1639,4534,8029,Rowan Sato,,,,,6104,8452,Jamie Mercer,2024-05-19 06:53:00,1597,6065,Standard,Beta,Delta,Beta,Rowan Blake,8338,,,,,2789,4340,9467,Y,SKU-9549,,,Beta,,,jamie.patel@examplecorp.test,,Scheduled a check-in for the coming month.,mei.nguyen@examplecorp.test,noah.calder@sampleco.test,,100350,,,,100418,,,101778,,,,emerson.nguyen@sampleco.test,Yara Vance,N,Copper Labs LLP,100247,REF-6291,101327,Emerson Sloan,101376,,,101044
700589,100393,Customer Management,100239,Wellness Check-In,Final,Aligned on billing and renewal terms.,N,Y,SKU-5747,aisha.nguyen@sampleco.test,2024-08-19 19:36:00,emerson.dorsey@examplecorp.test,Yara Mercer,Morgan Ivanov,Chen Ford,,LOT-2930,Rahul Brooks,emerson.mercer@acme-fake.test,Avery Ivanov,mei.ivanov@examplecorp.test,Omar Calder,Y,2.8,4.8,1.9,Diego Okafor,2025-11-19 14:34:00,5097,6045,Delta,Other,Delta,LOT-9736,883,3260,Nina Nguyen,,,,,7293,566,Mei Mensah,2025-04-10 18:30:00,2736,6557,Beta,Delta,Delta,Beta,Jordan Haddad,9641,,,,,7831,6916,9469,N,,,,Delta,Noted a concern to revisit at the next sync.,,riley.reyes@demomail.test,,Shared the updated proposal for review.,taylor.dorsey@acme-fake.test,noah.okafor@sampleco.test,,100079,,101308,,100414,,,101095,,100656,,emerson.brooks@acme-fake.test,Aisha Mensah,Y,Silverline Foods,100771,TAG-8392,101153,Rowan Calder,101322,,,101357
700590,100003,Resource Care,100565,Customer Success Check-In,Final,Reviewed performance and gathered feedback.,N,N,TAG-4707,yara.sloan@sampleco.test,2024-06-06 06:40:00,emerson.silva@sampleco.test,Diego Sloan,Chen Blake,Marco Larsson,,,Morgan Rossi,sofia.patel@acme-fake.test,,casey.sloan@sampleco.test,Reese Whitfield,N,4.7,2.6,2.9,Rahul Kim,2023-03-15 15:53:00,4899,8406,Other,Gamma,Other,TAG-6019,1227,7721,Taylor Haddad,,,,,1623,3439,Nina Mercer,2025-01-05 08:37:00,5636,7782,Alpha,Delta,Beta,Beta,Marco Ford,7683,,,,,3051,3177,5760,N,,,,Beta,Followed up on the open items from last week.,,jamie.reyes@sampleco.test,,Followed up on the open items from last week.,chen.mercer@demomail.test,aisha.rossi@sampleco.test,,100375,,101098,,100453,,,,,100315,,quinn.okafor@examplecorp.test,Mei Dorsey,Y,Meridian Textiles Co,100277,TAG-3740,101632,Drew Cohen,101073,Alpha,,101146
700591,100604,Customer Management,100696,Quarterly Review,Final,Discussed timeline and next steps with the account.,N,Y,REF-4682,nina.calder@acme-fake.test,2024-09-08 19:02:00,aisha.dorsey@examplecorp.test,Arjun Dorsey,Quinn Patel,Mei Sloan,,REF-8216,Diego Ford,diego.costa@demomail.test,Yara Garcia,jordan.larsson@demomail.test,Aisha Rossi,N,7.0,8.6,7.7,Diego Okafor,2023-08-26 06:27:00,4979,700,Other,Beta,Alpha,LOT-4608,3073,5482,Jordan Calder,,,,,9512,5178,Chen Mercer,2024-05-12 01:40:00,4684,6535,Other,Beta,Gamma,,Drew Costa,7767,,,,,1552,3207,311,N,,,,Beta,Aligned on billing and renewal terms.,,skyler.ford@acme-fake.test,,Followed up on the open items from last week.,fatima.sloan@sampleco.test,rahul.ivanov@demomail.test,,100217,,101221,,,,,,,,,yara.nguyen@acme-fake.test,,Y,Granite Labs Ltd,100208,REF-8301,101118,,100802,,,101518
700592,100498,Customer Management,100707,Quarterly Review,Final,Aligned on billing and renewal terms.,N,Y,SKU-9708,jamie.mensah@acme-fake.test,2023-03-06 22:16:00,priya.cohen@acme-fake.test,Jamie Silva,Yara Costa,Nina Rossi,,SKU-9439,Diego Cohen,avery.blake@acme-fake.test,,taylor.ivanov@sampleco.test,Taylor Sato,N,3.8,4.6,3.6,Skyler Haddad,2024-03-01 20:21:00,2386,4053,Alpha,Alpha,Beta,SKU-9464,6180,7977,Sofia Ashby,,,,,1085,3007,Elena Sloan,2023-03-11 14:56:00,,5931,Other,Standard,,,Aisha Silva,285,,,,,5992,5912,6061,N,,,,Other,Scheduled a check-in for the coming month.,Rahul Haddad,rowan.larsson@examplecorp.test,,Aligned on billing and renewal terms.,omar.brooks@sampleco.test,rahul.mercer@examplecorp.test,,100156,,101745,,100382,,,100809,,100640,,nina.vance@acme-fake.test,Riley Rossi,N,,100786,SKU-4642,101156,Jamie Mensah,100822,,,100984
700593,100740,Customer Management,100522,Customer Success Check-In,Final,Resolved the outstanding question about scope.,Y,Y,TAG-5310,priya.mensah@examplecorp.test,2024-03-14 01:55:00,yara.reyes@demomail.test,Rahul Sato,Arjun Vance,Diego Calder,,SKU-8881,,rahul.reyes@sampleco.test,Yara Patel,arjun.blake@examplecorp.test,Yara Cohen,N,5.9,5.3,8.3,Liam Haddad,2023-07-27 01:47:00,3941,2408,Standard,Standard,Alpha,LOT-5651,8291,2094,Sofia Garcia,,,,,7868,5780,Sofia Ivanov,2024-04-16 00:32:00,5871,9105,Alpha,Beta,Gamma,Standard,Chen Nguyen,5855,,,,,8499,5362,2306,N,,Standard,,Standard,Shared the updated proposal for review.,,casey.dorsey@acme-fake.test,,Noted a concern to revisit at the next sync.,omar.ivanov@examplecorp.test,jamie.vance@sampleco.test,,100137,,101669,,,,,101496,,,,morgan.kim@demomail.test,Alex Ivanov,Y,Brightpath Networks Ltd,100339,REF-6513,101771,,101289,,,101312
700594,100257,Resource Care,100601,Quarterly Review,Final,Discussed timeline and next steps with the account.,N,N,SKU-4631,fatima.calder@examplecorp.test,2023-10-13 08:55:00,jordan.sato@demomail.test,Aisha Vance,Alex Ford,Fatima Cohen,,LOT-2115,Emerson Vance,alex.dorsey@acme-fake.test,,morgan.reyes@sampleco.test,,N,5.5,1.1,4.7,Fatima Blake,2025-10-19 06:15:00,4606,298,Gamma,Alpha,Gamma,TAG-1894,1806,9656,Omar Brooks,,,,,414,1127,Arjun Dorsey,2024-01-09 12:47:00,9539,4680,Other,Standard,Other,Alpha,Sofia Blake,8885,,,,,6433,371,4918,Y,,,,Beta,,,jamie.sloan@examplecorp.test,,Resolved the outstanding question about scope.,priya.brooks@demomail.test,aisha.whitfield@demomail.test,,100540,,,,100033,,,101121,,100496,,skyler.costa@demomail.test,Omar Rossi,Y,Blue Ridge Industries Inc,100055,REF-4201,100815,Alex Rossi,101090,,,101197
700595,100758,Resource Care,100439,Quarterly Review,Final,Resolved the outstanding question about scope.,Y,N,LOT-8862,noah.costa@examplecorp.test,2025-11-30 14:25:00,rowan.sato@acme-fake.test,Yara Vance,Diego Dorsey,Nina Sloan,,,Rahul Mensah,diego.ford@demomail.test,Rahul Okafor,arjun.vance@sampleco.test,Mei Calder,Y,9.2,5.1,2.5,Marco Blake,2023-07-29 17:39:00,2741,1792,Delta,Standard,Gamma,REF-6541,5388,2177,Liam Sato,,,,,1360,8481,Noah Calder,2026-06-04 12:47:00,3779,1134,Standard,Other,Standard,Alpha,Omar Kim,,,,,,9222,7988,3805,N,,,,Alpha,Noted a concern to revisit at the next sync.,,aisha.patel@demomail.test,,Scheduled a check-in for the coming month.,fatima.ashby@sampleco.test,rowan.cohen@demomail.test,,100061,,,,100761,,,100862,,100314,,alex.calder@demomail.test,Priya Cohen,N,Everest Networks,100436,REF-4800,101069,Avery Patel,101678,,,101383
700596,100661,Resource Care,100658,Customer Success Check-In,Final,Discussed timeline and next steps with the account.,N,Y,SKU-8883,aisha.dorsey@demomail.test,2025-12-02 20:38:00,nina.nguyen@examplecorp.test,Reese Sloan,Noah Costa,Morgan Ford,,REF-3806,Mei Patel,casey.kim@acme-fake.test,Skyler Kim,riley.cohen@sampleco.test,Rowan Sloan,N,9.7,7.8,7.0,Jamie Whitfield,2026-06-04 02:09:00,8789,9987,Gamma,Alpha,Delta,SKU-3915,7440,7568,Diego Rossi,,,,,4624,5964,Emerson Calder,2025-08-29 14:33:00,9918,5273,Alpha,Alpha,Standard,Other,Casey Sato,5686,,,,,8583,8985,114,Y,,,,Beta,Noted a concern to revisit at the next sync.,,taylor.ashby@sampleco.test,Other,Reviewed performance and gathered feedback.,alex.vance@acme-fake.test,rahul.mercer@demomail.test,,100441,,,,,,,101211,,,,liam.whitfield@examplecorp.test,Emerson Silva,Y,Lakeside Systems Co,100128,REF-4145,101205,Sofia Ivanov,101220,,REF-9376,101409
700597,100460,Resource Care,100672,Wellness Check-In,Final,Reviewed performance and gathered feedback.,Y,Y,SKU-6560,mei.calder@sampleco.test,2025-12-31 03:10:00,emerson.sloan@examplecorp.test,Mei Reyes,Liam Blake,Jamie Sato,,,Mei Vance,reese.dorsey@sampleco.test,Yara Brooks,rahul.rossi@acme-fake.test,Emerson Haddad,N,2.7,8.5,3.0,Emerson Haddad,2025-08-25 04:27:00,5607,9643,Other,Delta,Standard,SKU-1983,7635,5036,Riley Ivanov,,,,,3620,5992,Reese Calder,2026-01-24 04:56:00,3765,7647,Beta,,Alpha,Gamma,Priya Ashby,8382,,,,,8697,6080,1802,N,,,,Gamma,Reviewed performance and gathered feedback.,,skyler.brooks@sampleco.test,,Reviewed performance and gathered feedback.,yara.haddad@acme-fake.test,jordan.calder@demomail.test,,100741,,,,100689,,,,,100405,,jordan.ashby@demomail.test,Elena Dorsey,N,Summit Holdings LLP,100540,REF-2079,100923,Priya Nguyen,100856,,,101004
700598,100713,Customer Management,100651,Customer Success Check-In,Final,Scheduled a check-in for the coming month.,N,N,TAG-2314,emerson.larsson@examplecorp.test,2023-03-02 09:48:00,casey.sloan@acme-fake.test,Marco Vance,Priya Ford,Emerson Brooks,,REF-4978,,elena.mercer@examplecorp.test,,rowan.okafor@demomail.test,,Y,8.6,5.2,5.9,Diego Mercer,2023-10-09 17:49:00,7805,2882,Other,Standard,Beta,LOT-5639,5936,4052,Sofia Okafor,,,,,4734,8005,Quinn Sloan,2026-07-05 17:05:00,844,,Standard,Delta,Standard,Delta,Reese Mercer,3121,,,,,5380,3835,3314,N,,,,Standard,Resolved the outstanding question about scope.,,drew.haddad@sampleco.test,Delta,Reviewed performance and gathered feedback.,arjun.ashby@demomail.test,drew.okafor@acme-fake.test,,100380,,100896,,100678,,,101178,,,,quinn.brooks@examplecorp.test,Fatima Ashby,Y,Cardinal Networks Co,100448,REF-6609,101421,Emerson Whitfield,101561,,,101056
700599,100365,Resource Care,100053,Quarterly Review,Final,Shared the updated proposal for review.,Y,Y,REF-7878,jamie.calder@examplecorp.test,2024-07-21 22:09:00,rahul.ivanov@sampleco.test,Sofia Dorsey,Casey Ashby,Liam Nguyen,,SKU-7762,Quinn Whitfield,rahul.nguyen@acme-fake.test,,diego.okafor@sampleco.test,Rowan Patel,N,1.2,4.6,2.5,Riley Larsson,2024-05-19 05:14:00,9091,7149,Beta,Delta,Alpha,SKU-9675,9136,1825,Diego Rossi,,,,,9148,9702,Morgan Brooks,2025-07-21 15:34:00,2957,5935,Beta,Standard,,Alpha,Fatima Okafor,3339,,,,,1211,3947,2790,N,,,,Delta,,,drew.whitfield@demomail.test,,Shared the updated proposal for review.,chen.ivanov@demomail.test,emerson.ford@acme-fake.test,,100640,,,,100210,,,101320,,,,quinn.rossi@acme-fake.test,Nina Rossi,N,Silverline Foods LLP,100325,TAG-7680,101427,Rahul Rossi,101389,,,101578
700600,100686,Resource Care,100434,Quarterly Review,Final,Discussed timeline and next steps with the account.,Y,Y,LOT-4380,avery.kim@demomail.test,2022-12-18 22:11:00,elena.ford@demomail.test,Mei Cohen,Jamie Mercer,Noah Garcia,,REF-8048,Reese Patel,chen.vance@sampleco.test,Quinn Mercer,emerson.rossi@examplecorp.test,Drew Nguyen,Y,5.7,4.7,1.4,Liam Rossi,2026-03-20 22:13:00,2304,1452,Gamma,Standard,Standard,SKU-7700,1776,9778,Noah Rossi,,,,,2137,8580,Sofia Larsson,2023-08-11 16:31:00,4314,2804,Gamma,Gamma,Standard,,Quinn Calder,2192,,,,,4329,4958,5735,Y,,,,Alpha,Reviewed performance and gathered feedback.,,elena.cohen@examplecorp.test,,Scheduled a check-in for the coming month.,nina.brooks@demomail.test,taylor.ivanov@sampleco.test,,100152,,101721,,100465,,,,,,,drew.brooks@sampleco.test,,N,Harbor Partners Corp,100023,LOT-2452,101418,Priya Haddad,101344,,,101200
700601,100446,Customer Management,100053,Wellness Check-In,Final,Shared the updated proposal for review.,N,N,TAG-2896,casey.sloan@demomail.test,2023-04-17 13:11:00,priya.kim@acme-fake.test,Noah Rossi,Yara Sloan,Drew Costa,,,Emerson Patel,reese.cohen@examplecorp.test,,sofia.haddad@acme-fake.test,Chen Whitfield,Y,5.1,6.2,9.9,Yara Reyes,2024-02-04 04:52:00,9846,9568,Gamma,Beta,Gamma,TAG-2136,8239,9256,Elena Rossi,,,,,315,2794,Elena Nguyen,2025-10-19 04:06:00,2229,7154,Delta,Beta,Delta,Delta,Rahul Calder,3909,,,,,9538,3648,3101,N,,,,Gamma,Shared the updated proposal for review.,,sofia.haddad@examplecorp.test,,Discussed timeline and next steps with the account.,morgan.patel@sampleco.test,marco.sato@acme-fake.test,,100770,,100810,,100260,,,101452,,100516,,taylor.garcia@sampleco.test,Quinn Blake,N,Cardinal Partners Ltd,100421,TAG-7462,101289,Marco Cohen,101344,,,101054
700602,100667,Resource Care,100423,Quarterly Review,Final,Reviewed performance and gathered feedback.,N,N,LOT-8647,aisha.okafor@demomail.test,2022-12-25 09:24:00,alex.sloan@demomail.test,Nina Silva,Arjun Vance,,,,,mei.okafor@examplecorp.test,Fatima Vance,noah.patel@demomail.test,Nina Brooks,Y,2.2,6.9,1.0,Emerson Whitfield,2026-03-04 20:17:00,8127,7111,Gamma,Standard,Gamma,TAG-3194,114,3179,Casey Brooks,,,,,3795,4979,Quinn Patel,2023-04-16 09:38:00,9055,2712,Delta,Beta,Alpha,Alpha,Reese Blake,3422,,,,,3465,4344,4954,Y,,,,Beta,Followed up on the open items from last week.,,mei.ivanov@demomail.test,,Aligned on billing and renewal terms.,aisha.okafor@examplecorp.test,omar.cohen@demomail.test,,100040,,101035,,100399,,,101276,,100643,,noah.sato@sampleco.test,Skyler Nguyen,N,Cardinal Solutions Co,100512,LOT-8509,101057,Rowan Ivanov,101190,,,101791
700603,100423,Resource Care,100140,Wellness Check-In,Final,Followed up on the open items from last week.,Y,Y,REF-8286,jamie.garcia@sampleco.test,2023-05-22 14:29:00,chen.kim@demomail.test,Taylor Silva,Reese Larsson,Fatima Haddad,,SKU-3888,,morgan.costa@sampleco.test,Riley Garcia,liam.rossi@demomail.test,Omar Vance,Y,9.4,1.8,8.3,Emerson Dorsey,2026-07-19 00:46:00,7708,9216,Other,Standard,Beta,SKU-4167,385,9213,Priya Sato,,,,,9482,81,Drew Calder,2024-02-10 00:16:00,3080,6894,Standard,Beta,Standard,Beta,Mei Mensah,3601,,,,,172,7942,2805,N,SKU-9993,,,Alpha,Shared the updated proposal for review.,,priya.mensah@examplecorp.test,,Resolved the outstanding question about scope.,emerson.dorsey@sampleco.test,alex.silva@examplecorp.test,,100239,,101669,,100335,,,101292,,,,elena.dorsey@examplecorp.test,Taylor Nguyen,N,Blue Ridge Labs,100028,TAG-7379,100800,Fatima Ivanov,100891,,,101293
700604,100445,Resource Care,100077,Wellness Check-In,Final,Aligned on billing and renewal terms.,Y,N,TAG-3242,jordan.larsson@sampleco.test,2024-08-29 09:51:00,morgan.ford@demomail.test,Casey Brooks,Elena Dorsey,,,,,sofia.rossi@examplecorp.test,,jamie.haddad@acme-fake.test,Avery Whitfield,N,3.0,5.8,8.9,Liam Whitfield,2023-07-21 01:12:00,9299,8400,Gamma,Other,Delta,SKU-3938,8252,6445,Rowan Blake,,,,,2568,1900,Rahul Larsson,2024-10-23 14:47:00,9680,1767,Standard,Standard,Other,Beta,,7117,,,,,6439,439,687,Y,,,,Alpha,Followed up on the open items from last week.,,arjun.cohen@sampleco.test,,Discussed timeline and next steps with the account.,yara.nguyen@acme-fake.test,avery.sato@acme-fake.test,,100726,,101500,,100362,,,101575,,100226,,fatima.garcia@demomail.test,Elena Nguyen,N,Blue Ridge Dynamics Inc,100675,TAG-6712,101427,Noah Garcia,101466,,,101171
700605,100343,Resource Care,100188,Quarterly Review,Final,Resolved the outstanding question about scope.,Y,Y,SKU-3220,casey.kim@examplecorp.test,2025-07-02 03:54:00,emerson.vance@examplecorp.test,Chen Ford,Marco Larsson,Noah Sloan,,,Yara Blake,arjun.sato@sampleco.test,,mei.okafor@demomail.test,Sofia Sloan,Y,3.4,2.5,6.0,Fatima Mercer,2023-02-22 15:53:00,3344,5042,Beta,Other,Beta,REF-5048,477,5749,Arjun Garcia,,,,,7668,386,Emerson Costa,2024-08-01 16:03:00,2447,5459,Standard,Gamma,Beta,Alpha,Taylor Ashby,2014,,,,,9525,1806,2012,Y,,,,Delta,Resolved the outstanding question about scope.,Liam Garcia,casey.sato@demomail.test,,Noted a concern to revisit at the next sync.,casey.ashby@sampleco.test,morgan.haddad@examplecorp.test,,100145,,,,,,,101035,,100068,,riley.nguyen@demomail.test,,Y,Ironwood Health Group,100188,LOT-7056,101190,Mei Reyes,101525,,,101182
700606,100702,Resource Care,100675,Customer Success Check-In,Final,Noted a concern to revisit at the next sync.,N,Y,LOT-9919,alex.blake@acme-fake.test,2023-06-18 10:12:00,reese.cohen@sampleco.test,Rowan Mercer,Jamie Calder,,,TAG-8091,,chen.cohen@acme-fake.test,Emerson Patel,skyler.garcia@demomail.test,,N,8.0,5.8,2.6,Mei Sloan,2025-05-29 14:14:00,8420,7611,Delta,Other,Standard,SKU-9734,4904,320,Fatima Ashby,,,,,5558,2441,Riley Ford,2022-11-02 05:52:00,,160,Beta,Delta,Alpha,Standard,Skyler Reyes,9506,,,,,6398,4770,,N,,,,Beta,Discussed timeline and next steps with the account.,Emerson Blake,jordan.ivanov@acme-fake.test,,Resolved the outstanding question about scope.,avery.patel@examplecorp.test,aisha.mensah@demomail.test,,100648,,100966,,100702,,,,,100775,,aisha.rossi@acme-fake.test,Nina Calder,Y,Delta Health Corp,100582,LOT-3524,100967,Taylor Larsson,101590,,,101125
700607,100647,Customer Management,100664,Customer Success Check-In,Final,Followed up on the open items from last week.,Y,Y,TAG-8514,priya.mensah@demomail.test,2024-02-08 23:42:00,drew.nguyen@sampleco.test,Aisha Rossi,Yara Silva,Diego Haddad,,,Liam Costa,liam.mercer@acme-fake.test,Arjun Rossi,drew.ashby@demomail.test,Nina Mercer,Y,5.1,3.2,9.4,Mei Sloan,2025-02-06 17:15:00,1537,9463,Standard,Beta,Beta,TAG-6689,7289,4179,Casey Dorsey,,,,,9887,772,Nina Whitfield,2023-09-23 22:53:00,3925,5755,Standard,,Gamma,Standard,Elena Sloan,5831,,,,,6948,2706,257,Y,,,,Delta,Resolved the outstanding question about scope.,,reese.calder@examplecorp.test,,Discussed timeline and next steps with the account.,noah.brooks@acme-fake.test,arjun.sloan@demomail.test,,100047,,,,,,,,,100441,,taylor.ashby@sampleco.test,Taylor Mercer,Y,Northwind Dynamics Corp,100756,SKU-8586,101658,Fatima Kim,101770,,LOT-5226,101719
700608,100403,Customer Management,100173,Customer Success Check-In,Final,Followed up on the open items from last week.,Y,N,SKU-9365,jamie.cohen@demomail.test,2025-10-26 06:22:00,mei.rossi@demomail.test,Nina Vance,Omar Silva,,,,,mei.vance@acme-fake.test,,yara.cohen@sampleco.test,Yara Sato,Y,8.9,9.1,3.3,Casey Sloan,2023-04-10 19:54:00,2535,1073,Gamma,Beta,Beta,TAG-5054,3003,4301,Taylor Silva,,,,,9902,407,Skyler Ford,2025-11-23 01:17:00,8432,3799,Beta,Alpha,Delta,Standard,Rahul Sato,5614,,,,,8448,4658,3056,Y,,,,Delta,Scheduled a check-in for the coming month.,,morgan.vance@examplecorp.test,,Noted a concern to revisit at the next sync.,drew.calder@acme-fake.test,chen.larsson@examplecorp.test,,100137,,,,100542,,,,,,,taylor.silva@sampleco.test,Casey Haddad,Y,Brightpath Financial Corp,100264,SKU-1435,101373,Diego Haddad,100899,,,101176
700609,100661,Customer Management,100632,Customer Success Check-In,Final,Resolved the outstanding question about scope.,Y,Y,REF-7348,rowan.kim@sampleco.test,2025-09-17 06:19:00,nina.sato@examplecorp.test,Noah Mercer,Mei Larsson,Skyler Garcia,,REF-9010,,morgan.whitfield@examplecorp.test,Noah Whitfield,reese.blake@demomail.test,Fatima Brooks,Y,4.3,3.3,3.2,Avery Ivanov,2025-05-31 14:30:00,7183,352,Alpha,Gamma,Standard,REF-4172,8158,7489,Jordan Patel,,,,,52,68,Chen Mercer,2022-11-20 20:03:00,6694,1328,Standard,Delta,Gamma,Beta,Alex Dorsey,2062,,,,,5721,310,8295,N,,,,Gamma,Reviewed performance and gathered feedback.,,jamie.patel@examplecorp.test,,Scheduled a check-in for the coming month.,quinn.dorsey@demomail.test,reese.costa@sampleco.test,,100142,,,,100215,,,101070,,,,elena.garcia@demomail.test,Marco Vance,Y,Lakeside Group Co,100009,LOT-2799,101246,Alex Reyes,101534,,,100911
700610,100134,Resource Care,100096,Quarterly Review,Final,Discussed timeline and next steps with the account.,N,N,TAG-6625,emerson.sato@acme-fake.test,2023-07-08 12:37:00,liam.brooks@examplecorp.test,Quinn Larsson,Jamie Sato,,,SKU-8542,Elena Ivanov,rahul.garcia@sampleco.test,,quinn.silva@acme-fake.test,Priya Ford,N,9.1,7.4,1.9,Sofia Kim,2025-12-05 15:23:00,3390,4192,Gamma,Alpha,Standard,SKU-9975,735,4700,Priya Nguyen,,,,,7122,5404,Nina Ivanov,2024-12-31 15:50:00,3539,3017,Standard,Other,Delta,Beta,Yara Vance,,,,,,,1093,3888,Y,,,,Other,Aligned on billing and renewal terms.,,elena.ford@sampleco.test,,Scheduled a check-in for the coming month.,noah.mercer@acme-fake.test,taylor.haddad@examplecorp.test,,100317,,,,100671,,,101343,,,,yara.patel@demomail.test,Taylor Kim,Y,Delta Industries LLP,100714,LOT-9343,101784,Drew Brooks,101697,,,100813
700611,100068,Customer Management,100420,Quarterly Review,Final,Shared the updated proposal for review.,N,Y,LOT-3737,chen.haddad@sampleco.test,2023-09-15 02:35:00,emerson.calder@acme-fake.test,Nina Silva,Marco Reyes,,,,Reese Blake,nina.vance@demomail.test,,fatima.larsson@sampleco.test,Mei Vance,Y,9.0,3.3,8.0,Rahul Dorsey,2024-10-04 23:51:00,2924,6031,Other,Delta,Beta,TAG-9364,6940,3089,Rowan Haddad,,,,,5948,6302,Avery Whitfield,2024-02-24 06:37:00,7488,5056,Gamma,,Delta,Delta,Skyler Garcia,2607,,,,,896,882,8556,Y,,,,Other,Resolved the outstanding question about scope.,,reese.patel@sampleco.test,,Aligned on billing and renewal terms.,yara.blake@demomail.test,sofia.whitfield@sampleco.test,,100616,,101760,,100026,,,,,,,omar.calder@examplecorp.test,Liam Haddad,N,,100253,SKU-3152,101289,Jordan Mensah,101178,,,101274
700612,100503,Resource Care,100739,Quarterly Review,Final,Discussed timeline and next steps with the account.,N,N,SKU-4763,morgan.brooks@sampleco.test,2024-10-23 07:02:00,priya.ivanov@demomail.test,Chen Mercer,Yara Calder,Elena Blake,,LOT-2442,Arjun Rossi,noah.garcia@examplecorp.test,Elena Calder,elena.nguyen@acme-fake.test,,N,7.1,7.3,2.9,Noah Mercer,2024-11-05 20:48:00,3219,5760,Gamma,Gamma,Standard,SKU-5327,843,1569,Liam Sato,,,,,3562,4868,Sofia Vance,2026-07-18 21:03:00,5123,7210,Beta,Other,Alpha,Beta,Arjun Vance,2771,,,,,,7923,2411,N,LOT-2015,,,Alpha,,,aisha.okafor@sampleco.test,,Aligned on billing and renewal terms.,drew.sato@sampleco.test,elena.patel@sampleco.test,,100177,,100893,,,,,101165,,100747,,casey.blake@demomail.test,,N,Northwind Analytics LLC,100559,REF-4833,101478,Liam Calder,101656,,,100937
700613,100224,Customer Management,100260,Quarterly Review,Final,Discussed timeline and next steps with the account.,N,N,SKU-2206,mei.larsson@sampleco.test,2025-04-16 03:05:00,elena.sloan@acme-fake.test,Noah Rossi,Yara Rossi,Nina Ivanov,,,Elena Costa,mei.sloan@examplecorp.test,,liam.larsson@demomail.test,,Y,2.2,2.3,4.4,Taylor Costa,2023-08-15 02:49:00,4794,4754,Alpha,Beta,Gamma,TAG-8280,3684,5076,Avery Costa,,,,,6540,4578,Nina Mercer,2023-04-22 02:54:00,3659,9075,Delta,Gamma,Beta,Other,Jordan Rossi,4438,,,,,3858,2784,9306,N,,,,Standard,Aligned on billing and renewal terms.,,alex.haddad@demomail.test,,Followed up on the open items from last week.,sofia.vance@examplecorp.test,drew.costa@demomail.test,,100350,,101641,,100652,,,100902,,,,taylor.costa@sampleco.test,Fatima Silva,N,Summit Labs Ltd,100507,SKU-5666,101615,Rahul Brooks,101287,,,100929
700614,100405,Resource Care,100068,Wellness Check-In,Final,Shared the updated proposal for review.,Y,Y,LOT-6530,chen.patel@acme-fake.test,2026-04-07 09:21:00,arjun.ashby@acme-fake.test,Liam Cohen,Rowan Garcia,Diego Okafor,,REF-6782,Aisha Reyes,quinn.larsson@acme-fake.test,Priya Cohen,chen.sato@sampleco.test,,Y,9.7,6.1,3.9,Mei Brooks,2024-05-17 05:10:00,9521,1630,Other,Other,Standard,LOT-4060,4936,3573,Aisha Cohen,,,,,1467,6245,Arjun Ivanov,2024-05-14 01:40:00,2836,219,Delta,,Standard,Alpha,Avery Ivanov,5530,,,,,245,6101,710,Y,,,,Standard,Shared the updated proposal for review.,,arjun.sloan@sampleco.test,,Noted a concern to revisit at the next sync.,reese.brooks@demomail.test,mei.costa@demomail.test,,100219,,101243,,,,,,,100616,,quinn.reyes@demomail.test,Skyler Nguyen,Y,Silverline Systems Ltd,100697,LOT-9174,101437,Rowan Dorsey,100809,,,101243
700615,100021,Customer Management,100096,Quarterly Review,Draft,Shared the updated proposal for review.,N,Y,REF-7087,yara.reyes@examplecorp.test,2025-02-12 10:43:00,skyler.sloan@acme-fake.test,Reese Costa,Skyler Ashby,Alex Nguyen,,LOT-5331,Priya Silva,morgan.haddad@examplecorp.test,,avery.cohen@acme-fake.test,,N,2.4,1.1,6.6,Rahul Calder,2025-02-10 07:53:00,2624,4888,Delta,Beta,Alpha,TAG-2732,7004,8728,Alex Mensah,,,,,1157,2490,Jamie Rossi,2024-09-03 10:53:00,3128,4078,Gamma,Other,Beta,,Reese Blake,371,,,,,8594,3945,3458,N,,,,Delta,Scheduled a check-in for the coming month.,,taylor.kim@sampleco.test,,Discussed timeline and next steps with the account.,nina.costa@demomail.test,diego.okafor@demomail.test,,100087,,101538,,100232,,,101418,,100172,,jordan.kim@acme-fake.test,Quinn Ford,N,Granite Manufacturing Corp,100448,LOT-6813,101773,Rowan Haddad,101185,,REF-1337,101195
700616,100217,Customer Management,100558,Quarterly Review,Final,Scheduled a check-in for the coming month.,Y,N,TAG-5553,priya.haddad@sampleco.test,2025-05-10 06:30:00,emerson.whitfield@demomail.test,Drew Garcia,Taylor Garcia,Marco Cohen,,REF-1628,Marco Ivanov,riley.okafor@examplecorp.test,Sofia Ford,jordan.kim@examplecorp.test,Emerson Ivanov,N,4.4,6.5,1.9,Priya Mensah,2023-04-26 15:30:00,8941,7405,Alpha,Other,Alpha,TAG-1576,3859,6934,Fatima Mensah,,,,,2249,9951,Casey Reyes,2026-05-15 09:36:00,8994,3263,Other,Beta,Other,Gamma,Jamie Nguyen,1504,,,,,2098,1380,5089,N,,,,Delta,Resolved the outstanding question about scope.,,liam.rossi@acme-fake.test,,Reviewed performance and gathered feedback.,morgan.patel@examplecorp.test,liam.costa@sampleco.test,,100298,,101512,,100462,,,101605,,100493,,morgan.whitfield@sampleco.test,Mei Blake,N,Northwind Logistics LLP,100315,TAG-5298,101601,,101032,,,101711
700617,100572,Customer Management,100522,Wellness Check-In,Final,Shared the updated proposal for review.,Y,Y,TAG-4973,mei.mercer@demomail.test,2025-05-29 10:06:00,diego.silva@demomail.test,Aisha Rossi,Aisha Garcia,Liam Mercer,,REF-8571,Riley Ford,emerson.haddad@demomail.test,,rowan.dorsey@acme-fake.test,Reese Sato,N,1.7,4.4,7.8,Elena Haddad,2022-12-01 00:32:00,1950,1837,Delta,Delta,Delta,LOT-5352,1569,8108,Reese Costa,,,,,2561,6498,Quinn Vance,2023-02-12 05:48:00,2090,639,Other,Delta,Beta,Alpha,Arjun Rossi,3892,,,,,3471,2345,7916,Y,,,,Other,Followed up on the open items from last week.,,riley.okafor@examplecorp.test,,Discussed timeline and next steps with the account.,rowan.sloan@sampleco.test,sofia.rossi@examplecorp.test,,100315,,,,,,,,,,,priya.larsson@examplecorp.test,Chen Blake,N,Redwood Logistics Group,100442,LOT-3777,101190,Morgan Rossi,101781,,,101649
700618,100067,Resource Care,100550,Quarterly Review,Final,Followed up on the open items from last week.,Y,N,LOT-7079,riley.blake@examplecorp.test,2023-03-03 23:34:00,diego.vance@acme-fake.test,Taylor Kim,Arjun Garcia,Mei Blake,,REF-6034,,avery.calder@examplecorp.test,,jamie.okafor@sampleco.test,Omar Haddad,Y,5.9,3.7,1.3,Elena Patel,2024-10-15 08:31:00,198,627,Beta,Beta,Other,SKU-2822,7115,8676,Liam Ivanov,,,,,7313,534,,2024-05-06 12:22:00,8762,8973,Beta,Other,Gamma,Beta,Rahul Rossi,,,,,,9938,5378,1016,Y,,,,Beta,Scheduled a check-in for the coming month.,,avery.vance@acme-fake.test,,Discussed timeline and next steps with the account.,chen.garcia@sampleco.test,reese.nguyen@examplecorp.test,,100785,,101340,,100067,,,101302,,100350,,sofia.sloan@examplecorp.test,Omar Ashby,Y,Northwind Retail LLC,100203,SKU-9247,101688,,101216,,,101606
700619,100634,Resource Care,100613,Quarterly Review,Final,Reviewed performance and gathered feedback.,N,N,SKU-1987,casey.calder@acme-fake.test,2024-02-03 01:55:00,elena.brooks@sampleco.test,Alex Nguyen,Avery Cohen,,,SKU-6776,Rowan Rossi,quinn.sato@demomail.test,Liam Calder,aisha.reyes@acme-fake.test,,Y,5.2,3.7,2.9,Quinn Sato,2023-06-25 03:02:00,3635,3155,Beta,Delta,Beta,REF-2109,5437,9067,Mei Larsson,,,,,7228,8077,Skyler Cohen,2023-04-27 07:49:00,614,2872,Other,Delta,Delta,Other,Rahul Dorsey,1577,,,,,9876,,8407,N,,,,,Noted a concern to revisit at the next sync.,,rahul.mercer@acme-fake.test,,Followed up on the open items from last week.,alex.sato@demomail.test,yara.cohen@sampleco.test,,100542,,,,,,,,,100694,,mei.haddad@examplecorp.test,Chen Blake,Y,Brightpath Energy Co,100182,SKU-9634,101437,Rahul Costa,101427,,,101333
700620,100689,Customer Management,100761,Quarterly Review,Final,Discussed timeline and next steps with the account.,Y,Y,SKU-1798,riley.dorsey@examplecorp.test,2025-04-03 17:51:00,diego.haddad@acme-fake.test,Fatima Haddad,Yara Reyes,,,REF-1494,,jordan.mensah@demomail.test,,diego.rossi@demomail.test,,N,8.6,6.0,6.9,Yara Larsson,2024-05-20 00:18:00,6007,7077,Delta,Alpha,Other,TAG-7423,3864,5108,Sofia Ashby,,,,,5740,7668,Casey Ford,2023-09-17 11:28:00,9149,2479,Standard,Delta,Other,Standard,Diego Patel,8861,,,,,3131,6259,647,N,,,,Beta,Discussed timeline and next steps with the account.,,diego.brooks@acme-fake.test,,Scheduled a check-in for the coming month.,taylor.sato@sampleco.test,arjun.sloan@sampleco.test,,100640,,,,100188,,,,,,,casey.costa@acme-fake.test,Liam Cohen,Y,Redwood Textiles Group,100208,REF-8346,101440,,101547,,,101469
700621,100542,Customer Management,100311,Wellness Check-In,Final,Noted a concern to revisit at the next sync.,N,Y,LOT-4696,taylor.costa@acme-fake.test,2026-06-20 11:33:00,chen.nguyen@examplecorp.test,Noah Vance,Casey Ivanov,Nina Mensah,,,Morgan Nguyen,mei.mercer@examplecorp.test,Diego Calder,omar.cohen@sampleco.test,,Y,8.2,8.9,7.6,Quinn Silva,2022-11-06 03:49:00,9211,3943,Other,Gamma,Gamma,LOT-2389,5763,9316,Emerson Vance,,,,,1429,8236,Yara Vance,2023-09-13 06:23:00,9800,5490,,Alpha,Alpha,Standard,Marco Larsson,2354,,,,,8785,9498,4014,Y,,,,Standard,Discussed timeline and next steps with the account.,,riley.vance@examplecorp.test,,Resolved the outstanding question about scope.,drew.sato@sampleco.test,rowan.blake@demomail.test,,100654,,101153,,100587,,,101553,,100191,,morgan.mensah@acme-fake.test,Avery Okafor,N,Summit Retail Co,100751,REF-4400,101281,Reese Okafor,101493,,,101223
700622,100727,Resource Care,100003,Wellness Check-In,Draft,Discussed timeline and next steps with the account.,Y,Y,LOT-2259,emerson.ashby@sampleco.test,2026-05-22 16:55:00,avery.okafor@examplecorp.test,Liam Larsson,Skyler Costa,Alex Sloan,,TAG-6168,,mei.reyes@demomail.test,Skyler Mensah,yara.sato@demomail.test,Jordan Whitfield,Y,9.3,5.1,2.8,Jamie Cohen,2024-03-24 02:37:00,6506,7261,Delta,Standard,Standard,REF-4871,7511,8278,Noah Vance,,,,,3419,7012,,2025-06-22 00:08:00,406,2845,,Alpha,Alpha,Delta,Fatima Vance,6925,,,,,6346,9646,6073,N,,Other,,Other,Noted a concern to revisit at the next sync.,,marco.garcia@sampleco.test,,Noted a concern to revisit at the next sync.,diego.brooks@sampleco.test,casey.haddad@sampleco.test,,100375,,101497,,100145,,,,,100343,,jamie.mensah@sampleco.test,Quinn Rossi,Y,Horizon Textiles Corp,100787,LOT-8666,101628,Reese Larsson,101699,,,101067
700623,100038,Customer Management,100405,Wellness Check-In,Final,Resolved the outstanding question about scope.,N,N,LOT-5223,jordan.haddad@demomail.test,2022-12-26 04:17:00,nina.kim@acme-fake.test,Riley Vance,Morgan Garcia,,,,,omar.reyes@examplecorp.test,Alex Nguyen,rowan.ivanov@examplecorp.test,Nina Ford,N,1.2,3.6,4.5,Drew Haddad,2024-02-24 07:07:00,5627,6531,Other,Delta,Standard,REF-3421,361,8701,Alex Vance,,,,,3408,2492,Reese Ashby,2023-06-03 04:57:00,2910,2105,Standard,Beta,Delta,Gamma,Yara Brooks,9108,,,,,1113,7570,1005,N,,Beta,,Other,Reviewed performance and gathered feedback.,,chen.kim@sampleco.test,,Noted a concern to revisit at the next sync.,skyler.dorsey@sampleco.test,jamie.vance@acme-fake.test,,100165,,101689,,100239,,,101631,,100378,,reese.dorsey@acme-fake.test,Chen Kim,N,Everest Solutions LLP,100675,LOT-8281,101687,Drew Cohen,101223,,,101694
700624,100656,Customer Management,100361,Quarterly Review,Final,Followed up on the open items from last week.,N,Y,LOT-1776,arjun.brooks@acme-fake.test,2026-02-11 12:29:00,jordan.haddad@examplecorp.test,Morgan Sato,Taylor Silva,,,TAG-6745,Omar Dorsey,omar.dorsey@demomail.test,,noah.calder@acme-fake.test,Rowan Costa,Y,3.1,7.8,2.7,Morgan Sato,2023-02-08 16:22:00,5915,7375,Gamma,Alpha,Beta,TAG-7584,7764,3907,Jordan Reyes,,,,,8845,3474,Omar Mensah,2024-12-15 03:52:00,9418,7051,Delta,Alpha,Standard,Other,Aisha Mensah,1118,,,,,6752,2841,8201,N,,,,Other,Noted a concern to revisit at the next sync.,,aisha.okafor@examplecorp.test,,Discussed timeline and next steps with the account.,jordan.whitfield@examplecorp.test,quinn.dorsey@sampleco.test,,100587,,101631,,100236,,,101235,,100675,,noah.whitfield@sampleco.test,Riley Cohen,Y,Cardinal Networks LLP,100250,LOT-4450,101632,Alex Costa,101552,,TAG-9707,101684
700625,100423,Resource Care,100253,Customer Success Check-In,Final,Shared the updated proposal for review.,N,N,TAG-5715,rahul.cohen@examplecorp.test,2023-09-26 17:29:00,arjun.haddad@examplecorp.test,Elena Cohen,Morgan Mercer,Skyler Haddad,,LOT-9193,Nina Whitfield,jamie.ford@examplecorp.test,Reese Ashby,mei.brooks@examplecorp.test,,N,9.9,6.0,7.1,Skyler Costa,2025-03-01 17:31:00,9776,9596,Other,Gamma,Alpha,SKU-8836,1197,9100,Sofia Blake,,,,,8475,3043,Quinn Vance,2022-12-28 03:56:00,9174,3940,Alpha,Other,Delta,Beta,Noah Costa,,,,,,6010,6908,2879,N,,,,Beta,Scheduled a check-in for the coming month.,,aisha.sloan@demomail.test,,Noted a concern to revisit at the next sync.,rahul.blake@demomail.test,rahul.blake@acme-fake.test,,100291,,101525,,100168,,,101625,,,,noah.sato@demomail.test,Omar Mercer,N,Cobalt Industries Group,100585,TAG-9972,101570,Rahul Garcia,100929,,,100949
700626,100495,Resource Care,100659,Wellness Check-In,Final,Noted a concern to revisit at the next sync.,N,N,REF-5349,casey.costa@acme-fake.test,2022-12-14 03:38:00,yara.brooks@demomail.test,Fatima Blake,Liam Larsson,Emerson Cohen,,LOT-1903,Alex Ashby,marco.rossi@examplecorp.test,Omar Cohen,avery.brooks@demomail.test,Mei Mensah,Y,9.1,6.0,7.2,Riley Mercer,2026-05-08 16:05:00,3027,7915,Delta,Standard,Alpha,SKU-3203,1310,8864,Priya Brooks,,,,,579,8415,Drew Silva,2026-04-09 20:11:00,,2109,Delta,Beta,Standard,Delta,Quinn Calder,377,,,,,2860,3509,5415,Y,,,,,Aligned on billing and renewal terms.,,alex.calder@demomail.test,,Shared the updated proposal for review.,casey.sato@sampleco.test,rowan.cohen@acme-fake.test,,100551,,,,100157,,,101701,,,,sofia.kim@acme-fake.test,Arjun Ford,N,Lakeside Solutions Group,100092,REF-1599,101478,Yara Vance,101437,,,101322
700627,100054,Customer Management,100608,Quarterly Review,Final,Followed up on the open items from last week.,N,N,LOT-5979,reese.patel@demomail.test,2025-06-16 18:27:00,elena.nguyen@demomail.test,Quinn Okafor,Aisha Patel,Diego Mensah,,LOT-9456,,marco.ivanov@examplecorp.test,Rowan Rossi,chen.mercer@examplecorp.test,Rahul Ashby,N,5.3,2.1,8.5,Arjun Ashby,2024-07-20 16:43:00,225,9247,Beta,Standard,Standard,SKU-5839,315,7284,Chen Vance,,,,,7816,8986,Sofia Kim,2022-11-17 21:32:00,4257,,Beta,Gamma,Standard,Delta,Priya Garcia,5575,,,,,6085,3222,5659,Y,,,,Gamma,Followed up on the open items from last week.,,chen.haddad@acme-fake.test,,Noted a concern to revisit at the next sync.,drew.garcia@acme-fake.test,rowan.whitfield@demomail.test,,100753,,,,100277,,,101585,,100278,,skyler.patel@sampleco.test,Casey Garcia,Y,Everest Financial LLC,100552,LOT-2918,100817,Yara Reyes,101283,,REF-8661,101716
700628,100028,Customer Management,100680,Wellness Check-In,Final,Discussed timeline and next steps with the account.,N,N,REF-1426,reese.mercer@demomail.test,2023-04-07 04:31:00,reese.patel@examplecorp.test,Drew Blake,Mei Calder,Morgan Vance,,SKU-4661,Riley Nguyen,mei.garcia@demomail.test,Drew Mensah,nina.kim@acme-fake.test,,Y,2.1,2.8,5.2,Nina Brooks,2023-04-05 21:18:00,6978,6477,Alpha,Gamma,Standard,REF-2274,5617,7500,Liam Ford,,,,,9856,3740,Reese Ford,2023-09-09 20:01:00,4296,2263,,Alpha,Gamma,Gamma,Priya Haddad,5933,,,,,9071,5631,973,N,,,,Alpha,,,elena.rossi@sampleco.test,,Discussed timeline and next steps with the account.,morgan.kim@acme-fake.test,fatima.cohen@demomail.test,,100461,,,,,,,101187,,100236,,riley.okafor@acme-fake.test,Casey Haddad,N,Copper Labs Ltd,100128,TAG-6037,101721,Priya Costa,101266,,,101551
700629,100470,Customer Management,100181,Customer Success Check-In,Final,Scheduled a check-in for the coming month.,N,Y,TAG-7405,jordan.silva@sampleco.test,2025-02-18 16:31:00,sofia.vance@acme-fake.test,Skyler Rossi,Arjun Patel,Nina Cohen,,SKU-5432,Liam Nguyen,diego.vance@acme-fake.test,Diego Calder,mei.brooks@demomail.test,,Y,5.6,6.7,5.6,Nina Nguyen,2023-01-23 04:18:00,2206,1385,Other,Delta,Other,SKU-5120,3096,494,Priya Kim,,,,,9270,9437,Alex Cohen,2025-05-03 23:03:00,3592,9180,Other,Beta,Standard,Delta,Rowan Garcia,2314,,,,,9383,7791,4990,N,SKU-3124,,,Beta,,,aisha.vance@examplecorp.test,Gamma,Reviewed performance and gathered feedback.,rahul.mensah@sampleco.test,emerson.cohen@demomail.test,,100512,,101134,,,,,100843,,,,elena.vance@sampleco.test,Fatima Rossi,Y,Evergreen Robotics Group,100717,SKU-1563,100975,Omar Reyes,101152,,,101254
700630,100055,Resource Care,100021,Quarterly Review,Final,Reviewed performance and gathered feedback.,Y,Y,TAG-1807,casey.vance@examplecorp.test,2024-07-31 22:16:00,drew.mensah@examplecorp.test,Rowan Costa,Marco Larsson,,,LOT-3213,,skyler.kim@examplecorp.test,Liam Whitfield,nina.ivanov@examplecorp.test,Diego Blake,Y,6.6,5.9,8.6,Emerson Cohen,2023-12-26 04:54:00,8014,7005,Alpha,Other,Beta,LOT-5605,4364,7217,Quinn Okafor,,,,,2061,484,Mei Calder,2024-05-26 07:49:00,7888,,Other,Other,Delta,Delta,Liam Okafor,317,,,,,3266,5415,793,Y,,,,,Aligned on billing and renewal terms.,,fatima.costa@acme-fake.test,,Noted a concern to revisit at the next sync.,chen.okafor@examplecorp.test,marco.larsson@demomail.test,,100622,,101537,,,,,,,,,fatima.garcia@acme-fake.test,Omar Kim,Y,Northwind Energy Group,100067,SKU-3228,101612,Diego Ivanov,101327,,,101289
700631,100040,Resource Care,100453,Customer Success Check-In,Final,Discussed timeline and next steps with the account.,N,N,LOT-9859,sofia.okafor@demomail.test,2026-03-22 00:23:00,drew.dorsey@sampleco.test,Aisha Reyes,Quinn Ford,Reese Mensah,,SKU-3243,Emerson Nguyen,quinn.brooks@sampleco.test,Arjun Dorsey,casey.sloan@examplecorp.test,Chen Mercer,N,7.0,6.0,8.5,Mei Blake,2024-10-07 01:58:00,631,3372,Standard,Other,Alpha,REF-6747,1026,9332,Casey Rossi,,,,,2000,2508,Mei Larsson,2022-12-24 15:32:00,989,3407,Standard,Gamma,Other,Delta,Jamie Larsson,9162,,,,,3171,,9224,Y,,Delta,,Gamma,,,alex.blake@sampleco.test,,Reviewed performance and gathered feedback.,yara.whitfield@examplecorp.test,diego.whitfield@acme-fake.test,,100118,,,,100357,,,,,100042,,noah.mensah@acme-fake.test,Noah Whitfield,N,Vertex Partners Inc,100647,TAG-6138,101359,Morgan Rossi,101346,,,100913
700632,100647,Customer Management,100576,Quarterly Review,Final,Aligned on billing and renewal terms.,N,Y,SKU-4686,morgan.calder@examplecorp.test,2024-01-01 21:35:00,noah.mercer@sampleco.test,Jordan Garcia,Chen Larsson,Arjun Brooks,,LOT-2285,Quinn Reyes,diego.kim@examplecorp.test,Skyler Costa,arjun.ford@sampleco.test,Nina Ivanov,N,1.8,7.1,7.8,Jamie Larsson,2026-05-14 00:08:00,5848,7157,Other,Standard,Beta,TAG-5493,900,4845,Jamie Garcia,,,,,4692,2248,Mei Dorsey,2024-02-01 03:32:00,6759,2500,Delta,Alpha,Alpha,,Omar Vance,5173,,,,,2970,1076,486,N,,,,Gamma,Reviewed performance and gathered feedback.,,yara.mensah@demomail.test,,Aligned on billing and renewal terms.,emerson.dorsey@examplecorp.test,sofia.mercer@sampleco.test,,100361,,101287,,100774,,,100936,,100782,,elena.ashby@sampleco.test,Sofia Mensah,Y,Cardinal Capital Corp,100616,SKU-7816,100940,Skyler Nguyen,101351,,,101122
700633,100398,Resource Care,100106,Quarterly Review,Final,Reviewed performance and gathered feedback.,Y,Y,LOT-6262,yara.patel@acme-fake.test,2023-07-07 23:26:00,omar.mercer@acme-fake.test,Marco Rossi,Priya Haddad,Morgan Calder,,SKU-9081,Morgan Rossi,casey.mensah@sampleco.test,,riley.ivanov@sampleco.test,,N,9.9,8.9,5.0,Elena Okafor,2023-10-24 03:46:00,3996,5902,Beta,Delta,Gamma,SKU-1835,5095,8414,Diego Calder,,,,,202,7000,,2024-05-31 07:39:00,1833,9965,Other,,Delta,Beta,Alex Ford,8191,,,,,1020,9681,9474,Y,,,,Beta,Shared the updated proposal for review.,,drew.larsson@sampleco.test,,Discussed timeline and next steps with the account.,liam.costa@sampleco.test,reese.ivanov@examplecorp.test,,100229,,,,100389,,,101669,,100349,,arjun.ashby@demomail.test,Drew Blake,N,Ironwood Manufacturing LLP,100211,REF-4686,101069,Riley Reyes,101552,,,101103
700634,100702,Resource Care,100442,Wellness Check-In,Final,Resolved the outstanding question about scope.,N,Y,LOT-3210,rahul.calder@examplecorp.test,2024-01-10 09:40:00,sofia.whitfield@demomail.test,Taylor Mercer,Jordan Reyes,,,,,priya.haddad@demomail.test,,arjun.okafor@acme-fake.test,,Y,4.1,9.4,2.4,Liam Costa,2024-02-23 17:32:00,2951,1691,Delta,Gamma,Alpha,SKU-6754,4796,4191,Mei Nguyen,,,,,1796,3921,Emerson Rossi,2023-04-17 21:33:00,,6875,Other,Standard,Alpha,Standard,Chen Calder,4406,,,,,4872,7589,4276,Y,,,,Gamma,Followed up on the open items from last week.,,jordan.sloan@acme-fake.test,,Followed up on the open items from last week.,arjun.nguyen@sampleco.test,riley.costa@sampleco.test,,100350,,,,,,,100984,,,,elena.patel@demomail.test,,N,Redwood Retail LLP,100461,SKU-1145,100994,Omar Rossi,100909,,,101561
700635,100435,Resource Care,100645,Wellness Check-In,Final,Scheduled a check-in for the coming month.,Y,Y,REF-7189,rahul.silva@sampleco.test,2024-07-23 20:01:00,jordan.mercer@sampleco.test,Marco Patel,Morgan Dorsey,,,SKU-6268,,casey.reyes@sampleco.test,,casey.reyes@acme-fake.test,,Y,1.8,3.1,3.8,Drew Kim,2023-10-30 23:43:00,8559,4915,Delta,Beta,Standard,LOT-4597,7621,9922,Taylor Sato,,,,,9726,9344,Liam Whitfield,2025-09-23 03:04:00,8129,8579,,Delta,Other,Other,Marco Calder,5070,,,,,5600,3688,3707,N,,,,Gamma,Discussed timeline and next steps with the account.,,avery.larsson@sampleco.test,,Aligned on billing and renewal terms.,drew.brooks@examplecorp.test,nina.haddad@examplecorp.test,,100470,,101062,,100758,,,101086,,100357,,taylor.whitfield@sampleco.test,Morgan Sato,Y,Copper Financial Group,100568,REF-2561,101565,Liam Patel,100947,,,101500
700636,100191,Customer Management,100495,Wellness Check-In,Final,Aligned on billing and renewal terms.,Y,N,TAG-2747,sofia.larsson@demomail.test,2023-01-24 01:47:00,omar.reyes@demomail.test,Noah Cohen,Omar Sloan,Jamie Ivanov,,,Arjun Garcia,aisha.sloan@acme-fake.test,Sofia Garcia,casey.vance@demomail.test,Emerson Okafor,Y,2.9,7.7,7.9,Jordan Nguyen,2023-07-13 04:23:00,4544,4597,Beta,Alpha,Delta,LOT-4782,1710,1201,Quinn Patel,,,,,9545,9113,Riley Brooks,2024-01-25 15:08:00,9926,8958,Standard,Delta,Alpha,Beta,Nina Mensah,3502,,,,,,8398,,N,,,,Other,Shared the updated proposal for review.,,fatima.brooks@acme-fake.test,,Reviewed performance and gathered feedback.,drew.ashby@acme-fake.test,jamie.sato@acme-fake.test,,100438,,,,100382,,,,,,,arjun.costa@demomail.test,Avery Sloan,Y,Blue Ridge Systems Group,100139,SKU-2937,100978,Quinn Calder,101210,,,101630
700637,100083,Customer Management,100106,Customer Success Check-In,Final,Followed up on the open items from last week.,N,Y,SKU-2095,riley.silva@demomail.test,2023-12-11 05:06:00,reese.reyes@acme-fake.test,Drew Ivanov,Jamie Blake,Riley Ford,,,,noah.brooks@sampleco.test,Skyler Ford,rahul.calder@examplecorp.test,,N,1.5,9.8,2.2,Aisha Dorsey,2025-03-15 00:56:00,919,572,Gamma,Delta,Gamma,LOT-8746,5969,3112,Liam Costa,,,,,6604,1350,Marco Ford,2025-11-03 08:37:00,5957,7415,,Beta,Beta,Other,Mei Silva,2319,,,,,2039,7556,5760,Y,,,,Gamma,Followed up on the open items from last week.,Taylor Mercer,yara.kim@demomail.test,,Noted a concern to revisit at the next sync.,nina.nguyen@sampleco.test,jordan.sloan@examplecorp.test,,100183,,101420,,,,,,,,,avery.vance@acme-fake.test,,Y,Redwood Holdings Ltd,100278,TAG-1217,101210,Elena Garcia,101368,,,101551
700638,100273,Resource Care,100079,Wellness Check-In,Final,Aligned on billing and renewal terms.,N,Y,SKU-5297,riley.vance@acme-fake.test,2026-06-17 07:24:00,skyler.ashby@acme-fake.test,Rahul Silva,Emerson Kim,,,,Mei Whitfield,avery.sloan@demomail.test,Jamie Sloan,chen.ashby@examplecorp.test,,Y,9.3,8.3,1.3,Sofia Vance,2025-11-30 07:16:00,9947,1379,Standard,Alpha,Beta,TAG-2928,2651,6577,Marco Mercer,,,,,3021,1238,Marco Mensah,2025-09-29 14:45:00,5969,5487,Delta,Alpha,Alpha,Alpha,Drew Whitfield,7720,,,,,,90,8902,N,,,,Beta,Noted a concern to revisit at the next sync.,,reese.calder@acme-fake.test,,Followed up on the open items from last week.,emerson.sato@acme-fake.test,emerson.sloan@sampleco.test,,100162,,101632,,100423,,,101272,,100079,,rowan.blake@acme-fake.test,Reese Larsson,Y,Northwind Energy Ltd,100139,TAG-6850,101379,Nina Silva,100865,,SKU-8312,101353
700639,100372,Resource Care,100787,Wellness Check-In,Final,Scheduled a check-in for the coming month.,N,Y,LOT-9048,chen.calder@demomail.test,2024-05-01 04:20:00,rowan.nguyen@acme-fake.test,Avery Dorsey,Sofia Reyes,Nina Ivanov,,SKU-2489,,morgan.kim@examplecorp.test,,morgan.okafor@demomail.test,Alex Mensah,N,9.6,1.2,5.3,Skyler Ford,2024-03-04 17:31:00,3463,5837,Delta,Gamma,Other,REF-9755,6075,9877,Liam Larsson,,,,,5875,2358,Mei Ivanov,2024-11-14 16:02:00,7440,1710,Alpha,Other,Alpha,Other,Rowan Vance,5401,,,,,1785,1571,6158,N,,,,Gamma,Shared the updated proposal for review.,,casey.haddad@examplecorp.test,,Resolved the outstanding question about scope.,priya.vance@demomail.test,fatima.dorsey@demomail.test,,100389,,101325,,,,,101364,,,,omar.vance@demomail.test,Rahul Kim,N,Cardinal Dynamics Inc,100286,SKU-9621,101414,Yara Blake,101035,,,101594
700640,100519,Customer Management,100643,Wellness Check-In,Final,Noted a concern to revisit at the next sync.,N,N,SKU-8528,emerson.costa@sampleco.test,2023-09-29 10:22:00,emerson.calder@sampleco.test,Riley Ivanov,Noah Cohen,,,LOT-9449,,arjun.sato@demomail.test,Yara Blake,fatima.patel@sampleco.test,Taylor Larsson,N,1.6,4.3,6.3,Mei Cohen,2025-10-09 08:59:00,62,6390,Alpha,Standard,Standard,REF-4869,3500,4673,Chen Ashby,,,,,6592,8952,Diego Ivanov,2024-11-06 12:07:00,2404,5210,Gamma,Delta,Other,Beta,Drew Brooks,5512,,,,,7933,792,6491,N,,,,Standard,Aligned on billing and renewal terms.,,morgan.whitfield@examplecorp.test,,Reviewed performance and gathered feedback.,riley.nguyen@sampleco.test,skyler.silva@sampleco.test,,100182,,101299,,100566,,,,,100535,,diego.mercer@examplecorp.test,Yara Calder,N,,100613,LOT-9440,101254,Diego Nguyen,101512,,,101691
700641,100775,Customer Management,100639,Customer Success Check-In,Final,Scheduled a check-in for the coming month.,Y,N,REF-8358,taylor.costa@examplecorp.test,2024-11-02 00:28:00,emerson.kim@examplecorp.test,Rahul Costa,Mei Haddad,,,SKU-3732,,marco.garcia@examplecorp.test,Sofia Rossi,riley.nguyen@acme-fake.test,Quinn Dorsey,Y,4.2,4.1,6.0,Taylor Sloan,2025-12-04 15:35:00,3549,8659,Standard,Beta,Beta,SKU-6333,2257,4568,Marco Silva,,,,,5166,2361,Fatima Mercer,2025-07-03 00:53:00,713,1238,Gamma,,Delta,Beta,Emerson Haddad,5919,,,,,5120,2184,6661,N,,,,Standard,Aligned on billing and renewal terms.,,elena.kim@demomail.test,,Noted a concern to revisit at the next sync.,priya.sato@sampleco.test,diego.vance@examplecorp.test,,100003,,,,,,,,,100758,,omar.ivanov@sampleco.test,Elena Rossi,N,Delta Industries Ltd,100435,TAG-2875,101200,Alex Calder,100882,,LOT-9209,101152
700642,100071,Customer Management,100768,Wellness Check-In,Final,Scheduled a check-in for the coming month.,N,Y,LOT-1183,casey.patel@demomail.test,2024-11-02 20:06:00,marco.ford@examplecorp.test,Emerson Reyes,Drew Garcia,Omar Cohen,,,Yara Calder,emerson.mensah@acme-fake.test,,priya.blake@demomail.test,,N,8.3,10.0,9.6,Diego Ashby,2023-06-26 01:43:00,7522,8514,Delta,Standard,Standard,LOT-1684,3820,4471,Elena Okafor,,,,,478,631,Casey Cohen,2024-01-23 18:48:00,9081,1251,Delta,Other,Standard,Alpha,,9012,,,,,7135,9829,8589,N,,,,Standard,Shared the updated proposal for review.,,drew.okafor@examplecorp.test,,Discussed timeline and next steps with the account.,liam.ashby@demomail.test,liam.blake@sampleco.test,,100155,,,,100361,,,,,,,jamie.ashby@acme-fake.test,Chen Nguyen,N,Redwood Robotics Ltd,100654,SKU-4588,101483,,101392,,,101289
700643,100299,Resource Care,100177,Wellness Check-In,Final,Followed up on the open items from last week.,Y,N,SKU-5987,quinn.silva@examplecorp.test,2024-02-22 15:26:00,fatima.ashby@demomail.test,Omar Kim,Quinn Kim,Marco Nguyen,,SKU-8770,Taylor Brooks,avery.sato@demomail.test,Taylor Silva,rowan.vance@sampleco.test,,Y,1.7,2.5,7.8,Yara Costa,2023-04-28 09:52:00,9862,5060,Standard,Standard,Alpha,REF-9267,8777,4512,Skyler Calder,,,,,4278,8367,Reese Mercer,2023-07-21 09:46:00,3479,5074,Beta,Standard,Beta,,Liam Ashby,2069,,,,,8181,8450,2293,Y,,,,Standard,Shared the updated proposal for review.,,diego.nguyen@sampleco.test,,Noted a concern to revisit at the next sync.,riley.haddad@examplecorp.test,rahul.garcia@acme-fake.test,,100639,,101437,,,,,,,100616,,jordan.sato@sampleco.test,Yara Okafor,N,Everest Industries Group,100040,SKU-3795,101580,Liam Kim,100817,,,101631
700644,100396,Customer Management,100271,Quarterly Review,Final,Scheduled a check-in for the coming month.,N,Y,TAG-4575,nina.larsson@acme-fake.test,2025-03-20 05:53:00,riley.whitfield@examplecorp.test,Sofia Okafor,Noah Okafor,Marco Patel,,,Arjun Ivanov,marco.okafor@examplecorp.test,Priya Rossi,casey.sloan@demomail.test,,Y,5.9,2.8,1.5,Arjun Mercer,2026-07-28 23:23:00,212,6384,Gamma,Alpha,Other,REF-1973,9581,3656,Fatima Okafor,,,,,1487,7331,Avery Ford,2023-11-05 02:41:00,2365,2538,Beta,Alpha,Alpha,Other,Avery Costa,3378,,,,,2192,5947,991,N,TAG-5474,,,Standard,Noted a concern to revisit at the next sync.,,omar.ashby@sampleco.test,,Reviewed performance and gathered feedback.,riley.okafor@acme-fake.test,jordan.garcia@examplecorp.test,,100236,,101058,,,,,,,100355,,riley.blake@sampleco.test,Chen Sato,N,Meridian Textiles Group,100688,REF-9598,101018,Rowan Vance,101340,,,101059
700645,100596,Resource Care,100665,Customer Success Check-In,Final,Resolved the outstanding question about scope.,Y,N,REF-2734,elena.ford@sampleco.test,2023-03-03 11:18:00,diego.dorsey@demomail.test,Mei Nguyen,Rahul Cohen,Drew Okafor,,LOT-3365,,elena.calder@demomail.test,Avery Silva,rahul.brooks@sampleco.test,Aisha Reyes,N,9.5,6.4,8.2,Noah Nguyen,2023-02-02 03:09:00,1695,8758,Other,Other,Delta,REF-3719,6358,3403,Riley Brooks,,,,,3235,4566,Liam Kim,2023-12-24 22:47:00,2340,8591,,Delta,Beta,Standard,Yara Patel,8670,,,,,8827,5929,358,N,,,,Alpha,Resolved the outstanding question about scope.,,alex.calder@examplecorp.test,,Noted a concern to revisit at the next sync.,yara.vance@examplecorp.test,chen.mensah@acme-fake.test,,100100,,,,100718,,,,,,,noah.haddad@demomail.test,Morgan Blake,Y,Copper Industries Co,100139,REF-7108,100970,Diego Mensah,100862,Alpha,,100819
700646,100678,Customer Management,100309,Customer Success Check-In,Final,Reviewed performance and gathered feedback.,N,Y,SKU-7344,diego.blake@sampleco.test,2023-09-13 17:56:00,chen.patel@acme-fake.test,Alex Dorsey,Taylor Kim,Avery Blake,,SKU-4264,,drew.vance@demomail.test,,morgan.brooks@demomail.test,Elena Rossi,Y,5.9,2.6,5.8,Reese Sato,2025-05-27 17:25:00,5916,9399,Gamma,Delta,Alpha,SKU-4502,9128,5882,Emerson Calder,,,,,1037,2058,Skyler Costa,2025-02-21 10:28:00,4748,9731,,Beta,Alpha,Delta,,6339,,,,,2717,2274,651,N,,,Other,Other,Reviewed performance and gathered feedback.,,casey.ivanov@demomail.test,,Scheduled a check-in for the coming month.,noah.ashby@demomail.test,priya.haddad@acme-fake.test,,100765,,,,,,,101474,,100023,,casey.vance@acme-fake.test,Fatima Blake,N,Keystone Systems Ltd,100469,SKU-2715,101392,Arjun Okafor,101784,Alpha,,100917
700647,100178,Resource Care,100647,Wellness Check-In,Final,Noted a concern to revisit at the next sync.,N,Y,TAG-6852,rowan.reyes@sampleco.test,2023-01-19 12:44:00,noah.rossi@sampleco.test,Drew Brooks,Nina Sato,Drew Reyes,,LOT-1397,Jordan Nguyen,emerson.rossi@sampleco.test,Sofia Mercer,riley.mercer@acme-fake.test,Skyler Brooks,Y,2.0,8.3,8.8,Avery Garcia,2026-03-17 22:29:00,3132,7252,Other,Delta,Gamma,LOT-1966,4810,4717,Mei Sloan,,,,,8915,8917,Fatima Sato,2024-05-30 04:02:00,6680,9939,Beta,Beta,Standard,Beta,Elena Kim,8838,,,,,5961,,5762,Y,,,,Alpha,Scheduled a check-in for the coming month.,,chen.silva@demomail.test,,Resolved the outstanding question about scope.,rahul.okafor@examplecorp.test,fatima.blake@sampleco.test,,100448,,101721,,100790,,,,,,,rowan.sato@sampleco.test,Nina Sloan,N,Keystone Financial Group,100012,LOT-5051,101076,Skyler Ivanov,101731,,,101024
700648,100457,Customer Management,100516,Customer Success Check-In,Final,Scheduled a check-in for the coming month.,Y,Y,LOT-4823,jordan.reyes@demomail.test,2023-09-03 08:18:00,quinn.costa@sampleco.test,Quinn Silva,Jamie Costa,,,,,alex.rossi@acme-fake.test,,diego.ford@acme-fake.test,,N,3.4,9.7,3.5,Reese Haddad,2022-12-18 09:49:00,7040,6784,Alpha,Gamma,Other,TAG-7646,3039,1896,Nina Blake,,,,,5059,9907,Marco Sato,2023-05-28 11:05:00,2607,5511,Beta,,Other,Standard,Rowan Mensah,1072,,,,,3995,5214,2616,Y,,,,Beta,Resolved the outstanding question about scope.,,chen.rossi@acme-fake.test,,Resolved the outstanding question about scope.,mei.okafor@demomail.test,rowan.ashby@examplecorp.test,,100702,,101344,,,,,101414,,100735,,elena.reyes@examplecorp.test,Marco Mensah,N,Lakeside Holdings LLC,100770,SKU-2206,101757,Reese Ivanov,101641,,,101090
700649,100400,Resource Care,100320,Wellness Check-In,Final,Noted a concern to revisit at the next sync.,Y,N,LOT-9874,rowan.mercer@demomail.test,2025-01-23 16:02:00,avery.costa@sampleco.test,Marco Silva,Jordan Okafor,,,TAG-4624,Morgan Blake,rowan.cohen@examplecorp.test,Avery Ashby,rowan.okafor@sampleco.test,,N,9.9,6.8,9.0,Marco Sato,2023-01-22 21:36:00,5853,970,Beta,Beta,Beta,TAG-2697,3655,5020,Avery Rossi,,,,,6424,9489,Chen Haddad,2024-05-27 11:59:00,218,3194,Gamma,Other,,Gamma,Nina Okafor,4601,,,,,,8788,567,N,,,,Alpha,,,alex.costa@acme-fake.test,Alpha,Shared the updated proposal for review.,arjun.okafor@examplecorp.test,quinn.haddad@sampleco.test,,100460,,,,100089,,,100813,,,,elena.ford@acme-fake.test,Rowan Brooks,N,Falcon Dynamics,100656,SKU-3894,100981,,101325,,,101553
700650,100278,Customer Management,100325,Wellness Check-In,Draft,Followed up on the open items from last week.,N,Y,SKU-1525,riley.okafor@acme-fake.test,2025-07-13 16:47:00,avery.calder@examplecorp.test,Rowan Haddad,Casey Ford,Liam Cohen,,,Taylor Mercer,jordan.sato@demomail.test,Omar Brooks,emerson.vance@sampleco.test,Quinn Rossi,Y,2.1,2.6,4.1,Sofia Okafor,2022-10-09 06:43:00,4039,3542,Beta,Delta,Beta,SKU-1873,9700,268,Casey Sloan,,,,,973,2904,Riley Mercer,2025-03-19 21:24:00,6694,6424,Alpha,Alpha,Other,Alpha,Chen Patel,515,,,,,1465,9294,544,N,,,,Delta,Reviewed performance and gathered feedback.,,priya.garcia@examplecorp.test,,Shared the updated proposal for review.,skyler.rossi@acme-fake.test,marco.silva@examplecorp.test,,100445,,101046,,100062,,,101689,,,,rowan.brooks@sampleco.test,,N,Northwind Logistics Corp,100403,TAG-3044,101290,,101773,,,101176
700651,100724,Customer Management,100421,Quarterly Review,Final,Resolved the outstanding question about scope.,N,Y,LOT-2537,aisha.blake@demomail.test,2023-04-11 06:52:00,jordan.vance@sampleco.test,Liam Mercer,Noah Brooks,Chen Larsson,,LOT-6295,Emerson Mercer,fatima.blake@demomail.test,Riley Kim,aisha.garcia@examplecorp.test,Emerson Whitfield,Y,9.5,9.5,3.4,Elena Ashby,2022-12-28 10:55:00,2624,4480,Gamma,Delta,Gamma,SKU-6973,7926,6151,Arjun Calder,,,,,7260,7591,Taylor Vance,2025-05-29 21:27:00,751,966,Alpha,Other,Other,Alpha,,3254,,,,,3720,2970,9512,Y,,,Beta,Other,Scheduled a check-in for the coming month.,,liam.reyes@demomail.test,,Discussed timeline and next steps with the account.,avery.larsson@examplecorp.test,rowan.mercer@acme-fake.test,,100322,,101461,,100053,,,,,100535,,diego.sloan@examplecorp.test,,N,Horizon Media Group,100077,LOT-7510,101506,Liam Calder,101376,,SKU-2102,101079
700652,100345,Customer Management,100421,Customer Success Check-In,Final,Resolved the outstanding question about scope.,Y,Y,TAG-9334,drew.larsson@demomail.test,2022-10-12 17:06:00,sofia.sato@acme-fake.test,Quinn Kim,Priya Brooks,Alex Blake,,TAG-9221,Casey Nguyen,chen.mercer@sampleco.test,Drew Mercer,omar.blake@demomail.test,Drew Haddad,Y,9.0,2.0,1.2,Jordan Larsson,2024-10-28 00:25:00,500,4415,Other,Delta,Standard,LOT-8145,7434,1502,Arjun Costa,,,,,7549,1509,Jamie Dorsey,2023-05-03 17:48:00,7973,7390,Gamma,Other,Gamma,Delta,Priya Kim,,,,,,5913,9580,7080,Y,,,Gamma,Alpha,Followed up on the open items from last week.,,quinn.larsson@sampleco.test,,Aligned on billing and renewal terms.,quinn.rossi@demomail.test,quinn.nguyen@sampleco.test,,100109,,,,,,,100933,,,,yara.blake@examplecorp.test,Liam Mercer,N,Brightpath Robotics LLC,100713,LOT-5907,101773,Casey Mercer,101182,,,101679
700653,100339,Resource Care,100421,Customer Success Check-In,Final,Shared the updated proposal for review.,N,Y,TAG-5309,taylor.kim@acme-fake.test,2023-05-27 18:45:00,morgan.rossi@sampleco.test,Omar Okafor,Rahul Vance,Morgan Brooks,,REF-3426,Liam Mensah,riley.calder@demomail.test,Jamie Patel,drew.reyes@sampleco.test,Alex Silva,N,3.4,1.6,5.8,Emerson Vance,2025-05-11 13:07:00,3322,7335,Other,Alpha,Standard,TAG-2893,9763,1231,Diego Rossi,,,,,95,5991,Rowan Ashby,2025-11-15 14:43:00,7162,6952,Standard,Alpha,Other,Other,Jamie Mensah,525,,,,,2957,513,7682,N,,,,,Resolved the outstanding question about scope.,,rowan.brooks@acme-fake.test,,Aligned on billing and renewal terms.,omar.calder@demomail.test,diego.ashby@sampleco.test,,100458,,101716,,100441,,,100917,,100291,,avery.costa@demomail.test,Yara Whitfield,N,Harbor Ventures Ltd,100656,REF-9118,101129,Alex Ashby,101595,,,101086
700654,100156,Resource Care,100380,Customer Success Check-In,Final,Noted a concern to revisit at the next sync.,Y,Y,REF-6151,rowan.ashby@acme-fake.test,2024-07-05 13:58:00,fatima.okafor@acme-fake.test,Emerson Brooks,Elena Ashby,Aisha Costa,,,Emerson Rossi,liam.haddad@demomail.test,,fatima.ford@sampleco.test,Emerson Patel,N,3.4,8.4,9.1,Fatima Calder,2025-12-07 23:41:00,8426,6834,Delta,Delta,Alpha,REF-7257,2821,9468,Jordan Costa,,,,,7909,5302,Casey Sloan,2025-11-02 04:10:00,1807,2940,,Other,Gamma,Beta,Diego Calder,9788,,,,,492,5401,8486,N,,,,Delta,Reviewed performance and gathered feedback.,Nina Garcia,alex.mensah@demomail.test,,Noted a concern to revisit at the next sync.,rahul.vance@demomail.test,reese.ivanov@sampleco.test,,100257,,,,100559,,,,,100775,,mei.larsson@sampleco.test,,N,Cardinal Partners Group,100599,TAG-9398,101545,Aisha Mercer,101084,,LOT-6403,101361
700655,100278,Resource Care,100096,Customer Success Check-In,Final,Shared the updated proposal for review.,Y,Y,TAG-6560,reese.whitfield@examplecorp.test,2025-01-23 14:44:00,jamie.cohen@demomail.test,Chen Calder,Reese Garcia,Arjun Ivanov,,,,rahul.mensah@demomail.test,,noah.ashby@examplecorp.test,Elena Rossi,N,6.5,3.6,7.4,Noah Okafor,2026-03-18 19:41:00,2514,4672,Gamma,Gamma,Alpha,REF-3713,9437,7939,Fatima Mensah,,,,,4174,5213,Liam Cohen,2024-01-04 14:13:00,1103,2197,,Gamma,Standard,Delta,Casey Vance,1349,,,,,6870,4255,,Y,,,,Gamma,Discussed timeline and next steps with the account.,,casey.costa@acme-fake.test,Alpha,Scheduled a check-in for the coming month.,quinn.patel@examplecorp.test,nina.cohen@acme-fake.test,,100181,,,,100317,,,,,100516,,yara.ford@sampleco.test,Yara Calder,N,Lakeside Dynamics Co,100303,LOT-1434,101512,Jordan Cohen,101153,,,100960
700656,100512,Resource Care,100466,Customer Success Check-In,Final,Resolved the outstanding question about scope.,N,N,REF-2128,avery.haddad@acme-fake.test,2026-05-29 08:59:00,nina.larsson@examplecorp.test,Casey Vance,Jordan Okafor,Riley Blake,,,Fatima Vance,nina.mensah@acme-fake.test,,rahul.dorsey@demomail.test,,N,9.9,5.0,7.5,Jamie Reyes,2026-03-14 01:00:00,3337,4311,Standard,Other,Standard,SKU-3744,1633,7650,Elena Nguyen,,,,,2008,2018,Morgan Haddad,2024-02-09 10:03:00,8013,,Gamma,Delta,Standard,,Jamie Ashby,128,,,,,9245,142,7286,N,,,,Gamma,,Riley Calder,alex.nguyen@sampleco.test,,Noted a concern to revisit at the next sync.,liam.vance@acme-fake.test,emerson.sato@demomail.test,,100087,,101409,,100758,,,101353,,,,fatima.calder@acme-fake.test,Casey Patel,Y,Lakeside Analytics LLP,100298,LOT-7332,100905,Elena Ford,101760,,TAG-1477,101371
700657,100220,Customer Management,100759,Customer Success Check-In,Draft,Discussed timeline and next steps with the account.,N,Y,LOT-8681,rowan.rossi@acme-fake.test,2023-05-25 17:17:00,rahul.silva@sampleco.test,Priya Mercer,Noah Costa,,,TAG-1582,Morgan Cohen,reese.sato@demomail.test,,reese.vance@acme-fake.test,Diego Mensah,N,7.4,5.6,1.8,Avery Brooks,2023-01-27 10:24:00,826,2157,Beta,Gamma,Delta,REF-1939,7842,1723,Priya Dorsey,,,,,1301,9222,Drew Larsson,2025-07-13 03:51:00,9525,546,Delta,Delta,Alpha,Alpha,Jamie Patel,9538,,,,,,,2303,Y,,Gamma,,,Resolved the outstanding question about scope.,,avery.silva@demomail.test,,Reviewed performance and gathered feedback.,marco.cohen@demomail.test,reese.ivanov@sampleco.test,,100174,,101531,,100023,,,,,,,noah.ivanov@examplecorp.test,Riley Ashby,N,Atlas Financial Group,100152,SKU-1672,101264,Sofia Ashby,101177,,,101427
700658,100115,Customer Management,100201,Customer Success Check-In,Final,Noted a concern to revisit at the next sync.,N,Y,LOT-6974,elena.dorsey@examplecorp.test,2023-11-01 03:22:00,yara.calder@examplecorp.test,Arjun Garcia,Diego Blake,Reese Patel,,SKU-3090,Fatima Sato,liam.kim@acme-fake.test,Nina Mercer,chen.larsson@examplecorp.test,Casey Mercer,N,5.1,1.8,7.4,Skyler Cohen,2024-09-29 16:00:00,1503,2191,Beta,Standard,Standard,SKU-2831,168,6257,Elena Whitfield,,,,,9200,669,Fatima Rossi,2023-04-13 05:36:00,3748,1252,Other,Gamma,Other,Standard,,1809,,,,,6678,8922,5020,N,,,,Delta,Noted a concern to revisit at the next sync.,,casey.ford@acme-fake.test,,Scheduled a check-in for the coming month.,arjun.costa@examplecorp.test,casey.kim@examplecorp.test,,100260,,,,100161,,,101452,,,,jordan.larsson@acme-fake.test,Avery Calder,N,Blue Ridge Analytics Inc,100278,LOT-4865,100994,Rahul Larsson,101713,,,101225
700659,100058,Resource Care,100462,Wellness Check-In,Final,Shared the updated proposal for review.,N,Y,SKU-8795,rahul.okafor@sampleco.test,2026-03-29 23:28:00,alex.ford@sampleco.test,Reese Mercer,Rowan Calder,Nina Haddad,,,Riley Sloan,rahul.silva@sampleco.test,Jamie Calder,liam.garcia@sampleco.test,Mei Rossi,Y,7.2,6.0,8.8,Yara Ivanov,2026-04-13 08:54:00,7112,905,Delta,Alpha,Gamma,SKU-7518,9876,5295,Taylor Haddad,,,,,1641,4371,,2023-12-30 21:09:00,4120,1552,Delta,Standard,Other,Other,Casey Mercer,4910,,,,,8455,6085,3492,N,,,,Alpha,Shared the updated proposal for review.,,chen.ashby@examplecorp.test,,Resolved the outstanding question about scope.,rowan.haddad@acme-fake.test,casey.whitfield@demomail.test,,100535,,,,100635,,,101349,,100043,,omar.cohen@demomail.test,Marco Larsson,N,Falcon Dynamics,100046,TAG-8822,100899,Aisha Mensah,100998,,,101534
700660,100386,Resource Care,100661,Quarterly Review,Final,Scheduled a check-in for the coming month.,Y,N,REF-5618,jamie.garcia@demomail.test,2023-09-07 21:51:00,elena.vance@examplecorp.test,Aisha Nguyen,Marco Okafor,,,TAG-4181,Chen Mensah,quinn.mercer@acme-fake.test,Rahul Brooks,rahul.ivanov@demomail.test,,N,5.7,9.3,4.3,Mei Okafor,2024-01-02 10:50:00,7062,9415,Gamma,Other,Beta,SKU-8663,8462,7482,Arjun Ford,,,,,5344,2903,Elena Cohen,2023-03-03 23:36:00,5328,1931,Beta,Gamma,Standard,Standard,Priya Haddad,,,,,,,8650,3097,N,,,,,Noted a concern to revisit at the next sync.,,taylor.ashby@examplecorp.test,,Noted a concern to revisit at the next sync.,reese.nguyen@examplecorp.test,chen.whitfield@acme-fake.test,,100385,,,,,,,101021,,100554,,emerson.costa@demomail.test,Noah Mercer,Y,Meridian Textiles LLP,100771,SKU-6777,101524,Fatima Larsson,101575,,TAG-5235,100887
700661,100077,Customer Management,100613,Quarterly Review,Final,Reviewed performance and gathered feedback.,Y,Y,SKU-6971,emerson.sato@examplecorp.test,2024-12-29 13:44:00,drew.haddad@examplecorp.test,Rowan Costa,Noah Garcia,,,,Arjun Costa,avery.rossi@sampleco.test,,skyler.haddad@sampleco.test,Morgan Ivanov,Y,3.2,2.7,7.9,Aisha Haddad,2023-04-30 16:56:00,2938,44,Standard,Beta,Delta,SKU-7030,4466,6997,Jordan Costa,,,,,5939,7537,Jordan Mensah,2025-04-08 19:23:00,6539,864,Alpha,Delta,Delta,,Chen Kim,9339,,,,,65,8201,7861,N,,,,Standard,Scheduled a check-in for the coming month.,,emerson.reyes@demomail.test,,Reviewed performance and gathered feedback.,emerson.mensah@examplecorp.test,morgan.okafor@sampleco.test,,100178,,100926,,100330,,,101176,,100038,,casey.ashby@examplecorp.test,Jamie Vance,N,Atlas Holdings Co,100462,SKU-9776,101231,Taylor Kim,101268,,,101497
700662,100503,Resource Care,100404,Quarterly Review,Draft,Scheduled a check-in for the coming month.,Y,Y,SKU-6511,chen.larsson@acme-fake.test,2024-09-30 21:36:00,casey.whitfield@sampleco.test,Arjun Patel,Aisha Silva,,,REF-4132,Avery Nguyen,noah.ivanov@acme-fake.test,,alex.blake@acme-fake.test,,Y,7.3,4.5,1.3,Casey Vance,2023-09-12 02:32:00,3666,5908,Gamma,Alpha,Gamma,SKU-8005,4648,1720,Rahul Cohen,,,,,2879,8492,,2024-11-08 00:12:00,6356,4858,,Beta,Standard,Beta,Yara Okafor,3972,,,,,7751,7200,538,N,,,,Alpha,,,arjun.blake@sampleco.test,,Followed up on the open items from last week.,nina.ford@demomail.test,rahul.brooks@examplecorp.test,,100165,,,,100288,,,100963,,100115,,drew.larsson@acme-fake.test,Omar Vance,N,Northwind Manufacturing Co,100130,REF-7820,101152,Rowan Dorsey,101344,,,100820
700663,100726,Customer Management,100454,Quarterly Review,Final,Aligned on billing and renewal terms.,Y,N,LOT-3608,noah.rossi@acme-fake.test,2025-12-05 18:49:00,avery.sato@sampleco.test,Jamie Silva,Nina Ashby,,,,Casey Garcia,drew.cohen@acme-fake.test,Rahul Whitfield,fatima.dorsey@examplecorp.test,Taylor Ivanov,N,2.6,7.0,2.4,Liam Brooks,2022-11-12 01:37:00,4220,1168,Beta,Gamma,Gamma,SKU-2428,9314,4536,Jamie Garcia,,,,,5936,3143,Fatima Haddad,2024-01-09 15:21:00,4650,282,Other,Gamma,Other,Standard,Avery Okafor,2050,,,,,2392,5917,9199,Y,,,,,,,avery.dorsey@demomail.test,,Resolved the outstanding question about scope.,nina.rossi@acme-fake.test,liam.kim@acme-fake.test,,100558,,100870,,100478,,,100893,,,,sofia.rossi@sampleco.test,Rahul Reyes,N,Northwind Foods Ltd,100350,SKU-5875,101689,Jordan Rossi,101672,,,101455
700664,100432,Customer Management,100033,Wellness Check-In,Final,Scheduled a check-in for the coming month.,N,Y,LOT-5949,jamie.calder@examplecorp.test,2024-03-01 12:02:00,taylor.okafor@sampleco.test,Alex Brooks,Skyler Ashby,Drew Kim,,LOT-5302,Priya Costa,riley.costa@sampleco.test,,arjun.sloan@acme-fake.test,Rahul Ivanov,Y,2.4,2.6,7.2,Aisha Patel,2024-08-13 09:09:00,8176,7406,Beta,Delta,Other,REF-5408,626,353,Marco Garcia,,,,,304,7931,Nina Silva,2024-09-29 00:17:00,355,8479,Beta,Alpha,Standard,Standard,Morgan Brooks,9181,,,,,7766,1939,9302,N,,,,Standard,Aligned on billing and renewal terms.,,liam.dorsey@examplecorp.test,,Shared the updated proposal for review.,liam.brooks@examplecorp.test,rowan.ivanov@demomail.test,,100650,,101616,,,,,,,100471,,rahul.larsson@demomail.test,Rowan Sato,Y,Granite Financial Co,100076,SKU-2324,101719,Yara Costa,101200,,,101420
700665,100183,Resource Care,100504,Customer Success Check-In,Final,Aligned on billing and renewal terms.,Y,Y,LOT-1326,fatima.ashby@examplecorp.test,2024-01-11 09:35:00,nina.costa@sampleco.test,Diego Patel,Liam Mercer,Diego Sloan,,TAG-1006,Avery Reyes,nina.ivanov@sampleco.test,Reese Haddad,noah.sloan@examplecorp.test,Rowan Ashby,Y,6.9,1.5,5.1,Noah Silva,2023-09-09 08:06:00,4958,2263,Beta,Other,Delta,REF-2784,1885,7196,Rahul Ford,,,,,7824,1947,Emerson Ivanov,2025-01-24 18:23:00,5045,7551,,Alpha,Gamma,Beta,Sofia Kim,3869,,,,,6486,2608,3403,Y,,Alpha,,Standard,Discussed timeline and next steps with the account.,,yara.reyes@acme-fake.test,,Scheduled a check-in for the coming month.,avery.cohen@acme-fake.test,arjun.haddad@demomail.test,,100031,,101221,,,,,,,100311,,emerson.mensah@sampleco.test,Drew Patel,Y,Summit Labs Ltd,100686,SKU-9064,101678,Casey Nguyen,101152,,,100951
700666,100702,Resource Care,100133,Wellness Check-In,Final,Noted a concern to revisit at the next sync.,N,Y,SKU-9734,omar.larsson@demomail.test,2025-04-20 12:23:00,avery.garcia@acme-fake.test,Morgan Vance,Diego Silva,Drew Costa,,TAG-2831,,skyler.brooks@acme-fake.test,Yara Vance,quinn.reyes@acme-fake.test,Casey Sloan,N,2.9,1.6,2.0,Jamie Whitfield,2023-11-30 02:21:00,789,6438,Standard,Beta,Standard,REF-4586,9784,2923,Casey Haddad,,,,,7615,3543,Noah Rossi,2023-12-01 21:04:00,6442,451,Gamma,,Beta,Delta,Jamie Vance,1569,,,,,938,2454,,Y,,,,Delta,Aligned on billing and renewal terms.,,morgan.haddad@sampleco.test,,Noted a concern to revisit at the next sync.,reese.patel@sampleco.test,nina.kim@examplecorp.test,,100753,,101346,,,,,,,,,chen.mensah@demomail.test,Rowan Haddad,N,Ironwood Industries,100529,SKU-6144,100984,,101002,,,101393
700667,100042,Customer Management,100438,Wellness Check-In,Final,Discussed timeline and next steps with the account.,N,Y,REF-5742,mei.costa@sampleco.test,2023-02-20 02:24:00,omar.sloan@acme-fake.test,Sofia Haddad,Rahul Garcia,Mei Mercer,,,Diego Vance,noah.sloan@acme-fake.test,,noah.nguyen@examplecorp.test,Yara Rossi,N,7.8,6.2,7.5,Fatima Patel,2025-08-15 10:02:00,827,263,Gamma,Gamma,Gamma,REF-4955,2955,7905,Avery Mercer,,,,,6216,4027,Alex Brooks,2024-10-01 13:01:00,,5448,Standard,Other,Delta,Beta,Drew Whitfield,2255,,,,,9945,451,8726,Y,,,,Delta,Shared the updated proposal for review.,,reese.larsson@sampleco.test,,Scheduled a check-in for the coming month.,arjun.blake@examplecorp.test,jordan.ashby@examplecorp.test,,100269,,,,,,,,,100103,,fatima.mensah@acme-fake.test,Noah Blake,Y,Evergreen Health Ltd,100199,REF-3333,100815,Avery Whitfield,100802,,,101095
700668,100751,Customer Management,100640,Quarterly Review,Final,Resolved the outstanding question about scope.,Y,N,TAG-3253,alex.blake@examplecorp.test,2025-12-01 08:53:00,avery.costa@examplecorp.test,Chen Ashby,Chen Calder,,,REF-8862,Taylor Sloan,elena.larsson@demomail.test,Reese Nguyen,marco.blake@demomail.test,Noah Ford,Y,7.4,2.3,3.9,Yara Brooks,2026-04-05 09:56:00,8247,564,Standard,Delta,Beta,SKU-6788,8544,659,Arjun Kim,,,,,3443,3501,Priya Okafor,2025-02-28 15:03:00,8281,8289,,Delta,Alpha,Standard,Chen Whitfield,8716,,,,,2343,,7346,N,,,,Standard,,,nina.whitfield@sampleco.test,,Noted a concern to revisit at the next sync.,arjun.dorsey@sampleco.test,quinn.ford@demomail.test,,100514,,101474,,,,,,,100352,,taylor.brooks@demomail.test,Jamie Calder,N,Meridian Financial LLC,100031,SKU-2856,101541,Mei Nguyen,101657,,,101176
700669,100275,Customer Management,100428,Customer Success Check-In,Final,Reviewed performance and gathered feedback.,N,N,LOT-6903,rahul.silva@sampleco.test,2024-11-27 12:14:00,omar.okafor@sampleco.test,Morgan Haddad,Marco Vance,,,,Jordan Kim,yara.okafor@demomail.test,Priya Dorsey,aisha.whitfield@acme-fake.test,Priya Mensah,N,6.0,7.2,7.5,Mei Costa,2025-12-08 01:09:00,9575,947,Other,Beta,Standard,REF-4381,1311,577,Emerson Larsson,,,,,5991,5285,Aisha Cohen,2026-07-31 10:11:00,3185,9318,Other,Standard,Gamma,Beta,Fatima Dorsey,6309,,,,,9973,2081,6517,N,,,,,Noted a concern to revisit at the next sync.,,nina.silva@acme-fake.test,,Aligned on billing and renewal terms.,skyler.brooks@demomail.test,morgan.ivanov@acme-fake.test,,100211,,,,,,,,,100576,,noah.ashby@demomail.test,Quinn Calder,N,Beacon Energy,100079,SKU-6379,101472,,101160,,,101609
700670,100263,Customer Management,100453,Quarterly Review,Final,Scheduled a check-in for the coming month.,Y,Y,LOT-1126,mei.brooks@examplecorp.test,2024-11-20 14:45:00,aisha.garcia@examplecorp.test,Sofia Vance,Arjun Kim,Noah Nguyen,,SKU-8338,Aisha Ashby,taylor.whitfield@sampleco.test,Arjun Ivanov,omar.ashby@examplecorp.test,,Y,1.4,9.4,9.3,Yara Haddad,2026-07-04 22:22:00,299,7596,Beta,Other,Alpha,SKU-7444,680,1595,Yara Larsson,,,,,763,9965,Marco Reyes,2023-08-14 04:46:00,18,4464,Beta,Other,Standard,Gamma,Yara Rossi,3313,,,,,8878,9445,8023,N,,Beta,,Other,Discussed timeline and next steps with the account.,,alex.okafor@demomail.test,,Shared the updated proposal for review.,skyler.ivanov@acme-fake.test,omar.cohen@examplecorp.test,,100699,,101552,,100407,,,101168,,,,avery.garcia@acme-fake.test,Fatima Mensah,Y,Northwind Media LLC,100345,SKU-7358,101701,Nina Okafor,101177,,,101730
700671,100509,Customer Management,100250,Customer Success Check-In,Final,Reviewed performance and gathered feedback.,N,N,LOT-8390,drew.sato@acme-fake.test,2024-10-20 09:40:00,nina.whitfield@acme-fake.test,Chen Dorsey,Riley Brooks,,,TAG-4042,Aisha Costa,quinn.whitfield@examplecorp.test,,quinn.ashby@acme-fake.test,Avery Vance,N,7.0,6.3,2.1,Drew Vance,2023-09-22 05:37:00,1521,333,Standard,Standard,Alpha,LOT-5366,9536,4660,Morgan Rossi,,,,,2672,9841,Riley Larsson,2026-06-28 19:52:00,4839,1874,Beta,Beta,Alpha,Alpha,Elena Blake,4676,,,,,3348,4315,2322,N,,,,Delta,Resolved the outstanding question about scope.,,rahul.vance@demomail.test,,Aligned on billing and renewal terms.,riley.cohen@demomail.test,jamie.cohen@acme-fake.test,,100134,,101418,,100737,,,,,100661,,fatima.patel@demomail.test,Avery Ashby,Y,Ironwood Analytics LLP,100471,TAG-1646,101379,Noah Silva,100944,,,100817
700672,100469,Customer Management,100550,Customer Success Check-In,Final,Reviewed performance and gathered feedback.,Y,Y,TAG-6658,omar.costa@examplecorp.test,2025-11-02 21:24:00,aisha.nguyen@examplecorp.test,Aisha Silva,Elena Nguyen,,,TAG-9951,Skyler Ford,omar.sloan@sampleco.test,Morgan Costa,rahul.blake@demomail.test,Skyler Reyes,N,6.9,3.4,9.0,Yara Larsson,2024-03-11 19:29:00,8369,7693,Alpha,Standard,Alpha,TAG-3167,8301,2774,Emerson Ivanov,,,,,1812,3280,Emerson Ivanov,2023-03-28 02:38:00,9492,,Other,Other,Beta,Beta,Omar Silva,8259,,,,,8547,4643,5913,N,,,Standard,Gamma,Shared the updated proposal for review.,,reese.garcia@sampleco.test,,Discussed timeline and next steps with the account.,yara.nguyen@acme-fake.test,alex.blake@sampleco.test,,100281,,100805,,100643,,,101252,,100718,,liam.brooks@sampleco.test,Rowan Whitfield,Y,Falcon Group Co,100753,SKU-5010,101409,Chen Silva,101259,Delta,,101308
700673,100558,Resource Care,100428,Customer Success Check-In,Final,Scheduled a check-in for the coming month.,N,Y,TAG-7432,elena.sato@sampleco.test,2025-10-20 15:54:00,avery.ford@demomail.test,Skyler Blake,Avery Calder,,,LOT-4210,,arjun.sato@sampleco.test,Fatima Kim,elena.okafor@demomail.test,,Y,2.7,3.6,8.6,Riley Vance,2026-04-06 13:23:00,7406,8417,Alpha,Beta,Other,REF-8858,6482,7360,Liam Sloan,,,,,6919,8712,Taylor Vance,2026-06-23 07:53:00,7995,930,Beta,Other,Beta,Delta,Skyler Nguyen,9822,,,,,9607,,6941,Y,,,,,Reviewed performance and gathered feedback.,,chen.silva@examplecorp.test,,Followed up on the open items from last week.,skyler.kim@acme-fake.test,liam.brooks@sampleco.test,,100378,,101704,,100448,,,,,100076,,diego.mensah@demomail.test,,Y,Evergreen Solutions LLC,100460,REF-4440,101721,,101707,,,100865
700674,100710,Resource Care,100328,Wellness Check-In,Draft,Noted a concern to revisit at the next sync.,Y,Y,LOT-3643,chen.mercer@sampleco.test,2023-07-25 22:23:00,taylor.vance@examplecorp.test,Reese Dorsey,Diego Calder,,,,Morgan Garcia,chen.mensah@sampleco.test,Chen Ashby,reese.whitfield@demomail.test,Taylor Vance,N,5.8,4.4,1.5,Omar Garcia,2025-05-13 22:05:00,3084,2422,Standard,Delta,Gamma,TAG-5621,4106,1772,Reese Patel,,,,,5716,8216,Marco Whitfield,2023-01-11 16:28:00,9510,4923,Standard,Gamma,Standard,Delta,Yara Haddad,8658,,,,,305,,2472,Y,,,,Beta,Resolved the outstanding question about scope.,,quinn.mensah@demomail.test,,Resolved the outstanding question about scope.,jordan.larsson@acme-fake.test,priya.blake@acme-fake.test,,100335,,,,,,,,,,,fatima.whitfield@demomail.test,Chen Kim,N,Atlas Holdings Ltd,100439,LOT-1522,101388,Jordan Whitfield,101246,,,101447
700675,100076,Resource Care,100694,Customer Success Check-In,Final,Discussed timeline and next steps with the account.,Y,N,REF-1299,omar.garcia@sampleco.test,2023-12-31 20:18:00,casey.brooks@demomail.test,Yara Calder,Mei Sloan,Rowan Ivanov,,,Drew Blake,sofia.vance@sampleco.test,Rowan Ford,reese.brooks@examplecorp.test,Liam Nguyen,N,6.5,1.9,9.9,Quinn Ford,2026-02-02 16:55:00,6442,8481,Other,Other,Standard,SKU-2042,8449,7026,Liam Vance,,,,,1265,823,Priya Blake,2024-09-23 02:59:00,2893,2281,Alpha,Delta,Other,Alpha,Diego Patel,3995,,,,,7400,7164,8963,Y,,,,,,,emerson.whitfield@sampleco.test,,Resolved the outstanding question about scope.,sofia.haddad@examplecorp.test,reese.kim@examplecorp.test,,100210,,,,100765,,,,,100343,,morgan.nguyen@sampleco.test,Riley Reyes,N,Summit Logistics Ltd,100596,LOT-6449,100960,Mei Vance,101084,,,101076
700676,100448,Customer Management,100532,Wellness Check-In,Draft,Reviewed performance and gathered feedback.,N,N,TAG-8770,nina.ashby@sampleco.test,2024-06-16 19:07:00,diego.reyes@examplecorp.test,Quinn Cohen,Mei Dorsey,Aisha Ivanov,,TAG-1811,Liam Vance,skyler.dorsey@acme-fake.test,Yara Sato,rahul.okafor@examplecorp.test,,N,5.7,5.6,7.2,Sofia Silva,2026-04-19 23:52:00,4021,3329,Delta,Other,Gamma,REF-7109,7698,9791,Arjun Calder,,,,,7871,9391,Sofia Mercer,2025-02-18 11:37:00,385,6249,Beta,Standard,Other,Beta,,,,,,,111,5230,1241,Y,,,,Standard,Resolved the outstanding question about scope.,,elena.kim@demomail.test,,Scheduled a check-in for the coming month.,omar.larsson@sampleco.test,jamie.cohen@demomail.test,,100410,,101087,,100121,,,100899,,100065,,priya.whitfield@demomail.test,Aisha Kim,N,Blue Ridge Energy LLC,100675,REF-7559,101707,Casey Silva,101444,,,100841
700677,100380,Customer Management,100599,Quarterly Review,Draft,Aligned on billing and renewal terms.,Y,N,SKU-2238,omar.ford@examplecorp.test,2024-07-08 07:55:00,liam.whitfield@sampleco.test,Casey Whitfield,Yara Haddad,Emerson Nguyen,,LOT-9080,Marco Silva,diego.costa@examplecorp.test,Drew Ivanov,avery.garcia@acme-fake.test,Aisha Silva,Y,3.9,9.1,6.0,Skyler Ashby,2024-06-18 23:59:00,2210,1127,Other,Delta,Other,LOT-5257,6713,9799,Avery Mercer,,,,,5440,4640,,2026-02-14 11:11:00,8051,8037,Delta,Delta,Other,Alpha,Riley Haddad,,,,,,364,,461,Y,,Delta,,Standard,Aligned on billing and renewal terms.,,nina.calder@acme-fake.test,,Reviewed performance and gathered feedback.,priya.ford@sampleco.test,diego.patel@examplecorp.test,,100759,,,,100269,,,101604,,100246,,drew.haddad@acme-fake.test,Emerson Kim,Y,Ironwood Networks Inc,100699,SKU-7977,101087,Quinn Brooks,101512,,,101119
700678,100494,Customer Management,100361,Customer Success Check-In,Final,Scheduled a check-in for the coming month.,N,N,REF-2564,avery.brooks@demomail.test,2026-05-03 07:24:00,rowan.mensah@examplecorp.test,Jordan Okafor,Priya Nguyen,,,,Chen Okafor,morgan.sato@acme-fake.test,Jordan Silva,riley.cohen@demomail.test,Priya Vance,N,6.5,3.8,2.8,Quinn Okafor,2026-05-20 23:50:00,8688,3651,Alpha,Alpha,Beta,REF-6561,4656,2818,Rowan Brooks,,,,,3912,4181,Jordan Kim,2025-11-10 05:58:00,8110,,Alpha,Other,Beta,Delta,Jordan Ivanov,6295,,,,,9835,7856,4152,N,,,,Beta,Aligned on billing and renewal terms.,,drew.ivanov@demomail.test,Other,Aligned on billing and renewal terms.,riley.sloan@demomail.test,nina.reyes@acme-fake.test,,100688,,,,100595,,,100850,,100680,,skyler.larsson@sampleco.test,,N,Cardinal Media Ltd,100691,REF-8036,101176,Fatima Whitfield,101344,,,101529
700679,100053,Customer Management,100054,Quarterly Review,Final,Noted a concern to revisit at the next sync.,N,Y,LOT-1603,sofia.cohen@examplecorp.test,2025-03-22 05:56:00,yara.okafor@acme-fake.test,Reese Sloan,Rowan Sloan,Casey Sloan,,,Diego Costa,casey.sloan@sampleco.test,Casey Mercer,alex.mercer@sampleco.test,Drew Larsson,N,8.2,7.3,2.4,Noah Brooks,2025-12-21 18:02:00,4832,879,Standard,Gamma,Delta,LOT-3325,3031,5715,Omar Brooks,,,,,712,617,Jordan Reyes,2025-07-17 03:42:00,,6196,Standard,Alpha,Gamma,Other,Elena Brooks,5503,,,,,6681,7190,7232,N,,,,Beta,Reviewed performance and gathered feedback.,,aisha.blake@sampleco.test,,Noted a concern to revisit at the next sync.,avery.kim@examplecorp.test,skyler.dorsey@demomail.test,,100400,,101349,,100196,,,101090,,,,casey.brooks@acme-fake.test,,Y,Delta Retail Co,100033,LOT-9687,100913,Drew Whitfield,101556,,,101159
700680,100470,Customer Management,100191,Quarterly Review,Final,Discussed timeline and next steps with the account.,N,N,TAG-1331,quinn.reyes@sampleco.test,2026-07-27 15:16:00,elena.silva@acme-fake.test,Jamie Kim,Taylor Larsson,Jordan Silva,,,Aisha Brooks,liam.larsson@examplecorp.test,,priya.reyes@examplecorp.test,Noah Vance,N,7.2,4.5,6.0,Reese Silva,2024-09-05 16:06:00,4612,7862,Standard,Alpha,Standard,LOT-1380,3492,91,Emerson Ivanov,,,,,2535,4474,Taylor Brooks,2023-01-18 01:41:00,,5625,Standard,Delta,Alpha,Delta,Taylor Patel,,,,,,4831,3411,7101,N,,,,Delta,Aligned on billing and renewal terms.,,marco.rossi@acme-fake.test,,Shared the updated proposal for review.,jamie.garcia@acme-fake.test,morgan.whitfield@sampleco.test,,100263,,,,100299,,,101057,,100139,,priya.ivanov@acme-fake.test,Jordan Haddad,N,Meridian Group LLP,100035,TAG-7629,101481,Omar Ivanov,101042,,,100863
700681,100204,Resource Care,100696,Customer Success Check-In,Final,Reviewed performance and gathered feedback.,Y,N,TAG-1732,quinn.mensah@demomail.test,2026-02-24 03:39:00,rowan.patel@examplecorp.test,Alex Okafor,Noah Ivanov,Yara Okafor,,,Arjun Ford,taylor.kim@acme-fake.test,Taylor Mercer,fatima.whitfield@demomail.test,Elena Ivanov,Y,4.0,2.3,9.5,Jordan Mercer,2025-02-08 00:49:00,3817,9637,Standard,Gamma,Alpha,REF-3164,7746,908,Mei Vance,,,,,7185,4442,Jordan Larsson,2023-01-14 12:01:00,5288,5911,Other,Beta,Delta,Standard,Alex Okafor,1648,,,,,8985,71,8774,Y,,,,Standard,Resolved the outstanding question about scope.,,nina.silva@acme-fake.test,,Noted a concern to revisit at the next sync.,yara.garcia@demomail.test,skyler.rossi@demomail.test,,100022,,,,100735,,,101202,,100555,,morgan.mensah@acme-fake.test,Reese Ford,Y,,100442,LOT-7482,101609,Skyler Ashby,101354,,,101437
700682,100239,Customer Management,100231,Wellness Check-In,Final,Resolved the outstanding question about scope.,Y,N,SKU-1916,noah.patel@sampleco.test,2024-04-20 22:12:00,sofia.cohen@sampleco.test,Nina Blake,Casey Dorsey,,,TAG-7988,,arjun.mensah@acme-fake.test,,morgan.rossi@sampleco.test,,N,8.0,5.8,9.1,Yara Larsson,2025-09-26 03:20:00,9331,2134,Delta,Other,Standard,TAG-6100,8280,7234,Rowan Mensah,,,,,5401,6388,Quinn Rossi,2024-07-06 04:48:00,2331,57,Delta,Standard,Delta,Gamma,Morgan Kim,,,,,,1541,8906,5408,N,,,,Alpha,Aligned on billing and renewal terms.,,priya.dorsey@sampleco.test,,Discussed timeline and next steps with the account.,fatima.silva@acme-fake.test,fatima.ashby@sampleco.test,,100094,,101282,,100639,,,,,100215,,marco.ivanov@demomail.test,Taylor Cohen,N,,100721,SKU-9809,100936,Arjun Calder,101327,,,101274
700683,100047,Resource Care,100639,Customer Success Check-In,Draft,Resolved the outstanding question about scope.,N,Y,REF-9883,nina.ivanov@sampleco.test,2023-10-08 08:06:00,morgan.patel@acme-fake.test,Emerson Mercer,Jamie Mercer,Yara Silva,,REF-9836,,riley.vance@examplecorp.test,Riley Blake,omar.sloan@examplecorp.test,Omar Sloan,N,6.6,8.4,6.2,Omar Haddad,2023-07-03 11:48:00,7413,1916,Standard,Alpha,Beta,REF-1995,979,6597,Rowan Sloan,,,,,1456,8914,Jordan Nguyen,2025-06-06 05:54:00,8507,9426,Standard,,Alpha,Beta,Rowan Vance,9720,,,,,7015,978,4846,N,,,,Beta,Scheduled a check-in for the coming month.,,sofia.ashby@acme-fake.test,,Shared the updated proposal for review.,arjun.ford@examplecorp.test,liam.larsson@demomail.test,,100149,,,,100130,,,,,,,yara.larsson@demomail.test,,N,Granite Financial Ltd,100193,REF-3527,100951,Drew Brooks,100810,,,101094
700684,100449,Resource Care,100393,Quarterly Review,Final,Reviewed performance and gathered feedback.,Y,Y,SKU-9494,marco.kim@sampleco.test,2024-12-25 19:33:00,chen.calder@demomail.test,Casey Silva,Nina Cohen,Omar Costa,,,,skyler.kim@acme-fake.test,,skyler.nguyen@demomail.test,Yara Patel,N,9.3,8.6,1.8,Elena Silva,2023-08-09 18:18:00,7902,8257,Alpha,Alpha,Other,SKU-6261,6824,5782,Liam Ivanov,,,,,9087,5337,Quinn Vance,2023-04-25 20:10:00,3622,3009,Gamma,Other,Alpha,Other,Rahul Vance,5522,,,,,,5584,8026,Y,LOT-4178,,,Delta,Resolved the outstanding question about scope.,,jamie.sloan@examplecorp.test,,Shared the updated proposal for review.,yara.calder@sampleco.test,omar.haddad@acme-fake.test,,100661,,,,100047,,,100867,,,,rahul.haddad@examplecorp.test,,N,Copper Media Inc,100758,LOT-1751,101490,,101427,,,101739
700685,100055,Customer Management,100661,Wellness Check-In,Draft,Scheduled a check-in for the coming month.,N,N,SKU-3889,noah.silva@examplecorp.test,2025-02-01 08:13:00,noah.ford@sampleco.test,Emerson Cohen,Liam Haddad,Reese Rossi,,,,liam.ford@demomail.test,Rahul Sato,liam.blake@demomail.test,,N,1.3,4.1,8.5,Noah Dorsey,2024-03-28 00:38:00,7069,6390,Beta,Alpha,Standard,LOT-1659,85,1032,Casey Haddad,,,,,2460,1946,Taylor Sloan,2023-07-01 18:19:00,2864,9949,Alpha,Delta,Alpha,Beta,Rowan Ivanov,4360,,,,,123,9751,7481,N,,,,Gamma,,,morgan.rossi@sampleco.test,,Followed up on the open items from last week.,liam.ivanov@sampleco.test,priya.calder@examplecorp.test,,100475,,100884,,100782,,,101149,,100403,,quinn.costa@acme-fake.test,Rowan Calder,N,,100246,SKU-7055,100928,Yara Larsson,101458,,,101281
700686,100350,Customer Management,100286,Wellness Check-In,Final,Aligned on billing and renewal terms.,N,Y,LOT-9382,drew.brooks@sampleco.test,2024-02-20 14:20:00,mei.blake@demomail.test,Noah Rossi,Reese Larsson,Riley Ivanov,,,Elena Kim,avery.dorsey@examplecorp.test,Fatima Costa,rowan.sato@examplecorp.test,Jordan Mensah,Y,6.3,1.5,7.9,Rahul Reyes,2023-03-12 18:16:00,3270,9155,Gamma,Alpha,Alpha,LOT-4450,3271,2837,Rowan Whitfield,,,,,9551,7430,Noah Blake,2026-01-25 05:03:00,9467,8073,Standard,Other,Standard,Other,Mei Garcia,8311,,,,,9405,6293,6853,N,REF-7381,,,Other,Discussed timeline and next steps with the account.,,fatima.cohen@demomail.test,,Aligned on billing and renewal terms.,emerson.reyes@acme-fake.test,jordan.calder@demomail.test,,100239,,,,100242,,,,,100593,,drew.silva@demomail.test,Sofia Whitfield,Y,Copper Retail Group,100121,SKU-6210,101779,Quinn Ivanov,101678,,,101043
700687,100504,Customer Management,100624,Customer Success Check-In,Final,Resolved the outstanding question about scope.,Y,Y,REF-5743,emerson.ivanov@examplecorp.test,2025-05-27 01:27:00,priya.dorsey@demomail.test,Morgan Garcia,Drew Mercer,,,REF-1556,,jordan.cohen@demomail.test,Noah Larsson,arjun.ashby@examplecorp.test,Taylor Kim,Y,1.8,3.5,8.4,Skyler Haddad,2024-11-11 23:38:00,2030,1216,Gamma,Beta,Other,SKU-4549,1455,9741,Fatima Vance,,,,,5711,3620,Yara Calder,2025-09-21 17:40:00,6383,293,Delta,Standard,Beta,Beta,Diego Patel,7517,,,,,4100,5555,1510,N,,,,Alpha,Shared the updated proposal for review.,,reese.patel@demomail.test,,Reviewed performance and gathered feedback.,omar.garcia@examplecorp.test,emerson.okafor@demomail.test,,100385,,100942,,100519,,,,,100336,,avery.dorsey@acme-fake.test,Casey Kim,N,Horizon Dynamics Group,100691,TAG-8681,101688,Quinn Whitfield,101190,,,101306
700688,100117,Resource Care,100119,Quarterly Review,Final,Noted a concern to revisit at the next sync.,Y,N,SKU-3310,aisha.okafor@sampleco.test,2024-08-17 19:43:00,marco.ivanov@sampleco.test,Omar Brooks,Jamie Reyes,Nina Ford,,SKU-2683,,diego.ivanov@examplecorp.test,Diego Reyes,riley.calder@sampleco.test,Rowan Patel,N,3.8,7.1,5.2,Jordan Cohen,2025-04-30 19:35:00,8063,2217,Delta,Gamma,Gamma,SKU-2592,7855,1297,Riley Ashby,,,,,4961,7733,Avery Dorsey,2026-06-10 14:39:00,5339,3932,Beta,Delta,Other,Alpha,Jamie Ivanov,118,,,,,238,,1601,N,,,,Alpha,Scheduled a check-in for the coming month.,,chen.cohen@demomail.test,,Shared the updated proposal for review.,sofia.calder@examplecorp.test,avery.nguyen@sampleco.test,,100717,,,,,,,,,100765,,reese.vance@examplecorp.test,Elena Mensah,Y,Copper Energy LLP,100654,SKU-1386,101666,Yara Vance,100933,,,101161
700689,100733,Customer Management,100503,Customer Success Check-In,Final,Followed up on the open items from last week.,Y,Y,REF-7632,yara.rossi@examplecorp.test,2023-03-31 10:44:00,sofia.ivanov@demomail.test,Sofia Ashby,Liam Dorsey,Rahul Dorsey,,TAG-1294,,liam.dorsey@examplecorp.test,Elena Blake,avery.patel@sampleco.test,,N,5.7,8.9,6.3,Jordan Kim,2026-01-29 21:03:00,4295,8942,Alpha,Alpha,Standard,TAG-8549,5080,6588,Morgan Sato,,,,,9890,7118,Sofia Mensah,2025-06-21 11:16:00,1950,2849,Beta,Alpha,,Beta,Yara Reyes,3201,,,,,443,9999,7522,N,,,,Alpha,Discussed timeline and next steps with the account.,,reese.rossi@examplecorp.test,,Scheduled a check-in for the coming month.,priya.sloan@demomail.test,fatima.ford@sampleco.test,,100260,,101432,,100535,,,101346,,100619,,jamie.whitfield@acme-fake.test,Chen Okafor,N,Falcon Networks Co,100298,SKU-2656,101002,Fatima Ford,101709,,,101784
700690,100028,Customer Management,100153,Quarterly Review,Final,Scheduled a check-in for the coming month.,N,Y,SKU-2996,riley.larsson@sampleco.test,2024-07-31 06:18:00,liam.costa@acme-fake.test,Aisha Okafor,Yara Ford,Priya Ashby,,SKU-4692,,taylor.costa@examplecorp.test,Mei Rossi,noah.mercer@examplecorp.test,Fatima Garcia,Y,1.0,9.2,5.5,Emerson Rossi,2023-03-23 04:43:00,8956,8484,Delta,Beta,Gamma,SKU-4904,3378,1835,Casey Calder,,,,,6567,5556,Aisha Reyes,2024-04-14 08:19:00,8386,4638,Alpha,,Alpha,Beta,,5257,,,,,8676,8164,,N,,,,Gamma,,,skyler.sato@examplecorp.test,,Followed up on the open items from last week.,rowan.haddad@examplecorp.test,sofia.sloan@sampleco.test,,100745,,,,,,,,,100137,,reese.silva@demomail.test,Mei Ivanov,N,Lakeside Labs Group,100651,LOT-3571,101125,Alex Mercer,101213,,,101598
700691,100061,Resource Care,100155,Customer Success Check-In,Draft,Resolved the outstanding question about scope.,Y,N,SKU-7265,priya.sloan@demomail.test,2024-05-10 15:40:00,emerson.calder@acme-fake.test,Alex Vance,Riley Dorsey,,,LOT-9015,Nina Reyes,sofia.vance@sampleco.test,Riley Okafor,drew.patel@demomail.test,Emerson Blake,N,1.4,1.4,2.7,Rahul Ford,2024-08-31 01:18:00,7351,853,Beta,Beta,Gamma,TAG-9192,6759,5212,Skyler Ashby,,,,,850,5727,Reese Haddad,2026-04-02 23:57:00,1935,2262,Delta,Alpha,Delta,Delta,Morgan Sato,2338,,,,,101,2899,9078,N,,,,Beta,Aligned on billing and renewal terms.,,morgan.sloan@sampleco.test,,Reviewed performance and gathered feedback.,jamie.cohen@demomail.test,fatima.blake@acme-fake.test,,100582,,101287,,,,,,,100619,,arjun.reyes@sampleco.test,Sofia Sloan,N,Lakeside Dynamics,100568,REF-8476,100967,Mei Reyes,101292,,,101500
700692,100053,Resource Care,100178,Wellness Check-In,Final,Shared the updated proposal for review.,N,Y,LOT-7481,omar.larsson@sampleco.test,2025-11-18 16:46:00,avery.sato@demomail.test,Taylor Mercer,Diego Whitfield,Mei Mercer,,LOT-1340,Sofia Kim,sofia.cohen@sampleco.test,Taylor Sloan,riley.larsson@demomail.test,Quinn Garcia,Y,8.8,3.9,2.5,Reese Costa,2024-09-11 20:07:00,6709,6987,Standard,Gamma,Standard,REF-9579,9894,7916,Mei Dorsey,,,,,7188,1177,Fatima Garcia,2024-12-28 18:08:00,3220,497,Other,Gamma,Alpha,Beta,Fatima Haddad,7891,,,,,3005,6936,7184,Y,,,,Standard,Discussed timeline and next steps with the account.,,jamie.sloan@sampleco.test,,Shared the updated proposal for review.,elena.patel@sampleco.test,priya.cohen@demomail.test,,100380,,101551,,100775,,,101105,,100540,,rowan.vance@sampleco.test,Aisha Larsson,Y,Everest Media LLP,100791,SKU-6944,101571,Arjun Cohen,101440,,,101442
700693,100619,Resource Care,100782,Quarterly Review,Final,Noted a concern to revisit at the next sync.,Y,Y,REF-7355,casey.haddad@acme-fake.test,2023-09-29 05:00:00,rahul.silva@sampleco.test,Jordan Rossi,Avery Larsson,Sofia Cohen,,,Taylor Brooks,yara.patel@acme-fake.test,,yara.dorsey@acme-fake.test,Riley Rossi,Y,9.8,2.6,9.7,Diego Mercer,2026-06-06 09:32:00,632,8450,Alpha,Gamma,Standard,SKU-5894,1597,5813,Nina Silva,,,,,6289,2752,Rowan Cohen,2025-08-28 10:09:00,6283,,Gamma,Delta,Gamma,,Reese Mensah,5861,,,,,6411,570,83,Y,,,,Standard,Reviewed performance and gathered feedback.,,rahul.mensah@demomail.test,Alpha,Noted a concern to revisit at the next sync.,liam.ashby@examplecorp.test,avery.reyes@acme-fake.test,,100753,,101655,,100372,,,101753,,100224,,rahul.sloan@demomail.test,Diego Blake,Y,Beacon Industries LLP,100487,TAG-3960,101477,Fatima Whitfield,101026,,TAG-6669,101548
700694,100053,Resource Care,100445,Wellness Check-In,Final,Noted a concern to revisit at the next sync.,N,N,LOT-8793,drew.sato@demomail.test,2022-11-03 03:32:00,jordan.garcia@acme-fake.test,Mei Haddad,Emerson Sato,Morgan Ford,,TAG-4293,Chen Sloan,marco.ford@acme-fake.test,Arjun Blake,arjun.costa@sampleco.test,Fatima Garcia,Y,2.1,8.3,7.2,Reese Kim,2023-11-04 18:02:00,2001,1377,Other,Alpha,Delta,REF-8603,2655,289,Quinn Brooks,,,,,9461,8597,Omar Vance,2025-03-07 21:41:00,,1309,Delta,Gamma,,,Marco Ford,7540,,,,,7672,2184,1937,Y,,,,Alpha,Reviewed performance and gathered feedback.,Liam Sato,noah.whitfield@examplecorp.test,,Reviewed performance and gathered feedback.,drew.kim@sampleco.test,rahul.sloan@sampleco.test,,100162,,101325,,,,,,,,,nina.haddad@demomail.test,Casey Sloan,N,Vertex Health Inc,100380,TAG-5077,101266,,101335,,,101153
700695,100638,Resource Care,100420,Wellness Check-In,Final,Followed up on the open items from last week.,N,Y,SKU-5217,marco.vance@examplecorp.test,2024-10-22 22:26:00,morgan.garcia@acme-fake.test,Diego Okafor,Morgan Ford,Aisha Sloan,,,Alex Costa,avery.sloan@examplecorp.test,Sofia Garcia,liam.mensah@demomail.test,Mei Costa,N,6.1,9.1,5.3,Reese Whitfield,2025-02-09 17:03:00,2925,7590,Standard,Beta,Beta,LOT-6973,4027,234,Fatima Costa,,,,,2517,3480,Rahul Haddad,2023-08-31 19:45:00,2426,2332,Beta,Gamma,Delta,Beta,Jamie Blake,7906,,,,,4113,1030,1094,N,,,,Standard,Scheduled a check-in for the coming month.,,chen.costa@sampleco.test,,Discussed timeline and next steps with the account.,noah.haddad@sampleco.test,avery.kim@sampleco.test,,100451,,101669,,,,,101333,,100226,,reese.brooks@examplecorp.test,Aisha Reyes,Y,Everest Group Ltd,100021,SKU-8685,101556,Elena Silva,100913,,,101238
700696,100031,Resource Care,100396,Customer Success Check-In,Final,Shared the updated proposal for review.,N,Y,REF-9011,riley.cohen@examplecorp.test,2026-05-11 03:01:00,mei.rossi@sampleco.test,Omar Sloan,Alex Haddad,Skyler Vance,,REF-9384,Diego Sloan,yara.haddad@examplecorp.test,Fatima Calder,yara.sloan@demomail.test,Jamie Mercer,Y,1.7,9.8,5.6,Casey Cohen,2024-06-25 02:25:00,372,7758,Other,Standard,Standard,LOT-5305,8789,8257,Diego Vance,,,,,6574,987,,2023-01-02 17:02:00,1550,2696,Standard,Other,Beta,Alpha,Arjun Brooks,7890,,,,,8812,3647,,N,TAG-1657,,,Beta,Shared the updated proposal for review.,,marco.reyes@acme-fake.test,,Shared the updated proposal for review.,quinn.patel@acme-fake.test,omar.kim@acme-fake.test,,100643,,,,100498,,,,,,,priya.vance@examplecorp.test,Casey Ford,N,Harbor Analytics,100077,REF-3127,101454,Noah Rossi,100890,,,101320
700697,100028,Customer Management,100062,Wellness Check-In,Draft,Followed up on the open items from last week.,Y,Y,LOT-6867,rahul.haddad@acme-fake.test,2025-04-11 16:24:00,jordan.whitfield@examplecorp.test,Skyler Brooks,Liam Ashby,Rahul Sloan,,,Jordan Okafor,mei.patel@examplecorp.test,Rowan Cohen,elena.sloan@sampleco.test,Sofia Sato,N,5.4,7.1,6.4,Jordan Okafor,2025-06-24 00:35:00,3975,500,Other,Other,Delta,REF-6374,8935,5591,Noah Okafor,,,,,5138,2558,Liam Sato,2026-02-21 05:43:00,676,3052,Delta,Other,Beta,,Jordan Ivanov,9985,,,,,1125,8129,6197,N,,,,,Followed up on the open items from last week.,,reese.blake@sampleco.test,Alpha,Aligned on billing and renewal terms.,rowan.okafor@examplecorp.test,marco.whitfield@demomail.test,,100566,,101399,,100275,,,101419,,100210,,morgan.costa@sampleco.test,Morgan Ford,N,Granite Labs Group,100519,REF-8800,101704,Sofia Dorsey,101483,,,101655
700698,100117,Customer Management,100112,Wellness Check-In,Draft,Shared the updated proposal for review.,Y,Y,TAG-9572,liam.reyes@acme-fake.test,2025-03-10 02:21:00,rahul.nguyen@acme-fake.test,Fatima Haddad,Diego Reyes,,,,Noah Mensah,elena.whitfield@acme-fake.test,Noah Okafor,reese.brooks@examplecorp.test,Rahul Costa,N,3.9,9.4,2.9,Liam Nguyen,2024-04-03 03:37:00,5710,4519,Standard,Alpha,Standard,SKU-8005,443,2914,Liam Whitfield,,,,,4373,5274,,2023-10-21 07:16:00,5999,5570,Gamma,Standard,Alpha,Delta,Rowan Silva,5506,,,,,5663,9620,7464,Y,,,,,Noted a concern to revisit at the next sync.,,quinn.sato@acme-fake.test,,Resolved the outstanding question about scope.,emerson.nguyen@examplecorp.test,liam.rossi@acme-fake.test,,100067,,101211,,,,,101252,,100611,,arjun.whitfield@sampleco.test,Riley Rossi,Y,Cardinal Manufacturing Group,100188,TAG-5305,101002,Priya Blake,101225,,,101162
700699,100784,Resource Care,100155,Customer Success Check-In,Final,Resolved the outstanding question about scope.,Y,N,REF-6088,rahul.reyes@demomail.test,2024-01-15 17:41:00,drew.kim@demomail.test,Chen Okafor,Quinn Kim,,,,,arjun.costa@sampleco.test,Omar Mensah,jordan.silva@acme-fake.test,Drew Reyes,N,2.8,8.9,7.7,Yara Larsson,2023-04-19 18:48:00,5315,8103,Beta,Other,Delta,LOT-1154,189,3415,Alex Rossi,,,,,6547,9812,Diego Vance,2025-09-05 20:26:00,7608,2148,Delta,Other,Other,Beta,Skyler Haddad,4106,,,,,6489,4059,5445,N,,,,Beta,Reviewed performance and gathered feedback.,,rowan.patel@examplecorp.test,,Shared the updated proposal for review.,rahul.sloan@demomail.test,alex.calder@examplecorp.test,,100509,,101159,,,,,,,,,casey.reyes@sampleco.test,Marco Whitfield,Y,Delta Systems,100224,REF-5600,100972,,101225,,,101256
700700,100100,Resource Care,100683,Wellness Check-In,Final,Reviewed performance and gathered feedback.,N,Y,LOT-3194,fatima.mensah@demomail.test,2025-01-04 07:07:00,skyler.ivanov@demomail.test,Quinn Larsson,Diego Whitfield,Riley Reyes,,,Avery Rossi,fatima.sato@examplecorp.test,Nina Larsson,avery.kim@examplecorp.test,Jordan Whitfield,Y,1.4,4.3,8.2,Diego Brooks,2022-12-16 13:38:00,9962,2587,Delta,Beta,Beta,LOT-8753,8638,6125,Riley Ford,,,,,3229,2432,Sofia Nguyen,2025-08-21 16:07:00,6740,6365,Gamma,,Beta,Alpha,Quinn Larsson,5579,,,,,,8947,9972,Y,,,,Alpha,Discussed timeline and next steps with the account.,,noah.dorsey@examplecorp.test,,Shared the updated proposal for review.,morgan.ivanov@sampleco.test,elena.nguyen@acme-fake.test,,100359,,,,100284,,,,,100253,,elena.calder@sampleco.test,Mei Patel,Y,Delta Foods Group,100629,SKU-6993,101327,Elena Mensah,100882,,,101547
700701,100438,Customer Management,100028,Wellness Check-In,Final,Discussed timeline and next steps with the account.,Y,N,REF-5808,fatima.haddad@examplecorp.test,2026-07-02 06:45:00,noah.sloan@acme-fake.test,Reese Blake,Liam Sato,Aisha Blake,,,,jordan.whitfield@acme-fake.test,,arjun.costa@acme-fake.test,,N,6.6,3.8,7.4,Noah Mercer,2026-04-04 05:10:00,9296,6237,Alpha,Gamma,Gamma,LOT-1424,6653,4784,Aisha Okafor,,,,,5132,6299,Liam Garcia,2026-06-08 21:14:00,,8650,Alpha,Other,Beta,Other,,6274,,,,,3333,,2561,Y,,,,Gamma,Shared the updated proposal for review.,Arjun Silva,diego.haddad@demomail.test,,Aligned on billing and renewal terms.,sofia.ford@acme-fake.test,drew.dorsey@demomail.test,,100458,,101724,,100336,,,100991,,100613,,reese.vance@acme-fake.test,Priya Cohen,N,Evergreen Networks Co,100436,LOT-6269,101678,Fatima Reyes,101140,,,101757
700702,100604,Customer Management,100559,Quarterly Review,Final,Resolved the outstanding question about scope.,N,N,TAG-6286,emerson.larsson@acme-fake.test,2023-10-05 05:40:00,casey.silva@acme-fake.test,Reese Silva,Sofia Reyes,Noah Mensah,,SKU-8682,Fatima Nguyen,mei.garcia@examplecorp.test,,omar.vance@examplecorp.test,Drew Calder,N,4.6,8.6,7.0,Jordan Kim,2023-05-24 02:56:00,1035,1840,Alpha,Delta,Alpha,TAG-8787,5280,8725,Alex Nguyen,,,,,9770,1309,Casey Sato,2024-07-31 15:04:00,1943,3664,,Standard,Delta,Other,Drew Blake,3060,,,,,8571,8375,2335,N,,,,Beta,Reviewed performance and gathered feedback.,,drew.vance@examplecorp.test,,Followed up on the open items from last week.,rowan.mercer@demomail.test,noah.costa@sampleco.test,,100735,,101743,,100578,,,,,,,fatima.cohen@examplecorp.test,,N,Northwind Labs Group,100343,LOT-9866,100923,Noah Mensah,101076,,TAG-5359,101276
700703,100672,Customer Management,100382,Customer Success Check-In,Final,Aligned on billing and renewal terms.,N,Y,SKU-8683,liam.kim@examplecorp.test,2025-10-19 08:44:00,mei.rossi@demomail.test,Aisha Reyes,Chen Garcia,Taylor Costa,,,,taylor.ivanov@sampleco.test,Avery Calder,marco.brooks@sampleco.test,Jamie Kim,N,2.5,3.5,4.4,Casey Nguyen,2023-06-23 08:28:00,8493,4219,Gamma,Standard,Alpha,TAG-7314,2725,7056,Casey Rossi,,,,,3616,7901,Avery Mercer,2026-04-24 13:54:00,9277,697,,Other,Alpha,Other,Elena Garcia,648,,,,,1361,2863,3031,Y,,,,Alpha,Discussed timeline and next steps with the account.,,reese.brooks@examplecorp.test,,Noted a concern to revisit at the next sync.,sofia.reyes@demomail.test,taylor.vance@examplecorp.test,,100385,,100953,,100016,,,100884,,100453,,riley.sloan@demomail.test,Arjun Blake,N,Summit Networks Group,100158,TAG-9401,101276,Jamie Patel,101376,,,100991
700704,100500,Resource Care,100188,Wellness Check-In,Final,Discussed timeline and next steps with the account.,Y,N,LOT-8483,morgan.okafor@demomail.test,2024-09-02 06:31:00,jamie.sloan@sampleco.test,Priya Mensah,Arjun Larsson,Jordan Cohen,,TAG-8733,Rahul Sato,arjun.ivanov@demomail.test,,liam.haddad@demomail.test,Skyler Dorsey,N,5.8,2.1,6.9,Sofia Mercer,2025-06-23 18:20:00,2301,3173,Standard,Alpha,Delta,LOT-3653,1129,4015,Avery Larsson,,,,,3905,396,Elena Okafor,2026-07-03 01:59:00,1486,3260,Beta,Alpha,Other,Beta,Priya Silva,6119,,,,,2963,144,5048,Y,,,,Other,Scheduled a check-in for the coming month.,,diego.ashby@demomail.test,,Followed up on the open items from last week.,priya.brooks@acme-fake.test,reese.mensah@acme-fake.test,,100415,,101225,,100340,,,101496,,100774,,avery.kim@demomail.test,Noah Brooks,N,Lakeside Capital Co,100700,LOT-4492,101171,Nina Sloan,101338,,,101404
700705,100503,Resource Care,100260,Quarterly Review,Final,Resolved the outstanding question about scope.,Y,Y,TAG-6211,noah.rossi@examplecorp.test,2025-06-20 07:52:00,sofia.brooks@sampleco.test,Casey Nguyen,Rahul Ivanov,Liam Sato,,,Chen Mensah,nina.nguyen@examplecorp.test,,rowan.ivanov@sampleco.test,Arjun Brooks,Y,3.6,8.1,2.6,Rowan Mensah,2024-07-16 07:47:00,3757,4736,Other,Alpha,Other,SKU-8057,7623,761,Avery Vance,,,,,1306,8732,Jamie Rossi,2023-02-19 01:36:00,,6226,Gamma,Gamma,Standard,Other,Omar Vance,2167,,,,,9809,8974,2108,Y,,Alpha,,Delta,Aligned on billing and renewal terms.,,jordan.calder@examplecorp.test,,Scheduled a check-in for the coming month.,fatima.silva@demomail.test,riley.garcia@demomail.test,,100106,,100924,,100782,,,,,100548,,nina.dorsey@examplecorp.test,Priya Larsson,N,Vertex Systems Co,100551,SKU-6946,100794,,100973,,,101290
700706,100509,Resource Care,100475,Wellness Check-In,Final,Discussed timeline and next steps with the account.,Y,Y,LOT-6603,rahul.sloan@sampleco.test,2024-04-11 21:09:00,morgan.whitfield@demomail.test,Jamie Ivanov,Nina Nguyen,Fatima Nguyen,,SKU-2583,,emerson.sloan@examplecorp.test,,liam.garcia@examplecorp.test,,N,8.4,3.6,1.3,Sofia Garcia,2025-12-14 12:49:00,4617,1203,Other,Alpha,Alpha,TAG-2770,5089,2712,Aisha Sloan,,,,,5476,4490,Chen Okafor,2023-07-22 12:14:00,1662,9355,Other,,Standard,Gamma,Fatima Nguyen,9031,,,,,6411,4606,,Y,,,,Alpha,,,avery.haddad@acme-fake.test,,Followed up on the open items from last week.,elena.ford@acme-fake.test,noah.garcia@acme-fake.test,,100200,,,,,,,,,100428,,emerson.sloan@examplecorp.test,Emerson Garcia,Y,,100774,SKU-6521,101790,Priya Ashby,101029,,,101084
700707,100142,Customer Management,100751,Customer Success Check-In,Draft,Resolved the outstanding question about scope.,N,N,LOT-2178,diego.cohen@sampleco.test,2023-03-10 16:34:00,jamie.reyes@examplecorp.test,Quinn Dorsey,Noah Garcia,Rowan Larsson,,,Jamie Blake,skyler.calder@acme-fake.test,,fatima.garcia@demomail.test,Riley Costa,Y,1.1,8.9,1.4,Aisha Calder,2024-02-07 20:35:00,4540,3778,Other,Gamma,Other,REF-4657,2014,5899,Taylor Sloan,,,,,8914,9919,Quinn Blake,2025-06-27 07:09:00,7593,545,Beta,Gamma,Alpha,Alpha,Casey Okafor,3111,,,,,8844,4112,3690,N,,,,Standard,Resolved the outstanding question about scope.,,rowan.haddad@acme-fake.test,,Noted a concern to revisit at the next sync.,jordan.kim@examplecorp.test,arjun.okafor@demomail.test,,100343,,101195,,,,,100988,,100457,,quinn.costa@acme-fake.test,Arjun Ford,Y,,100782,SKU-6802,100849,Alex Okafor,100937,,,101383
700708,100383,Customer Management,100046,Customer Success Check-In,Final,Discussed timeline and next steps with the account.,Y,N,LOT-3434,drew.mensah@demomail.test,2025-08-22 11:35:00,priya.mercer@acme-fake.test,Noah Silva,Priya Vance,,,REF-6964,Jordan Ivanov,liam.ashby@demomail.test,Alex Mensah,jordan.larsson@examplecorp.test,Rahul Mensah,N,4.5,8.5,6.6,Riley Ford,2025-06-27 21:42:00,3017,96,Standard,Other,Alpha,SKU-2513,6326,8291,Jordan Patel,,,,,9745,7645,Morgan Silva,2026-05-10 15:00:00,6695,,Gamma,Other,Standard,Delta,Rahul Vance,9267,,,,,611,3530,8557,Y,,,,Other,Scheduled a check-in for the coming month.,,drew.mensah@examplecorp.test,,Discussed timeline and next steps with the account.,riley.brooks@demomail.test,morgan.ashby@acme-fake.test,,100220,,,,,,,101609,,100366,,sofia.dorsey@sampleco.test,Sofia Garcia,Y,Everest Media LLC,100375,REF-5143,101389,Drew Whitfield,101491,,,101388
700709,100761,Resource Care,100298,Wellness Check-In,Final,Noted a concern to revisit at the next sync.,Y,Y,TAG-1454,yara.garcia@examplecorp.test,2023-11-08 23:09:00,reese.sato@demomail.test,Taylor Patel,Drew Ivanov,Aisha Kim,,REF-9972,Chen Ashby,marco.mensah@examplecorp.test,Reese Mensah,noah.haddad@examplecorp.test,Arjun Larsson,N,9.7,2.6,7.1,Riley Whitfield,2023-04-22 17:24:00,1139,1731,Standard,Gamma,Delta,SKU-6223,9335,914,Avery Garcia,,,,,3657,9867,Taylor Larsson,2025-03-20 06:10:00,5732,1376,Beta,Standard,Delta,Other,Marco Vance,4039,,,,,5910,9259,1925,N,,,,Other,Noted a concern to revisit at the next sync.,,diego.vance@examplecorp.test,,Resolved the outstanding question about scope.,yara.calder@acme-fake.test,noah.reyes@demomail.test,,100300,,100935,,,,,101576,,100123,,elena.reyes@examplecorp.test,Jamie Okafor,N,Falcon Analytics Inc,100269,SKU-1065,101567,Riley Calder,101510,,,100799
700710,100355,Customer Management,100415,Customer Success Check-In,Final,Resolved the outstanding question about scope.,Y,Y,SKU-9729,skyler.larsson@examplecorp.test,2023-07-19 06:18:00,priya.mercer@demomail.test,Avery Rossi,Nina Larsson,,,TAG-9578,Liam Dorsey,chen.kim@acme-fake.test,,avery.nguyen@demomail.test,Nina Ashby,N,4.5,5.1,7.8,Jordan Cohen,2023-09-22 09:37:00,2788,207,Other,Standard,Other,TAG-5875,606,7673,Quinn Reyes,,,,,8551,5421,Liam Brooks,2023-12-11 14:12:00,76,2695,Standard,Gamma,Gamma,Alpha,Priya Sloan,622,,,,,6213,7613,8509,Y,,,,Gamma,Followed up on the open items from last week.,,emerson.nguyen@examplecorp.test,,Noted a concern to revisit at the next sync.,priya.whitfield@acme-fake.test,morgan.nguyen@acme-fake.test,,100585,,,,,,,101452,,100386,,priya.reyes@examplecorp.test,Elena Nguyen,Y,Northwind Group Inc,100713,TAG-6109,100876,Mei Reyes,100892,,,101748
700711,100147,Customer Management,100570,Wellness Check-In,Final,Reviewed performance and gathered feedback.,Y,Y,SKU-1230,rahul.blake@sampleco.test,2023-01-19 00:02:00,rowan.whitfield@examplecorp.test,Aisha Ivanov,Taylor Kim,Rahul Brooks,,,Mei Mercer,rahul.vance@acme-fake.test,Quinn Garcia,priya.vance@acme-fake.test,,N,2.4,9.6,2.5,Taylor Haddad,2023-02-09 10:53:00,5475,9827,Other,Other,Other,TAG-7759,764,2661,Sofia Sloan,,,,,1750,640,Casey Sloan,2023-09-07 06:36:00,,1805,Gamma,Gamma,Alpha,Delta,Arjun Kim,7392,,,,,8561,2841,4567,N,,,,Delta,Aligned on billing and renewal terms.,,nina.ashby@sampleco.test,,Resolved the outstanding question about scope.,alex.okafor@demomail.test,quinn.costa@sampleco.test,,100400,,,,100421,,,101289,,100031,,skyler.okafor@demomail.test,Liam Ford,N,Evergreen Ventures LLC,100229,SKU-5798,101392,Rowan Ford,101427,,,101472
700712,100445,Resource Care,100284,Quarterly Review,Draft,Discussed timeline and next steps with the account.,Y,Y,TAG-8092,drew.larsson@acme-fake.test,2025-02-01 04:47:00,elena.nguyen@demomail.test,Priya Nguyen,Avery Calder,Noah Reyes,,TAG-9767,Sofia Rossi,liam.haddad@examplecorp.test,Drew Sloan,yara.ivanov@sampleco.test,Taylor Patel,N,7.2,9.7,4.2,Taylor Sato,2022-10-03 16:02:00,4922,1987,Standard,Standard,Gamma,REF-4052,5277,9756,Casey Haddad,,,,,5361,6832,,2025-12-25 18:44:00,1678,,Standard,Beta,Alpha,Gamma,Omar Sloan,1589,,,,,8734,6996,7753,N,,Alpha,,Gamma,Reviewed performance and gathered feedback.,,fatima.mensah@examplecorp.test,,Aligned on billing and renewal terms.,avery.brooks@sampleco.test,chen.reyes@sampleco.test,,100472,,101151,,100157,,,,,,,jamie.garcia@demomail.test,Drew Dorsey,Y,Blue Ridge Robotics,100083,REF-4369,101751,Aisha Vance,101364,,,101497
700713,100538,Resource Care,100412,Wellness Check-In,Final,Shared the updated proposal for review.,N,N,TAG-5191,rowan.larsson@acme-fake.test,2024-12-17 13:36:00,yara.costa@examplecorp.test,Elena Brooks,Diego Ivanov,,,,Arjun Mensah,omar.cohen@sampleco.test,Chen Mercer,chen.nguyen@examplecorp.test,Chen Ivanov,Y,9.3,2.9,3.7,Yara Cohen,2023-02-05 05:08:00,6957,1911,Other,Other,Beta,SKU-3634,3747,4421,Drew Sloan,,,,,6951,8182,Liam Cohen,2026-01-19 21:07:00,975,2107,Standard,Beta,Delta,Standard,Priya Rossi,2258,,,,,7801,9464,,N,,,,Delta,,,drew.reyes@sampleco.test,,Discussed timeline and next steps with the account.,riley.mensah@demomail.test,jamie.kim@acme-fake.test,,100512,,,,100393,,,100923,,100469,,priya.cohen@sampleco.test,Avery Larsson,Y,Vertex Ventures,100478,TAG-8769,100846,Diego Calder,101101,,REF-4761,101289
700714,100400,Customer Management,100493,Quarterly Review,Draft,Shared the updated proposal for review.,Y,N,REF-7428,marco.sato@examplecorp.test,2025-02-07 00:21:00,marco.garcia@examplecorp.test,Emerson Brooks,Avery Ford,,,,,chen.mensah@sampleco.test,Jamie Ford,quinn.kim@sampleco.test,Arjun Patel,Y,2.3,9.4,2.1,Noah Patel,2026-03-21 21:59:00,7610,3018,Gamma,Gamma,Gamma,TAG-5479,4142,722,Reese Sato,,,,,6438,7387,Jordan Larsson,2025-04-01 08:10:00,,4425,Alpha,Standard,Gamma,Alpha,Avery Larsson,9769,,,,,9948,,5087,Y,,,,Gamma,Discussed timeline and next steps with the account.,,omar.haddad@sampleco.test,,Discussed timeline and next steps with the account.,noah.ivanov@examplecorp.test,casey.whitfield@acme-fake.test,,100021,,100841,,100514,,,101215,,100569,,priya.costa@examplecorp.test,Sofia Mensah,Y,Lakeside Foods Ltd,100023,SKU-6336,100850,Morgan Reyes,101140,,,100966
700715,100281,Customer Management,100315,Quarterly Review,Final,Reviewed performance and gathered feedback.,N,Y,SKU-5495,jamie.silva@sampleco.test,2024-04-22 22:01:00,sofia.dorsey@sampleco.test,Noah Nguyen,Reese Silva,Avery Costa,,LOT-1173,,fatima.calder@demomail.test,,omar.blake@examplecorp.test,Rahul Kim,Y,2.6,1.5,6.4,Omar Ashby,2025-03-16 18:30:00,2273,6837,Gamma,Alpha,Delta,SKU-3634,3449,3276,Fatima Reyes,,,,,5731,2226,Priya Silva,2025-02-15 04:31:00,2052,989,,Beta,Other,Other,Nina Kim,,,,,,595,464,5207,Y,,,,Standard,,,avery.ashby@sampleco.test,,Reviewed performance and gathered feedback.,taylor.patel@sampleco.test,yara.larsson@sampleco.test,,100645,,101490,,,,,101293,,100191,,rowan.blake@examplecorp.test,Arjun Vance,N,Cobalt Textiles LLC,100047,SKU-1810,101299,Fatima Mercer,100956,,,101187
700716,100157,Resource Care,100253,Quarterly Review,Final,Aligned on billing and renewal terms.,Y,N,REF-3837,marco.nguyen@acme-fake.test,2023-02-27 06:38:00,arjun.ashby@acme-fake.test,Liam Mensah,Noah Patel,,,SKU-6753,Chen Calder,casey.ivanov@examplecorp.test,,mei.mercer@acme-fake.test,Jordan Sloan,N,1.0,9.3,1.6,Skyler Sloan,2025-07-17 07:00:00,2049,5316,Delta,Standard,Delta,TAG-5174,249,9146,Morgan Calder,,,,,1993,1393,Riley Whitfield,2023-07-09 20:59:00,7710,4791,Beta,Beta,Standard,Standard,Reese Haddad,8463,,,,,8465,8159,6129,N,,,,Standard,Discussed timeline and next steps with the account.,,noah.brooks@examplecorp.test,,Followed up on the open items from last week.,priya.kim@acme-fake.test,quinn.garcia@acme-fake.test,,100246,,,,100309,,,101274,,100713,,yara.garcia@examplecorp.test,Rowan Ashby,N,Vertex Analytics Corp,100691,TAG-5060,101657,Drew Dorsey,101312,,,101278
700717,100071,Customer Management,100355,Quarterly Review,Final,Noted a concern to revisit at the next sync.,N,N,REF-6086,marco.rossi@examplecorp.test,2025-07-06 23:04:00,diego.calder@acme-fake.test,Drew Haddad,Noah Patel,,,REF-2056,,skyler.garcia@demomail.test,Aisha Larsson,nina.ivanov@sampleco.test,,Y,8.2,3.1,8.0,Avery Ford,2024-01-22 13:37:00,743,535,Other,Beta,Alpha,SKU-3827,7792,8802,Morgan Garcia,,,,,7801,838,Casey Sato,2025-05-22 09:30:00,4182,5347,Standard,Other,Delta,,Casey Nguyen,7536,,,,,1513,539,,Y,,,Gamma,Other,Scheduled a check-in for the coming month.,,sofia.mercer@demomail.test,,Shared the updated proposal for review.,sofia.ford@examplecorp.test,mei.silva@demomail.test,,100675,,100953,,,,,101745,,100564,,omar.dorsey@demomail.test,Rowan Ford,Y,Granite Systems,100221,TAG-2105,101119,Omar Brooks,101366,,TAG-2919,100808
700718,100683,Resource Care,100369,Wellness Check-In,Draft,Aligned on billing and renewal terms.,N,N,TAG-3304,omar.kim@demomail.test,2023-01-23 02:01:00,riley.vance@sampleco.test,Morgan Nguyen,Casey Dorsey,Jamie Ashby,,REF-2662,Rowan Mercer,reese.cohen@acme-fake.test,Chen Rossi,diego.blake@demomail.test,Alex Larsson,N,1.3,9.9,4.2,Fatima Ivanov,2025-11-23 03:50:00,7888,749,Delta,Standard,Delta,REF-4680,9201,169,Morgan Larsson,,,,,8788,4684,Taylor Vance,2024-06-21 17:45:00,6996,7458,Gamma,Alpha,Alpha,Gamma,,2655,,,,,8778,2915,4720,Y,,,Standard,Alpha,,,taylor.ivanov@examplecorp.test,,Resolved the outstanding question about scope.,reese.sloan@examplecorp.test,noah.reyes@sampleco.test,,100595,,101146,,100092,,,,,100627,,emerson.patel@demomail.test,,N,Lakeside Health Group,100496,LOT-7522,100815,Avery Dorsey,101791,,SKU-4528,101046
700719,100385,Customer Management,100535,Wellness Check-In,Final,Resolved the outstanding question about scope.,Y,Y,REF-1576,marco.sloan@acme-fake.test,2023-11-24 11:51:00,drew.patel@sampleco.test,Yara Brooks,Aisha Reyes,,,,Nina Kim,skyler.rossi@acme-fake.test,,morgan.ivanov@demomail.test,Emerson Garcia,Y,6.0,1.3,8.3,Skyler Vance,2025-04-12 06:57:00,2472,775,Other,Alpha,Delta,SKU-9547,5188,2335,Elena Ford,,,,,9162,3466,Taylor Brooks,2025-09-10 17:06:00,89,6509,Other,Other,Beta,Other,Reese Sloan,3451,,,,,8936,,,Y,,,,Gamma,Scheduled a check-in for the coming month.,,diego.haddad@acme-fake.test,,Discussed timeline and next steps with the account.,fatima.reyes@acme-fake.test,jordan.larsson@examplecorp.test,,100727,,101606,,,,,101505,,100525,,mei.brooks@demomail.test,Emerson Mensah,Y,Lakeside Holdings,100405,LOT-6649,101373,Nina Ford,100819,,,101510
700720,100702,Resource Care,100165,Quarterly Review,Final,Reviewed performance and gathered feedback.,N,Y,REF-2005,noah.okafor@sampleco.test,2024-07-16 19:16:00,marco.blake@sampleco.test,Morgan Patel,Omar Kim,,,REF-2543,Avery Mercer,marco.blake@sampleco.test,Marco Rossi,priya.costa@examplecorp.test,Yara Silva,Y,5.8,6.7,6.2,Casey Mensah,2024-11-06 06:27:00,3539,9975,Delta,Alpha,Alpha,REF-7080,2439,4110,Morgan Costa,,,,,7838,868,Rowan Costa,2022-12-22 19:16:00,7619,,Delta,Gamma,Gamma,Other,Drew Blake,3923,,,,,7624,5956,1601,N,,,,,Shared the updated proposal for review.,,skyler.dorsey@examplecorp.test,,Aligned on billing and renewal terms.,avery.nguyen@acme-fake.test,omar.rossi@sampleco.test,,100500,,101669,,,,,100819,,100029,,liam.rossi@demomail.test,Aisha Vance,Y,Pioneer Energy,100451,REF-7655,100882,Nina Reyes,101766,,,100794
700721,100743,Resource Care,100071,Wellness Check-In,Draft,Discussed timeline and next steps with the account.,N,N,LOT-7772,sofia.ivanov@sampleco.test,2024-11-07 06:28:00,chen.rossi@examplecorp.test,Skyler Sato,Emerson Costa,Emerson Vance,,LOT-5898,Rahul Vance,emerson.whitfield@acme-fake.test,Mei Dorsey,morgan.costa@acme-fake.test,Rahul Silva,Y,5.2,9.3,6.9,Fatima Patel,2025-08-15 05:20:00,1778,3334,Gamma,Standard,Standard,TAG-1917,1087,4309,Quinn Sato,,,,,5735,4945,Quinn Calder,2026-02-28 08:28:00,5015,6632,Beta,Standard,Other,Gamma,Arjun Blake,6858,,,,,,8012,9821,Y,SKU-9555,,,Beta,Aligned on billing and renewal terms.,,rahul.brooks@demomail.test,,Reviewed performance and gathered feedback.,taylor.vance@demomail.test,yara.mensah@demomail.test,,100593,,100935,,100753,,,,,,,rahul.garcia@sampleco.test,Casey Blake,Y,Atlas Dynamics Ltd,100747,TAG-6408,101442,Rowan Sloan,101389,,,100882
700722,100415,Resource Care,100561,Wellness Check-In,Final,Aligned on billing and renewal terms.,Y,N,LOT-3154,riley.silva@acme-fake.test,2024-05-10 14:13:00,emerson.mensah@sampleco.test,Riley Larsson,Omar Haddad,Marco Whitfield,,,,quinn.whitfield@demomail.test,,yara.kim@acme-fake.test,,N,7.3,4.0,4.5,Jamie Kim,2025-12-20 17:48:00,6662,6366,Other,Standard,Standard,LOT-3285,7618,8822,Noah Silva,,,,,1040,4126,Fatima Sato,2025-03-21 16:48:00,4636,4402,Beta,Beta,Gamma,Other,Mei Costa,9454,,,,,1643,7978,3373,N,,,,Other,Reviewed performance and gathered feedback.,,rowan.nguyen@sampleco.test,,Shared the updated proposal for review.,rowan.garcia@acme-fake.test,rowan.silva@examplecorp.test,,100040,,101452,,100593,,,101565,,100263,,avery.blake@acme-fake.test,Noah Patel,Y,Blue Ridge Energy,100014,LOT-7174,100909,Arjun Ivanov,101351,,,101191
700723,100608,Resource Care,100021,Customer Success Check-In,Draft,Aligned on billing and renewal terms.,Y,N,REF-8972,morgan.nguyen@acme-fake.test,2025-11-30 23:10:00,yara.patel@examplecorp.test,Chen Okafor,Chen Haddad,,,SKU-7170,Marco Silva,jordan.vance@demomail.test,Taylor Sato,avery.patel@acme-fake.test,Alex Costa,Y,8.6,8.6,4.3,Alex Haddad,2023-11-25 19:31:00,6013,5877,Beta,Beta,Standard,LOT-2661,8545,24,Skyler Mensah,,,,,8221,1037,Marco Ivanov,2022-10-03 20:49:00,3207,8234,,Delta,Other,Delta,Rahul Reyes,5940,,,,,1949,2885,7459,N,,,,Beta,Discussed timeline and next steps with the account.,,sofia.dorsey@examplecorp.test,,Resolved the outstanding question about scope.,drew.mercer@sampleco.test,fatima.whitfield@acme-fake.test,,100640,,101730,,100694,,,,,,,rahul.ford@acme-fake.test,Chen Okafor,Y,Cardinal Robotics Inc,100019,SKU-1949,101246,Aisha Haddad,101523,,,101187
700724,100273,Resource Care,100296,Customer Success Check-In,Final,Reviewed performance and gathered feedback.,Y,N,LOT-4803,nina.costa@examplecorp.test,2023-11-28 12:55:00,liam.cohen@acme-fake.test,Jamie Patel,Priya Vance,Taylor Mensah,,,,taylor.mercer@sampleco.test,,marco.mensah@demomail.test,Fatima Whitfield,N,9.6,3.5,8.6,Taylor Whitfield,2024-12-25 15:37:00,4541,4978,Beta,Beta,Gamma,LOT-5497,5669,9137,Fatima Rossi,,,,,2994,6079,Omar Costa,2026-04-30 15:45:00,,3529,Standard,Beta,Alpha,Beta,Morgan Ford,4176,,,,,6042,9902,5657,N,,,,Other,Resolved the outstanding question about scope.,,rahul.brooks@sampleco.test,,Followed up on the open items from last week.,skyler.vance@acme-fake.test,avery.sloan@demomail.test,,100751,,,,,,,,,100339,,elena.calder@examplecorp.test,Mei Blake,Y,Granite Holdings Corp,100100,SKU-3915,101143,Alex Ivanov,101278,,,101699
700725,100421,Resource Care,100634,Quarterly Review,Final,Resolved the outstanding question about scope.,N,N,TAG-8282,rahul.nguyen@demomail.test,2022-12-05 16:17:00,emerson.brooks@demomail.test,Taylor Silva,Arjun Calder,Sofia Mercer,,,,chen.whitfield@demomail.test,Alex Ford,mei.patel@examplecorp.test,Casey Rossi,N,2.1,1.5,9.5,Arjun Calder,2024-03-28 17:29:00,2581,1035,Standard,Other,Gamma,SKU-9726,8814,5386,Elena Okafor,,,,,6727,3716,Emerson Ford,2023-12-29 00:24:00,6255,1766,Beta,Alpha,Standard,Standard,Yara Dorsey,,,,,,7054,7800,2827,Y,,,,Alpha,Reviewed performance and gathered feedback.,,chen.larsson@sampleco.test,,Aligned on billing and renewal terms.,avery.ivanov@demomail.test,sofia.mercer@acme-fake.test,,100540,,101086,,100694,,,,,100639,,mei.haddad@examplecorp.test,Rahul Mercer,N,Lakeside Dynamics Group,100149,LOT-5562,101501,Arjun Okafor,101234,,,100850
700726,100522,Resource Care,100756,Wellness Check-In,Draft,Aligned on billing and renewal terms.,N,Y,TAG-4270,jordan.dorsey@sampleco.test,2025-01-25 12:40:00,elena.mensah@examplecorp.test,Noah Reyes,Liam Nguyen,,,REF-4175,Casey Blake,aisha.mercer@acme-fake.test,Emerson Ford,skyler.nguyen@sampleco.test,Chen Kim,N,7.6,4.2,3.1,Rahul Mensah,2026-02-02 21:48:00,1877,9745,Alpha,Gamma,Gamma,REF-6647,1870,209,Jamie Blake,,,,,5913,9267,Omar Larsson,2024-09-07 03:40:00,5583,3680,Standard,Other,Delta,Other,Quinn Ivanov,3193,,,,,6221,5247,5440,N,,,,Standard,Resolved the outstanding question about scope.,,elena.mensah@demomail.test,,Scheduled a check-in for the coming month.,quinn.sato@sampleco.test,sofia.ford@demomail.test,,100449,,101393,,,,,101335,,,,nina.ashby@demomail.test,Drew Rossi,N,Summit Systems Co,100639,LOT-8589,101302,Omar Kim,101383,,,101601
700727,100053,Customer Management,100288,Quarterly Review,Final,Aligned on billing and renewal terms.,Y,N,TAG-8206,sofia.okafor@acme-fake.test,2022-10-19 20:32:00,jamie.mercer@examplecorp.test,Alex Brooks,Chen Calder,Reese Ashby,,SKU-9228,Jordan Sloan,diego.ashby@examplecorp.test,Mei Dorsey,mei.haddad@demomail.test,,Y,7.1,6.6,8.7,Emerson Blake,2026-04-24 00:25:00,986,8807,Standard,Delta,Alpha,REF-4374,7822,3888,Marco Haddad,,,,,7531,3638,Quinn Sato,2025-08-18 01:16:00,6968,9296,Other,Beta,Standard,Delta,Noah Whitfield,1752,,,,,13,8122,2650,N,,,,,Aligned on billing and renewal terms.,,skyler.sloan@sampleco.test,,Noted a concern to revisit at the next sync.,liam.kim@examplecorp.test,elena.dorsey@examplecorp.test,,100181,,101105,,,,,101304,,100278,,morgan.haddad@sampleco.test,Alex Reyes,N,Atlas Retail Group,100629,SKU-2891,101727,Fatima Haddad,100841,,,100947
700728,100686,Customer Management,100399,Customer Success Check-In,Final,Noted a concern to revisit at the next sync.,N,N,LOT-5140,taylor.ford@demomail.test,2022-10-29 21:02:00,noah.calder@sampleco.test,Avery Garcia,Mei Ashby,Elena Dorsey,,SKU-6686,Priya Blake,casey.dorsey@demomail.test,,liam.sato@examplecorp.test,Aisha Blake,Y,9.3,2.5,8.6,Sofia Garcia,2025-05-27 09:20:00,8636,4031,Alpha,Beta,Other,SKU-5017,2791,1502,Priya Garcia,,,,,637,9924,Arjun Costa,2025-09-29 19:43:00,3797,4314,,Gamma,Gamma,,Taylor Calder,1969,,,,,9066,2020,4239,N,,,,Alpha,Reviewed performance and gathered feedback.,,chen.dorsey@examplecorp.test,,Shared the updated proposal for review.,mei.haddad@demomail.test,alex.rossi@acme-fake.test,,100761,,101672,,,,,101283,,100776,,avery.blake@examplecorp.test,Casey Costa,Y,Redwood Partners Inc,100047,LOT-9861,101354,,101766,,,101354
700729,100604,Resource Care,100467,Quarterly Review,Final,Followed up on the open items from last week.,N,Y,TAG-3317,skyler.kim@sampleco.test,2024-10-10 15:41:00,priya.ford@examplecorp.test,Emerson Brooks,Taylor Larsson,,,TAG-8737,,rahul.rossi@demomail.test,Jamie Garcia,rowan.rossi@acme-fake.test,Noah Mercer,N,3.4,8.4,5.8,Rahul Sato,2024-03-16 09:03:00,4477,8639,Standard,Other,Other,REF-1231,1936,1854,Taylor Brooks,,,,,6712,6151,Yara Nguyen,2025-05-22 05:09:00,8028,4915,Gamma,Alpha,Gamma,Other,,4959,,,,,4602,7274,1292,N,,,,Delta,Aligned on billing and renewal terms.,,mei.brooks@acme-fake.test,,Resolved the outstanding question about scope.,alex.calder@acme-fake.test,yara.ashby@demomail.test,,100694,,101690,,100273,,,100880,,,,drew.larsson@examplecorp.test,Sofia Brooks,N,Redwood Energy Corp,100565,LOT-2420,101779,Arjun Calder,101038,,,101621
700730,100125,Customer Management,100335,Quarterly Review,Final,Discussed timeline and next steps with the account.,Y,Y,LOT-3834,skyler.sato@acme-fake.test,2024-05-04 05:54:00,morgan.blake@examplecorp.test,Noah Vance,Nina Reyes,Noah Larsson,,,Alex Nguyen,elena.calder@demomail.test,Reese Haddad,jamie.nguyen@examplecorp.test,Riley Whitfield,N,8.6,5.3,2.2,Fatima Whitfield,2024-08-04 11:06:00,2831,5998,Beta,Alpha,Delta,TAG-7152,6685,8082,Jordan Nguyen,,,,,5356,2891,,2024-11-16 22:54:00,9041,7096,Standard,Standard,Gamma,Other,Chen Brooks,5271,,,,,2038,7761,1504,N,,,,Alpha,Followed up on the open items from last week.,Yara Haddad,mei.blake@sampleco.test,,Discussed timeline and next steps with the account.,jordan.patel@examplecorp.test,elena.ivanov@sampleco.test,,100137,,100884,,,,,,,100704,,marco.garcia@demomail.test,,N,Pioneer Group LLC,100741,TAG-1093,101200,Alex Okafor,100880,,,100981
700731,100142,Customer Management,100220,Quarterly Review,Final,Discussed timeline and next steps with the account.,N,N,SKU-6962,aisha.brooks@examplecorp.test,2025-10-12 18:09:00,mei.patel@acme-fake.test,Priya Garcia,Marco Blake,Mei Ivanov,,REF-2401,Fatima Whitfield,drew.brooks@demomail.test,Elena Vance,mei.rossi@demomail.test,Rowan Reyes,N,6.0,3.3,9.1,Priya Brooks,2024-12-10 14:32:00,2231,5664,Beta,Other,Alpha,TAG-2896,6330,2171,Jamie Mensah,,,,,8036,5442,Avery Nguyen,2024-05-29 23:37:00,2737,2071,Other,Beta,Gamma,Gamma,Liam Sato,1291,,,,,3907,6581,4469,Y,,,,Alpha,Reviewed performance and gathered feedback.,,priya.kim@acme-fake.test,,Shared the updated proposal for review.,aisha.sato@acme-fake.test,avery.rossi@demomail.test,,100145,,100828,,100210,,,101098,,100260,,priya.haddad@sampleco.test,Casey Rossi,N,Redwood Energy Corp,100714,LOT-2024,101079,Rahul Larsson,101004,,,101223
700732,100686,Resource Care,100478,Wellness Check-In,Draft,Followed up on the open items from last week.,N,Y,REF-4734,jamie.ford@examplecorp.test,2024-05-20 16:23:00,marco.kim@sampleco.test,Diego Rossi,Diego Brooks,Mei Reyes,,LOT-6508,Diego Silva,elena.sato@sampleco.test,Sofia Silva,morgan.sloan@acme-fake.test,Quinn Silva,N,4.4,3.3,9.6,Skyler Calder,2022-11-08 12:48:00,3873,7362,Beta,Alpha,Alpha,REF-5456,6360,1697,Rahul Kim,,,,,5714,3850,Marco Dorsey,2023-11-15 16:50:00,5401,9629,Beta,,Other,Alpha,Chen Larsson,3291,,,,,9990,6718,185,N,,,,Gamma,Followed up on the open items from last week.,,liam.reyes@examplecorp.test,,Reviewed performance and gathered feedback.,reese.ivanov@sampleco.test,noah.larsson@demomail.test,,100055,,100913,,,,,,,,,marco.vance@acme-fake.test,Jordan Haddad,Y,Falcon Foods Co,100322,SKU-9162,101437,Alex Dorsey,101609,,,101770
700733,100165,Customer Management,100123,Quarterly Review,Final,Resolved the outstanding question about scope.,Y,Y,SKU-3460,taylor.nguyen@examplecorp.test,2023-06-28 04:11:00,reese.ashby@sampleco.test,Chen Kim,Reese Whitfield,Marco Okafor,,,Alex Haddad,emerson.haddad@acme-fake.test,Mei Kim,casey.sato@demomail.test,Aisha Silva,N,5.8,5.4,7.6,Noah Reyes,2023-06-08 03:29:00,4740,2108,Alpha,Gamma,Standard,TAG-8867,5625,4502,Drew Larsson,,,,,4528,6855,Diego Brooks,2023-05-24 20:44:00,6540,,Beta,Beta,Delta,Beta,Diego Silva,9840,,,,,6182,2514,7545,N,,,,Standard,Shared the updated proposal for review.,,yara.silva@sampleco.test,,Shared the updated proposal for review.,emerson.sato@sampleco.test,noah.brooks@acme-fake.test,,100247,,100899,,,,,,,100140,,sofia.reyes@sampleco.test,Noah Mensah,N,Lakeside Labs Inc,100507,SKU-5941,100805,,101424,,,101547
700734,100359,Customer Management,100784,Wellness Check-In,Final,Scheduled a check-in for the coming month.,N,Y,LOT-4942,mei.nguyen@acme-fake.test,2024-12-17 05:14:00,aisha.larsson@sampleco.test,Arjun Vance,Arjun Vance,,,TAG-7770,Aisha Reyes,nina.rossi@examplecorp.test,,chen.calder@acme-fake.test,Liam Larsson,N,6.3,5.2,8.4,Alex Cohen,2025-05-20 12:42:00,7095,2791,Alpha,Gamma,Beta,LOT-7565,464,3921,Liam Garcia,,,,,4127,7977,Reese Sato,2025-01-22 02:38:00,2404,4367,Alpha,Gamma,Standard,Beta,Mei Nguyen,6728,,,,,9804,1361,6683,Y,,,,Delta,Shared the updated proposal for review.,,jordan.patel@sampleco.test,,Followed up on the open items from last week.,rowan.ivanov@examplecorp.test,rahul.nguyen@demomail.test,,100645,,101552,,100775,,,,,,,riley.kim@demomail.test,Quinn Calder,Y,Everest Health,100768,LOT-7894,100947,Mei Mercer,101290,,,101058
700735,100029,Customer Management,100680,Customer Success Check-In,Final,Resolved the outstanding question about scope.,N,Y,REF-3651,liam.rossi@examplecorp.test,2023-04-13 14:27:00,reese.silva@examplecorp.test,Avery Cohen,Omar Mercer,,,,Riley Patel,morgan.costa@sampleco.test,Mei Cohen,avery.patel@demomail.test,Arjun Cohen,N,3.3,2.8,9.2,Omar Vance,2024-01-28 16:42:00,5079,7935,Alpha,Delta,Standard,REF-3291,5222,5361,Fatima Calder,,,,,2711,8881,Liam Ashby,2024-06-13 12:56:00,421,7232,Alpha,Alpha,Gamma,Gamma,Elena Patel,4332,,,,,2737,5330,4667,Y,,,,Beta,Shared the updated proposal for review.,,jamie.larsson@sampleco.test,,Shared the updated proposal for review.,marco.patel@sampleco.test,elena.okafor@sampleco.test,,100410,,101677,,100191,,,100815,,100123,,casey.sato@demomail.test,Jordan Mercer,Y,Vertex Systems,100561,SKU-6232,101481,Mei Haddad,101649,,,100834
700736,100784,Customer Management,100183,Wellness Check-In,Final,Aligned on billing and renewal terms.,N,Y,SKU-2767,omar.ford@examplecorp.test,2024-05-28 13:27:00,arjun.ivanov@examplecorp.test,Emerson Ford,Morgan Calder,Quinn Haddad,,TAG-2185,Skyler Larsson,rowan.costa@acme-fake.test,,noah.sato@examplecorp.test,Morgan Whitfield,N,9.1,5.0,9.0,Emerson Whitfield,2024-07-05 09:04:00,2429,9724,Gamma,Alpha,Beta,SKU-5288,3707,7192,Taylor Garcia,,,,,3733,8278,Skyler Ivanov,2024-07-19 03:03:00,,5730,Standard,,Delta,Gamma,Taylor Silva,1914,,,,,7631,4138,9848,Y,,,,Gamma,Aligned on billing and renewal terms.,,sofia.cohen@examplecorp.test,,Reviewed performance and gathered feedback.,noah.patel@sampleco.test,arjun.nguyen@examplecorp.test,,100300,,101589,,100233,,,101376,,100619,,avery.garcia@acme-fake.test,Alex Reyes,N,Brightpath Systems Group,100215,LOT-2436,101774,Sofia Rossi,101302,,,101632
700737,100115,Resource Care,100741,Quarterly Review,Final,Resolved the outstanding question about scope.,N,N,TAG-2703,nina.ivanov@acme-fake.test,2023-11-20 04:19:00,rowan.ivanov@acme-fake.test,Emerson Blake,Drew Okafor,,,TAG-3932,Diego Ashby,priya.dorsey@demomail.test,,avery.ivanov@demomail.test,Emerson Mensah,Y,5.6,2.9,4.0,Yara Costa,2023-10-13 22:19:00,2428,4386,Gamma,Other,Gamma,LOT-4253,6260,7794,Liam Vance,,,,,5262,2414,Jamie Ashby,2025-05-25 17:16:00,3684,537,Delta,Delta,Gamma,,Rowan Haddad,1128,,,,,6708,,1108,Y,,,,Standard,Reviewed performance and gathered feedback.,,mei.sato@sampleco.test,,Resolved the outstanding question about scope.,mei.garcia@sampleco.test,morgan.okafor@sampleco.test,,100269,,101041,,,,,100800,,,,chen.ivanov@acme-fake.test,Alex Ashby,N,Summit Solutions Inc,100599,LOT-8395,101512,Quinn Patel,101057,,,101054
700738,100123,Resource Care,100400,Customer Success Check-In,Final,Discussed timeline and next steps with the account.,Y,N,LOT-9368,fatima.larsson@acme-fake.test,2023-08-31 11:26:00,mei.brooks@examplecorp.test,Skyler Blake,Rowan Ford,,,REF-5234,Nina Dorsey,chen.ford@demomail.test,,rowan.kim@examplecorp.test,Jordan Vance,N,8.8,3.4,7.0,Reese Sato,2026-07-03 02:56:00,421,5616,Other,Delta,Other,SKU-8463,8196,3404,Skyler Brooks,,,,,4202,9049,Rahul Garcia,2024-02-19 16:37:00,1263,4219,Other,Beta,Delta,Gamma,Skyler Rossi,6739,,,,,169,2822,7786,Y,,,Other,Gamma,Shared the updated proposal for review.,,quinn.ford@demomail.test,,Aligned on billing and renewal terms.,yara.haddad@sampleco.test,sofia.okafor@demomail.test,,100201,,101231,,,,,101676,,,,rahul.brooks@demomail.test,Sofia Mensah,Y,Northwind Robotics Group,100149,LOT-6678,101003,Skyler Rossi,100843,,,101604
700739,100669,Resource Care,100509,Wellness Check-In,Final,Reviewed performance and gathered feedback.,N,Y,LOT-3713,avery.haddad@acme-fake.test,2024-02-25 16:21:00,jordan.mensah@sampleco.test,Elena Costa,Jamie Calder,Quinn Reyes,,REF-7500,Yara Calder,nina.brooks@demomail.test,Fatima Kim,quinn.brooks@acme-fake.test,Nina Mercer,Y,9.2,5.0,6.9,Diego Sloan,2024-08-02 06:10:00,6396,5044,Other,Standard,Standard,LOT-5300,6431,8188,Priya Rossi,,,,,6134,3085,Elena Ashby,2025-07-02 23:53:00,8839,2173,Standard,Alpha,Standard,,Jamie Patel,1864,,,,,9091,7578,7935,N,,,,Other,Aligned on billing and renewal terms.,,priya.vance@acme-fake.test,,Aligned on billing and renewal terms.,riley.haddad@demomail.test,alex.sato@sampleco.test,,100220,,101254,,100574,,,101210,,100740,,yara.sloan@sampleco.test,Casey Garcia,Y,Vertex Capital Inc,100661,SKU-4058,101547,Diego Dorsey,101346,,,101706
700740,100239,Customer Management,100673,Customer Success Check-In,Final,Shared the updated proposal for review.,Y,Y,REF-6620,diego.ivanov@sampleco.test,2024-12-21 09:02:00,jordan.ivanov@demomail.test,Casey Mercer,Arjun Patel,Fatima Ford,,SKU-9793,,nina.vance@examplecorp.test,Liam Nguyen,avery.ivanov@acme-fake.test,Noah Calder,N,1.1,4.2,9.0,Morgan Dorsey,2022-10-14 04:56:00,2758,1766,Other,Gamma,Beta,TAG-9154,6848,8031,Marco Cohen,,,,,3208,4198,Omar Mercer,2025-09-11 05:01:00,7814,,Beta,Other,Beta,Other,Avery Larsson,4381,,,,,5204,8246,8177,Y,,,,Delta,Noted a concern to revisit at the next sync.,,casey.brooks@acme-fake.test,,Discussed timeline and next steps with the account.,morgan.nguyen@sampleco.test,alex.vance@demomail.test,,100365,,,,100572,,,100940,,100470,,sofia.whitfield@examplecorp.test,Marco Sloan,N,Keystone Dynamics Co,100305,LOT-8994,101087,Alex Mensah,100967,,,101440
700741,100750,Customer Management,100590,Customer Success Check-In,Final,Noted a concern to revisit at the next sync.,N,Y,SKU-9078,marco.nguyen@examplecorp.test,2024-02-25 22:56:00,elena.ford@examplecorp.test,Drew Reyes,Emerson Brooks,Arjun Brooks,,,Morgan Sato,reese.costa@acme-fake.test,Rowan Mensah,priya.rossi@demomail.test,Drew Okafor,N,5.4,8.5,8.2,Sofia Ashby,2023-09-13 07:09:00,3358,832,Gamma,Standard,Beta,TAG-7622,9286,5005,Marco Silva,,,,,7185,2019,Mei Brooks,2025-04-15 23:49:00,8117,1140,,Standard,Standard,Beta,Jamie Nguyen,8572,,,,,2474,9865,547,N,,,Gamma,Standard,Reviewed performance and gathered feedback.,,fatima.rossi@demomail.test,,Aligned on billing and renewal terms.,liam.patel@acme-fake.test,sofia.mensah@sampleco.test,,100096,,101752,,,,,101000,,,,marco.sloan@sampleco.test,,N,Granite Solutions Co,100782,SKU-7529,100879,Rahul Rossi,101518,,,101094
700742,100570,Customer Management,100130,Quarterly Review,Final,Shared the updated proposal for review.,N,N,LOT-2935,avery.larsson@examplecorp.test,2025-05-19 09:39:00,chen.ivanov@demomail.test,Rahul Haddad,Noah Calder,Marco Vance,,TAG-5782,,jordan.mensah@acme-fake.test,Riley Sloan,omar.garcia@acme-fake.test,Morgan Reyes,Y,6.1,8.1,5.0,Alex Dorsey,2024-07-30 07:41:00,7862,7202,Delta,Standard,Alpha,TAG-4511,7757,6012,Morgan Sato,,,,,7179,8665,Morgan Ivanov,2023-05-09 19:54:00,2822,4767,Delta,Delta,Other,Gamma,Liam Mensah,,,,,,243,2929,4764,Y,,,,Gamma,Aligned on billing and renewal terms.,,chen.okafor@acme-fake.test,,Shared the updated proposal for review.,elena.haddad@acme-fake.test,drew.dorsey@demomail.test,,100339,,,,,,,,,100599,,aisha.dorsey@sampleco.test,,Y,Meridian Retail Inc,100528,TAG-7004,101285,Taylor Whitfield,100923,,,101320
700743,100210,Customer Management,100665,Quarterly Review,Final,Scheduled a check-in for the coming month.,N,Y,REF-9681,chen.blake@examplecorp.test,2023-12-07 16:21:00,diego.silva@acme-fake.test,Rowan Whitfield,Riley Whitfield,Skyler Blake,,REF-3611,Priya Costa,rahul.calder@sampleco.test,Noah Costa,diego.haddad@demomail.test,Liam Ashby,N,5.8,9.2,3.3,Noah Silva,2023-12-01 12:44:00,9141,6374,Gamma,Other,Other,SKU-7111,8320,6827,Diego Ford,,,,,7342,4373,Alex Brooks,2022-10-01 23:19:00,7201,1508,Gamma,Standard,Alpha,Beta,Emerson Dorsey,9066,,,,,6791,4142,5711,N,,,,Standard,Followed up on the open items from last week.,,rowan.dorsey@examplecorp.test,,Followed up on the open items from last week.,yara.okafor@demomail.test,sofia.cohen@acme-fake.test,,100076,,101691,,,,,,,100467,,rowan.kim@demomail.test,Diego Ashby,N,Pioneer Health Ltd,100242,TAG-1348,101684,Marco Rossi,101134,,,100965
700744,100522,Resource Care,100776,Wellness Check-In,Final,Followed up on the open items from last week.,Y,N,LOT-2836,aisha.vance@examplecorp.test,2026-04-08 11:31:00,fatima.kim@sampleco.test,Reese Vance,Morgan Calder,Aisha Larsson,,,,taylor.brooks@sampleco.test,Taylor Garcia,emerson.larsson@examplecorp.test,Jamie Garcia,Y,4.5,6.1,7.0,Emerson Garcia,2024-07-15 14:49:00,9788,9019,Alpha,Gamma,Standard,REF-7030,4973,7341,Nina Larsson,,,,,3054,4492,Diego Kim,2026-02-27 06:03:00,2019,5732,,Delta,Gamma,Delta,Liam Whitfield,1452,,,,,466,,9569,N,,,,Beta,Noted a concern to revisit at the next sync.,,avery.kim@examplecorp.test,Other,Followed up on the open items from last week.,priya.rossi@examplecorp.test,casey.nguyen@sampleco.test,,100307,,101021,,,,,101389,,100672,,chen.ivanov@examplecorp.test,Skyler Haddad,Y,Cardinal Foods Co,100509,REF-7409,101024,Reese Brooks,101313,,,101249
700745,100061,Resource Care,100629,Customer Success Check-In,Final,Noted a concern to revisit at the next sync.,N,Y,LOT-1264,riley.vance@demomail.test,2025-07-16 00:21:00,aisha.kim@acme-fake.test,Reese Sloan,Mei Rossi,,,,Liam Mensah,reese.ford@demomail.test,,omar.vance@examplecorp.test,Elena Nguyen,Y,6.0,9.2,3.5,Liam Silva,2023-03-11 07:12:00,6790,3387,Gamma,Standard,Beta,REF-5714,7781,7111,Reese Kim,,,,,1104,3739,Casey Brooks,2023-01-29 16:51:00,2567,,Beta,Beta,Standard,Other,,1599,,,,,2128,3934,2652,Y,,,,Other,,,fatima.mercer@acme-fake.test,,Followed up on the open items from last week.,skyler.rossi@acme-fake.test,marco.kim@demomail.test,,100568,,,,100650,,,101299,,100233,,yara.ford@examplecorp.test,Fatima Mercer,N,Everest Financial,100215,LOT-6181,101534,Arjun Ivanov,101333,,,101057
700746,100415,Resource Care,100215,Quarterly Review,Draft,Resolved the outstanding question about scope.,N,Y,TAG-5477,emerson.whitfield@sampleco.test,2024-10-15 07:37:00,reese.haddad@demomail.test,Jamie Haddad,Rowan Nguyen,Arjun Rossi,,REF-3943,Rahul Ashby,emerson.ivanov@acme-fake.test,,yara.patel@demomail.test,,N,2.1,6.3,3.6,Jordan Sato,2024-04-17 18:28:00,5056,4369,Other,Beta,Other,LOT-9974,9627,3710,Morgan Rossi,,,,,9611,6149,Riley Ashby,2024-06-14 22:35:00,2127,6130,Standard,Gamma,Alpha,Beta,Marco Cohen,9710,,,,,5180,726,9485,Y,,,,Standard,Reviewed performance and gathered feedback.,,avery.calder@demomail.test,,Reviewed performance and gathered feedback.,omar.dorsey@demomail.test,diego.rossi@sampleco.test,,100784,,,,,,,101518,,,,omar.ashby@demomail.test,Aisha Blake,Y,,100284,REF-1074,100988,Priya Vance,101790,,,101658
700747,100503,Resource Care,100601,Quarterly Review,Final,Scheduled a check-in for the coming month.,N,Y,REF-4000,drew.kim@sampleco.test,2026-06-12 11:40:00,priya.nguyen@examplecorp.test,Diego Costa,Rowan Rossi,Mei Reyes,,TAG-2125,Fatima Silva,sofia.dorsey@examplecorp.test,Rowan Brooks,marco.brooks@demomail.test,Skyler Patel,N,2.6,1.7,6.0,Yara Haddad,2022-10-15 19:20:00,5100,3028,Other,Delta,Delta,REF-3056,6572,6830,Arjun Silva,,,,,2132,8604,,2025-05-31 14:42:00,3215,7166,Gamma,Other,,Alpha,Rahul Costa,4389,,,,,,,863,Y,,,,Delta,Followed up on the open items from last week.,,skyler.patel@acme-fake.test,,Noted a concern to revisit at the next sync.,yara.mensah@sampleco.test,quinn.mercer@acme-fake.test,,100296,,,,100185,,,,,,,diego.calder@examplecorp.test,Reese Sloan,N,Blue Ridge Networks Inc,100194,LOT-9832,101432,Emerson Reyes,101512,,,101556
700748,100005,Resource Care,100267,Wellness Check-In,Final,Reviewed performance and gathered feedback.,Y,N,LOT-6306,elena.garcia@examplecorp.test,2026-04-13 09:46:00,chen.rossi@demomail.test,Reese Sato,Marco Sato,Marco Reyes,,TAG-1171,Rahul Haddad,fatima.cohen@sampleco.test,Fatima Patel,avery.blake@sampleco.test,Taylor Sato,Y,8.8,1.7,3.9,Avery Sato,2025-04-07 22:23:00,2382,9233,Other,Beta,Standard,SKU-2508,2583,4659,Avery Mensah,,,,,7825,3436,Reese Costa,2024-08-02 21:55:00,9260,9293,Delta,Delta,Other,Gamma,,3397,,,,,7877,5044,3985,Y,,,,Other,Reviewed performance and gathered feedback.,,alex.ford@demomail.test,,Resolved the outstanding question about scope.,emerson.patel@sampleco.test,skyler.mensah@acme-fake.test,,100401,,,,100182,,,101168,,100535,,avery.whitfield@sampleco.test,Priya Kim,N,Cobalt Networks,100320,REF-4662,100924,Rowan Cohen,101048,,REF-5660,101631
700749,100554,Customer Management,100196,Customer Success Check-In,Final,Aligned on billing and renewal terms.,Y,Y,TAG-8456,priya.cohen@sampleco.test,2023-07-11 07:28:00,emerson.calder@sampleco.test,Casey Haddad,Noah Rossi,Jordan Rossi,,REF-5039,Alex Whitfield,fatima.cohen@sampleco.test,Aisha Mercer,priya.okafor@sampleco.test,Emerson Reyes,Y,2.7,2.9,3.1,Riley Garcia,2022-12-05 03:46:00,4066,7570,Delta,Beta,Standard,REF-7939,1798,6989,Casey Dorsey,,,,,5315,5118,Emerson Calder,2024-08-17 17:31:00,4824,3426,Other,Alpha,Other,Gamma,Jordan Vance,6753,,,,,106,610,3789,Y,,,,Delta,Shared the updated proposal for review.,,jamie.okafor@demomail.test,,Shared the updated proposal for review.,jordan.ivanov@demomail.test,aisha.reyes@examplecorp.test,,100481,,,,100369,,,101700,,,,avery.dorsey@examplecorp.test,Quinn Kim,Y,Summit Robotics Ltd,100761,SKU-5380,101351,Arjun Mercer,101282,,,101056
700750,100153,Customer Management,100436,Wellness Check-In,Final,Resolved the outstanding question about scope.,N,Y,REF-1118,sofia.costa@sampleco.test,2024-02-08 00:15:00,noah.okafor@examplecorp.test,Nina Brooks,Morgan Reyes,Drew Rossi,,LOT-2514,Arjun Vance,sofia.rossi@examplecorp.test,Liam Larsson,fatima.haddad@sampleco.test,Aisha Rossi,Y,2.1,6.3,6.4,Jordan Larsson,2025-01-26 16:40:00,3276,9480,Other,Delta,Gamma,REF-2599,2014,2372,Fatima Cohen,,,,,1647,5872,Quinn Brooks,2026-02-27 05:24:00,8919,251,Delta,Delta,Other,Standard,Avery Okafor,5354,,,,,11,1298,1417,Y,,,,Other,Noted a concern to revisit at the next sync.,,arjun.ivanov@demomail.test,,Shared the updated proposal for review.,priya.ivanov@sampleco.test,drew.rossi@sampleco.test,,100647,,,,,,,,,100418,,marco.brooks@examplecorp.test,Omar Ivanov,N,Beacon Partners LLP,100710,LOT-3490,100990,Emerson Garcia,101697,,,100810
700751,100604,Customer Management,100475,Customer Success Check-In,Draft,Noted a concern to revisit at the next sync.,N,Y,SKU-3851,priya.ford@acme-fake.test,2025-06-16 22:57:00,fatima.sloan@examplecorp.test,Casey Blake,Jamie Haddad,Riley Cohen,,LOT-9381,Noah Ivanov,diego.ashby@sampleco.test,Emerson Mercer,yara.vance@sampleco.test,Taylor Ivanov,Y,6.3,2.2,5.7,Omar Dorsey,2026-05-25 17:24:00,3546,4963,Gamma,Delta,Alpha,SKU-2013,1757,7137,Casey Ford,,,,,1931,9082,Casey Reyes,2025-10-20 00:33:00,7704,4903,Other,Gamma,Other,Other,Elena Sato,5626,,,,,7935,2201,3940,N,,,,,Discussed timeline and next steps with the account.,,priya.haddad@examplecorp.test,Gamma,Discussed timeline and next steps with the account.,omar.garcia@acme-fake.test,emerson.mercer@acme-fake.test,,100200,,101220,,100330,,,,,,,fatima.sato@demomail.test,,N,Lakeside Capital LLP,100555,TAG-7438,100817,Alex Costa,101292,,,101528
700752,100593,Resource Care,100054,Quarterly Review,Final,Discussed timeline and next steps with the account.,Y,Y,SKU-4381,reese.reyes@examplecorp.test,2025-05-19 08:13:00,mei.blake@sampleco.test,Aisha Blake,Jamie Vance,Jamie Calder,,TAG-8329,,liam.vance@examplecorp.test,,nina.dorsey@examplecorp.test,Priya Whitfield,Y,7.0,6.5,2.1,Riley Silva,2024-10-28 13:26:00,6571,4783,Beta,Gamma,Gamma,TAG-1676,7390,1721,Reese Larsson,,,,,5747,661,Yara Rossi,2023-10-20 15:10:00,6750,3345,Gamma,Gamma,Gamma,Standard,Mei Reyes,2818,,,,,3922,4803,8252,Y,,,,Standard,Reviewed performance and gathered feedback.,,nina.mensah@sampleco.test,Delta,Followed up on the open items from last week.,arjun.mercer@demomail.test,yara.ivanov@demomail.test,,100139,,,,,,,,,,,elena.larsson@examplecorp.test,Arjun Calder,Y,Harbor Systems LLC,100458,SKU-3875,101265,Riley Nguyen,100986,,,101610
700753,100550,Customer Management,100214,Quarterly Review,Draft,Resolved the outstanding question about scope.,N,N,TAG-5708,diego.silva@acme-fake.test,2023-10-29 23:06:00,aisha.patel@sampleco.test,Elena Larsson,Rahul Whitfield,Riley Ashby,,REF-4833,,reese.larsson@examplecorp.test,,priya.kim@demomail.test,Drew Rossi,Y,3.9,8.7,9.6,Omar Mensah,2023-09-13 15:44:00,847,8150,Gamma,Beta,Standard,REF-3297,1507,1508,Jordan Blake,,,,,7438,5078,Nina Ford,2023-03-06 18:29:00,6378,9905,Other,,Beta,Delta,Riley Brooks,9443,,,,,4469,4540,8675,N,,Gamma,,Gamma,,,noah.sato@demomail.test,,Scheduled a check-in for the coming month.,riley.ivanov@sampleco.test,marco.rossi@examplecorp.test,,100311,,,,100645,,,,,100035,,chen.blake@acme-fake.test,Rahul Rossi,N,Falcon Industries,100587,REF-6134,101194,Arjun Ashby,100881,,,101156
700754,100028,Resource Care,100253,Customer Success Check-In,Final,Discussed timeline and next steps with the account.,Y,Y,LOT-7996,arjun.patel@demomail.test,2024-06-29 09:10:00,arjun.nguyen@acme-fake.test,Riley Sato,Alex Cohen,Morgan Kim,,TAG-5278,Taylor Dorsey,rahul.sloan@acme-fake.test,Quinn Brooks,priya.mensah@acme-fake.test,Avery Silva,N,4.9,7.0,3.2,Noah Silva,2025-09-20 21:38:00,2061,3153,Alpha,Alpha,Beta,REF-3553,4564,7932,Taylor Silva,,,,,7877,2376,,2025-10-20 16:43:00,5173,620,Delta,Gamma,Beta,Alpha,Fatima Ashby,2515,,,,,1687,6808,1854,Y,,,,Gamma,Scheduled a check-in for the coming month.,,emerson.ashby@examplecorp.test,,Discussed timeline and next steps with the account.,mei.blake@examplecorp.test,avery.kim@acme-fake.test,,100415,,100972,,,,,,,,,casey.mercer@demomail.test,,Y,Northwind Retail LLP,100264,REF-9451,101790,Yara Dorsey,101058,,,101160
700755,100475,Resource Care,100033,Customer Success Check-In,Final,Scheduled a check-in for the coming month.,Y,Y,SKU-4223,chen.dorsey@demomail.test,2023-07-30 18:02:00,omar.rossi@demomail.test,Rahul Okafor,Priya Whitfield,Skyler Sato,,LOT-2954,Mei Patel,chen.dorsey@sampleco.test,Yara Haddad,taylor.cohen@acme-fake.test,Aisha Mercer,N,2.8,2.7,2.2,Morgan Sato,2023-08-10 21:39:00,8408,1189,Beta,Delta,Alpha,SKU-1376,4759,3098,Rowan Cohen,,,,,5643,2486,Yara Patel,2022-12-01 08:16:00,2342,2452,Beta,Alpha,Gamma,Beta,Alex Larsson,9118,,,,,9206,6199,4754,Y,,,,,Reviewed performance and gathered feedback.,,quinn.rossi@examplecorp.test,,Discussed timeline and next steps with the account.,liam.ashby@examplecorp.test,chen.silva@examplecorp.test,,100257,,,,100031,,,,,100487,,arjun.brooks@demomail.test,Taylor Nguyen,Y,Summit Foods Inc,100118,TAG-2658,101110,Nina Sato,101571,,SKU-9416,100867
700756,100168,Customer Management,100664,Quarterly Review,Final,Resolved the outstanding question about scope.,Y,N,TAG-7808,mei.garcia@acme-fake.test,2023-07-17 05:09:00,liam.mercer@sampleco.test,Yara Patel,Jamie Sato,,,TAG-7809,Morgan Mensah,nina.brooks@sampleco.test,Sofia Silva,quinn.blake@acme-fake.test,Noah Whitfield,Y,9.5,7.2,8.9,Noah Sloan,2023-05-08 18:58:00,3137,7427,Beta,Gamma,Standard,SKU-8264,6656,4760,Nina Costa,,,,,7799,4553,Casey Calder,2023-10-11 01:40:00,2037,3222,Beta,Other,Other,Other,Diego Mercer,461,,,,,1346,7683,5011,N,,,Delta,Beta,Discussed timeline and next steps with the account.,,nina.whitfield@sampleco.test,,Aligned on billing and renewal terms.,casey.blake@acme-fake.test,priya.garcia@examplecorp.test,,100257,,,,,,,101246,,,,chen.reyes@examplecorp.test,Nina Blake,N,Silverline Systems Group,100328,TAG-7693,101058,,101760,Standard,,101383
700757,100067,Resource Care,100686,Quarterly Review,Draft,Aligned on billing and renewal terms.,Y,N,LOT-6290,drew.mercer@examplecorp.test,2025-07-27 03:44:00,aisha.sloan@demomail.test,Avery Garcia,Quinn Sato,Reese Patel,,REF-5218,Diego Blake,rahul.garcia@acme-fake.test,Jordan Rossi,rahul.dorsey@sampleco.test,,N,9.2,1.9,1.2,Liam Blake,2025-02-11 17:40:00,8359,5973,Standard,Delta,Beta,SKU-9779,9365,7895,Drew Kim,,,,,1618,8855,,2025-10-20 08:22:00,5744,3833,,Delta,Alpha,Delta,Reese Larsson,1060,,,,,6393,6482,2922,N,,,,Other,,,emerson.nguyen@examplecorp.test,,Discussed timeline and next steps with the account.,emerson.silva@examplecorp.test,yara.kim@acme-fake.test,,100229,,101058,,100551,,,,,,,elena.mensah@acme-fake.test,Reese Mercer,Y,Silverline Solutions LLP,100564,TAG-9511,101730,,101393,,,100981
700758,100157,Resource Care,100134,Customer Success Check-In,Final,Aligned on billing and renewal terms.,N,Y,SKU-5177,morgan.patel@acme-fake.test,2023-11-14 13:01:00,aisha.calder@sampleco.test,Morgan Cohen,Emerson Larsson,Diego Brooks,,SKU-9315,Jordan Nguyen,chen.vance@demomail.test,,diego.haddad@acme-fake.test,Elena Ashby,Y,4.8,8.7,8.7,Mei Rossi,2024-03-10 10:04:00,8513,7142,Delta,Standard,Delta,LOT-4152,3328,2983,Morgan Vance,,,,,353,1918,Diego Blake,2024-03-13 12:05:00,7079,8050,Other,Delta,Beta,Gamma,Diego Sato,4640,,,,,183,2767,2735,Y,,,,Gamma,Discussed timeline and next steps with the account.,,nina.costa@examplecorp.test,,Scheduled a check-in for the coming month.,rowan.garcia@acme-fake.test,morgan.dorsey@examplecorp.test,,100119,,,,100140,,,101420,,100574,,marco.calder@sampleco.test,Jordan Garcia,N,Everest Holdings Inc,100735,LOT-9150,101704,Diego Sato,101716,,TAG-4843,101582
700759,100118,Resource Care,100574,Wellness Check-In,Final,Noted a concern to revisit at the next sync.,N,N,REF-4253,arjun.sato@examplecorp.test,2023-08-30 22:31:00,marco.larsson@acme-fake.test,Yara Okafor,Reese Ashby,Riley Sloan,,TAG-3689,Aisha Sato,aisha.blake@examplecorp.test,Drew Nguyen,arjun.ivanov@demomail.test,Morgan Cohen,N,6.3,3.3,2.6,Noah Whitfield,2023-07-25 02:32:00,4330,7393,Standard,Delta,Gamma,TAG-4631,3786,8048,Drew Rossi,,,,,8499,4089,Jamie Mercer,2025-05-24 16:58:00,8375,1984,Other,Delta,Delta,Standard,Omar Costa,9588,,,,,8670,,4173,N,,,,,Noted a concern to revisit at the next sync.,,yara.larsson@demomail.test,,Discussed timeline and next steps with the account.,quinn.costa@demomail.test,mei.reyes@demomail.test,,100042,,,,,,,100884,,,,riley.haddad@demomail.test,Yara Ashby,N,Vertex Industries,100220,REF-7184,101048,,101281,,LOT-4129,101213
700760,100727,Customer Management,100404,Customer Success Check-In,Final,Shared the updated proposal for review.,Y,N,REF-3822,sofia.blake@demomail.test,2024-08-19 12:06:00,jamie.costa@acme-fake.test,Rowan Patel,Jordan Larsson,Sofia Silva,,TAG-9269,Emerson Silva,omar.patel@sampleco.test,Diego Whitfield,riley.blake@demomail.test,Liam Brooks,N,9.7,9.0,4.4,Mei Dorsey,2025-11-22 19:45:00,3681,5437,Alpha,Alpha,Alpha,SKU-4939,6090,4295,Emerson Larsson,,,,,294,7130,Nina Whitfield,2025-12-31 14:16:00,2010,397,Alpha,Alpha,Beta,Other,,9636,,,,,92,8394,805,N,,,,Alpha,Noted a concern to revisit at the next sync.,,taylor.garcia@examplecorp.test,,Reviewed performance and gathered feedback.,rowan.haddad@demomail.test,emerson.larsson@acme-fake.test,,100441,,101582,,,,,101120,,,,morgan.kim@acme-fake.test,Fatima Silva,N,Meridian Networks LLP,100659,LOT-1256,101156,Yara Nguyen,100920,,,101510
700761,100465,Customer Management,100578,Wellness Check-In,Final,Aligned on billing and renewal terms.,Y,N,SKU-7165,reese.ivanov@examplecorp.test,2025-05-10 20:51:00,quinn.ashby@acme-fake.test,Yara Mensah,Casey Mercer,,,SKU-4142,Quinn Brooks,priya.okafor@examplecorp.test,,yara.ashby@demomail.test,,Y,6.8,1.6,2.3,Sofia Patel,2025-08-26 10:17:00,1388,9910,Delta,Other,Gamma,REF-1617,5292,2971,Skyler Brooks,,,,,6826,3407,Liam Nguyen,2026-06-27 20:13:00,9261,9645,Alpha,Standard,Delta,Standard,,242,,,,,2000,99,2995,N,,,,Gamma,Resolved the outstanding question about scope.,Alex Haddad,arjun.sato@examplecorp.test,,Shared the updated proposal for review.,alex.mercer@demomail.test,rahul.silva@sampleco.test,,100664,,101694,,,,,101254,,100739,,fatima.costa@demomail.test,Diego Vance,Y,Vertex Holdings LLP,100412,TAG-8916,101684,Casey Blake,101032,,,101500
700762,100322,Customer Management,100296,Customer Success Check-In,Draft,Shared the updated proposal for review.,N,N,TAG-7816,quinn.mercer@acme-fake.test,2025-09-22 01:59:00,priya.sato@examplecorp.test,Rowan Costa,Marco Vance,Aisha Sloan,,,Skyler Larsson,emerson.costa@demomail.test,Noah Haddad,riley.ashby@acme-fake.test,Avery Patel,N,6.6,9.4,6.6,Liam Whitfield,2025-06-17 16:19:00,6070,162,Beta,Alpha,Beta,SKU-9583,1830,8352,Taylor Sato,,,,,214,9589,Arjun Kim,2025-05-19 15:23:00,8717,9896,Gamma,Beta,,Gamma,Nina Costa,8093,,,,,1379,2364,2233,N,,,,Other,Scheduled a check-in for the coming month.,,quinn.larsson@examplecorp.test,,Reviewed performance and gathered feedback.,nina.ashby@sampleco.test,skyler.mercer@examplecorp.test,,100239,,101282,,100050,,,101312,,,,sofia.brooks@examplecorp.test,Nina Blake,N,Redwood Holdings Ltd,100250,SKU-9542,100860,Jordan Sato,101389,,,101506
700763,100277,Customer Management,100386,Quarterly Review,Final,Reviewed performance and gathered feedback.,Y,Y,LOT-4358,skyler.blake@acme-fake.test,2023-07-18 00:02:00,priya.ashby@acme-fake.test,Marco Whitfield,Quinn Kim,Taylor Ashby,,TAG-1646,Liam Haddad,quinn.okafor@acme-fake.test,,aisha.mensah@examplecorp.test,,Y,7.9,7.0,7.4,Emerson Sloan,2026-06-21 15:21:00,169,4014,Alpha,Beta,Delta,LOT-9188,4547,5689,Arjun Rossi,,,,,9155,4335,Quinn Patel,2023-08-20 14:33:00,9481,5054,Beta,Gamma,,Gamma,,171,,,,,,8936,6010,N,,,,Beta,Scheduled a check-in for the coming month.,,omar.ivanov@sampleco.test,,Followed up on the open items from last week.,skyler.patel@acme-fake.test,rowan.vance@demomail.test,,100761,,101585,,100756,,,,,,,taylor.ashby@acme-fake.test,Morgan Brooks,Y,Delta Energy,100454,LOT-1130,101575,Aisha Calder,101079,,,101713
700764,100311,Resource Care,100194,Customer Success Check-In,Draft,Followed up on the open items from last week.,Y,Y,REF-8369,jamie.mensah@acme-fake.test,2024-04-17 22:28:00,liam.ford@sampleco.test,Marco Larsson,Quinn Rossi,Skyler Sato,,,Arjun Kim,quinn.kim@demomail.test,Alex Blake,alex.okafor@demomail.test,,Y,6.2,9.6,2.4,Jordan Patel,2025-01-17 05:07:00,2251,4403,Standard,Beta,Gamma,SKU-7589,3563,9138,Elena Nguyen,,,,,6634,8149,Reese Cohen,2025-08-01 06:21:00,380,4077,,Gamma,Standard,Standard,Marco Ivanov,3099,,,,,,8677,6235,Y,,,,Delta,Discussed timeline and next steps with the account.,,diego.okafor@sampleco.test,,Noted a concern to revisit at the next sync.,alex.whitfield@acme-fake.test,arjun.ford@demomail.test,,100680,,,,,,,101781,,100053,,aisha.rossi@acme-fake.test,Jordan Whitfield,Y,Harbor Robotics,100472,REF-4961,101724,Arjun Garcia,101455,,,101140
700765,100565,Resource Care,100133,Quarterly Review,Draft,Reviewed performance and gathered feedback.,N,N,TAG-8976,riley.whitfield@examplecorp.test,2023-02-11 01:18:00,nina.brooks@acme-fake.test,Mei Whitfield,Quinn Haddad,,,REF-8595,Rowan Mercer,omar.ford@sampleco.test,,reese.patel@sampleco.test,Alex Okafor,N,6.3,7.4,1.8,Priya Ashby,2025-04-22 08:01:00,9695,5158,Delta,Alpha,Standard,SKU-3974,1409,3302,Quinn Cohen,,,,,6764,148,Jamie Reyes,2025-05-04 19:58:00,541,,Other,Beta,Alpha,Alpha,Rowan Ivanov,525,,,,,8352,9871,3997,N,,,,,Followed up on the open items from last week.,,yara.costa@demomail.test,,Scheduled a check-in for the coming month.,fatima.dorsey@sampleco.test,arjun.mensah@examplecorp.test,,100418,,101306,,100393,,,101625,,100061,,casey.mercer@examplecorp.test,Avery Reyes,Y,Cardinal Systems,100244,TAG-2759,101090,Rahul Ford,101721,,,101354
700766,100578,Customer Management,100660,Quarterly Review,Draft,Resolved the outstanding question about scope.,N,Y,REF-6105,rowan.okafor@acme-fake.test,2024-01-05 02:42:00,taylor.costa@sampleco.test,Casey Ford,Liam Reyes,Rowan Haddad,,,Alex Costa,elena.calder@sampleco.test,Priya Garcia,yara.ford@acme-fake.test,Arjun Calder,Y,8.6,9.6,7.7,Sofia Blake,2025-11-29 15:53:00,4554,534,Alpha,Standard,Alpha,SKU-2955,603,7374,Sofia Larsson,,,,,2048,6065,Emerson Brooks,2025-07-21 03:55:00,7854,6529,Alpha,Delta,Gamma,Alpha,Taylor Cohen,,,,,,332,3576,1723,N,,,,Gamma,Shared the updated proposal for review.,,chen.reyes@examplecorp.test,,Discussed timeline and next steps with the account.,rahul.nguyen@acme-fake.test,skyler.vance@acme-fake.test,,100183,,,,100352,,,,,,,yara.sato@examplecorp.test,Rowan Ford,N,Summit Analytics Corp,100568,LOT-3696,101004,Jamie Rossi,101347,,,100940
700767,100392,Customer Management,100382,Quarterly Review,Draft,Discussed timeline and next steps with the account.,N,N,SKU-5109,elena.costa@demomail.test,2023-11-15 01:33:00,sofia.mercer@sampleco.test,Yara Sloan,Avery Calder,Alex Cohen,,TAG-6160,Rowan Silva,elena.dorsey@acme-fake.test,,alex.rossi@demomail.test,Emerson Larsson,N,3.2,3.2,6.6,Quinn Reyes,2025-02-24 18:48:00,3792,2810,Other,Other,Delta,SKU-3024,8101,4712,Reese Okafor,,,,,3644,4303,Aisha Silva,2024-12-28 15:38:00,,9998,Alpha,Alpha,Delta,Standard,Skyler Haddad,624,,,,,4942,4022,1756,N,,,,Other,Followed up on the open items from last week.,,drew.sloan@acme-fake.test,,Resolved the outstanding question about scope.,chen.nguyen@sampleco.test,quinn.mensah@sampleco.test,,100484,,101290,,100470,,,101638,,100336,,reese.dorsey@examplecorp.test,Rahul Brooks,Y,Meridian Capital,100739,TAG-1467,101491,Alex Sato,101646,,,101282
700768,100299,Customer Management,100412,Customer Success Check-In,Final,Resolved the outstanding question about scope.,N,Y,LOT-1520,marco.rossi@demomail.test,2024-05-10 20:16:00,mei.ashby@examplecorp.test,Diego Ivanov,Skyler Sloan,Jamie Vance,,REF-4823,Noah Silva,elena.vance@acme-fake.test,Alex Brooks,rahul.whitfield@demomail.test,Diego Costa,Y,2.2,7.8,3.6,Skyler Cohen,2024-07-23 04:20:00,5118,2862,Gamma,Delta,Alpha,TAG-1407,3728,4942,Drew Costa,,,,,8572,5014,Emerson Rossi,2025-11-09 18:18:00,9833,6937,,,Standard,Standard,Alex Dorsey,446,,,,,752,6418,8954,N,,,,Gamma,Scheduled a check-in for the coming month.,,rowan.vance@sampleco.test,,Resolved the outstanding question about scope.,rahul.costa@demomail.test,aisha.larsson@demomail.test,,100471,,101057,,,,,101525,,,,rowan.mercer@acme-fake.test,,Y,Copper Retail Corp,100257,TAG-6439,101376,Sofia Mercer,100843,,,101751
700769,100465,Customer Management,100671,Customer Success Check-In,Final,Aligned on billing and renewal terms.,N,Y,REF-5596,chen.ashby@sampleco.test,2022-11-15 07:09:00,taylor.mensah@demomail.test,Quinn Mensah,Avery Costa,Mei Garcia,,REF-4983,Nina Cohen,jamie.blake@examplecorp.test,,aisha.larsson@acme-fake.test,Elena Sloan,N,5.3,8.9,4.6,Riley Cohen,2026-01-10 19:15:00,8283,6769,Beta,Delta,Other,SKU-7819,9502,1581,Skyler Ashby,,,,,1864,8106,Fatima Costa,2023-11-11 09:54:00,673,3284,Alpha,,Alpha,,,3919,,,,,6312,470,3940,N,,,,Gamma,Noted a concern to revisit at the next sync.,,omar.ford@sampleco.test,,Aligned on billing and renewal terms.,quinn.okafor@acme-fake.test,emerson.rossi@acme-fake.test,,100145,,101652,,100732,,,,,,,alex.vance@demomail.test,Riley Garcia,Y,Keystone Holdings LLC,100418,REF-7981,101282,Yara Silva,101773,,,101252
700770,100473,Customer Management,100529,Quarterly Review,Final,Shared the updated proposal for review.,N,N,LOT-3740,nina.whitfield@sampleco.test,2026-02-28 18:11:00,aisha.haddad@acme-fake.test,Drew Silva,Omar Brooks,Reese Blake,,,Fatima Dorsey,arjun.dorsey@demomail.test,,aisha.silva@acme-fake.test,Jamie Ashby,Y,8.4,7.4,8.8,Alex Vance,2024-03-01 17:36:00,2437,3581,Gamma,Standard,Gamma,SKU-8389,1067,4877,Jordan Kim,,,,,4439,1238,Rahul Dorsey,2023-04-15 23:27:00,3406,5787,Beta,Beta,Alpha,Alpha,Skyler Vance,145,,,,,2344,6447,6867,Y,,,,Standard,,,mei.blake@sampleco.test,,Followed up on the open items from last week.,casey.cohen@sampleco.test,casey.larsson@acme-fake.test,,100538,,101004,,100382,,,,,100554,,liam.nguyen@acme-fake.test,Skyler Sato,N,Cardinal Industries LLC,100165,TAG-2792,101699,Marco Sloan,101243,,,101057
700771,100191,Resource Care,100540,Wellness Check-In,Final,Noted a concern to revisit at the next sync.,Y,Y,TAG-6788,jordan.reyes@examplecorp.test,2023-05-29 08:27:00,fatima.okafor@sampleco.test,Jamie Ford,Liam Cohen,Yara Mercer,,,Chen Rossi,priya.silva@examplecorp.test,Taylor Okafor,rowan.vance@examplecorp.test,,N,3.1,7.1,4.3,Priya Ford,2025-01-21 20:06:00,1680,40,Alpha,Alpha,Gamma,SKU-1840,4307,2041,Elena Ashby,,,,,8193,2000,,2025-06-12 21:13:00,2978,,,Alpha,Gamma,Other,Casey Cohen,,,,,,509,1200,1298,Y,,,,,Discussed timeline and next steps with the account.,,rahul.whitfield@acme-fake.test,,Resolved the outstanding question about scope.,reese.ivanov@demomail.test,nina.sato@sampleco.test,,100697,,100994,,100250,,,101541,,100678,,marco.blake@demomail.test,Reese Haddad,N,Delta Group Co,100147,REF-5127,101090,Fatima Kim,101095,,,101012
700772,100429,Customer Management,100639,Quarterly Review,Final,Shared the updated proposal for review.,N,N,LOT-5810,jordan.costa@demomail.test,2023-07-17 17:54:00,drew.kim@acme-fake.test,Rahul Cohen,Liam Mensah,,,TAG-6203,Arjun Garcia,sofia.cohen@demomail.test,Priya Ford,sofia.blake@acme-fake.test,Jordan Okafor,Y,8.1,3.4,2.6,Skyler Nguyen,2026-02-06 01:22:00,1692,6940,Alpha,Gamma,Alpha,REF-6328,9758,4210,Rowan Costa,,,,,1844,7883,Jordan Costa,2023-03-19 12:31:00,8741,5208,Beta,Gamma,Standard,Gamma,Marco Patel,7185,,,,,2850,3416,3479,Y,,,,Beta,Resolved the outstanding question about scope.,,drew.haddad@demomail.test,,Scheduled a check-in for the coming month.,riley.ivanov@examplecorp.test,reese.reyes@sampleco.test,,100092,,101542,,100246,,,101614,,100194,,morgan.ashby@examplecorp.test,,Y,Copper Capital Ltd,100449,REF-8192,101059,Priya Reyes,101201,,TAG-9287,101319
700773,100022,Resource Care,100608,Customer Success Check-In,Final,Reviewed performance and gathered feedback.,Y,Y,REF-5994,liam.ashby@demomail.test,2025-02-26 20:54:00,skyler.calder@demomail.test,Marco Sato,Alex Nguyen,Alex Nguyen,Alpha,,,mei.reyes@demomail.test,Fatima Sloan,avery.sato@demomail.test,Diego Mensah,Y,3.7,2.5,7.7,Taylor Garcia,2023-08-29 22:25:00,2678,4652,Gamma,Delta,Standard,SKU-5582,5325,3047,Quinn Patel,,,,,7033,8567,Priya Okafor,2025-05-24 04:24:00,3388,3654,Alpha,Other,Beta,Alpha,,8304,,,,,,7211,5014,Y,,,,Beta,Reviewed performance and gathered feedback.,,avery.haddad@sampleco.test,,Followed up on the open items from last week.,jordan.costa@examplecorp.test,jamie.garcia@demomail.test,,100466,,101194,,100071,,,,,100158,,fatima.ashby@acme-fake.test,Morgan Sato,N,,100732,SKU-2693,101292,Priya Whitfield,101095,,,101414
700774,100449,Resource Care,100558,Quarterly Review,Final,Noted a concern to revisit at the next sync.,Y,N,LOT-6164,aisha.vance@sampleco.test,2024-08-29 20:19:00,nina.brooks@sampleco.test,Omar Kim,Chen Kim,Skyler Calder,,LOT-6689,Aisha Larsson,avery.garcia@acme-fake.test,,quinn.ivanov@acme-fake.test,Omar Garcia,N,4.7,2.6,3.1,Liam Garcia,2024-06-06 22:16:00,9638,4746,Standard,Gamma,Beta,TAG-1976,6246,2761,Riley Rossi,,,,,6250,5714,Diego Silva,2026-03-08 16:38:00,8919,2902,Other,,Delta,Delta,Rowan Brooks,7929,,,,,4430,6134,9820,Y,SKU-7005,,,Delta,Shared the updated proposal for review.,,rowan.reyes@sampleco.test,,Discussed timeline and next steps with the account.,diego.okafor@examplecorp.test,reese.garcia@acme-fake.test,,100472,,,,100172,,,,,100559,,avery.calder@demomail.test,Chen Okafor,Y,Summit Financial LLC,100439,TAG-8840,101733,Jamie Ford,100928,,,101678
700775,100320,Resource Care,100042,Wellness Check-In,Final,Shared the updated proposal for review.,N,Y,TAG-5297,nina.haddad@examplecorp.test,2024-06-09 21:03:00,noah.whitfield@examplecorp.test,Riley Costa,Noah Whitfield,Drew Vance,,TAG-1011,Elena Ford,diego.sato@demomail.test,Yara Haddad,noah.haddad@demomail.test,Priya Silva,N,4.8,8.9,2.9,Liam Mensah,2022-10-14 17:22:00,7138,5197,Delta,Delta,Alpha,LOT-1481,5226,3208,Priya Nguyen,,,,,8093,1954,,2025-08-07 04:33:00,8902,6162,Delta,Standard,Delta,Delta,Omar Ivanov,4780,,,,,6729,5182,4271,N,SKU-9160,,,Other,Shared the updated proposal for review.,,quinn.nguyen@sampleco.test,Beta,Scheduled a check-in for the coming month.,chen.ashby@sampleco.test,omar.okafor@acme-fake.test,,100233,,101246,,,,,101021,,100118,,sofia.brooks@demomail.test,Rahul Nguyen,N,Falcon Solutions,100671,REF-2822,101177,,101478,,,101610
700776,100785,Customer Management,100035,Quarterly Review,Final,Discussed timeline and next steps with the account.,Y,N,TAG-3834,rahul.blake@examplecorp.test,2026-01-09 04:19:00,omar.cohen@sampleco.test,Arjun Silva,Riley Vance,Diego Costa,,,Sofia Whitfield,jordan.mercer@examplecorp.test,Yara Rossi,priya.kim@acme-fake.test,Sofia Mensah,N,6.8,3.1,5.5,Elena Rossi,2025-08-19 08:27:00,4059,2347,Standard,Other,Beta,TAG-2857,9823,6530,Nina Mercer,,,,,8147,1369,Alex Dorsey,2023-04-29 18:09:00,1480,2602,Beta,Other,,Standard,Mei Dorsey,942,,,,,5846,5161,7680,N,,Beta,,Gamma,Followed up on the open items from last week.,,jamie.dorsey@acme-fake.test,,Reviewed performance and gathered feedback.,morgan.sloan@demomail.test,quinn.garcia@sampleco.test,,100762,,101389,,100756,,,101779,,100028,,quinn.vance@acme-fake.test,Marco Silva,Y,Evergreen Industries Corp,100236,REF-9955,101278,Alex Nguyen,101007,,,101776
700777,100161,Resource Care,100275,Wellness Check-In,Final,Followed up on the open items from last week.,N,N,TAG-5751,fatima.okafor@acme-fake.test,2023-04-03 08:46:00,marco.ivanov@acme-fake.test,Noah Larsson,Riley Reyes,Reese Reyes,,LOT-5646,Fatima Okafor,chen.costa@examplecorp.test,Mei Ashby,noah.rossi@acme-fake.test,Mei Reyes,Y,9.0,5.2,4.0,Rowan Ford,2024-07-11 16:12:00,5459,7355,Other,Gamma,Alpha,TAG-3480,3883,3708,Yara Whitfield,,,,,1559,7678,Emerson Garcia,2023-01-02 23:21:00,8450,2865,Other,Delta,Beta,Standard,Alex Rossi,,,,,,9537,3538,8773,N,,,,Standard,,,chen.silva@acme-fake.test,,Discussed timeline and next steps with the account.,taylor.larsson@acme-fake.test,elena.calder@examplecorp.test,,100442,,101698,,100109,,,,,100183,,yara.patel@examplecorp.test,Priya Calder,N,Vertex Industries Co,100046,REF-7389,101652,Yara Silva,100915,,,101007
700778,100201,Resource Care,100335,Wellness Check-In,Final,Reviewed performance and gathered feedback.,N,Y,LOT-9919,reese.mercer@examplecorp.test,2023-05-07 12:57:00,mei.larsson@sampleco.test,Chen Dorsey,Noah Okafor,Rowan Reyes,,SKU-7296,Marco Mercer,rowan.patel@acme-fake.test,Elena Larsson,jordan.cohen@examplecorp.test,Noah Costa,Y,1.6,3.4,4.7,Rowan Sloan,2023-03-31 03:51:00,287,8072,Standard,Alpha,Gamma,LOT-4002,7098,4355,Drew Mensah,,,,,1729,4937,Quinn Cohen,2023-06-05 00:09:00,3765,8938,Beta,Standard,Standard,Gamma,Reese Ashby,8295,,,,,3046,7571,6478,N,,,,Other,Noted a concern to revisit at the next sync.,,rahul.larsson@acme-fake.test,,Scheduled a check-in for the coming month.,rahul.whitfield@acme-fake.test,quinn.sloan@acme-fake.test,,100345,,,,100082,,,,,100528,,liam.cohen@examplecorp.test,Quinn Nguyen,Y,Ironwood Dynamics Ltd,100260,LOT-5540,101178,Drew Ivanov,101304,,,100922
700779,100233,Resource Care,100118,Wellness Check-In,Final,Discussed timeline and next steps with the account.,N,N,LOT-5937,emerson.brooks@demomail.test,2023-11-23 20:11:00,morgan.costa@sampleco.test,Chen Whitfield,Diego Cohen,Chen Ford,,LOT-4919,Elena Ashby,alex.ivanov@examplecorp.test,Alex Sloan,alex.larsson@sampleco.test,Omar Patel,Y,4.6,4.8,1.1,Omar Ivanov,2023-12-09 19:32:00,3877,9423,Standard,Delta,Standard,REF-6606,8972,3385,Diego Vance,,,,,4714,9878,Chen Dorsey,2023-10-05 12:26:00,7479,,,Other,Delta,Other,Riley Blake,9150,,,,,5182,141,,Y,,,,Delta,Scheduled a check-in for the coming month.,,sofia.kim@examplecorp.test,,Shared the updated proposal for review.,fatima.brooks@sampleco.test,yara.okafor@sampleco.test,,100689,,,,100713,,,100909,,,,reese.ivanov@demomail.test,Noah Okafor,Y,Summit Foods,100022,REF-3806,101404,Nina Ford,101419,,,101678
700780,100647,Customer Management,100481,Customer Success Check-In,Final,Reviewed performance and gathered feedback.,N,Y,LOT-4694,alex.costa@acme-fake.test,2026-07-03 18:27:00,reese.nguyen@examplecorp.test,Jamie Vance,Jordan Costa,Jamie Blake,,SKU-8600,Reese Rossi,arjun.reyes@acme-fake.test,,avery.rossi@demomail.test,Jordan Silva,N,6.6,6.4,9.8,Jordan Dorsey,2025-12-23 17:36:00,7796,778,Other,Delta,Delta,SKU-3983,2910,2743,Casey Brooks,,,,,828,2015,Nina Okafor,2024-03-10 13:42:00,6973,9736,Gamma,Other,Gamma,Alpha,Taylor Rossi,1561,,,,,667,6762,4770,N,,,,Gamma,,,diego.costa@acme-fake.test,,Aligned on billing and renewal terms.,jordan.reyes@examplecorp.test,diego.rossi@sampleco.test,,100203,,101231,,,,,100892,,,,liam.sato@sampleco.test,Noah Whitfield,N,Evergreen Foods,100382,SKU-2128,100926,Reese Mercer,101474,,SKU-6890,101673
700781,100317,Customer Management,100572,Quarterly Review,Final,Scheduled a check-in for the coming month.,N,N,REF-1855,yara.vance@examplecorp.test,2022-10-20 23:20:00,jamie.ford@examplecorp.test,Mei Brooks,Elena Silva,Liam Kim,,TAG-7269,Jordan Whitfield,quinn.ford@sampleco.test,,riley.okafor@examplecorp.test,,N,6.5,3.2,4.2,Drew Okafor,2023-01-26 21:30:00,3343,7957,Delta,Beta,Gamma,SKU-4567,5244,1549,Omar Blake,,,,,693,6759,Omar Mercer,2024-09-09 03:29:00,9530,4566,Beta,Beta,Beta,Delta,Casey Silva,,,,,,,347,8218,Y,,,,Delta,Noted a concern to revisit at the next sync.,,elena.sloan@acme-fake.test,,Scheduled a check-in for the coming month.,jordan.mensah@examplecorp.test,casey.ivanov@demomail.test,,100758,,100978,,100555,,,101713,,100194,,arjun.haddad@sampleco.test,Fatima Ashby,Y,Redwood Analytics Ltd,100092,LOT-1909,101500,Arjun Larsson,101271,,,101110
700782,100014,Resource Care,100142,Customer Success Check-In,Final,Shared the updated proposal for review.,N,Y,REF-2360,mei.vance@examplecorp.test,2025-01-23 13:33:00,elena.patel@examplecorp.test,Mei Larsson,Reese Mercer,Jamie Garcia,,,Noah Nguyen,marco.ford@acme-fake.test,Emerson Haddad,rahul.whitfield@sampleco.test,Elena Mensah,Y,3.0,5.6,4.7,Rowan Mercer,2025-06-26 05:51:00,1839,4326,Standard,Gamma,Beta,REF-4692,19,2375,Avery Okafor,,,,,6420,2680,Yara Dorsey,2024-06-29 01:10:00,4374,7767,Standard,Other,Delta,Gamma,Emerson Ford,3469,,,,,9346,3122,5753,N,,,,Beta,Discussed timeline and next steps with the account.,,diego.ford@sampleco.test,,Reviewed performance and gathered feedback.,fatima.reyes@examplecorp.test,fatima.dorsey@examplecorp.test,,100221,,101110,,,,,101020,,100014,,reese.larsson@acme-fake.test,Emerson Cohen,N,Evergreen Systems Co,100103,LOT-5525,101201,Taylor Ashby,101313,,TAG-1849,101746
700783,100669,Resource Care,100659,Wellness Check-In,Final,Noted a concern to revisit at the next sync.,N,Y,SKU-5430,emerson.garcia@demomail.test,2025-11-20 09:28:00,jamie.ford@sampleco.test,Priya Blake,Mei Silva,Yara Haddad,,,Emerson Calder,riley.okafor@sampleco.test,Skyler Sloan,fatima.patel@acme-fake.test,Aisha Dorsey,Y,4.9,5.0,8.2,Sofia Mercer,2025-09-05 09:01:00,8744,6034,Beta,Standard,Other,LOT-3880,6283,1520,Sofia Vance,,,,,4668,6002,Quinn Sloan,2024-12-04 05:07:00,5885,7465,Beta,Delta,Alpha,Gamma,Drew Rossi,4022,,,,,7626,4295,1797,N,,,,Gamma,Followed up on the open items from last week.,,yara.kim@examplecorp.test,,Scheduled a check-in for the coming month.,omar.sloan@acme-fake.test,rowan.haddad@examplecorp.test,,100147,,101325,,,,,101338,,100181,,mei.blake@sampleco.test,Diego Haddad,Y,Atlas Industries Ltd,100702,LOT-5087,101290,Rowan Rossi,101618,,LOT-9392,100936
700784,100414,Customer Management,100140,Customer Success Check-In,Final,Followed up on the open items from last week.,N,N,TAG-9640,skyler.patel@demomail.test,2026-07-07 10:51:00,jamie.silva@examplecorp.test,Marco Vance,Elena Kim,Aisha Ivanov,,,Emerson Silva,fatima.ivanov@examplecorp.test,Morgan Larsson,emerson.ashby@examplecorp.test,,Y,9.3,3.8,4.9,Yara Patel,2024-09-19 10:50:00,8923,2829,Alpha,Other,Alpha,LOT-1123,3984,2004,Casey Patel,,,,,899,6513,Priya Rossi,2023-04-29 16:32:00,7385,7411,Other,Beta,,Delta,,210,,,,,9554,5128,6875,N,,,,,Reviewed performance and gathered feedback.,,jamie.haddad@demomail.test,,Shared the updated proposal for review.,rahul.mensah@acme-fake.test,mei.ivanov@demomail.test,,100359,,101062,,100552,,,101524,,100700,,priya.rossi@demomail.test,Quinn Cohen,Y,Delta Holdings Corp,100393,REF-8779,101585,Quinn Kim,101760,,,101407
700785,100608,Resource Care,100133,Customer Success Check-In,Final,Resolved the outstanding question about scope.,Y,Y,SKU-5874,jamie.larsson@examplecorp.test,2026-01-08 20:18:00,diego.cohen@examplecorp.test,Yara Kim,Jamie Ford,Elena Mensah,,,,alex.whitfield@demomail.test,Priya Silva,diego.silva@sampleco.test,,N,2.1,3.5,1.2,Priya Whitfield,2024-08-23 02:56:00,8773,4772,Standard,Alpha,Delta,REF-5830,8312,3825,Jamie Sato,,,,,3839,6348,,2025-10-03 07:23:00,256,2595,Other,,Other,Delta,Aisha Nguyen,830,,,,,2908,2243,3894,N,,,Other,,Scheduled a check-in for the coming month.,,arjun.okafor@examplecorp.test,Alpha,Reviewed performance and gathered feedback.,casey.sloan@acme-fake.test,rahul.okafor@demomail.test,,100669,,,,100120,,,100813,,100332,,noah.silva@examplecorp.test,Fatima Patel,N,Horizon Group Group,100578,SKU-5711,100902,Arjun Ashby,101331,,,101563
700786,100094,Resource Care,100121,Customer Success Check-In,Final,Followed up on the open items from last week.,Y,Y,LOT-5172,nina.sloan@sampleco.test,2023-11-04 19:41:00,noah.ashby@sampleco.test,Emerson Silva,Diego Cohen,,,TAG-2609,Priya Reyes,sofia.garcia@sampleco.test,,nina.mensah@acme-fake.test,Rahul Larsson,Y,8.4,9.1,9.5,Reese Nguyen,2023-12-27 01:43:00,5162,4799,Beta,Alpha,Standard,LOT-2026,9813,8467,Reese Okafor,,,,,9403,9459,Jordan Garcia,2023-07-27 08:09:00,5821,3542,Gamma,Delta,,Delta,Skyler Dorsey,1719,,,,,6580,7722,,N,,,,Other,Discussed timeline and next steps with the account.,,fatima.brooks@sampleco.test,,Discussed timeline and next steps with the account.,jordan.ashby@sampleco.test,taylor.calder@demomail.test,,100425,,,,100047,,,,,100421,,arjun.blake@sampleco.test,Mei Reyes,N,Silverline Manufacturing,100576,REF-8845,101538,Reese Cohen,101220,,,101552
700787,100735,Customer Management,100345,Wellness Check-In,Draft,Aligned on billing and renewal terms.,N,Y,SKU-3994,priya.sato@sampleco.test,2026-05-24 17:51:00,liam.kim@demomail.test,Riley Nguyen,Nina Ashby,,,REF-8140,Nina Cohen,drew.larsson@acme-fake.test,Taylor Mensah,arjun.ford@sampleco.test,Chen Brooks,N,2.7,4.9,4.6,Aisha Costa,2026-06-06 07:48:00,5811,4988,Delta,Gamma,Other,LOT-8698,3612,9191,Fatima Dorsey,,,,,2349,5071,Jordan Blake,2023-10-08 02:03:00,2372,8151,Standard,Beta,Beta,Standard,,7324,,,,,9266,6263,2314,N,,,,Gamma,Discussed timeline and next steps with the account.,,chen.sloan@acme-fake.test,,Shared the updated proposal for review.,rahul.sloan@examplecorp.test,rowan.patel@sampleco.test,,100545,,101386,,,,,,,100495,,alex.mensah@demomail.test,,Y,Pioneer Logistics,100689,SKU-1984,101050,Sofia Patel,100817,,TAG-3639,100860
700788,100050,Customer Management,100309,Quarterly Review,Final,Noted a concern to revisit at the next sync.,Y,N,SKU-4876,nina.calder@examplecorp.test,2026-05-25 18:05:00,priya.costa@acme-fake.test,Aisha Cohen,Yara Whitfield,Skyler Ivanov,,TAG-8649,Jamie Cohen,fatima.dorsey@acme-fake.test,,rowan.reyes@demomail.test,Diego Patel,N,3.7,4.1,6.5,Liam Vance,2022-12-16 02:09:00,1673,2105,Delta,Other,Standard,TAG-7260,4330,1923,Reese Sloan,,,,,5384,6035,Morgan Ashby,2026-03-30 19:52:00,7722,4757,,Beta,Other,Other,Diego Vance,9541,,,,,470,2393,3324,Y,,,,Standard,Discussed timeline and next steps with the account.,,nina.ford@acme-fake.test,,Resolved the outstanding question about scope.,chen.garcia@sampleco.test,taylor.sato@demomail.test,,100178,,,,100638,,,,,,,sofia.ashby@acme-fake.test,Casey Garcia,Y,Brightpath Group Ltd,100405,SKU-3674,101727,Riley Blake,101479,,,101469
700789,100054,Resource Care,100458,Wellness Check-In,Final,Discussed timeline and next steps with the account.,N,Y,TAG-4538,chen.garcia@acme-fake.test,2023-10-28 06:17:00,omar.dorsey@demomail.test,Casey Garcia,Jordan Cohen,Fatima Mercer,,,Alex Mercer,arjun.cohen@sampleco.test,,yara.ashby@acme-fake.test,Sofia Haddad,Y,2.5,3.2,1.4,Chen Ashby,2022-11-14 01:35:00,9412,1193,Gamma,Gamma,Delta,SKU-4068,3910,1793,Morgan Reyes,,,,,7526,4590,Quinn Ford,2025-12-08 13:15:00,,,Gamma,Other,Alpha,Gamma,Aisha Cohen,7551,,,,,5306,1738,,Y,,,,Gamma,Aligned on billing and renewal terms.,,jordan.sloan@acme-fake.test,,Shared the updated proposal for review.,yara.sato@sampleco.test,arjun.reyes@sampleco.test,,100393,,,,100215,,,,,100461,,yara.costa@sampleco.test,Mei Patel,N,Silverline Retail Corp,100210,SKU-9727,100815,Avery Whitfield,100911,,,101625
700790,100205,Resource Care,100165,Customer Success Check-In,Draft,Noted a concern to revisit at the next sync.,Y,Y,LOT-6116,mei.larsson@acme-fake.test,2025-12-16 20:15:00,nina.reyes@examplecorp.test,Priya Silva,Rowan Reyes,,,SKU-6587,,chen.mercer@examplecorp.test,Omar Sloan,quinn.rossi@sampleco.test,Riley Larsson,N,3.3,5.9,3.3,Reese Vance,2023-04-06 11:52:00,1831,9942,Delta,Other,Other,REF-2136,7465,6539,Rahul Costa,,,,,6088,7197,Marco Mercer,2026-06-03 17:59:00,8313,,Alpha,Beta,Gamma,Delta,Omar Haddad,,,,,,7843,5575,,N,,,,Gamma,Shared the updated proposal for review.,,quinn.rossi@sampleco.test,,Scheduled a check-in for the coming month.,liam.blake@demomail.test,jordan.rossi@examplecorp.test,,100759,,101697,,,,,,,100229,,arjun.mercer@examplecorp.test,Priya Vance,Y,Blue Ridge Textiles Group,100005,LOT-1611,101220,Aisha Rossi,101177,,,100805
700791,100407,Customer Management,100775,Customer Success Check-In,Final,Scheduled a check-in for the coming month.,Y,Y,LOT-6215,jamie.costa@demomail.test,2026-03-09 14:33:00,mei.silva@sampleco.test,Mei Whitfield,Casey Ivanov,Reese Cohen,,SKU-1603,Sofia Rossi,nina.mercer@examplecorp.test,,omar.costa@sampleco.test,Diego Silva,N,2.9,4.0,2.6,Arjun Mensah,2023-10-17 21:16:00,4851,1747,Alpha,Standard,Beta,REF-1585,787,3711,Aisha Ivanov,,,,,706,4515,,2025-06-09 23:27:00,8130,6412,Other,Gamma,Alpha,Standard,Chen Kim,7492,,,,,7283,9302,3401,Y,,,,,Aligned on billing and renewal terms.,,elena.okafor@sampleco.test,,Scheduled a check-in for the coming month.,elena.kim@demomail.test,diego.sato@examplecorp.test,,100311,,,,100117,,,,,,,rowan.sato@examplecorp.test,Quinn Sloan,N,Summit Textiles Co,100264,LOT-1317,101004,Quinn Garcia,101379,Alpha,,101767
700792,100145,Customer Management,100253,Customer Success Check-In,Final,Resolved the outstanding question about scope.,N,N,REF-8091,elena.whitfield@examplecorp.test,2024-11-22 12:13:00,jamie.ivanov@sampleco.test,Rahul Vance,Reese Costa,,,,Taylor Cohen,arjun.silva@acme-fake.test,Morgan Sloan,riley.ashby@examplecorp.test,Quinn Costa,N,5.8,3.7,3.3,Yara Reyes,2023-07-13 04:52:00,5655,3936,Other,Other,Other,TAG-7292,2863,6398,Quinn Dorsey,,,,,9084,667,Elena Ford,2025-03-02 04:21:00,6389,5386,Gamma,Delta,Gamma,Gamma,Nina Garcia,701,,,,,8784,1587,9488,Y,,,,Gamma,Aligned on billing and renewal terms.,,priya.costa@sampleco.test,,Reviewed performance and gathered feedback.,jordan.okafor@demomail.test,alex.reyes@sampleco.test,,100369,,101507,,100215,,,,,100382,,mei.okafor@acme-fake.test,,N,Lakeside Foods Inc,100470,LOT-6899,101771,Avery Patel,101481,,,101594
700793,100094,Resource Care,100046,Quarterly Review,Draft,Reviewed performance and gathered feedback.,Y,Y,TAG-4146,morgan.reyes@demomail.test,2022-11-02 13:13:00,casey.haddad@sampleco.test,Taylor Ford,Priya Mensah,Fatima Mensah,,LOT-5520,Nina Blake,alex.sloan@sampleco.test,,quinn.kim@acme-fake.test,Noah Okafor,N,3.5,2.4,4.6,Jordan Rossi,2025-10-11 22:48:00,5067,7805,Delta,Alpha,Gamma,TAG-6746,796,8805,Riley Larsson,,,,,8231,4471,Rowan Kim,2025-08-07 20:12:00,5351,77,Standard,Beta,Beta,Alpha,Reese Cohen,2065,,,,,1697,2878,8957,N,,,,Other,Aligned on billing and renewal terms.,,skyler.costa@sampleco.test,,Resolved the outstanding question about scope.,jamie.sloan@sampleco.test,diego.ivanov@acme-fake.test,,100033,,,,,,,101346,,100033,,jamie.larsson@examplecorp.test,Taylor Nguyen,Y,Silverline Systems Inc,100643,TAG-2156,101606,Morgan Reyes,100951,,,101026
700794,100208,Customer Management,100092,Customer Success Check-In,Final,Scheduled a check-in for the coming month.,N,Y,REF-6900,quinn.ivanov@sampleco.test,2025-07-18 03:36:00,rahul.mensah@demomail.test,Alex Ashby,Casey Vance,Rahul Mercer,,SKU-6927,,reese.garcia@sampleco.test,Jamie Costa,rahul.cohen@acme-fake.test,,N,5.8,5.7,6.7,Reese Haddad,2023-12-01 22:38:00,296,7151,Beta,Other,Standard,LOT-1488,9450,6997,Skyler Larsson,,,,,4577,2272,,2025-12-21 19:38:00,218,2748,Standard,Delta,Gamma,Standard,Aisha Mensah,1694,,,,,6873,4524,5803,N,,,,Standard,Reviewed performance and gathered feedback.,,drew.brooks@demomail.test,,Discussed timeline and next steps with the account.,diego.kim@demomail.test,arjun.calder@examplecorp.test,,100196,,101677,,,,,101649,,100721,,marco.nguyen@examplecorp.test,Jordan Sato,N,Cardinal Systems Ltd,100361,SKU-3868,101210,Arjun Mercer,100802,,,101500
700795,100387,Resource Care,100726,Customer Success Check-In,Final,Aligned on billing and renewal terms.,Y,Y,SKU-2883,reese.mensah@demomail.test,2026-05-22 08:55:00,riley.okafor@demomail.test,Rahul Rossi,Chen Sloan,Diego Silva,,LOT-8941,Skyler Ivanov,marco.sato@sampleco.test,,mei.blake@examplecorp.test,Morgan Silva,N,2.1,4.4,2.4,Jordan Calder,2023-05-18 01:35:00,2246,4473,Other,Gamma,Delta,REF-6900,7113,7723,Nina Silva,,,,,6192,6930,Emerson Brooks,2025-12-10 09:13:00,3364,,Beta,Standard,Delta,Standard,Casey Mercer,3896,,,,,3617,6596,9895,N,,,,,Shared the updated proposal for review.,,skyler.mensah@acme-fake.test,,Followed up on the open items from last week.,yara.vance@examplecorp.test,chen.blake@acme-fake.test,,100453,,101110,,100157,,,101697,,,,sofia.patel@acme-fake.test,Fatima Patel,Y,Cardinal Media LLC,100665,SKU-2976,101256,Yara Sato,101338,,,101082
700796,100724,Customer Management,100012,Customer Success Check-In,Final,Scheduled a check-in for the coming month.,N,N,LOT-5560,rowan.brooks@demomail.test,2024-07-23 09:35:00,jamie.haddad@sampleco.test,Taylor Kim,Liam Mensah,Skyler Blake,,REF-9439,Emerson Sato,avery.mensah@sampleco.test,Rahul Ashby,chen.ford@acme-fake.test,,Y,6.7,9.0,9.2,Yara Reyes,2025-12-08 02:01:00,976,6284,Delta,Gamma,Gamma,SKU-1211,8356,7464,Morgan Mercer,,,,,6765,4399,Rahul Kim,2023-07-26 22:55:00,4117,123,Beta,Other,Beta,Beta,Jordan Cohen,1006,,,,,5055,3872,7983,Y,,Standard,,Other,Resolved the outstanding question about scope.,,sofia.sloan@acme-fake.test,,Reviewed performance and gathered feedback.,alex.cohen@sampleco.test,quinn.blake@examplecorp.test,,100094,,,,100574,,,,,100046,,nina.mercer@examplecorp.test,Liam Calder,N,Keystone Textiles Inc,100269,SKU-6318,101353,Drew Vance,101176,,,101757
700797,100652,Customer Management,100512,Quarterly Review,Final,Followed up on the open items from last week.,N,N,TAG-2665,rahul.nguyen@sampleco.test,2025-07-07 12:00:00,noah.patel@demomail.test,Quinn Okafor,Skyler Vance,,,TAG-1080,Reese Sloan,casey.ford@sampleco.test,Riley Haddad,elena.sato@examplecorp.test,,Y,2.9,9.6,5.3,Fatima Cohen,2025-05-08 09:36:00,4653,8910,Other,Gamma,Gamma,SKU-7770,4840,5203,Noah Whitfield,,,,,8616,7561,Omar Vance,2024-11-19 19:13:00,5393,8524,Gamma,,,Standard,Emerson Cohen,,,,,,7598,7521,7989,N,,,,,Resolved the outstanding question about scope.,,riley.ashby@demomail.test,,Followed up on the open items from last week.,jordan.nguyen@demomail.test,liam.ashby@sampleco.test,,100664,,,,100550,,,101763,,100219,,casey.mensah@demomail.test,Alex Vance,Y,Horizon Robotics Inc,100317,LOT-8337,100973,Reese Brooks,101190,,SKU-9504,101625
700798,100582,Customer Management,100787,Quarterly Review,Final,Scheduled a check-in for the coming month.,N,N,REF-6559,mei.cohen@acme-fake.test,2023-11-21 16:01:00,sofia.costa@sampleco.test,Quinn Rossi,Rahul Cohen,Yara Sato,,,,mei.costa@sampleco.test,Riley Patel,morgan.ford@examplecorp.test,Casey Kim,Y,3.3,7.0,1.7,Fatima Okafor,2025-03-06 13:18:00,6371,2106,Beta,Delta,Beta,REF-4397,8627,887,Riley Ivanov,,,,,2622,866,Aisha Reyes,2024-12-30 04:55:00,98,1748,Gamma,Alpha,Gamma,Alpha,Jordan Haddad,8319,,,,,1128,4797,3231,Y,,,,Delta,Aligned on billing and renewal terms.,,chen.ford@acme-fake.test,,Reviewed performance and gathered feedback.,aisha.brooks@acme-fake.test,elena.vance@demomail.test,,100495,,,,,,,101716,,100661,,casey.ashby@acme-fake.test,Omar Costa,Y,Evergreen Media LLC,100120,LOT-1333,101582,Arjun Sato,101447,,,100831
700799,100771,Customer Management,100077,Quarterly Review,Final,Noted a concern to revisit at the next sync.,Y,Y,TAG-8471,jordan.sloan@acme-fake.test,2025-12-14 02:21:00,chen.haddad@demomail.test,Liam Calder,Alex Vance,Rahul Mercer,,SKU-8631,Fatima Ashby,alex.rossi@acme-fake.test,Fatima Brooks,diego.reyes@examplecorp.test,Arjun Kim,Y,9.2,2.7,9.5,Avery Cohen,2025-12-23 20:56:00,8654,3454,Beta,Other,Alpha,SKU-8551,1371,2291,Noah Ford,,,,,2533,2741,,2024-02-26 06:42:00,4169,5975,Other,Other,Beta,Beta,Sofia Okafor,4380,,,,,7766,2037,5400,Y,,,,Beta,Followed up on the open items from last week.,,yara.mensah@sampleco.test,,Aligned on billing and renewal terms.,aisha.dorsey@acme-fake.test,casey.costa@examplecorp.test,,100648,,101530,,100545,,,101050,,100125,,jordan.vance@acme-fake.test,Riley Ashby,N,Harbor Group LLP,100185,REF-6056,101003,Arjun Sloan,101118,,TAG-3255,101565
700800,100401,Resource Care,100065,Wellness Check-In,Final,Noted a concern to revisit at the next sync.,Y,Y,TAG-7368,omar.silva@sampleco.test,2023-02-03 21:15:00,casey.garcia@examplecorp.test,Chen Ivanov,Yara Mensah,Rahul Sato,,,Reese Calder,quinn.sato@demomail.test,,fatima.garcia@examplecorp.test,Skyler Ivanov,Y,6.4,4.8,3.8,Casey Vance,2023-10-10 11:14:00,4501,5449,Gamma,Gamma,Beta,REF-6476,9060,9449,Emerson Ashby,,,,,5847,671,Liam Reyes,2024-02-10 06:08:00,1547,2256,Beta,Delta,Other,Gamma,Nina Sloan,1101,,,,,9596,8698,2104,Y,,,,Delta,Discussed timeline and next steps with the account.,,noah.cohen@sampleco.test,,Followed up on the open items from last week.,liam.ivanov@demomail.test,arjun.garcia@sampleco.test,,100694,,101565,,100396,,,,,,,taylor.sloan@demomail.test,Yara Silva,Y,Beacon Systems Inc,100791,SKU-5220,101524,Chen Garcia,101638,,,101306
